t,gt_x,gt_y,gt_z,gt_roll,gt_pitch,gt_yaw,est_x,est_y,est_z,est_roll,est_pitch,est_yaw
0.0000,-0.005498,-0.001899,-2.825362,0.000050,0.001071,-0.001120,0.183415,-0.034282,-1.975960,0.000116,0.001171,-0.001197
0.0000,-0.005498,-0.001899,-2.825362,0.000050,0.001071,-0.001120,0.183415,-0.034282,-1.975960,0.000116,0.001171,-0.001197
0.0500,-0.005498,-0.001899,-2.825198,0.000048,0.001074,-0.001120,0.187358,-0.039791,-1.975542,0.000139,0.001117,-0.001099
0.1000,-0.005499,-0.001898,-2.825035,0.000047,0.001077,-0.001120,0.193276,-0.048054,-1.975621,0.000092,0.001235,-0.001185
0.1500,-0.005499,-0.001898,-2.824874,0.000045,0.001080,-0.001120,0.197219,-0.053562,-1.975208,-0.000035,0.001066,-0.001035
0.2000,-0.005499,-0.001898,-2.824714,0.000044,0.001083,-0.001120,0.203137,-0.061823,-1.975296,0.000190,0.000955,-0.001116
0.2500,-0.005500,-0.001897,-2.824556,0.000043,0.001086,-0.001120,0.207080,-0.067331,-1.974888,0.000064,0.001042,-0.001160
0.3000,-0.005500,-0.001897,-2.824400,0.000042,0.001088,-0.001120,0.212997,-0.075593,-1.974984,-0.000045,0.001097,-0.001094
0.3500,-0.005500,-0.001897,-2.824245,0.000040,0.001091,-0.001120,0.216938,-0.081099,-1.974578,0.000025,0.000982,-0.001002
0.4000,-0.005501,-0.001897,-2.824092,0.000039,0.001093,-0.001120,0.222851,-0.089359,-1.974682,0.000054,0.001096,-0.001216
0.4500,-0.005501,-0.001896,-2.823940,0.000038,0.001095,-0.001120,0.226791,-0.094867,-1.974280,0.000151,0.001097,-0.001029
0.5000,-0.005501,-0.001896,-2.823790,0.000037,0.001097,-0.001120,0.322818,0.031102,-1.974400,0.000003,0.001046,-0.001126
0.5500,-0.005502,-0.001896,-2.823641,0.000036,0.001099,-0.001120,0.329401,0.029528,-1.973996,0.000159,0.001057,-0.001037
0.6000,-0.005502,-0.001896,-2.823494,0.000035,0.001101,-0.001120,0.339274,0.027168,-1.974115,0.000086,0.000975,-0.001111
0.6500,-0.005502,-0.001896,-2.823349,0.000034,0.001103,-0.001120,0.345854,0.025594,-1.973712,0.000055,0.001027,-0.001197
0.7000,-0.005503,-0.001895,-2.823204,0.000034,0.001104,-0.001120,0.355722,0.023234,-1.973838,0.000089,0.001264,-0.001079
0.7500,-0.005503,-0.001895,-2.823062,0.000033,0.001106,-0.001120,0.362300,0.021660,-1.973435,0.000039,0.000954,-0.001079
0.8000,-0.005503,-0.001895,-2.822920,0.000032,0.001107,-0.001120,0.372167,0.019299,-1.973567,0.000080,0.001161,-0.001028
0.8500,-0.005504,-0.001895,-2.822781,0.000031,0.001109,-0.001120,0.378744,0.017725,-1.973164,-0.000023,0.001082,-0.001122
0.9000,-0.005504,-0.001894,-2.822642,0.000031,0.001110,-0.001120,0.388612,0.015364,-1.973303,-0.000039,0.001300,-0.001131
0.9500,-0.005504,-0.001894,-2.822505,0.000030,0.001111,-0.001120,0.395190,0.013791,-1.972900,0.000077,0.001157,-0.001059
1.0000,-0.005505,-0.001894,-2.822370,0.000030,0.001112,-0.001120,0.405061,0.011430,-1.973045,-0.000041,0.001204,-0.000913
1.0500,-0.005505,-0.001894,-2.822235,0.000029,0.001113,-0.001120,0.411642,0.009857,-1.972641,0.000090,0.000922,-0.001166
1.1000,-0.005505,-0.001894,-2.822103,0.000029,0.001114,-0.001120,0.421514,0.007494,-1.972790,-0.000028,0.001057,-0.001183
1.1500,-0.005506,-0.001894,-2.821971,0.000028,0.001116,-0.001120,0.428093,0.005919,-1.972385,-0.000049,0.001113,-0.001225
1.2000,-0.005506,-0.001893,-2.821841,0.000028,0.001116,-0.001120,0.437963,0.003557,-1.972539,-0.000155,0.001068,-0.001084
1.2500,-0.005506,-0.001893,-2.821712,0.000027,0.001117,-0.001120,0.444542,0.001983,-1.972134,-0.000212,0.001124,-0.001032
1.3000,-0.005507,-0.001893,-2.821585,0.000027,0.001118,-0.001120,0.454414,-0.000374,-1.972292,0.000140,0.001077,-0.001076
1.3500,-0.005507,-0.001893,-2.821458,0.000026,0.001119,-0.001120,0.460993,-0.001945,-1.971887,-0.000018,0.001063,-0.001166
1.4000,-0.005507,-0.001893,-2.821333,0.000026,0.001120,-0.001120,0.470861,-0.004302,-1.972049,-0.000003,0.001146,-0.000995
1.4500,-0.005508,-0.001893,-2.821210,0.000026,0.001121,-0.001120,0.477438,-0.005872,-1.971644,0.000032,0.001160,-0.000940
1.5000,-0.005508,-0.001892,-2.821087,0.000025,0.001121,-0.001120,0.354839,0.041848,-1.971798,0.000225,0.001056,-0.001223
1.5500,-0.005508,-0.001892,-2.820966,0.000025,0.001122,-0.001120,0.357531,0.041743,-1.971395,0.000144,0.001015,-0.001063
1.6000,-0.005509,-0.001892,-2.820846,0.000025,0.001123,-0.001120,0.361569,0.041583,-1.971564,-0.000091,0.001077,-0.001226
1.6500,-0.005509,-0.001892,-2.820727,0.000024,0.001124,-0.001120,0.364259,0.041476,-1.971161,0.000028,0.001151,-0.001017
1.7000,-0.005509,-0.001892,-2.820610,0.000024,0.001124,-0.001120,0.368296,0.041318,-1.971334,0.000111,0.000931,-0.001168
1.7500,-0.005510,-0.001892,-2.820493,0.000024,0.001125,-0.001120,0.370986,0.041212,-1.970931,0.000038,0.001063,-0.001186
1.8000,-0.005510,-0.001891,-2.820378,0.000024,0.001125,-0.001120,0.375021,0.041053,-1.971107,0.000038,0.000956,-0.000992
1.8500,-0.005510,-0.001891,-2.820264,0.000023,0.001126,-0.001120,0.377709,0.040948,-1.970705,0.000152,0.001059,-0.000858
1.9000,-0.005510,-0.001891,-2.820151,0.000023,0.001126,-0.001120,0.381741,0.040790,-1.970885,0.000024,0.001090,-0.001206
1.9500,-0.005511,-0.001891,-2.820040,0.000023,0.001127,-0.001120,0.384427,0.040684,-1.970483,0.000078,0.001066,-0.001224
2.0000,-0.005511,-0.001891,-2.819929,0.000023,0.001127,-0.001120,0.388455,0.040524,-1.970665,-0.000145,0.001122,-0.001207
2.0500,-0.005511,-0.001891,-2.819820,0.000023,0.001128,-0.001120,0.391138,0.040419,-1.970265,0.000028,0.001038,-0.001023
2.1000,-0.005512,-0.001891,-2.819711,0.000023,0.001128,-0.001120,0.395165,0.040263,-1.970450,0.000084,0.001126,-0.001010
2.1500,-0.005512,-0.001891,-2.819604,0.000022,0.001129,-0.001120,0.397847,0.040160,-1.970050,-0.000039,0.001178,-0.000906
2.2000,-0.005512,-0.001890,-2.819498,0.000022,0.001129,-0.001120,0.401874,0.040006,-1.970239,-0.000022,0.001032,-0.001160
2.2500,-0.005513,-0.001890,-2.819393,0.000022,0.001130,-0.001120,0.404556,0.039904,-1.969840,-0.000107,0.001185,-0.001011
2.3000,-0.005513,-0.001890,-2.819289,0.000022,0.001130,-0.001120,0.408583,0.039752,-1.970031,-0.000009,0.001045,-0.001114
2.3500,-0.005513,-0.001890,-2.819186,0.000022,0.001131,-0.001120,0.411264,0.039651,-1.969633,0.000010,0.001013,-0.001219
2.4000,-0.005514,-0.001890,-2.819084,0.000022,0.001131,-0.001120,0.415287,0.039501,-1.969826,0.000223,0.001095,-0.001036
2.4500,-0.005514,-0.001890,-2.818983,0.000022,0.001131,-0.001120,0.417965,0.039400,-1.969430,0.000060,0.001315,-0.001144
2.5000,-0.005514,-0.001890,-2.818883,0.000022,0.001132,-0.001120,-0.211975,-0.076432,-1.969567,0.000007,0.000901,-0.001133
2.5500,-0.005514,-0.001890,-2.818784,0.000022,0.001132,-0.001120,-0.227952,-0.079937,-1.969183,-0.000098,0.001061,-0.001025
2.6000,-0.005515,-0.001890,-2.818687,0.000021,0.001132,-0.001120,-0.251916,-0.085196,-1.969376,-0.000029,0.001069,-0.001126
2.6500,-0.005515,-0.001889,-2.818590,0.000021,0.001133,-0.001120,-0.267894,-0.088700,-1.968990,-0.000083,0.001060,-0.000946
2.7000,-0.005515,-0.001889,-2.818494,0.000021,0.001133,-0.001120,-0.291858,-0.093958,-1.969185,0.000145,0.001128,-0.001176
2.7500,-0.005516,-0.001889,-2.818399,0.000021,0.001133,-0.001120,-0.307835,-0.097464,-1.968800,0.000028,0.001169,-0.001053
2.8000,-0.005516,-0.001889,-2.818305,0.000021,0.001134,-0.001120,-0.331797,-0.102724,-1.969001,-0.000065,0.001011,-0.001162
2.8500,-0.005516,-0.001889,-2.818212,0.000021,0.001134,-0.001120,-0.347776,-0.106230,-1.968619,-0.000026,0.001103,-0.000971
2.9000,-0.005516,-0.001889,-2.818120,0.000021,0.001134,-0.001120,-0.371743,-0.111491,-1.968822,0.000147,0.001183,-0.001319
2.9500,-0.005517,-0.001889,-2.818029,0.000021,0.001135,-0.001120,-0.387724,-0.114996,-1.968438,0.000068,0.001318,-0.001098
3.0000,-0.005517,-0.001889,-2.817939,0.000021,0.001135,-0.001120,-0.411690,-0.120257,-1.968641,0.000216,0.001235,-0.001141
3.0540,-0.005517,-0.001889,-2.817850,0.000021,0.001135,-0.001120,-0.427668,-0.123765,-1.968259,0.000068,0.001240,-0.001135
3.1020,-0.005518,-0.001889,-2.817761,0.000021,0.001136,-0.001120,-0.451631,-0.129032,-1.968465,-0.000109,0.001243,-0.001208
3.1500,-0.005518,-0.001889,-2.817674,0.000021,0.001136,-0.001120,-0.467607,-0.132538,-1.968083,0.000080,0.001208,-0.001293
3.2020,-0.005518,-0.001888,-2.817587,0.000021,0.001136,-0.001120,-0.491566,-0.137798,-1.968290,0.000041,0.001016,-0.000988
3.2500,-0.005518,-0.001888,-2.817502,0.000021,0.001136,-0.001120,-0.507539,-0.141306,-1.967911,-0.000016,0.001066,-0.001172
3.3000,-0.005519,-0.001888,-2.817417,0.000021,0.001137,-0.001120,-0.531495,-0.146566,-1.968122,0.000084,0.001088,-0.001051
3.3500,-0.005519,-0.001888,-2.817333,0.000021,0.001137,-0.001120,-0.547468,-0.150072,-1.967745,0.000047,0.001206,-0.001113
3.4000,-0.005519,-0.001888,-2.817250,0.000021,0.001137,-0.001120,-0.571425,-0.155333,-1.967959,0.000130,0.001179,-0.001216
3.4500,-0.005519,-0.001888,-2.817168,0.000021,0.001137,-0.001120,-0.587398,-0.158841,-1.967582,0.000114,0.000954,-0.001006
3.5000,-0.005520,-0.001888,-2.817086,0.000021,0.001138,-0.001120,-0.100035,-0.075516,-1.967849,0.000114,0.000964,-0.001045
3.5500,-0.005520,-0.001888,-2.817006,0.000021,0.001138,-0.001120,-0.100970,-0.076420,-1.967462,0.000025,0.001092,-0.001226
3.6000,-0.005520,-0.001888,-2.816926,0.000021,0.001138,-0.001120,-0.102372,-0.077777,-1.967686,0.000327,0.001268,-0.001100
3.6500,-0.005521,-0.001888,-2.816847,0.000021,0.001138,-0.001120,-0.103305,-0.078684,-1.967301,0.000185,0.001165,-0.001154
3.7000,-0.005521,-0.001888,-2.816769,0.000020,0.001139,-0.001120,-0.104701,-0.080046,-1.967525,-0.000090,0.001143,-0.001291
3.7500,-0.005521,-0.001888,-2.816691,0.000020,0.001139,-0.001120,-0.105633,-0.080952,-1.967142,-0.000021,0.001343,-0.001066
3.8000,-0.005521,-0.001888,-2.816615,0.000020,0.001139,-0.001120,-0.107027,-0.082312,-1.967368,0.000031,0.001052,-0.001299
3.8500,-0.005522,-0.001887,-2.816539,0.000020,0.001139,-0.001120,-0.107959,-0.083218,-1.966985,-0.000099,0.001217,-0.001038
3.9000,-0.005522,-0.001887,-2.816464,0.000020,0.001140,-0.001120,-0.109357,-0.084576,-1.967213,0.000003,0.000970,-0.001156
3.9500,-0.005522,-0.001887,-2.816390,0.000020,0.001140,-0.001120,-0.110291,-0.085483,-1.966832,0.000065,0.001138,-0.001179
4.0000,-0.005522,-0.001887,-2.816316,0.000020,0.001140,-0.001120,-0.111691,-0.086845,-1.967061,0.000070,0.001145,-0.001085
4.0500,-0.005515,-0.001885,-2.816433,0.000020,0.001104,-0.001118,-0.112626,-0.087755,-1.966682,-0.000080,0.000924,-0.001009
4.1000,-0.005460,-0.001868,-2.817587,0.000010,0.000852,-0.001107,-0.114009,-0.089112,-1.967383,-0.000118,0.000928,-0.001024
4.1500,-0.005331,-0.001835,-2.820345,-0.000052,0.000310,-0.001078,-0.114887,-0.090002,-1.968477,-0.000208,0.000650,-0.000993
4.2000,-0.005143,-0.001790,-2.824802,-0.000199,-0.000431,-0.001033,-0.116115,-0.091317,-1.972647,-0.000102,-0.000015,-0.001114
4.2500,-0.004931,-0.001741,-2.830813,-0.000421,-0.001259,-0.000975,-0.116890,-0.092187,-1.976988,-0.000312,-0.000671,-0.001107
4.3000,-0.004729,-0.001691,-2.838145,-0.000687,-0.002094,-0.000909,-0.118030,-0.093486,-1.985014,-0.000499,-0.001834,-0.000838
4.3500,-0.004556,-0.001640,-2.846558,-0.000971,-0.002891,-0.000839,-0.118799,-0.094354,-1.992123,-0.000714,-0.002592,-0.000843
4.4000,-0.004420,-0.001591,-2.855835,-0.001252,-0.003620,-0.000768,-0.119985,-0.095660,-2.002980,-0.001141,-0.003360,-0.000821
4.4500,-0.004319,-0.001546,-2.865798,-0.001518,-0.004268,-0.000703,-0.120813,-0.096532,-2.011906,-0.001423,-0.003731,-0.000739
4.5000,-0.004244,-0.001506,-2.876300,-0.001758,-0.004827,-0.000645,-0.145941,-0.376880,-2.024600,-0.001713,-0.004366,-0.000614
4.5500,-0.004186,-0.001474,-2.887222,-0.001963,-0.005293,-0.000595,-0.147494,-0.385975,-2.034551,-0.001700,-0.005008,-0.000542
4.6000,-0.004135,-0.001448,-2.898474,-0.002130,-0.005671,-0.000555,-0.149823,-0.399629,-2.048455,-0.002083,-0.005511,-0.000442
4.6500,-0.004086,-0.001431,-2.909983,-0.002259,-0.005965,-0.000521,-0.151383,-0.408740,-2.058881,-0.002329,-0.005883,-0.000587
4.7000,-0.004036,-0.001420,-2.921692,-0.002348,-0.006184,-0.000494,-0.153712,-0.422420,-2.073547,-0.002278,-0.006077,-0.000558
4.7500,-0.003984,-0.001415,-2.933557,-0.002400,-0.006333,-0.000475,-0.155268,-0.431543,-2.084081,-0.002534,-0.006206,-0.000380
4.8000,-0.003926,-0.001417,-2.945544,-0.002418,-0.006421,-0.000463,-0.157584,-0.445237,-2.099232,-0.002432,-0.006479,-0.000459
4.8500,-0.003864,-0.001425,-2.957626,-0.002404,-0.006455,-0.000453,-0.159125,-0.454371,-2.109652,-0.002442,-0.006445,-0.000406
4.9000,-0.003797,-0.001439,-2.969782,-0.002363,-0.006444,-0.000447,-0.161430,-0.468082,-2.125104,-0.002431,-0.006494,-0.000402
4.9500,-0.003726,-0.001458,-2.981997,-0.002297,-0.006393,-0.000443,-0.162958,-0.477228,-2.135289,-0.002193,-0.006411,-0.000363
5.0000,-0.003652,-0.001482,-2.994258,-0.002211,-0.006309,-0.000441,-0.165253,-0.490951,-2.150919,-0.002159,-0.006463,-0.000275
5.0500,-0.003576,-0.001509,-3.006555,-0.002107,-0.006198,-0.000441,-0.166765,-0.500109,-2.160818,-0.002040,-0.006389,-0.000549
5.1000,-0.003499,-0.001538,-3.018880,-0.001990,-0.006065,-0.000442,-0.169059,-0.513842,-2.176540,-0.002106,-0.006189,-0.000273
5.1500,-0.003422,-0.001570,-3.031228,-0.001861,-0.005915,-0.000444,-0.170564,-0.523008,-2.186148,-0.001761,-0.005922,-0.000360
5.2000,-0.003345,-0.001603,-3.043594,-0.001723,-0.005750,-0.000447,-0.172862,-0.536744,-2.201902,-0.001658,-0.005825,-0.000487
5.2500,-0.003268,-0.001636,-3.055974,-0.001580,-0.005575,-0.000451,-0.174356,-0.545913,-2.211245,-0.001752,-0.005713,-0.000406
5.3000,-0.003193,-0.001669,-3.068366,-0.001433,-0.005392,-0.000456,-0.176659,-0.559650,-2.226990,-0.001555,-0.005490,-0.000523
5.3500,-0.003120,-0.001702,-3.080767,-0.001285,-0.005205,-0.000461,-0.178150,-0.568821,-2.236104,-0.001352,-0.005163,-0.000381
5.4000,-0.003049,-0.001734,-3.093175,-0.001136,-0.005014,-0.000467,-0.180463,-0.582553,-2.251811,-0.001163,-0.005117,-0.000347
5.4500,-0.002980,-0.001765,-3.105589,-0.000989,-0.004822,-0.000473,-0.181952,-0.591719,-2.260747,-0.001057,-0.004964,-0.000493
5.5000,-0.002913,-0.001795,-3.118009,-0.000845,-0.004631,-0.000481,0.327661,-0.209310,-2.276073,-0.000937,-0.004788,-0.000472
5.5500,-0.002848,-0.001823,-3.130432,-0.000705,-0.004441,-0.000489,0.341177,-0.206807,-2.284938,-0.000862,-0.004424,-0.000432
5.6000,-0.002786,-0.001850,-3.142859,-0.000570,-0.004253,-0.000497,0.361432,-0.203047,-2.300500,-0.000491,-0.004103,-0.000367
5.6500,-0.002726,-0.001875,-3.155289,-0.000440,-0.004068,-0.000506,0.374942,-0.200535,-2.309280,-0.000711,-0.004146,-0.000491
5.7000,-0.002669,-0.001899,-3.167721,-0.000316,-0.003887,-0.000515,0.395188,-0.196763,-2.324776,-0.000423,-0.004062,-0.000590
5.7520,-0.002615,-0.001920,-3.180155,-0.000199,-0.003711,-0.000524,0.408691,-0.194249,-2.333510,-0.000202,-0.003861,-0.000508
5.8000,-0.002563,-0.001939,-3.192590,-0.000088,-0.003539,-0.000533,0.428927,-0.190472,-2.348937,-0.000148,-0.003791,-0.000462
5.8500,-0.002514,-0.001957,-3.205028,0.000016,-0.003371,-0.000543,0.442421,-0.187951,-2.357661,-0.000096,-0.003584,-0.000652
5.9000,-0.002468,-0.001972,-3.217466,0.000113,-0.003209,-0.000552,0.462644,-0.184172,-2.373023,-0.000132,-0.003111,-0.000535
5.9500,-0.002424,-0.001986,-3.229906,0.000203,-0.003052,-0.000561,0.476133,-0.181650,-2.381767,0.000034,-0.002954,-0.000611
6.0000,-0.002382,-0.001998,-3.242346,0.000287,-0.002900,-0.000570,0.496352,-0.177860,-2.397066,0.000177,-0.002935,-0.000536
6.0500,-0.002343,-0.002008,-3.254788,0.000363,-0.002753,-0.000579,0.509836,-0.175326,-2.405851,0.000144,-0.002852,-0.000707
6.1000,-0.002307,-0.002016,-3.267230,0.000433,-0.002612,-0.000587,0.530047,-0.171526,-2.421090,0.000395,-0.002615,-0.000425
6.1500,-0.002272,-0.002023,-3.279673,0.000497,-0.002476,-0.000596,0.543522,-0.168984,-2.429933,0.000426,-0.002531,-0.000629
6.2000,-0.002240,-0.002029,-3.292117,0.000555,-0.002345,-0.000604,0.563721,-0.165178,-2.445120,0.000563,-0.002408,-0.000509
6.2500,-0.002210,-0.002032,-3.304562,0.000607,-0.002218,-0.000612,0.577185,-0.162632,-2.454038,0.000511,-0.002235,-0.000635
6.3000,-0.002182,-0.002035,-3.317007,0.000654,-0.002097,-0.000620,0.597374,-0.158819,-2.469181,0.000604,-0.002330,-0.000869
6.3500,-0.002156,-0.002036,-3.329453,0.000695,-0.001981,-0.000627,0.610831,-0.156268,-2.478176,0.000629,-0.002079,-0.000568
6.4000,-0.002132,-0.002036,-3.341899,0.000732,-0.001869,-0.000634,0.631009,-0.152451,-2.493283,0.000865,-0.002058,-0.000602
6.4500,-0.002110,-0.002035,-3.354345,0.000764,-0.001762,-0.000641,0.644455,-0.149895,-2.502362,0.000947,-0.001708,-0.000674
6.5000,-0.002089,-0.002034,-3.366793,0.000791,-0.001659,-0.000648,0.778535,0.433563,-2.517307,0.000813,-0.001574,-0.000571
6.5500,-0.002070,-0.002031,-3.379240,0.000815,-0.001561,-0.000655,0.795331,0.453174,-2.526486,0.000652,-0.001705,-0.000658
6.6000,-0.002053,-0.002027,-3.391689,0.000835,-0.001467,-0.000661,0.820519,0.482587,-2.541527,0.000914,-0.001488,-0.000842
6.6520,-0.002037,-0.002023,-3.404137,0.000852,-0.001377,-0.000668,0.837313,0.502198,-2.550788,0.000801,-0.001374,-0.000735
6.7000,-0.002023,-0.002018,-3.416587,0.000865,-0.001291,-0.000674,0.862502,0.531614,-2.565809,0.000800,-0.001295,-0.000664
6.7500,-0.002010,-0.002012,-3.429036,0.000876,-0.001208,-0.000680,0.879289,0.551226,-2.575150,0.000874,-0.001445,-0.000442
6.8000,-0.001999,-0.002006,-3.441486,0.000884,-0.001130,-0.000685,0.904465,0.580643,-2.590168,0.000782,-0.001111,-0.000892
6.8500,-0.001989,-0.001999,-3.453937,0.000890,-0.001054,-0.000691,0.921250,0.600255,-2.599580,0.000857,-0.001122,-0.000682
6.9000,-0.001980,-0.001992,-3.466388,0.000893,-0.000983,-0.000696,0.946422,0.629677,-2.614599,0.000884,-0.001016,-0.000823
6.9500,-0.001972,-0.001984,-3.478839,0.000895,-0.000914,-0.000702,0.963204,0.649293,-2.624073,0.000730,-0.001174,-0.000696
7.0000,-0.001965,-0.001977,-3.491291,0.000895,-0.000849,-0.000707,0.988376,0.678717,-2.639094,0.000962,-0.000745,-0.000617
7.0500,-0.001960,-0.001969,-3.503743,0.000893,-0.000787,-0.000712,1.005154,0.698336,-2.648621,0.000898,-0.000904,-0.000512
7.1000,-0.001955,-0.001960,-3.516195,0.000890,-0.000728,-0.000717,1.030317,0.727763,-2.663644,0.000820,-0.000646,-0.000583
7.1500,-0.001952,-0.001952,-3.528648,0.000886,-0.000672,-0.000722,1.047090,0.747380,-2.673223,0.000988,-0.000640,-0.000649
7.2000,-0.001949,-0.001943,-3.541102,0.000880,-0.000618,-0.000726,1.072250,0.776802,-2.688260,0.001031,-0.000661,-0.000694
7.2500,-0.001947,-0.001935,-3.553556,0.000874,-0.000567,-0.000731,1.089019,0.796420,-2.697876,0.000932,-0.000404,-0.000690
7.3000,-0.001946,-0.001926,-3.566010,0.000867,-0.000519,-0.000735,1.114174,0.825838,-2.712928,0.000881,-0.000629,-0.000773
7.3520,-0.001946,-0.001917,-3.578464,0.000859,-0.000472,-0.000740,1.130942,0.845452,-2.722583,0.000954,-0.000549,-0.000609
7.4000,-0.001947,-0.001908,-3.590919,0.000851,-0.000429,-0.000744,1.156089,0.874873,-2.737649,0.000725,-0.000469,-0.000777
7.4500,-0.001948,-0.001899,-3.603375,0.000842,-0.000387,-0.000748,1.172854,0.894490,-2.747331,0.001054,-0.000496,-0.000673
7.5000,-0.001950,-0.001890,-3.615830,0.000833,-0.000348,-0.000752,0.447553,-0.461274,-2.762464,0.000826,-0.000382,-0.000809
7.5500,-0.001952,-0.001882,-3.628287,0.000823,-0.000311,-0.000756,0.442225,-0.482428,-2.772145,0.000792,-0.000175,-0.000727
7.6000,-0.001955,-0.001873,-3.640743,0.000814,-0.000275,-0.000760,0.434234,-0.514158,-2.787228,0.000687,-0.000412,-0.000754
7.6500,-0.001959,-0.001864,-3.653200,0.000804,-0.000242,-0.000764,0.428906,-0.535311,-2.796930,0.000694,-0.000313,-0.000729
7.7000,-0.001963,-0.001856,-3.665657,0.000794,-0.000210,-0.000768,0.420917,-0.567039,-2.812023,0.000714,-0.000214,-0.000719
7.7500,-0.001968,-0.001847,-3.678115,0.000784,-0.000180,-0.000772,0.415591,-0.588189,-2.821745,0.000872,-0.000279,-0.000789
7.8000,-0.001973,-0.001838,-3.690573,0.000774,-0.000152,-0.000775,0.407602,-0.619915,-2.836856,0.000791,-0.000118,-0.000740
7.8500,-0.001978,-0.001830,-3.703031,0.000763,-0.000125,-0.000779,0.402274,-0.641067,-2.846590,0.000645,-0.000205,-0.000798
7.9000,-0.001984,-0.001822,-3.715490,0.000753,-0.000100,-0.000783,0.394283,-0.672795,-2.861710,0.000651,-0.000220,-0.000995
7.9500,-0.001990,-0.001814,-3.727949,0.000744,-0.000076,-0.000786,0.388954,-0.693945,-2.871452,0.000900,-0.000042,-0.000798
8.0000,-0.001997,-0.001806,-3.740409,0.000734,-0.000053,-0.000790,0.380956,-0.725670,-2.886587,0.000879,-0.000179,-0.000808
8.0500,-0.002010,-0.001800,-3.752727,0.000723,-0.000005,-0.000794,0.375624,-0.746819,-2.896337,0.000658,-0.000149,-0.000882
8.1000,-0.002057,-0.001806,-3.764282,0.000702,0.000204,-0.000806,0.367614,-0.778549,-2.911179,0.000820,0.000096,-0.000905
8.1500,-0.002171,-0.001841,-3.774399,0.000640,0.000692,-0.000827,0.362234,-0.799714,-2.919823,0.000599,0.000247,-0.000617
8.2000,-0.002347,-0.001907,-3.782850,0.000502,0.001413,-0.000850,0.354079,-0.831502,-2.931671,0.000584,0.001002,-0.000695
8.2500,-0.002554,-0.001999,-3.789716,0.000287,0.002251,-0.000863,0.348585,-0.852718,-2.937233,0.000546,0.001785,-0.001016
8.3000,-0.002762,-0.002101,-3.795210,0.000025,0.003116,-0.000865,0.340316,-0.884569,-2.945195,0.000128,0.002879,-0.000999
8.3500,-0.002947,-0.002197,-3.799566,-0.000250,0.003957,-0.000860,0.334792,-0.905807,-2.947979,-0.000011,0.003427,-0.000879
8.4000,-0.003097,-0.002279,-3.803005,-0.000518,0.004741,-0.000852,0.326556,-0.937660,-2.952975,-0.000327,0.004407,-0.000872
8.4500,-0.003211,-0.002342,-3.805711,-0.000765,0.005448,-0.000843,0.321061,-0.958886,-2.953903,-0.000453,0.005156,-0.000817
8.5000,-0.003294,-0.002387,-3.807839,-0.000984,0.006066,-0.000833,0.446577,-0.250082,-2.957074,-0.000864,0.006039,-0.000739
8.5520,-0.003350,-0.002415,-3.809510,-0.001168,0.006593,-0.000825,0.445087,-0.249494,-2.956941,-0.001026,0.006357,-0.000747
8.6000,-0.003388,-0.002431,-3.810822,-0.001317,0.007029,-0.000817,0.442897,-0.248594,-2.958769,-0.001321,0.006983,-0.001021
8.6500,-0.003414,-0.002438,-3.811850,-0.001431,0.007378,-0.000812,0.441437,-0.247987,-2.958086,-0.001426,0.007249,-0.000815
8.7000,-0.003431,-0.002438,-3.812657,-0.001512,0.007645,-0.000809,0.439284,-0.247065,-2.959106,-0.001329,0.007631,-0.000782
8.7500,-0.003443,-0.002434,-3.813290,-0.001561,0.007835,-0.000808,0.437834,-0.246451,-2.958225,-0.001687,0.007589,-0.000886
8.8020,-0.003451,-0.002428,-3.813789,-0.001583,0.007959,-0.000807,0.435693,-0.245517,-2.958736,-0.001629,0.008027,-0.000800
8.8500,-0.003457,-0.002421,-3.814175,-0.001582,0.008038,-0.000808,0.434246,-0.244898,-2.957877,-0.001731,0.008096,-0.000713
8.9000,-0.003462,-0.002415,-3.814463,-0.001560,0.008064,-0.000809,0.432112,-0.243960,-2.958060,-0.001430,0.008015,-0.000694
8.9500,-0.003466,-0.002409,-3.814674,-0.001523,0.008038,-0.000812,0.430669,-0.243341,-2.957313,-0.001377,0.008015,-0.000848
9.0000,-0.003468,-0.002404,-3.814826,-0.001477,0.007968,-0.000814,0.428534,-0.242408,-2.957280,-0.001467,0.008108,-0.000876
9.0500,-0.003470,-0.002400,-3.814932,-0.001426,0.007863,-0.000817,0.427098,-0.241789,-2.956718,-0.001503,0.007879,-0.000849
9.1000,-0.003472,-0.002397,-3.815002,-0.001373,0.007729,-0.000819,0.424965,-0.240854,-2.956569,-0.001389,0.007835,-0.000897
9.1500,-0.003473,-0.002395,-3.815045,-0.001318,0.007571,-0.000822,0.423536,-0.240234,-2.956223,-0.001402,0.007651,-0.000784
9.2000,-0.003474,-0.002393,-3.815066,-0.001264,0.007394,-0.000824,0.421407,-0.239300,-2.956025,-0.001236,0.007519,-0.000851
9.2500,-0.003474,-0.002391,-3.815070,-0.001212,0.007202,-0.000826,0.419988,-0.238678,-2.955892,-0.001216,0.007273,-0.000783
9.3000,-0.003474,-0.002390,-3.815061,-0.001161,0.006999,-0.000827,0.417859,-0.237746,-2.955692,-0.001216,0.007196,-0.000908
9.3500,-0.003474,-0.002389,-3.815042,-0.001114,0.006789,-0.000828,0.416446,-0.237125,-2.955748,-0.001146,0.006785,-0.000892
9.4000,-0.003475,-0.002388,-3.815014,-0.001068,0.006573,-0.000829,0.414315,-0.236197,-2.955576,-0.000988,0.006558,-0.001022
9.4500,-0.003475,-0.002387,-3.814980,-0.001026,0.006355,-0.000830,0.412906,-0.235575,-2.955788,-0.001005,0.006504,-0.000772
9.5000,-0.003476,-0.002386,-3.814941,-0.000987,0.006136,-0.000830,0.341874,-0.547356,-2.955539,-0.001016,0.006131,-0.001038
9.5500,-0.003476,-0.002385,-3.814897,-0.000950,0.005919,-0.000831,0.338426,-0.555934,-2.955893,-0.001033,0.006233,-0.000788
9.6000,-0.003477,-0.002383,-3.814851,-0.000916,0.005704,-0.000831,0.333252,-0.568802,-2.955824,-0.000943,0.005715,-0.000799
9.6500,-0.003477,-0.002382,-3.814802,-0.000884,0.005492,-0.000832,0.329809,-0.577379,-2.956254,-0.001064,0.005686,-0.000876
9.7000,-0.003478,-0.002380,-3.814751,-0.000855,0.005285,-0.000832,0.324636,-0.590242,-2.956255,-0.000993,0.005390,-0.000790
9.7500,-0.003479,-0.002378,-3.814699,-0.000827,0.005084,-0.000833,0.321192,-0.598814,-2.956725,-0.000793,0.005079,-0.000848
9.8000,-0.003479,-0.002376,-3.814645,-0.000801,0.004888,-0.000833,0.316017,-0.611674,-2.956802,-0.000881,0.004981,-0.000885
9.8500,-0.003480,-0.002374,-3.814591,-0.000777,0.004699,-0.000834,0.312572,-0.620247,-2.957279,-0.000597,0.004793,-0.000918
9.9000,-0.003480,-0.002372,-3.814537,-0.000754,0.004516,-0.000834,0.307399,-0.633109,-2.957427,-0.000639,0.004742,-0.000788
9.9500,-0.003480,-0.002369,-3.814482,-0.000732,0.004340,-0.000835,0.303955,-0.641684,-2.957883,-0.000830,0.004556,-0.000786
10.0000,-0.003480,-0.002367,-3.814427,-0.000711,0.004171,-0.000836,0.298788,-0.654547,-2.958098,-0.000689,0.004173,-0.000779
10.0500,-0.003264,-0.002372,-3.814377,-0.000690,0.003902,-0.000863,0.295347,-0.663123,-2.958513,-0.000661,0.003933,-0.000889
10.1000,-0.001097,-0.002402,-3.814400,-0.000683,0.003337,-0.000990,0.290860,-0.676000,-2.958812,-0.000896,0.003635,-0.000817
10.1500,0.004672,-0.002453,-3.814524,-0.000705,0.002501,-0.001214,0.289822,-0.684603,-2.959420,-0.000807,0.002978,-0.001050
10.2000,0.014212,-0.002514,-3.814727,-0.000748,0.001540,-0.001513,0.292794,-0.697527,-2.960005,-0.000727,0.001895,-0.001345
10.2500,0.026740,-0.002572,-3.814961,-0.000808,0.000600,-0.001828,0.297683,-0.706148,-2.961123,-0.000974,0.001176,-0.001679
10.3000,0.041193,-0.002622,-3.815174,-0.000873,-0.000260,-0.002109,0.308229,-0.719078,-2.961883,-0.000784,0.000031,-0.001901
10.3500,0.056624,-0.002665,-3.815339,-0.000934,-0.000988,-0.002349,0.316605,-0.727692,-2.963264,-0.000873,-0.000750,-0.002282
10.4000,0.072345,-0.002701,-3.815445,-0.000984,-0.001564,-0.002542,0.330070,-0.740609,-2.964009,-0.001034,-0.001514,-0.002325
10.4500,0.088005,-0.002736,-3.815495,-0.001021,-0.001992,-0.002719,0.339165,-0.749216,-2.965342,-0.000976,-0.001611,-0.002814
10.5000,0.103556,-0.002772,-3.815499,-0.001047,-0.002286,-0.002870,-0.434893,-0.439276,-2.966587,-0.000962,-0.002117,-0.002758
10.5500,0.118991,-0.002809,-3.815467,-0.001060,-0.002472,-0.002979,-0.449098,-0.438355,-2.967675,-0.001149,-0.002409,-0.002814
10.6000,0.134331,-0.002844,-3.815408,-0.001062,-0.002575,-0.003065,-0.470535,-0.436973,-2.968574,-0.001051,-0.002581,-0.003025
10.6500,0.149595,-0.002880,-3.815331,-0.001053,-0.002614,-0.003131,-0.484900,-0.436050,-2.969279,-0.001054,-0.002502,-0.003035
10.7000,0.164816,-0.002917,-3.815242,-0.001034,-0.002604,-0.003173,-0.506526,-0.434663,-2.970179,-0.000871,-0.002554,-0.003089
10.7500,0.180019,-0.002954,-3.815145,-0.001006,-0.002555,-0.003199,-0.520969,-0.433739,-2.970485,-0.000954,-0.002558,-0.003351
10.8000,0.195225,-0.002993,-3.815045,-0.000970,-0.002476,-0.003214,-0.542649,-0.432351,-2.971381,-0.000879,-0.002295,-0.003156
10.8500,0.210440,-0.003033,-3.814942,-0.000927,-0.002374,-0.003221,-0.557089,-0.431432,-2.971317,-0.001007,-0.002454,-0.003102
10.9000,0.225666,-0.003075,-3.814840,-0.000880,-0.002254,-0.003221,-0.578748,-0.430049,-2.972194,-0.000963,-0.002251,-0.003288
10.9500,0.240902,-0.003117,-3.814739,-0.000827,-0.002119,-0.003215,-0.593162,-0.429129,-2.971806,-0.000778,-0.002286,-0.002982
11.0000,0.256143,-0.003160,-3.814640,-0.000771,-0.001974,-0.003204,-0.614798,-0.427748,-2.972648,-0.000653,-0.001978,-0.003325
11.0500,0.271386,-0.003204,-3.814543,-0.000713,-0.001820,-0.003190,-0.629197,-0.426834,-2.971987,-0.000828,-0.001703,-0.003188
11.1000,0.286629,-0.003248,-3.814448,-0.000653,-0.001662,-0.003173,-0.650824,-0.425458,-2.972774,-0.000872,-0.001736,-0.003124
11.1500,0.301871,-0.003292,-3.814357,-0.000592,-0.001500,-0.003154,-0.665215,-0.424542,-2.971900,-0.000535,-0.001657,-0.003182
11.2000,0.317109,-0.003337,-3.814269,-0.000531,-0.001338,-0.003133,-0.686846,-0.423165,-2.972627,-0.000507,-0.001299,-0.003286
11.2500,0.332345,-0.003381,-3.814184,-0.000471,-0.001175,-0.003111,-0.701242,-0.422248,-2.971591,-0.000505,-0.001335,-0.003101
11.3000,0.347578,-0.003425,-3.814103,-0.000412,-0.001015,-0.003088,-0.722880,-0.420872,-2.972245,-0.000238,-0.001153,-0.003208
11.3500,0.362808,-0.003470,-3.814025,-0.000355,-0.000856,-0.003064,-0.737282,-0.419957,-2.971105,-0.000512,-0.000986,-0.003090
11.4000,0.378036,-0.003514,-3.813951,-0.000299,-0.000701,-0.003040,-0.758929,-0.418581,-2.971679,-0.000257,-0.000710,-0.003218
11.4500,0.393261,-0.003558,-3.813880,-0.000246,-0.000550,-0.003015,-0.773337,-0.417664,-2.970479,-0.000314,-0.000665,-0.003108
11.5000,0.408484,-0.003602,-3.813812,-0.000196,-0.000403,-0.002991,-0.642964,-0.375279,-2.970935,-0.000240,-0.000613,-0.003018
11.5500,0.423705,-0.003645,-3.813747,-0.000148,-0.000261,-0.002967,-0.652925,-0.373156,-2.969730,-0.000074,-0.000267,-0.002796
11.6000,0.438924,-0.003689,-3.813685,-0.000103,-0.000123,-0.002943,-0.667874,-0.369974,-2.970156,-0.000102,-0.000141,-0.003022
11.6500,0.454140,-0.003732,-3.813627,-0.000061,0.000010,-0.002919,-0.677837,-0.367851,-2.968962,-0.000132,-0.000138,-0.002869
11.7000,0.469355,-0.003774,-3.813571,-0.000023,0.000137,-0.002896,-0.692787,-0.364671,-2.969322,0.000153,0.000027,-0.002679
11.7500,0.484567,-0.003816,-3.813518,0.000013,0.000260,-0.002873,-0.702756,-0.362553,-2.968167,-0.000184,0.000080,-0.002869
11.8000,0.499777,-0.003858,-3.813468,0.000046,0.000377,-0.002850,-0.717713,-0.359373,-2.968467,-0.000121,0.000109,-0.002814
11.8500,0.514985,-0.003900,-3.813420,0.000075,0.000490,-0.002828,-0.727691,-0.357252,-2.967371,0.000065,0.000370,-0.002755
11.9000,0.530190,-0.003941,-3.813375,0.000102,0.000598,-0.002807,-0.742660,-0.354072,-2.967616,0.000232,0.000566,-0.003018
11.9500,0.545394,-0.003982,-3.813333,0.000126,0.000701,-0.002786,-0.752645,-0.351949,-2.966588,0.000355,0.000578,-0.002748
12.0000,0.560595,-0.004022,-3.813292,0.000148,0.000799,-0.002765,-0.767623,-0.348772,-2.966786,0.000112,0.000791,-0.002616
12.0500,0.575794,-0.004062,-3.813254,0.000167,0.000893,-0.002745,-0.777615,-0.346650,-2.965838,-0.000030,0.000885,-0.002742
12.1000,0.590992,-0.004102,-3.813218,0.000183,0.000983,-0.002726,-0.792601,-0.343470,-2.965997,0.000110,0.000810,-0.002611
12.1500,0.606187,-0.004141,-3.813183,0.000197,0.001068,-0.002707,-0.802599,-0.341347,-2.965131,0.000295,0.001022,-0.002859
12.2000,0.621380,-0.004180,-3.813151,0.000210,0.001149,-0.002688,-0.817588,-0.338163,-2.965258,0.000034,0.001279,-0.002664
12.2500,0.636571,-0.004218,-3.813121,0.000220,0.001227,-0.002670,-0.827589,-0.336040,-2.964477,0.000279,0.001254,-0.002469
12.3000,0.651760,-0.004256,-3.813092,0.000228,0.001300,-0.002653,-0.842581,-0.332859,-2.964580,0.000290,0.001198,-0.002817
12.3500,0.666948,-0.004294,-3.813065,0.000235,0.001370,-0.002636,-0.852586,-0.330735,-2.963882,0.000286,0.001342,-0.002630
12.4000,0.682133,-0.004332,-3.813040,0.000240,0.001437,-0.002620,-0.867583,-0.327555,-2.963969,0.000023,0.001466,-0.002803
12.4500,0.697316,-0.004369,-3.813017,0.000244,0.001500,-0.002604,-0.877592,-0.325431,-2.963348,0.000187,0.001450,-0.002548
12.5000,0.712498,-0.004406,-3.812994,0.000246,0.001560,-0.002588,-0.657192,-0.358617,-2.963508,0.000371,0.001578,-0.002598
12.5500,0.727677,-0.004442,-3.812974,0.000247,0.001616,-0.002573,-0.660273,-0.357563,-2.962948,0.000348,0.001638,-0.002568
12.6000,0.742855,-0.004479,-3.812954,0.000248,0.001670,-0.002558,-0.664891,-0.355985,-2.963038,0.000385,0.001619,-0.002598
12.6500,0.758031,-0.004515,-3.812936,0.000247,0.001722,-0.002544,-0.667975,-0.354935,-2.962541,0.000354,0.001713,-0.002673
12.7000,0.773205,-0.004551,-3.812920,0.000245,0.001770,-0.002530,-0.672599,-0.353361,-2.962631,0.000344,0.001763,-0.002679
12.7500,0.788378,-0.004586,-3.812904,0.000243,0.001816,-0.002516,-0.675685,-0.352311,-2.962192,0.000300,0.001653,-0.002622
12.8000,0.803548,-0.004622,-3.812890,0.000240,0.001859,-0.002503,-0.680315,-0.350737,-2.962286,0.000294,0.001972,-0.002500
12.8500,0.818717,-0.004657,-3.812877,0.000237,0.001900,-0.002490,-0.683406,-0.349685,-2.961896,0.000213,0.001802,-0.002446
12.9000,0.833884,-0.004692,-3.812865,0.000233,0.001939,-0.002477,-0.688040,-0.348110,-2.961998,0.000098,0.002104,-0.002570
12.9500,0.849050,-0.004726,-3.812854,0.000228,0.001976,-0.002465,-0.691132,-0.347059,-2.961649,0.000257,0.002159,-0.002483
13.0000,0.864213,-0.004761,-3.812844,0.000223,0.002011,-0.002453,-0.695765,-0.345484,-2.961761,0.000366,0.002144,-0.002390
13.0500,0.879375,-0.004795,-3.812835,0.000218,0.002044,-0.002441,-0.698856,-0.344435,-2.961447,-0.000018,0.001882,-0.002383
13.1000,0.894536,-0.004829,-3.812827,0.000213,0.002075,-0.002429,-0.703490,-0.342861,-2.961573,0.000108,0.002043,-0.002558
13.1500,0.909695,-0.004863,-3.812820,0.000207,0.002104,-0.002418,-0.706584,-0.341808,-2.961288,0.000100,0.002100,-0.002474
13.2000,0.924852,-0.004897,-3.812814,0.000202,0.002132,-0.002407,-0.711223,-0.340229,-2.961426,0.000319,0.002138,-0.002365
13.2500,0.940007,-0.004930,-3.812808,0.000196,0.002158,-0.002396,-0.714319,-0.339176,-2.961165,0.000138,0.001987,-0.002380
13.3000,0.955161,-0.004964,-3.812804,0.000190,0.002183,-0.002386,-0.718965,-0.337595,-2.961319,0.000363,0.002106,-0.002325
13.3500,0.970314,-0.004997,-3.812800,0.000184,0.002206,-0.002376,-0.722069,-0.336541,-2.961074,0.000059,0.002102,-0.002468
13.4000,0.985465,-0.005030,-3.812797,0.000178,0.002228,-0.002366,-0.726724,-0.334959,-2.961242,0.000314,0.002307,-0.002405
13.4500,1.000614,-0.005063,-3.812795,0.000172,0.002249,-0.002356,-0.729831,-0.333904,-2.961010,0.000107,0.002263,-0.002406
13.5020,1.015762,-0.005096,-3.812793,0.000166,0.002268,-0.002346,-0.626525,-0.360925,-2.961224,0.000220,0.002239,-0.002218
13.5500,1.030908,-0.005128,-3.812792,0.000161,0.002286,-0.002337,-0.626453,-0.360713,-2.960996,0.000106,0.002463,-0.002283
13.6000,1.046053,-0.005161,-3.812792,0.000155,0.002304,-0.002328,-0.626345,-0.360394,-2.961197,-0.000024,0.001998,-0.002415
13.6500,1.061196,-0.005193,-3.812792,0.000149,0.002320,-0.002318,-0.626278,-0.360180,-2.960974,0.000111,0.002406,-0.002155
13.7000,1.076338,-0.005226,-3.812793,0.000144,0.002335,-0.002310,-0.626178,-0.359857,-2.961189,-0.000074,0.002174,-0.002428
13.7500,1.091479,-0.005258,-3.812795,0.000138,0.002349,-0.002301,-0.626115,-0.359639,-2.960968,0.000230,0.002276,-0.002240
13.8000,1.106618,-0.005290,-3.812797,0.000133,0.002363,-0.002292,-0.626021,-0.359313,-2.961196,0.000260,0.002484,-0.002415
13.8500,1.121756,-0.005322,-3.812799,0.000128,0.002375,-0.002284,-0.625959,-0.359097,-2.960975,0.000168,0.002481,-0.002221
13.9000,1.136892,-0.005354,-3.812803,0.000123,0.002387,-0.002276,-0.625865,-0.358774,-2.961216,0.000127,0.002354,-0.002354
13.9500,1.152027,-0.005385,-3.812806,0.000118,0.002398,-0.002267,-0.625806,-0.358558,-2.960992,0.000297,0.002333,-0.002197
14.0000,1.167160,-0.005417,-3.812811,0.000114,0.002408,-0.002260,-0.625715,-0.358238,-2.961245,0.000169,0.002350,-0.002283
14.0500,1.182293,-0.005448,-3.812816,0.000109,0.002418,-0.002252,-0.625658,-0.358024,-2.961018,0.000009,0.002285,-0.002265
14.1020,1.197424,-0.005480,-3.812821,0.000105,0.002427,-0.002244,-0.625572,-0.357701,-2.961281,0.000112,0.002404,-0.002308
14.1500,1.212553,-0.005511,-3.812826,0.000101,0.002436,-0.002236,-0.625520,-0.357485,-2.961050,0.000149,0.002488,-0.002186
14.2000,1.227681,-0.005542,-3.812833,0.000097,0.002443,-0.002229,-0.625437,-0.357159,-2.961323,0.000151,0.002401,-0.002233
14.2500,1.242808,-0.005574,-3.812839,0.000093,0.002451,-0.002222,-0.625386,-0.356942,-2.961086,0.000130,0.002334,-0.002272
14.3000,1.257934,-0.005605,-3.812846,0.000089,0.002458,-0.002214,-0.625306,-0.356617,-2.961369,0.000222,0.002519,-0.002334
14.3500,1.273059,-0.005636,-3.812854,0.000085,0.002464,-0.002207,-0.625258,-0.356401,-2.961126,0.000177,0.002487,-0.002306
14.4000,1.288182,-0.005666,-3.812862,0.000082,0.002470,-0.002200,-0.625181,-0.356078,-2.961416,0.000130,0.002436,-0.002284
14.4500,1.303304,-0.005697,-3.812870,0.000079,0.002476,-0.002193,-0.625135,-0.355863,-2.961168,0.000234,0.002509,-0.002405
14.5000,1.318424,-0.005728,-3.812879,0.000076,0.002481,-0.002187,-0.606231,-0.365308,-2.961470,0.000197,0.002455,-0.002209
14.5500,1.333544,-0.005759,-3.812888,0.000072,0.002486,-0.002180,-0.605629,-0.365380,-2.961215,0.000044,0.002406,-0.002117
14.6000,1.348662,-0.005789,-3.812897,0.000070,0.002490,-0.002173,-0.604726,-0.365487,-2.961519,-0.000052,0.002316,-0.002174
14.6500,1.363780,-0.005820,-3.812907,0.000067,0.002494,-0.002167,-0.604128,-0.365557,-2.961258,0.000038,0.002356,-0.002240
14.7000,1.378896,-0.005850,-3.812917,0.000064,0.002498,-0.002160,-0.603232,-0.365658,-2.961568,-0.000069,0.002467,-0.002203
14.7500,1.394010,-0.005880,-3.812927,0.000062,0.002502,-0.002154,-0.602638,-0.365725,-2.961302,0.000104,0.002336,-0.002096
14.8000,1.409124,-0.005911,-3.812938,0.000059,0.002505,-0.002148,-0.601747,-0.365825,-2.961617,0.000042,0.002501,-0.002118
14.8520,1.424237,-0.005941,-3.812949,0.000057,0.002508,-0.002142,-0.601156,-0.365892,-2.961345,0.000101,0.002412,-0.002230
14.9000,1.439348,-0.005971,-3.812961,0.000055,0.002511,-0.002135,-0.600269,-0.365992,-2.961664,0.000229,0.002379,-0.001993
14.9500,1.454458,-0.006001,-3.812972,0.000053,0.002513,-0.002129,-0.599682,-0.366060,-2.961388,-0.000032,0.002426,-0.002038
15.0000,1.469567,-0.006031,-3.812984,0.000051,0.002515,-0.002124,-0.598802,-0.366161,-2.961710,0.000050,0.002615,-0.002187
15.0500,1.484676,-0.006061,-3.812997,0.000049,0.002517,-0.002118,-0.598219,-0.366227,-2.961430,0.000107,0.002394,-0.002191
15.1000,1.499783,-0.006091,-3.813009,0.000047,0.002519,-0.002112,-0.597343,-0.366328,-2.961755,0.000250,0.002542,-0.002078
15.1500,1.514889,-0.006120,-3.813022,0.000046,0.002521,-0.002106,-0.596764,-0.366395,-2.961472,0.000100,0.002380,-0.002181
15.2000,1.529993,-0.006150,-3.813035,0.000044,0.002523,-0.002101,-0.595894,-0.366496,-2.961799,0.000109,0.002581,-0.002026
15.2500,1.545097,-0.006180,-3.813049,0.000043,0.002524,-0.002095,-0.595319,-0.366564,-2.961512,0.000283,0.002721,-0.002074
15.3000,1.560200,-0.006209,-3.813063,0.000041,0.002525,-0.002089,-0.594448,-0.366669,-2.961842,-0.000096,0.002535,-0.002201
15.3520,1.575302,-0.006239,-3.813077,0.000040,0.002527,-0.002084,-0.593872,-0.366738,-2.961552,0.000231,0.002650,-0.002209
15.4000,1.590403,-0.006268,-3.813091,0.000039,0.002528,-0.002079,-0.593002,-0.366844,-2.961884,0.000198,0.002588,-0.001961
15.4500,1.605502,-0.006298,-3.813106,0.000037,0.002529,-0.002073,-0.592426,-0.366915,-2.961592,0.000059,0.002551,-0.002352
15.5000,1.620601,-0.006327,-3.813120,0.000036,0.002529,-0.002068,-0.600230,-0.367425,-2.961923,-0.000055,0.002367,-0.002142
15.5500,1.635699,-0.006356,-3.813135,0.000035,0.002530,-0.002063,-0.599906,-0.367508,-2.961629,-0.000082,0.002462,-0.001921
15.6000,1.650796,-0.006385,-3.813151,0.000034,0.002531,-0.002058,-0.599419,-0.367630,-2.961963,-0.000016,0.002550,-0.002160
15.6520,1.665892,-0.006415,-3.813166,0.000033,0.002531,-0.002053,-0.599098,-0.367711,-2.961667,0.000051,0.002342,-0.002076
15.7000,1.680987,-0.006444,-3.813182,0.000032,0.002532,-0.002048,-0.598619,-0.367833,-2.962003,0.000161,0.002492,-0.001956
15.7500,1.696080,-0.006473,-3.813198,0.000031,0.002532,-0.002043,-0.598302,-0.367916,-2.961706,-0.000118,0.002358,-0.001989
15.8000,1.711173,-0.006502,-3.813214,0.000031,0.002532,-0.002038,-0.597826,-0.368038,-2.962042,0.000163,0.002489,-0.001985
15.8500,1.726266,-0.006531,-3.813231,0.000030,0.002532,-0.002033,-0.597512,-0.368120,-2.961744,0.000092,0.002647,-0.001846
15.9000,1.741357,-0.006559,-3.813247,0.000029,0.002533,-0.002028,-0.597040,-0.368244,-2.962081,0.000068,0.002494,-0.002074
15.9500,1.756447,-0.006588,-3.813264,0.000029,0.002533,-0.002024,-0.596730,-0.368328,-2.961782,-0.000015,0.002626,-0.001899
16.0000,1.771536,-0.006617,-3.813282,0.000028,0.002533,-0.002019,-0.596261,-0.368452,-2.962120,-0.000116,0.002598,-0.001943
16.0500,1.786625,-0.006646,-3.813299,0.000027,0.002533,-0.002014,-0.595951,-0.368534,-2.961820,0.000101,0.002422,-0.002120
16.1000,1.801712,-0.006674,-3.813316,0.000027,0.002533,-0.002010,-0.595483,-0.368658,-2.962159,0.000112,0.002478,-0.001957
16.1500,1.816799,-0.006703,-3.813334,0.000026,0.002532,-0.002005,-0.595174,-0.368741,-2.961858,0.000019,0.002592,-0.002096
16.2000,1.831885,-0.006731,-3.813352,0.000026,0.002532,-0.002001,-0.594707,-0.368865,-2.962197,0.000151,0.002375,-0.001846
16.2500,1.846970,-0.006760,-3.813370,0.000025,0.002532,-0.001996,-0.594401,-0.368949,-2.961897,-0.000024,0.002471,-0.001920
16.3000,1.862054,-0.006788,-3.813389,0.000025,0.002532,-0.001992,-0.593937,-0.369074,-2.962236,0.000161,0.002573,-0.001834
16.3500,1.877137,-0.006817,-3.813407,0.000024,0.002532,-0.001987,-0.593632,-0.369159,-2.961936,0.000056,0.002488,-0.002157
16.4000,1.892220,-0.006845,-3.813426,0.000024,0.002531,-0.001983,-0.593170,-0.369286,-2.962276,0.000232,0.002503,-0.002178
16.4500,1.907301,-0.006873,-3.813445,0.000024,0.002531,-0.001979,-0.592867,-0.369372,-2.961976,0.000197,0.002451,-0.002067
16.5000,1.922382,-0.006901,-3.813464,0.000023,0.002531,-0.001975,-0.600524,-0.367855,-2.962314,0.000076,0.002670,-0.002045
16.5500,1.937462,-0.006929,-3.813483,0.000023,0.002530,-0.001970,-0.600458,-0.367895,-2.962014,0.000064,0.002531,-0.001900
16.6000,1.952541,-0.006958,-3.813503,0.000023,0.002530,-0.001966,-0.600358,-0.367955,-2.962354,-0.000213,0.002559,-0.002022
16.6500,1.967620,-0.006986,-3.813523,0.000023,0.002530,-0.001962,-0.600293,-0.367995,-2.962055,0.000128,0.002545,-0.001866
16.7000,1.982698,-0.007014,-3.813543,0.000022,0.002529,-0.001958,-0.600196,-0.368056,-2.962395,-0.000204,0.002469,-0.002076
16.7500,1.997774,-0.007042,-3.813563,0.000022,0.002529,-0.001954,-0.600134,-0.368097,-2.962096,0.000092,0.002597,-0.002090
16.8000,2.012851,-0.007070,-3.813583,0.000022,0.002528,-0.001950,-0.600038,-0.368160,-2.962437,-0.000024,0.002503,-0.001914
16.8520,2.027926,-0.007097,-3.813603,0.000022,0.002528,-0.001946,-0.599977,-0.368201,-2.962137,-0.000002,0.002467,-0.001875
16.9000,2.043001,-0.007125,-3.813624,0.000021,0.002527,-0.001943,-0.599885,-0.368261,-2.962479,0.000071,0.002733,-0.001906
16.9500,2.058074,-0.007153,-3.813645,0.000021,0.002527,-0.001939,-0.599825,-0.368301,-2.962180,-0.000005,0.002492,-0.001862
17.0000,2.073148,-0.007181,-3.813666,0.000021,0.002527,-0.001935,-0.599734,-0.368360,-2.962521,0.000048,0.002525,-0.001864
17.0500,2.088220,-0.007209,-3.813687,0.000021,0.002526,-0.001931,-0.599677,-0.368401,-2.962223,0.000159,0.002502,-0.002012
17.1000,2.103292,-0.007236,-3.813708,0.000021,0.002526,-0.001927,-0.599589,-0.368467,-2.962565,-0.000040,0.002585,-0.001994
17.1500,2.118363,-0.007264,-3.813729,0.000021,0.002525,-0.001924,-0.599537,-0.368513,-2.962266,-0.000056,0.002340,-0.001954
17.2000,2.133433,-0.007291,-3.813751,0.000020,0.002525,-0.001920,-0.599455,-0.368580,-2.962609,0.000071,0.002448,-0.002013
17.2500,2.148502,-0.007319,-3.813773,0.000020,0.002524,-0.001917,-0.599407,-0.368626,-2.962311,-0.000063,0.002512,-0.001820
17.3000,2.163571,-0.007346,-3.813795,0.000020,0.002523,-0.001913,-0.599330,-0.368695,-2.962653,0.000088,0.002697,-0.001995
17.3500,2.178639,-0.007374,-3.813817,0.000020,0.002523,-0.001909,-0.599282,-0.368742,-2.962355,-0.000017,0.002647,-0.001976
17.4000,2.193707,-0.007401,-3.813839,0.000020,0.002522,-0.001906,-0.599202,-0.368812,-2.962699,0.000193,0.002485,-0.001909
17.4500,2.208774,-0.007429,-3.813861,0.000020,0.002522,-0.001902,-0.599153,-0.368859,-2.962401,0.000260,0.002572,-0.001873
17.5000,2.223840,-0.007456,-3.813884,0.000020,0.002521,-0.001899,-0.601794,-0.367737,-2.962744,-0.000055,0.002553,-0.002007
17.5500,2.238905,-0.007483,-3.813906,0.000020,0.002521,-0.001896,-0.601820,-0.367750,-2.962447,0.000099,0.002511,-0.002055
17.6000,2.253970,-0.007510,-3.813929,0.000020,0.002520,-0.001892,-0.601859,-0.367771,-2.962790,0.000125,0.002555,-0.001878
17.6500,2.269035,-0.007538,-3.813952,0.000020,0.002520,-0.001889,-0.601887,-0.367784,-2.962494,-0.000001,0.002655,-0.002006
17.7000,2.284098,-0.007565,-3.813975,0.000020,0.002519,-0.001886,-0.601924,-0.367802,-2.962838,0.000001,0.002637,-0.001952
17.7500,2.299161,-0.007592,-3.813998,0.000020,0.002519,-0.001882,-0.601947,-0.367814,-2.962541,-0.000009,0.002461,-0.001842
17.8000,2.314223,-0.007619,-3.814022,0.000019,0.002518,-0.001879,-0.601980,-0.367832,-2.962885,-0.000060,0.002529,-0.001812
17.8500,2.329285,-0.007646,-3.814045,0.000019,0.002518,-0.001876,-0.602006,-0.367842,-2.962589,0.000105,0.002432,-0.001816
17.9000,2.344346,-0.007673,-3.814069,0.000019,0.002517,-0.001873,-0.602042,-0.367857,-2.962934,-0.000025,0.002626,-0.001756
17.9500,2.359407,-0.007700,-3.814093,0.000019,0.002517,-0.001870,-0.602067,-0.367866,-2.962637,0.000112,0.002585,-0.001945
18.0020,2.374466,-0.007727,-3.814117,0.000019,0.002516,-0.001867,-0.602102,-0.367881,-2.962982,-0.000131,0.002442,-0.001813
18.0500,2.389526,-0.007754,-3.814141,0.000019,0.002516,-0.001864,-0.602129,-0.367891,-2.962687,0.000012,0.002485,-0.001923
18.1000,2.404584,-0.007781,-3.814165,0.000019,0.002515,-0.001861,-0.602166,-0.367904,-2.963032,-0.000076,0.002525,-0.001816
18.1500,2.419642,-0.007807,-3.814189,0.000019,0.002515,-0.001858,-0.602194,-0.367912,-2.962736,0.000000,0.002536,-0.001721
18.2020,2.434700,-0.007834,-3.814214,0.000019,0.002514,-0.001855,-0.602233,-0.367925,-2.963082,0.000069,0.002312,-0.001925
18.2500,2.449757,-0.007861,-3.814238,0.000019,0.002514,-0.001852,-0.602265,-0.367936,-2.962787,0.000100,0.002333,-0.001893
18.3000,2.464813,-0.007888,-3.814263,0.000019,0.002513,-0.001849,-0.602311,-0.367952,-2.963132,-0.000020,0.002590,-0.001812
18.3500,2.479869,-0.007914,-3.814288,0.000019,0.002513,-0.001846,-0.602344,-0.367961,-2.962837,-0.000008,0.002577,-0.001824
18.4000,2.494924,-0.007941,-3.814313,0.000019,0.002512,-0.001843,-0.602387,-0.367975,-2.963183,0.000115,0.002677,-0.001991
18.4500,2.509979,-0.007968,-3.814338,0.000019,0.002512,-0.001840,-0.602418,-0.367984,-2.962888,0.000214,0.002370,-0.001881
18.5000,2.525033,-0.007994,-3.814363,0.000019,0.002511,-0.001837,-0.602414,-0.367558,-2.963235,-0.000098,0.002663,-0.001804
18.5500,2.540087,-0.008021,-3.814388,0.000019,0.002511,-0.001835,-0.602442,-0.367556,-2.962940,0.000056,0.002425,-0.001636
18.6000,2.555140,-0.008047,-3.814414,0.000019,0.002510,-0.001832,-0.602483,-0.367554,-2.963287,-0.000052,0.002325,-0.001774
18.6500,2.570192,-0.008074,-3.814439,0.000019,0.002510,-0.001829,-0.602513,-0.367553,-2.962992,-0.000007,0.002567,-0.001944
18.7000,2.585245,-0.008100,-3.814465,0.000019,0.002509,-0.001826,-0.602560,-0.367549,-2.963339,-0.000153,0.002554,-0.001985
18.7500,2.600296,-0.008127,-3.814491,0.000019,0.002509,-0.001824,-0.602594,-0.367545,-2.963045,0.000115,0.002610,-0.001638
18.8020,2.615347,-0.008153,-3.814517,0.000019,0.002508,-0.001821,-0.602641,-0.367540,-2.963392,-0.000189,0.002549,-0.001809
18.8500,2.630398,-0.008179,-3.814543,0.000019,0.002508,-0.001818,-0.602674,-0.367536,-2.963098,0.000049,0.002618,-0.001999
18.9000,2.645448,-0.008206,-3.814569,0.000019,0.002507,-0.001816,-0.602721,-0.367529,-2.963445,-0.000005,0.002547,-0.001830
18.9500,2.660497,-0.008232,-3.814595,0.000019,0.002507,-0.001813,-0.602755,-0.367523,-2.963151,0.000092,0.002591,-0.001759
19.0000,2.675546,-0.008258,-3.814621,0.000019,0.002506,-0.001811,-0.602801,-0.367515,-2.963499,-0.000037,0.002519,-0.001880
19.0500,2.690595,-0.008285,-3.814648,0.000019,0.002506,-0.001808,-0.602835,-0.367509,-2.963205,-0.000061,0.002540,-0.001754
19.1000,2.705643,-0.008311,-3.814674,0.000019,0.002506,-0.001806,-0.602882,-0.367500,-2.963553,-0.000028,0.002526,-0.001752
19.1500,2.720690,-0.008337,-3.814701,0.000019,0.002505,-0.001803,-0.602916,-0.367493,-2.963260,0.000126,0.002403,-0.001839
19.2000,2.735737,-0.008363,-3.814728,0.000019,0.002505,-0.001801,-0.602963,-0.367481,-2.963608,0.000127,0.002408,-0.001706
19.2500,2.750784,-0.008389,-3.814755,0.000019,0.002504,-0.001798,-0.603001,-0.367473,-2.963314,-0.000116,0.002410,-0.001769
19.3000,2.765830,-0.008415,-3.814781,0.000019,0.002504,-0.001796,-0.603056,-0.367462,-2.963663,0.000062,0.002526,-0.001662
19.3500,2.780876,-0.008441,-3.814809,0.000019,0.002503,-0.001794,-0.603098,-0.367455,-2.963369,0.000194,0.002467,-0.001898
19.4000,2.795921,-0.008468,-3.814836,0.000019,0.002503,-0.001791,-0.603155,-0.367446,-2.963718,0.000124,0.002672,-0.001877
19.4500,2.810966,-0.008494,-3.814863,0.000019,0.002503,-0.001789,-0.603197,-0.367442,-2.963425,0.000053,0.002453,-0.001850
19.5000,2.826010,-0.008520,-3.814890,0.000019,0.002502,-0.001787,-0.602556,-0.367454,-2.963774,0.000087,0.002547,-0.001884
19.5500,2.841054,-0.008546,-3.814918,0.000019,0.002502,-0.001784,-0.602575,-0.367451,-2.963481,-0.000010,0.002659,-0.001818
19.6000,2.856097,-0.008571,-3.814945,0.000019,0.002501,-0.001782,-0.602600,-0.367446,-2.963830,-0.000018,0.002382,-0.001703
19.6500,2.871140,-0.008597,-3.814973,0.000019,0.002501,-0.001780,-0.602618,-0.367444,-2.963537,-0.000012,0.002427,-0.001876
19.7000,2.886183,-0.008623,-3.815001,0.000019,0.002501,-0.001778,-0.602643,-0.367441,-2.963886,0.000190,0.002460,-0.001854
19.7500,2.901225,-0.008649,-3.815029,0.000019,0.002500,-0.001776,-0.602662,-0.367440,-2.963593,-0.000045,0.002496,-0.001823
19.8000,2.916267,-0.008675,-3.815057,0.000019,0.002500,-0.001773,-0.602688,-0.367440,-2.963943,-0.000111,0.002538,-0.001735
19.8500,2.931308,-0.008701,-3.815085,0.000019,0.002499,-0.001771,-0.602707,-0.367439,-2.963650,-0.000026,0.002464,-0.001755
19.9000,2.946349,-0.008727,-3.815113,0.000019,0.002499,-0.001769,-0.602734,-0.367438,-2.964000,0.000048,0.002459,-0.001816
19.9500,2.961390,-0.008752,-3.815141,0.000019,0.002499,-0.001767,-0.602754,-0.367437,-2.963707,-0.000017,0.002464,-0.001703
20.0000,2.976430,-0.008778,-3.815169,0.000019,0.002498,-0.001765,-0.602782,-0.367436,-2.964058,-0.000134,0.002436,-0.001935
20.0500,2.991469,-0.008804,-3.815198,0.000019,0.002498,-0.001763,-0.602803,-0.367433,-2.963765,0.000035,0.002422,-0.001806
20.1000,3.006509,-0.008829,-3.815226,0.000019,0.002497,-0.001761,-0.602833,-0.367428,-2.964115,-0.000007,0.002625,-0.001717
20.1500,3.021548,-0.008855,-3.815255,0.000019,0.002497,-0.001759,-0.602857,-0.367424,-2.963823,0.000121,0.002307,-0.001755
20.2020,3.036586,-0.008881,-3.815283,0.000019,0.002497,-0.001757,-0.602890,-0.367419,-2.964173,-0.000011,0.002508,-0.001860
20.2500,3.051624,-0.008906,-3.815312,0.000019,0.002496,-0.001755,-0.602916,-0.367415,-2.963881,-0.000020,0.002666,-0.001799
20.3000,3.066662,-0.008932,-3.815341,0.000019,0.002496,-0.001753,-0.602949,-0.367410,-2.964232,-0.000056,0.002418,-0.001653
20.3500,3.081699,-0.008957,-3.815370,0.000019,0.002496,-0.001751,-0.602975,-0.367406,-2.963940,0.000267,0.002546,-0.001814
20.4000,3.096736,-0.008983,-3.815399,0.000019,0.002495,-0.001749,-0.603010,-0.367402,-2.964291,-0.000045,0.002450,-0.001860
20.4500,3.111773,-0.009009,-3.815428,0.000019,0.002495,-0.001747,-0.603039,-0.367401,-2.963999,0.000127,0.002526,-0.001841
20.5000,3.126809,-0.009034,-3.815457,0.000019,0.002495,-0.001745,2.523849,0.269007,-2.964959,0.000005,0.002260,-0.001890
20.5520,3.141845,-0.009060,-3.815486,0.000019,0.002494,-0.001743,2.615865,0.287746,-2.964553,-0.000087,0.002446,-0.001693
20.6000,3.156881,-0.009085,-3.815515,0.000019,0.002494,-0.001742,2.753890,0.315856,-2.964960,0.000043,0.002439,-0.001663
20.6500,3.171916,-0.009110,-3.815545,0.000019,0.002494,-0.001740,2.845905,0.334593,-2.964575,0.000158,0.002399,-0.001535
20.7000,3.186951,-0.009136,-3.815574,0.000019,0.002493,-0.001738,2.983926,0.362713,-2.964977,-0.000105,0.002527,-0.001778
20.7500,3.201985,-0.009161,-3.815604,0.000019,0.002493,-0.001736,3.075941,0.381453,-2.964597,0.000016,0.002260,-0.001652
20.8000,3.217020,-0.009187,-3.815633,0.000019,0.002493,-0.001734,3.213963,0.409569,-2.964973,0.000189,0.002536,-0.001702
20.8520,3.232053,-0.009212,-3.815663,0.000019,0.002492,-0.001733,3.305975,0.428312,-2.964597,0.000054,0.002742,-0.001750
20.9000,3.247087,-0.009237,-3.815693,0.000019,0.002492,-0.001731,3.443999,0.456418,-2.964991,-0.000096,0.002612,-0.001854
20.9500,3.262120,-0.009263,-3.815723,0.000019,0.002492,-0.001729,3.536014,0.475153,-2.964634,0.000008,0.002421,-0.001965
21.0000,3.277153,-0.009288,-3.815753,0.000019,0.002491,-0.001727,3.674041,0.503253,-2.964999,-0.000023,0.002401,-0.001670
21.0500,3.292185,-0.009313,-3.815783,0.000019,0.002491,-0.001726,3.766051,0.522002,-2.964628,-0.000057,0.002619,-0.001577
21.1020,3.307218,-0.009338,-3.815813,0.000019,0.002491,-0.001724,3.904069,0.550133,-2.965002,0.000011,0.002588,-0.001819
21.1500,3.322249,-0.009364,-3.815843,0.000019,0.002491,-0.001722,3.996082,0.568865,-2.964653,-0.000064,0.002472,-0.001507
21.2000,3.337281,-0.009389,-3.815873,0.000019,0.002490,-0.001721,4.134100,0.596997,-2.965006,0.000211,0.002632,-0.001737
21.2500,3.352312,-0.009414,-3.815903,0.000019,0.002490,-0.001719,4.226111,0.615731,-2.964678,0.000054,0.002392,-0.001780
21.3000,3.367343,-0.009439,-3.815933,0.000019,0.002490,-0.001718,4.364133,0.643837,-2.965033,0.000051,0.002525,-0.001673
21.3500,3.382374,-0.009464,-3.815964,0.000019,0.002489,-0.001716,4.456142,0.662579,-2.964692,0.000067,0.002443,-0.001789
21.4000,3.397404,-0.009490,-3.815994,0.000019,0.002489,-0.001714,4.594164,0.690673,-2.965048,-0.000067,0.002376,-0.001726
21.4500,3.412434,-0.009515,-3.816025,0.000019,0.002489,-0.001713,4.686174,0.709405,-2.964722,0.000097,0.002641,-0.001748
21.5000,3.427464,-0.009540,-3.816055,0.000019,0.002489,-0.001711,3.723684,0.318330,-2.964863,-0.000027,0.002317,-0.001830
21.5500,3.442493,-0.009565,-3.816086,0.000019,0.002488,-0.001710,3.783309,0.324723,-2.964581,0.000146,0.002611,-0.001631
21.6020,3.457522,-0.009590,-3.816117,0.000019,0.002488,-0.001708,3.872749,0.334317,-2.964913,0.000108,0.002560,-0.001619
21.6500,3.472551,-0.009615,-3.816148,0.000019,0.002488,-0.001707,3.932373,0.340723,-2.964637,0.000028,0.002353,-0.001646
21.7000,3.487580,-0.009640,-3.816178,0.000019,0.002487,-0.001705,4.021811,0.350323,-2.964960,-0.000084,0.002315,-0.001491
21.7500,3.502608,-0.009665,-3.816209,0.000019,0.002487,-0.001704,4.081432,0.356723,-2.964683,0.000239,0.002318,-0.001660
21.8000,3.517636,-0.009690,-3.816240,0.000019,0.002487,-0.001702,4.170866,0.366311,-2.965013,-0.000038,0.002368,-0.001647
21.8500,3.532664,-0.009715,-3.816271,0.000019,0.002487,-0.001701,4.230485,0.372708,-2.964740,-0.000018,0.002610,-0.001567
21.9000,3.547691,-0.009740,-3.816302,0.000019,0.002486,-0.001700,4.319916,0.382310,-2.965079,0.000072,0.002462,-0.001800
21.9500,3.562718,-0.009765,-3.816334,0.000019,0.002486,-0.001698,4.379534,0.388704,-2.964806,-0.000011,0.002447,-0.001780
22.0020,3.577745,-0.009790,-3.816365,0.000019,0.002486,-0.001697,4.468964,0.398300,-2.965147,0.000056,0.002510,-0.001702
22.0500,3.592590,-0.009808,-3.816381,0.000019,0.002598,-0.001678,4.528581,0.404699,-2.964881,0.000055,0.002684,-0.001710
22.1000,3.605639,-0.009800,-3.816355,0.000035,0.003024,-0.001613,4.617433,0.414306,-2.965202,-0.000001,0.002721,-0.001571
22.1500,3.615172,-0.009765,-3.816253,0.000085,0.003740,-0.001583,4.674834,0.420738,-2.964721,0.000135,0.003332,-0.001570
22.2000,3.620920,-0.009714,-3.816079,0.000167,0.004606,-0.001645,4.756471,0.430420,-2.964962,0.000283,0.004350,-0.001678
22.2500,3.623614,-0.009661,-3.815849,0.000279,0.005510,-0.001764,4.807952,0.436883,-2.963938,0.000343,0.004954,-0.001567
22.3000,3.624320,-0.009620,-3.815594,0.000404,0.006363,-0.001903,4.881890,0.446561,-2.964128,0.000377,0.006243,-0.001861
22.3500,3.624009,-0.009600,-3.815353,0.000526,0.007081,-0.002033,4.929761,0.452999,-2.962622,0.000397,0.006645,-0.001844
22.4020,3.623377,-0.009596,-3.815154,0.000635,0.007632,-0.002132,5.000670,0.462623,-2.962852,0.000458,0.007347,-0.002107
22.4500,3.622736,-0.009592,-3.815003,0.000727,0.008016,-0.002222,5.047725,0.469027,-2.961174,0.000864,0.007840,-0.002302
22.5000,3.622150,-0.009591,-3.814896,0.000801,0.008252,-0.002288,3.642688,-0.220626,-2.960246,0.000733,0.008037,-0.002259
22.5500,3.621661,-0.009594,-3.814826,0.000855,0.008373,-0.002329,3.646428,-0.234783,-2.958730,0.000930,0.008160,-0.002372
22.6000,3.621273,-0.009600,-3.814784,0.000889,0.008406,-0.002357,3.652176,-0.256025,-2.958720,0.000853,0.008601,-0.002431
22.6500,3.620963,-0.009607,-3.814762,0.000905,0.008370,-0.002378,3.656071,-0.270187,-2.957478,0.000867,0.008430,-0.002388
22.7000,3.620702,-0.009615,-3.814755,0.000906,0.008281,-0.002394,3.662020,-0.291434,-2.957469,0.000859,0.008304,-0.002296
22.7500,3.620466,-0.009622,-3.814756,0.000894,0.008151,-0.002403,3.666005,-0.305597,-2.956536,0.000880,0.008482,-0.002407
22.8000,3.620238,-0.009629,-3.814764,0.000869,0.007990,-0.002408,3.672028,-0.326842,-2.956523,0.000933,0.008048,-0.002502
22.8500,3.620012,-0.009636,-3.814774,0.000835,0.007806,-0.002411,3.676037,-0.341006,-2.955896,0.000811,0.007939,-0.002383
22.9000,3.619786,-0.009644,-3.814786,0.000792,0.007605,-0.002410,3.682066,-0.362253,-2.955878,0.000964,0.007500,-0.002380
22.9500,3.619558,-0.009650,-3.814799,0.000743,0.007392,-0.002405,3.686075,-0.376418,-2.955533,0.000773,0.007488,-0.002499
23.0000,3.619328,-0.009655,-3.814812,0.000689,0.007171,-0.002398,3.692097,-0.397667,-2.955527,0.000592,0.007353,-0.002410
23.0500,3.619079,-0.009660,-3.814827,0.000615,0.006931,-0.001952,3.696109,-0.411830,-2.955417,0.000597,0.006972,-0.002402
23.1020,3.618779,-0.009694,-3.814873,0.000498,0.006666,0.001360,3.702095,-0.433076,-2.955450,0.000507,0.006865,-0.000652
23.1500,3.618473,-0.009757,-3.814934,0.000368,0.006390,0.007483,3.706089,-0.447258,-2.955594,0.000680,0.006590,0.003536
23.2000,3.618195,-0.009814,-3.814989,0.000252,0.006095,0.014877,3.712208,-0.468522,-2.955715,0.000160,0.006089,0.011688
23.2500,3.617943,-0.009862,-3.815034,0.000165,0.005809,0.023124,3.716418,-0.482661,-2.956048,0.000244,0.005930,0.018043
23.3000,3.617709,-0.009909,-3.815069,0.000095,0.005543,0.032282,3.722921,-0.503811,-2.956195,0.000179,0.005751,0.028442
23.3520,3.617489,-0.009956,-3.815098,0.000039,0.005297,0.042260,3.727405,-0.517873,-2.956640,0.000021,0.005508,0.036116
23.4000,3.617278,-0.010001,-3.815120,0.000003,0.005069,0.052832,3.734345,-0.538894,-2.956825,-0.000136,0.005141,0.048611
23.4500,3.617072,-0.010039,-3.815138,-0.000013,0.004858,0.063827,3.739132,-0.552853,-2.957317,0.000046,0.004991,0.057154
23.5000,3.616868,-0.010071,-3.815153,-0.000012,0.004663,0.075161,3.723266,0.202874,-2.957566,0.000097,0.004763,0.070636
23.5500,3.616668,-0.010100,-3.815164,-0.000001,0.004482,0.086772,3.726244,0.211787,-2.958061,0.000023,0.004564,0.079831
23.6000,3.616470,-0.010127,-3.815174,0.000017,0.004315,0.098600,3.730560,0.225209,-2.958369,0.000007,0.004227,0.093792
23.6500,3.616274,-0.010152,-3.815182,0.000041,0.004159,0.110595,3.733334,0.234193,-2.958819,0.000052,0.004184,0.103289
23.7000,3.616082,-0.010176,-3.815188,0.000067,0.004015,0.122719,3.737334,0.247718,-2.959179,0.000036,0.003952,0.117876
23.7520,3.615892,-0.010200,-3.815194,0.000095,0.003880,0.134945,3.739891,0.256768,-2.959560,0.000266,0.003976,0.127827
23.8000,3.615704,-0.010224,-3.815199,0.000124,0.003755,0.147250,3.743565,0.270388,-2.959965,-0.000044,0.003816,0.142155
23.8500,3.615520,-0.010249,-3.815203,0.000152,0.003639,0.159617,3.745906,0.279498,-2.960267,0.000128,0.003636,0.152397
23.9000,3.615338,-0.010275,-3.815208,0.000178,0.003531,0.172032,3.749249,0.293207,-2.960709,0.000007,0.003611,0.166976
23.9500,3.615158,-0.010303,-3.815211,0.000204,0.003431,0.184484,3.751366,0.302373,-2.960924,0.000269,0.003558,0.177028
24.0000,3.614982,-0.010331,-3.815215,0.000228,0.003339,0.196966,3.754377,0.316160,-2.961397,0.000239,0.003230,0.191933
24.0500,3.614807,-0.010361,-3.815218,0.000251,0.003253,0.209469,3.756271,0.325374,-2.961523,0.000072,0.003238,0.201979
24.1000,3.614635,-0.010393,-3.815222,0.000272,0.003174,0.221990,3.758941,0.339230,-2.962020,0.000104,0.003156,0.216932
24.1500,3.614465,-0.010426,-3.815225,0.000292,0.003100,0.234524,3.760605,0.348488,-2.962063,0.000467,0.003095,0.227158
24.2000,3.614298,-0.010461,-3.815228,0.000310,0.003032,0.247068,3.762930,0.362402,-2.962573,0.000336,0.002920,0.242176
24.2500,3.614132,-0.010497,-3.815232,0.000328,0.002969,0.259620,3.764364,0.371695,-2.962537,0.000262,0.002819,0.252143
24.3000,3.613970,-0.010535,-3.815235,0.000344,0.002911,0.272177,3.766341,0.385657,-2.963058,0.000266,0.002975,0.267268
24.3500,3.613809,-0.010574,-3.815238,0.000360,0.002857,0.284740,3.767542,0.394979,-2.962950,0.000228,0.002976,0.277111
24.4000,3.613650,-0.010615,-3.815242,0.000375,0.002806,0.297305,3.769170,0.408985,-2.963477,0.000496,0.002677,0.292259
24.4500,3.613494,-0.010657,-3.815246,0.000389,0.002759,0.309873,3.770140,0.418334,-2.963304,0.000404,0.002806,0.302268
24.5000,3.613340,-0.010700,-3.815249,0.000402,0.002716,0.322443,3.303953,-0.386149,-2.963868,0.000211,0.002710,0.317446
24.5500,3.613189,-0.010746,-3.815253,0.000415,0.002675,0.335013,3.294751,-0.402746,-2.963642,0.000293,0.002776,0.327475
24.6000,3.613039,-0.010792,-3.815257,0.000428,0.002638,0.347585,3.281263,-0.427810,-2.964185,0.000360,0.002653,0.342721
24.6500,3.612892,-0.010840,-3.815261,0.000440,0.002602,0.360157,3.272486,-0.444633,-2.963908,0.000393,0.002534,0.352623
24.7000,3.612746,-0.010889,-3.815265,0.000451,0.002570,0.372729,3.259634,-0.470029,-2.964447,0.000626,0.002493,0.367684
24.7500,3.612603,-0.010940,-3.815269,0.000462,0.002539,0.385301,3.251283,-0.487069,-2.964126,0.000406,0.002545,0.377956
24.8000,3.612462,-0.010991,-3.815273,0.000473,0.002510,0.397873,3.239084,-0.512787,-2.964656,0.000567,0.002644,0.392998
24.8500,3.612324,-0.011044,-3.815277,0.000484,0.002484,0.410444,3.231166,-0.530033,-2.964295,0.000518,0.002367,0.403054
24.9000,3.612187,-0.011098,-3.815281,0.000495,0.002459,0.423015,3.219620,-0.556051,-2.964814,0.000424,0.002510,0.418060
24.9500,3.612053,-0.011154,-3.815285,0.000505,0.002435,0.435586,3.212138,-0.573491,-2.964427,0.000632,0.002375,0.428023
25.0000,3.611920,-0.011210,-3.815290,0.000515,0.002413,0.448156,3.201248,-0.599793,-2.964931,0.000452,0.002501,0.443168
25.0500,3.611790,-0.011268,-3.815294,0.000525,0.002392,0.460726,3.194211,-0.617419,-2.964522,0.000407,0.002393,0.453086
25.1000,3.611662,-0.011327,-3.815298,0.000535,0.002373,0.473295,3.183987,-0.643987,-2.965011,0.000347,0.002463,0.468173
25.1500,3.611536,-0.011386,-3.815303,0.000545,0.002354,0.485863,3.177394,-0.661783,-2.964583,0.000435,0.002189,0.478394
25.2000,3.611412,-0.011447,-3.815307,0.000555,0.002337,0.498431,3.167847,-0.688598,-2.965055,0.000516,0.002319,0.493549
25.2500,3.611290,-0.011509,-3.815311,0.000564,0.002321,0.510998,3.161704,-0.706553,-2.964622,0.000505,0.002499,0.503382
25.3000,3.611170,-0.011571,-3.815316,0.000574,0.002305,0.523565,3.152838,-0.733597,-2.965077,0.000560,0.002381,0.518506
25.3500,3.611053,-0.011635,-3.815320,0.000583,0.002291,0.536131,3.147154,-0.751700,-2.964640,0.000674,0.002138,0.528570
25.4000,3.610937,-0.011699,-3.815324,0.000592,0.002277,0.548696,3.138978,-0.778965,-2.965086,0.000646,0.002288,0.543607
25.4500,3.610823,-0.011764,-3.815329,0.000602,0.002264,0.561261,3.133753,-0.797209,-2.964646,0.000552,0.002347,0.553814
25.5000,3.610712,-0.011830,-3.815333,0.000611,0.002251,0.573825,3.491079,-0.405565,-2.965108,0.000690,0.002243,0.568792
25.5500,3.610602,-0.011896,-3.815337,0.000620,0.002239,0.586389,3.494843,-0.409878,-2.964662,0.000593,0.002196,0.578827
25.6000,3.610494,-0.011964,-3.815341,0.000629,0.002228,0.598951,3.500573,-0.416275,-2.965076,0.000699,0.002258,0.593947
25.6500,3.610389,-0.012032,-3.815346,0.000638,0.002217,0.611514,3.504448,-0.420493,-2.964635,0.000704,0.002272,0.604093
25.7000,3.610285,-0.012100,-3.815350,0.000647,0.002207,0.624075,3.510344,-0.426747,-2.965035,0.000726,0.002370,0.619015
25.7500,3.610183,-0.012170,-3.815354,0.000655,0.002197,0.636636,3.514326,-0.430867,-2.964602,0.000798,0.002211,0.629040
25.8000,3.610083,-0.012239,-3.815358,0.000664,0.002188,0.649197,3.520384,-0.436974,-2.964990,0.000850,0.002156,0.644162
25.8500,3.609985,-0.012310,-3.815363,0.000673,0.002179,0.661757,3.524473,-0.440997,-2.964566,0.000750,0.002174,0.654451
25.9000,3.609889,-0.012381,-3.815367,0.000681,0.002170,0.674316,3.530689,-0.446954,-2.964942,0.000742,0.002259,0.669101
25.9500,3.609795,-0.012452,-3.815371,0.000690,0.002162,0.686874,3.534882,-0.450874,-2.964528,0.000698,0.002253,0.679317
26.0000,3.609703,-0.012524,-3.815375,0.000698,0.002154,0.699433,3.541252,-0.456673,-2.964893,0.000748,0.002086,0.694503
26.0500,3.609613,-0.012596,-3.815379,0.000706,0.002146,0.711990,3.545546,-0.460485,-2.964489,0.000837,0.002102,0.704380
26.1000,3.609524,-0.012669,-3.815383,0.000715,0.002139,0.724547,3.552064,-0.466123,-2.964845,0.000513,0.002180,0.719704
26.1500,3.609438,-0.012742,-3.815387,0.000723,0.002132,0.737103,3.556454,-0.469827,-2.964451,0.000561,0.002374,0.729574
26.2020,3.609353,-0.012816,-3.815391,0.000731,0.002125,0.749659,3.563115,-0.475294,-2.964799,0.000800,0.002183,0.744858
26.2500,3.609270,-0.012889,-3.815395,0.000739,0.002118,0.762214,3.567599,-0.478883,-2.964416,0.000657,0.002035,0.754662
26.3000,3.609189,-0.012963,-3.815399,0.000746,0.002112,0.774769,3.574396,-0.484182,-2.964757,0.000768,0.002170,0.769635
26.3500,3.609109,-0.013038,-3.815403,0.000754,0.002105,0.787323,3.578969,-0.487657,-2.964384,0.000644,0.002306,0.779897
26.4000,3.609032,-0.013112,-3.815407,0.000762,0.002099,0.799877,3.585900,-0.492777,-2.964720,0.000755,0.002156,0.795060
26.4500,3.608956,-0.013187,-3.815411,0.000770,0.002094,0.812430,3.590560,-0.496132,-2.964356,0.000799,0.002001,0.804889
26.5000,3.608882,-0.013262,-3.815414,0.000777,0.002088,0.824982,4.198740,-0.135915,-2.964794,0.000674,0.002010,0.820097
26.5520,3.608809,-0.013337,-3.815418,0.000785,0.002082,0.837534,4.219140,-0.125412,-2.964419,0.000758,0.002064,0.830119
26.6000,3.608739,-0.013413,-3.815422,0.000792,0.002077,0.850086,4.249543,-0.109274,-2.964752,0.000751,0.001965,0.844942
26.6500,3.608670,-0.013488,-3.815426,0.000799,0.002072,0.862637,4.269674,-0.098262,-2.964388,0.000904,0.002179,0.855016
26.7020,3.608602,-0.013564,-3.815429,0.000807,0.002066,0.875187,4.299667,-0.081365,-2.964723,0.000699,0.002119,0.870334
26.7500,3.608537,-0.013640,-3.815433,0.000814,0.002061,0.887737,4.319517,-0.069847,-2.964365,0.000821,0.001960,0.880281
26.8000,3.608472,-0.013715,-3.815436,0.000821,0.002056,0.900287,4.349078,-0.052197,-2.964692,0.000763,0.002228,0.895374
26.8500,3.608410,-0.013791,-3.815440,0.000828,0.002052,0.912836,4.368635,-0.040182,-2.964345,0.001005,0.002068,0.905254
26.9000,3.608349,-0.013867,-3.815444,0.000835,0.002047,0.925384,4.397749,-0.021790,-2.964668,0.000689,0.002025,0.920257
26.9500,3.608290,-0.013942,-3.815447,0.000842,0.002042,0.937932,4.417004,-0.009291,-2.964325,0.000781,0.001946,0.930377
27.0000,3.608232,-0.014018,-3.815451,0.000849,0.002038,0.950480,4.445649,0.009823,-2.964643,0.000997,0.002027,0.945434
27.0500,3.608176,-0.014094,-3.815454,0.000856,0.002033,0.963027,4.464584,0.022801,-2.964307,0.000853,0.002092,0.955418
27.1000,3.608122,-0.014170,-3.815457,0.000862,0.002029,0.975574,4.492744,0.042628,-2.964628,0.000575,0.001989,0.970617
27.1500,3.608069,-0.014245,-3.815461,0.000869,0.002024,0.988120,4.511348,0.056080,-2.964296,0.000998,0.001849,0.980622
27.2000,3.608017,-0.014320,-3.815464,0.000876,0.002020,1.000666,4.539002,0.076610,-2.964611,0.000815,0.001972,0.995726
27.2500,3.607967,-0.014396,-3.815467,0.000882,0.002016,1.013211,4.557261,0.090525,-2.964285,0.000917,0.002001,1.005726
27.3000,3.607919,-0.014471,-3.815471,0.000889,0.002012,1.025756,4.584395,0.111739,-2.964603,0.000887,0.002081,1.020853
27.3500,3.607872,-0.014546,-3.815474,0.000895,0.002007,1.038300,4.602304,0.126107,-2.964282,0.000816,0.002007,1.030887
27.4000,3.607826,-0.014621,-3.815477,0.000901,0.002003,1.050844,4.628902,0.147995,-2.964597,0.000799,0.001947,1.045874
27.4500,3.607782,-0.014696,-3.815480,0.000908,0.001999,1.063387,4.646446,0.162807,-2.964279,0.000910,0.001962,1.055922
27.5000,3.607739,-0.014770,-3.815484,0.000914,0.001995,1.075930,3.485254,-0.706057,-2.964349,0.000841,0.002034,1.070835
27.5500,3.607698,-0.014844,-3.815487,0.000920,0.001991,1.088473,3.472392,-0.722924,-2.964079,0.000844,0.002023,1.080917
27.6000,3.607658,-0.014918,-3.815490,0.000927,0.001987,1.101015,3.453424,-0.748468,-2.964374,0.000875,0.002024,1.095950
27.6500,3.607619,-0.014992,-3.815493,0.000933,0.001983,1.113557,3.440992,-0.765654,-2.964101,0.000938,0.001879,1.105921
27.7000,3.607582,-0.015065,-3.815496,0.000939,0.001979,1.126098,3.422671,-0.791666,-2.964403,0.000831,0.001906,1.121242
27.7500,3.607546,-0.015139,-3.815499,0.000945,0.001976,1.138639,3.410674,-0.809161,-2.964130,0.001032,0.001928,1.130935
27.8000,3.607511,-0.015212,-3.815502,0.000951,0.001972,1.151180,3.393008,-0.835625,-2.964435,0.000916,0.002083,1.146168
27.8500,3.607477,-0.015284,-3.815505,0.000957,0.001968,1.163720,3.381451,-0.853415,-2.964156,0.001060,0.001946,1.156164
27.9000,3.607445,-0.015356,-3.815508,0.000963,0.001964,1.176260,3.364458,-0.880312,-2.964463,0.001114,0.002054,1.170993
27.9500,3.607414,-0.015428,-3.815511,0.000969,0.001960,1.188799,3.353354,-0.898385,-2.964182,0.000750,0.001800,1.181307
28.0000,3.607385,-0.015500,-3.815513,0.000974,0.001956,1.201338,3.337043,-0.925702,-2.964497,0.000893,0.002042,1.196157
28.0500,3.607356,-0.015571,-3.815516,0.000980,0.001953,1.213876,3.326395,-0.944049,-2.964214,0.001022,0.002106,1.206208
28.1000,3.607329,-0.015642,-3.815519,0.000986,0.001949,1.226415,3.310777,-0.971767,-2.964524,0.000989,0.001934,1.221443
28.1500,3.607303,-0.015712,-3.815522,0.000992,0.001945,1.238952,3.300597,-0.990376,-2.964239,0.000978,0.001897,1.231504
28.2000,3.607278,-0.015783,-3.815525,0.000997,0.001941,1.251490,3.285685,-1.018477,-2.964552,0.001064,0.002116,1.246595
28.2500,3.607254,-0.015852,-3.815527,0.001003,0.001938,1.264027,3.275978,-1.037333,-2.964259,0.000835,0.001876,1.256520
28.3000,3.607232,-0.015922,-3.815530,0.001009,0.001934,1.276564,3.261781,-1.065793,-2.964577,0.000928,0.001866,1.271587
28.3520,3.607210,-0.015990,-3.815533,0.001014,0.001930,1.289100,3.252549,-1.084884,-2.964287,0.000937,0.002043,1.281604
28.4000,3.607190,-0.016059,-3.815535,0.001020,0.001926,1.301636,3.239067,-1.113688,-2.964605,0.001047,0.001850,1.296555
28.4500,3.607170,-0.016127,-3.815538,0.001025,0.001923,1.314171,3.230317,-1.133004,-2.964313,0.000990,0.001988,1.306650
28.5000,3.607152,-0.016194,-3.815541,0.001031,0.001919,1.326707,3.546047,-0.117989,-2.964788,0.001182,0.001943,1.321677
28.5500,3.607135,-0.016261,-3.815543,0.001036,0.001915,1.339242,3.541987,-0.105371,-2.964463,0.001142,0.002064,1.331552
28.6000,3.607119,-0.016328,-3.815546,0.001041,0.001912,1.351776,3.535666,-0.086518,-2.964796,0.000924,0.002003,1.346693
28.6500,3.607103,-0.016394,-3.815548,0.001047,0.001908,1.364310,3.531295,-0.074004,-2.964471,0.001153,0.002025,1.356685
28.7000,3.607089,-0.016460,-3.815551,0.001052,0.001904,1.376844,3.524508,-0.055312,-2.964803,0.001169,0.001890,1.371835
28.7500,3.607076,-0.016525,-3.815553,0.001057,0.001900,1.389378,3.519827,-0.042910,-2.964476,0.000972,0.002005,1.381886
28.8000,3.607064,-0.016589,-3.815556,0.001063,0.001897,1.401911,3.512577,-0.024394,-2.964806,0.001116,0.001802,1.396745
28.8500,3.607053,-0.016653,-3.815558,0.001068,0.001893,1.414444,3.507591,-0.012113,-2.964481,0.001102,0.001908,1.406944
28.9000,3.607042,-0.016717,-3.815560,0.001073,0.001889,1.426976,3.499884,0.006216,-2.964809,0.000926,0.001884,1.422081
28.9500,3.607033,-0.016780,-3.815563,0.001078,0.001885,1.439509,3.494590,0.018368,-2.964484,0.001009,0.001967,1.431843
29.0000,3.607024,-0.016843,-3.815565,0.001083,0.001882,1.452040,3.486425,0.036501,-2.964811,0.001050,0.001731,1.447119
29.0500,3.607017,-0.016905,-3.815567,0.001088,0.001878,1.464572,3.480828,0.048517,-2.964487,0.001010,0.001810,1.457009
29.1000,3.607010,-0.016966,-3.815570,0.001094,0.001874,1.477103,3.472213,0.066440,-2.964813,0.001059,0.001982,1.472292
29.1500,3.607004,-0.017027,-3.815572,0.001099,0.001870,1.489634,3.466316,0.078313,-2.964489,0.001156,0.001870,1.482166
29.2000,3.606999,-0.017087,-3.815574,0.001104,0.001866,1.502165,3.457257,0.096017,-2.964813,0.001069,0.001867,1.497222
29.2500,3.606995,-0.017147,-3.815576,0.001109,0.001863,1.514695,3.451069,0.107741,-2.964489,0.001096,0.001947,1.507112
29.3000,3.606991,-0.017206,-3.815579,0.001113,0.001859,1.527225,3.441573,0.125213,-2.964813,0.001192,0.001874,1.522023
29.3500,3.606981,-0.017264,-3.815579,0.001128,0.001858,1.539358,3.435093,0.136777,-2.964492,0.001114,0.001847,1.532151
29.4000,3.606911,-0.017314,-3.815597,0.001189,0.001857,1.548684,3.425146,0.154010,-2.964818,0.001156,0.002115,1.545297
29.4500,3.606793,-0.017359,-3.815620,0.001267,0.001841,1.555249,3.418344,0.165438,-2.964507,0.001265,0.001903,1.551461
29.5000,3.606688,-0.017408,-3.815629,0.001313,0.001805,1.560500,3.536969,0.306142,-2.964880,0.001245,0.001704,1.558548
29.5500,3.606602,-0.017462,-3.815626,0.001323,0.001768,1.564727,3.533208,0.321709,-2.964550,0.001193,0.001908,1.562502
29.6000,3.606531,-0.017518,-3.815617,0.001315,0.001735,1.567928,3.527484,0.345030,-2.964863,0.001360,0.001679,1.566831
29.6500,3.606471,-0.017576,-3.815604,0.001295,0.001705,1.570282,3.523626,0.360561,-2.964543,0.001243,0.001687,1.568998
29.7000,3.606425,-0.017636,-3.815591,0.001264,0.001675,1.572027,3.517795,0.383845,-2.964846,0.001323,0.001639,1.571495
29.7500,3.606389,-0.017696,-3.815579,0.001223,0.001645,1.573309,3.513887,0.399359,-2.964546,0.001254,0.001628,1.572482
29.8000,3.606362,-0.017756,-3.815568,0.001177,0.001616,1.574212,3.508007,0.422623,-2.964851,0.001204,0.001649,1.573979
29.8500,3.606343,-0.017817,-3.815559,0.001127,0.001587,1.574810,3.504074,0.438128,-2.964576,0.001211,0.001427,1.574210
29.9000,3.606328,-0.017877,-3.815551,0.001075,0.001558,1.575172,3.498172,0.461383,-2.964884,0.001131,0.001522,1.575122
29.9500,3.606319,-0.017938,-3.815545,0.001022,0.001530,1.575351,3.494231,0.476882,-2.964631,0.001070,0.001576,1.575149
30.0000,3.606312,-0.017999,-3.815540,0.000969,0.001503,1.575386,3.488324,0.500132,-2.964948,0.000811,0.001478,1.575542
30.0500,3.606309,-0.018059,-3.815537,0.000916,0.001477,1.575309,3.484381,0.515629,-2.964712,0.000889,0.001498,1.575454
30.1000,3.606307,-0.018118,-3.815535,0.000864,0.001451,1.575143,3.478474,0.538880,-2.965037,0.000813,0.001416,1.575149
30.1500,3.606308,-0.018178,-3.815533,0.000814,0.001426,1.574909,3.474540,0.554381,-2.964812,0.000736,0.001348,1.574949
30.2000,3.606310,-0.018237,-3.815532,0.000766,0.001403,1.574622,3.468647,0.577637,-2.965145,0.000670,0.001565,1.574886
30.2500,3.606313,-0.018295,-3.815532,0.000719,0.001379,1.574294,3.464719,0.593141,-2.964924,0.000743,0.001226,1.574433
30.3000,3.606316,-0.018353,-3.815532,0.000674,0.001357,1.573935,3.458841,0.616401,-2.965263,0.000685,0.001388,1.574196
30.3500,3.606318,-0.018167,-3.815539,0.000631,0.001239,1.573469,3.454926,0.631908,-2.965042,0.000769,0.001377,1.573740
30.4000,3.606315,-0.015963,-3.815615,0.000574,0.000855,1.572768,3.449062,0.655913,-2.965412,0.000661,0.001004,1.573122
30.4500,3.606314,-0.010134,-3.815784,0.000489,0.000233,1.571985,3.445160,0.673913,-2.965415,0.000517,0.000638,1.572544
30.5000,3.606322,-0.000551,-3.816022,0.000387,-0.000501,1.571190,3.833269,-0.128454,-2.965970,0.000461,-0.000294,1.571477
30.5500,3.606333,0.011989,-3.816285,0.000280,-0.001218,1.570408,3.841791,-0.128779,-2.966495,0.000360,-0.000690,1.570851
30.6000,3.606346,0.026408,-3.816528,0.000167,-0.001861,1.569673,3.854581,-0.126101,-2.967216,0.000223,-0.001748,1.569916
30.6520,3.606363,0.041761,-3.816721,0.000061,-0.002394,1.568987,3.863112,-0.123013,-2.968021,0.000112,-0.001987,1.569441
30.7000,3.606385,0.057384,-3.816858,-0.000032,-0.002800,1.568355,3.875917,-0.117533,-2.968701,-0.000004,-0.002527,1.568659
30.7500,3.606412,0.072947,-3.816942,-0.000109,-0.003087,1.567745,3.884461,-0.113760,-2.969507,0.000167,-0.003108,1.568288
30.8000,3.606443,0.088407,-3.816983,-0.000172,-0.003266,1.567160,3.897287,-0.108209,-2.970120,-0.000088,-0.003116,1.567452
30.8500,3.606481,0.103761,-3.816989,-0.000221,-0.003356,1.566614,3.905847,-0.104601,-2.970758,-0.000091,-0.003213,1.566876
30.9000,3.606526,0.119028,-3.816970,-0.000256,-0.003377,1.566094,3.918698,-0.099311,-2.971338,-0.000188,-0.003311,1.566219
30.9500,3.606579,0.134230,-3.816934,-0.000279,-0.003344,1.565609,3.927273,-0.095855,-2.971727,-0.000246,-0.003213,1.565901
31.0000,3.606643,0.149397,-3.816886,-0.000292,-0.003268,1.565154,3.940149,-0.090745,-2.972300,-0.000417,-0.003360,1.565339
31.0500,3.606717,0.164552,-3.816830,-0.000295,-0.003159,1.564720,3.948742,-0.087364,-2.972421,-0.000357,-0.003269,1.564844
31.1000,3.606799,0.179711,-3.816771,-0.000289,-0.003024,1.564298,3.961644,-0.082313,-2.972995,-0.000498,-0.003215,1.564442
31.1500,3.606888,0.194879,-3.816710,-0.000276,-0.002871,1.563890,3.970255,-0.078935,-2.972857,-0.000436,-0.002994,1.564255
31.2000,3.606985,0.210058,-3.816648,-0.000256,-0.002703,1.563493,3.983177,-0.073875,-2.973427,-0.000415,-0.002690,1.563695
31.2500,3.607089,0.225244,-3.816588,-0.000230,-0.002525,1.563105,3.991801,-0.070481,-2.973059,-0.000391,-0.002671,1.563363
31.3000,3.607200,0.240436,-3.816530,-0.000200,-0.002340,1.562727,4.004743,-0.065409,-2.973617,-0.000306,-0.002370,1.562851
31.3500,3.607317,0.255629,-3.816474,-0.000166,-0.002150,1.562355,4.013380,-0.062006,-2.973052,-0.000209,-0.002188,1.562270
31.4000,3.607440,0.270822,-3.816421,-0.000129,-0.001959,1.561991,4.026338,-0.056935,-2.973587,-0.000280,-0.002176,1.562166
31.4500,3.607569,0.286013,-3.816371,-0.000091,-0.001767,1.561632,4.034984,-0.053533,-2.972865,-0.000086,-0.001830,1.561823
31.5000,3.607705,0.301202,-3.816324,-0.000052,-0.001577,1.561279,2.957639,0.792144,-2.973113,-0.000059,-0.001664,1.561434
31.5500,3.607846,0.316389,-3.816280,-0.000012,-0.001390,1.560931,2.934205,0.820222,-2.972331,-0.000083,-0.001639,1.561330
31.6000,3.607993,0.331573,-3.816240,0.000027,-0.001206,1.560588,2.899068,0.862335,-2.972805,0.000064,-0.001291,1.560839
31.6500,3.608146,0.346755,-3.816202,0.000065,-0.001027,1.560248,2.875658,0.890421,-2.971945,0.000113,-0.000996,1.560511
31.7020,3.608304,0.361935,-3.816168,0.000102,-0.000853,1.559913,2.840563,0.932556,-2.972393,0.000114,-0.000823,1.560016
31.7500,3.608468,0.377113,-3.816138,0.000138,-0.000685,1.559581,2.817183,0.960659,-2.971473,0.000066,-0.000614,1.559806
31.8000,3.608637,0.392289,-3.816110,0.000171,-0.000523,1.559253,2.782133,1.002819,-2.971892,0.000163,-0.000538,1.559456
31.8500,3.608811,0.407463,-3.816085,0.000203,-0.000367,1.558928,2.758778,1.030934,-2.970946,0.000286,-0.000343,1.559024
31.9000,3.608991,0.422635,-3.816063,0.000232,-0.000216,1.558607,2.723774,1.073120,-2.971330,0.000305,-0.000199,1.558600
31.9500,3.609175,0.437806,-3.816044,0.000260,-0.000072,1.558289,2.700454,1.101253,-2.970385,0.000238,-0.000119,1.558441
32.0000,3.609365,0.452974,-3.816028,0.000285,0.000066,1.557973,2.665494,1.143463,-2.970731,0.000035,0.000011,1.558134
32.0500,3.609559,0.468141,-3.816014,0.000307,0.000198,1.557661,2.642193,1.171604,-2.969806,0.000353,0.000198,1.557747
32.1000,3.609758,0.483306,-3.816003,0.000328,0.000324,1.557352,2.607262,1.213826,-2.970114,0.000138,0.000144,1.557506
32.1500,3.609962,0.498469,-3.815993,0.000346,0.000444,1.557045,2.583987,1.241972,-2.969221,0.000366,0.000284,1.557174
32.2000,3.610171,0.513631,-3.815986,0.000361,0.000558,1.556741,2.549098,1.284209,-2.969503,0.000227,0.000561,1.556973
32.2500,3.610384,0.528790,-3.815982,0.000375,0.000667,1.556440,2.525848,1.312363,-2.968654,0.000324,0.000567,1.556525
32.3000,3.610603,0.543948,-3.815979,0.000387,0.000771,1.556142,2.490998,1.354614,-2.968914,0.000337,0.000810,1.556149
32.3500,3.610825,0.559104,-3.815978,0.000396,0.000869,1.555846,2.467775,1.382778,-2.968119,0.000362,0.000778,1.555839
32.4000,3.611052,0.574258,-3.815978,0.000404,0.000963,1.555554,2.432964,1.425048,-2.968360,0.000413,0.000874,1.555679
32.4500,3.611284,0.589411,-3.815981,0.000410,0.001051,1.555263,2.409762,1.453219,-2.967618,0.000158,0.001103,1.555536
32.5000,3.611520,0.604562,-3.815985,0.000415,0.001135,1.554976,3.359111,1.069688,-2.967785,0.000325,0.001136,1.554996
32.5500,3.611761,0.619711,-3.815991,0.000418,0.001215,1.554690,3.364833,1.085258,-2.967105,0.000584,0.001305,1.554846
32.6000,3.612005,0.634859,-3.815998,0.000420,0.001291,1.554408,3.373430,1.108613,-2.967299,0.000428,0.001227,1.554566
32.6500,3.612254,0.650004,-3.816006,0.000420,0.001362,1.554128,3.379168,1.124177,-2.966678,0.000516,0.001240,1.554342
32.7000,3.612508,0.665149,-3.816016,0.000420,0.001430,1.553851,3.387788,1.147523,-2.966862,0.000271,0.001470,1.553940
32.7500,3.612765,0.680291,-3.816027,0.000418,0.001494,1.553576,3.393543,1.163081,-2.966299,0.000387,0.001433,1.553701
32.8000,3.613027,0.695433,-3.816039,0.000415,0.001554,1.553303,3.402186,1.186419,-2.966476,0.000392,0.001398,1.553476
32.8520,3.613293,0.710572,-3.816052,0.000412,0.001611,1.553034,3.407953,1.201971,-2.965965,0.000332,0.001534,1.553199
32.9000,3.613563,0.725710,-3.816066,0.000408,0.001665,1.552766,3.416615,1.225297,-2.966137,0.000379,0.001553,1.552723
32.9500,3.613837,0.740846,-3.816082,0.000403,0.001716,1.552501,3.422396,1.240838,-2.965678,0.000553,0.001538,1.552638
33.0000,3.614116,0.755981,-3.816098,0.000397,0.001764,1.552239,3.431080,1.264151,-2.965855,0.000415,0.001822,1.552202
33.0500,3.614398,0.771115,-3.816115,0.000392,0.001809,1.551979,3.436877,1.279687,-2.965441,0.000523,0.001863,1.552122
33.1000,3.614684,0.786247,-3.816133,0.000386,0.001851,1.551722,3.445586,1.302994,-2.965622,0.000411,0.001635,1.551722
33.1500,3.614974,0.801377,-3.816152,0.000379,0.001891,1.551467,3.451401,1.318523,-2.965246,0.000257,0.001748,1.551563
33.2000,3.615268,0.816506,-3.816171,0.000372,0.001929,1.551214,3.460131,1.341818,-2.965430,0.000308,0.002111,1.551341
33.2500,3.615566,0.831634,-3.816191,0.000365,0.001964,1.550964,3.465957,1.357341,-2.965089,0.000409,0.002155,1.551058
33.3000,3.615868,0.846760,-3.816212,0.000358,0.001998,1.550716,3.474706,1.380629,-2.965283,0.000343,0.001961,1.550792
33.3500,3.616173,0.861885,-3.816234,0.000351,0.002029,1.550470,3.480547,1.396146,-2.964970,0.000390,0.001979,1.550697
33.4000,3.616483,0.877008,-3.816256,0.000344,0.002058,1.550227,3.489318,1.419424,-2.965173,0.000515,0.002012,1.550200
33.4500,3.616796,0.892130,-3.816279,0.000336,0.002086,1.549986,3.495173,1.434934,-2.964885,0.000349,0.002118,1.550236
33.5000,3.617112,0.907251,-3.816302,0.000329,0.002112,1.549748,3.556778,1.545021,-2.965129,0.000378,0.002103,1.549842
33.5500,3.617433,0.922370,-3.816326,0.000322,0.002136,1.549512,3.564214,1.563077,-2.964856,0.000193,0.002175,1.549559
33.6000,3.617756,0.937488,-3.816350,0.000314,0.002158,1.549278,3.575376,1.590159,-2.965083,0.000274,0.002236,1.549585
33.6500,3.618084,0.952605,-3.816375,0.000307,0.002179,1.549046,3.582819,1.608212,-2.964827,0.000380,0.002250,1.549329
33.7000,3.618415,0.967720,-3.816400,0.000300,0.002199,1.548817,3.594003,1.635290,-2.965069,0.000443,0.002186,1.548993
33.7500,3.618750,0.982834,-3.816425,0.000293,0.002217,1.548590,3.601466,1.653339,-2.964822,0.000182,0.002200,1.548743
33.8000,3.619088,0.997947,-3.816451,0.000287,0.002235,1.548365,3.612673,1.680411,-2.965070,0.000237,0.002151,1.548453
33.8500,3.619429,1.013058,-3.816477,0.000280,0.002251,1.548142,3.620148,1.698454,-2.964829,0.000400,0.002147,1.548400
33.9000,3.619774,1.028168,-3.816504,0.000274,0.002265,1.547922,3.631368,1.725516,-2.965088,0.000324,0.002254,1.547931
33.9500,3.620122,1.043277,-3.816531,0.000267,0.002279,1.547703,3.638855,1.743552,-2.964855,0.000166,0.002291,1.547828
34.0000,3.620474,1.058385,-3.816558,0.000261,0.002292,1.547487,3.650094,1.770607,-2.965125,0.000291,0.002418,1.547734
34.0500,3.620829,1.073492,-3.816586,0.000256,0.002304,1.547273,3.657592,1.788638,-2.964895,0.000297,0.002349,1.547542
34.1000,3.621187,1.088597,-3.816613,0.000250,0.002315,1.547061,3.668850,1.815685,-2.965173,0.000244,0.002397,1.547171
34.1500,3.621549,1.103701,-3.816641,0.000244,0.002325,1.546852,3.676361,1.833710,-2.964946,0.000300,0.002311,1.547060
34.2000,3.621913,1.118805,-3.816670,0.000239,0.002334,1.546644,3.687634,1.860749,-2.965232,0.000235,0.002389,1.546954
34.2500,3.622281,1.133906,-3.816698,0.000234,0.002343,1.546438,3.695153,1.878768,-2.965004,0.000100,0.002185,1.546591
34.3020,3.622652,1.149007,-3.816727,0.000229,0.002350,1.546235,3.706447,1.905793,-2.965300,0.000196,0.002430,1.546278
34.3520,3.623026,1.164107,-3.816756,0.000225,0.002358,1.546033,3.713981,1.923804,-2.965071,0.000150,0.002404,1.546162
34.4000,3.623403,1.179205,-3.816785,0.000220,0.002364,1.545834,3.725290,1.950823,-2.965377,0.000225,0.002448,1.546055
34.4500,3.623784,1.194303,-3.816814,0.000216,0.002370,1.545636,3.732833,1.968830,-2.965146,0.000245,0.002167,1.545721
34.5000,3.624167,1.209399,-3.816844,0.000212,0.002376,1.545440,3.412785,1.512990,-2.965342,0.000402,0.002299,1.545681
34.5500,3.624553,1.224494,-3.816873,0.000208,0.002381,1.545247,3.410549,1.516821,-2.965125,0.000034,0.002104,1.545264
34.6000,3.624942,1.239588,-3.816903,0.000204,0.002385,1.545055,3.407202,1.522566,-2.965432,0.000265,0.002351,1.545112
34.6500,3.625334,1.254681,-3.816933,0.000201,0.002389,1.544866,3.404975,1.526394,-2.965212,0.000231,0.002427,1.544853
34.7000,3.625729,1.269773,-3.816963,0.000197,0.002393,1.544678,3.401639,1.532135,-2.965527,0.000232,0.002384,1.544842
34.7500,3.626127,1.284864,-3.816993,0.000194,0.002396,1.544492,3.399417,1.535960,-2.965302,0.000191,0.002261,1.544567
34.8000,3.626528,1.299954,-3.817023,0.000191,0.002398,1.544308,3.396090,1.541697,-2.965624,0.000143,0.002319,1.544465
34.8500,3.626931,1.315043,-3.817053,0.000188,0.002401,1.544126,3.393872,1.545517,-2.965393,0.000211,0.002323,1.544140
34.9020,3.627338,1.330130,-3.817084,0.000186,0.002403,1.543945,3.390552,1.551247,-2.965721,0.000288,0.002261,1.543998
34.9500,3.627747,1.345217,-3.817114,0.000183,0.002405,1.543767,3.388341,1.555062,-2.965484,0.000215,0.002475,1.543682
35.0000,3.628158,1.360303,-3.817145,0.000181,0.002406,1.543590,3.385031,1.560788,-2.965818,0.000336,0.002482,1.543607
35.0500,3.628573,1.375388,-3.817176,0.000178,0.002407,1.543415,3.382828,1.564603,-2.965576,0.000197,0.002379,1.543490
35.1000,3.628990,1.390472,-3.817206,0.000176,0.002408,1.543242,3.379529,1.570328,-2.965915,-0.000044,0.002546,1.543324
35.1500,3.629409,1.405555,-3.817237,0.000174,0.002409,1.543071,3.377332,1.574142,-2.965667,0.000141,0.002391,1.543302
35.2000,3.629832,1.420636,-3.817268,0.000172,0.002409,1.542901,3.374041,1.579864,-2.966010,0.000031,0.002417,1.542962
35.2500,3.630256,1.435717,-3.817299,0.000170,0.002410,1.542733,3.371850,1.583675,-2.965757,0.000406,0.002401,1.542927
35.3000,3.630684,1.450797,-3.817330,0.000169,0.002410,1.542567,3.368570,1.589396,-2.966103,-0.000028,0.002366,1.542704
35.3540,3.631114,1.465877,-3.817361,0.000167,0.002410,1.542402,3.366386,1.593206,-2.965845,0.000049,0.002332,1.542501
35.4000,3.631546,1.480955,-3.817392,0.000166,0.002409,1.542240,3.363113,1.598925,-2.966195,0.000289,0.002451,1.542211
35.4500,3.631981,1.496032,-3.817423,0.000164,0.002409,1.542078,3.360935,1.602733,-2.965932,0.000087,0.002445,1.542177
35.5000,3.632418,1.511108,-3.817455,0.000163,0.002408,1.541919,3.403291,1.506391,-2.966263,0.000296,0.002388,1.541989
35.5500,3.632858,1.526184,-3.817486,0.000162,0.002408,1.541761,3.402454,1.507196,-2.966000,0.000011,0.002476,1.541650
35.6000,3.633300,1.541258,-3.817517,0.000161,0.002407,1.541605,3.401200,1.508404,-2.966351,0.000019,0.002317,1.541644
35.6500,3.633745,1.556332,-3.817549,0.000160,0.002406,1.541450,3.400365,1.509206,-2.966084,0.000327,0.002361,1.541462
35.7000,3.634191,1.571405,-3.817580,0.000159,0.002405,1.541297,3.399117,1.510409,-2.966438,0.000256,0.002475,1.541441
35.7520,3.634641,1.586477,-3.817612,0.000158,0.002404,1.541145,3.398286,1.511209,-2.966167,0.000143,0.002336,1.541184
35.8000,3.635092,1.601548,-3.817643,0.000157,0.002403,1.540995,3.397042,1.512409,-2.966522,0.000094,0.002483,1.541033
35.8500,3.635546,1.616618,-3.817674,0.000156,0.002401,1.540847,3.396213,1.513206,-2.966248,0.000054,0.002314,1.540939
35.9000,3.636002,1.631688,-3.817706,0.000155,0.002400,1.540700,3.394972,1.514401,-2.966604,0.000212,0.002263,1.540542
35.9500,3.636460,1.646756,-3.817738,0.000155,0.002398,1.540554,3.394147,1.515194,-2.966327,0.000093,0.002339,1.540707
36.0000,3.636920,1.661824,-3.817769,0.000154,0.002397,1.540410,3.392910,1.516383,-2.966684,0.000227,0.002531,1.540375
36.0500,3.637382,1.676891,-3.817801,0.000154,0.002395,1.540268,3.392087,1.517173,-2.966405,0.000138,0.002247,1.540396
36.1020,3.637847,1.691957,-3.817832,0.000153,0.002394,1.540127,3.390853,1.518358,-2.966763,0.000174,0.002340,1.540165
36.1500,3.638314,1.707023,-3.817864,0.000153,0.002392,1.539987,3.390031,1.519144,-2.966481,0.000374,0.002530,1.540128
36.2000,3.638783,1.722087,-3.817896,0.000152,0.002390,1.539849,3.388803,1.520327,-2.966840,0.000109,0.002473,1.539820
36.2500,3.639254,1.737151,-3.817927,0.000152,0.002389,1.539712,3.387987,1.521111,-2.966557,0.000063,0.002222,1.539770
36.3000,3.639727,1.752214,-3.817959,0.000151,0.002387,1.539577,3.386765,1.522291,-2.966915,0.000118,0.002368,1.539801
36.3500,3.640202,1.767276,-3.817991,0.000151,0.002385,1.539443,3.385953,1.523074,-2.966631,0.000295,0.002403,1.539603
36.4000,3.640679,1.782338,-3.818022,0.000151,0.002383,1.539310,3.384738,1.524253,-2.966990,0.000210,0.002157,1.539273
36.4500,3.641158,1.797399,-3.818054,0.000151,0.002381,1.539179,3.383929,1.525033,-2.966704,0.000049,0.002320,1.539258
36.5000,3.641639,1.812459,-3.818086,0.000150,0.002379,1.539049,3.408297,1.490756,-2.967056,0.000168,0.002444,1.538886
36.5500,3.642121,1.827518,-3.818118,0.000150,0.002377,1.538921,3.408242,1.490493,-2.966771,0.000191,0.002385,1.538744
36.6000,3.642606,1.842576,-3.818149,0.000150,0.002376,1.538793,3.408165,1.490098,-2.967129,0.000085,0.002258,1.538946
36.6500,3.643093,1.857634,-3.818181,0.000150,0.002374,1.538667,3.408115,1.489831,-2.966842,0.000088,0.002223,1.538923
36.7020,3.643582,1.872691,-3.818213,0.000150,0.002372,1.538543,3.408041,1.489433,-2.967201,0.000238,0.002415,1.538458
36.7500,3.644072,1.887748,-3.818245,0.000150,0.002370,1.538419,3.407993,1.489166,-2.966914,0.000061,0.002385,1.538236
36.8000,3.644565,1.902803,-3.818277,0.000150,0.002368,1.538297,3.407924,1.488768,-2.967272,0.000239,0.002408,1.538097
36.8500,3.645059,1.917858,-3.818308,0.000150,0.002366,1.538176,3.407879,1.488501,-2.966984,0.000182,0.002553,1.538324
36.9000,3.645555,1.932913,-3.818340,0.000150,0.002364,1.538057,3.407815,1.488107,-2.967343,0.000281,0.002430,1.538217
36.9500,3.646052,1.947966,-3.818372,0.000150,0.002362,1.537938,3.407777,1.487843,-2.967054,0.000134,0.002346,1.538247
37.0000,3.646552,1.963019,-3.818404,0.000150,0.002360,1.537821,3.407723,1.487451,-2.967413,0.000038,0.002335,1.537803
37.0500,3.647053,1.978072,-3.818436,0.000150,0.002358,1.537705,3.407687,1.487186,-2.967124,0.000250,0.002454,1.537724
37.1000,3.647556,1.993123,-3.818468,0.000150,0.002356,1.537590,3.407636,1.486794,-2.967482,0.000224,0.002223,1.537723
37.1500,3.648061,2.008174,-3.818499,0.000150,0.002354,1.537477,3.407603,1.486529,-2.967194,0.000116,0.002321,1.537459
37.2000,3.648567,2.023225,-3.818531,0.000150,0.002352,1.537364,3.407555,1.486134,-2.967552,0.000221,0.002272,1.537445
37.2500,3.649076,2.038274,-3.818563,0.000150,0.002350,1.537253,3.407524,1.485865,-2.967263,0.000121,0.002496,1.537271
37.3000,3.649585,2.053323,-3.818595,0.000150,0.002348,1.537143,3.407479,1.485466,-2.967621,0.000164,0.002463,1.537292
37.3500,3.650097,2.068372,-3.818627,0.000150,0.002346,1.537034,3.407450,1.485195,-2.967332,0.000141,0.002294,1.537135
37.4000,3.650610,2.083420,-3.818659,0.000150,0.002344,1.536926,3.407409,1.484792,-2.967690,0.000212,0.002476,1.536832
37.4500,3.651124,2.098467,-3.818691,0.000150,0.002342,1.536819,3.407384,1.484519,-2.967400,0.000149,0.002420,1.536840
37.5000,3.651641,2.113514,-3.818723,0.000150,0.002340,1.536713,3.412914,1.483021,-2.967758,0.000207,0.002265,1.536745
37.5500,3.652158,2.128560,-3.818754,0.000151,0.002338,1.536609,3.413055,1.482716,-2.967469,0.000110,0.002420,1.536561
37.6000,3.652678,2.143605,-3.818786,0.000151,0.002336,1.536505,3.413268,1.482259,-2.967826,0.000136,0.002486,1.536736
37.6500,3.653199,2.158650,-3.818818,0.000151,0.002335,1.536403,3.413412,1.481953,-2.967537,0.000224,0.002337,1.536391
37.7000,3.653721,2.173694,-3.818850,0.000151,0.002333,1.536301,3.413630,1.481495,-2.967895,0.000097,0.002304,1.536351
37.7500,3.654245,2.188738,-3.818882,0.000151,0.002331,1.536201,3.413777,1.481186,-2.967606,0.000262,0.002378,1.536139
37.8000,3.654770,2.203781,-3.818914,0.000151,0.002329,1.536102,3.413999,1.480721,-2.967963,0.000186,0.002593,1.536145
37.8500,3.655297,2.218823,-3.818946,0.000151,0.002327,1.536003,3.414149,1.480410,-2.967674,0.000111,0.002275,1.536012
37.9000,3.655825,2.233865,-3.818978,0.000152,0.002325,1.535906,3.414374,1.479946,-2.968031,0.000338,0.002298,1.535947
37.9500,3.656355,2.248906,-3.819010,0.000152,0.002324,1.535810,3.414526,1.479634,-2.967742,0.000298,0.002380,1.535787
38.0000,3.656886,2.263947,-3.819042,0.000152,0.002322,1.535714,3.414759,1.479167,-2.968099,0.000302,0.002306,1.535819
38.0500,3.657419,2.278987,-3.819074,0.000152,0.002320,1.535620,3.414916,1.478852,-2.967810,0.000235,0.002210,1.535744
38.1000,3.657953,2.294027,-3.819106,0.000152,0.002318,1.535527,3.415156,1.478383,-2.968167,0.000133,0.002314,1.535518
38.1500,3.658488,2.309066,-3.819137,0.000152,0.002316,1.535434,3.415317,1.478068,-2.967878,0.000159,0.002501,1.535529
38.2000,3.659025,2.324105,-3.819169,0.000153,0.002315,1.535343,3.415560,1.477600,-2.968235,0.000213,0.002355,1.535440
38.2500,3.659563,2.339143,-3.819201,0.000153,0.002313,1.535252,3.415723,1.477284,-2.967946,0.000050,0.002389,1.535257
38.3000,3.660103,2.354181,-3.819233,0.000153,0.002311,1.535162,3.415968,1.476819,-2.968303,0.000307,0.002441,1.535259
38.3500,3.660643,2.369218,-3.819265,0.000153,0.002310,1.535074,3.416133,1.476506,-2.968014,0.000138,0.002333,1.534839
38.4000,3.661185,2.384254,-3.819297,0.000153,0.002308,1.534986,3.416386,1.476042,-2.968371,0.000042,0.002255,1.535073
38.4500,3.661729,2.399290,-3.819329,0.000153,0.002306,1.534899,3.416555,1.475728,-2.968082,0.000267,0.002249,1.534937
38.5000,3.662273,2.414326,-3.819361,0.000154,0.002305,1.534813,3.414626,1.481500,-2.968440,0.000119,0.002205,1.534831
38.5500,3.662819,2.429361,-3.819393,0.000154,0.002303,1.534728,3.414736,1.481372,-2.968150,0.000143,0.002363,1.534771
38.6000,3.663366,2.444395,-3.819425,0.000154,0.002301,1.534644,3.414903,1.481181,-2.968507,0.000026,0.002271,1.534729
38.6500,3.663915,2.459429,-3.819457,0.000154,0.002300,1.534560,3.415013,1.481051,-2.968218,0.000035,0.002336,1.534509
38.7020,3.664464,2.474463,-3.819489,0.000154,0.002298,1.534478,3.415178,1.480856,-2.968575,0.000345,0.002312,1.534541
38.7500,3.665015,2.489496,-3.819521,0.000154,0.002296,1.534396,3.415290,1.480724,-2.968286,0.000124,0.002133,1.534512
38.8000,3.665567,2.504529,-3.819553,0.000155,0.002295,1.534315,3.415458,1.480525,-2.968642,0.000197,0.002195,1.534253
38.8520,3.666120,2.519561,-3.819585,0.000155,0.002293,1.534235,3.415570,1.480393,-2.968353,0.000071,0.002293,1.534206
38.9000,3.666675,2.534593,-3.819617,0.000155,0.002292,1.534156,3.415741,1.480195,-2.968710,0.000276,0.002233,1.534101
38.9500,3.667230,2.549624,-3.819649,0.000155,0.002290,1.534078,3.415855,1.480060,-2.968421,0.000056,0.002288,1.534230
39.0000,3.667787,2.564655,-3.819681,0.000155,0.002289,1.534000,3.416027,1.479859,-2.968777,0.000189,0.002432,1.534038
39.0500,3.668345,2.579685,-3.819713,0.000156,0.002287,1.533924,3.416144,1.479723,-2.968488,0.000232,0.002286,1.533888
39.1000,3.668904,2.594715,-3.819745,0.000156,0.002286,1.533848,3.416321,1.479525,-2.968845,0.000162,0.002371,1.533923
39.1500,3.669464,2.609744,-3.819776,0.000156,0.002284,1.533772,3.416440,1.479389,-2.968556,0.000103,0.002340,1.533857
39.2000,3.670025,2.624773,-3.819808,0.000156,0.002283,1.533698,3.416621,1.479190,-2.968912,0.000226,0.002373,1.533751
39.2500,3.670588,2.639802,-3.819840,0.000156,0.002281,1.533624,3.416744,1.479055,-2.968623,0.000206,0.002321,1.533573
39.3000,3.671151,2.654830,-3.819872,0.000156,0.002280,1.533551,3.416929,1.478857,-2.968980,0.000149,0.002332,1.533574
39.3500,3.671715,2.669858,-3.819904,0.000157,0.002279,1.533479,3.417052,1.478721,-2.968691,0.000163,0.002412,1.533537
39.4000,3.672281,2.684885,-3.819936,0.000157,0.002277,1.533408,3.417242,1.478523,-2.969047,-0.000039,0.002415,1.533519
39.4500,3.672847,2.699912,-3.819968,0.000157,0.002276,1.533337,3.417369,1.478386,-2.968758,0.000045,0.002372,1.533436
39.5000,3.673415,2.714938,-3.820000,0.000157,0.002275,1.533267,3.414736,1.482085,-2.969115,0.000247,0.002301,1.533078
39.5500,3.673984,2.729965,-3.820032,0.000157,0.002273,1.533198,3.414783,1.482066,-2.968826,0.000089,0.002305,1.533212
39.6000,3.674553,2.744990,-3.820064,0.000157,0.002272,1.533129,3.414855,1.482039,-2.969182,0.000175,0.002245,1.533197
39.6500,3.675124,2.760015,-3.820096,0.000158,0.002271,1.533062,3.414904,1.482020,-2.968893,0.000162,0.002364,1.533251
39.7000,3.675696,2.775040,-3.820128,0.000158,0.002269,1.532995,3.414978,1.481993,-2.969249,0.000248,0.002266,1.532938
39.7500,3.676268,2.790065,-3.820160,0.000158,0.002268,1.532928,3.415027,1.481973,-2.968960,0.000189,0.002123,1.532970
39.8020,3.676842,2.805089,-3.820192,0.000158,0.002267,1.532862,3.415102,1.481942,-2.969316,0.000031,0.002240,1.532932
39.8500,3.677416,2.820113,-3.820224,0.000158,0.002265,1.532797,3.415152,1.481919,-2.969027,0.000196,0.002294,1.532966
39.9000,3.677992,2.835136,-3.820256,0.000158,0.002264,1.532733,3.415228,1.481887,-2.969383,0.000014,0.002332,1.532792
39.9500,3.678568,2.850159,-3.820288,0.000159,0.002263,1.532669,3.415280,1.481863,-2.969094,0.000077,0.002247,1.532665
40.0000,3.679145,2.865181,-3.820320,0.000159,0.002262,1.532606,3.415359,1.481830,-2.969450,0.000032,0.002223,1.532705
40.0500,3.679724,2.880204,-3.820352,0.000159,0.002260,1.532544,3.415411,1.481805,-2.969161,-0.000007,0.002225,1.532661
40.1000,3.680303,2.895225,-3.820384,0.000159,0.002259,1.532482,3.415488,1.481771,-2.969517,0.000258,0.002319,1.532606
40.1520,3.680883,2.910247,-3.820416,0.000159,0.002258,1.532421,3.415542,1.481746,-2.969228,0.000066,0.002392,1.532495
40.2000,3.681464,2.925268,-3.820448,0.000159,0.002257,1.532360,3.415624,1.481714,-2.969584,0.000198,0.002314,1.532388
40.2500,3.682046,2.940289,-3.820480,0.000159,0.002256,1.532300,3.415681,1.481690,-2.969295,0.000401,0.002283,1.532167
40.3000,3.682628,2.955309,-3.820512,0.000160,0.002254,1.532241,3.415772,1.481656,-2.969651,0.000268,0.002358,1.532264
40.3500,3.683212,2.970329,-3.820544,0.000160,0.002253,1.532182,3.415836,1.481630,-2.969362,0.000107,0.002258,1.532241
40.4000,3.683796,2.985349,-3.820576,0.000160,0.002252,1.532124,3.415933,1.481598,-2.969718,0.000123,0.002203,1.532166
40.4500,3.684382,3.000368,-3.820608,0.000160,0.002251,1.532067,3.415997,1.481573,-2.969429,0.000151,0.002373,1.532056
40.5000,3.684968,3.015387,-3.820640,0.000160,0.002250,1.532010,3.414450,1.482718,-2.969785,0.000034,0.002078,1.531960
40.5520,3.685555,3.030406,-3.820672,0.000160,0.002249,1.531953,3.414465,1.482729,-2.969496,0.000291,0.002123,1.532132
40.6000,3.686142,3.045424,-3.820704,0.000160,0.002248,1.531898,3.414491,1.482743,-2.969852,0.000094,0.002263,1.532073
40.6500,3.686731,3.060442,-3.820736,0.000161,0.002247,1.531842,3.414508,1.482749,-2.969562,0.000088,0.002342,1.531977
40.7000,3.687320,3.075460,-3.820768,0.000161,0.002246,1.531788,3.414533,1.482762,-2.969918,0.000160,0.002253,1.531901
40.7500,3.687910,3.090477,-3.820800,0.000161,0.002244,1.531734,3.414550,1.482768,-2.969629,0.000087,0.002076,1.531779
40.8000,3.688501,3.105495,-3.820832,0.000161,0.002243,1.531680,3.414575,1.482777,-2.969985,0.000169,0.002283,1.531639
40.8500,3.689093,3.120511,-3.820864,0.000161,0.002242,1.531627,3.414593,1.482782,-2.969696,0.000267,0.002207,1.531708
40.9000,3.689686,3.135528,-3.820896,0.000161,0.002241,1.531575,3.414619,1.482794,-2.970051,0.000115,0.002058,1.531443
40.9500,3.690279,3.150544,-3.820928,0.000161,0.002240,1.531523,3.414636,1.482801,-2.969762,0.000197,0.002276,1.531760
41.0000,3.690873,3.165560,-3.820960,0.000161,0.002239,1.531472,3.414663,1.482815,-2.970118,0.000281,0.002267,1.531458
41.0500,3.691467,3.180575,-3.820992,0.000162,0.002238,1.531421,3.414681,1.482822,-2.969829,0.000231,0.002172,1.531507
41.1000,3.692063,3.195590,-3.821024,0.000162,0.002237,1.531371,3.414711,1.482834,-2.970184,0.000178,0.002316,1.531346
41.1500,3.692659,3.210605,-3.821056,0.000162,0.002236,1.531321,3.414733,1.482840,-2.969895,0.000117,0.002405,1.531348
41.2000,3.693256,3.225620,-3.821088,0.000162,0.002235,1.531272,3.414766,1.482854,-2.970251,0.000150,0.002213,1.531283
41.2500,3.693854,3.240634,-3.821120,0.000162,0.002234,1.531223,3.414787,1.482860,-2.969962,0.000009,0.002211,1.531420
41.3000,3.694452,3.255648,-3.821152,0.000162,0.002234,1.531175,3.414819,1.482874,-2.970317,0.000163,0.002265,1.531375
41.3500,3.695051,3.270662,-3.821184,0.000162,0.002233,1.531127,3.414839,1.482879,-2.970028,0.000288,0.002187,1.531279
41.4000,3.695651,3.285676,-3.821216,0.000162,0.002232,1.531080,3.414874,1.482890,-2.970384,0.000232,0.002236,1.531158
41.4500,3.696251,3.300689,-3.821248,0.000163,0.002231,1.531033,3.414897,1.482893,-2.970094,0.000228,0.002131,1.530941
41.5000,3.696852,3.315702,-3.821280,0.000163,0.002230,1.530987,3.414232,1.482963,-2.970450,0.000179,0.002270,1.530932
41.5500,3.697454,3.330714,-3.821312,0.000163,0.002229,1.530941,3.414236,1.482968,-2.970161,0.000253,0.002451,1.530721
41.6000,3.698056,3.345727,-3.821344,0.000163,0.002228,1.530896,3.414244,1.482978,-2.970516,0.000221,0.002042,1.531124
41.6500,3.698659,3.360739,-3.821376,0.000163,0.002227,1.530851,3.414250,1.482983,-2.970227,0.000230,0.002233,1.530807
41.7000,3.699263,3.375751,-3.821408,0.000163,0.002226,1.530806,3.414262,1.482993,-2.970582,0.000207,0.002176,1.530916
41.7500,3.699867,3.390762,-3.821440,0.000163,0.002225,1.530762,3.414272,1.482997,-2.970293,0.000166,0.002088,1.530736
41.8000,3.700472,3.405773,-3.821472,0.000163,0.002225,1.530719,3.414287,1.483003,-2.970648,-0.000069,0.002119,1.530716
41.8520,3.701078,3.420785,-3.821504,0.000163,0.002224,1.530676,3.414296,1.483004,-2.970359,0.000176,0.002240,1.530623
41.9020,3.701684,3.435795,-3.821536,0.000164,0.002223,1.530633,3.414310,1.483008,-2.970715,0.000393,0.002269,1.530611
41.9500,3.702291,3.450806,-3.821568,0.000164,0.002222,1.530591,3.414322,1.483009,-2.970425,0.000364,0.002295,1.530685
42.0000,3.702898,3.465816,-3.821600,0.000164,0.002221,1.530549,3.414344,1.483014,-2.970781,0.000227,0.002028,1.530673
42.0500,3.703506,3.480826,-3.821632,0.000164,0.002220,1.530508,3.414360,1.483013,-2.970491,0.000212,0.002302,1.530605
42.1000,3.704115,3.495836,-3.821664,0.000164,0.002220,1.530467,3.414386,1.483015,-2.970847,0.000239,0.002274,1.530495
42.1500,3.704724,3.510846,-3.821696,0.000164,0.002219,1.530426,3.414404,1.483013,-2.970557,0.000126,0.002278,1.530388
42.2000,3.705334,3.525855,-3.821728,0.000164,0.002218,1.530386,3.414433,1.483015,-2.970913,0.000095,0.002285,1.530585
42.2500,3.705944,3.540864,-3.821760,0.000164,0.002217,1.530347,3.414452,1.483012,-2.970623,0.000164,0.002054,1.530412
42.3000,3.706555,3.555873,-3.821793,0.000164,0.002217,1.530307,3.414483,1.483011,-2.970979,0.000020,0.002268,1.530351
42.3500,3.707159,3.570693,-3.821810,0.000165,0.002327,1.530269,3.414503,1.483009,-2.970689,0.000027,0.002241,1.530302
42.4000,3.707683,3.583698,-3.821784,0.000182,0.002746,1.530226,3.414506,1.482419,-2.971018,0.000167,0.002352,1.530377
42.4500,3.708051,3.593178,-3.821684,0.000231,0.003445,1.530137,3.414428,1.480178,-2.970500,0.000279,0.002993,1.530219
42.5000,3.708251,3.598887,-3.821512,0.000313,0.004288,1.529974,3.413939,1.477787,-2.970659,0.000481,0.003997,1.529971
42.5500,3.708323,3.601574,-3.821288,0.000425,0.005169,1.529775,3.413595,1.469822,-2.969559,0.000354,0.004581,1.529916
42.6000,3.708322,3.602298,-3.821039,0.000549,0.006002,1.529577,3.412944,1.454609,-2.969519,0.000534,0.005613,1.529878
42.6500,3.708293,3.602010,-3.820806,0.000672,0.006703,1.529399,3.412459,1.443081,-2.967937,0.000604,0.006411,1.529571
42.7000,3.708266,3.601394,-3.820612,0.000781,0.007239,1.529246,3.411709,1.424857,-2.967805,0.000742,0.006880,1.529356
42.7500,3.708237,3.600765,-3.820467,0.000873,0.007613,1.529103,3.411207,1.412520,-2.966107,0.000822,0.007638,1.529192
42.8000,3.708214,3.600187,-3.820365,0.000946,0.007844,1.528987,3.410451,1.394053,-2.965982,0.000995,0.007832,1.529007
42.8500,3.708200,3.599701,-3.820299,0.000999,0.007963,1.528902,3.409948,1.381772,-2.964453,0.000858,0.008006,1.528906
42.9000,3.708193,3.599312,-3.820261,0.001032,0.007995,1.528834,3.409205,1.363498,-2.964343,0.000928,0.007879,1.528822
42.9500,3.708192,3.598998,-3.820243,0.001048,0.007960,1.528774,3.408708,1.351365,-2.963115,0.000969,0.008027,1.528861
43.0000,3.708194,3.598733,-3.820240,0.001048,0.007872,1.528722,3.407972,1.333280,-2.963009,0.001003,0.007974,1.528690
43.0500,3.708195,3.598492,-3.820245,0.001035,0.007744,1.528677,3.407477,1.321236,-2.962116,0.001153,0.007760,1.528658
43.1000,3.708196,3.598258,-3.820256,0.001010,0.007585,1.528638,3.406737,1.303222,-2.962018,0.001049,0.007640,1.528470
43.1500,3.708198,3.598027,-3.820270,0.000975,0.007404,1.528602,3.406241,1.291200,-2.961452,0.000876,0.007433,1.528599
43.2000,3.708200,3.597796,-3.820286,0.000933,0.007206,1.528571,3.405500,1.273189,-2.961369,0.001121,0.007263,1.528555
43.2500,3.708201,3.597562,-3.820303,0.000884,0.006995,1.528545,3.405005,1.261174,-2.961094,0.000814,0.007338,1.528497
43.3000,3.708201,3.597328,-3.820320,0.000830,0.006777,1.528521,3.404261,1.243161,-2.961042,0.001007,0.006869,1.528626
43.3500,3.708197,3.597077,-3.820338,0.000757,0.006540,1.528912,3.403767,1.231150,-2.961013,0.000664,0.006693,1.528426
43.4000,3.708215,3.596782,-3.820388,0.000639,0.006278,1.532119,3.403027,1.213099,-2.961021,0.000722,0.006226,1.530589
43.4500,3.708258,3.596474,-3.820454,0.000507,0.006008,1.538149,3.402586,1.201039,-2.961244,0.000608,0.005983,1.534337
43.5000,3.708296,3.596186,-3.820512,0.000385,0.005719,1.545491,3.411800,1.425379,-2.961570,0.000342,0.005827,1.542380
43.5500,3.708329,3.595920,-3.820560,0.000287,0.005441,1.553712,3.411707,1.420461,-2.961937,0.000502,0.005520,1.548622
43.6000,3.708364,3.595674,-3.820599,0.000205,0.005184,1.562852,3.411622,1.413106,-2.962109,0.000268,0.005173,1.558945
43.6500,3.708403,3.595442,-3.820631,0.000137,0.004946,1.572813,3.411615,1.408219,-2.962579,0.000115,0.005062,1.566687
43.7000,3.708440,3.595221,-3.820657,0.000087,0.004726,1.583371,3.411675,1.400902,-2.962802,-0.000077,0.004831,1.579070
43.7500,3.708474,3.595007,-3.820679,0.000058,0.004522,1.594357,3.411763,1.396035,-2.963311,-0.000069,0.004764,1.587966
43.8000,3.708502,3.594798,-3.820697,0.000046,0.004334,1.605684,3.411968,1.388742,-2.963591,0.000044,0.004399,1.601096
43.8500,3.708527,3.594593,-3.820712,0.000046,0.004161,1.617291,3.412156,1.383889,-2.964085,0.000068,0.004310,1.610278
43.9000,3.708550,3.594390,-3.820725,0.000055,0.004002,1.629118,3.412519,1.376615,-2.964423,0.000126,0.004040,1.624320
43.9500,3.708571,3.594191,-3.820736,0.000071,0.003854,1.641112,3.412818,1.371773,-2.964866,0.000083,0.004021,1.633830
44.0000,3.708591,3.593994,-3.820746,0.000091,0.003718,1.653236,3.413352,1.364517,-2.965257,0.000162,0.003615,1.648295
44.0500,3.708611,3.593799,-3.820755,0.000113,0.003593,1.665463,3.413767,1.359686,-2.965625,0.000179,0.003840,1.658099
44.1000,3.708631,3.593608,-3.820764,0.000136,0.003477,1.677770,3.414477,1.352450,-2.966062,0.000179,0.003493,1.672968
44.1500,3.708652,3.593419,-3.820772,0.000159,0.003369,1.690139,3.415010,1.347633,-2.966343,0.000128,0.003645,1.682681
44.2000,3.708675,3.593232,-3.820779,0.000182,0.003270,1.702557,3.415898,1.340424,-2.966818,0.000280,0.003537,1.697600
44.2520,3.708699,3.593048,-3.820786,0.000204,0.003178,1.715011,3.416552,1.335629,-2.967007,0.000127,0.003174,1.707586
44.3000,3.708725,3.592867,-3.820793,0.000225,0.003094,1.727496,3.417621,1.328453,-2.967512,0.000415,0.003077,1.722691
44.3500,3.708752,3.592688,-3.820800,0.000245,0.003016,1.740002,3.418398,1.323680,-2.967610,0.000250,0.003161,1.732559
44.4000,3.708780,3.592512,-3.820806,0.000264,0.002944,1.752526,3.419653,1.316542,-2.968136,0.000503,0.002911,1.747449
44.4500,3.708811,3.592338,-3.820813,0.000282,0.002877,1.765064,3.420553,1.311797,-2.968146,0.000219,0.002982,1.757620
44.5000,3.708843,3.592166,-3.820820,0.000299,0.002816,1.777611,3.415584,1.449912,-2.968680,0.000462,0.002774,1.772691
44.5500,3.708876,3.591997,-3.820826,0.000316,0.002759,1.790167,3.415824,1.449407,-2.968606,0.000575,0.002658,1.782611
44.6000,3.708911,3.591829,-3.820833,0.000331,0.002707,1.802728,3.416200,1.448657,-2.969149,0.000388,0.002687,1.797677
44.6500,3.708948,3.591665,-3.820839,0.000346,0.002658,1.815293,3.416459,1.448162,-2.969003,0.000275,0.002745,1.807667
44.7000,3.708986,3.591502,-3.820846,0.000360,0.002613,1.827862,3.416859,1.447426,-2.969547,0.000390,0.002696,1.822870
44.7500,3.709026,3.591342,-3.820852,0.000374,0.002572,1.840434,3.417132,1.446941,-2.969337,0.000466,0.002544,1.832816
44.8000,3.709068,3.591183,-3.820859,0.000386,0.002533,1.853007,3.417551,1.446223,-2.969878,0.000322,0.002494,1.847799
44.8500,3.709111,3.591027,-3.820866,0.000399,0.002497,1.865581,3.417836,1.445748,-2.969614,0.000467,0.002604,1.858104
44.9000,3.709155,3.590874,-3.820873,0.000411,0.002464,1.878156,3.418272,1.445046,-2.970147,0.000407,0.002376,1.873116
44.9500,3.709201,3.590722,-3.820880,0.000423,0.002433,1.890731,3.418570,1.444582,-2.969838,0.000408,0.002460,1.883197
45.0000,3.709248,3.590573,-3.820886,0.000434,0.002404,1.903306,3.419028,1.443893,-2.970361,0.000474,0.002491,1.898257
45.0500,3.709297,3.590426,-3.820893,0.000445,0.002378,1.915882,3.419341,1.443438,-2.970015,0.000525,0.002405,1.908357
45.1000,3.709347,3.590281,-3.820900,0.000456,0.002353,1.928457,3.419822,1.442765,-2.970526,0.000615,0.002369,1.923342
45.1500,3.709398,3.590138,-3.820907,0.000467,0.002329,1.941032,3.420150,1.442320,-2.970150,0.000447,0.002351,1.933562
45.2000,3.709451,3.589997,-3.820914,0.000478,0.002307,1.953606,3.420653,1.441661,-2.970647,0.000729,0.002312,1.948697
45.2500,3.709505,3.589859,-3.820921,0.000488,0.002287,1.966180,3.420996,1.441227,-2.970250,0.000507,0.002313,1.958872
45.3000,3.709560,3.589723,-3.820928,0.000498,0.002268,1.978753,3.421521,1.440587,-2.970732,0.000529,0.002386,1.973721
45.3500,3.709616,3.589588,-3.820935,0.000508,0.002250,1.991326,3.421877,1.440166,-2.970319,0.000741,0.002337,1.983864
45.4000,3.709674,3.589456,-3.820942,0.000518,0.002233,2.003898,3.422423,1.439549,-2.970785,0.000415,0.002292,1.999006
45.4500,3.709732,3.589326,-3.820949,0.000528,0.002217,2.016470,3.422790,1.439142,-2.970362,0.000411,0.002167,2.008875
45.5000,3.709792,3.589199,-3.820956,0.000538,0.002202,2.029041,4.102906,3.590829,-2.970978,0.000545,0.002115,2.023972
45.5500,3.709852,3.589073,-3.820963,0.000547,0.002187,2.041611,4.112408,3.656543,-2.970517,0.000564,0.002185,2.033961
45.6000,3.709914,3.588949,-3.820969,0.000557,0.002174,2.054181,4.125426,3.755289,-2.970955,0.000441,0.002060,2.049077
45.6500,3.709976,3.588828,-3.820976,0.000566,0.002161,2.066750,4.133283,3.821222,-2.970495,0.000698,0.002254,2.059157
45.7000,3.710040,3.588708,-3.820983,0.000575,0.002149,2.079318,4.143815,3.920267,-2.970922,0.000503,0.002061,2.074267
45.7520,3.710104,3.588591,-3.820990,0.000584,0.002138,2.091886,4.150004,3.986380,-2.970469,0.000551,0.002177,2.084239
45.8000,3.710169,3.588475,-3.820996,0.000594,0.002127,2.104453,4.158060,4.085661,-2.970883,0.000651,0.002086,2.099436
45.8500,3.710235,3.588362,-3.821003,0.000603,0.002117,2.117019,4.162593,4.151912,-2.970441,0.000548,0.002187,2.109595
45.9000,3.710302,3.588250,-3.821010,0.000611,0.002107,2.129585,4.168136,4.251373,-2.970834,0.000631,0.002131,2.124554
45.9500,3.710369,3.588141,-3.821016,0.000620,0.002098,2.142150,4.171004,4.317720,-2.970398,0.000743,0.002232,2.134732
46.0000,3.710437,3.588034,-3.821023,0.000629,0.002089,2.154714,4.174054,4.417293,-2.970777,0.000688,0.002003,2.149877
46.0500,3.710506,3.587928,-3.821029,0.000638,0.002080,2.167278,4.175252,4.483693,-2.970352,0.000665,0.002054,2.159855
46.1000,3.710575,3.587825,-3.821036,0.000646,0.002072,2.179841,4.175808,4.583313,-2.970721,0.000453,0.002120,2.174825
46.1500,3.710645,3.587723,-3.821042,0.000655,0.002064,2.192403,4.175342,4.649725,-2.970316,0.000615,0.002123,2.184916
46.2000,3.710716,3.587624,-3.821049,0.000663,0.002057,2.204965,4.173382,4.749334,-2.970676,0.000612,0.002002,2.199956
46.2500,3.710787,3.587526,-3.821055,0.000671,0.002049,2.217527,4.171244,4.815716,-2.970277,0.000564,0.002013,2.209836
46.3000,3.710859,3.587431,-3.821061,0.000679,0.002042,2.230087,4.166799,4.915248,-2.970619,0.000479,0.002113,2.225096
46.3500,3.710931,3.587337,-3.821067,0.000688,0.002036,2.242647,4.162999,4.981557,-2.970230,0.000599,0.002120,2.235014
46.4000,3.711003,3.587245,-3.821073,0.000696,0.002029,2.255207,4.156055,5.080947,-2.970574,0.000747,0.002181,2.250104
46.4500,3.711076,3.587155,-3.821080,0.000704,0.002023,2.267766,4.150591,5.147143,-2.970204,0.000617,0.002105,2.260102
46.5000,3.711150,3.587067,-3.821086,0.000711,0.002017,2.280324,3.653303,3.977288,-2.970360,0.000773,0.002211,2.275371
46.5500,3.711224,3.586981,-3.821092,0.000719,0.002011,2.292882,3.638451,4.003819,-2.970027,0.000589,0.001954,2.285219
46.6000,3.711298,3.586896,-3.821097,0.000727,0.002005,2.305439,3.615675,4.043336,-2.970341,0.000671,0.001900,2.300371
46.6500,3.711372,3.586814,-3.821103,0.000734,0.002000,2.317995,3.600165,4.069489,-2.970009,0.000680,0.002146,2.310295
46.7000,3.711447,3.586733,-3.821109,0.000742,0.001995,2.330551,3.576409,4.108424,-2.970323,0.000809,0.002038,2.325418
46.7500,3.711522,3.586654,-3.821115,0.000749,0.001989,2.343107,3.560248,4.134181,-2.970004,0.000661,0.001996,2.335678
46.8000,3.711597,3.586576,-3.821121,0.000757,0.001984,2.355662,3.535517,4.172508,-2.970313,0.000852,0.001923,2.350610
46.8500,3.711672,3.586501,-3.821126,0.000764,0.001979,2.368216,3.518716,4.197852,-2.969999,0.000645,0.001981,2.360604
46.9000,3.711748,3.586427,-3.821132,0.000771,0.001974,2.380770,3.493038,4.235552,-2.970309,0.000791,0.001907,2.375790
46.9500,3.711824,3.586355,-3.821138,0.000778,0.001970,2.393323,3.475607,4.260467,-2.970000,0.000807,0.001905,2.386037
47.0000,3.711900,3.586285,-3.821143,0.000785,0.001965,2.405876,3.448990,4.297513,-2.970313,0.000792,0.001971,2.401001
47.0500,3.711976,3.586216,-3.821148,0.000792,0.001961,2.418428,3.430937,4.321984,-2.970009,0.000969,0.001913,2.410933
47.1000,3.712052,3.586149,-3.821154,0.000799,0.001956,2.430980,3.403401,4.358357,-2.970323,0.000873,0.002146,2.426116
47.1500,3.712128,3.586084,-3.821159,0.000806,0.001952,2.443531,3.384742,4.382374,-2.970021,0.000662,0.001789,2.435951
47.2000,3.712204,3.586020,-3.821165,0.000813,0.001948,2.456082,3.356304,4.418050,-2.970331,0.000795,0.001733,2.451001
47.2500,3.712281,3.585958,-3.821170,0.000820,0.001943,2.468632,3.337051,4.441593,-2.970026,0.000836,0.002196,2.461036
47.3000,3.712357,3.585898,-3.821175,0.000826,0.001939,2.481182,3.307728,4.476550,-2.970346,0.000817,0.001843,2.475831
47.3500,3.712433,3.585839,-3.821180,0.000833,0.001935,2.493731,3.287891,4.499607,-2.970043,0.000758,0.001863,2.486069
47.4000,3.712509,3.585782,-3.821185,0.000839,0.001931,2.506280,3.257700,4.533820,-2.970359,0.000871,0.001947,2.501377
47.4500,3.712585,3.585726,-3.821190,0.000846,0.001927,2.518828,3.237284,4.556369,-2.970060,0.000793,0.001929,2.511311
47.5000,3.712662,3.585672,-3.821195,0.000852,0.001923,2.531376,4.124598,3.760754,-2.970196,0.000754,0.002088,2.526423
47.5500,3.712738,3.585619,-3.821200,0.000859,0.001919,2.543923,4.134699,3.763327,-2.969926,0.000854,0.001944,2.536269
47.6000,3.712813,3.585568,-3.821205,0.000865,0.001916,2.556470,4.149800,3.767380,-2.970230,0.000960,0.001841,2.551500
47.6500,3.712889,3.585519,-3.821210,0.000871,0.001912,2.569016,4.159834,3.770209,-2.969958,0.000823,0.001936,2.561429
47.7000,3.712965,3.585470,-3.821215,0.000877,0.001908,2.581562,4.174829,3.774643,-2.970264,0.000822,0.001788,2.576547
47.7500,3.713040,3.585424,-3.821220,0.000883,0.001904,2.594107,4.184787,3.777725,-2.969990,0.000902,0.001901,2.586635
47.8000,3.713115,3.585379,-3.821224,0.000889,0.001901,2.606652,4.199665,3.782539,-2.970301,0.000778,0.001880,2.601550
47.8500,3.713191,3.585335,-3.821229,0.000896,0.001897,2.619197,4.209542,3.785872,-2.970023,0.000991,0.001934,2.611645
47.9000,3.713265,3.585292,-3.821234,0.000902,0.001893,2.631741,4.224292,3.791060,-2.970336,0.000863,0.001943,2.626614
47.9520,3.713340,3.585251,-3.821238,0.000907,0.001890,2.644285,4.234082,3.794641,-2.970055,0.000912,0.001875,2.636705
48.0000,3.713414,3.585212,-3.821243,0.000913,0.001886,2.656828,4.248695,3.800201,-2.970372,0.001069,0.001804,2.651815
48.0500,3.713488,3.585173,-3.821247,0.000919,0.001882,2.669371,4.258391,3.804032,-2.970089,0.001045,0.001901,2.661779
48.1000,3.713562,3.585136,-3.821252,0.000925,0.001879,2.681913,4.272864,3.809967,-2.970409,0.001056,0.001990,2.676978
48.1500,3.713636,3.585101,-3.821256,0.000931,0.001875,2.694455,4.282463,3.814044,-2.970119,0.000739,0.001869,2.686825
48.2000,3.713709,3.585067,-3.821260,0.000937,0.001872,2.706996,4.296779,3.820344,-2.970439,0.000927,0.001797,2.702076
48.2500,3.713782,3.585034,-3.821265,0.000942,0.001868,2.719538,4.306271,3.824661,-2.970147,0.000960,0.001828,2.711977
48.3000,3.713855,3.585002,-3.821269,0.000948,0.001865,2.732078,4.320424,3.831322,-2.970469,0.000938,0.001876,2.727180
48.3500,3.713927,3.584971,-3.821273,0.000953,0.001861,2.744619,4.329803,3.835878,-2.970174,0.001064,0.001875,2.737216
48.4000,3.713999,3.584942,-3.821277,0.000959,0.001858,2.757158,4.343783,3.842895,-2.970497,0.000825,0.002060,2.752011
48.4500,3.714070,3.584914,-3.821281,0.000965,0.001854,2.769698,4.353042,3.847688,-2.970198,0.001043,0.001838,2.762136
48.5000,3.714141,3.584887,-3.821286,0.000970,0.001851,2.782237,3.872868,3.584515,-2.970525,0.001020,0.001944,2.777446
48.5500,3.714212,3.584861,-3.821290,0.000975,0.001847,2.794776,3.868970,3.579095,-2.970223,0.000839,0.001846,2.787112
48.6000,3.714283,3.584837,-3.821294,0.000981,0.001844,2.807314,3.863221,3.570896,-2.970548,0.000992,0.001876,2.802083
48.6500,3.714353,3.584814,-3.821298,0.000986,0.001840,2.819852,3.859458,3.565381,-2.970244,0.000874,0.001709,2.812389
48.7000,3.714422,3.584791,-3.821301,0.000992,0.001837,2.832390,3.853916,3.557040,-2.970569,0.000941,0.001673,2.827480
48.7500,3.714491,3.584770,-3.821305,0.000997,0.001833,2.844927,3.850293,3.551431,-2.970263,0.000881,0.001850,2.837445
48.8000,3.714560,3.584750,-3.821309,0.001002,0.001830,2.857464,3.844964,3.542952,-2.970588,0.001021,0.001742,2.852471
48.8500,3.714628,3.584731,-3.821313,0.001007,0.001826,2.870000,3.841484,3.537252,-2.970280,0.000924,0.001912,2.862493
48.9000,3.714696,3.584713,-3.821317,0.001013,0.001823,2.882536,3.836369,3.528642,-2.970604,0.001107,0.001921,2.877787
48.9500,3.714763,3.584697,-3.821321,0.001018,0.001819,2.895072,3.833033,3.522859,-2.970296,0.000930,0.001818,2.887468
49.0000,3.714830,3.584681,-3.821324,0.001023,0.001816,2.907607,3.828135,3.514124,-2.970619,0.000965,0.001868,2.902558
49.0500,3.714896,3.584666,-3.821328,0.001028,0.001812,2.920142,3.824945,3.508260,-2.970310,0.001114,0.001657,2.912562
49.1020,3.714962,3.584652,-3.821332,0.001033,0.001809,2.932677,3.820268,3.499407,-2.970634,0.001029,0.001864,2.927790
49.1500,3.715027,3.584640,-3.821335,0.001038,0.001805,2.945211,3.817224,3.493465,-2.970324,0.001080,0.001812,2.937526
49.2000,3.715092,3.584628,-3.821339,0.001043,0.001802,2.957745,3.812764,3.484500,-2.970647,0.000933,0.001806,2.952733
49.2500,3.715156,3.584617,-3.821342,0.001048,0.001798,2.970279,3.809869,3.478484,-2.970336,0.000888,0.001539,2.962707
49.3000,3.715220,3.584607,-3.821346,0.001053,0.001794,2.982812,3.805638,3.469409,-2.970659,0.001178,0.001685,2.977812
49.3500,3.715283,3.584598,-3.821349,0.001058,0.001791,2.995345,3.802898,3.463322,-2.970348,0.001126,0.001897,2.987976
49.4000,3.715346,3.584590,-3.821352,0.001063,0.001787,3.007878,3.798899,3.454147,-2.970670,0.000980,0.001885,3.002881
49.4500,3.715408,3.584582,-3.821356,0.001068,0.001784,3.020411,3.796313,3.447995,-2.970359,0.001110,0.001838,3.012940
49.5000,3.715470,3.584576,-3.821359,0.001073,0.001780,3.032943,3.514946,3.088329,-2.970668,0.001038,0.001733,3.027926
49.5500,3.715531,3.584570,-3.821362,0.001078,0.001777,3.045474,3.506215,3.070459,-2.970357,0.000980,0.001709,3.037661
49.6000,3.715591,3.584566,-3.821366,0.001082,0.001773,3.058006,3.493450,3.043495,-2.970680,0.000985,0.001827,3.053025
49.6500,3.715650,3.584555,-3.821367,0.001096,0.001772,3.070139,3.485168,3.025410,-2.970371,0.001123,0.002023,3.063012
49.7000,3.715699,3.584484,-3.821386,0.001161,0.001773,3.079468,3.473069,2.998114,-2.970694,0.001219,0.001876,3.076197
49.7500,3.715740,3.584366,-3.821409,0.001245,0.001760,3.086037,3.465182,2.979782,-2.970388,0.001364,0.001897,3.082380
49.8000,3.715786,3.584261,-3.821418,0.001296,0.001725,3.091288,3.453532,2.952176,-2.970720,0.001149,0.001662,3.089397
49.8500,3.715837,3.584176,-3.821415,0.001310,0.001689,3.095518,3.445874,2.933744,-2.970399,0.001299,0.001782,3.093094
49.9000,3.715891,3.584104,-3.821406,0.001305,0.001658,3.098727,3.434511,2.906071,-2.970702,0.001371,0.001695,3.097605
49.9500,3.715947,3.584044,-3.821394,0.001289,0.001630,3.101090,3.427003,2.887604,-2.970391,0.001354,0.001513,3.099726
50.0000,3.716005,3.583995,-3.821381,0.001260,0.001601,3.102841,3.415810,2.859894,-2.970686,0.001286,0.001628,3.102093
50.0520,3.716064,3.583958,-3.821369,0.001222,0.001573,3.104126,3.408384,2.841414,-2.970396,0.001241,0.001775,3.103441
50.1000,3.716124,3.583930,-3.821359,0.001177,0.001546,3.105031,3.397285,2.813694,-2.970697,0.001092,0.001610,3.104668
50.1500,3.716185,3.583909,-3.821351,0.001129,0.001518,3.105632,3.389907,2.795210,-2.970431,0.001113,0.001519,3.105376
50.2020,3.716246,3.583893,-3.821344,0.001078,0.001492,3.105996,3.378857,2.767487,-2.970741,0.001168,0.001647,3.105751
50.2500,3.716307,3.583881,-3.821339,0.001026,0.001466,3.106176,3.371497,2.749006,-2.970495,0.001043,0.001402,3.106149
50.3000,3.716368,3.583874,-3.821335,0.000974,0.001441,3.106213,3.360462,2.721290,-2.970819,0.000739,0.001251,3.106093
50.3500,3.716429,3.583869,-3.821333,0.000921,0.001416,3.106135,3.353108,2.702811,-2.970587,0.000999,0.001489,3.106085
50.4000,3.716490,3.583867,-3.821331,0.000870,0.001392,3.105969,3.342076,2.675099,-2.970921,0.000695,0.001487,3.105910
50.4500,3.716551,3.583866,-3.821330,0.000820,0.001370,3.105735,3.334719,2.656624,-2.970701,0.000750,0.001419,3.105658
50.5000,3.716611,3.583866,-3.821331,0.000772,0.001347,3.105448,3.517168,3.254797,-2.971071,0.000709,0.001235,3.105578
50.5500,3.716671,3.583868,-3.821331,0.000725,0.001326,3.105120,3.514466,3.255109,-2.970841,0.000796,0.001419,3.105345
50.6000,3.716730,3.583871,-3.821332,0.000681,0.001306,3.104761,3.510412,3.255582,-2.971188,0.000721,0.001384,3.104901
50.6500,3.716789,3.583874,-3.821334,0.000638,0.001286,3.104378,3.507709,3.255900,-2.970958,0.000681,0.001215,3.104586
50.7000,3.716604,3.583884,-3.821342,0.000597,0.001170,3.103903,3.503647,3.256380,-2.971309,0.000515,0.001072,3.104014
50.7500,3.714400,3.583970,-3.821419,0.000541,0.000788,3.103219,3.500530,3.256713,-2.971119,0.000642,0.001239,3.103671
50.8000,3.708572,3.584204,-3.821590,0.000458,0.000168,3.102455,3.492712,3.257339,-2.971594,0.000648,0.000354,3.102691
50.8500,3.698978,3.584602,-3.821828,0.000358,-0.000564,3.101687,3.484500,3.257886,-2.971841,0.000314,-0.000151,3.102025
50.9000,3.686421,3.585132,-3.822092,0.000251,-0.001279,3.100925,3.467872,3.258908,-2.972504,0.000405,-0.001013,3.101527
50.9500,3.671994,3.585743,-3.822334,0.000139,-0.001919,3.100192,3.454621,3.259692,-2.973174,0.000288,-0.001465,3.100603
51.0020,3.656644,3.586392,-3.822527,0.000035,-0.002448,3.099513,3.432861,3.260970,-2.973846,-0.000101,-0.002367,3.099746
51.0500,3.641032,3.587051,-3.822663,-0.000054,-0.002852,3.098890,3.417760,3.261855,-2.974649,-0.000036,-0.002526,3.099317
51.1000,3.625482,3.587711,-3.822747,-0.000128,-0.003136,3.098286,3.394945,3.263201,-2.975237,-0.000188,-0.003090,3.098631
51.1500,3.610036,3.588371,-3.822786,-0.000187,-0.003312,3.097708,3.379804,3.264106,-2.975953,-0.000430,-0.003131,3.098137
51.2000,3.594697,3.589031,-3.822793,-0.000233,-0.003401,3.097167,3.357215,3.265475,-2.976487,-0.000123,-0.003333,3.097356
51.2500,3.579444,3.589694,-3.822774,-0.000265,-0.003420,3.096649,3.342239,3.266399,-2.977002,-0.000097,-0.003338,3.097125
51.3000,3.564257,3.590362,-3.822737,-0.000286,-0.003385,3.096165,3.319869,3.267800,-2.977518,-0.000313,-0.003363,3.096664
51.3500,3.549106,3.591037,-3.822689,-0.000296,-0.003307,3.095712,3.305000,3.268744,-2.977786,-0.000339,-0.003413,3.096122
51.4000,3.533967,3.591721,-3.822633,-0.000297,-0.003197,3.095279,3.282732,3.270181,-2.978307,-0.000370,-0.003139,3.095511
51.4500,3.518825,3.592413,-3.822574,-0.000290,-0.003061,3.094859,3.267883,3.271156,-2.978320,-0.000195,-0.003293,3.095140
51.5000,3.503674,3.593113,-3.822513,-0.000275,-0.002906,3.094452,2.478348,3.833559,-2.978196,-0.000392,-0.002979,3.094586
51.5500,3.488513,3.593820,-3.822452,-0.000254,-0.002737,3.094057,2.440847,3.850960,-2.978064,-0.000236,-0.002984,3.094270
51.6000,3.473344,3.594535,-3.822392,-0.000227,-0.002558,3.093672,2.384601,3.877098,-2.978511,-0.000226,-0.002778,3.093692
51.6500,3.458171,3.595256,-3.822334,-0.000196,-0.002372,3.093296,2.347102,3.894549,-2.978179,-0.000312,-0.002491,3.093616
51.7000,3.442996,3.595984,-3.822278,-0.000162,-0.002182,3.092926,2.290864,3.920750,-2.978646,-0.000075,-0.002345,3.093106
51.7500,3.427822,3.596719,-3.822225,-0.000125,-0.001990,3.092564,2.253371,3.938238,-2.978149,-0.000126,-0.002265,3.092704
51.8000,3.412649,3.597459,-3.822176,-0.000087,-0.001798,3.092208,2.197153,3.964500,-2.978618,-0.000108,-0.001888,3.092218
51.8500,3.397479,3.598205,-3.822129,-0.000048,-0.001607,3.091857,2.159676,3.982029,-2.977981,0.000097,-0.001629,3.092112
51.9000,3.382311,3.598957,-3.822085,-0.000008,-0.001419,3.091511,2.103477,4.008337,-2.978455,0.000012,-0.001437,3.091706
51.9500,3.367147,3.599715,-3.822045,0.000030,-0.001236,3.091169,2.066011,4.025897,-2.977712,-0.000090,-0.001248,3.091389
52.0000,3.351984,3.600478,-3.822008,0.000069,-0.001056,3.090832,2.009834,4.052262,-2.978174,-0.000010,-0.001007,3.091023
52.0500,3.336824,3.601247,-3.821974,0.000105,-0.000882,3.090498,1.972382,4.069856,-2.977349,0.000071,-0.001050,3.090681
52.1000,3.321666,3.602020,-3.821944,0.000141,-0.000713,3.090169,1.916226,4.096270,-2.977794,0.000112,-0.000747,3.090316
52.1500,3.306510,3.602799,-3.821916,0.000174,-0.000551,3.089843,1.878792,4.113896,-2.976916,0.000127,-0.000687,3.090066
52.2000,3.291357,3.603584,-3.821892,0.000205,-0.000394,3.089520,1.822658,4.140356,-2.977341,0.000062,-0.000517,3.089821
52.2500,3.276205,3.604373,-3.821870,0.000235,-0.000243,3.089201,1.785241,4.158012,-2.976440,0.000283,-0.000388,3.089437
52.3000,3.261055,3.605167,-3.821852,0.000262,-0.000099,3.088884,1.729130,4.184519,-2.976837,0.000325,-0.000053,3.089101
52.3500,3.245908,3.605966,-3.821835,0.000286,0.000039,3.088571,1.691730,4.202203,-2.975931,0.000031,-0.000108,3.088673
52.4000,3.230762,3.606770,-3.821822,0.000308,0.000171,3.088261,1.635642,4.228755,-2.976311,0.000366,-0.000012,3.088403
52.4500,3.215618,3.607579,-3.821811,0.000328,0.000298,3.087953,1.598263,4.246470,-2.975415,0.000202,0.000275,3.088094
52.5020,3.200477,3.608392,-3.821802,0.000346,0.000418,3.087648,2.869495,4.217537,-2.975523,0.000364,0.000446,3.087828
52.5500,3.185337,3.609210,-3.821795,0.000362,0.000533,3.087346,2.871154,4.233537,-2.974653,0.000269,0.000516,3.087524
52.6020,3.170199,3.610032,-3.821790,0.000375,0.000642,3.087047,2.873647,4.257540,-2.974881,0.000361,0.000541,3.087253
52.6500,3.155064,3.610859,-3.821788,0.000386,0.000746,3.086751,2.875319,4.273545,-2.974068,0.000363,0.000544,3.087062
52.7000,3.139930,3.611691,-3.821787,0.000396,0.000844,3.086457,2.877833,4.297558,-2.974267,0.000569,0.000726,3.086734
52.7520,3.124798,3.612527,-3.821788,0.000403,0.000938,3.086166,2.879516,4.313569,-2.973517,0.000431,0.001005,3.086214
52.8000,3.109668,3.613367,-3.821791,0.000409,0.001027,3.085877,2.882051,4.337595,-2.973696,0.000349,0.001060,3.086145
52.8500,3.094540,3.614212,-3.821795,0.000413,0.001111,3.085591,2.883746,4.353614,-2.973007,0.000346,0.001080,3.085641
52.9000,3.079413,3.615060,-3.821801,0.000416,0.001191,3.085308,2.886295,4.377648,-2.973167,0.000550,0.001194,3.085496
52.9500,3.064289,3.615914,-3.821808,0.000418,0.001266,3.085027,2.888005,4.393673,-2.972542,0.000580,0.001316,3.085314
53.0000,3.049166,3.616771,-3.821817,0.000418,0.001338,3.084749,2.890571,4.417716,-2.972691,0.000466,0.001322,3.084719
53.0500,3.034045,3.617632,-3.821827,0.000417,0.001406,3.084473,2.892293,4.433746,-2.972129,0.000403,0.001275,3.084635
53.1000,3.018926,3.618498,-3.821838,0.000415,0.001470,3.084200,2.894876,4.457799,-2.972271,0.000422,0.001377,3.084177
53.1500,3.003809,3.619368,-3.821850,0.000412,0.001530,3.083929,2.896612,4.473835,-2.971767,0.000389,0.001442,3.084089
53.2000,2.988693,3.620242,-3.821864,0.000409,0.001587,3.083661,2.899212,4.497897,-2.971906,0.000312,0.001558,3.083719
53.2500,2.973579,3.621119,-3.821878,0.000405,0.001641,3.083395,2.900958,4.513940,-2.971454,0.000500,0.001628,3.083572
53.3000,2.958467,3.622001,-3.821894,0.000400,0.001692,3.083132,2.903574,4.538010,-2.971596,0.000465,0.001813,3.083087
53.3500,2.943356,3.622887,-3.821910,0.000394,0.001740,3.082871,2.905331,4.554058,-2.971192,0.000361,0.001802,3.082814
53.4020,2.928247,3.623777,-3.821927,0.000388,0.001786,3.082612,2.907967,4.578136,-2.971337,0.000147,0.001848,3.082627
53.4500,2.913140,3.624670,-3.821945,0.000382,0.001828,3.082357,2.909733,4.594188,-2.970976,0.000349,0.001700,3.082347
53.5000,2.898034,3.625568,-3.821964,0.000375,0.001868,3.082103,3.629467,3.364734,-2.970788,0.000463,0.001905,3.082246
53.5500,2.882930,3.626469,-3.821984,0.000368,0.001906,3.081852,3.652194,3.343847,-2.970512,0.000415,0.001809,3.081990
53.6000,2.867827,3.627374,-3.822004,0.000361,0.001942,3.081603,3.686275,3.312514,-2.970628,0.000302,0.001896,3.081845
53.6500,2.852726,3.628283,-3.822025,0.000354,0.001975,3.081357,3.708995,3.291624,-2.970393,0.000360,0.001954,3.081657
53.7000,2.837627,3.629195,-3.822047,0.000347,0.002006,3.081113,3.743069,3.260284,-2.970523,0.000370,0.002105,3.081189
53.7500,2.822529,3.630112,-3.822069,0.000339,0.002036,3.080871,3.765779,3.239385,-2.970309,0.000152,0.001933,3.081044
53.8000,2.807433,3.631031,-3.822092,0.000332,0.002063,3.080632,3.799836,3.208032,-2.970457,0.000188,0.001968,3.080751
53.8500,2.792338,3.631955,-3.822116,0.000325,0.002089,3.080394,3.822541,3.187129,-2.970266,0.000391,0.002095,3.080361
53.9000,2.777244,3.632882,-3.822140,0.000317,0.002113,3.080160,3.856586,3.155766,-2.970428,0.000417,0.002022,3.080332
53.9500,2.762152,3.633812,-3.822164,0.000310,0.002136,3.079927,3.879281,3.134855,-2.970252,0.000189,0.002227,3.080110
54.0000,2.747062,3.634746,-3.822189,0.000303,0.002157,3.079697,3.913316,3.103486,-2.970428,0.000335,0.002014,3.079700
54.0500,2.731973,3.635684,-3.822214,0.000296,0.002177,3.079469,3.936001,3.082569,-2.970258,0.000365,0.002162,3.079546
54.1000,2.716885,3.636625,-3.822240,0.000289,0.002195,3.079243,3.970023,3.051196,-2.970458,0.000379,0.002140,3.079354
54.1500,2.701799,3.637569,-3.822266,0.000282,0.002212,3.079020,3.992703,3.030277,-2.970293,0.000109,0.002194,3.079193
54.2000,2.686714,3.638517,-3.822292,0.000275,0.002228,3.078798,4.026716,2.998896,-2.970511,0.000117,0.002278,3.078806
54.2500,2.671630,3.639468,-3.822319,0.000269,0.002243,3.078579,4.049389,2.977970,-2.970350,0.000270,0.002169,3.078797
54.3000,2.656548,3.640422,-3.822346,0.000263,0.002257,3.078362,4.083392,2.946581,-2.970582,0.000166,0.002147,3.078492
54.3500,2.641468,3.641380,-3.822373,0.000257,0.002270,3.078147,4.106062,2.925652,-2.970421,0.000215,0.002300,3.078273
54.4000,2.626388,3.642341,-3.822401,0.000251,0.002282,3.077934,4.140059,2.894256,-2.970668,0.000166,0.002445,3.077796
54.4520,2.611310,3.643305,-3.822429,0.000245,0.002293,3.077724,4.162717,2.873317,-2.970498,0.000371,0.002181,3.077844
54.5000,2.596233,3.644272,-3.822457,0.000240,0.002303,3.077515,2.528191,3.060010,-2.971191,0.000240,0.002202,3.077622
54.5500,2.581158,3.645242,-3.822485,0.000234,0.002312,3.077309,2.501791,3.045643,-2.970949,0.000361,0.002271,3.077310
54.6000,2.566083,3.646216,-3.822514,0.000229,0.002321,3.077104,2.462185,3.024108,-2.971269,0.000243,0.002191,3.077203
54.6500,2.551010,3.647192,-3.822542,0.000225,0.002328,3.076902,2.435782,3.009758,-2.971020,0.000207,0.002242,3.076964
54.7000,2.535939,3.648172,-3.822571,0.000220,0.002336,3.076701,2.396173,2.988248,-2.971350,0.000320,0.002398,3.076537
54.7500,2.520868,3.649155,-3.822601,0.000215,0.002342,3.076503,2.369765,2.973916,-2.971097,0.000223,0.002492,3.076535
54.8000,2.505799,3.650140,-3.822630,0.000211,0.002348,3.076307,2.330148,2.952426,-2.971432,0.000358,0.002271,3.076333
54.8500,2.490731,3.651129,-3.822659,0.000207,0.002354,3.076112,2.303738,2.938108,-2.971173,0.000221,0.002332,3.076249
54.9000,2.475664,3.652120,-3.822689,0.000203,0.002359,3.075920,2.264115,2.916645,-2.971511,0.000312,0.002409,3.076102
54.9500,2.460598,3.653114,-3.822719,0.000199,0.002363,3.075729,2.237703,2.902340,-2.971247,0.000264,0.002206,3.075866
55.0000,2.445534,3.654112,-3.822749,0.000196,0.002367,3.075541,2.198078,2.880900,-2.971585,0.000054,0.002232,3.075783
55.0500,2.430471,3.655112,-3.822779,0.000193,0.002371,3.075354,2.171666,2.866609,-2.971320,0.000106,0.002351,3.075236
55.1020,2.415408,3.656115,-3.822809,0.000189,0.002374,3.075169,2.132039,2.845184,-2.971665,0.000161,0.002452,3.075175
55.1500,2.400347,3.657120,-3.822839,0.000186,0.002377,3.074986,2.105623,2.830907,-2.971395,0.000222,0.002530,3.075101
55.2000,2.385287,3.658129,-3.822869,0.000183,0.002379,3.074805,2.065990,2.809506,-2.971744,0.000033,0.002408,3.074838
55.2500,2.370229,3.659140,-3.822900,0.000181,0.002381,3.074626,2.039569,2.795245,-2.971475,0.000125,0.002415,3.074791
55.3000,2.355171,3.660153,-3.822930,0.000178,0.002383,3.074448,1.999927,2.773860,-2.971825,-0.000084,0.002355,3.074481
55.3520,2.340114,3.661170,-3.822961,0.000176,0.002385,3.074273,1.973503,2.759609,-2.971550,0.000203,0.002313,3.074297
55.4000,2.325059,3.662189,-3.822992,0.000173,0.002386,3.074099,1.933855,2.738242,-2.971904,0.000245,0.002417,3.074267
55.4520,2.310005,3.663210,-3.823023,0.000171,0.002387,3.073927,1.907425,2.724004,-2.971624,0.000327,0.002335,3.074207
55.5000,2.294951,3.664235,-3.823054,0.000169,0.002387,3.073756,2.261030,2.977001,-2.971895,0.000149,0.002458,3.073571
55.5500,2.279899,3.665261,-3.823084,0.000167,0.002388,3.073588,2.246179,2.970817,-2.971627,0.000168,0.002571,3.073741
55.6020,2.264848,3.666291,-3.823115,0.000165,0.002388,3.073421,2.223899,2.961545,-2.971975,0.000173,0.002562,3.073446
55.6500,2.249798,3.667322,-3.823146,0.000164,0.002388,3.073255,2.209044,2.955371,-2.971704,0.000219,0.002494,3.073448
55.7020,2.234749,3.668356,-3.823178,0.000162,0.002388,3.073092,2.186759,2.946117,-2.972051,0.000284,0.002479,3.073183
55.7500,2.219700,3.669393,-3.823209,0.000161,0.002388,3.072930,2.171904,2.939954,-2.971778,0.000241,0.002427,3.073096
55.8000,2.204653,3.670432,-3.823240,0.000159,0.002388,3.072770,2.149618,2.930712,-2.972128,0.000217,0.002612,3.072992
55.8500,2.189607,3.671474,-3.823271,0.000158,0.002387,3.072611,2.134762,2.924553,-2.971853,0.000288,0.002389,3.072662
55.9000,2.174562,3.672517,-3.823302,0.000157,0.002386,3.072454,2.112475,2.915326,-2.972202,0.000091,0.002303,3.072668
55.9500,2.159518,3.673564,-3.823334,0.000156,0.002386,3.072299,2.097621,2.909175,-2.971925,0.000246,0.002354,3.072361
56.0000,2.144475,3.674612,-3.823365,0.000155,0.002385,3.072145,2.075336,2.899960,-2.972276,0.000191,0.002382,3.072311
56.0500,2.129432,3.675663,-3.823397,0.000154,0.002384,3.071993,2.060482,2.893821,-2.971999,0.000129,0.002292,3.072131
56.1000,2.114391,3.676716,-3.823428,0.000153,0.002383,3.071842,2.038198,2.884616,-2.972353,0.000116,0.002368,3.072066
56.1500,2.099351,3.677771,-3.823459,0.000152,0.002381,3.071693,2.023346,2.878480,-2.972073,0.000144,0.002356,3.071655
56.2000,2.084311,3.678828,-3.823491,0.000151,0.002380,3.071545,2.001061,2.869286,-2.972425,0.000078,0.002350,3.071459
56.2500,2.069273,3.679888,-3.823522,0.000150,0.002379,3.071399,1.986210,2.863160,-2.972145,0.000126,0.002406,3.071570
56.3000,2.054235,3.680950,-3.823554,0.000150,0.002377,3.071254,1.963929,2.853972,-2.972500,0.000080,0.002476,3.071435
56.3520,2.039198,3.682014,-3.823585,0.000149,0.002376,3.071111,1.949078,2.847850,-2.972220,0.000232,0.002413,3.071101
56.4000,2.024162,3.683080,-3.823617,0.000148,0.002374,3.070970,1.926796,2.838673,-2.972576,0.000107,0.002393,3.071003
56.4500,2.009127,3.684148,-3.823649,0.000148,0.002373,3.070829,1.911943,2.832558,-2.972293,0.000115,0.002189,3.070896
56.5020,1.994093,3.685218,-3.823680,0.000148,0.002371,3.070691,1.967027,3.531639,-2.972643,0.000174,0.002517,3.070640
56.5500,1.979060,3.686291,-3.823712,0.000147,0.002369,3.070553,1.954494,3.546356,-2.972363,0.000202,0.002307,3.070658
56.6000,1.964028,3.687365,-3.823743,0.000147,0.002368,3.070417,1.935695,3.568438,-2.972719,0.000176,0.002397,3.070511
56.6500,1.948996,3.688441,-3.823775,0.000146,0.002366,3.070283,1.923167,3.583162,-2.972434,0.000118,0.002418,3.070179
56.7000,1.933966,3.689520,-3.823807,0.000146,0.002364,3.070149,1.904377,3.605255,-2.972792,0.000053,0.002306,3.070107
56.7500,1.918936,3.690600,-3.823838,0.000146,0.002362,3.070018,1.891854,3.619986,-2.972506,0.000244,0.002468,3.070119
56.8000,1.903907,3.691682,-3.823870,0.000146,0.002360,3.069887,1.873070,3.642088,-2.972864,0.000225,0.002513,3.069982
56.8500,1.888879,3.692766,-3.823902,0.000145,0.002359,3.069758,1.860550,3.656826,-2.972581,0.000055,0.002319,3.069699
56.9000,1.873851,3.693852,-3.823934,0.000145,0.002357,3.069630,1.841772,3.678940,-2.972938,-0.000048,0.002253,3.069812
56.9500,1.858825,3.694940,-3.823965,0.000145,0.002355,3.069504,1.829254,3.693682,-2.972649,0.000160,0.002606,3.069681
57.0000,1.843799,3.696030,-3.823997,0.000145,0.002353,3.069378,1.810481,3.715802,-2.973009,0.000300,0.002251,3.069554
57.0500,1.828774,3.697122,-3.824029,0.000145,0.002351,3.069254,1.797967,3.730550,-2.972721,0.000231,0.002300,3.069226
57.1000,1.813750,3.698215,-3.824060,0.000145,0.002349,3.069132,1.779202,3.752682,-2.973078,0.000142,0.002344,3.069119
57.1520,1.798726,3.699310,-3.824092,0.000145,0.002347,3.069010,1.766700,3.767441,-2.972789,0.000045,0.002268,3.069071
57.2000,1.783703,3.700408,-3.824124,0.000145,0.002345,3.068890,1.747946,3.789583,-2.973147,0.000253,0.002418,3.068841
57.2500,1.768681,3.701506,-3.824156,0.000145,0.002343,3.068771,1.735450,3.804349,-2.972861,-0.000084,0.002322,3.068824
57.3000,1.753660,3.702607,-3.824187,0.000145,0.002341,3.068654,1.716699,3.826501,-2.973218,0.000041,0.002449,3.068637
57.3500,1.738640,3.703709,-3.824219,0.000145,0.002339,3.068537,1.704203,3.841271,-2.972929,0.000397,0.002329,3.068546
57.4000,1.723620,3.704813,-3.824251,0.000145,0.002337,3.068422,1.685457,3.863432,-2.973288,0.000160,0.002374,3.068427
57.4500,1.708601,3.705919,-3.824283,0.000145,0.002335,3.068308,1.672967,3.878210,-2.972998,0.000008,0.002225,3.068461
57.5000,1.693583,3.707026,-3.824315,0.000145,0.002333,3.068195,2.639933,3.863479,-2.973173,0.000112,0.002340,3.068168
57.5500,1.678565,3.708135,-3.824346,0.000145,0.002331,3.068083,2.656436,3.877123,-2.972915,0.000107,0.002334,3.068458
57.6000,1.663548,3.709246,-3.824378,0.000145,0.002329,3.067972,2.681188,3.897590,-2.973257,0.000246,0.002409,3.068008
57.6500,1.648532,3.710358,-3.824410,0.000145,0.002327,3.067863,2.697693,3.911233,-2.972998,0.000242,0.002133,3.067900
57.7000,1.633517,3.711472,-3.824442,0.000145,0.002326,3.067754,2.722454,3.931696,-2.973342,0.000060,0.002360,3.068008
57.7500,1.618502,3.712588,-3.824473,0.000145,0.002324,3.067647,2.738962,3.945339,-2.973081,0.000080,0.002199,3.067748
57.8000,1.603488,3.713705,-3.824505,0.000145,0.002322,3.067541,2.763728,3.965798,-2.973428,0.000221,0.002466,3.067463
57.8500,1.588474,3.714823,-3.824537,0.000145,0.002320,3.067436,2.780240,3.979438,-2.973163,0.000239,0.002442,3.067451
57.9000,1.573461,3.715944,-3.824569,0.000145,0.002318,3.067332,2.805004,3.999900,-2.973514,0.000148,0.002365,3.067416
57.9500,1.558449,3.717065,-3.824601,0.000146,0.002316,3.067229,2.821517,4.013541,-2.973246,0.000201,0.002488,3.067209
58.0000,1.543438,3.718188,-3.824633,0.000146,0.002314,3.067127,2.846285,4.034003,-2.973600,0.000199,0.002343,3.067066
58.0500,1.528427,3.719313,-3.824664,0.000146,0.002312,3.067026,2.862800,4.047646,-2.973332,0.000091,0.002422,3.067238
58.1000,1.513417,3.720439,-3.824696,0.000146,0.002310,3.066926,2.887573,4.068109,-2.973686,0.000242,0.002191,3.066954
58.1500,1.498407,3.721567,-3.824728,0.000146,0.002309,3.066827,2.904094,4.081752,-2.973416,0.000262,0.002153,3.066965
58.2000,1.483398,3.722696,-3.824760,0.000146,0.002307,3.066730,2.928876,4.102217,-2.973776,0.000182,0.002312,3.066767
58.2500,1.468390,3.723826,-3.824792,0.000146,0.002305,3.066633,2.945405,4.115859,-2.973501,0.000153,0.002461,3.066625
58.3000,1.453382,3.724958,-3.824823,0.000147,0.002303,3.066537,2.970196,4.136322,-2.973855,0.000244,0.002351,3.066412
58.3500,1.438375,3.726091,-3.824855,0.000147,0.002301,3.066442,2.986729,4.149962,-2.973578,0.000270,0.002251,3.066429
58.4000,1.423369,3.727226,-3.824887,0.000147,0.002300,3.066349,3.011525,4.170423,-2.973935,0.000288,0.002161,3.066434
58.4520,1.408363,3.728362,-3.824919,0.000147,0.002298,3.066256,3.028060,4.184066,-2.973658,0.000170,0.002106,3.066468
58.5020,1.393357,3.729499,-3.824951,0.000147,0.002296,3.066164,1.871846,3.506967,-2.974201,0.000147,0.002287,3.066308
58.5500,1.378353,3.730638,-3.824982,0.000147,0.002294,3.066073,1.853619,3.500145,-2.973887,0.000016,0.002220,3.066183
58.6000,1.363348,3.731778,-3.825014,0.000148,0.002293,3.065983,1.826278,3.489911,-2.974263,0.000308,0.002218,3.065846
58.6500,1.348345,3.732919,-3.825046,0.000148,0.002291,3.065894,1.808051,3.483094,-2.973948,-0.000163,0.002118,3.065891
58.7000,1.333342,3.734062,-3.825078,0.000148,0.002289,3.065806,1.780710,3.472870,-2.974319,0.000313,0.002301,3.065882
58.7500,1.318339,3.735206,-3.825110,0.000148,0.002288,3.065718,1.762485,3.466056,-2.974006,0.000006,0.002289,3.065867
58.8000,1.303337,3.736351,-3.825142,0.000148,0.002286,3.065632,1.735144,3.455838,-2.974377,0.000067,0.002280,3.065569
58.8500,1.288336,3.737497,-3.825173,0.000148,0.002284,3.065546,1.716919,3.449027,-2.974064,0.000060,0.002197,3.065716
58.9000,1.273335,3.738645,-3.825205,0.000149,0.002283,3.065462,1.689578,3.438813,-2.974431,0.000050,0.002255,3.065475
58.9500,1.258335,3.739794,-3.825237,0.000149,0.002281,3.065378,1.671352,3.432009,-2.974121,0.000182,0.002297,3.065402
59.0000,1.243335,3.740944,-3.825269,0.000149,0.002280,3.065295,1.644011,3.421805,-2.974484,-0.000009,0.002184,3.065277
59.0500,1.228336,3.742095,-3.825301,0.000149,0.002278,3.065213,1.625788,3.415004,-2.974174,0.000050,0.002377,3.065325
59.1000,1.213337,3.743248,-3.825332,0.000149,0.002276,3.065132,1.598448,3.404808,-2.974539,0.000277,0.002318,3.065154
59.1520,1.198339,3.744401,-3.825364,0.000150,0.002275,3.065052,1.580225,3.398011,-2.974233,0.000087,0.002424,3.065034
59.2000,1.183341,3.745556,-3.825396,0.000150,0.002273,3.064972,1.552881,3.387822,-2.974596,0.000104,0.002284,3.064953
59.2500,1.168344,3.746712,-3.825428,0.000150,0.002272,3.064893,1.534654,3.381031,-2.974294,0.000148,0.002197,3.064985
59.3000,1.153348,3.747869,-3.825460,0.000150,0.002270,3.064815,1.507309,3.370843,-2.974652,0.000009,0.002147,3.064725
59.3500,1.138351,3.749027,-3.825492,0.000150,0.002269,3.064738,1.489083,3.364055,-2.974347,0.000142,0.002383,3.064805
59.4020,1.123356,3.750187,-3.825523,0.000150,0.002267,3.064662,1.461739,3.353872,-2.974706,0.000176,0.002288,3.064680
59.4500,1.108361,3.751347,-3.825555,0.000151,0.002266,3.064586,1.443513,3.347088,-2.974404,0.000139,0.002429,3.064761
59.5000,1.093366,3.752509,-3.825587,0.000151,0.002264,3.064512,1.875506,2.980370,-2.974669,0.000035,0.002245,3.064502
59.5500,1.078372,3.753671,-3.825619,0.000151,0.002263,3.064438,1.870782,2.963081,-2.974387,0.000102,0.002284,3.064444
59.6000,1.063378,3.754835,-3.825651,0.000151,0.002262,3.064364,1.863696,2.937149,-2.974733,0.000128,0.002276,3.064365
59.6500,1.048385,3.756000,-3.825682,0.000151,0.002260,3.064292,1.858973,2.919863,-2.974450,0.000258,0.002521,3.064292
59.7000,1.033392,3.757165,-3.825714,0.000151,0.002259,3.064220,1.851883,2.893939,-2.974799,0.000075,0.002321,3.064259
59.7500,1.018399,3.758332,-3.825746,0.000152,0.002257,3.064149,1.847157,2.876656,-2.974517,0.000175,0.002232,3.064197
59.8000,1.003408,3.759500,-3.825778,0.000152,0.002256,3.064079,1.840064,2.850737,-2.974867,0.000149,0.002248,3.064060
59.8500,0.988416,3.760669,-3.825810,0.000152,0.002255,3.064009,1.835338,2.833458,-2.974587,0.000045,0.002205,3.063970
59.9000,0.973425,3.761839,-3.825842,0.000152,0.002253,3.063941,1.828241,2.807542,-2.974937,0.000292,0.002184,3.063999
59.9500,0.958435,3.763010,-3.825873,0.000152,0.002252,3.063873,1.823513,2.790266,-2.974655,0.000268,0.002458,3.064011
60.0000,0.943444,3.764181,-3.825905,0.000152,0.002251,3.063805,1.816413,2.764357,-2.975006,0.000314,0.002365,3.063911
60.0500,0.928455,3.765354,-3.825937,0.000153,0.002249,3.063738,1.811682,2.747085,-2.974724,0.000146,0.002254,3.063869
60.1000,0.913466,3.766528,-3.825969,0.000153,0.002248,3.063672,1.804583,2.721180,-2.975078,0.000090,0.001980,3.063721
60.1500,0.898477,3.767703,-3.826001,0.000153,0.002247,3.063607,1.799852,2.703909,-2.974797,0.000265,0.002226,3.063580
60.2000,0.883488,3.768878,-3.826032,0.000153,0.002246,3.063542,1.792747,2.678007,-2.975148,0.000167,0.002278,3.063558
60.2500,0.868500,3.770055,-3.826064,0.000153,0.002244,3.063478,1.788014,2.660740,-2.974866,0.000253,0.002108,3.063661
60.3000,0.853513,3.771232,-3.826096,0.000153,0.002243,3.063415,1.780908,2.634842,-2.975222,0.000186,0.002327,3.063493
60.3500,0.838526,3.772410,-3.826128,0.000154,0.002242,3.063352,1.776172,2.617575,-2.974939,0.000018,0.002188,3.063408
60.4000,0.823539,3.773590,-3.826160,0.000154,0.002241,3.063290,1.769061,2.591677,-2.975294,0.000184,0.002254,3.063349
60.4500,0.808552,3.774770,-3.826192,0.000154,0.002239,3.063229,1.764324,2.574411,-2.975010,0.000240,0.002278,3.063250
60.5020,0.793566,3.775951,-3.826223,0.000154,0.002238,3.063168,0.811520,3.569959,-2.975562,0.000071,0.002148,3.063323
60.5500,0.778581,3.777133,-3.826255,0.000154,0.002237,3.063108,0.778971,3.582784,-2.975242,0.000271,0.002373,3.063204
60.6000,0.763596,3.778316,-3.826287,0.000154,0.002236,3.063048,0.730147,3.602031,-2.975618,0.000179,0.002302,3.062961
60.6500,0.748611,3.779499,-3.826319,0.000154,0.002235,3.062989,0.697599,3.614864,-2.975302,0.000232,0.002125,3.062965
60.7000,0.733626,3.780684,-3.826351,0.000155,0.002234,3.062931,0.648775,3.634116,-2.975667,0.000143,0.002260,3.062919
60.7500,0.718642,3.781869,-3.826382,0.000155,0.002232,3.062873,0.616230,3.646954,-2.975349,0.000165,0.002247,3.062855
60.8000,0.703659,3.783055,-3.826414,0.000155,0.002231,3.062816,0.567413,3.666215,-2.975711,0.000144,0.002166,3.062802
60.8500,0.688675,3.784242,-3.826446,0.000155,0.002230,3.062759,0.534872,3.679059,-2.975398,0.000034,0.002384,3.062848
60.9000,0.673692,3.785430,-3.826478,0.000155,0.002229,3.062703,0.486059,3.698331,-2.975767,0.000040,0.002199,3.062498
60.9500,0.658710,3.786618,-3.826510,0.000155,0.002228,3.062648,0.453520,3.711183,-2.975451,0.000029,0.002251,3.062742
61.0000,0.643727,3.787808,-3.826542,0.000155,0.002227,3.062593,0.404709,3.730458,-2.975812,0.000098,0.002389,3.062379
61.0520,0.628746,3.788998,-3.826573,0.000156,0.002226,3.062539,0.372171,3.743313,-2.975507,0.000262,0.002155,3.062565
61.1000,0.613764,3.790189,-3.826605,0.000156,0.002225,3.062485,0.323361,3.762596,-2.975864,0.000088,0.002349,3.062489
61.1520,0.598783,3.791380,-3.826637,0.000156,0.002224,3.062432,0.290825,3.775455,-2.975560,0.000161,0.002156,3.062356
61.2000,0.583802,3.792573,-3.826669,0.000156,0.002223,3.062379,0.242019,3.794749,-2.975916,0.000090,0.002330,3.062390
61.2500,0.568822,3.793766,-3.826701,0.000156,0.002222,3.062327,0.209485,3.807613,-2.975617,0.000033,0.002160,3.062329
61.3000,0.553841,3.794960,-3.826732,0.000156,0.002221,3.062275,0.160679,3.826912,-2.975971,0.000285,0.002210,3.062182
61.3500,0.538862,3.796154,-3.826764,0.000156,0.002220,3.062224,0.128147,3.839781,-2.975669,0.000048,0.002187,3.062197
61.4000,0.523882,3.797350,-3.826796,0.000156,0.002219,3.062174,0.079342,3.859082,-2.976024,0.000060,0.002225,3.062182
61.4500,0.508903,3.798546,-3.826828,0.000157,0.002218,3.062124,0.046810,3.871951,-2.975726,0.000082,0.002206,3.062198
61.5000,0.493924,3.799742,-3.826860,0.000157,0.002217,3.062074,0.425971,3.604847,-2.975997,0.000194,0.002268,3.062149
61.5500,0.478946,3.800940,-3.826892,0.000157,0.002216,3.062026,0.406021,3.609287,-2.975713,0.000070,0.002222,3.062029
61.6000,0.463967,3.802138,-3.826923,0.000157,0.002215,3.061977,0.376095,3.615949,-2.976062,0.000279,0.002037,3.061928
61.6500,0.448990,3.803337,-3.826955,0.000157,0.002214,3.061929,0.356145,3.620392,-2.975780,-0.000033,0.002353,3.061887
61.7000,0.434012,3.804536,-3.826987,0.000157,0.002213,3.061882,0.326217,3.627059,-2.976127,0.000263,0.002151,3.061778
61.7500,0.419035,3.805737,-3.827019,0.000157,0.002212,3.061835,0.306269,3.631507,-2.975845,0.000070,0.002254,3.062019
61.8000,0.404058,3.806938,-3.827051,0.000157,0.002211,3.061788,0.276343,3.638175,-2.976196,0.000203,0.002241,3.061756
61.8500,0.389081,3.808139,-3.827082,0.000158,0.002210,3.061742,0.256394,3.642625,-2.975914,0.000125,0.002109,3.061929
61.9000,0.374105,3.809341,-3.827114,0.000158,0.002209,3.061697,0.226469,3.649298,-2.976262,0.000060,0.002196,3.061594
61.9500,0.359129,3.810544,-3.827146,0.000158,0.002209,3.061652,0.206522,3.653748,-2.975980,0.000191,0.002250,3.061781
62.0000,0.344153,3.811748,-3.827178,0.000158,0.002208,3.061607,0.176599,3.660426,-2.976331,0.000234,0.002064,3.061651
62.0500,0.329177,3.812952,-3.827210,0.000158,0.002207,3.061563,0.156654,3.664880,-2.976049,0.000290,0.002175,3.061757
62.1000,0.314202,3.814156,-3.827242,0.000158,0.002206,3.061519,0.126734,3.671563,-2.976399,0.000049,0.002218,3.061483
62.1500,0.299227,3.815362,-3.827273,0.000158,0.002205,3.061476,0.106791,3.676022,-2.976117,0.000304,0.002201,3.061503
62.2000,0.284253,3.816568,-3.827305,0.000158,0.002204,3.061433,0.076873,3.682710,-2.976471,0.000253,0.002146,3.061409
62.2500,0.269278,3.817774,-3.827337,0.000158,0.002203,3.061391,0.056931,3.687171,-2.976188,0.000088,0.002169,3.061556
62.3000,0.254304,3.818981,-3.827369,0.000158,0.002203,3.061349,0.027013,3.693864,-2.976540,0.000121,0.002227,3.061200
62.3500,0.239330,3.820189,-3.827401,0.000159,0.002202,3.061307,0.007073,3.698332,-2.976257,-0.000041,0.002190,3.061449
62.4000,0.224357,3.821398,-3.827432,0.000159,0.002201,3.061266,-0.022843,3.705027,-2.976608,0.000232,0.002019,3.061350
62.4500,0.209384,3.822606,-3.827464,0.000159,0.002200,3.061225,-0.042782,3.709489,-2.976324,0.000090,0.002115,3.061476
62.5000,0.194411,3.823816,-3.827496,0.000159,0.002199,3.061185,-0.159179,3.706665,-2.976691,0.000176,0.002332,3.061154
62.5500,0.179438,3.825026,-3.827528,0.000159,0.002199,3.061145,-0.181664,3.710854,-2.976408,0.000127,0.002252,3.061102
62.6000,0.164466,3.826237,-3.827560,0.000159,0.002198,3.061106,-0.215393,3.717138,-2.976760,0.000094,0.002287,3.061169
62.6500,0.149493,3.827448,-3.827592,0.000159,0.002197,3.061067,-0.237877,3.721325,-2.976474,0.000110,0.002134,3.061040
62.7000,0.134709,3.828644,-3.827608,0.000160,0.002308,3.061028,-0.271594,3.727613,-2.976825,0.000109,0.002343,3.061030
62.7500,0.121737,3.829689,-3.827582,0.000177,0.002727,3.060986,-0.293731,3.731774,-2.976484,0.000381,0.002437,3.060951
62.8000,0.112272,3.830439,-3.827482,0.000227,0.003428,3.060905,-0.324036,3.737781,-2.976755,0.000250,0.003113,3.060981
62.8500,0.106578,3.830873,-3.827310,0.000310,0.004273,3.060756,-0.341301,3.741537,-2.975973,0.000358,0.003805,3.061147
62.9000,0.103918,3.831057,-3.827085,0.000425,0.005157,3.060565,-0.362862,3.746812,-2.976083,0.000399,0.004602,3.060460
62.9520,0.103219,3.831087,-3.826836,0.000552,0.005992,3.060372,-0.374994,3.750149,-2.974735,0.000490,0.005544,3.060335
63.0000,0.103522,3.831049,-3.826602,0.000678,0.006695,3.060198,-0.391212,3.755007,-2.974740,0.000653,0.006491,3.060272
63.0520,0.104146,3.830998,-3.826408,0.000790,0.007233,3.060050,-0.401346,3.758202,-2.973080,0.000790,0.006894,3.060126
63.1000,0.104780,3.830945,-3.826263,0.000884,0.007607,3.059911,-0.416345,3.762996,-2.973099,0.000735,0.007517,3.059889
63.1500,0.105361,3.830900,-3.826161,0.000959,0.007837,3.059800,-0.426313,3.766185,-2.971461,0.001085,0.007813,3.059855
63.2000,0.105848,3.830867,-3.826096,0.001013,0.007955,3.059718,-0.441397,3.770993,-2.971515,0.000958,0.008043,3.059834
63.2500,0.106237,3.830845,-3.826058,0.001047,0.007987,3.059651,-0.451489,3.774200,-2.970093,0.000879,0.008081,3.059709
63.3000,0.106550,3.830831,-3.826040,0.001063,0.007951,3.059594,-0.466802,3.779036,-2.970150,0.001158,0.008039,3.059751
63.3500,0.106814,3.830822,-3.826036,0.001064,0.007862,3.059543,-0.477023,3.782255,-2.969019,0.001129,0.007787,3.059676
63.4000,0.107055,3.830813,-3.826042,0.001050,0.007733,3.059500,-0.492468,3.787106,-2.969061,0.001130,0.007778,3.059495
63.4500,0.107288,3.830805,-3.826053,0.001025,0.007574,3.059460,-0.502739,3.790331,-2.968235,0.001005,0.007574,3.059617
63.5000,0.107518,3.830797,-3.826067,0.000990,0.007392,3.059425,-0.258267,3.959400,-2.968004,0.000917,0.007473,3.059399
63.5500,0.107749,3.830790,-3.826083,0.000947,0.007193,3.059395,-0.260927,3.967454,-2.967506,0.000979,0.007399,3.059383
63.6000,0.107981,3.830782,-3.826100,0.000898,0.006983,3.059368,-0.264920,3.979533,-2.967502,0.000842,0.007387,3.059364
63.6500,0.108215,3.830772,-3.826117,0.000843,0.006764,3.059344,-0.267581,3.987584,-2.967267,0.001108,0.006794,3.059406
63.7000,0.108460,3.830763,-3.826136,0.000769,0.006527,3.059747,-0.271575,3.999660,-2.967281,0.000767,0.006864,3.059364
63.7500,0.108739,3.830787,-3.826186,0.000650,0.006267,3.062996,-0.274224,4.007714,-2.967276,0.000708,0.006305,3.060568
63.8000,0.109025,3.830840,-3.826252,0.000516,0.005998,3.069049,-0.278198,4.019832,-2.967369,0.000634,0.006061,3.066368
63.8500,0.109294,3.830886,-3.826311,0.000395,0.005710,3.076374,-0.280896,4.027912,-2.967609,0.000362,0.005955,3.071944
63.9000,0.109547,3.830923,-3.826359,0.000304,0.005436,3.084569,-0.285051,4.039988,-2.967749,0.000407,0.005563,3.081174
63.9500,0.109788,3.830958,-3.826398,0.000230,0.005184,3.093694,-0.287903,4.048013,-2.968136,0.000210,0.005343,3.088199
64.0000,0.110019,3.830992,-3.826429,0.000172,0.004952,3.103647,-0.292296,4.060009,-2.968307,0.000221,0.004998,3.099592
64.0500,0.110243,3.831023,-3.826455,0.000133,0.004737,3.114194,-0.295313,4.067977,-2.968766,0.000183,0.004924,3.107687
64.1000,0.110460,3.831047,-3.826476,0.000114,0.004538,3.125170,-0.299967,4.079872,-2.968984,0.000018,0.004660,3.120849
64.1500,0.110672,3.831067,-3.826494,0.000110,0.004352,3.136491,-0.303167,4.087761,-2.969460,0.000111,0.004421,3.129691
64.2020,0.110879,3.831083,-3.826509,0.000116,0.004180,-3.135090,-0.308098,4.099531,-2.969731,-0.000011,0.004042,-3.139668
64.2500,0.111084,3.831096,-3.826523,0.000130,0.004021,-3.123266,-0.311479,4.107335,-2.970181,0.000142,0.004056,-3.130388
64.3000,0.111284,3.831108,-3.826534,0.000149,0.003873,-3.111274,-0.316689,4.118976,-2.970505,0.000050,0.003812,-3.115969
64.3500,0.111482,3.831119,-3.826545,0.000170,0.003736,-3.099152,-0.320261,4.126692,-2.970904,0.000239,0.003816,-3.106448
64.4000,0.111677,3.831131,-3.826554,0.000193,0.003609,-3.086926,-0.325758,4.138202,-2.971278,0.000174,0.003680,-3.091802
64.4500,0.111870,3.831143,-3.826563,0.000216,0.003491,-3.074620,-0.329521,4.145830,-2.971607,0.000050,0.003557,-3.082018
64.5000,0.112060,3.831156,-3.826571,0.000238,0.003383,-3.062252,-0.000399,3.615793,-2.972027,0.000148,0.003419,-3.067269
64.5500,0.112247,3.831171,-3.826579,0.000259,0.003282,-3.049835,0.007197,3.608573,-2.972290,0.000261,0.003114,-3.057255
64.6000,0.112432,3.831186,-3.826586,0.000280,0.003190,-3.037381,0.018727,3.597890,-2.972766,0.000318,0.003298,-3.042349
64.6500,0.112614,3.831204,-3.826593,0.000299,0.003104,-3.024897,0.026499,3.590863,-2.972936,0.000322,0.003134,-3.032613
64.7000,0.112794,3.831223,-3.826600,0.000317,0.003025,-3.012391,0.038287,3.580472,-2.973440,0.000326,0.003074,-3.017311
64.7500,0.112972,3.831243,-3.826606,0.000333,0.002951,-2.999867,0.046231,3.573646,-2.973519,0.000259,0.002958,-3.007508
64.8000,0.113148,3.831266,-3.826613,0.000349,0.002884,-2.987329,0.058269,3.563556,-2.974043,0.000219,0.002893,-2.992233
64.8500,0.113321,3.831290,-3.826620,0.000363,0.002821,-2.974782,0.066378,3.556935,-2.974037,0.000400,0.002828,-2.982284
64.9000,0.113492,3.831315,-3.826626,0.000377,0.002764,-2.962226,0.078661,3.547156,-2.974575,0.000384,0.002888,-2.967313
64.9500,0.113661,3.831343,-3.826633,0.000389,0.002710,-2.949665,0.086928,3.540740,-2.974488,0.000377,0.002758,-2.957183
65.0000,0.113827,3.831372,-3.826640,0.000401,0.002661,-2.937099,0.099445,3.531277,-2.975033,0.000425,0.002765,-2.942040
65.0500,0.113992,3.831403,-3.826646,0.000412,0.002615,-2.924530,0.107867,3.525074,-2.974876,0.000329,0.002488,-2.932193
65.1000,0.114154,3.831435,-3.826653,0.000423,0.002573,-2.911959,0.120611,3.515929,-2.975423,0.000509,0.002578,-2.916840
65.1500,0.114314,3.831469,-3.826660,0.000433,0.002534,-2.899385,0.129183,3.509942,-2.975204,0.000364,0.002362,-2.907060
65.2000,0.114472,3.831505,-3.826667,0.000443,0.002497,-2.886811,0.142148,3.501124,-2.975745,0.000162,0.002511,-2.891838
65.2500,0.114628,3.831542,-3.826673,0.000452,0.002463,-2.874236,0.150862,3.495354,-2.975473,0.000368,0.002586,-2.881790
65.3000,0.114782,3.831581,-3.826680,0.000462,0.002432,-2.861660,0.164037,3.486866,-2.976009,0.000511,0.002463,-2.866725
65.3500,0.114933,3.831622,-3.826687,0.000470,0.002403,-2.849085,0.172892,3.481321,-2.975692,0.000343,0.002259,-2.856720
65.4000,0.115083,3.831663,-3.826694,0.000479,0.002375,-2.836509,0.186277,3.473173,-2.976217,0.000514,0.002380,-2.841646
65.4520,0.115230,3.831707,-3.826701,0.000488,0.002350,-2.823934,0.195266,3.467853,-2.975865,0.000325,0.002363,-2.831568
65.5000,0.115375,3.831751,-3.826708,0.000496,0.002326,-2.811359,0.734913,3.748347,-2.976381,0.000390,0.002315,-2.816328
65.5500,0.115518,3.831798,-3.826715,0.000505,0.002304,-2.798784,0.757978,3.754184,-2.976003,0.000451,0.002330,-2.806401
65.6000,0.115659,3.831845,-3.826722,0.000513,0.002283,-2.786210,0.792458,3.763376,-2.976507,0.000493,0.002194,-2.791104
65.6500,0.115798,3.831894,-3.826729,0.000522,0.002264,-2.773637,0.815365,3.769794,-2.976109,0.000504,0.002265,-2.781107
65.7000,0.115935,3.831944,-3.826736,0.000530,0.002246,-2.761064,0.849600,3.779852,-2.976599,0.000613,0.002270,-2.766143
65.7520,0.116070,3.831995,-3.826743,0.000538,0.002229,-2.748491,0.872336,3.786843,-2.976182,0.000596,0.002138,-2.755947
65.8000,0.116203,3.832048,-3.826750,0.000546,0.002212,-2.735919,0.906301,3.797763,-2.976659,0.000640,0.002115,-2.740848
65.8500,0.116333,3.832101,-3.826757,0.000555,0.002197,-2.723348,0.928851,3.805328,-2.976233,0.000659,0.002202,-2.730951
65.9000,0.116462,3.832156,-3.826764,0.000563,0.002183,-2.710778,0.962528,3.817101,-2.976693,0.000466,0.002126,-2.715860
65.9500,0.116589,3.832212,-3.826771,0.000571,0.002169,-2.698208,0.984880,3.825230,-2.976258,0.000772,0.002118,-2.705643
66.0000,0.116713,3.832268,-3.826778,0.000579,0.002156,-2.685639,1.018244,3.837851,-2.976705,0.000716,0.002149,-2.690766
66.0500,0.116836,3.832326,-3.826784,0.000587,0.002144,-2.673070,1.040382,3.846542,-2.976267,0.000571,0.002097,-2.680591
66.1000,0.116956,3.832385,-3.826791,0.000595,0.002133,-2.660502,1.073414,3.860001,-2.976699,0.000628,0.002126,-2.665669
66.1500,0.117075,3.832445,-3.826798,0.000604,0.002122,-2.647935,1.095324,3.869248,-2.976261,0.000656,0.002223,-2.655407
66.2000,0.117191,3.832506,-3.826805,0.000612,0.002111,-2.635369,1.128000,3.883535,-2.976677,0.000686,0.002227,-2.640536
66.2500,0.117306,3.832567,-3.826811,0.000620,0.002102,-2.622803,1.149664,3.893332,-2.976242,0.000726,0.002116,-2.630464
66.3000,0.117418,3.832629,-3.826818,0.000628,0.002092,-2.610238,1.181963,3.908437,-2.976646,0.000705,0.002124,-2.615335
66.3500,0.117529,3.832693,-3.826825,0.000636,0.002083,-2.597673,1.203368,3.918778,-2.976221,0.000531,0.002185,-2.605218
66.4000,0.117637,3.832756,-3.826831,0.000644,0.002075,-2.585109,1.235271,3.934692,-2.976613,0.000787,0.002112,-2.590119
66.4500,0.117744,3.832821,-3.826838,0.000652,0.002066,-2.572546,1.256407,3.945570,-2.976194,0.000724,0.002238,-2.579950
66.5000,0.117849,3.832886,-3.826844,0.000660,0.002058,-2.559983,0.121998,3.834238,-2.976737,0.000743,0.001963,-2.564898
66.5500,0.117951,3.832952,-3.826850,0.000668,0.002051,-2.547421,0.109501,3.835966,-2.976298,0.000707,0.002194,-2.554925
66.6000,0.118052,3.833019,-3.826857,0.000675,0.002043,-2.534860,0.090718,3.838323,-2.976679,0.000631,0.002023,-2.539981
66.6500,0.118151,3.833086,-3.826863,0.000683,0.002036,-2.522299,0.078179,3.839739,-2.976251,0.000699,0.001972,-2.529685
66.7000,0.118249,3.833154,-3.826869,0.000691,0.002030,-2.509738,0.059342,3.841622,-2.976619,0.000562,0.002102,-2.514849
66.7500,0.118344,3.833222,-3.826876,0.000698,0.002023,-2.497179,0.046770,3.842722,-2.976205,0.000617,0.001953,-2.504815
66.8000,0.118437,3.833291,-3.826882,0.000706,0.002017,-2.484620,0.027887,3.844133,-2.976564,0.000513,0.002185,-2.489540
66.8500,0.118529,3.833361,-3.826888,0.000714,0.002011,-2.472061,0.015289,3.844914,-2.976160,0.000690,0.001847,-2.479644
66.9020,0.118618,3.833430,-3.826894,0.000721,0.002005,-2.459503,-0.003626,3.845850,-2.976509,0.000366,0.002020,-2.464250
66.9500,0.118706,3.833501,-3.826900,0.000729,0.001999,-2.446946,-0.016240,3.846312,-2.976117,0.000656,0.002100,-2.454468
67.0000,0.118792,3.833571,-3.826906,0.000736,0.001994,-2.434389,-0.035171,3.846768,-2.976458,0.000791,0.002065,-2.439640
67.0500,0.118877,3.833642,-3.826912,0.000743,0.001988,-2.421833,-0.047792,3.846918,-2.976078,0.000630,0.002076,-2.429262
67.1000,0.118959,3.833714,-3.826917,0.000750,0.001983,-2.409277,-0.066732,3.846897,-2.976417,0.000514,0.002022,-2.414367
67.1500,0.119040,3.833785,-3.826923,0.000758,0.001978,-2.396722,-0.079355,3.846725,-2.976047,0.000813,0.002097,-2.404138
67.2000,0.119119,3.833857,-3.826929,0.000765,0.001973,-2.384168,-0.098294,3.846226,-2.976380,0.000875,0.002025,-2.389134
67.2500,0.119196,3.833930,-3.826934,0.000772,0.001968,-2.371614,-0.110914,3.845737,-2.976021,0.000877,0.001956,-2.379068
67.3000,0.119272,3.834002,-3.826940,0.000779,0.001963,-2.359060,-0.129841,3.844765,-2.976350,0.000913,0.002052,-2.364092
67.3500,0.119346,3.834075,-3.826946,0.000786,0.001958,-2.346507,-0.142448,3.843959,-2.975999,0.000693,0.001781,-2.353838
67.4000,0.119418,3.834148,-3.826951,0.000793,0.001954,-2.333955,-0.161348,3.842513,-2.976321,0.000854,0.002070,-2.339140
67.4500,0.119489,3.834221,-3.826957,0.000799,0.001949,-2.321403,-0.173932,3.841393,-2.975979,0.000719,0.001856,-2.328759
67.5000,0.119557,3.834294,-3.826962,0.000806,0.001945,-2.308852,-0.232410,4.303405,-2.976289,0.000736,0.001953,-2.313911
67.5500,0.119625,3.834367,-3.826967,0.000813,0.001941,-2.296301,-0.248511,4.315291,-2.975955,0.000884,0.002070,-2.303853
67.6000,0.119690,3.834441,-3.826973,0.000819,0.001936,-2.283751,-0.272887,4.332813,-2.976276,0.000845,0.001821,-2.288809
67.6500,0.119754,3.834514,-3.826978,0.000826,0.001932,-2.271201,-0.289283,4.344292,-2.975948,0.000770,0.001854,-2.278832
67.7000,0.119816,3.834588,-3.826983,0.000833,0.001928,-2.258651,-0.314091,4.361198,-2.976267,0.000749,0.001913,-2.263786
67.7500,0.119877,3.834661,-3.826988,0.000839,0.001924,-2.246103,-0.330770,4.372260,-2.975943,0.000957,0.002002,-2.253472
67.8000,0.119936,3.834735,-3.826993,0.000845,0.001920,-2.233554,-0.355998,4.388534,-2.976263,0.000850,0.001936,-2.238644
67.8500,0.119994,3.834809,-3.826998,0.000852,0.001916,-2.221006,-0.372949,4.399175,-2.975945,0.000857,0.001953,-2.228604
67.9000,0.120050,3.834882,-3.827003,0.000858,0.001912,-2.208459,-0.398575,4.414816,-2.976262,0.000852,0.001899,-2.213596
67.9500,0.120105,3.834956,-3.827008,0.000864,0.001908,-2.195912,-0.415787,4.425028,-2.975947,0.000810,0.001882,-2.203326
68.0000,0.120158,3.835029,-3.827013,0.000871,0.001904,-2.183365,-0.441800,4.440017,-2.976266,0.000840,0.001982,-2.188236
68.0500,0.120210,3.835103,-3.827018,0.000877,0.001901,-2.170819,-0.459265,4.449793,-2.975955,0.000909,0.002031,-2.178452
68.1020,0.120260,3.835176,-3.827023,0.000883,0.001897,-2.158274,-0.485647,4.464129,-2.976273,0.000981,0.001939,-2.163224
68.1500,0.120308,3.835249,-3.827027,0.000889,0.001893,-2.145729,-0.503354,4.473464,-2.975964,0.000810,0.001928,-2.153205
68.2000,0.120356,3.835322,-3.827032,0.000895,0.001889,-2.133184,-0.530092,4.487131,-2.976284,0.000832,0.001868,-2.138275
68.2500,0.120402,3.835395,-3.827037,0.000901,0.001886,-2.120640,-0.548028,4.496020,-2.975976,0.000721,0.001935,-2.128134
68.3000,0.120446,3.835468,-3.827041,0.000907,0.001882,-2.108096,-0.575103,4.509016,-2.976297,0.001073,0.001980,-2.113154
68.3500,0.120489,3.835541,-3.827046,0.000913,0.001879,-2.095553,-0.593260,4.517454,-2.975989,0.000947,0.002105,-2.103389
68.4000,0.120531,3.835613,-3.827050,0.000919,0.001875,-2.083010,-0.620660,4.529766,-2.976309,0.001028,0.001849,-2.087981
68.4500,0.120571,3.835685,-3.827055,0.000924,0.001871,-2.070467,-0.639026,4.537743,-2.975999,0.000735,0.001994,-2.078030
68.5000,0.120610,3.835757,-3.827059,0.000930,0.001868,-2.057925,0.006032,4.120934,-2.976243,0.000902,0.001841,-2.062865
68.5500,0.120648,3.835829,-3.827064,0.000936,0.001864,-2.045384,0.009298,4.119419,-2.975946,0.000880,0.001774,-2.052715
68.6000,0.120684,3.835900,-3.827068,0.000942,0.001861,-2.032842,0.014222,4.117207,-2.976260,0.000876,0.001929,-2.037764
68.6500,0.120719,3.835971,-3.827072,0.000947,0.001857,-2.020302,0.017524,4.115772,-2.975964,0.001065,0.001838,-2.027825
68.7000,0.120753,3.836042,-3.827077,0.000953,0.001853,-2.007761,0.022500,4.113678,-2.976279,0.000998,0.001624,-2.012790
68.7500,0.120786,3.836113,-3.827081,0.000958,0.001850,-1.995221,0.025834,4.112325,-2.975981,0.000893,0.001932,-2.002740
68.8000,0.120817,3.836183,-3.827085,0.000964,0.001846,-1.982681,0.030860,4.110358,-2.976298,0.001112,0.001807,-1.987627
68.8500,0.120847,3.836253,-3.827089,0.000969,0.001843,-1.970142,0.034226,4.109090,-2.976000,0.000783,0.001734,-1.977784
68.9000,0.120876,3.836323,-3.827093,0.000975,0.001839,-1.957603,0.039298,4.107249,-2.976317,0.001106,0.001924,-1.962537
68.9500,0.120904,3.836392,-3.827097,0.000980,0.001836,-1.945065,0.042695,4.106064,-2.976018,0.001070,0.001757,-1.952508
69.0000,0.120931,3.836461,-3.827101,0.000986,0.001832,-1.932527,0.047808,4.104350,-2.976336,0.000885,0.001661,-1.937479
69.0500,0.120956,3.836529,-3.827105,0.000991,0.001829,-1.919989,0.051232,4.103254,-2.976036,0.001192,0.001939,-1.927433
69.1020,0.120980,3.836597,-3.827109,0.000996,0.001825,-1.907452,0.056384,4.101672,-2.976355,0.001013,0.001785,-1.912355
69.1500,0.121003,3.836665,-3.827113,0.001001,0.001822,-1.894915,0.059833,4.100663,-2.976054,0.001070,0.002017,-1.902538
69.2000,0.121026,3.836733,-3.827117,0.001007,0.001818,-1.882378,0.065020,4.099207,-2.976373,0.001035,0.001858,-1.887313
69.2500,0.121047,3.836800,-3.827121,0.001012,0.001815,-1.869842,0.068492,4.098281,-2.976071,0.001134,0.001752,-1.877384
69.3000,0.121066,3.836866,-3.827124,0.001017,0.001811,-1.857306,0.073710,4.096955,-2.976391,0.001090,0.001741,-1.862334
69.3500,0.121085,3.836932,-3.827128,0.001022,0.001808,-1.844771,0.077201,4.096117,-2.976087,0.000924,0.001784,-1.852367
69.4000,0.121103,3.836998,-3.827132,0.001027,0.001804,-1.832236,0.082449,4.094923,-2.976409,0.001046,0.001696,-1.837129
69.4500,0.121120,3.837063,-3.827135,0.001032,0.001801,-1.819701,0.085961,4.094174,-2.976104,0.001231,0.001665,-1.827430
69.5000,0.121136,3.837128,-3.827139,0.001037,0.001797,-1.807166,0.234247,4.772336,-2.976346,0.001035,0.001868,-1.812197
69.5500,0.121151,3.837192,-3.827143,0.001042,0.001793,-1.794632,0.238440,4.792221,-2.976053,0.001265,0.001817,-1.802236
69.6000,0.121164,3.837256,-3.827146,0.001047,0.001790,-1.782098,0.244350,4.822123,-2.976368,0.001073,0.001754,-1.787085
69.6500,0.121177,3.837319,-3.827150,0.001052,0.001786,-1.769565,0.248039,4.842107,-2.976075,0.001027,0.001751,-1.776987
69.7000,0.121189,3.837382,-3.827153,0.001057,0.001783,-1.757032,0.253190,4.872149,-2.976394,0.001091,0.001818,-1.762100
69.7500,0.121200,3.837444,-3.827156,0.001062,0.001779,-1.744499,0.256375,4.892219,-2.976099,0.001059,0.001837,-1.751933
69.8000,0.121210,3.837506,-3.827160,0.001067,0.001776,-1.731967,0.260771,4.922381,-2.976418,0.001183,0.001863,-1.737227
69.8500,0.121220,3.837567,-3.827163,0.001072,0.001772,-1.719435,0.263452,4.942525,-2.976120,0.000828,0.001902,-1.726791
69.9000,0.121228,3.837628,-3.827167,0.001077,0.001768,-1.706903,0.267088,4.972785,-2.976440,0.001032,0.001754,-1.711935
69.9500,0.121236,3.837689,-3.827170,0.001081,0.001765,-1.694371,0.269263,4.992989,-2.976141,0.000983,0.001759,-1.701822
70.0020,0.121249,3.837747,-3.827172,0.001095,0.001764,-1.682238,0.272142,5.023332,-2.976463,0.000932,0.001887,-1.686791
70.0500,0.121322,3.837793,-3.827191,0.001157,0.001763,-1.672910,0.273827,5.043581,-2.976159,0.001119,0.001602,-1.678179
70.1000,0.121443,3.837830,-3.827215,0.001235,0.001749,-1.666343,0.276132,5.073962,-2.976503,0.001210,0.001693,-1.668691
70.1500,0.121551,3.837872,-3.827225,0.001282,0.001713,-1.661092,0.277548,5.094224,-2.976201,0.001266,0.001834,-1.664071
70.2020,0.121639,3.837920,-3.827223,0.001293,0.001677,-1.656866,0.279483,5.124633,-2.976526,0.001346,0.001712,-1.658424
70.2500,0.121714,3.837972,-3.827214,0.001286,0.001647,-1.653666,0.280670,5.144918,-2.976219,0.001302,0.001687,-1.655431
70.3000,0.121779,3.838026,-3.827202,0.001268,0.001619,-1.651313,0.282328,5.175352,-2.976528,0.001302,0.001454,-1.652179
70.3500,0.121831,3.838082,-3.827189,0.001239,0.001592,-1.649566,0.283374,5.195650,-2.976234,0.001348,0.001576,-1.650544
70.4000,0.121872,3.838141,-3.827178,0.001200,0.001565,-1.648283,0.284870,5.226099,-2.976544,0.001202,0.001478,-1.648708
70.4520,0.121903,3.838200,-3.827168,0.001155,0.001537,-1.647380,0.285834,5.246404,-2.976265,0.001207,0.001564,-1.647916
70.5000,0.121928,3.838260,-3.827159,0.001106,0.001511,-1.646783,0.428503,4.227843,-2.976659,0.001216,0.001362,-1.647057
70.5500,0.121947,3.838321,-3.827153,0.001056,0.001485,-1.646420,0.436772,4.217704,-2.976384,0.001143,0.001608,-1.646713
70.6000,0.121961,3.838382,-3.827147,0.001004,0.001459,-1.646241,0.449176,4.202499,-2.976712,0.000945,0.001553,-1.646365
70.6500,0.121971,3.838443,-3.827144,0.000952,0.001435,-1.646205,0.457446,4.192365,-2.976455,0.001191,0.001570,-1.646196
70.7000,0.121979,3.838504,-3.827141,0.000900,0.001410,-1.646283,0.469847,4.177164,-2.976789,0.000836,0.001387,-1.646335
70.7500,0.121984,3.838564,-3.827139,0.000850,0.001387,-1.646448,0.478111,4.167029,-2.976544,0.000759,0.001456,-1.646262
70.8000,0.121987,3.838625,-3.827139,0.000801,0.001364,-1.646682,0.490500,4.151819,-2.976886,0.000913,0.001282,-1.646513
70.8500,0.121990,3.838685,-3.827139,0.000753,0.001342,-1.646969,0.498756,4.141679,-2.976647,0.000670,0.001390,-1.646802
70.9000,0.121991,3.838745,-3.827139,0.000707,0.001321,-1.647297,0.511135,4.126464,-2.976996,0.000912,0.001193,-1.647202
70.9500,0.121991,3.838804,-3.827140,0.000664,0.001301,-1.647655,0.519382,4.116319,-2.976759,0.000738,0.001327,-1.647592
71.0000,0.121973,3.838620,-3.827149,0.000624,0.001180,-1.648121,0.531747,4.101088,-2.977114,0.000637,0.001147,-1.648015
71.0500,0.121799,3.836422,-3.827229,0.000572,0.000790,-1.648822,0.539956,4.090520,-2.976919,0.000411,0.001044,-1.648324
71.1000,0.121334,3.830608,-3.827403,0.000492,0.000163,-1.649598,0.552014,4.071531,-2.977399,0.000576,0.000389,-1.649247
71.1500,0.120563,3.821049,-3.827643,0.000394,-0.000574,-1.650380,0.559802,4.055867,-2.977642,0.000538,-0.000124,-1.649802
71.2000,0.119544,3.808533,-3.827909,0.000290,-0.001293,-1.651154,0.571110,4.028075,-2.978296,0.000332,-0.001100,-1.650819
71.2500,0.118359,3.794128,-3.828153,0.000178,-0.001934,-1.651873,0.578448,4.007371,-2.978964,0.000263,-0.001627,-1.651347
71.3000,0.117092,3.778783,-3.828348,0.000074,-0.002464,-1.652538,0.589262,3.974399,-2.979614,0.000189,-0.002325,-1.652208
71.3500,0.115807,3.763175,-3.828487,-0.000016,-0.002867,-1.653157,0.596407,3.951809,-2.980416,0.000097,-0.002593,-1.652791
71.4000,0.114525,3.747632,-3.828571,-0.000090,-0.003150,-1.653757,0.607086,3.917754,-2.980977,-0.000184,-0.003058,-1.653436
71.4500,0.113249,3.732199,-3.828612,-0.000149,-0.003324,-1.654330,0.614198,3.895119,-2.981693,-0.000022,-0.003363,-1.654000
71.5000,0.111977,3.716879,-3.828618,-0.000196,-0.003410,-1.654864,0.253293,3.957436,-2.982191,-0.000266,-0.003443,-1.654595
71.5500,0.110708,3.701652,-3.828599,-0.000230,-0.003427,-1.655377,0.249406,3.937652,-2.982712,-0.000246,-0.003655,-1.654903
71.6000,0.109438,3.686498,-3.828562,-0.000251,-0.003391,-1.655864,0.243563,3.908087,-2.983192,-0.000076,-0.003397,-1.655580
71.6500,0.108164,3.671385,-3.828514,-0.000262,-0.003311,-1.656322,0.239659,3.888432,-2.983471,-0.000159,-0.003341,-1.656116
71.7000,0.106883,3.656289,-3.828458,-0.000265,-0.003200,-1.656758,0.233773,3.858997,-2.983964,-0.000424,-0.003155,-1.656763
71.7500,0.105593,3.641192,-3.828398,-0.000259,-0.003063,-1.657180,0.229836,3.839380,-2.983998,-0.000340,-0.003252,-1.656908
71.8000,0.104294,3.626085,-3.828337,-0.000245,-0.002907,-1.657589,0.223910,3.809956,-2.984502,-0.000181,-0.002855,-1.657542
71.8500,0.102988,3.610969,-3.828276,-0.000225,-0.002738,-1.657987,0.219940,3.790328,-2.984301,-0.000346,-0.002778,-1.657670
71.9000,0.101673,3.595844,-3.828216,-0.000200,-0.002558,-1.658376,0.213969,3.760884,-2.984812,-0.000238,-0.002851,-1.658193
71.9500,0.100351,3.580714,-3.828158,-0.000171,-0.002372,-1.658755,0.209971,3.741244,-2.984403,-0.000147,-0.002432,-1.658572
72.0000,0.099022,3.565582,-3.828102,-0.000138,-0.002181,-1.659128,0.203959,3.711794,-2.984914,-0.000196,-0.002406,-1.658921
72.0500,0.097688,3.550450,-3.828049,-0.000103,-0.001989,-1.659493,0.199939,3.692150,-2.984332,-0.000087,-0.001948,-1.659256
72.1000,0.096346,3.535321,-3.827999,-0.000067,-0.001796,-1.659853,0.193893,3.662703,-2.984832,-0.000021,-0.001915,-1.659758
72.1520,0.095000,3.520194,-3.827952,-0.000029,-0.001605,-1.660207,0.189846,3.643062,-2.984111,-0.000083,-0.001682,-1.659981
72.2000,0.093647,3.505070,-3.827908,0.000009,-0.001417,-1.660556,0.183765,3.613626,-2.984591,-0.000063,-0.001612,-1.660543
72.2500,0.092289,3.489948,-3.827868,0.000047,-0.001233,-1.660900,0.179694,3.593993,-2.983770,-0.000082,-0.001336,-1.660670
72.3000,0.090925,3.474830,-3.827831,0.000084,-0.001054,-1.661241,0.173578,3.564563,-2.984226,0.000030,-0.000887,-1.661046
72.3520,0.089556,3.459714,-3.827797,0.000119,-0.000879,-1.661577,0.169487,3.544934,-2.983334,0.000134,-0.000816,-1.661211
72.4000,0.088182,3.444600,-3.827766,0.000153,-0.000710,-1.661910,0.163337,3.515509,-2.983761,0.000116,-0.000837,-1.661800
72.4500,0.086803,3.429489,-3.827739,0.000186,-0.000548,-1.662239,0.159223,3.495888,-2.982829,0.000254,-0.000456,-1.662074
72.5000,0.085418,3.414380,-3.827714,0.000216,-0.000391,-1.662565,-0.326943,3.223616,-2.983206,0.000030,-0.000478,-1.662425
72.5500,0.084029,3.399273,-3.827692,0.000244,-0.000240,-1.662887,-0.345216,3.196883,-2.982276,0.000136,-0.000462,-1.662554
72.6000,0.082634,3.384169,-3.827673,0.000271,-0.000096,-1.663206,-0.372639,3.156796,-2.982648,0.000238,-0.000137,-1.662988
72.6500,0.081235,3.369066,-3.827657,0.000294,0.000043,-1.663522,-0.390935,3.130080,-2.981728,0.000311,-0.000132,-1.663403
72.7000,0.079831,3.353966,-3.827643,0.000316,0.000175,-1.663836,-0.418406,3.090022,-2.982077,0.000409,0.000154,-1.663577
72.7500,0.078423,3.338868,-3.827632,0.000335,0.000301,-1.664146,-0.436729,3.063323,-2.981177,0.000423,0.000132,-1.663838
72.8000,0.077009,3.323772,-3.827623,0.000352,0.000422,-1.664454,-0.464237,3.023287,-2.981495,0.000275,0.000576,-1.664428
72.8500,0.075591,3.308678,-3.827616,0.000367,0.000536,-1.664758,-0.482590,2.996608,-2.980628,0.000364,0.000523,-1.664571
72.9000,0.074169,3.293587,-3.827612,0.000380,0.000645,-1.665060,-0.510130,2.956593,-2.980922,0.000433,0.000537,-1.665114
72.9500,0.072742,3.278497,-3.827609,0.000391,0.000749,-1.665360,-0.528504,2.929930,-2.980097,0.000375,0.000711,-1.665115
73.0000,0.071310,3.263410,-3.827608,0.000400,0.000848,-1.665656,-0.556085,2.889942,-2.980373,0.000395,0.000897,-1.665565
73.0500,0.069875,3.248325,-3.827609,0.000407,0.000942,-1.665950,-0.574485,2.863295,-2.979600,0.000238,0.000807,-1.665756
73.1000,0.068434,3.233241,-3.827611,0.000412,0.001030,-1.666241,-0.602104,2.823329,-2.979851,0.000610,0.001032,-1.666224
73.1500,0.066990,3.218160,-3.827616,0.000416,0.001115,-1.666530,-0.620528,2.796699,-2.979132,0.000444,0.001319,-1.666301
73.2000,0.065541,3.203081,-3.827621,0.000419,0.001194,-1.666816,-0.648182,2.756749,-2.979373,0.000475,0.001174,-1.666978
73.2500,0.064088,3.188004,-3.827629,0.000420,0.001270,-1.667099,-0.666629,2.730131,-2.978705,0.000520,0.001054,-1.666904
73.3000,0.062631,3.172928,-3.827637,0.000420,0.001342,-1.667380,-0.694316,2.690202,-2.978929,0.000479,0.001202,-1.667215
73.3500,0.061170,3.157855,-3.827647,0.000419,0.001409,-1.667658,-0.712782,2.663599,-2.978317,0.000473,0.001534,-1.667592
73.4000,0.059705,3.142784,-3.827658,0.000417,0.001473,-1.667934,-0.740508,2.623690,-2.978537,0.000592,0.001441,-1.667652
73.4500,0.058235,3.127714,-3.827670,0.000414,0.001534,-1.668207,-0.758998,2.597099,-2.977974,0.000285,0.001627,-1.668174
73.5000,0.056762,3.112646,-3.827684,0.000410,0.001591,-1.668478,-0.000725,2.763826,-2.978028,0.000545,0.001652,-1.668416
73.5500,0.055284,3.097581,-3.827698,0.000405,0.001645,-1.668746,0.003916,2.743238,-2.977535,0.000318,0.001576,-1.668713
73.6000,0.053803,3.082517,-3.827713,0.000400,0.001696,-1.669012,0.010861,2.712352,-2.977720,0.000389,0.001576,-1.668795
73.6500,0.052318,3.067454,-3.827730,0.000395,0.001743,-1.669275,0.015486,2.691766,-2.977276,0.000454,0.001658,-1.669112
73.7000,0.050828,3.052394,-3.827747,0.000389,0.001789,-1.669536,0.022408,2.660883,-2.977462,0.000418,0.001807,-1.669474
73.7520,0.049335,3.037335,-3.827765,0.000382,0.001831,-1.669794,0.027014,2.640297,-2.977057,0.000535,0.001805,-1.669695
73.8000,0.047838,3.022279,-3.827784,0.000375,0.001871,-1.670050,0.033908,2.609416,-2.977250,0.000397,0.001867,-1.669865
73.8500,0.046338,3.007223,-3.827804,0.000368,0.001909,-1.670303,0.038499,2.588832,-2.976882,0.000341,0.001754,-1.670191
73.9000,0.044833,2.992170,-3.827824,0.000361,0.001944,-1.670554,0.045369,2.557953,-2.977079,0.000164,0.001829,-1.670434
73.9520,0.043325,2.977118,-3.827845,0.000354,0.001978,-1.670803,0.049944,2.537372,-2.976741,0.000342,0.001814,-1.670654
74.0000,0.041813,2.962068,-3.827866,0.000346,0.002009,-1.671049,0.056793,2.506500,-2.976946,0.000327,0.001991,-1.671026
74.0500,0.040298,2.947020,-3.827889,0.000339,0.002038,-1.671293,0.061349,2.485922,-2.976636,0.000219,0.002135,-1.671134
74.1020,0.038779,2.931973,-3.827911,0.000332,0.002066,-1.671534,0.068173,2.455053,-2.976854,0.000331,0.002064,-1.671193
74.1500,0.037256,2.916928,-3.827935,0.000324,0.002091,-1.671774,0.072718,2.434476,-2.976567,0.000448,0.002212,-1.671579
74.2000,0.035730,2.901885,-3.827958,0.000317,0.002116,-1.672010,0.079519,2.403606,-2.976794,0.000265,0.001958,-1.671864
74.2500,0.034200,2.886843,-3.827983,0.000309,0.002138,-1.672245,0.084045,2.383029,-2.976525,0.000377,0.001966,-1.671928
74.3000,0.032667,2.871803,-3.828008,0.000302,0.002159,-1.672477,0.090822,2.352161,-2.976757,0.000312,0.002229,-1.672319
74.3500,0.031130,2.856764,-3.828033,0.000295,0.002179,-1.672707,0.095334,2.331588,-2.976503,0.000486,0.002186,-1.672535
74.4000,0.029590,2.841727,-3.828058,0.000288,0.002197,-1.672935,0.102082,2.300722,-2.976748,0.000269,0.002248,-1.672684
74.4500,0.028047,2.826691,-3.828084,0.000281,0.002214,-1.673161,0.106577,2.280151,-2.976504,0.000288,0.002104,-1.672923
74.5000,0.026500,2.811657,-3.828110,0.000275,0.002230,-1.673384,-0.350232,2.900128,-2.976604,0.000375,0.002125,-1.673271
74.5500,0.024950,2.796624,-3.828137,0.000268,0.002245,-1.673605,-0.359326,2.898746,-2.976388,0.000038,0.002197,-1.673448
74.6000,0.023396,2.781593,-3.828164,0.000262,0.002259,-1.673824,-0.372969,2.896678,-2.976634,0.000053,0.002323,-1.673818
74.6520,0.021840,2.766564,-3.828191,0.000256,0.002272,-1.674041,-0.382066,2.895304,-2.976423,0.000324,0.002397,-1.673814
74.7000,0.020280,2.751535,-3.828219,0.000250,0.002283,-1.674256,-0.395716,2.893240,-2.976682,0.000318,0.002205,-1.674243
74.7500,0.018717,2.736509,-3.828247,0.000244,0.002294,-1.674468,-0.404820,2.891868,-2.976474,0.000125,0.002334,-1.674252
74.8000,0.017151,2.721483,-3.828275,0.000239,0.002304,-1.674679,-0.418476,2.889811,-2.976742,0.000218,0.002420,-1.674748
74.8500,0.015581,2.706459,-3.828303,0.000234,0.002314,-1.674887,-0.427582,2.888447,-2.976535,0.000229,0.002298,-1.674748
74.9000,0.014009,2.691437,-3.828331,0.000229,0.002322,-1.675093,-0.441245,2.886401,-2.976815,0.000386,0.002465,-1.674974
74.9500,0.012434,2.676416,-3.828360,0.000224,0.002330,-1.675298,-0.450356,2.885039,-2.976605,0.000159,0.002239,-1.675110
75.0000,0.010855,2.661396,-3.828389,0.000219,0.002337,-1.675500,-0.464024,2.882999,-2.976895,0.000079,0.002300,-1.675360
75.0500,0.009274,2.646377,-3.828418,0.000215,0.002344,-1.675700,-0.473139,2.881646,-2.976683,0.000188,0.002184,-1.675589
75.1000,0.007689,2.631360,-3.828447,0.000210,0.002350,-1.675898,-0.486815,2.879617,-2.976982,0.000240,0.002434,-1.675737
75.1500,0.006102,2.616344,-3.828477,0.000206,0.002355,-1.676094,-0.495934,2.878272,-2.976766,0.000283,0.002364,-1.675975
75.2000,0.004512,2.601330,-3.828506,0.000202,0.002360,-1.676288,-0.509618,2.876256,-2.977074,0.000134,0.002441,-1.676067
75.2500,0.002919,2.586317,-3.828536,0.000199,0.002365,-1.676481,-0.518742,2.874918,-2.976853,0.000175,0.002467,-1.676452
75.3000,0.001323,2.571305,-3.828566,0.000195,0.002369,-1.676671,-0.532434,2.872911,-2.977169,0.000199,0.002418,-1.676615
75.3500,-0.000276,2.556294,-3.828596,0.000192,0.002372,-1.676859,-0.541565,2.871578,-2.976943,0.000206,0.002464,-1.676674
75.4000,-0.001878,2.541285,-3.828626,0.000189,0.002375,-1.677046,-0.555267,2.869577,-2.977266,0.000088,0.002181,-1.676917
75.4500,-0.003482,2.526277,-3.828656,0.000186,0.002378,-1.677230,-0.564403,2.868251,-2.977032,0.000254,0.002431,-1.677119
75.5000,-0.005089,2.511270,-3.828686,0.000183,0.002380,-1.677413,-0.187651,1.968165,-2.977544,0.000280,0.002435,-1.677368
75.5500,-0.006699,2.496264,-3.828717,0.000180,0.002382,-1.677594,-0.185387,1.940396,-2.977277,0.000185,0.002303,-1.677568
75.6000,-0.008311,2.481260,-3.828747,0.000177,0.002384,-1.677773,-0.182005,1.898743,-2.977627,0.000079,0.002404,-1.677823
75.6500,-0.009926,2.466257,-3.828778,0.000175,0.002386,-1.677950,-0.179759,1.870975,-2.977356,0.000058,0.002278,-1.677690
75.7000,-0.011544,2.451255,-3.828808,0.000173,0.002387,-1.678126,-0.176389,1.829325,-2.977709,0.000068,0.002372,-1.678042
75.7500,-0.013164,2.436254,-3.828839,0.000170,0.002388,-1.678299,-0.174149,1.801560,-2.977433,0.000158,0.002372,-1.678421
75.8000,-0.014786,2.421254,-3.828870,0.000168,0.002388,-1.678471,-0.170810,1.759910,-2.977789,-0.000014,0.002538,-1.678501
75.8500,-0.016412,2.406255,-3.828901,0.000167,0.002389,-1.678641,-0.168588,1.732145,-2.977510,0.000259,0.002424,-1.678507
75.9000,-0.018039,2.391258,-3.828932,0.000165,0.002389,-1.678810,-0.165262,1.690495,-2.977868,0.000101,0.002459,-1.678676
75.9500,-0.019670,2.376262,-3.828962,0.000163,0.002389,-1.678976,-0.163052,1.662731,-2.977583,0.000136,0.002355,-1.678851
76.0000,-0.021302,2.361266,-3.828994,0.000161,0.002389,-1.679141,-0.159744,1.621082,-2.977944,0.000073,0.002332,-1.679012
76.0500,-0.022937,2.346272,-3.829025,0.000160,0.002389,-1.679305,-0.157542,1.593319,-2.977658,0.000195,0.002388,-1.679184
76.1000,-0.024575,2.331279,-3.829056,0.000159,0.002388,-1.679466,-0.154249,1.551670,-2.978015,0.000143,0.002381,-1.679414
76.1500,-0.026215,2.316287,-3.829087,0.000157,0.002388,-1.679626,-0.152060,1.523909,-2.977726,0.000174,0.002466,-1.679591
76.2000,-0.027857,2.301296,-3.829118,0.000156,0.002387,-1.679785,-0.148792,1.482264,-2.978083,0.000098,0.002419,-1.679754
76.2500,-0.029501,2.286307,-3.829149,0.000155,0.002386,-1.679942,-0.146620,1.454504,-2.977795,0.000415,0.002303,-1.679784
76.3000,-0.031148,2.271318,-3.829181,0.000154,0.002385,-1.680097,-0.143371,1.412860,-2.978153,0.000156,0.002302,-1.679922
76.3500,-0.032797,2.256330,-3.829212,0.000153,0.002384,-1.680250,-0.141210,1.385103,-2.977864,-0.000041,0.002432,-1.680229
76.4000,-0.034449,2.241344,-3.829243,0.000152,0.002383,-1.680402,-0.137980,1.343461,-2.978217,0.000144,0.002225,-1.680281
76.4500,-0.036102,2.226358,-3.829275,0.000151,0.002382,-1.680553,-0.135834,1.315708,-2.977927,0.000102,0.002351,-1.680512
76.5000,-0.037758,2.211373,-3.829306,0.000150,0.002381,-1.680702,0.291809,2.293365,-2.978079,0.000211,0.002533,-1.680722
76.5500,-0.039416,2.196390,-3.829337,0.000150,0.002379,-1.680849,0.306501,2.295558,-2.977825,0.000218,0.002374,-1.680830
76.6000,-0.041076,2.181407,-3.829369,0.000149,0.002378,-1.680995,0.328535,2.298844,-2.978163,0.000132,0.002495,-1.681118
76.6520,-0.042738,2.166425,-3.829400,0.000148,0.002376,-1.681140,0.343223,2.301033,-2.977907,0.000055,0.002261,-1.680943
76.7000,-0.044402,2.151445,-3.829432,0.000148,0.002375,-1.681282,0.365253,2.304315,-2.978251,0.000173,0.002392,-1.681301
76.7500,-0.046069,2.136465,-3.829463,0.000147,0.002373,-1.681424,0.379939,2.306503,-2.977992,0.000234,0.002475,-1.681355
76.8000,-0.047737,2.121486,-3.829495,0.000147,0.002371,-1.681564,0.401964,2.309783,-2.978338,-0.000100,0.002252,-1.681661
76.8500,-0.049408,2.106508,-3.829526,0.000146,0.002370,-1.681703,0.416649,2.311969,-2.978078,0.000211,0.002497,-1.681612
76.9000,-0.051080,2.091531,-3.829558,0.000146,0.002368,-1.681840,0.438673,2.315245,-2.978425,0.000102,0.002380,-1.681665
76.9500,-0.052754,2.076555,-3.829590,0.000146,0.002366,-1.681976,0.453355,2.317430,-2.978162,0.000316,0.002338,-1.681930
77.0000,-0.054431,2.061580,-3.829621,0.000145,0.002364,-1.682110,0.475373,2.320701,-2.978510,0.000104,0.002261,-1.682226
77.0500,-0.056109,2.046606,-3.829653,0.000145,0.002362,-1.682243,0.490050,2.322883,-2.978244,0.000024,0.002311,-1.682003
77.1000,-0.057790,2.031633,-3.829684,0.000145,0.002361,-1.682375,0.512064,2.326153,-2.978596,0.000085,0.002380,-1.682162
77.1500,-0.059472,2.016661,-3.829716,0.000145,0.002359,-1.682505,0.526738,2.328335,-2.978327,0.000085,0.002395,-1.682450
77.2000,-0.061156,2.001689,-3.829748,0.000145,0.002357,-1.682634,0.548748,2.331602,-2.978681,0.000223,0.002417,-1.682583
77.2500,-0.062842,1.986718,-3.829779,0.000144,0.002355,-1.682761,0.563420,2.333783,-2.978409,0.000151,0.002557,-1.682569
77.3000,-0.064530,1.971749,-3.829811,0.000144,0.002353,-1.682888,0.585424,2.337047,-2.978763,0.000174,0.002320,-1.682914
77.3500,-0.066219,1.956780,-3.829843,0.000144,0.002351,-1.683013,0.600094,2.339224,-2.978490,0.000219,0.002275,-1.682965
77.4000,-0.067911,1.941812,-3.829874,0.000144,0.002349,-1.683137,0.622095,2.342484,-2.978846,0.000079,0.002406,-1.683151
77.4500,-0.069604,1.926844,-3.829906,0.000144,0.002347,-1.683259,0.636763,2.344659,-2.978570,0.000009,0.002368,-1.683115
77.5000,-0.071299,1.911878,-3.829938,0.000144,0.002345,-1.683380,0.264789,1.760117,-2.979049,0.000223,0.002268,-1.683142
77.5500,-0.072996,1.896912,-3.829969,0.000144,0.002343,-1.683500,0.267835,1.745021,-2.978748,-0.000015,0.002457,-1.683355
77.6000,-0.074695,1.881948,-3.830001,0.000144,0.002341,-1.683619,0.272402,1.722376,-2.979116,0.000186,0.002352,-1.683650
77.6520,-0.076395,1.866984,-3.830033,0.000144,0.002339,-1.683737,0.275444,1.707281,-2.978814,0.000037,0.002246,-1.683619
77.7000,-0.078097,1.852021,-3.830065,0.000144,0.002337,-1.683853,0.280002,1.684640,-2.979180,0.000118,0.002208,-1.683995
77.7500,-0.079800,1.837058,-3.830096,0.000144,0.002335,-1.683968,0.283037,1.669548,-2.978878,0.000073,0.002296,-1.683783
77.8020,-0.081506,1.822097,-3.830128,0.000144,0.002333,-1.684082,0.287586,1.646911,-2.979242,0.000226,0.002385,-1.684187
77.8500,-0.083213,1.807136,-3.830160,0.000144,0.002331,-1.684195,0.290612,1.631821,-2.978943,0.000140,0.002389,-1.684310
77.9000,-0.084921,1.792176,-3.830191,0.000144,0.002329,-1.684306,0.295146,1.609181,-2.979308,-0.000106,0.002333,-1.684192
77.9500,-0.086631,1.777216,-3.830223,0.000144,0.002327,-1.684417,0.298169,1.594090,-2.979007,0.000302,0.002255,-1.684385
78.0000,-0.088343,1.762258,-3.830255,0.000144,0.002325,-1.684526,0.302696,1.571451,-2.979369,0.000217,0.002363,-1.684532
78.0500,-0.090056,1.747300,-3.830287,0.000145,0.002323,-1.684635,0.305711,1.556361,-2.979069,0.000274,0.002348,-1.684448
78.1000,-0.091771,1.732343,-3.830318,0.000145,0.002322,-1.684742,0.310228,1.533725,-2.979429,0.000029,0.002372,-1.684559
78.1500,-0.093488,1.717386,-3.830350,0.000145,0.002320,-1.684848,0.313238,1.518637,-2.979131,0.000209,0.002288,-1.684723
78.2000,-0.095206,1.702431,-3.830382,0.000145,0.002318,-1.684953,0.317746,1.496001,-2.979491,0.000303,0.002261,-1.684833
78.2500,-0.096925,1.687476,-3.830414,0.000145,0.002316,-1.685056,0.320747,1.480914,-2.979193,0.000153,0.002245,-1.684978
78.3000,-0.098646,1.672522,-3.830445,0.000145,0.002314,-1.685159,0.325243,1.458280,-2.979552,0.000200,0.002403,-1.685222
78.3500,-0.100368,1.657568,-3.830477,0.000145,0.002312,-1.685261,0.328237,1.443194,-2.979256,0.000128,0.002360,-1.685124
78.4000,-0.102092,1.642615,-3.830509,0.000145,0.002310,-1.685362,0.332725,1.420559,-2.979614,0.000312,0.002244,-1.685340
78.4500,-0.103817,1.627663,-3.830541,0.000146,0.002308,-1.685461,0.335712,1.405473,-2.979318,0.000216,0.002298,-1.685214
78.5000,-0.105544,1.612712,-3.830572,0.000146,0.002306,-1.685560,-0.438481,1.715672,-2.979646,0.000151,0.002320,-1.685482
78.5500,-0.107272,1.597761,-3.830604,0.000146,0.002305,-1.685658,-0.458386,1.710410,-2.979355,0.000306,0.002353,-1.685774
78.6000,-0.109002,1.582811,-3.830636,0.000146,0.002303,-1.685754,-0.488248,1.702521,-2.979712,0.000135,0.002409,-1.685704
78.6500,-0.110733,1.567861,-3.830668,0.000146,0.002301,-1.685850,-0.508158,1.697265,-2.979423,0.000077,0.002303,-1.685784
78.7000,-0.112465,1.552912,-3.830699,0.000146,0.002299,-1.685944,-0.538024,1.689380,-2.979775,0.000109,0.002399,-1.685748
78.7500,-0.114199,1.537964,-3.830731,0.000147,0.002297,-1.686038,-0.557936,1.684128,-2.979487,0.000138,0.002118,-1.685983
78.8000,-0.115934,1.523017,-3.830763,0.000147,0.002296,-1.686131,-0.587807,1.676257,-2.979839,0.000120,0.002357,-1.686134
78.8500,-0.117670,1.508070,-3.830795,0.000147,0.002294,-1.686223,-0.607721,1.671013,-2.979552,-0.000037,0.002324,-1.686256
78.9000,-0.119408,1.493124,-3.830826,0.000147,0.002292,-1.686313,-0.637593,1.663147,-2.979905,-0.000024,0.002252,-1.686309
78.9520,-0.121147,1.478178,-3.830858,0.000147,0.002291,-1.686403,-0.657508,1.657907,-2.979618,0.000253,0.002555,-1.686485
79.0000,-0.122887,1.463233,-3.830890,0.000147,0.002289,-1.686492,-0.687383,1.650047,-2.979973,-0.000050,0.002265,-1.686464
79.0500,-0.124628,1.448288,-3.830922,0.000148,0.002287,-1.686580,-0.707299,1.644808,-2.979686,0.000192,0.002378,-1.686652
79.1000,-0.126371,1.433345,-3.830953,0.000148,0.002286,-1.686667,-0.737177,1.636954,-2.980039,0.000051,0.002091,-1.686502
79.1500,-0.128115,1.418401,-3.830985,0.000148,0.002284,-1.686754,-0.757093,1.631720,-2.979751,0.000079,0.002054,-1.686738
79.2000,-0.129860,1.403459,-3.831017,0.000148,0.002282,-1.686839,-0.786971,1.623876,-2.980107,0.000176,0.002251,-1.686720
79.2500,-0.131607,1.388517,-3.831049,0.000148,0.002281,-1.686924,-0.806891,1.618650,-2.979822,0.000031,0.002346,-1.686927
79.3000,-0.133354,1.373575,-3.831080,0.000149,0.002279,-1.687007,-0.836774,1.610812,-2.980176,0.000267,0.002236,-1.686918
79.3500,-0.135103,1.358634,-3.831112,0.000149,0.002277,-1.687090,-0.856696,1.605592,-2.979890,0.000037,0.002177,-1.687082
79.4000,-0.136853,1.343694,-3.831144,0.000149,0.002276,-1.687172,-0.886581,1.597764,-2.980243,0.000277,0.002330,-1.687000
79.4500,-0.138604,1.328754,-3.831176,0.000149,0.002274,-1.687253,-0.906506,1.592551,-2.979960,0.000190,0.002262,-1.687174
79.5000,-0.140357,1.313815,-3.831207,0.000149,0.002273,-1.687333,-0.284021,2.309611,-2.980171,0.000086,0.002148,-1.687136
79.5500,-0.142110,1.298876,-3.831239,0.000149,0.002271,-1.687413,-0.284735,2.325698,-2.979911,0.000140,0.002272,-1.687554
79.6000,-0.143865,1.283938,-3.831271,0.000150,0.002270,-1.687491,-0.285802,2.349830,-2.980254,0.000315,0.002350,-1.687263
79.6500,-0.145620,1.269000,-3.831303,0.000150,0.002268,-1.687569,-0.286517,2.365920,-2.979991,0.000261,0.002308,-1.687471
79.7000,-0.147377,1.254063,-3.831335,0.000150,0.002267,-1.687646,-0.287591,2.390055,-2.980335,0.000066,0.002332,-1.687723
79.7500,-0.149135,1.239127,-3.831366,0.000150,0.002265,-1.687722,-0.288305,2.406146,-2.980068,0.000269,0.002268,-1.687751
79.8000,-0.150894,1.224191,-3.831398,0.000150,0.002264,-1.687798,-0.289378,2.430280,-2.980417,0.000090,0.002061,-1.687784
79.8500,-0.152654,1.209255,-3.831430,0.000150,0.002262,-1.687872,-0.290091,2.446374,-2.980150,0.000279,0.002150,-1.687814
79.9000,-0.154415,1.194320,-3.831462,0.000151,0.002261,-1.687946,-0.291164,2.470515,-2.980502,0.000015,0.002168,-1.687929
79.9500,-0.156177,1.179386,-3.831493,0.000151,0.002259,-1.688019,-0.291879,2.486614,-2.980231,0.000193,0.002337,-1.687979
80.0000,-0.157940,1.164452,-3.831525,0.000151,0.002258,-1.688092,-0.292949,2.510759,-2.980583,0.000142,0.002248,-1.688285
80.0500,-0.159704,1.149518,-3.831557,0.000151,0.002257,-1.688163,-0.293661,2.526860,-2.980311,0.000133,0.002175,-1.688092
80.1000,-0.161470,1.134585,-3.831589,0.000151,0.002255,-1.688234,-0.294731,2.551010,-2.980663,0.000192,0.002267,-1.688180
80.1500,-0.163236,1.119653,-3.831620,0.000152,0.002254,-1.688304,-0.295444,2.567113,-2.980387,0.000045,0.002176,-1.688189
80.2000,-0.165003,1.104721,-3.831652,0.000152,0.002253,-1.688374,-0.296516,2.591264,-2.980742,0.000037,0.002168,-1.688311
80.2520,-0.166771,1.089789,-3.831684,0.000152,0.002251,-1.688442,-0.297230,2.607369,-2.980466,0.000225,0.002200,-1.688465
80.3000,-0.168540,1.074858,-3.831716,0.000152,0.002250,-1.688510,-0.298300,2.631524,-2.980821,0.000181,0.002357,-1.688492
80.3500,-0.170311,1.059928,-3.831748,0.000152,0.002249,-1.688578,-0.299013,2.647631,-2.980541,0.000269,0.002193,-1.688434
80.4000,-0.172082,1.044998,-3.831779,0.000152,0.002247,-1.688644,-0.300088,2.671787,-2.980897,0.000179,0.002325,-1.688639
80.4500,-0.173854,1.030068,-3.831811,0.000152,0.002246,-1.688710,-0.300802,2.687896,-2.980616,0.000319,0.002368,-1.688690
80.5000,-0.175627,1.015139,-3.831843,0.000153,0.002245,-1.688776,0.141688,0.923816,-2.981271,0.000304,0.002305,-1.688566
80.5500,-0.177400,1.000210,-3.831875,0.000153,0.002243,-1.688840,0.153968,0.887313,-2.980938,0.000031,0.002253,-1.688692
80.6020,-0.179175,0.985282,-3.831906,0.000153,0.002242,-1.688904,0.172381,0.832556,-2.981321,0.000143,0.002276,-1.688730
80.6500,-0.180951,0.970354,-3.831938,0.000153,0.002241,-1.688967,0.184655,0.796053,-2.980989,0.000059,0.002192,-1.689063
80.7020,-0.182727,0.955426,-3.831970,0.000153,0.002240,-1.689030,0.203055,0.741295,-2.981365,0.000128,0.002225,-1.689057
80.7500,-0.184505,0.940499,-3.832002,0.000153,0.002239,-1.689092,0.215322,0.704792,-2.981036,0.000209,0.002283,-1.689056
80.8000,-0.186283,0.925573,-3.832033,0.000154,0.002237,-1.689153,0.233717,0.650036,-2.981408,0.000066,0.002233,-1.689188
80.8500,-0.188062,0.910647,-3.832065,0.000154,0.002236,-1.689214,0.245974,0.613532,-2.981085,0.000160,0.002294,-1.689276
80.9000,-0.189842,0.895721,-3.832097,0.000154,0.002235,-1.689274,0.264359,0.558772,-2.981457,0.000013,0.002280,-1.689104
80.9520,-0.191623,0.880796,-3.832129,0.000154,0.002234,-1.689334,0.276618,0.522268,-2.981132,0.000042,0.002245,-1.689306
81.0000,-0.193405,0.865871,-3.832161,0.000154,0.002233,-1.689393,0.295002,0.467507,-2.981504,0.000216,0.002263,-1.689337
81.0500,-0.195187,0.850946,-3.832192,0.000154,0.002232,-1.689451,0.307252,0.431000,-2.981178,0.000063,0.002293,-1.689421
81.1000,-0.196971,0.836022,-3.832224,0.000154,0.002230,-1.689508,0.325624,0.376237,-2.981546,0.000139,0.002045,-1.689537
81.1500,-0.198755,0.821098,-3.832256,0.000155,0.002229,-1.689566,0.337869,0.339732,-2.981222,0.000196,0.002172,-1.689508
81.2020,-0.200540,0.806175,-3.832288,0.000155,0.002228,-1.689622,0.356236,0.284972,-2.981581,0.000014,0.002282,-1.689638
81.2500,-0.202325,0.791252,-3.832319,0.000155,0.002227,-1.689678,0.368479,0.248469,-2.981266,0.000199,0.002210,-1.689635
81.3000,-0.204112,0.776330,-3.832351,0.000155,0.002226,-1.689733,0.386844,0.193712,-2.981625,0.000044,0.002135,-1.689718
81.3500,-0.205899,0.761408,-3.832383,0.000155,0.002225,-1.689788,0.399089,0.157212,-2.981314,0.000052,0.002243,-1.689682
81.4000,-0.207687,0.746486,-3.832415,0.000155,0.002224,-1.689842,0.417444,0.102453,-2.981675,0.000166,0.002229,-1.689983
81.4500,-0.209476,0.731565,-3.832447,0.000155,0.002223,-1.689896,0.429677,0.065950,-2.981369,0.000133,0.002153,-1.689796
81.5000,-0.211266,0.716644,-3.832478,0.000156,0.002222,-1.689949,0.697248,0.586644,-2.981616,0.000146,0.002267,-1.690096
81.5500,-0.213056,0.701723,-3.832510,0.000156,0.002221,-1.690002,0.716826,0.567067,-2.981331,0.000205,0.002214,-1.689970
81.6000,-0.214847,0.686803,-3.832542,0.000156,0.002220,-1.690054,0.746193,0.537703,-2.981676,0.000153,0.002200,-1.690135
81.6500,-0.216639,0.671883,-3.832574,0.000156,0.002219,-1.690105,0.765768,0.518126,-2.981394,0.000119,0.002151,-1.689948
81.7000,-0.218431,0.656963,-3.832605,0.000156,0.002218,-1.690156,0.795130,0.488758,-2.981739,0.000076,0.002376,-1.690290
81.7500,-0.220225,0.642044,-3.832637,0.000156,0.002217,-1.690206,0.814702,0.469179,-2.981457,0.000085,0.002276,-1.690261
81.8000,-0.222018,0.627125,-3.832669,0.000156,0.002216,-1.690256,0.844057,0.439805,-2.981806,0.000271,0.002280,-1.690154
81.8500,-0.223813,0.612207,-3.832701,0.000156,0.002215,-1.690306,0.863630,0.420226,-2.981524,0.000008,0.002163,-1.690128
81.9000,-0.225608,0.597288,-3.832732,0.000157,0.002214,-1.690355,0.892984,0.390852,-2.981873,0.000190,0.002016,-1.690247
81.9500,-0.227404,0.582371,-3.832764,0.000157,0.002213,-1.690403,0.912554,0.371274,-2.981590,0.000130,0.002163,-1.690415
82.0000,-0.229201,0.567453,-3.832796,0.000157,0.002212,-1.690451,0.941905,0.341902,-2.981935,0.000160,0.002353,-1.690527
82.0500,-0.230998,0.552536,-3.832828,0.000157,0.002211,-1.690498,0.961467,0.322320,-2.981655,0.000021,0.002156,-1.690613
82.1000,-0.232796,0.537619,-3.832860,0.000157,0.002210,-1.690545,0.990809,0.292943,-2.982003,0.000171,0.002275,-1.690419
82.1500,-0.234595,0.522703,-3.832891,0.000157,0.002209,-1.690592,1.010369,0.273362,-2.981721,0.000084,0.002219,-1.690423
82.2000,-0.236394,0.507787,-3.832923,0.000157,0.002208,-1.690638,1.039709,0.243990,-2.982071,0.000117,0.002180,-1.690625
82.2500,-0.238194,0.492871,-3.832955,0.000157,0.002207,-1.690683,1.059268,0.224412,-2.981792,0.000111,0.002201,-1.690789
82.3000,-0.239995,0.477955,-3.832987,0.000157,0.002207,-1.690728,1.088603,0.195035,-2.982146,0.000122,0.002079,-1.690741
82.3500,-0.241796,0.463040,-3.833018,0.000158,0.002206,-1.690773,1.108159,0.175452,-2.981863,0.000067,0.002145,-1.690748
82.4000,-0.243598,0.448125,-3.833050,0.000158,0.002205,-1.690817,1.137491,0.146074,-2.982216,0.000236,0.002133,-1.690765
82.4500,-0.245400,0.433210,-3.833082,0.000158,0.002204,-1.690860,1.157046,0.126492,-2.981933,0.000126,0.002134,-1.690788
82.5000,-0.247203,0.418296,-3.833114,0.000158,0.002203,-1.690904,0.730672,0.005623,-2.982315,0.000050,0.002087,-1.690923
82.5500,-0.249007,0.403382,-3.833146,0.000158,0.002202,-1.690946,0.736808,-0.016645,-2.982027,0.000051,0.002155,-1.690967
82.6000,-0.250811,0.388469,-3.833177,0.000158,0.002201,-1.690989,0.746013,-0.050046,-2.982381,0.000267,0.002103,-1.690885
82.6520,-0.252616,0.373555,-3.833209,0.000158,0.002201,-1.691031,0.752147,-0.072311,-2.982093,0.000173,0.002182,-1.690842
82.7020,-0.254421,0.358642,-3.833241,0.000158,0.002200,-1.691072,0.761347,-0.105711,-2.982449,0.000435,0.002162,-1.691044
82.7500,-0.256227,0.343729,-3.833273,0.000158,0.002199,-1.691113,0.767480,-0.127975,-2.982160,0.000209,0.002255,-1.691202
82.8000,-0.258033,0.328817,-3.833304,0.000159,0.002198,-1.691154,0.776676,-0.161374,-2.982515,0.000162,0.002330,-1.691204
82.8500,-0.259840,0.313904,-3.833336,0.000159,0.002197,-1.691194,0.782803,-0.183639,-2.982228,0.000226,0.002359,-1.691085
82.9000,-0.261648,0.298992,-3.833368,0.000159,0.002197,-1.691234,0.791990,-0.217039,-2.982583,0.000195,0.002116,-1.691224
82.9500,-0.263456,0.284081,-3.833400,0.000159,0.002196,-1.691273,0.798114,-0.239303,-2.982292,0.000145,0.002325,-1.691172
83.0000,-0.265242,0.269357,-3.833417,0.000160,0.002306,-1.691312,0.807299,-0.272695,-2.982648,0.000100,0.002092,-1.691175
83.0500,-0.266805,0.256436,-3.833390,0.000177,0.002726,-1.691356,0.813466,-0.294614,-2.982303,0.000266,0.002516,-1.691184
83.1000,-0.267933,0.247008,-3.833290,0.000227,0.003427,-1.691439,0.823073,-0.324607,-2.982574,0.000281,0.003162,-1.691521
83.1500,-0.268598,0.241316,-3.833118,0.000309,0.004274,-1.691589,0.829836,-0.341677,-2.981788,0.000252,0.003698,-1.691456
83.2000,-0.268898,0.238631,-3.832893,0.000422,0.005157,-1.691793,0.840510,-0.362987,-2.981892,0.000315,0.004702,-1.691732
83.2500,-0.268967,0.237907,-3.832645,0.000548,0.005992,-1.692007,0.847894,-0.374963,-2.980541,0.000619,0.005457,-1.691853
83.3000,-0.268924,0.238192,-3.832411,0.000672,0.006693,-1.692185,0.859195,-0.390955,-2.980534,0.000609,0.006385,-1.692090
83.3500,-0.268847,0.238804,-3.832217,0.000784,0.007230,-1.692324,0.866807,-0.400926,-2.978869,0.000655,0.006939,-1.692040
83.4000,-0.268768,0.239429,-3.832072,0.000879,0.007605,-1.692453,0.878238,-0.415691,-2.978870,0.000907,0.007581,-1.692313
83.4520,-0.268698,0.240005,-3.831970,0.000955,0.007837,-1.692560,0.885867,-0.425490,-2.977230,0.001027,0.007743,-1.692318
83.5000,-0.268642,0.240489,-3.831904,0.001010,0.007956,-1.692640,-0.352616,0.144772,-2.976993,0.001036,0.007887,-1.692685
83.5500,-0.268603,0.240878,-3.831866,0.001044,0.007989,-1.692704,-0.381761,0.152071,-2.975597,0.001093,0.007940,-1.692755
83.6000,-0.268575,0.241192,-3.831848,0.001060,0.007953,-1.692761,-0.425499,0.162897,-2.975577,0.000947,0.007859,-1.692778
83.6500,-0.268554,0.241458,-3.831844,0.001060,0.007865,-1.692811,-0.454662,0.170074,-2.974488,0.000932,0.008036,-1.692736
83.7000,-0.268535,0.241701,-3.831849,0.001047,0.007736,-1.692854,-0.498417,0.180773,-2.974462,0.001119,0.007641,-1.692726
83.7500,-0.268516,0.241935,-3.831860,0.001022,0.007577,-1.692892,-0.527584,0.187904,-2.973693,0.001134,0.007663,-1.692961
83.8000,-0.268499,0.242167,-3.831875,0.000987,0.007395,-1.692927,-0.571341,0.198583,-2.973671,0.000986,0.007378,-1.692956
83.8500,-0.268482,0.242399,-3.831891,0.000944,0.007197,-1.692957,-0.600510,0.205711,-2.973195,0.001000,0.007300,-1.692960
83.9000,-0.268464,0.242632,-3.831907,0.000894,0.006986,-1.692984,-0.644267,0.216390,-2.973182,0.000949,0.007179,-1.693020
83.9500,-0.268445,0.242867,-3.831924,0.000839,0.006767,-1.693008,-0.673436,0.223520,-2.972968,0.000752,0.007001,-1.693195
84.0020,-0.268416,0.243112,-3.831943,0.000764,0.006530,-1.692575,-0.717187,0.234205,-2.972969,0.000760,0.006885,-1.692950
84.0500,-0.268409,0.243390,-3.831994,0.000644,0.006270,-1.689207,-0.746346,0.241337,-2.972984,0.000753,0.006458,-1.691477
84.1000,-0.268440,0.243680,-3.832059,0.000507,0.006000,-1.683049,-0.790157,0.251944,-2.973073,0.000568,0.006181,-1.685707
84.1500,-0.268470,0.243954,-3.832116,0.000384,0.005715,-1.675712,-0.819427,0.258853,-2.973329,0.000635,0.005732,-1.680151
84.2020,-0.268494,0.244209,-3.832163,0.000288,0.005444,-1.667519,-0.863399,0.268878,-2.973457,0.000170,0.005505,-1.670942
84.2500,-0.268518,0.244451,-3.832200,0.000209,0.005193,-1.658379,-0.892761,0.275310,-2.973856,0.000216,0.005445,-1.663949
84.3000,-0.268545,0.244683,-3.832231,0.000146,0.004963,-1.648413,-0.936889,0.284552,-2.974019,0.000087,0.005153,-1.652413
84.3500,-0.268568,0.244908,-3.832256,0.000104,0.004749,-1.637859,-0.966369,0.290407,-2.974491,0.000153,0.005054,-1.644233
84.4000,-0.268584,0.245127,-3.832276,0.000083,0.004552,-1.626880,-1.010669,0.298732,-2.974704,0.000066,0.004643,-1.631308
84.4500,-0.268596,0.245340,-3.832293,0.000078,0.004368,-1.615557,-1.040257,0.303947,-2.975194,0.000111,0.004437,-1.622494
84.5000,-0.268604,0.245550,-3.832308,0.000084,0.004197,-1.603953,-0.045988,0.406230,-2.975418,0.000009,0.004382,-1.608562
84.5500,-0.268610,0.245756,-3.832321,0.000098,0.004039,-1.592130,-0.045396,0.415700,-2.975909,0.000077,0.004073,-1.599260
84.6000,-0.268614,0.245959,-3.832332,0.000117,0.003891,-1.580139,-0.044673,0.429910,-2.976266,0.000271,0.003945,-1.585002
84.6500,-0.268618,0.246158,-3.832343,0.000140,0.003755,-1.568018,-0.044305,0.439384,-2.976693,0.000011,0.003989,-1.575248
84.7020,-0.268622,0.246355,-3.832352,0.000164,0.003628,-1.555794,-0.043923,0.453595,-2.977102,0.000128,0.003651,-1.560731
84.7500,-0.268627,0.246549,-3.832361,0.000188,0.003511,-1.543490,-0.043785,0.463068,-2.977447,0.000284,0.003598,-1.550764
84.8000,-0.268633,0.246740,-3.832369,0.000211,0.003402,-1.531124,-0.043755,0.477277,-2.977905,0.000224,0.003439,-1.536072
84.8500,-0.268640,0.246929,-3.832376,0.000234,0.003301,-1.518709,-0.043852,0.486748,-2.978157,0.000189,0.003489,-1.526202
84.9000,-0.268649,0.247115,-3.832384,0.000255,0.003207,-1.506257,-0.044177,0.500946,-2.978650,0.000326,0.003329,-1.511403
84.9520,-0.268660,0.247299,-3.832391,0.000276,0.003121,-1.493775,-0.044513,0.510407,-2.978808,0.000157,0.002987,-1.501239
85.0000,-0.268672,0.247481,-3.832398,0.000295,0.003042,-1.481271,-0.045194,0.524588,-2.979332,0.000273,0.003185,-1.486277
85.0500,-0.268686,0.247660,-3.832404,0.000312,0.002968,-1.468750,-0.045768,0.534036,-2.979397,0.000246,0.003146,-1.476188
85.1000,-0.268702,0.247838,-3.832411,0.000329,0.002900,-1.456215,-0.046807,0.548191,-2.979939,0.000177,0.002790,-1.461014
85.1500,-0.268719,0.248013,-3.832418,0.000345,0.002837,-1.443670,-0.047620,0.557618,-2.979918,0.000426,0.002841,-1.451261
85.2000,-0.268739,0.248185,-3.832425,0.000359,0.002779,-1.431117,-0.049016,0.571741,-2.980473,0.000216,0.002767,-1.436149
85.2500,-0.268760,0.248356,-3.832431,0.000373,0.002725,-1.418558,-0.050067,0.581144,-2.980372,0.000348,0.002621,-1.426239
85.3000,-0.268783,0.248525,-3.832438,0.000386,0.002675,-1.405995,-0.051822,0.595227,-2.980934,0.000376,0.002577,-1.411076
85.3500,-0.268808,0.248691,-3.832445,0.000398,0.002629,-1.393429,-0.053112,0.604601,-2.980760,0.000376,0.002495,-1.400901
85.4000,-0.268834,0.248855,-3.832452,0.000410,0.002586,-1.380860,-0.055227,0.618637,-2.981321,0.000357,0.002736,-1.385841
85.4500,-0.268862,0.249018,-3.832458,0.000421,0.002546,-1.368289,-0.056753,0.627974,-2.981083,0.000501,0.002446,-1.375780
85.5000,-0.268892,0.249178,-3.832465,0.000431,0.002509,-1.355717,-0.303740,1.041975,-2.981664,0.000374,0.002570,-1.360777
85.5500,-0.268924,0.249336,-3.832472,0.000441,0.002475,-1.343144,-0.314460,1.061822,-2.981374,0.000547,0.002620,-1.350748
85.6000,-0.268957,0.249492,-3.832479,0.000451,0.002443,-1.330571,-0.330917,1.091385,-2.981932,0.000486,0.002481,-1.335592
85.6500,-0.268992,0.249645,-3.832486,0.000461,0.002413,-1.317998,-0.342137,1.110952,-2.981598,0.000429,0.002586,-1.325520
85.7000,-0.269029,0.249797,-3.832493,0.000471,0.002385,-1.305425,-0.359337,1.140085,-2.982144,0.000430,0.002368,-1.310382
85.7500,-0.269067,0.249947,-3.832500,0.000480,0.002360,-1.292852,-0.371050,1.159359,-2.981771,0.000454,0.002397,-1.300440
85.8000,-0.269106,0.250094,-3.832507,0.000489,0.002335,-1.280280,-0.388978,1.188046,-2.982305,0.000368,0.002381,-1.285328
85.8520,-0.269147,0.250240,-3.832514,0.000498,0.002313,-1.267707,-0.401169,1.207019,-2.981903,0.000494,0.002523,-1.275354
85.9000,-0.269189,0.250383,-3.832521,0.000507,0.002292,-1.255136,-0.419816,1.235239,-2.982420,0.000499,0.002156,-1.260216
85.9500,-0.269233,0.250525,-3.832528,0.000516,0.002272,-1.242564,-0.432484,1.253895,-2.982000,0.000389,0.002255,-1.250272
86.0000,-0.269278,0.250664,-3.832535,0.000524,0.002253,-1.229994,-0.451839,1.281634,-2.982500,0.000504,0.002349,-1.235028
86.0500,-0.269325,0.250802,-3.832542,0.000533,0.002236,-1.217424,-0.464975,1.299962,-2.982060,0.000662,0.002128,-1.224915
86.1000,-0.269372,0.250937,-3.832549,0.000542,0.002219,-1.204854,-0.485024,1.327197,-2.982544,0.000623,0.002141,-1.209954
86.1500,-0.269421,0.251070,-3.832556,0.000550,0.002204,-1.192285,-0.498618,1.345185,-2.982100,0.000708,0.002285,-1.199872
86.2000,-0.269472,0.251202,-3.832563,0.000559,0.002189,-1.179717,-0.519353,1.371900,-2.982566,0.000447,0.002317,-1.184849
86.2500,-0.269523,0.251331,-3.832570,0.000567,0.002175,-1.167149,-0.533397,1.389536,-2.982116,0.000522,0.002169,-1.174682
86.3000,-0.269575,0.251458,-3.832577,0.000576,0.002162,-1.154582,-0.554796,1.415718,-2.982568,0.000741,0.002296,-1.159634
86.3500,-0.269629,0.251583,-3.832584,0.000584,0.002150,-1.142016,-0.569283,1.432992,-2.982118,0.000820,0.002080,-1.149480
86.4000,-0.269683,0.251707,-3.832591,0.000593,0.002138,-1.129450,-0.591345,1.458619,-2.982556,0.000758,0.002067,-1.134436
86.4500,-0.269739,0.251828,-3.832598,0.000601,0.002127,-1.116885,-0.606268,1.475521,-2.982108,0.000744,0.002082,-1.124262
86.5000,-0.269795,0.251947,-3.832605,0.000609,0.002116,-1.104321,-1.257962,0.957593,-2.982612,0.000708,0.002251,-1.109204
86.5500,-0.269853,0.252065,-3.832611,0.000618,0.002106,-1.091757,-1.288915,0.955084,-2.982152,0.000816,0.002035,-1.099319
86.6000,-0.269911,0.252180,-3.832618,0.000626,0.002096,-1.079194,-1.335298,0.950737,-2.982573,0.000594,0.001945,-1.084262
86.6500,-0.269971,0.252294,-3.832625,0.000634,0.002087,-1.066631,-1.366183,0.947452,-2.982123,0.000809,0.001935,-1.074289
86.7000,-0.270031,0.252405,-3.832631,0.000642,0.002078,-1.054069,-1.412451,0.941944,-2.982526,0.000762,0.002083,-1.059146
86.7500,-0.270092,0.252515,-3.832638,0.000650,0.002070,-1.041508,-1.443249,0.937885,-2.982087,0.000652,0.002096,-1.048968
86.8000,-0.270153,0.252623,-3.832644,0.000659,0.002062,-1.028947,-1.489367,0.931205,-2.982473,0.000615,0.002024,-1.033865
86.8500,-0.270216,0.252728,-3.832651,0.000666,0.002054,-1.016387,-1.520055,0.926368,-2.982042,0.000576,0.002068,-1.023856
86.9000,-0.270279,0.252832,-3.832657,0.000674,0.002047,-1.003827,-1.565992,0.918535,-2.982418,0.000673,0.002250,-1.008749
86.9500,-0.270343,0.252934,-3.832663,0.000682,0.002040,-0.991268,-1.596549,0.912924,-2.982000,0.000769,0.002190,-0.998917
87.0000,-0.270407,0.253035,-3.832670,0.000690,0.002033,-0.978710,-1.642276,0.903932,-2.982363,0.000493,0.002163,-0.983530
87.0500,-0.270472,0.253133,-3.832676,0.000698,0.002026,-0.966152,-1.672682,0.897552,-2.981959,0.000788,0.002132,-0.973812
87.1000,-0.270538,0.253229,-3.832682,0.000706,0.002020,-0.953595,-1.718168,0.887401,-2.982318,0.000711,0.001819,-0.958611
87.1500,-0.270604,0.253324,-3.832688,0.000713,0.002014,-0.941038,-1.748408,0.880258,-2.981924,0.000956,0.001823,-0.948613
87.2000,-0.270671,0.253417,-3.832694,0.000721,0.002007,-0.928482,-1.793633,0.868969,-2.982280,0.000766,0.002102,-0.933406
87.2500,-0.270738,0.253508,-3.832700,0.000728,0.002002,-0.915927,-1.823687,0.861065,-2.981894,0.000814,0.002054,-0.923573
87.3000,-0.270806,0.253597,-3.832706,0.000736,0.001996,-0.903372,-1.868616,0.848635,-2.982236,0.000998,0.001981,-0.908475
87.3500,-0.270874,0.253684,-3.832712,0.000743,0.001991,-0.890817,-1.898463,0.839975,-2.981865,0.000597,0.001820,-0.898162
87.4000,-0.270943,0.253770,-3.832718,0.000750,0.001985,-0.878264,-1.943067,0.826415,-2.982202,0.000761,0.002005,-0.883131
87.4500,-0.271012,0.253854,-3.832724,0.000758,0.001980,-0.865710,-1.972687,0.817002,-2.981837,0.000772,0.001918,-0.873411
87.5000,-0.271081,0.253936,-3.832730,0.000765,0.001975,-0.853157,-1.204159,0.119376,-2.982292,0.000740,0.002181,-0.858084
87.5500,-0.271151,0.254016,-3.832735,0.000772,0.001970,-0.840605,-1.206314,0.093477,-2.981914,0.000604,0.001943,-0.848263
87.6000,-0.271221,0.254095,-3.832741,0.000779,0.001965,-0.828053,-1.209062,0.054589,-2.982249,0.000798,0.001889,-0.833127
87.6500,-0.271291,0.254172,-3.832747,0.000786,0.001961,-0.815502,-1.210567,0.028644,-2.981881,0.000495,0.001843,-0.823122
87.7000,-0.271362,0.254247,-3.832752,0.000793,0.001956,-0.802951,-1.212331,-0.010300,-2.982209,0.000929,0.001977,-0.808018
87.7500,-0.271432,0.254321,-3.832758,0.000800,0.001951,-0.790401,-1.213180,-0.036274,-2.981853,0.000862,0.001868,-0.797964
87.8000,-0.271503,0.254393,-3.832763,0.000806,0.001947,-0.777851,-1.213967,-0.075254,-2.982182,0.000599,0.002121,-0.782927
87.8520,-0.271574,0.254463,-3.832769,0.000813,0.001943,-0.765302,-1.214165,-0.101243,-2.981830,0.001007,0.001887,-0.772845
87.9020,-0.271646,0.254532,-3.832774,0.000820,0.001938,-0.752753,-1.213969,-0.140234,-2.982157,0.000845,0.001901,-0.757763
87.9500,-0.271717,0.254599,-3.832779,0.000826,0.001934,-0.740205,-1.213512,-0.166223,-2.981815,0.000790,0.001932,-0.747768
88.0000,-0.271789,0.254664,-3.832784,0.000833,0.001930,-0.727657,-1.212335,-0.205200,-2.982139,0.000763,0.001889,-0.732690
88.0520,-0.271860,0.254728,-3.832790,0.000839,0.001926,-0.715110,-1.211230,-0.231172,-2.981803,0.000817,0.001867,-0.722471
88.1000,-0.271932,0.254790,-3.832795,0.000846,0.001922,-0.702563,-1.209078,-0.270111,-2.982123,0.000846,0.001907,-0.707585
88.1500,-0.272004,0.254851,-3.832800,0.000852,0.001918,-0.690017,-1.207320,-0.296048,-2.981792,0.000768,0.001860,-0.697604
88.2000,-0.272076,0.254910,-3.832805,0.000859,0.001914,-0.677471,-1.204197,-0.334922,-2.982110,0.000727,0.001998,-0.682660
88.2500,-0.272148,0.254968,-3.832810,0.000865,0.001910,-0.664925,-1.201793,-0.360808,-2.981783,0.000650,0.001996,-0.672640
88.3000,-0.272219,0.255024,-3.832815,0.000871,0.001906,-0.652380,-1.197697,-0.399593,-2.982104,0.001046,0.001818,-0.657461
88.3520,-0.272291,0.255079,-3.832820,0.000877,0.001902,-0.639836,-1.194640,-0.425412,-2.981781,0.000727,0.001833,-0.647291
88.4000,-0.272363,0.255132,-3.832824,0.000883,0.001899,-0.627291,-1.189568,-0.464084,-2.982099,0.000705,0.001883,-0.632329
88.4500,-0.272435,0.255184,-3.832829,0.000890,0.001895,-0.614748,-1.185864,-0.489817,-2.981781,0.000792,0.001923,-0.622277
88.5000,-0.272506,0.255234,-3.832834,0.000896,0.001891,-0.602205,-0.747074,1.150875,-2.981863,0.001001,0.001980,-0.607189
88.5500,-0.272578,0.255283,-3.832839,0.000902,0.001887,-0.589662,-0.738766,1.176441,-2.981586,0.000895,0.001944,-0.597245
88.6000,-0.272649,0.255330,-3.832843,0.000908,0.001884,-0.577119,-0.726777,1.214939,-2.981882,0.000918,0.001811,-0.582236
88.6500,-0.272721,0.255376,-3.832848,0.000913,0.001880,-0.564577,-0.719106,1.240702,-2.981608,0.000741,0.001794,-0.572122
88.7000,-0.272792,0.255421,-3.832852,0.000919,0.001877,-0.552036,-0.708088,1.279489,-2.981911,0.000730,0.001939,-0.556969
88.7500,-0.272863,0.255464,-3.832857,0.000925,0.001873,-0.539495,-0.701065,1.305439,-2.981636,0.000869,0.001787,-0.547094
88.8000,-0.272934,0.255506,-3.832861,0.000931,0.001869,-0.526954,-0.691023,1.344491,-2.981936,0.000875,0.001852,-0.532057
88.8500,-0.273004,0.255547,-3.832866,0.000937,0.001866,-0.514413,-0.684655,1.370607,-2.981658,0.000911,0.001933,-0.522021
88.9000,-0.273075,0.255586,-3.832870,0.000942,0.001862,-0.501874,-0.675593,1.409895,-2.981964,0.001029,0.001865,-0.506881
88.9500,-0.273145,0.255624,-3.832875,0.000948,0.001859,-0.489334,-0.669881,1.436161,-2.981685,0.000874,0.001839,-0.496882
89.0000,-0.273215,0.255661,-3.832879,0.000954,0.001855,-0.476795,-0.661805,1.475663,-2.981996,0.000847,0.001818,-0.481823
89.0500,-0.273284,0.255696,-3.832883,0.000959,0.001852,-0.464256,-0.656752,1.502066,-2.981715,0.000859,0.001818,-0.471683
89.1000,-0.273354,0.255730,-3.832887,0.000965,0.001848,-0.451718,-0.649675,1.541761,-2.982028,0.000963,0.001878,-0.456795
89.1500,-0.273423,0.255763,-3.832891,0.000970,0.001844,-0.439180,-0.645286,1.568283,-2.981742,0.000910,0.001748,-0.446560
89.2000,-0.273492,0.255795,-3.832896,0.000976,0.001841,-0.426642,-0.639209,1.608143,-2.982055,0.000785,0.001847,-0.431580
89.2500,-0.273560,0.255825,-3.832900,0.000981,0.001837,-0.414105,-0.635494,1.634768,-2.981769,0.001119,0.001747,-0.421665
89.3000,-0.273629,0.255855,-3.832904,0.000986,0.001834,-0.401568,-0.630415,1.674766,-2.982080,0.000924,0.001818,-0.406739
89.3500,-0.273697,0.255883,-3.832908,0.000992,0.001830,-0.389031,-0.627367,1.701473,-2.981790,0.000874,0.001844,-0.396555
89.4000,-0.273764,0.255910,-3.832912,0.000997,0.001827,-0.376495,-0.623295,1.741582,-2.982101,0.001077,0.001801,-0.381340
89.4500,-0.273831,0.255936,-3.832916,0.001002,0.001823,-0.363960,-0.620920,1.768354,-2.981810,0.001084,0.001837,-0.371495
89.5000,-0.273898,0.255960,-3.832919,0.001008,0.001820,-0.351424,-0.990498,0.356356,-2.982316,0.000906,0.001826,-0.356557
89.5500,-0.273965,0.255984,-3.832923,0.001013,0.001816,-0.338889,-0.992174,0.338901,-2.981989,0.000741,0.001889,-0.346430
89.6000,-0.274031,0.256006,-3.832927,0.001018,0.001813,-0.326354,-0.994357,0.312691,-2.982323,0.001071,0.001923,-0.331236
89.6500,-0.274096,0.256028,-3.832931,0.001023,0.001809,-0.313820,-0.995590,0.295202,-2.981999,0.001137,0.001738,-0.321407
89.7000,-0.274162,0.256048,-3.832934,0.001028,0.001806,-0.301286,-0.997113,0.268943,-2.982335,0.001127,0.001912,-0.306204
89.7500,-0.274227,0.256068,-3.832938,0.001033,0.001802,-0.288752,-0.997908,0.251424,-2.982012,0.001185,0.001683,-0.296327
89.8020,-0.274291,0.256086,-3.832942,0.001038,0.001799,-0.276219,-0.998773,0.225127,-2.982347,0.001111,0.001796,-0.281358
89.8500,-0.274355,0.256103,-3.832945,0.001043,0.001795,-0.263686,-0.999130,0.207589,-2.982022,0.001012,0.001574,-0.271218
89.9000,-0.274419,0.256120,-3.832949,0.001048,0.001792,-0.251153,-0.999334,0.181275,-2.982354,0.001202,0.001774,-0.256163
89.9500,-0.274482,0.256135,-3.832953,0.001053,0.001788,-0.238621,-0.999253,0.163731,-2.982028,0.000919,0.001724,-0.246236
90.0000,-0.274544,0.256149,-3.832956,0.001058,0.001784,-0.226089,-0.998795,0.137417,-2.982356,0.001134,0.001787,-0.230930
90.0500,-0.274607,0.256163,-3.832959,0.001063,0.001781,-0.213557,-0.998271,0.119881,-2.982032,0.001141,0.001902,-0.221208
90.1000,-0.274668,0.256175,-3.832963,0.001068,0.001777,-0.201025,-0.997157,0.093584,-2.982361,0.001010,0.001745,-0.205988
90.1500,-0.274730,0.256187,-3.832966,0.001073,0.001774,-0.188494,-0.996195,0.076066,-2.982036,0.000876,0.001832,-0.195962
90.2000,-0.274790,0.256198,-3.832970,0.001078,0.001770,-0.175963,-0.994421,0.049807,-2.982361,0.000904,0.001613,-0.180942
90.2500,-0.274851,0.256208,-3.832973,0.001083,0.001766,-0.163433,-0.993020,0.032321,-2.982037,0.000989,0.001840,-0.170870
90.3000,-0.274909,0.256223,-3.832975,0.001097,0.001766,-0.151300,-0.990584,0.006118,-2.982362,0.001225,0.001844,-0.156070
90.3500,-0.274952,0.256298,-3.832994,0.001158,0.001765,-0.141973,-0.988745,-0.011315,-2.982039,0.001061,0.001605,-0.147073
90.4000,-0.274989,0.256417,-3.833018,0.001236,0.001750,-0.135419,-0.985704,-0.037360,-2.982386,0.001090,0.001713,-0.137834
90.4500,-0.275036,0.256521,-3.833028,0.001281,0.001715,-0.130178,-0.983559,-0.054685,-2.982069,0.001447,0.001767,-0.132994
90.5000,-0.275089,0.256605,-3.833025,0.001291,0.001680,-0.125948,-0.817763,-0.057305,-2.982417,0.001338,0.001732,-0.127527
90.5500,-0.275145,0.256677,-3.833016,0.001283,0.001649,-0.122745,-0.810806,-0.073227,-2.982092,0.001104,0.001575,-0.124401
90.6000,-0.275201,0.256740,-3.833005,0.001266,0.001620,-0.120391,-0.800290,-0.097084,-2.982401,0.001285,0.001620,-0.121186
90.6500,-0.275257,0.256793,-3.832993,0.001238,0.001591,-0.118643,-0.793237,-0.112976,-2.982090,0.001222,0.001438,-0.119702
90.7000,-0.275314,0.256835,-3.832981,0.001200,0.001562,-0.117360,-0.782617,-0.136810,-2.982396,0.001276,0.001597,-0.117781
90.7500,-0.275372,0.256869,-3.832972,0.001157,0.001533,-0.116457,-0.775517,-0.152696,-2.982105,0.001208,0.001399,-0.116956
90.8020,-0.275431,0.256896,-3.832963,0.001109,0.001506,-0.115859,-0.764845,-0.176526,-2.982417,0.001121,0.001548,-0.116061
90.8500,-0.275490,0.256917,-3.832957,0.001059,0.001479,-0.115497,-0.757722,-0.192414,-2.982147,0.001131,0.001499,-0.115670
90.9000,-0.275550,0.256934,-3.832952,0.001008,0.001453,-0.115317,-0.747026,-0.216249,-2.982462,0.001083,0.001426,-0.115254
90.9500,-0.275611,0.256946,-3.832948,0.000956,0.001428,-0.115282,-0.739890,-0.232138,-2.982208,0.001054,0.001343,-0.115263
91.0000,-0.275671,0.256956,-3.832946,0.000905,0.001403,-0.115359,-0.729189,-0.255976,-2.982528,0.000744,0.001448,-0.115304
91.0500,-0.275732,0.256964,-3.832944,0.000855,0.001380,-0.115525,-0.722056,-0.271869,-2.982288,0.000987,0.001404,-0.115437
91.1000,-0.275792,0.256970,-3.832943,0.000805,0.001357,-0.115759,-0.711361,-0.295716,-2.982615,0.000658,0.001493,-0.115646
91.1500,-0.275852,0.256975,-3.832943,0.000758,0.001335,-0.116046,-0.704235,-0.311617,-2.982384,0.000830,0.001327,-0.115781
91.2000,-0.275912,0.256979,-3.832944,0.000712,0.001314,-0.116373,-0.693548,-0.335474,-2.982715,0.000676,0.001281,-0.116245
91.2500,-0.275971,0.256981,-3.832945,0.000669,0.001294,-0.116732,-0.686428,-0.351381,-2.982488,0.000766,0.001293,-0.116623
91.3000,-0.276030,0.256983,-3.832947,0.000627,0.001274,-0.117114,-0.675755,-0.375250,-2.982823,0.000860,0.001277,-0.117009
91.3520,-0.276088,0.256985,-3.832949,0.000587,0.001256,-0.117513,-0.668649,-0.391167,-2.982598,0.000533,0.001105,-0.117246
91.4000,-0.276146,0.256986,-3.832951,0.000550,0.001238,-0.117925,-0.657992,-0.415049,-2.982935,0.000625,0.001334,-0.117613
91.4500,-0.276203,0.256986,-3.832953,0.000515,0.001220,-0.118346,-0.650896,-0.430973,-2.982705,0.000616,0.001185,-0.118059
91.5000,-0.276260,0.256987,-3.832956,0.000481,0.001204,-0.118773,0.244868,1.009954,-2.983076,0.000608,0.001387,-0.118526
91.5500,-0.276316,0.256987,-3.832959,0.000450,0.001188,-0.119204,0.276794,1.037949,-2.982851,0.000390,0.001276,-0.119027
91.6000,-0.276371,0.256987,-3.832961,0.000421,0.001172,-0.119637,0.324708,1.079921,-2.983228,0.000324,0.001145,-0.119388
91.6500,-0.276426,0.256987,-3.832964,0.000393,0.001158,-0.120070,0.356659,1.107894,-2.982986,0.000232,0.001307,-0.119727
91.7000,-0.276481,0.256986,-3.832967,0.000367,0.001144,-0.120504,0.404605,1.149835,-2.983366,0.000410,0.001081,-0.120346
91.7500,-0.276535,0.256985,-3.832970,0.000342,0.001130,-0.120936,0.436583,1.177779,-2.983109,0.000475,0.001116,-0.120617
91.8000,-0.276588,0.256985,-3.832973,0.000319,0.001117,-0.121366,0.484572,1.219671,-2.983482,0.000351,0.001120,-0.121084
91.8540,-0.276641,0.256984,-3.832976,0.000298,0.001105,-0.121794,0.516573,1.247586,-2.983218,0.000219,0.000929,-0.121456
91.9000,-0.276694,0.256983,-3.832980,0.000278,0.001093,-0.122219,0.564597,1.289436,-2.983594,0.000200,0.001117,-0.121966
91.9500,-0.276745,0.256982,-3.832983,0.000259,0.001082,-0.122641,0.596625,1.317322,-2.983315,0.000118,0.000724,-0.122486
92.0000,-0.276797,0.256981,-3.832986,0.000242,0.001070,-0.123059,0.644680,1.359130,-2.983690,0.000321,0.000889,-0.122669
92.0500,-0.276847,0.256980,-3.832989,0.000226,0.001060,-0.123474,0.676724,1.386993,-2.983401,0.000226,0.001112,-0.123002
92.1000,-0.276898,0.256979,-3.832992,0.000212,0.001050,-0.123885,0.724809,1.428765,-2.983780,0.000355,0.000960,-0.123809
92.1500,-0.276947,0.256979,-3.832995,0.000199,0.001040,-0.124293,0.756877,1.456598,-2.983482,0.000216,0.000969,-0.124040
92.2000,-0.276997,0.256978,-3.832998,0.000187,0.001030,-0.124697,0.804998,1.498326,-2.983857,0.000249,0.001141,-0.124603
92.2500,-0.277045,0.256977,-3.833001,0.000176,0.001021,-0.125096,0.837089,1.526132,-2.983556,0.000242,0.001038,-0.124938
92.3000,-0.277094,0.256976,-3.833005,0.000166,0.001012,-0.125492,0.885246,1.567820,-2.983931,0.000160,0.000956,-0.125320
92.3500,-0.277141,0.256975,-3.833008,0.000158,0.001004,-0.125884,0.917360,1.595599,-2.983617,0.000241,0.000983,-0.125755
92.4000,-0.277189,0.256974,-3.833011,0.000150,0.000996,-0.126273,0.965550,1.637247,-2.983987,-0.000003,0.001081,-0.126110
92.4500,-0.277235,0.256973,-3.833014,0.000144,0.000988,-0.126657,0.997685,1.665001,-2.983670,0.000038,0.001082,-0.126429
92.5020,-0.277282,0.256972,-3.833017,0.000138,0.000981,-0.127037,0.184111,1.031690,-2.983972,0.000136,0.000909,-0.126926
92.5500,-0.277327,0.256971,-3.833020,0.000133,0.000974,-0.127414,0.190938,1.039551,-2.983657,0.000137,0.000989,-0.127150
92.6000,-0.277373,0.256970,-3.833023,0.000129,0.000967,-0.127787,0.201185,1.051340,-2.984016,0.000278,0.000878,-0.127528
92.6500,-0.277418,0.256969,-3.833025,0.000125,0.000960,-0.128156,0.208018,1.059197,-2.983695,0.000111,0.001118,-0.127821
92.7000,-0.277462,0.256968,-3.833028,0.000122,0.000954,-0.128521,0.218274,1.070979,-2.984051,0.000105,0.000969,-0.128432
92.7500,-0.277506,0.256967,-3.833031,0.000120,0.000948,-0.128883,0.225115,1.078829,-2.983727,0.000166,0.000948,-0.128879
92.8000,-0.277549,0.256966,-3.833034,0.000118,0.000942,-0.129240,0.235382,1.090602,-2.984081,-0.000049,0.000974,-0.129225
92.8520,-0.277592,0.256965,-3.833037,0.000116,0.000937,-0.129595,0.242231,1.098448,-2.983754,0.000210,0.000814,-0.129573
92.9000,-0.277635,0.256965,-3.833040,0.000115,0.000932,-0.129945,0.252508,1.110213,-2.984104,0.000159,0.000944,-0.129709
92.9500,-0.277677,0.256964,-3.833043,0.000114,0.000927,-0.130292,0.259361,1.118054,-2.983775,0.000160,0.000854,-0.130216
93.0000,-0.277719,0.256963,-3.833045,0.000113,0.000922,-0.130636,0.269646,1.129811,-2.984123,0.000181,0.001119,-0.130607
93.0500,-0.277760,0.256962,-3.833048,0.000113,0.000917,-0.130976,0.276508,1.137646,-2.983792,0.000027,0.000962,-0.130832
93.1000,-0.277801,0.256961,-3.833051,0.000112,0.000913,-0.131312,0.286805,1.149397,-2.984137,-0.000016,0.000962,-0.131381
93.1500,-0.277841,0.256960,-3.833053,0.000112,0.000908,-0.131645,0.293673,1.157228,-2.983806,0.000067,0.000977,-0.131485
93.2000,-0.277881,0.256959,-3.833056,0.000113,0.000904,-0.131974,0.303981,1.168971,-2.984149,0.000177,0.001042,-0.131841
93.2500,-0.277921,0.256958,-3.833059,0.000113,0.000900,-0.132301,0.310856,1.176797,-2.983815,0.000150,0.000892,-0.132229
93.3000,-0.277960,0.256957,-3.833061,0.000113,0.000897,-0.132623,0.321174,1.188529,-2.984154,0.000079,0.001065,-0.132531
93.3500,-0.277999,0.256956,-3.833064,0.000114,0.000893,-0.132943,0.328053,1.196349,-2.983823,0.000181,0.000864,-0.132796
93.4000,-0.278038,0.256955,-3.833066,0.000114,0.000890,-0.133259,0.338376,1.208076,-2.984160,0.000225,0.000903,-0.133120
93.4500,-0.278076,0.256955,-3.833069,0.000115,0.000887,-0.133572,0.345260,1.215891,-2.983829,0.000079,0.000959,-0.133493
93.5020,-0.278113,0.256954,-3.833072,0.000116,0.000883,-0.133882,-0.147045,0.635228,-2.984139,0.000144,0.000914,-0.133616
93.5520,-0.278150,0.256953,-3.833074,0.000117,0.000881,-0.134188,-0.154999,0.625670,-2.983813,0.000309,0.000843,-0.133953
93.6000,-0.278187,0.256952,-3.833076,0.000117,0.000878,-0.134492,-0.166936,0.611335,-2.984146,0.000076,0.000802,-0.134335
93.6500,-0.278224,0.256951,-3.833079,0.000118,0.000875,-0.134792,-0.174898,0.601780,-2.983819,0.000110,0.000996,-0.134619
93.7020,-0.278260,0.256951,-3.833081,0.000119,0.000873,-0.135089,-0.186841,0.587452,-2.984149,0.000144,0.000838,-0.134970
93.7500,-0.278296,0.256950,-3.833084,0.000120,0.000870,-0.135383,-0.194807,0.577903,-2.983824,0.000056,0.000917,-0.135171
93.8000,-0.278331,0.256949,-3.833086,0.000121,0.000868,-0.135674,-0.206758,0.563585,-2.984149,0.000091,0.000805,-0.135567
93.8500,-0.278366,0.256948,-3.833088,0.000122,0.000866,-0.135963,-0.214727,0.554042,-2.983825,0.000332,0.000878,-0.135757
93.9000,-0.278401,0.256948,-3.833091,0.000123,0.000864,-0.136248,-0.226685,0.539732,-2.984154,0.000139,0.001014,-0.136153
93.9500,-0.278435,0.256947,-3.833093,0.000124,0.000862,-0.136530,-0.234662,0.530195,-2.983830,0.000197,0.000912,-0.136319
94.0000,-0.278469,0.256946,-3.833095,0.000124,0.000860,-0.136809,-0.246627,0.515892,-2.984157,0.000130,0.000884,-0.136768
94.0500,-0.278502,0.256946,-3.833098,0.000125,0.000858,-0.137086,-0.254606,0.506358,-2.983833,0.000212,0.000757,-0.136905
94.1000,-0.278536,0.256945,-3.833100,0.000126,0.000856,-0.137359,-0.266576,0.492059,-2.984158,0.000226,0.000787,-0.137069
94.1520,-0.278569,0.256945,-3.833102,0.000127,0.000855,-0.137630,-0.274559,0.482529,-2.983838,0.000127,0.000902,-0.137393
94.2000,-0.278601,0.256944,-3.833104,0.000128,0.000853,-0.137898,-0.286533,0.468236,-2.984160,0.000228,0.000861,-0.137798
94.2500,-0.278633,0.256944,-3.833106,0.000129,0.000852,-0.138164,-0.294520,0.458710,-2.983840,0.000198,0.000988,-0.138176
94.3000,-0.278665,0.256943,-3.833109,0.000129,0.000850,-0.138426,-0.306499,0.444424,-2.984162,0.000232,0.000738,-0.138232
94.3500,-0.278697,0.256942,-3.833111,0.000130,0.000849,-0.138686,-0.314488,0.434900,-2.983844,0.000096,0.000909,-0.138667
94.4000,-0.278728,0.256942,-3.833113,0.000131,0.000848,-0.138943,-0.326476,0.420617,-2.984167,0.000107,0.000973,-0.138894
94.4500,-0.278759,0.256941,-3.833115,0.000131,0.000847,-0.139198,-0.334469,0.411097,-2.983848,0.000064,0.000666,-0.139165
94.5000,-0.278790,0.256941,-3.833117,0.000132,0.000846,-0.139449,-0.281313,0.832895,-2.984163,0.000249,0.000878,-0.139488
94.5500,-0.278820,0.256941,-3.833119,0.000133,0.000845,-0.139699,-0.287346,0.836195,-2.983845,0.000223,0.000803,-0.139523
94.6000,-0.278850,0.256940,-3.833121,0.000133,0.000844,-0.139946,-0.296395,0.841146,-2.984167,0.000081,0.001011,-0.139994
94.6500,-0.278880,0.256940,-3.833123,0.000134,0.000843,-0.140190,-0.302426,0.844451,-2.983850,0.000290,0.000948,-0.139966
94.7000,-0.278909,0.256939,-3.833125,0.000135,0.000842,-0.140431,-0.311471,0.849408,-2.984169,0.000182,0.001069,-0.140528
94.7500,-0.278938,0.256939,-3.833127,0.000135,0.000841,-0.140671,-0.317497,0.852717,-2.983851,0.000112,0.000706,-0.140389
94.8000,-0.278967,0.256938,-3.833129,0.000136,0.000840,-0.140907,-0.326532,0.857681,-2.984172,0.000190,0.000733,-0.140618
94.8500,-0.278995,0.256938,-3.833131,0.000136,0.000839,-0.141142,-0.332556,0.860992,-2.983855,0.000143,0.000890,-0.140969
94.9000,-0.279023,0.256938,-3.833133,0.000137,0.000839,-0.141374,-0.341590,0.865961,-2.984175,0.000057,0.000843,-0.141319
94.9520,-0.279051,0.256937,-3.833135,0.000137,0.000838,-0.141603,-0.347611,0.869276,-2.983858,0.000145,0.000997,-0.141533
95.0000,-0.279079,0.256937,-3.833137,0.000138,0.000837,-0.141830,-0.356636,0.874251,-2.984177,0.000040,0.000748,-0.141603
95.0520,-0.279106,0.256937,-3.833139,0.000138,0.000837,-0.142055,-0.362654,0.877570,-2.983862,0.000305,0.000777,-0.142082
95.1000,-0.279133,0.256936,-3.833140,0.000139,0.000836,-0.142278,-0.371678,0.882552,-2.984181,0.000121,0.000844,-0.142238
95.1500,-0.279160,0.256936,-3.833142,0.000139,0.000835,-0.142498,-0.377695,0.885875,-2.983866,0.000140,0.000820,-0.142468
95.2000,-0.279187,0.256936,-3.833144,0.000140,0.000835,-0.142716,-0.386719,0.890861,-2.984185,0.000090,0.000832,-0.142529
95.2500,-0.279213,0.256935,-3.833146,0.000140,0.000834,-0.142932,-0.392735,0.894187,-2.983870,0.000287,0.000831,-0.142859
95.3000,-0.279239,0.256935,-3.833148,0.000140,0.000834,-0.143145,-0.401757,0.899178,-2.984188,0.000143,0.000870,-0.142962
95.3500,-0.279265,0.256935,-3.833149,0.000141,0.000833,-0.143357,-0.407772,0.902506,-2.983873,0.000110,0.000754,-0.143182
95.4000,-0.279290,0.256935,-3.833151,0.000141,0.000833,-0.143566,-0.416792,0.907498,-2.984191,0.000188,0.000700,-0.143461
95.4500,-0.279315,0.256934,-3.833153,0.000141,0.000832,-0.143773,-0.422807,0.910828,-2.983876,0.000191,0.000808,-0.143723
95.5000,-0.279340,0.256934,-3.833155,0.000142,0.000832,-0.143978,-0.788535,0.637865,-2.984179,0.000245,0.000901,-0.143880
95.5500,-0.279365,0.256934,-3.833156,0.000142,0.000832,-0.144180,-0.805064,0.633054,-2.983867,0.000083,0.000809,-0.144109
95.6000,-0.279389,0.256934,-3.833158,0.000142,0.000831,-0.144381,-0.829856,0.625844,-2.984181,0.000231,0.000882,-0.144403
95.6500,-0.279413,0.256934,-3.833160,0.000142,0.000831,-0.144580,-0.846384,0.621042,-2.983870,-0.000019,0.000861,-0.144496
95.7000,-0.279437,0.256933,-3.833161,0.000143,0.000830,-0.144776,-0.871177,0.613844,-2.984188,0.000064,0.000704,-0.144650
95.7500,-0.279461,0.256933,-3.833163,0.000143,0.000830,-0.144971,-0.887708,0.609049,-2.983876,0.000208,0.000863,-0.144862
95.8000,-0.279484,0.256933,-3.833164,0.000143,0.000830,-0.145163,-0.912506,0.601861,-2.984195,0.000056,0.000875,-0.145086
95.8500,-0.279507,0.256933,-3.833166,0.000143,0.000829,-0.145354,-0.929039,0.597071,-2.983880,0.000220,0.000793,-0.145239
95.9000,-0.279530,0.256933,-3.833168,0.000143,0.000829,-0.145543,-0.953838,0.589891,-2.984198,0.000126,0.000793,-0.145526
95.9500,-0.279553,0.256933,-3.833169,0.000144,0.000829,-0.145729,-0.970372,0.585109,-2.983886,0.000174,0.000818,-0.145702
96.0020,-0.279576,0.256933,-3.833171,0.000144,0.000828,-0.145914,-0.995174,0.577940,-2.984202,0.000140,0.000786,-0.145840
96.0500,-0.279598,0.256932,-3.833172,0.000144,0.000828,-0.146097,-1.011709,0.573164,-2.983890,0.000171,0.000696,-0.146066
96.1000,-0.279620,0.256932,-3.833174,0.000144,0.000828,-0.146278,-1.036513,0.566001,-2.984211,0.000219,0.000794,-0.146161
96.1500,-0.279642,0.256932,-3.833175,0.000144,0.000827,-0.146457,-1.053053,0.561229,-2.983898,0.000012,0.000696,-0.146205
96.2000,-0.279663,0.256932,-3.833177,0.000145,0.000827,-0.146634,-1.077865,0.554079,-2.984216,0.000363,0.000781,-0.146397
96.2500,-0.279684,0.256932,-3.833178,0.000145,0.000827,-0.146810,-1.094408,0.549312,-2.983903,0.000138,0.000783,-0.146707
96.3000,-0.279706,0.256932,-3.833180,0.000145,0.000827,-0.146983,-1.119224,0.542169,-2.984221,0.000250,0.000730,-0.146987
96.3520,-0.279727,0.256932,-3.833181,0.000145,0.000827,-0.147155,-1.135770,0.537409,-2.983907,0.000051,0.000889,-0.147121
96.4000,-0.279747,0.256932,-3.833182,0.000145,0.000826,-0.147325,-1.160588,0.530272,-2.984224,0.000106,0.000658,-0.147266
96.4500,-0.279768,0.256932,-3.833184,0.000146,0.000826,-0.147494,-1.177136,0.525516,-2.983909,0.000066,0.000851,-0.147403
96.5000,-0.279788,0.256932,-3.833185,0.000146,0.000826,-0.147660,-0.188538,0.186982,-2.984296,0.000191,0.000807,-0.147627
96.5500,-0.279808,0.256931,-3.833186,0.000146,0.000826,-0.147825,-0.175305,0.172405,-2.983969,0.000253,0.000796,-0.147648
96.6020,-0.279828,0.256931,-3.833188,0.000146,0.000826,-0.147988,-0.155463,0.150534,-2.984293,0.000142,0.000974,-0.147924
96.6500,-0.279848,0.256931,-3.833189,0.000146,0.000825,-0.148150,-0.142235,0.135952,-2.983968,0.000070,0.000777,-0.148265
96.7000,-0.279867,0.256931,-3.833190,0.000147,0.000825,-0.148310,-0.122397,0.114078,-2.984291,0.000101,0.000881,-0.148245
96.7500,-0.279886,0.256931,-3.833192,0.000147,0.000825,-0.148468,-0.109173,0.099493,-2.983966,0.000117,0.000701,-0.148390
96.8000,-0.279905,0.256931,-3.833193,0.000147,0.000825,-0.148624,-0.089345,0.077609,-2.984286,0.000406,0.000735,-0.148558
96.8500,-0.279924,0.256931,-3.833194,0.000147,0.000825,-0.148779,-0.076130,0.063018,-2.983963,0.000248,0.000684,-0.148786
96.9020,-0.279943,0.256931,-3.833196,0.000147,0.000825,-0.148933,-0.056311,0.041126,-2.984281,0.000072,0.000745,-0.148751
96.9500,-0.279961,0.256931,-3.833197,0.000148,0.000824,-0.149085,-0.043100,0.026533,-2.983960,0.000030,0.000639,-0.148872
97.0000,-0.279980,0.256931,-3.833198,0.000148,0.000824,-0.149235,-0.023286,0.004641,-2.984277,0.000220,0.000895,-0.149096
97.0500,-0.279998,0.256931,-3.833199,0.000148,0.000824,-0.149384,-0.010083,-0.009958,-2.983958,0.000214,0.000872,-0.149420
97.1020,-0.280016,0.256931,-3.833201,0.000148,0.000824,-0.149531,0.009722,-0.031863,-2.984277,-0.000018,0.000823,-0.149195
97.1500,-0.280034,0.256931,-3.833202,0.000148,0.000824,-0.149676,0.022924,-0.046464,-2.983954,-0.000040,0.000781,-0.149634
97.2000,-0.280051,0.256931,-3.833203,0.000149,0.000824,-0.149821,0.042719,-0.068369,-2.984270,0.000401,0.000788,-0.149702
97.2500,-0.280068,0.256931,-3.833204,0.000149,0.000824,-0.149963,0.055912,-0.082975,-2.983949,0.000074,0.000774,-0.149981
97.3000,-0.280086,0.256931,-3.833205,0.000149,0.000824,-0.150104,0.075699,-0.104884,-2.984266,0.000218,0.000774,-0.150099
97.3500,-0.280103,0.256931,-3.833206,0.000149,0.000824,-0.150244,0.088885,-0.119493,-2.983947,0.000193,0.000680,-0.150197
97.4000,-0.280120,0.256931,-3.833208,0.000149,0.000823,-0.150383,0.108664,-0.141408,-2.984265,0.000035,0.000857,-0.150405
97.4500,-0.280136,0.256931,-3.833209,0.000150,0.000823,-0.150519,0.121846,-0.156020,-2.983949,0.000146,0.000992,-0.150370
97.5000,-0.280153,0.256931,-3.833210,0.000150,0.000823,-0.150655,-0.171609,0.590424,-2.984231,0.000042,0.000878,-0.150402
97.5500,-0.280169,0.256931,-3.833211,0.000150,0.000823,-0.150789,-0.167595,0.598429,-2.983919,0.000157,0.000840,-0.150694
97.6000,-0.280185,0.256931,-3.833212,0.000150,0.000823,-0.150922,-0.161571,0.610432,-2.984232,0.000210,0.000914,-0.150891
97.6500,-0.280201,0.256931,-3.833213,0.000150,0.000823,-0.151053,-0.157553,0.618432,-2.983920,0.000253,0.000809,-0.150836
97.7000,-0.280217,0.256931,-3.833214,0.000150,0.000823,-0.151183,-0.151527,0.630430,-2.984234,0.000107,0.000821,-0.151129
97.7500,-0.280233,0.256931,-3.833215,0.000151,0.000823,-0.151312,-0.147508,0.638429,-2.983923,0.000224,0.000902,-0.151115
97.8000,-0.280248,0.256931,-3.833216,0.000151,0.000823,-0.151439,-0.141479,0.650426,-2.984237,0.000304,0.000745,-0.151361
97.8500,-0.280264,0.256932,-3.833217,0.000151,0.000823,-0.151565,-0.137460,0.658423,-2.983926,0.000243,0.000821,-0.151634
97.9000,-0.280279,0.256932,-3.833218,0.000151,0.000823,-0.151690,-0.131426,0.670416,-2.984241,0.000108,0.000881,-0.151729
97.9500,-0.280294,0.256932,-3.833219,0.000151,0.000823,-0.151813,-0.127401,0.678411,-2.983930,0.000187,0.001131,-0.151713
98.0020,-0.280309,0.256932,-3.833220,0.000151,0.000823,-0.151936,-0.121357,0.690402,-2.984245,0.000109,0.000766,-0.151884
98.0500,-0.280324,0.256932,-3.833221,0.000152,0.000822,-0.152057,-0.117327,0.698396,-2.983934,0.000117,0.000864,-0.151853
98.1000,-0.280338,0.256932,-3.833222,0.000152,0.000822,-0.152176,-0.111281,0.710385,-2.984248,0.000178,0.000817,-0.151909
98.1500,-0.280353,0.256932,-3.833223,0.000152,0.000822,-0.152295,-0.107251,0.718376,-2.983936,0.000195,0.000925,-0.152243
98.2000,-0.280367,0.256932,-3.833224,0.000152,0.000822,-0.152412,-0.101202,0.730359,-2.984251,0.000158,0.000849,-0.152255
98.2520,-0.280381,0.256932,-3.833225,0.000152,0.000822,-0.152528,-0.097170,0.738348,-2.983940,0.000329,0.000869,-0.152500
98.3000,-0.280395,0.256932,-3.833226,0.000152,0.000822,-0.152643,-0.091120,0.750328,-2.984254,0.000182,0.000571,-0.152583
98.3500,-0.280409,0.256932,-3.833227,0.000153,0.000822,-0.152756,-0.087088,0.758313,-2.983941,0.000148,0.000777,-0.152728
98.4000,-0.280423,0.256932,-3.833228,0.000153,0.000822,-0.152869,-0.081040,0.770289,-2.984257,0.000275,0.000813,-0.152841
98.4500,-0.280436,0.256932,-3.833229,0.000153,0.000822,-0.152980,-0.077007,0.778273,-2.983945,-0.000035,0.000706,-0.153065
98.5000,-0.280450,0.256932,-3.833230,0.000153,0.000822,-0.153090,-0.354363,0.696050,-2.984246,0.000304,0.000789,-0.152944
98.5500,-0.280463,0.256932,-3.833231,0.000153,0.000822,-0.153199,-0.358670,0.701275,-2.983936,0.000118,0.000832,-0.153013
98.6000,-0.280476,0.256932,-3.833232,0.000153,0.000822,-0.153307,-0.365128,0.709111,-2.984251,0.000131,0.000822,-0.153368
98.6500,-0.280489,0.256933,-3.833233,0.000153,0.000822,-0.153414,-0.369432,0.714336,-2.983940,0.000233,0.000802,-0.153248
98.7000,-0.280502,0.256933,-3.833234,0.000154,0.000822,-0.153520,-0.375887,0.722171,-2.984255,0.000293,0.000821,-0.153516
98.7500,-0.280515,0.256933,-3.833234,0.000154,0.000822,-0.153625,-0.380191,0.727395,-2.983944,0.000026,0.000670,-0.153489
98.8000,-0.280527,0.256933,-3.833235,0.000154,0.000822,-0.153728,-0.386646,0.735232,-2.984261,-0.000035,0.000713,-0.153713
98.8500,-0.280540,0.256933,-3.833236,0.000154,0.000822,-0.153831,-0.390950,0.740459,-2.983950,0.000088,0.000975,-0.153618
98.9000,-0.280552,0.256933,-3.833237,0.000154,0.000822,-0.153932,-0.397402,0.748304,-2.984266,0.000296,0.000885,-0.154027
98.9500,-0.280565,0.256933,-3.833238,0.000154,0.000822,-0.154033,-0.401701,0.753535,-2.983953,0.000109,0.000830,-0.153975
99.0000,-0.280577,0.256933,-3.833239,0.000154,0.000822,-0.154132,-0.408148,0.761382,-2.984269,0.000201,0.000760,-0.154152
99.0500,-0.280589,0.256933,-3.833239,0.000155,0.000822,-0.154230,-0.412447,0.766613,-2.983957,0.000189,0.000867,-0.154142
99.1020,-0.280601,0.256933,-3.833240,0.000155,0.000822,-0.154328,-0.418893,0.774462,-2.984274,0.000117,0.000772,-0.154279
99.1520,-0.280612,0.256933,-3.833241,0.000155,0.000822,-0.154424,-0.423193,0.779695,-2.983961,0.000315,0.000741,-0.154388
99.2000,-0.280624,0.256934,-3.833242,0.000155,0.000822,-0.154519,-0.429639,0.787544,-2.984277,0.000156,0.001023,-0.154441
99.2500,-0.280636,0.256934,-3.833242,0.000155,0.000822,-0.154614,-0.433935,0.792777,-2.983963,0.000148,0.000921,-0.154510
99.3000,-0.280647,0.256934,-3.833243,0.000155,0.000822,-0.154707,-0.440377,0.800625,-2.984279,-0.000116,0.000895,-0.154609
99.3500,-0.280658,0.256934,-3.833244,0.000155,0.000822,-0.154799,-0.444670,0.805860,-2.983966,0.000172,0.000951,-0.154766
99.4000,-0.280669,0.256934,-3.833245,0.000156,0.000822,-0.154891,-0.451104,0.813713,-2.984282,0.000243,0.000889,-0.154886
99.4500,-0.280681,0.256934,-3.833246,0.000156,0.000822,-0.154981,-0.455395,0.818949,-2.983968,0.000238,0.000802,-0.154904
99.5000,-0.280691,0.256934,-3.833246,0.000156,0.000822,-0.155071,0.098631,0.558974,-2.984328,0.000130,0.000792,-0.155013
99.5500,-0.280702,0.256934,-3.833247,0.000156,0.000822,-0.155160,0.110815,0.556308,-2.984007,0.000166,0.000768,-0.155421
99.6000,-0.280713,0.256934,-3.833248,0.000156,0.000821,-0.155247,0.129092,0.552305,-2.984328,0.000066,0.000694,-0.155196
99.6500,-0.280724,0.256934,-3.833248,0.000156,0.000821,-0.155334,0.141275,0.549638,-2.984005,0.000292,0.000819,-0.155516
99.7000,-0.280734,0.256935,-3.833249,0.000156,0.000821,-0.155420,0.159551,0.545636,-2.984325,0.000179,0.000873,-0.155542
99.7520,-0.280745,0.256935,-3.833250,0.000156,0.000821,-0.155505,0.171736,0.542969,-2.984005,-0.000008,0.000941,-0.155456
99.8000,-0.280755,0.256935,-3.833250,0.000156,0.000821,-0.155590,0.190015,0.538968,-2.984323,0.000280,0.000776,-0.155563
99.8500,-0.280765,0.256935,-3.833251,0.000157,0.000821,-0.155673,0.202199,0.536300,-2.984002,0.000321,0.000871,-0.155511
99.9000,-0.280775,0.256935,-3.833252,0.000157,0.000821,-0.155755,0.220477,0.532294,-2.984321,-0.000048,0.000955,-0.155721
99.9500,-0.280785,0.256935,-3.833253,0.000157,0.000821,-0.155837,0.232661,0.529622,-2.984001,0.000353,0.000665,-0.155953
100.0000,-0.280795,0.256935,-3.833253,0.000157,0.000821,-0.155918,0.250936,0.525613,-2.984316,0.000402,0.000874,-0.155959
100.0500,-0.280805,0.256935,-3.833254,0.000157,0.000821,-0.155998,0.263117,0.522940,-2.983998,0.000234,0.000735,-0.155936
100.1000,-0.280814,0.256935,-3.833254,0.000157,0.000821,-0.156077,0.281391,0.518926,-2.984313,0.000038,0.000760,-0.155917
100.1500,-0.280824,0.256936,-3.833255,0.000157,0.000821,-0.156155,0.293570,0.516252,-2.983994,0.000259,0.000687,-0.156265
100.2000,-0.280833,0.256936,-3.833256,0.000157,0.000821,-0.156233,0.311837,0.512236,-2.984308,0.000004,0.000731,-0.156228
100.2500,-0.280843,0.256936,-3.833256,0.000157,0.000821,-0.156310,0.324011,0.509559,-2.983991,0.000130,0.000825,-0.156275
100.3000,-0.280852,0.256936,-3.833257,0.000158,0.000821,-0.156386,0.342274,0.505544,-2.984308,0.000143,0.000864,-0.156327
100.3500,-0.280861,0.256936,-3.833258,0.000158,0.000821,-0.156461,0.354449,0.502869,-2.983991,0.000036,0.000774,-0.156381
100.4000,-0.280870,0.256936,-3.833258,0.000158,0.000821,-0.156535,0.372713,0.498857,-2.984307,0.000189,0.000871,-0.156545
100.4500,-0.280879,0.256936,-3.833259,0.000158,0.000821,-0.156609,0.384887,0.496180,-2.983991,0.000380,0.000868,-0.156465
100.5000,-0.280888,0.256936,-3.833259,0.000158,0.000821,-0.156682,0.003931,0.291579,-2.984289,0.000060,0.000956,-0.156709
100.5500,-0.280897,0.256936,-3.833260,0.000158,0.000821,-0.156754,0.004358,0.283012,-2.983975,0.000006,0.000901,-0.156685
100.6000,-0.280906,0.256937,-3.833261,0.000158,0.000821,-0.156825,0.004999,0.270162,-2.984289,0.000257,0.000961,-0.156786
100.6500,-0.280915,0.256937,-3.833261,0.000158,0.000821,-0.156896,0.005426,0.261596,-2.983976,0.000203,0.000764,-0.156859
100.7000,-0.280923,0.256937,-3.833262,0.000158,0.000821,-0.156966,0.006068,0.248746,-2.984290,0.000039,0.000809,-0.156862
100.7500,-0.280932,0.256937,-3.833262,0.000158,0.000821,-0.157035,0.006494,0.240181,-2.983978,0.000170,0.000828,-0.157123
100.8000,-0.280940,0.256937,-3.833263,0.000158,0.000821,-0.157103,0.007131,0.227331,-2.984292,0.000359,0.000858,-0.156966
100.8500,-0.280948,0.256937,-3.833263,0.000159,0.000821,-0.157171,0.007557,0.218765,-2.983979,0.000225,0.000719,-0.156977
100.9000,-0.280956,0.256937,-3.833264,0.000159,0.000821,-0.157238,0.008194,0.205915,-2.984293,0.000235,0.000781,-0.157247
100.9500,-0.280965,0.256937,-3.833264,0.000159,0.000821,-0.157305,0.008615,0.197351,-2.983980,0.000075,0.000958,-0.157272
101.0000,-0.280973,0.256937,-3.833265,0.000159,0.000821,-0.157370,0.009250,0.184505,-2.984294,0.000084,0.000905,-0.157369
101.0500,-0.280981,0.256938,-3.833266,0.000159,0.000821,-0.157435,0.009672,0.175943,-2.983980,0.000039,0.000952,-0.157599
101.1000,-0.280988,0.256938,-3.833266,0.000159,0.000821,-0.157500,0.010306,0.163101,-2.984295,0.000088,0.000874,-0.157471
101.1500,-0.280996,0.256938,-3.833267,0.000159,0.000821,-0.157563,0.010729,0.154542,-2.983981,-0.000021,0.000740,-0.157357
101.2020,-0.281004,0.256938,-3.833267,0.000159,0.000821,-0.157626,0.011362,0.141705,-2.984297,0.000097,0.000930,-0.157601
101.2500,-0.281012,0.256938,-3.833268,0.000159,0.000821,-0.157689,0.011782,0.133147,-2.983984,0.000019,0.000964,-0.157558
101.3000,-0.281019,0.256938,-3.833268,0.000159,0.000821,-0.157751,0.012415,0.120310,-2.984299,0.000240,0.000730,-0.157707
101.3500,-0.281027,0.256938,-3.833269,0.000159,0.000821,-0.157812,0.012837,0.111753,-2.983986,0.000025,0.000712,-0.157672
101.4000,-0.281034,0.256938,-3.833269,0.000160,0.000821,-0.157872,0.013470,0.098918,-2.984301,0.000256,0.000838,-0.157784
101.4500,-0.281041,0.256938,-3.833270,0.000160,0.000821,-0.157932,0.013890,0.090361,-2.983989,0.000193,0.000865,-0.157850
101.5000,-0.281049,0.256939,-3.833270,0.000160,0.000821,-0.157991,-0.322528,1.182694,-2.984260,0.000017,0.000746,-0.157916
101.5500,-0.281056,0.256939,-3.833271,0.000160,0.000821,-0.158050,-0.331991,1.206653,-2.983955,0.000159,0.000864,-0.158096
101.6000,-0.281063,0.256939,-3.833271,0.000160,0.000821,-0.158108,-0.346180,1.242595,-2.984264,0.000190,0.000662,-0.157952
101.6500,-0.281070,0.256939,-3.833271,0.000160,0.000821,-0.158165,-0.355641,1.266555,-2.983957,0.000095,0.000625,-0.158110
101.7000,-0.281077,0.256939,-3.833272,0.000160,0.000821,-0.158222,-0.369828,1.302496,-2.984270,0.000126,0.000739,-0.158098
101.7500,-0.281084,0.256939,-3.833272,0.000160,0.000821,-0.158279,-0.379287,1.326457,-2.983963,0.000081,0.000996,-0.158336
101.8000,-0.281091,0.256939,-3.833273,0.000160,0.000821,-0.158334,-0.393470,1.362401,-2.984277,0.000185,0.000862,-0.158340
101.8500,-0.281097,0.256939,-3.833273,0.000160,0.000821,-0.158389,-0.402927,1.386365,-2.983966,0.000147,0.000885,-0.158376
101.9000,-0.281104,0.256939,-3.833274,0.000160,0.000821,-0.158444,-0.417110,1.422308,-2.984278,0.000235,0.000704,-0.158311
101.9500,-0.281111,0.256940,-3.833274,0.000160,0.000821,-0.158498,-0.426566,1.446271,-2.983973,0.000094,0.000704,-0.158551
102.0000,-0.281117,0.256940,-3.833275,0.000160,0.000821,-0.158551,-0.440747,1.482219,-2.984288,0.000121,0.000803,-0.158549
102.0500,-0.281124,0.256940,-3.833275,0.000160,0.000821,-0.158604,-0.450201,1.506185,-2.983978,0.000080,0.000791,-0.158521
102.1000,-0.281130,0.256940,-3.833275,0.000161,0.000821,-0.158657,-0.464382,1.542135,-2.984293,0.000256,0.000801,-0.158641
102.1500,-0.281136,0.256940,-3.833276,0.000161,0.000821,-0.158708,-0.473834,1.566102,-2.983980,0.000121,0.000840,-0.158706
102.2020,-0.281143,0.256940,-3.833276,0.000161,0.000821,-0.158760,-0.488007,1.602053,-2.984293,0.000248,0.000884,-0.158708
102.2500,-0.281149,0.256940,-3.833277,0.000161,0.000821,-0.158810,-0.497453,1.626020,-2.983981,0.000071,0.000757,-0.158684
102.3000,-0.281155,0.256940,-3.833277,0.000161,0.000821,-0.158861,-0.511623,1.661970,-2.984296,0.000083,0.000789,-0.158966
102.3500,-0.281161,0.256940,-3.833278,0.000161,0.000821,-0.158910,-0.521069,1.685938,-2.983987,0.000153,0.000833,-0.158973
102.4000,-0.281167,0.256941,-3.833278,0.000161,0.000821,-0.158960,-0.535233,1.721891,-2.984302,0.000140,0.000820,-0.158959
102.4500,-0.281173,0.256941,-3.833278,0.000161,0.000821,-0.159008,-0.544678,1.745860,-2.983991,0.000144,0.000870,-0.159008
102.5000,-0.281179,0.256941,-3.833279,0.000161,0.000821,-0.159056,-0.044331,0.255371,-2.984377,-0.000123,0.000797,-0.159130
102.5500,-0.281185,0.256941,-3.833279,0.000161,0.000821,-0.159104,-0.038673,0.234435,-2.984050,0.000220,0.000814,-0.159057
102.6000,-0.281191,0.256941,-3.833279,0.000161,0.000821,-0.159151,-0.030188,0.203029,-2.984372,0.000201,0.000837,-0.159150
102.6500,-0.281197,0.256941,-3.833280,0.000161,0.000821,-0.159198,-0.024532,0.182093,-2.984049,0.000205,0.000674,-0.159217
102.7000,-0.281202,0.256941,-3.833280,0.000161,0.000821,-0.159244,-0.016050,0.150687,-2.984369,0.000053,0.000772,-0.159080
102.7500,-0.281208,0.256941,-3.833281,0.000161,0.000821,-0.159290,-0.010397,0.129752,-2.984041,0.000248,0.000952,-0.159525
102.8000,-0.281213,0.256941,-3.833281,0.000161,0.000821,-0.159335,-0.001921,0.098350,-2.984363,0.000073,0.000881,-0.159291
102.8500,-0.281219,0.256942,-3.833281,0.000162,0.000821,-0.159380,0.003730,0.077416,-2.984037,0.000035,0.000831,-0.159398
102.9020,-0.281224,0.256942,-3.833282,0.000162,0.000821,-0.159424,0.012208,0.046019,-2.984355,0.000269,0.000854,-0.159333
102.9520,-0.281230,0.256942,-3.833282,0.000162,0.000821,-0.159468,0.017857,0.025087,-2.984036,0.000098,0.000725,-0.159390
103.0000,-0.281235,0.256942,-3.833282,0.000162,0.000821,-0.159512,0.026332,-0.006310,-2.984354,0.000242,0.000914,-0.159395
103.0500,-0.281240,0.256942,-3.833283,0.000162,0.000821,-0.159555,0.031981,-0.027243,-2.984032,0.000192,0.000801,-0.159531
103.1000,-0.281246,0.256942,-3.833283,0.000162,0.000821,-0.159597,0.040454,-0.058640,-2.984352,0.000084,0.001043,-0.159554
103.1500,-0.281251,0.256942,-3.833283,0.000162,0.000821,-0.159640,0.046101,-0.079573,-2.984030,0.000201,0.000829,-0.159507
103.2000,-0.281256,0.256942,-3.833284,0.000162,0.000821,-0.159681,0.054577,-0.110971,-2.984349,0.000255,0.000959,-0.159602
103.2500,-0.281261,0.256942,-3.833284,0.000162,0.000821,-0.159722,0.060225,-0.131904,-2.984030,0.000012,0.000828,-0.159717
103.3000,-0.281266,0.256942,-3.833284,0.000162,0.000821,-0.159763,0.068699,-0.163304,-2.984347,0.000198,0.000891,-0.159849
103.3500,-0.281271,0.256943,-3.833285,0.000162,0.000821,-0.159804,0.074347,-0.184237,-2.984029,0.000075,0.000853,-0.159724
103.4000,-0.281276,0.256943,-3.833285,0.000162,0.000821,-0.159844,0.082822,-0.215639,-2.984347,0.000379,0.000846,-0.159946
103.4500,-0.281281,0.256943,-3.833285,0.000162,0.000821,-0.159883,0.088470,-0.236575,-2.984026,0.000034,0.000780,-0.159926
103.5000,-0.281285,0.256943,-3.833286,0.000162,0.000821,-0.159923,0.110832,-0.402159,-2.984347,-0.000024,0.000860,-0.159756
103.5500,-0.281290,0.256943,-3.833286,0.000162,0.000821,-0.159961,0.116890,-0.427042,-2.984026,0.000052,0.000952,-0.159957
103.6000,-0.281295,0.256943,-3.833286,0.000162,0.000821,-0.160000,0.125974,-0.464368,-2.984341,0.000112,0.000651,-0.160031
103.6500,-0.281300,0.256943,-3.833287,0.000162,0.000821,-0.160038,0.132026,-0.489251,-2.984023,0.000215,0.000671,-0.160088
103.7000,-0.281304,0.256943,-3.833287,0.000162,0.000821,-0.160075,0.141104,-0.526577,-2.984338,0.000175,0.000942,-0.159978
103.7500,-0.281309,0.256943,-3.833287,0.000162,0.000821,-0.160112,0.147156,-0.551460,-2.984020,0.000143,0.000788,-0.159977
103.8000,-0.281313,0.256943,-3.833288,0.000163,0.000821,-0.160149,0.156236,-0.588784,-2.984335,0.000194,0.000873,-0.160006
103.8500,-0.281318,0.256944,-3.833288,0.000163,0.000821,-0.160186,0.162289,-0.613666,-2.984019,0.000379,0.000752,-0.160117
103.9000,-0.281322,0.256944,-3.833288,0.000163,0.000821,-0.160222,0.171365,-0.650994,-2.984337,0.000087,0.000777,-0.160144
103.9500,-0.281327,0.256944,-3.833288,0.000163,0.000821,-0.160258,0.177415,-0.675878,-2.984018,0.000021,0.000931,-0.160286
104.0000,-0.281331,0.256944,-3.833289,0.000163,0.000821,-0.160293,0.186490,-0.713203,-2.984332,0.000180,0.000868,-0.160424
104.0500,-0.281335,0.256944,-3.833289,0.000163,0.000821,-0.160328,0.192540,-0.738085,-2.984015,0.000219,0.000835,-0.160234
104.1000,-0.281339,0.256944,-3.833289,0.000163,0.000821,-0.160362,0.201618,-0.775410,-2.984334,0.000330,0.000599,-0.160265
104.1500,-0.281344,0.256944,-3.833289,0.000163,0.000821,-0.160397,0.207671,-0.800294,-2.984018,0.000283,0.000902,-0.160440
104.2000,-0.281348,0.256944,-3.833290,0.000163,0.000821,-0.160431,0.216744,-0.837623,-2.984335,0.000170,0.000965,-0.160299
104.2500,-0.281352,0.256944,-3.833290,0.000163,0.000821,-0.160464,0.222794,-0.862509,-2.984019,0.000250,0.000760,-0.160489
104.3000,-0.281356,0.256944,-3.833290,0.000163,0.000821,-0.160497,0.231866,-0.899839,-2.984331,0.000283,0.000752,-0.160431
104.3500,-0.281360,0.256944,-3.833291,0.000163,0.000821,-0.160530,0.237913,-0.924725,-2.984017,0.000305,0.000760,-0.160556
104.4000,-0.281364,0.256945,-3.833291,0.000163,0.000821,-0.160563,0.246979,-0.962059,-2.984335,0.000174,0.000944,-0.160474
104.4500,-0.281368,0.256945,-3.833291,0.000163,0.000821,-0.160595,0.253024,-0.986947,-2.984018,0.000234,0.000667,-0.160633
104.5000,-0.281372,0.256945,-3.833291,0.000163,0.000821,-0.160627,0.416818,-0.023592,-2.984314,0.000082,0.000860,-0.160656
104.5500,-0.281376,0.256945,-3.833292,0.000163,0.000821,-0.160658,0.427431,-0.019031,-2.984002,0.000119,0.000846,-0.160710
104.6000,-0.281380,0.256945,-3.833292,0.000163,0.000821,-0.160690,0.443351,-0.012185,-2.984318,0.000081,0.000965,-0.160664
104.6520,-0.281383,0.256945,-3.833292,0.000163,0.000821,-0.160720,0.453967,-0.007621,-2.984004,0.000245,0.000848,-0.160563
104.7000,-0.281387,0.256945,-3.833292,0.000163,0.000821,-0.160751,0.469893,-0.000776,-2.984320,0.000259,0.000697,-0.160907
104.7520,-0.281391,0.256945,-3.833293,0.000163,0.000821,-0.160781,0.480512,0.003786,-2.984006,0.000206,0.000896,-0.160686
104.8000,-0.281395,0.256945,-3.833293,0.000163,0.000821,-0.160811,0.496442,0.010625,-2.984320,0.000105,0.000730,-0.160729
104.8500,-0.281398,0.256945,-3.833293,0.000163,0.000821,-0.160841,0.507061,0.015186,-2.984007,0.000126,0.000637,-0.160623
104.9000,-0.281402,0.256945,-3.833293,0.000163,0.000821,-0.160870,0.522989,0.022027,-2.984319,0.000098,0.000803,-0.160804
104.9500,-0.281405,0.256946,-3.833294,0.000163,0.000821,-0.160899,0.533605,0.026587,-2.984006,0.000176,0.000717,-0.161019
105.0000,-0.281409,0.256946,-3.833294,0.000164,0.000821,-0.160928,0.549533,0.033425,-2.984321,0.000217,0.000973,-0.160819
105.0500,-0.281413,0.256946,-3.833294,0.000164,0.000821,-0.160956,0.560151,0.037985,-2.984008,0.000062,0.000898,-0.161054
105.1000,-0.281416,0.256946,-3.833294,0.000164,0.000821,-0.160985,0.576082,0.044823,-2.984325,0.000064,0.000898,-0.161007
105.1500,-0.281419,0.256946,-3.833294,0.000164,0.000821,-0.161012,0.586704,0.049384,-2.984013,0.000175,0.000924,-0.161185
105.2000,-0.281423,0.256946,-3.833295,0.000164,0.000821,-0.161040,0.602644,0.056223,-2.984329,0.000278,0.000834,-0.160907
105.2520,-0.281426,0.256946,-3.833295,0.000164,0.000821,-0.161067,0.613269,0.060786,-2.984013,0.000128,0.000883,-0.160740
105.3000,-0.281429,0.256946,-3.833295,0.000164,0.000821,-0.161094,0.629208,0.067628,-2.984329,0.000024,0.000640,-0.161066
105.3500,-0.281433,0.256946,-3.833295,0.000164,0.000821,-0.161121,0.639833,0.072190,-2.984014,0.000332,0.000943,-0.160972
105.4000,-0.281436,0.256946,-3.833295,0.000164,0.000821,-0.161147,0.655773,0.079031,-2.984329,0.000149,0.000718,-0.161194
105.4500,-0.281439,0.256946,-3.833296,0.000164,0.000821,-0.161174,0.666398,0.083590,-2.984014,0.000076,0.000925,-0.161002
105.5000,-0.281442,0.256946,-3.833296,0.000164,0.000821,-0.161200,0.490653,0.182348,-2.984316,0.000140,0.000821,-0.161279
105.5500,-0.281446,0.256947,-3.833296,0.000164,0.000821,-0.161225,0.495641,0.189615,-2.984004,0.000220,0.000724,-0.161202
105.6000,-0.281449,0.256947,-3.833296,0.000164,0.000821,-0.161251,0.503121,0.200516,-2.984316,0.000191,0.000747,-0.161087
105.6500,-0.281452,0.256947,-3.833297,0.000164,0.000821,-0.161276,0.508106,0.207783,-2.984004,0.000145,0.000779,-0.161282
105.7000,-0.281455,0.256947,-3.833297,0.000164,0.000821,-0.161301,0.515583,0.218681,-2.984318,0.000127,0.000882,-0.161347
105.7500,-0.281458,0.256947,-3.833297,0.000164,0.000821,-0.161325,0.520569,0.225946,-2.984006,0.000122,0.000920,-0.161296
105.8000,-0.281461,0.256947,-3.833297,0.000164,0.000821,-0.161349,0.528049,0.236844,-2.984320,0.000296,0.000611,-0.161311
105.8500,-0.281464,0.256947,-3.833297,0.000164,0.000821,-0.161374,0.533034,0.244106,-2.984007,0.000198,0.000841,-0.161361
105.9000,-0.281467,0.256947,-3.833297,0.000164,0.000821,-0.161397,0.540512,0.255002,-2.984321,0.000142,0.000789,-0.161334
105.9500,-0.281470,0.256947,-3.833298,0.000164,0.000821,-0.161421,0.545495,0.262265,-2.984009,0.000140,0.000695,-0.161328
106.0000,-0.281473,0.256947,-3.833298,0.000164,0.000821,-0.161444,0.552970,0.273161,-2.984324,0.000115,0.000696,-0.161407
106.0500,-0.281475,0.256947,-3.833298,0.000164,0.000821,-0.161468,0.557953,0.280426,-2.984012,0.000200,0.000894,-0.161299
106.1000,-0.281478,0.256947,-3.833298,0.000164,0.000821,-0.161490,0.565430,0.291324,-2.984327,0.000150,0.000714,-0.161415
106.1500,-0.281481,0.256947,-3.833298,0.000164,0.000821,-0.161513,0.570414,0.298589,-2.984013,0.000281,0.000802,-0.161506
106.2000,-0.281484,0.256948,-3.833299,0.000164,0.000821,-0.161535,0.577891,0.309484,-2.984328,0.000254,0.000786,-0.161667
106.2500,-0.281487,0.256948,-3.833299,0.000164,0.000821,-0.161558,0.582875,0.316746,-2.984014,0.000223,0.000979,-0.161502
106.3020,-0.281489,0.256948,-3.833299,0.000164,0.000821,-0.161580,0.590352,0.327638,-2.984329,0.000273,0.000881,-0.161447
106.3500,-0.281492,0.256948,-3.833299,0.000164,0.000822,-0.161601,0.595335,0.334898,-2.984015,0.000130,0.000866,-0.161609
106.4000,-0.281495,0.256948,-3.833299,0.000164,0.000822,-0.161623,0.602814,0.345785,-2.984330,0.000254,0.001127,-0.161610
106.4500,-0.281497,0.256948,-3.833299,0.000164,0.000822,-0.161644,0.607797,0.353044,-2.984017,0.000181,0.000819,-0.161663
106.5000,-0.281500,0.256948,-3.833300,0.000164,0.000822,-0.161665,0.476530,0.230715,-2.984328,0.000348,0.000762,-0.161865
106.5500,-0.281502,0.256948,-3.833300,0.000165,0.000822,-0.161686,0.477430,0.234055,-2.984014,0.000025,0.000913,-0.161495
106.6000,-0.281505,0.256948,-3.833300,0.000165,0.000822,-0.161707,0.478780,0.239065,-2.984330,0.000232,0.000746,-0.161652
106.6500,-0.281507,0.256948,-3.833300,0.000165,0.000822,-0.161727,0.479680,0.242404,-2.984016,0.000141,0.000578,-0.161649
106.7000,-0.281510,0.256948,-3.833300,0.000165,0.000822,-0.161747,0.481025,0.247412,-2.984331,0.000375,0.000754,-0.161731
106.7500,-0.281512,0.256948,-3.833300,0.000165,0.000822,-0.161767,0.481921,0.250750,-2.984017,0.000309,0.000786,-0.161761
106.8000,-0.281515,0.256948,-3.833301,0.000165,0.000822,-0.161787,0.483266,0.255752,-2.984332,0.000071,0.000698,-0.161596
106.8500,-0.281517,0.256948,-3.833301,0.000165,0.000822,-0.161807,0.484160,0.259090,-2.984018,-0.000048,0.000656,-0.161789
106.9000,-0.281520,0.256948,-3.833301,0.000165,0.000822,-0.161826,0.485501,0.264096,-2.984334,0.000071,0.000599,-0.161739
106.9500,-0.281522,0.256949,-3.833301,0.000165,0.000822,-0.161845,0.486394,0.267435,-2.984019,0.000187,0.000899,-0.161739
107.0000,-0.281524,0.256949,-3.833301,0.000165,0.000822,-0.161864,0.487733,0.272442,-2.984335,0.000245,0.000827,-0.161630
107.0500,-0.281527,0.256949,-3.833301,0.000165,0.000822,-0.161883,0.488625,0.275781,-2.984021,0.000154,0.000870,-0.161775
107.1000,-0.281529,0.256949,-3.833301,0.000165,0.000822,-0.161902,0.489966,0.280787,-2.984336,0.000044,0.000818,-0.161707
107.1500,-0.281531,0.256949,-3.833302,0.000165,0.000822,-0.161920,0.490861,0.284124,-2.984022,0.000061,0.000976,-0.161869
107.2000,-0.281534,0.256949,-3.833302,0.000165,0.000822,-0.161938,0.492208,0.289131,-2.984338,0.000239,0.000878,-0.161804
107.2500,-0.281536,0.256949,-3.833302,0.000165,0.000822,-0.161956,0.493105,0.292469,-2.984023,0.000188,0.000808,-0.161964
107.3000,-0.281538,0.256949,-3.833302,0.000165,0.000822,-0.161974,0.494450,0.297476,-2.984339,0.000229,0.000768,-0.161934
107.3500,-0.281540,0.256949,-3.833302,0.000165,0.000822,-0.161992,0.495345,0.300814,-2.984023,0.000087,0.000799,-0.162203
107.4000,-0.281542,0.256949,-3.833302,0.000165,0.000822,-0.162009,0.496690,0.305820,-2.984339,0.000130,0.000835,-0.161969
107.4500,-0.281544,0.256949,-3.833302,0.000165,0.000822,-0.162027,0.497584,0.309159,-2.984024,0.000097,0.000966,-0.162031
107.5000,-0.281547,0.256949,-3.833303,0.000165,0.000822,-0.162044,0.454439,0.220055,-2.984339,0.000172,0.000865,-0.162060
107.5500,-0.281549,0.256949,-3.833303,0.000165,0.000822,-0.162061,0.454023,0.220624,-2.984024,0.000296,0.000668,-0.162080
107.6000,-0.281551,0.256949,-3.833303,0.000165,0.000822,-0.162078,0.453399,0.221478,-2.984340,0.000192,0.000700,-0.162076
107.6520,-0.281553,0.256949,-3.833303,0.000165,0.000822,-0.162094,0.452982,0.222046,-2.984024,0.000098,0.000860,-0.162013
107.7000,-0.281555,0.256949,-3.833303,0.000165,0.000822,-0.162111,0.452356,0.222897,-2.984340,0.000317,0.000929,-0.162063
107.7500,-0.281557,0.256950,-3.833303,0.000165,0.000822,-0.162127,0.451939,0.223463,-2.984025,0.000005,0.000817,-0.162192
107.8000,-0.281559,0.256950,-3.833303,0.000165,0.000822,-0.162143,0.451314,0.224313,-2.984340,0.000052,0.000993,-0.162113
107.8500,-0.281561,0.256950,-3.833303,0.000165,0.000822,-0.162159,0.450898,0.224880,-2.984025,0.000241,0.000979,-0.162098
107.9000,-0.281563,0.256950,-3.833304,0.000165,0.000822,-0.162175,0.450280,0.225728,-2.984341,0.000286,0.000905,-0.162148
107.9500,-0.281565,0.256950,-3.833304,0.000165,0.000822,-0.162190,0.449868,0.226294,-2.984025,0.000171,0.000853,-0.162191
108.0000,-0.281567,0.256950,-3.833304,0.000165,0.000822,-0.162206,0.449250,0.227141,-2.984341,-0.000013,0.000852,-0.162252
108.0500,-0.281568,0.256950,-3.833304,0.000165,0.000822,-0.162221,0.448838,0.227707,-2.984026,0.000150,0.001034,-0.162330
108.1020,-0.281570,0.256950,-3.833304,0.000165,0.000822,-0.162236,0.448226,0.228557,-2.984341,0.000160,0.000734,-0.162061
108.1500,-0.281572,0.256950,-3.833304,0.000165,0.000822,-0.162251,0.447817,0.229124,-2.984026,0.000309,0.000860,-0.162277
108.2000,-0.281574,0.256950,-3.833304,0.000165,0.000822,-0.162266,0.447208,0.229971,-2.984341,0.000157,0.000951,-0.162300
108.2500,-0.281576,0.256950,-3.833304,0.000165,0.000822,-0.162281,0.446801,0.230536,-2.984026,0.000096,0.000849,-0.162411
108.3000,-0.281578,0.256950,-3.833305,0.000165,0.000822,-0.162295,0.446196,0.231383,-2.984342,0.000029,0.000701,-0.162276
108.3500,-0.281579,0.256950,-3.833305,0.000165,0.000822,-0.162310,0.445790,0.231948,-2.984026,0.000117,0.000877,-0.162329
108.4000,-0.281581,0.256950,-3.833305,0.000165,0.000822,-0.162324,0.445186,0.232796,-2.984342,0.000231,0.000970,-0.162453
108.4500,-0.281583,0.256950,-3.833305,0.000165,0.000822,-0.162338,0.444782,0.233361,-2.984027,0.000392,0.000775,-0.162311
108.5000,-0.281585,0.256950,-3.833305,0.000165,0.000822,-0.162352,0.444417,0.204944,-2.984343,0.000368,0.001016,-0.162389
108.5500,-0.281586,0.256950,-3.833305,0.000165,0.000822,-0.162366,0.444021,0.204645,-2.984027,0.000181,0.000902,-0.162512
108.6000,-0.281588,0.256951,-3.833305,0.000165,0.000822,-0.162379,0.443429,0.204195,-2.984343,-0.000042,0.000853,-0.162442
108.6500,-0.281590,0.256951,-3.833305,0.000165,0.000822,-0.162393,0.443034,0.203896,-2.984027,0.000239,0.000882,-0.162549
108.7000,-0.281591,0.256951,-3.833305,0.000165,0.000822,-0.162406,0.442442,0.203447,-2.984343,0.000239,0.000894,-0.162216
108.7500,-0.281593,0.256951,-3.833306,0.000165,0.000822,-0.162419,0.442048,0.203147,-2.984028,0.000119,0.000782,-0.162317
108.8000,-0.281595,0.256951,-3.833306,0.000165,0.000822,-0.162432,0.441457,0.202696,-2.984343,0.000285,0.000724,-0.162430
108.8500,-0.281596,0.256951,-3.833306,0.000165,0.000822,-0.162445,0.441061,0.202395,-2.984028,-0.000078,0.000705,-0.162679
108.9000,-0.281598,0.256951,-3.833306,0.000165,0.000822,-0.162458,0.440469,0.201946,-2.984343,0.000141,0.000740,-0.162273
108.9500,-0.281599,0.256951,-3.833306,0.000166,0.000822,-0.162471,0.440072,0.201649,-2.984028,0.000075,0.000832,-0.162471
109.0000,-0.281601,0.256951,-3.833306,0.000166,0.000822,-0.162484,0.439479,0.201204,-2.984343,0.000281,0.000804,-0.162561
109.0500,-0.281602,0.256951,-3.833306,0.000166,0.000822,-0.162496,0.439082,0.200907,-2.984028,0.000150,0.000778,-0.162661
109.1000,-0.281604,0.256951,-3.833306,0.000166,0.000822,-0.162508,0.438488,0.200463,-2.984343,-0.000027,0.000709,-0.162388
109.1500,-0.281605,0.256951,-3.833306,0.000166,0.000822,-0.162520,0.438091,0.200168,-2.984028,0.000192,0.000896,-0.162575
109.2000,-0.281607,0.256951,-3.833306,0.000166,0.000822,-0.162533,0.437495,0.199723,-2.984344,0.000156,0.000977,-0.162490
109.2500,-0.281608,0.256951,-3.833307,0.000166,0.000822,-0.162544,0.437099,0.199424,-2.984028,0.000092,0.000781,-0.162432
109.3000,-0.281610,0.256951,-3.833307,0.000166,0.000822,-0.162556,0.436505,0.198974,-2.984344,0.000325,0.000711,-0.162489
109.3500,-0.281611,0.256951,-3.833307,0.000166,0.000822,-0.162568,0.436108,0.198674,-2.984028,0.000254,0.000834,-0.162719
109.4000,-0.281613,0.256951,-3.833307,0.000166,0.000822,-0.162579,0.435513,0.198223,-2.984344,0.000251,0.000648,-0.162509
109.4500,-0.281614,0.256951,-3.833307,0.000166,0.000822,-0.162591,0.435115,0.197924,-2.984028,0.000114,0.000659,-0.162378
109.5000,-0.281616,0.256951,-3.833307,0.000166,0.000822,-0.162602,0.442775,0.198225,-2.984344,0.000158,0.000777,-0.162602
109.5500,-0.281617,0.256951,-3.833307,0.000166,0.000822,-0.162613,0.442618,0.197947,-2.984029,0.000213,0.000839,-0.162608
109.6000,-0.281618,0.256951,-3.833307,0.000166,0.000822,-0.162625,0.442383,0.197530,-2.984344,0.000196,0.000847,-0.162658
109.6500,-0.281620,0.256952,-3.833307,0.000166,0.000822,-0.162636,0.442225,0.197252,-2.984029,0.000054,0.000630,-0.162722
109.7020,-0.281621,0.256952,-3.833307,0.000166,0.000822,-0.162646,0.441987,0.196838,-2.984344,0.000060,0.000647,-0.162901
109.7500,-0.281622,0.256952,-3.833307,0.000166,0.000822,-0.162657,0.441826,0.196562,-2.984029,0.000093,0.001046,-0.162727
109.8000,-0.281624,0.256952,-3.833307,0.000166,0.000822,-0.162668,0.441588,0.196149,-2.984344,0.000139,0.000881,-0.162689
109.8520,-0.281625,0.256952,-3.833308,0.000166,0.000822,-0.162678,0.441429,0.195875,-2.984029,0.000103,0.000935,-0.162564
109.9000,-0.281626,0.256952,-3.833308,0.000166,0.000822,-0.162689,0.441192,0.195464,-2.984344,0.000073,0.000655,-0.162443
109.9500,-0.281628,0.256952,-3.833308,0.000166,0.000822,-0.162699,0.441032,0.195192,-2.984029,0.000061,0.000807,-0.162870
110.0020,-0.281629,0.256952,-3.833308,0.000166,0.000822,-0.162709,0.440794,0.194785,-2.984344,0.000120,0.000720,-0.162752
110.0500,-0.281630,0.256952,-3.833308,0.000166,0.000822,-0.162719,0.440634,0.194513,-2.984029,0.000334,0.000708,-0.162969
110.1000,-0.281631,0.256952,-3.833308,0.000166,0.000822,-0.162729,0.440394,0.194103,-2.984345,0.000194,0.000762,-0.162789
110.1500,-0.281633,0.256952,-3.833308,0.000166,0.000822,-0.162739,0.440231,0.193830,-2.984029,0.000293,0.000694,-0.162670
110.2000,-0.281634,0.256952,-3.833308,0.000166,0.000822,-0.162749,0.439987,0.193417,-2.984345,0.000248,0.000835,-0.162876
110.2500,-0.281635,0.256952,-3.833308,0.000166,0.000822,-0.162759,0.439822,0.193142,-2.984029,0.000259,0.001006,-0.162587
110.3000,-0.281636,0.256952,-3.833308,0.000166,0.000822,-0.162768,0.439577,0.192726,-2.984345,0.000268,0.000689,-0.162669
110.3500,-0.281637,0.256952,-3.833308,0.000166,0.000822,-0.162778,0.439411,0.192449,-2.984029,0.000145,0.000848,-0.162796
110.4000,-0.281638,0.256952,-3.833308,0.000166,0.000822,-0.162787,0.439162,0.192034,-2.984345,0.000120,0.000655,-0.162795
110.4520,-0.281640,0.256952,-3.833308,0.000166,0.000822,-0.162797,0.438994,0.191758,-2.984029,0.000143,0.000804,-0.162792
110.5000,-0.281641,0.256952,-3.833309,0.000166,0.000822,-0.162806,0.443619,0.197194,-2.984345,0.000135,0.000762,-0.162627
110.5500,-0.281642,0.256952,-3.833309,0.000166,0.000822,-0.162815,0.443595,0.197090,-2.984030,0.000021,0.001043,-0.162847
110.6000,-0.281643,0.256952,-3.833309,0.000166,0.000822,-0.162824,0.443562,0.196936,-2.984345,-0.000057,0.000674,-0.162980
110.6500,-0.281644,0.256952,-3.833309,0.000166,0.000822,-0.162833,0.443538,0.196835,-2.984030,0.000057,0.000831,-0.162814
110.7020,-0.281645,0.256952,-3.833309,0.000166,0.000822,-0.162842,0.443505,0.196687,-2.984345,0.000230,0.000700,-0.162812
110.7500,-0.281646,0.256952,-3.833309,0.000166,0.000822,-0.162851,0.443482,0.196589,-2.984030,0.000209,0.000794,-0.162867
110.8000,-0.281647,0.256952,-3.833309,0.000166,0.000822,-0.162859,0.443449,0.196442,-2.984345,0.000181,0.000986,-0.162845
110.8500,-0.281648,0.256953,-3.833309,0.000166,0.000822,-0.162868,0.443427,0.196345,-2.984030,0.000173,0.001037,-0.162954
110.9000,-0.281649,0.256953,-3.833309,0.000166,0.000822,-0.162876,0.443397,0.196200,-2.984345,0.000004,0.000935,-0.162936
110.9500,-0.281651,0.256953,-3.833309,0.000166,0.000822,-0.162885,0.443377,0.196104,-2.984030,0.000218,0.000829,-0.162716
111.0000,-0.281652,0.256953,-3.833309,0.000166,0.000822,-0.162893,0.443345,0.195959,-2.984345,0.000203,0.000903,-0.162986
111.0500,-0.281653,0.256953,-3.833309,0.000166,0.000822,-0.162901,0.443321,0.195864,-2.984030,0.000183,0.000873,-0.162986
111.1000,-0.281654,0.256953,-3.833309,0.000166,0.000822,-0.162909,0.443287,0.195718,-2.984346,0.000137,0.000837,-0.162909
111.1500,-0.281655,0.256953,-3.833309,0.000166,0.000822,-0.162917,0.443262,0.195621,-2.984030,-0.000021,0.000723,-0.162842
111.2000,-0.281656,0.256953,-3.833309,0.000166,0.000822,-0.162925,0.443223,0.195477,-2.984346,0.000067,0.000793,-0.162866
111.2500,-0.281657,0.256953,-3.833310,0.000166,0.000822,-0.162933,0.443194,0.195381,-2.984030,0.000212,0.000891,-0.162731
111.3000,-0.281658,0.256953,-3.833310,0.000166,0.000822,-0.162941,0.443154,0.195235,-2.984346,0.000178,0.001040,-0.163008
111.3500,-0.281658,0.256953,-3.833310,0.000166,0.000822,-0.162949,0.443129,0.195138,-2.984030,0.000101,0.000927,-0.162901
111.4000,-0.281659,0.256953,-3.833310,0.000166,0.000822,-0.162956,0.443093,0.194993,-2.984346,0.000268,0.000828,-0.162958
111.4500,-0.281660,0.256953,-3.833310,0.000166,0.000822,-0.162964,0.443069,0.194896,-2.984030,0.000114,0.000896,-0.163019
111.5000,-0.281661,0.256953,-3.833310,0.000166,0.000822,-0.162971,0.444429,0.197871,-2.984346,0.000200,0.000752,-0.162874
111.5500,-0.281662,0.256953,-3.833310,0.000166,0.000822,-0.162979,0.444449,0.197863,-2.984031,0.000157,0.001056,-0.162904
111.6000,-0.281663,0.256953,-3.833310,0.000166,0.000822,-0.162986,0.444481,0.197851,-2.984346,0.000125,0.000968,-0.162935
111.6500,-0.281664,0.256953,-3.833310,0.000166,0.000822,-0.162993,0.444503,0.197844,-2.984031,0.000148,0.000994,-0.163249
111.7000,-0.281665,0.256953,-3.833310,0.000166,0.000822,-0.163001,0.444539,0.197832,-2.984346,0.000110,0.000766,-0.162873
111.7500,-0.281666,0.256953,-3.833310,0.000166,0.000822,-0.163008,0.444564,0.197825,-2.984031,0.000161,0.000837,-0.162893
111.8000,-0.281667,0.256953,-3.833310,0.000166,0.000822,-0.163015,0.444602,0.197813,-2.984346,0.000201,0.000722,-0.163031
111.8500,-0.281668,0.256953,-3.833310,0.000166,0.000822,-0.163022,0.444626,0.197805,-2.984031,0.000154,0.000849,-0.162934
111.9000,-0.281668,0.256953,-3.833310,0.000166,0.000822,-0.163029,0.444663,0.197792,-2.984346,-0.000019,0.000894,-0.163174
111.9500,-0.281669,0.256953,-3.833310,0.000166,0.000822,-0.163036,0.444687,0.197783,-2.984031,0.000111,0.000799,-0.162956
112.0000,-0.281670,0.256953,-3.833310,0.000166,0.000822,-0.163042,0.444727,0.197770,-2.984347,0.000309,0.000907,-0.163171
112.0520,-0.281671,0.256953,-3.833310,0.000166,0.000822,-0.163049,0.444754,0.197761,-2.984031,0.000108,0.000650,-0.163188
112.1000,-0.281672,0.256953,-3.833310,0.000166,0.000822,-0.163056,0.444793,0.197747,-2.984347,-0.000045,0.000980,-0.162980
112.1500,-0.281673,0.256953,-3.833311,0.000166,0.000822,-0.163062,0.444818,0.197740,-2.984031,0.000150,0.000915,-0.162930
112.2000,-0.281673,0.256953,-3.833311,0.000166,0.000822,-0.163069,0.444858,0.197728,-2.984347,0.000212,0.000959,-0.163179
112.2500,-0.281674,0.256953,-3.833311,0.000166,0.000822,-0.163075,0.444885,0.197721,-2.984031,0.000228,0.000680,-0.163258
112.3000,-0.281675,0.256953,-3.833311,0.000166,0.000822,-0.163081,0.444926,0.197707,-2.984347,0.000076,0.000765,-0.163078
112.3500,-0.281676,0.256954,-3.833311,0.000166,0.000822,-0.163088,0.444951,0.197699,-2.984031,0.000170,0.000667,-0.163056
112.4000,-0.281677,0.256954,-3.833311,0.000166,0.000822,-0.163094,0.444988,0.197688,-2.984347,0.000078,0.000839,-0.163161
112.4500,-0.281677,0.256954,-3.833311,0.000166,0.000822,-0.163100,0.445011,0.197682,-2.984031,0.000013,0.000930,-0.163174
112.5000,-0.281678,0.256954,-3.833311,0.000166,0.000822,-0.163106,0.444796,0.198417,-2.984347,0.000117,0.000963,-0.163009
112.5500,-0.281679,0.256954,-3.833311,0.000166,0.000822,-0.163112,0.444813,0.198432,-2.984031,0.000042,0.000834,-0.163187
112.6000,-0.281680,0.256954,-3.833311,0.000166,0.000822,-0.163118,0.444841,0.198457,-2.984347,0.000016,0.001005,-0.163061
112.6500,-0.281680,0.256954,-3.833311,0.000166,0.000822,-0.163124,0.444858,0.198475,-2.984032,0.000290,0.000925,-0.163111
112.7000,-0.281681,0.256954,-3.833311,0.000166,0.000822,-0.163130,0.444887,0.198500,-2.984347,0.000137,0.000838,-0.163036
112.7500,-0.281682,0.256954,-3.833311,0.000166,0.000822,-0.163136,0.444905,0.198516,-2.984032,0.000329,0.000734,-0.163067
112.8020,-0.281682,0.256954,-3.833311,0.000166,0.000822,-0.163141,0.444932,0.198540,-2.984347,0.000169,0.000739,-0.163118
112.8500,-0.281683,0.256954,-3.833311,0.000166,0.000822,-0.163147,0.444949,0.198555,-2.984032,0.000313,0.000774,-0.163170
112.9000,-0.281684,0.256954,-3.833311,0.000166,0.000822,-0.163153,0.444973,0.198577,-2.984347,0.000319,0.000934,-0.163128
112.9500,-0.281685,0.256954,-3.833311,0.000166,0.000822,-0.163158,0.444987,0.198591,-2.984032,0.000165,0.000711,-0.163073
113.0000,-0.281685,0.256954,-3.833311,0.000166,0.000822,-0.163164,0.445010,0.198610,-2.984347,0.000186,0.000980,-0.163058
113.0500,-0.281686,0.256954,-3.833311,0.000166,0.000822,-0.163169,0.445027,0.198623,-2.984032,0.000020,0.000862,-0.163190
113.1000,-0.281687,0.256954,-3.833311,0.000166,0.000822,-0.163175,0.445054,0.198645,-2.984347,0.000175,0.000806,-0.163134
113.1500,-0.281687,0.256954,-3.833311,0.000166,0.000822,-0.163180,0.445071,0.198661,-2.984032,-0.000090,0.000842,-0.163110
113.2000,-0.281688,0.256954,-3.833311,0.000166,0.000822,-0.163185,0.445097,0.198686,-2.984347,0.000168,0.000901,-0.163300
113.2500,-0.281689,0.256954,-3.833312,0.000166,0.000822,-0.163190,0.445113,0.198703,-2.984032,0.000067,0.000806,-0.163187
113.3000,-0.281689,0.256954,-3.833312,0.000166,0.000822,-0.163195,0.445138,0.198727,-2.984348,0.000115,0.000926,-0.163417
113.3500,-0.281690,0.256954,-3.833312,0.000166,0.000822,-0.163201,0.445155,0.198742,-2.984032,0.000037,0.000784,-0.163086
113.4000,-0.281690,0.256954,-3.833312,0.000166,0.000822,-0.163206,0.445182,0.198766,-2.984348,0.000202,0.001012,-0.163264
113.4500,-0.281691,0.256954,-3.833312,0.000166,0.000822,-0.163211,0.445196,0.198781,-2.984032,0.000233,0.000934,-0.163270
113.5000,-0.281692,0.256954,-3.833312,0.000166,0.000822,-0.163216,0.444821,0.198620,-2.984348,0.000193,0.000779,-0.163231
113.5500,-0.281692,0.256954,-3.833312,0.000166,0.000822,-0.163221,0.444825,0.198629,-2.984032,0.000088,0.000668,-0.163128
113.6000,-0.281693,0.256954,-3.833312,0.000166,0.000822,-0.163225,0.444829,0.198643,-2.984348,-0.000105,0.001001,-0.163313
113.6500,-0.281693,0.256954,-3.833312,0.000166,0.000822,-0.163230,0.444833,0.198654,-2.984032,0.000228,0.000769,-0.163272
113.7000,-0.281694,0.256954,-3.833312,0.000166,0.000822,-0.163235,0.444840,0.198672,-2.984348,0.000046,0.000829,-0.163334
113.7500,-0.281695,0.256954,-3.833312,0.000166,0.000822,-0.163240,0.444845,0.198684,-2.984032,0.000139,0.000867,-0.163044
113.8000,-0.281695,0.256954,-3.833312,0.000166,0.000822,-0.163244,0.444856,0.198703,-2.984348,0.000097,0.000806,-0.163168
113.8500,-0.281696,0.256954,-3.833312,0.000167,0.000822,-0.163249,0.444863,0.198717,-2.984032,0.000203,0.000772,-0.163306
113.9000,-0.281696,0.256954,-3.833312,0.000167,0.000822,-0.163253,0.444876,0.198737,-2.984348,0.000276,0.000639,-0.163303
113.9500,-0.281697,0.256954,-3.833312,0.000167,0.000822,-0.163258,0.444883,0.198752,-2.984032,0.000067,0.000692,-0.163411
114.0000,-0.281697,0.256954,-3.833312,0.000167,0.000822,-0.163262,0.444893,0.198772,-2.984348,0.000091,0.000633,-0.163227
114.0500,-0.281698,0.256954,-3.833312,0.000167,0.000822,-0.163267,0.444898,0.198785,-2.984032,0.000114,0.000827,-0.163246
114.1000,-0.281699,0.256954,-3.833312,0.000167,0.000822,-0.163271,0.444904,0.198804,-2.984348,0.000308,0.000885,-0.163082
114.1500,-0.281699,0.256954,-3.833312,0.000167,0.000822,-0.163276,0.444906,0.198818,-2.984033,0.000055,0.000830,-0.163395
114.2000,-0.281700,0.256954,-3.833312,0.000167,0.000822,-0.163280,0.444911,0.198838,-2.984348,0.000226,0.000907,-0.163180
114.2500,-0.281700,0.256954,-3.833312,0.000167,0.000822,-0.163284,0.444913,0.198851,-2.984033,0.000259,0.000734,-0.163176
114.3000,-0.281701,0.256954,-3.833312,0.000167,0.000822,-0.163288,0.444916,0.198871,-2.984348,0.000168,0.000954,-0.163286
114.3500,-0.281701,0.256955,-3.833312,0.000167,0.000822,-0.163292,0.444917,0.198886,-2.984033,0.000124,0.000772,-0.163453
114.4000,-0.281702,0.256955,-3.833312,0.000167,0.000822,-0.163297,0.444921,0.198908,-2.984348,0.000092,0.000956,-0.163390
114.4500,-0.281702,0.256955,-3.833312,0.000167,0.000822,-0.163301,0.444924,0.198923,-2.984033,0.000315,0.000782,-0.163175
114.5000,-0.281703,0.256955,-3.833312,0.000167,0.000822,-0.163305,-0.014763,-0.072231,-2.984327,0.000131,0.000900,-0.163428
114.5520,-0.281703,0.256955,-3.833312,0.000167,0.000822,-0.163309,-0.028280,-0.080193,-2.984014,0.000305,0.000970,-0.163442
114.6000,-0.281704,0.256955,-3.833312,0.000167,0.000822,-0.163313,-0.048553,-0.092136,-2.984326,0.000157,0.000930,-0.163345
114.6500,-0.281704,0.256955,-3.833312,0.000167,0.000822,-0.163316,-0.062067,-0.100099,-2.984015,0.000300,0.000764,-0.163437
114.7000,-0.281705,0.256955,-3.833312,0.000167,0.000822,-0.163320,-0.082337,-0.112047,-2.984330,0.000232,0.000929,-0.163360
114.7500,-0.281705,0.256955,-3.833313,0.000167,0.000822,-0.163324,-0.095851,-0.120012,-2.984016,0.000033,0.000843,-0.163137
114.8000,-0.281706,0.256955,-3.833313,0.000167,0.000822,-0.163328,-0.116116,-0.131963,-2.984330,0.000073,0.000868,-0.163220
114.8500,-0.281706,0.256955,-3.833313,0.000167,0.000822,-0.163332,-0.129627,-0.139928,-2.984018,0.000093,0.000858,-0.163439
114.9000,-0.281707,0.256955,-3.833313,0.000167,0.000822,-0.163335,-0.149892,-0.151875,-2.984331,0.000229,0.000772,-0.163396
114.9500,-0.281707,0.256955,-3.833313,0.000167,0.000822,-0.163339,-0.163402,-0.159839,-2.984019,0.000136,0.000649,-0.163317
115.0000,-0.281707,0.256955,-3.833313,0.000167,0.000822,-0.163343,-0.183667,-0.171784,-2.984334,0.000237,0.000888,-0.163461
115.0500,-0.281708,0.256955,-3.833313,0.000167,0.000822,-0.163346,-0.197178,-0.179746,-2.984022,-0.000002,0.000865,-0.163325
115.1000,-0.281708,0.256955,-3.833313,0.000167,0.000822,-0.163350,-0.217442,-0.191693,-2.984335,0.000219,0.000767,-0.163460
115.1500,-0.281709,0.256955,-3.833313,0.000167,0.000822,-0.163353,-0.230953,-0.199655,-2.984024,0.000119,0.000783,-0.163285
115.2000,-0.281709,0.256955,-3.833313,0.000167,0.000822,-0.163357,-0.251216,-0.211603,-2.984340,0.000314,0.000859,-0.163391
115.2500,-0.281710,0.256955,-3.833313,0.000167,0.000822,-0.163360,-0.264726,-0.219569,-2.984026,0.000234,0.000878,-0.163360
115.3000,-0.281710,0.256955,-3.833313,0.000167,0.000822,-0.163364,-0.284990,-0.231520,-2.984343,0.000142,0.000700,-0.163285
115.3500,-0.281711,0.256955,-3.833313,0.000167,0.000822,-0.163367,-0.298502,-0.239487,-2.984031,0.000067,0.000743,-0.163322
115.4000,-0.281711,0.256955,-3.833313,0.000167,0.000822,-0.163370,-0.318770,-0.251438,-2.984348,0.000125,0.000752,-0.163297
115.4500,-0.281711,0.256955,-3.833313,0.000167,0.000822,-0.163374,-0.332286,-0.259405,-2.984033,0.000215,0.000994,-0.163376
115.5000,-0.281712,0.256955,-3.833313,0.000167,0.000822,-0.163377,-0.094461,0.079298,-2.984353,0.000094,0.000641,-0.163347
115.5500,-0.281712,0.256955,-3.833313,0.000167,0.000822,-0.163380,-0.100383,0.081645,-2.984037,0.000117,0.000819,-0.163458
115.6000,-0.281713,0.256955,-3.833313,0.000167,0.000822,-0.163383,-0.109262,0.085167,-2.984353,0.000261,0.000948,-0.163233
115.6500,-0.281713,0.256955,-3.833313,0.000167,0.000822,-0.163387,-0.115180,0.087515,-2.984037,0.000117,0.000992,-0.163427
115.7000,-0.281713,0.256955,-3.833313,0.000167,0.000822,-0.163390,-0.124055,0.091035,-2.984353,0.000124,0.000695,-0.163485
115.7500,-0.281714,0.256955,-3.833313,0.000167,0.000822,-0.163393,-0.129972,0.093384,-2.984037,0.000238,0.000713,-0.163223
115.8000,-0.281714,0.256955,-3.833313,0.000167,0.000822,-0.163396,-0.138849,0.096906,-2.984354,0.000237,0.000986,-0.163322
115.8500,-0.281715,0.256955,-3.833313,0.000167,0.000822,-0.163399,-0.144768,0.099253,-2.984037,0.000190,0.000575,-0.163471
115.9000,-0.281715,0.256955,-3.833313,0.000167,0.000822,-0.163402,-0.153646,0.102775,-2.984355,0.000257,0.000729,-0.163225
115.9500,-0.281715,0.256955,-3.833313,0.000167,0.000822,-0.163405,-0.159569,0.105123,-2.984039,0.000029,0.000875,-0.163520
116.0000,-0.281716,0.256955,-3.833313,0.000167,0.000822,-0.163408,-0.168452,0.108647,-2.984355,0.000213,0.000866,-0.163450
116.0500,-0.281716,0.256955,-3.833313,0.000167,0.000822,-0.163411,-0.174375,0.110996,-2.984039,0.000266,0.000724,-0.163420
116.1000,-0.281716,0.256955,-3.833313,0.000167,0.000822,-0.163414,-0.183260,0.114519,-2.984355,0.000312,0.000648,-0.163670
116.1500,-0.281717,0.256955,-3.833313,0.000167,0.000822,-0.163417,-0.189186,0.116868,-2.984039,0.000186,0.000812,-0.163400
116.2000,-0.281717,0.256955,-3.833313,0.000167,0.000822,-0.163419,-0.198073,0.120389,-2.984354,0.000137,0.000730,-0.163378
116.2500,-0.281717,0.256955,-3.833313,0.000167,0.000822,-0.163422,-0.203999,0.122737,-2.984038,0.000113,0.000820,-0.163399
116.3000,-0.281718,0.256955,-3.833313,0.000167,0.000822,-0.163425,-0.212887,0.126261,-2.984354,0.000140,0.000802,-0.163121
116.3500,-0.281718,0.256955,-3.833313,0.000167,0.000822,-0.163428,-0.218814,0.128609,-2.984038,0.000099,0.000657,-0.163543
116.4000,-0.281718,0.256955,-3.833313,0.000167,0.000822,-0.163431,-0.227704,0.132131,-2.984354,0.000159,0.000766,-0.163424
116.4500,-0.281719,0.256955,-3.833313,0.000167,0.000822,-0.163433,-0.233633,0.134481,-2.984037,0.000260,0.000832,-0.163590
116.5000,-0.281719,0.256955,-3.833313,0.000167,0.000822,-0.163436,0.133722,0.566047,-2.984364,0.000302,0.000807,-0.163360
116.5500,-0.281719,0.256955,-3.833313,0.000167,0.000822,-0.163439,0.138860,0.580984,-2.984046,0.000115,0.000830,-0.163485
116.6000,-0.281720,0.256955,-3.833313,0.000167,0.000822,-0.163441,0.146568,0.603390,-2.984363,0.000170,0.000995,-0.163458
116.6500,-0.281720,0.256955,-3.833313,0.000167,0.000822,-0.163444,0.151707,0.618327,-2.984047,0.000167,0.000871,-0.163477
116.7000,-0.281720,0.256955,-3.833313,0.000167,0.000822,-0.163446,0.159415,0.640734,-2.984363,0.000240,0.000889,-0.163455
116.7500,-0.281721,0.256955,-3.833313,0.000167,0.000822,-0.163449,0.164555,0.655671,-2.984044,0.000333,0.000849,-0.163418
116.8020,-0.281721,0.256955,-3.833313,0.000167,0.000822,-0.163451,0.172263,0.678073,-2.984357,0.000325,0.000918,-0.163511
116.8500,-0.281721,0.256955,-3.833314,0.000167,0.000822,-0.163454,0.177400,0.693005,-2.984039,0.000134,0.000982,-0.163589
116.9000,-0.281722,0.256955,-3.833314,0.000167,0.000822,-0.163456,0.185111,0.715403,-2.984357,0.000084,0.000776,-0.163371
116.9500,-0.281722,0.256955,-3.833314,0.000167,0.000822,-0.163459,0.190251,0.730336,-2.984041,0.000156,0.000849,-0.163382
117.0000,-0.281722,0.256955,-3.833314,0.000167,0.000822,-0.163461,0.197965,0.752734,-2.984355,0.000204,0.000900,-0.163382
117.0500,-0.281723,0.256955,-3.833314,0.000167,0.000822,-0.163463,0.203104,0.767665,-2.984038,0.000045,0.000924,-0.163472
117.1000,-0.281723,0.256955,-3.833314,0.000167,0.000822,-0.163466,0.210822,0.790061,-2.984357,0.000057,0.000984,-0.163507
117.1500,-0.281723,0.256955,-3.833314,0.000167,0.000822,-0.163468,0.215966,0.804993,-2.984040,0.000197,0.000800,-0.163473
117.2000,-0.281723,0.256955,-3.833314,0.000167,0.000822,-0.163470,0.223683,0.827391,-2.984355,0.000046,0.000717,-0.163455
117.2500,-0.281724,0.256955,-3.833314,0.000167,0.000822,-0.163473,0.228828,0.842322,-2.984038,0.000256,0.000691,-0.163473
117.3000,-0.281724,0.256955,-3.833314,0.000167,0.000822,-0.163475,0.236544,0.864717,-2.984353,0.000111,0.000830,-0.163575
117.3500,-0.281724,0.256956,-3.833314,0.000167,0.000822,-0.163477,0.241686,0.879647,-2.984036,0.000207,0.000825,-0.163521
117.4000,-0.281725,0.256956,-3.833314,0.000167,0.000822,-0.163479,0.249403,0.902038,-2.984350,0.000196,0.000744,-0.163246
117.4500,-0.281725,0.256956,-3.833314,0.000167,0.000822,-0.163482,0.254543,0.916966,-2.984034,0.000259,0.000658,-0.163397
117.5000,-0.281725,0.256956,-3.833314,0.000167,0.000822,-0.163484,-0.708076,-0.022623,-2.984318,0.000079,0.000772,-0.163514
117.5500,-0.281725,0.256956,-3.833314,0.000167,0.000822,-0.163486,-0.731474,-0.035989,-2.984006,0.000064,0.000922,-0.163458
117.6000,-0.281726,0.256956,-3.833314,0.000167,0.000822,-0.163488,-0.766568,-0.056038,-2.984316,0.000119,0.000987,-0.163535
117.6500,-0.281726,0.256956,-3.833314,0.000167,0.000822,-0.163490,-0.789963,-0.069405,-2.984003,0.000291,0.000892,-0.163457
117.7000,-0.281726,0.256956,-3.833314,0.000167,0.000822,-0.163492,-0.825054,-0.089455,-2.984317,0.000189,0.000681,-0.163585
117.7500,-0.281726,0.256956,-3.833314,0.000167,0.000822,-0.163494,-0.848451,-0.102819,-2.984008,0.000190,0.000846,-0.163597
117.8000,-0.281727,0.256956,-3.833314,0.000167,0.000822,-0.163496,-0.883546,-0.122869,-2.984326,0.000114,0.000836,-0.163603
117.8500,-0.281727,0.256956,-3.833314,0.000167,0.000822,-0.163498,-0.906946,-0.136233,-2.984015,0.000212,0.000734,-0.163599
117.9000,-0.281727,0.256956,-3.833314,0.000167,0.000822,-0.163500,-0.942045,-0.156285,-2.984330,0.000195,0.000692,-0.163614
117.9500,-0.281727,0.256956,-3.833314,0.000167,0.000822,-0.163502,-0.965447,-0.169650,-2.984019,0.000157,0.000825,-0.163340
118.0000,-0.281728,0.256956,-3.833314,0.000167,0.000822,-0.163504,-1.000545,-0.189706,-2.984336,0.000295,0.000674,-0.163308
118.0500,-0.281728,0.256956,-3.833314,0.000167,0.000822,-0.163506,-1.023947,-0.203077,-2.984025,0.000049,0.000928,-0.163406
118.1000,-0.281728,0.256956,-3.833314,0.000167,0.000822,-0.163508,-1.059052,-0.223128,-2.984335,0.000287,0.000946,-0.163747
118.1500,-0.281728,0.256956,-3.833314,0.000167,0.000822,-0.163510,-1.082456,-0.236494,-2.984024,0.000254,0.000815,-0.163536
118.2000,-0.281729,0.256956,-3.833314,0.000167,0.000822,-0.163512,-1.117558,-0.256550,-2.984337,0.000171,0.000965,-0.163374
118.2500,-0.281729,0.256956,-3.833314,0.000167,0.000822,-0.163514,-1.140959,-0.269922,-2.984027,0.000307,0.000802,-0.163462
118.3000,-0.281729,0.256956,-3.833314,0.000167,0.000822,-0.163516,-1.176063,-0.289981,-2.984344,0.000173,0.000869,-0.163439
118.3500,-0.281729,0.256956,-3.833314,0.000167,0.000822,-0.163517,-1.199466,-0.303356,-2.984028,0.000210,0.000881,-0.163512
118.4020,-0.281730,0.256956,-3.833314,0.000167,0.000822,-0.163519,-1.234569,-0.323417,-2.984345,0.000225,0.000893,-0.163431
118.4500,-0.281730,0.256956,-3.833314,0.000167,0.000822,-0.163521,-1.257972,-0.336792,-2.984027,0.000137,0.000993,-0.163517
118.5020,-0.281730,0.256956,-3.833314,0.000167,0.000822,-0.163523,-0.682511,-0.097384,-2.984373,0.000149,0.000832,-0.163555
118.5500,-0.281730,0.256956,-3.833314,0.000167,0.000822,-0.163524,-0.687951,-0.103125,-2.984053,0.000295,0.000666,-0.163559
118.6000,-0.281730,0.256956,-3.833314,0.000167,0.000822,-0.163526,-0.696113,-0.111738,-2.984373,0.000253,0.000838,-0.163653
118.6500,-0.281731,0.256956,-3.833314,0.000167,0.000822,-0.163528,-0.701555,-0.117480,-2.984054,0.000062,0.000732,-0.163692
118.7000,-0.281731,0.256956,-3.833314,0.000167,0.000822,-0.163530,-0.709720,-0.126093,-2.984371,0.000217,0.000850,-0.163549
118.7500,-0.281731,0.256956,-3.833314,0.000167,0.000822,-0.163531,-0.715163,-0.131834,-2.984052,0.000082,0.000917,-0.163660
118.8020,-0.281731,0.256956,-3.833314,0.000167,0.000822,-0.163533,-0.723328,-0.140445,-2.984369,0.000189,0.000822,-0.163653
118.8500,-0.281731,0.256956,-3.833314,0.000167,0.000822,-0.163535,-0.728772,-0.146184,-2.984050,0.000116,0.000827,-0.163471
118.9000,-0.281732,0.256956,-3.833314,0.000167,0.000822,-0.163536,-0.736937,-0.154793,-2.984367,0.000107,0.000808,-0.163583
118.9500,-0.281732,0.256956,-3.833314,0.000167,0.000822,-0.163538,-0.742383,-0.160531,-2.984048,0.000007,0.000660,-0.163666
119.0020,-0.281732,0.256956,-3.833314,0.000167,0.000822,-0.163539,-0.750553,-0.169136,-2.984365,0.000112,0.000772,-0.163518
119.0500,-0.281732,0.256956,-3.833314,0.000167,0.000822,-0.163541,-0.756000,-0.174872,-2.984046,0.000033,0.000896,-0.163588
119.1000,-0.281732,0.256956,-3.833314,0.000167,0.000822,-0.163542,-0.764171,-0.183473,-2.984363,0.000363,0.000796,-0.163479
119.1500,-0.281733,0.256956,-3.833314,0.000167,0.000822,-0.163544,-0.769619,-0.189209,-2.984045,0.000197,0.000761,-0.163277
119.2000,-0.281733,0.256956,-3.833314,0.000167,0.000822,-0.163546,-0.777789,-0.197816,-2.984362,0.000123,0.000950,-0.163553
119.2500,-0.281733,0.256956,-3.833314,0.000167,0.000822,-0.163547,-0.783235,-0.203554,-2.984043,0.000128,0.000706,-0.163266
119.3000,-0.281733,0.256956,-3.833314,0.000167,0.000822,-0.163549,-0.791402,-0.212160,-2.984358,0.000171,0.000778,-0.163439
119.3500,-0.281733,0.256956,-3.833314,0.000167,0.000822,-0.163550,-0.796847,-0.217897,-2.984042,0.000039,0.000876,-0.163566
119.4000,-0.281734,0.256956,-3.833314,0.000167,0.000822,-0.163551,-0.805013,-0.226502,-2.984358,0.000066,0.001040,-0.163437
119.4500,-0.281734,0.256956,-3.833314,0.000167,0.000822,-0.163553,-0.810459,-0.232238,-2.984040,0.000122,0.000825,-0.163798
119.5000,-0.281734,0.256956,-3.833314,0.000167,0.000822,-0.163554,0.288720,-0.280641,-2.984430,0.000243,0.000910,-0.163571
119.5500,-0.281734,0.256956,-3.833314,0.000167,0.000822,-0.163556,0.315845,-0.287551,-2.984101,0.000104,0.000723,-0.163541
119.6000,-0.281734,0.256956,-3.833314,0.000167,0.000822,-0.163557,0.356533,-0.297913,-2.984422,0.000104,0.000755,-0.163556
119.6500,-0.281734,0.256956,-3.833314,0.000167,0.000822,-0.163559,0.383657,-0.304824,-2.984091,0.000301,0.000819,-0.163592
119.7000,-0.281735,0.256956,-3.833314,0.000167,0.000822,-0.163560,0.424342,-0.315194,-2.984415,0.000251,0.000958,-0.163570
119.7500,-0.281735,0.256956,-3.833314,0.000167,0.000822,-0.163561,0.451466,-0.322109,-2.984087,0.000159,0.000889,-0.163550
119.8000,-0.281735,0.256956,-3.833314,0.000167,0.000822,-0.163563,0.492153,-0.332479,-2.984407,0.000359,0.000798,-0.163451
119.8500,-0.281735,0.256956,-3.833314,0.000167,0.000822,-0.163564,0.519277,-0.339392,-2.984077,0.000120,0.000787,-0.163584
119.9000,-0.281735,0.256956,-3.833314,0.000167,0.000822,-0.163565,0.559960,-0.349765,-2.984393,0.000192,0.000775,-0.163778
119.9500,-0.281735,0.256956,-3.833314,0.000167,0.000822,-0.163567,0.587079,-0.356683,-2.984071,0.000142,0.000963,-0.163686
120.0020,-0.281736,0.256956,-3.833314,0.000167,0.000822,-0.163568,0.627764,-0.367055,-2.984394,0.000178,0.000854,-0.163676
120.0500,-0.281736,0.256956,-3.833314,0.000167,0.000822,-0.163569,0.654888,-0.373972,-2.984071,0.000141,0.000794,-0.163554
120.1000,-0.281736,0.256956,-3.833314,0.000167,0.000822,-0.163570,0.695576,-0.384343,-2.984385,0.000164,0.000844,-0.163573
120.1520,-0.281736,0.256956,-3.833314,0.000167,0.000822,-0.163572,0.722699,-0.391256,-2.984062,0.000177,0.001027,-0.163608
120.2000,-0.281736,0.256956,-3.833314,0.000167,0.000822,-0.163573,0.763388,-0.401627,-2.984382,0.000215,0.000707,-0.163351
120.2500,-0.281736,0.256956,-3.833314,0.000167,0.000822,-0.163574,0.790512,-0.408540,-2.984060,0.000076,0.000639,-0.163794
120.3000,-0.281737,0.256956,-3.833314,0.000167,0.000822,-0.163575,0.831198,-0.418919,-2.984376,0.000316,0.000751,-0.163621
120.3500,-0.281737,0.256956,-3.833314,0.000167,0.000822,-0.163577,0.858322,-0.425835,-2.984053,0.000142,0.000772,-0.163603
120.4000,-0.281737,0.256956,-3.833314,0.000167,0.000822,-0.163578,0.899008,-0.436209,-2.984367,0.000128,0.000784,-0.163536
120.4500,-0.281737,0.256956,-3.833314,0.000167,0.000822,-0.163579,0.926130,-0.443123,-2.984047,0.000109,0.001046,-0.163653
120.5000,-0.281737,0.256956,-3.833314,0.000167,0.000822,-0.163580,-0.350684,0.286517,-2.984262,0.000067,0.000659,-0.163471
120.5500,-0.281737,0.256956,-3.833314,0.000167,0.000822,-0.163581,-0.362312,0.301366,-2.983963,0.000249,0.000659,-0.163668
120.6000,-0.281737,0.256956,-3.833314,0.000167,0.000822,-0.163582,-0.379754,0.323642,-2.984270,0.000183,0.000783,-0.163594
120.6500,-0.281738,0.256956,-3.833314,0.000167,0.000822,-0.163584,-0.391384,0.338493,-2.983968,0.000282,0.000951,-0.163461
120.7000,-0.281738,0.256956,-3.833314,0.000167,0.000822,-0.163585,-0.408828,0.360766,-2.984274,-0.000015,0.000799,-0.163545
120.7500,-0.281738,0.256956,-3.833314,0.000167,0.000822,-0.163586,-0.420459,0.375615,-2.983974,-0.000093,0.000813,-0.163521
120.8000,-0.281738,0.256956,-3.833314,0.000167,0.000822,-0.163587,-0.437903,0.397893,-2.984284,0.000064,0.000666,-0.163685
120.8500,-0.281738,0.256956,-3.833314,0.000167,0.000822,-0.163588,-0.449534,0.412747,-2.983981,0.000509,0.000888,-0.163612
120.9000,-0.281738,0.256956,-3.833315,0.000167,0.000822,-0.163589,-0.466981,0.435021,-2.984286,0.000315,0.000691,-0.163661
120.9500,-0.281738,0.256956,-3.833315,0.000167,0.000822,-0.163590,-0.478612,0.449869,-2.983983,0.000114,0.000845,-0.163653
121.0000,-0.281739,0.256956,-3.833315,0.000167,0.000822,-0.163591,-0.496059,0.472140,-2.984294,0.000308,0.000939,-0.163712
121.0500,-0.281739,0.256956,-3.833315,0.000167,0.000822,-0.163592,-0.507691,0.486987,-2.983988,-0.000044,0.000731,-0.163770
121.1000,-0.281739,0.256956,-3.833315,0.000167,0.000822,-0.163593,-0.525139,0.509256,-2.984302,0.000258,0.000843,-0.163518
121.1520,-0.281739,0.256956,-3.833315,0.000167,0.000822,-0.163594,-0.536773,0.524102,-2.983996,0.000129,0.000738,-0.163537
121.2000,-0.281739,0.256956,-3.833315,0.000167,0.000822,-0.163595,-0.554223,0.546371,-2.984311,-0.000009,0.000715,-0.163536
121.2500,-0.281739,0.256956,-3.833315,0.000167,0.000822,-0.163596,-0.565861,0.561218,-2.984005,0.000216,0.000865,-0.163494
121.3000,-0.281739,0.256956,-3.833315,0.000167,0.000822,-0.163597,-0.583313,0.583490,-2.984318,0.000210,0.000753,-0.163562
121.3500,-0.281739,0.256956,-3.833315,0.000167,0.000822,-0.163598,-0.594947,0.598339,-2.984007,0.000078,0.000897,-0.163675
121.4000,-0.281740,0.256956,-3.833315,0.000167,0.000822,-0.163599,-0.612395,0.620611,-2.984324,-0.000015,0.000982,-0.163677
121.4500,-0.281740,0.256956,-3.833315,0.000167,0.000822,-0.163600,-0.624029,0.635462,-2.984013,0.000190,0.000761,-0.163483
121.5020,-0.281740,0.256956,-3.833315,0.000167,0.000822,-0.163601,-0.645411,0.487453,-2.984334,0.000168,0.000889,-0.163504
121.5500,-0.281740,0.256956,-3.833315,0.000167,0.000822,-0.163602,-0.657161,0.497295,-2.984022,0.000289,0.000980,-0.163488
121.6000,-0.281740,0.256956,-3.833315,0.000167,0.000822,-0.163603,-0.674784,0.512056,-2.984335,0.000050,0.000796,-0.163553
121.6500,-0.281740,0.256956,-3.833315,0.000167,0.000822,-0.163604,-0.686532,0.521896,-2.984024,-0.000047,0.000905,-0.163623
121.7000,-0.281740,0.256956,-3.833315,0.000167,0.000822,-0.163605,-0.704154,0.536660,-2.984341,0.000287,0.000828,-0.163550
121.7500,-0.281740,0.256956,-3.833315,0.000167,0.000822,-0.163606,-0.715902,0.546503,-2.984027,0.000020,0.000767,-0.163493
121.8000,-0.281741,0.256956,-3.833315,0.000167,0.000822,-0.163606,-0.733523,0.561268,-2.984344,0.000337,0.000692,-0.163620
121.8500,-0.281741,0.256956,-3.833315,0.000167,0.000822,-0.163607,-0.745271,0.571112,-2.984031,0.000198,0.000569,-0.163758
121.9000,-0.281741,0.256956,-3.833315,0.000167,0.000822,-0.163608,-0.762895,0.585878,-2.984348,0.000110,0.000827,-0.163636
121.9500,-0.281741,0.256956,-3.833315,0.000167,0.000822,-0.163609,-0.774645,0.595724,-2.984033,0.000290,0.000799,-0.163485
122.0000,-0.281741,0.256956,-3.833315,0.000167,0.000822,-0.163610,-0.792267,0.610492,-2.984350,0.000019,0.000665,-0.163602
122.0500,-0.281741,0.256956,-3.833315,0.000167,0.000822,-0.163611,-0.804016,0.620340,-2.984036,0.000075,0.000640,-0.163634
122.1000,-0.281741,0.256956,-3.833315,0.000167,0.000822,-0.163612,-0.821641,0.635114,-2.984354,0.000236,0.000671,-0.163628
122.1500,-0.281741,0.256956,-3.833315,0.000167,0.000822,-0.163612,-0.833393,0.644964,-2.984039,0.000014,0.000854,-0.163446
122.2000,-0.281741,0.256956,-3.833315,0.000167,0.000822,-0.163613,-0.851023,0.659734,-2.984354,0.000186,0.000910,-0.163529
122.2500,-0.281741,0.256956,-3.833315,0.000167,0.000822,-0.163614,-0.862774,0.669582,-2.984037,0.000155,0.000795,-0.163536
122.3000,-0.281742,0.256956,-3.833315,0.000167,0.000822,-0.163615,-0.880400,0.684354,-2.984354,0.000054,0.000687,-0.163633
122.3500,-0.281742,0.256956,-3.833315,0.000167,0.000822,-0.163616,-0.892152,0.694205,-2.984038,0.000198,0.000821,-0.163546
122.4000,-0.281742,0.256956,-3.833315,0.000167,0.000822,-0.163616,-0.909779,0.708981,-2.984356,0.000128,0.000869,-0.163723
122.4500,-0.281742,0.256956,-3.833315,0.000167,0.000822,-0.163617,-0.921531,0.718834,-2.984041,0.000158,0.000858,-0.163586
122.5000,-0.281742,0.256956,-3.833315,0.000167,0.000822,-0.163618,-0.696159,0.497675,-2.984376,0.000106,0.000790,-0.163522
122.5500,-0.281742,0.256956,-3.833315,0.000167,0.000822,-0.163619,-0.700765,0.500588,-2.984056,0.000093,0.000701,-0.163597
122.6020,-0.281742,0.256956,-3.833315,0.000167,0.000822,-0.163620,-0.707677,0.504959,-2.984375,0.000191,0.000748,-0.163752
122.6500,-0.281742,0.256956,-3.833315,0.000167,0.000822,-0.163620,-0.712286,0.507874,-2.984055,0.000095,0.000759,-0.163779
122.7000,-0.281742,0.256956,-3.833315,0.000167,0.000822,-0.163621,-0.719199,0.512245,-2.984372,0.000159,0.001000,-0.163597
122.7500,-0.281742,0.256956,-3.833315,0.000167,0.000822,-0.163622,-0.723807,0.515159,-2.984052,0.000002,0.000766,-0.163426
122.8000,-0.281743,0.256956,-3.833315,0.000167,0.000822,-0.163622,-0.730719,0.519528,-2.984370,0.000130,0.000813,-0.163769
122.8500,-0.281743,0.256956,-3.833315,0.000167,0.000822,-0.163623,-0.735326,0.522442,-2.984050,0.000205,0.000760,-0.163483
122.9000,-0.281743,0.256956,-3.833315,0.000167,0.000822,-0.163624,-0.742236,0.526812,-2.984367,0.000181,0.000887,-0.163566
122.9500,-0.281743,0.256956,-3.833315,0.000167,0.000822,-0.163625,-0.746844,0.529725,-2.984048,0.000234,0.000819,-0.163634
123.0000,-0.281743,0.256956,-3.833315,0.000167,0.000822,-0.163625,-0.753754,0.534095,-2.984365,0.000154,0.000987,-0.163566
123.0520,-0.281743,0.256956,-3.833315,0.000167,0.000822,-0.163626,-0.758362,0.537007,-2.984046,0.000048,0.000744,-0.163480
123.1000,-0.281743,0.256956,-3.833315,0.000167,0.000822,-0.163627,-0.765272,0.541376,-2.984362,0.000383,0.000876,-0.163779
123.1500,-0.281743,0.256956,-3.833315,0.000167,0.000822,-0.163627,-0.769878,0.544287,-2.984043,0.000079,0.000926,-0.163634
123.2000,-0.281743,0.256956,-3.833315,0.000167,0.000822,-0.163628,-0.776782,0.548651,-2.984359,0.000278,0.000880,-0.163673
123.2500,-0.281743,0.256956,-3.833315,0.000167,0.000822,-0.163629,-0.781385,0.551560,-2.984041,0.000168,0.000805,-0.163497
123.3000,-0.281743,0.256956,-3.833315,0.000167,0.000822,-0.163629,-0.788288,0.555921,-2.984358,0.000124,0.000693,-0.163602
123.3500,-0.281743,0.256956,-3.833315,0.000167,0.000822,-0.163630,-0.792894,0.558829,-2.984041,0.000236,0.000840,-0.163762
123.4020,-0.281744,0.256956,-3.833315,0.000167,0.000822,-0.163631,-0.799801,0.563191,-2.984357,0.000083,0.000676,-0.163680
123.4500,-0.281744,0.256956,-3.833315,0.000167,0.000822,-0.163631,-0.804409,0.566099,-2.984040,0.000207,0.000748,-0.163719
123.5000,-0.281744,0.256956,-3.833315,0.000167,0.000822,-0.163632,-0.670540,0.466151,-2.984367,0.000177,0.000696,-0.163523
123.5500,-0.281744,0.256956,-3.833315,0.000167,0.000822,-0.163632,-0.671010,0.465990,-2.984049,0.000036,0.000756,-0.163461
123.6000,-0.281744,0.256956,-3.833315,0.000167,0.000822,-0.163633,-0.671715,0.465750,-2.984365,0.000204,0.000867,-0.163556
123.6500,-0.281744,0.256956,-3.833315,0.000167,0.000822,-0.163634,-0.672186,0.465589,-2.984047,0.000011,0.000796,-0.163631
123.7000,-0.281744,0.256956,-3.833315,0.000167,0.000822,-0.163634,-0.672891,0.465349,-2.984363,0.000134,0.000701,-0.163641
123.7500,-0.281744,0.256956,-3.833315,0.000167,0.000822,-0.163635,-0.673362,0.465190,-2.984045,0.000321,0.000797,-0.163717
123.8000,-0.281744,0.256956,-3.833315,0.000167,0.000822,-0.163635,-0.674071,0.464947,-2.984361,0.000040,0.000852,-0.163593
123.8500,-0.281744,0.256956,-3.833315,0.000167,0.000822,-0.163636,-0.674545,0.464786,-2.984043,0.000328,0.000724,-0.163634
123.9000,-0.281744,0.256956,-3.833315,0.000167,0.000822,-0.163637,-0.675257,0.464543,-2.984359,0.000085,0.000823,-0.163479
123.9500,-0.281744,0.256957,-3.833315,0.000167,0.000822,-0.163637,-0.675733,0.464382,-2.984042,0.000303,0.000824,-0.163596
124.0020,-0.281744,0.256957,-3.833315,0.000167,0.000822,-0.163638,-0.676445,0.464141,-2.984357,0.000188,0.000862,-0.163665
124.0500,-0.281745,0.256957,-3.833315,0.000167,0.000822,-0.163638,-0.676919,0.463981,-2.984040,0.000171,0.000803,-0.163599
124.1000,-0.281745,0.256957,-3.833315,0.000167,0.000822,-0.163639,-0.677629,0.463739,-2.984356,0.000211,0.000847,-0.163601
124.1500,-0.281745,0.256957,-3.833315,0.000167,0.000822,-0.163639,-0.678104,0.463577,-2.984039,0.000173,0.000919,-0.163670
124.2000,-0.281745,0.256957,-3.833315,0.000167,0.000822,-0.163640,-0.678814,0.463335,-2.984355,0.000054,0.000861,-0.163778
124.2500,-0.281745,0.256957,-3.833315,0.000167,0.000822,-0.163641,-0.679287,0.463175,-2.984038,0.000190,0.000867,-0.163617
124.3000,-0.281745,0.256957,-3.833315,0.000167,0.000822,-0.163641,-0.679992,0.462935,-2.984353,0.000287,0.000598,-0.163605
124.3500,-0.281745,0.256957,-3.833315,0.000167,0.000822,-0.163642,-0.680466,0.462776,-2.984037,0.000230,0.000780,-0.163769
124.4000,-0.281745,0.256957,-3.833315,0.000167,0.000822,-0.163642,-0.681174,0.462534,-2.984352,0.000215,0.000879,-0.163542
124.4520,-0.281745,0.256957,-3.833315,0.000167,0.000822,-0.163643,-0.681647,0.462372,-2.984036,-0.000018,0.000848,-0.163777
124.5000,-0.281745,0.256957,-3.833315,0.000167,0.000822,-0.163643,-0.646352,0.446052,-2.984354,0.000248,0.000827,-0.163709
124.5520,-0.281745,0.256957,-3.833315,0.000167,0.000822,-0.163644,-0.645766,0.445416,-2.984038,-0.000002,0.000735,-0.163723
124.6000,-0.281745,0.256957,-3.833315,0.000167,0.000822,-0.163644,-0.644887,0.444464,-2.984354,0.000259,0.000697,-0.163595
124.6500,-0.281745,0.256957,-3.833315,0.000167,0.000822,-0.163645,-0.644302,0.443828,-2.984037,0.000188,0.000833,-0.163701
124.7000,-0.281745,0.256957,-3.833315,0.000167,0.000822,-0.163645,-0.643425,0.442872,-2.984353,0.000195,0.000877,-0.163589
124.7500,-0.281745,0.256957,-3.833315,0.000167,0.000822,-0.163646,-0.642843,0.442236,-2.984037,0.000138,0.000570,-0.163563
124.8000,-0.281745,0.256957,-3.833315,0.000167,0.000822,-0.163646,-0.641971,0.441282,-2.984352,0.000051,0.000914,-0.163739
124.8500,-0.281746,0.256957,-3.833315,0.000167,0.000822,-0.163647,-0.641391,0.440649,-2.984036,0.000208,0.000659,-0.163656
124.9000,-0.281746,0.256957,-3.833315,0.000167,0.000822,-0.163647,-0.640521,0.439698,-2.984351,0.000231,0.000841,-0.163750
124.9500,-0.281746,0.256957,-3.833315,0.000167,0.000822,-0.163647,-0.639941,0.439063,-2.984036,0.000264,0.000753,-0.163736
125.0000,-0.281746,0.256957,-3.833315,0.000167,0.000822,-0.163648,-0.639071,0.438108,-2.984351,0.000210,0.000718,-0.163696
125.0500,-0.281746,0.256957,-3.833315,0.000167,0.000822,-0.163648,-0.638492,0.437470,-2.984035,0.000190,0.000716,-0.163583
125.1000,-0.281746,0.256957,-3.833315,0.000167,0.000822,-0.163649,-0.637623,0.436513,-2.984351,0.000360,0.001003,-0.163618
125.1500,-0.281746,0.256957,-3.833315,0.000167,0.000822,-0.163649,-0.637043,0.435875,-2.984035,0.000128,0.000884,-0.163590
125.2000,-0.281746,0.256957,-3.833315,0.000167,0.000822,-0.163650,-0.636171,0.434915,-2.984351,0.000212,0.000836,-0.163702
125.2520,-0.281746,0.256957,-3.833315,0.000167,0.000822,-0.163650,-0.635591,0.434275,-2.984035,0.000353,0.000809,-0.163680
125.3000,-0.281746,0.256957,-3.833315,0.000167,0.000822,-0.163651,-0.634720,0.433313,-2.984350,0.000105,0.000730,-0.163612
125.3500,-0.281746,0.256957,-3.833315,0.000167,0.000822,-0.163651,-0.634141,0.432671,-2.984035,0.000151,0.000852,-0.163756
125.4000,-0.281746,0.256957,-3.833315,0.000167,0.000822,-0.163651,-0.633271,0.431708,-2.984350,0.000249,0.000625,-0.163486
125.4500,-0.281746,0.256957,-3.833315,0.000167,0.000822,-0.163652,-0.632692,0.431067,-2.984035,0.000270,0.000778,-0.163646
125.5000,-0.281746,0.256957,-3.833315,0.000167,0.000822,-0.163652,-0.637182,0.440341,-2.984349,0.000046,0.000837,-0.163504
125.5500,-0.281746,0.256957,-3.833315,0.000167,0.000822,-0.163653,-0.636762,0.440000,-2.984034,0.000127,0.000842,-0.163747
125.6000,-0.281746,0.256957,-3.833315,0.000167,0.000822,-0.163653,-0.636130,0.439492,-2.984349,0.000205,0.000711,-0.163648
125.6500,-0.281746,0.256957,-3.833315,0.000167,0.000822,-0.163653,-0.635709,0.439153,-2.984034,0.000167,0.000938,-0.163711
125.7000,-0.281746,0.256957,-3.833315,0.000167,0.000822,-0.163654,-0.635077,0.438645,-2.984349,0.000182,0.000703,-0.163572
125.7500,-0.281747,0.256957,-3.833315,0.000167,0.000822,-0.163654,-0.634658,0.438306,-2.984034,0.000235,0.000852,-0.163516
125.8000,-0.281747,0.256957,-3.833315,0.000167,0.000822,-0.163655,-0.634029,0.437796,-2.984349,0.000220,0.000835,-0.163678
125.8500,-0.281747,0.256957,-3.833315,0.000167,0.000822,-0.163655,-0.633610,0.437456,-2.984034,0.000136,0.000829,-0.163804
125.9000,-0.281747,0.256957,-3.833315,0.000167,0.000822,-0.163655,-0.632983,0.436946,-2.984349,0.000306,0.000651,-0.163683
125.9520,-0.281747,0.256957,-3.833315,0.000167,0.000822,-0.163656,-0.632568,0.436606,-2.984034,0.000027,0.000752,-0.163575
126.0000,-0.281747,0.256957,-3.833315,0.000167,0.000822,-0.163656,-0.631943,0.436097,-2.984350,0.000165,0.000719,-0.163691
126.0500,-0.281747,0.256957,-3.833315,0.000167,0.000822,-0.163657,-0.631528,0.435758,-2.984034,0.000299,0.000837,-0.163633
126.1000,-0.281747,0.256957,-3.833315,0.000167,0.000822,-0.163657,-0.630907,0.435249,-2.984350,0.000207,0.000902,-0.163553
126.1500,-0.281747,0.256957,-3.833315,0.000167,0.000822,-0.163657,-0.630494,0.434912,-2.984034,0.000285,0.000810,-0.163621
126.2000,-0.281747,0.256957,-3.833315,0.000167,0.000822,-0.163658,-0.629873,0.434406,-2.984350,0.000200,0.000745,-0.163807
126.2500,-0.281747,0.256957,-3.833315,0.000167,0.000822,-0.163658,-0.629461,0.434068,-2.984034,0.000417,0.000787,-0.163744
126.3000,-0.281747,0.256957,-3.833315,0.000167,0.000822,-0.163658,-0.628842,0.433557,-2.984350,0.000333,0.000808,-0.163841
126.3500,-0.281747,0.256957,-3.833315,0.000167,0.000822,-0.163659,-0.628431,0.433215,-2.984035,0.000146,0.000900,-0.163602
126.4000,-0.281747,0.256957,-3.833315,0.000167,0.000822,-0.163659,-0.627810,0.432700,-2.984350,0.000016,0.000869,-0.163652
126.4500,-0.281747,0.256957,-3.833315,0.000167,0.000822,-0.163659,-0.627397,0.432357,-2.984035,0.000383,0.000931,-0.163741
126.5000,-0.281747,0.256957,-3.833315,0.000167,0.000822,-0.163660,-0.636410,0.440796,-2.984349,0.000228,0.000705,-0.163628
126.5520,-0.281747,0.256957,-3.833315,0.000167,0.000822,-0.163660,-0.636278,0.440714,-2.984034,0.000174,0.000836,-0.163588
126.6000,-0.281747,0.256957,-3.833315,0.000167,0.000822,-0.163660,-0.636080,0.440591,-2.984350,0.000068,0.000750,-0.163639
126.6500,-0.281747,0.256957,-3.833315,0.000167,0.000822,-0.163661,-0.635948,0.440509,-2.984034,0.000180,0.000669,-0.163469
126.7000,-0.281747,0.256957,-3.833315,0.000167,0.000822,-0.163661,-0.635749,0.440387,-2.984350,0.000404,0.000922,-0.163689
126.7500,-0.281747,0.256957,-3.833315,0.000167,0.000822,-0.163661,-0.635617,0.440305,-2.984034,0.000068,0.000713,-0.163515
126.8000,-0.281747,0.256957,-3.833315,0.000167,0.000822,-0.163662,-0.635416,0.440182,-2.984350,0.000222,0.000878,-0.163557
126.8500,-0.281748,0.256957,-3.833315,0.000167,0.000822,-0.163662,-0.635284,0.440100,-2.984034,0.000114,0.000972,-0.163792
126.9000,-0.281748,0.256957,-3.833315,0.000167,0.000822,-0.163662,-0.635083,0.439976,-2.984350,0.000036,0.000822,-0.163553
126.9500,-0.281748,0.256957,-3.833315,0.000167,0.000822,-0.163663,-0.634950,0.439894,-2.984035,0.000321,0.000686,-0.163812
127.0000,-0.281748,0.256957,-3.833315,0.000167,0.000822,-0.163663,-0.634750,0.439770,-2.984350,0.000145,0.000869,-0.163645
127.0500,-0.281748,0.256957,-3.833315,0.000167,0.000822,-0.163663,-0.634617,0.439687,-2.984035,0.000074,0.000764,-0.163759
127.1000,-0.281748,0.256957,-3.833315,0.000167,0.000822,-0.163663,-0.634416,0.439565,-2.984350,0.000149,0.000809,-0.163616
127.1500,-0.281748,0.256957,-3.833315,0.000167,0.000822,-0.163664,-0.634283,0.439484,-2.984035,0.000159,0.000792,-0.163628
127.2000,-0.281748,0.256957,-3.833315,0.000167,0.000822,-0.163664,-0.634083,0.439362,-2.984350,0.000335,0.000917,-0.163530
127.2500,-0.281748,0.256957,-3.833315,0.000167,0.000822,-0.163664,-0.633950,0.439281,-2.984035,0.000167,0.000778,-0.163612
127.3000,-0.281748,0.256957,-3.833315,0.000167,0.000822,-0.163665,-0.633750,0.439159,-2.984350,0.000118,0.000820,-0.163648
127.3500,-0.281748,0.256957,-3.833315,0.000167,0.000822,-0.163665,-0.633618,0.439078,-2.984035,0.000261,0.000926,-0.163599
127.4000,-0.281748,0.256957,-3.833315,0.000167,0.000822,-0.163665,-0.633416,0.438957,-2.984350,0.000172,0.000785,-0.163547
127.4500,-0.281748,0.256957,-3.833315,0.000167,0.000822,-0.163665,-0.633283,0.438877,-2.984035,0.000276,0.000863,-0.163809
127.5000,-0.281748,0.256957,-3.833315,0.000167,0.000822,-0.163666,-0.637636,0.442115,-2.984350,-0.000004,0.000638,-0.163506
127.5500,-0.281748,0.256957,-3.833315,0.000167,0.000822,-0.163666,-0.637637,0.442134,-2.984035,0.000386,0.000853,-0.163670
127.6000,-0.281748,0.256957,-3.833315,0.000167,0.000822,-0.163666,-0.637635,0.442159,-2.984350,0.000004,0.000857,-0.163656
127.6500,-0.281748,0.256957,-3.833315,0.000167,0.000822,-0.163667,-0.637632,0.442179,-2.984035,0.000205,0.000841,-0.163665
127.7000,-0.281748,0.256957,-3.833315,0.000167,0.000822,-0.163667,-0.637624,0.442208,-2.984350,0.000137,0.000965,-0.163904
127.7500,-0.281748,0.256957,-3.833315,0.000167,0.000822,-0.163667,-0.637619,0.442229,-2.984035,0.000360,0.000883,-0.163810
127.8000,-0.281748,0.256957,-3.833315,0.000167,0.000822,-0.163667,-0.637610,0.442258,-2.984350,0.000096,0.000958,-0.163530
127.8500,-0.281748,0.256957,-3.833315,0.000167,0.000822,-0.163668,-0.637604,0.442277,-2.984035,0.000247,0.000852,-0.163654
127.9000,-0.281748,0.256957,-3.833315,0.000167,0.000822,-0.163668,-0.637592,0.442304,-2.984350,0.000077,0.000972,-0.163638
127.9500,-0.281748,0.256957,-3.833315,0.000167,0.000822,-0.163668,-0.637583,0.442322,-2.984035,-0.000059,0.001020,-0.163587
128.0000,-0.281748,0.256957,-3.833315,0.000167,0.000822,-0.163668,-0.637567,0.442351,-2.984350,0.000022,0.000639,-0.163597
128.0500,-0.281748,0.256957,-3.833315,0.000167,0.000822,-0.163669,-0.637558,0.442372,-2.984035,0.000222,0.000807,-0.163728
128.1000,-0.281748,0.256957,-3.833315,0.000167,0.000822,-0.163669,-0.637547,0.442404,-2.984351,0.000082,0.000881,-0.163545
128.1500,-0.281748,0.256957,-3.833315,0.000167,0.000822,-0.163669,-0.637541,0.442427,-2.984035,0.000412,0.000665,-0.163696
128.2000,-0.281748,0.256957,-3.833315,0.000167,0.000822,-0.163669,-0.637530,0.442457,-2.984351,0.000077,0.000796,-0.163766
128.2500,-0.281748,0.256957,-3.833315,0.000167,0.000822,-0.163670,-0.637524,0.442476,-2.984035,0.000424,0.000788,-0.163610
128.3000,-0.281748,0.256957,-3.833315,0.000167,0.000822,-0.163670,-0.637514,0.442500,-2.984351,0.000165,0.000982,-0.163703
128.3500,-0.281749,0.256957,-3.833315,0.000167,0.000822,-0.163670,-0.637508,0.442517,-2.984035,-0.000004,0.000963,-0.163836
128.4000,-0.281749,0.256957,-3.833315,0.000167,0.000822,-0.163670,-0.637494,0.442542,-2.984351,0.000237,0.000777,-0.163757
128.4500,-0.281749,0.256957,-3.833315,0.000167,0.000822,-0.163670,-0.637485,0.442557,-2.984035,0.000035,0.000805,-0.163711
128.5000,-0.281749,0.256957,-3.833315,0.000167,0.000822,-0.163671,-0.638450,0.442818,-2.984351,0.000178,0.000784,-0.163608
128.5500,-0.281749,0.256957,-3.833315,0.000167,0.000822,-0.163671,-0.638471,0.442840,-2.984035,0.000254,0.000866,-0.163609
128.6000,-0.281749,0.256957,-3.833315,0.000167,0.000822,-0.163671,-0.638505,0.442874,-2.984351,0.000091,0.000793,-0.163772
128.6500,-0.281749,0.256957,-3.833315,0.000167,0.000822,-0.163671,-0.638529,0.442897,-2.984035,0.000117,0.000680,-0.163712
128.7000,-0.281749,0.256957,-3.833315,0.000167,0.000822,-0.163672,-0.638568,0.442935,-2.984351,0.000116,0.000831,-0.163705
128.7500,-0.281749,0.256957,-3.833315,0.000167,0.000822,-0.163672,-0.638595,0.442960,-2.984035,0.000216,0.000798,-0.163735
128.8000,-0.281749,0.256957,-3.833315,0.000167,0.000822,-0.163672,-0.638638,0.442998,-2.984351,0.000103,0.000769,-0.163834
128.8500,-0.281749,0.256957,-3.833315,0.000167,0.000822,-0.163672,-0.638668,0.443022,-2.984035,0.000111,0.000751,-0.163653
128.9000,-0.281749,0.256957,-3.833315,0.000167,0.000822,-0.163672,-0.638712,0.443061,-2.984351,0.000165,0.000790,-0.163530
128.9500,-0.281749,0.256957,-3.833315,0.000167,0.000822,-0.163673,-0.638742,0.443089,-2.984035,0.000042,0.000753,-0.163713
129.0000,-0.281749,0.256957,-3.833315,0.000167,0.000822,-0.163673,-0.638786,0.443132,-2.984351,0.000169,0.000869,-0.163600
129.0520,-0.281749,0.256957,-3.833315,0.000167,0.000822,-0.163673,-0.638816,0.443161,-2.984035,0.000256,0.000836,-0.163649
129.1000,-0.281749,0.256957,-3.833315,0.000167,0.000822,-0.163673,-0.638860,0.443202,-2.984351,0.000155,0.000698,-0.163676
129.1500,-0.281749,0.256957,-3.833315,0.000167,0.000822,-0.163673,-0.638891,0.443231,-2.984035,0.000089,0.000745,-0.163664
129.2000,-0.281749,0.256957,-3.833315,0.000167,0.000822,-0.163674,-0.638937,0.443275,-2.984351,0.000102,0.000760,-0.163637
129.2500,-0.281749,0.256957,-3.833315,0.000167,0.000822,-0.163674,-0.638968,0.443304,-2.984035,0.000217,0.000909,-0.163715
129.3000,-0.281749,0.256957,-3.833315,0.000167,0.000822,-0.163674,-0.639012,0.443346,-2.984351,0.000122,0.000851,-0.163662
129.3500,-0.281749,0.256957,-3.833315,0.000167,0.000822,-0.163674,-0.639042,0.443375,-2.984035,0.000248,0.000726,-0.163498
129.4000,-0.281749,0.256957,-3.833315,0.000167,0.000822,-0.163674,-0.639088,0.443417,-2.984351,0.000207,0.000767,-0.163516
129.4500,-0.281749,0.256957,-3.833315,0.000167,0.000822,-0.163675,-0.639121,0.443444,-2.984035,0.000065,0.000693,-0.163761
129.5000,-0.281749,0.256957,-3.833315,0.000167,0.000822,-0.163675,-0.638762,0.442980,-2.984351,0.000274,0.000640,-0.163526
129.5500,-0.281749,0.256957,-3.833315,0.000167,0.000822,-0.163675,-0.638784,0.442992,-2.984035,0.000177,0.000942,-0.163658
129.6000,-0.281749,0.256957,-3.833315,0.000167,0.000822,-0.163675,-0.638815,0.443008,-2.984351,-0.000030,0.000828,-0.163582
129.6500,-0.281749,0.256957,-3.833315,0.000167,0.000822,-0.163675,-0.638835,0.443019,-2.984035,0.000343,0.000860,-0.163747
129.7000,-0.281749,0.256957,-3.833315,0.000167,0.000822,-0.163675,-0.638866,0.443035,-2.984351,0.000178,0.000971,-0.163700
129.7500,-0.281749,0.256957,-3.833315,0.000167,0.000822,-0.163676,-0.638887,0.443044,-2.984035,-0.000052,0.000934,-0.163702
129.8000,-0.281749,0.256957,-3.833315,0.000167,0.000822,-0.163676,-0.638918,0.443057,-2.984351,0.000178,0.001037,-0.163472
129.8500,-0.281749,0.256957,-3.833315,0.000167,0.000822,-0.163676,-0.638940,0.443066,-2.984035,0.000246,0.000925,-0.163668
129.9000,-0.281749,0.256957,-3.833315,0.000167,0.000822,-0.163676,-0.638973,0.443078,-2.984351,0.000316,0.000754,-0.163637
129.9500,-0.281749,0.256957,-3.833315,0.000167,0.000822,-0.163676,-0.638997,0.443088,-2.984035,0.000340,0.001000,-0.163580
130.0000,-0.281749,0.256957,-3.833315,0.000167,0.000822,-0.163676,-0.639032,0.443100,-2.984351,0.000248,0.000817,-0.163570
130.0500,-0.281749,0.256957,-3.833315,0.000167,0.000822,-0.163677,-0.639056,0.443108,-2.984035,0.000043,0.000766,-0.163934
130.1000,-0.281749,0.256957,-3.833315,0.000167,0.000822,-0.163677,-0.639090,0.443120,-2.984351,0.000229,0.000849,-0.163670
130.1500,-0.281749,0.256957,-3.833315,0.000167,0.000822,-0.163677,-0.639113,0.443131,-2.984035,0.000223,0.000864,-0.163662
130.2000,-0.281749,0.256957,-3.833315,0.000167,0.000822,-0.163677,-0.639144,0.443145,-2.984351,0.000185,0.000774,-0.163941
130.2500,-0.281749,0.256957,-3.833315,0.000167,0.000822,-0.163677,-0.639165,0.443154,-2.984035,0.000200,0.000897,-0.163618
130.3000,-0.281749,0.256957,-3.833315,0.000167,0.000822,-0.163677,-0.639195,0.443168,-2.984351,0.000271,0.000984,-0.163666
130.3500,-0.281749,0.256957,-3.833315,0.000167,0.000822,-0.163677,-0.639215,0.443175,-2.984035,0.000366,0.000858,-0.163609
130.4000,-0.281749,0.256957,-3.833315,0.000167,0.000822,-0.163678,-0.639243,0.443182,-2.984351,0.000245,0.000818,-0.163793
130.4500,-0.281750,0.256957,-3.833315,0.000167,0.000822,-0.163678,-0.639265,0.443186,-2.984035,0.000148,0.000856,-0.163735
130.5000,-0.281750,0.256957,-3.833315,0.000167,0.000822,-0.163678,-0.264480,-0.296853,-2.984398,0.000204,0.000771,-0.163656
130.5500,-0.281750,0.256957,-3.833315,0.000167,0.000822,-0.163678,-0.253476,-0.318616,-2.984074,0.000239,0.000948,-0.163695
130.6020,-0.281750,0.256957,-3.833315,0.000167,0.000822,-0.163678,-0.236971,-0.351264,-2.984394,0.000226,0.000874,-0.163528
130.6520,-0.281750,0.256957,-3.833315,0.000167,0.000822,-0.163678,-0.225967,-0.373029,-2.984073,0.000171,0.000957,-0.163698
130.7000,-0.281750,0.256957,-3.833315,0.000167,0.000822,-0.163679,-0.209462,-0.405680,-2.984393,0.000112,0.000740,-0.163748
130.7520,-0.281750,0.256957,-3.833315,0.000167,0.000822,-0.163679,-0.198458,-0.427447,-2.984067,0.000238,0.000991,-0.163809
130.8000,-0.281750,0.256957,-3.833315,0.000167,0.000822,-0.163679,-0.181951,-0.460097,-2.984385,0.000281,0.000703,-0.163789
130.8500,-0.281750,0.256957,-3.833315,0.000167,0.000822,-0.163679,-0.170950,-0.481865,-2.984063,0.000257,0.000950,-0.163775
130.9020,-0.281750,0.256957,-3.833315,0.000167,0.000822,-0.163679,-0.154444,-0.514518,-2.984379,0.000148,0.000961,-0.163620
130.9500,-0.281750,0.256957,-3.833315,0.000167,0.000822,-0.163679,-0.143440,-0.536285,-2.984059,0.000156,0.000851,-0.163638
131.0000,-0.281750,0.256957,-3.833315,0.000167,0.000822,-0.163679,-0.126932,-0.568936,-2.984374,0.000119,0.000773,-0.163536
131.0500,-0.281750,0.256957,-3.833315,0.000167,0.000822,-0.163679,-0.115928,-0.590702,-2.984054,0.000135,0.000828,-0.163714
131.1000,-0.281750,0.256957,-3.833315,0.000167,0.000822,-0.163680,-0.099425,-0.623355,-2.984370,0.000247,0.000808,-0.163742
131.1500,-0.281750,0.256957,-3.833315,0.000167,0.000822,-0.163680,-0.088425,-0.645124,-2.984050,0.000102,0.000828,-0.163599
131.2000,-0.281750,0.256957,-3.833315,0.000167,0.000822,-0.163680,-0.071919,-0.677776,-2.984363,0.000282,0.000742,-0.163816
131.2500,-0.281750,0.256957,-3.833315,0.000167,0.000822,-0.163680,-0.060921,-0.699544,-2.984045,0.000093,0.000817,-0.163687
131.3000,-0.281750,0.256957,-3.833315,0.000167,0.000822,-0.163680,-0.044418,-0.732194,-2.984360,0.000142,0.000852,-0.163786
131.3500,-0.281750,0.256957,-3.833315,0.000167,0.000822,-0.163680,-0.033418,-0.753962,-2.984043,0.000202,0.000819,-0.163720
131.4000,-0.281750,0.256957,-3.833315,0.000167,0.000822,-0.163680,-0.016914,-0.786613,-2.984357,0.000120,0.000984,-0.163627
131.4500,-0.281750,0.256957,-3.833315,0.000167,0.000822,-0.163680,-0.005912,-0.808380,-2.984040,0.000199,0.001000,-0.163619
131.5000,-0.281750,0.256957,-3.833315,0.000167,0.000822,-0.163681,-0.254981,-0.466439,-2.984331,0.000122,0.000742,-0.163642
131.5500,-0.281750,0.256957,-3.833315,0.000167,0.000822,-0.163681,-0.251789,-0.477189,-2.984019,0.000056,0.000951,-0.163782
131.6000,-0.281750,0.256957,-3.833315,0.000167,0.000822,-0.163681,-0.247000,-0.493314,-2.984330,0.000135,0.000898,-0.163677
131.6500,-0.281750,0.256957,-3.833315,0.000167,0.000822,-0.163681,-0.243808,-0.504062,-2.984018,0.000178,0.000810,-0.163592
131.7000,-0.281750,0.256957,-3.833315,0.000167,0.000822,-0.163681,-0.239020,-0.520185,-2.984331,0.000266,0.000674,-0.163775
131.7500,-0.281750,0.256957,-3.833315,0.000167,0.000822,-0.163681,-0.235829,-0.530934,-2.984018,0.000231,0.000688,-0.163723
131.8020,-0.281750,0.256957,-3.833315,0.000167,0.000822,-0.163681,-0.231042,-0.547057,-2.984332,0.000198,0.000855,-0.163606
131.8500,-0.281750,0.256957,-3.833315,0.000167,0.000822,-0.163681,-0.227851,-0.557805,-2.984019,0.000367,0.000801,-0.163663
131.9000,-0.281750,0.256957,-3.833315,0.000167,0.000822,-0.163681,-0.223065,-0.573930,-2.984334,0.000402,0.000904,-0.163768
131.9500,-0.281750,0.256957,-3.833315,0.000167,0.000822,-0.163682,-0.219872,-0.584682,-2.984023,0.000203,0.000844,-0.163664
132.0000,-0.281750,0.256957,-3.833315,0.000167,0.000822,-0.163682,-0.215080,-0.600812,-2.984339,0.000416,0.000656,-0.163625
132.0500,-0.281750,0.256957,-3.833315,0.000167,0.000822,-0.163682,-0.211886,-0.611566,-2.984025,0.000142,0.000782,-0.163744
132.1020,-0.281750,0.256957,-3.833315,0.000167,0.000822,-0.163682,-0.207096,-0.627698,-2.984338,0.000340,0.000703,-0.163733
132.1500,-0.281750,0.256957,-3.833315,0.000167,0.000822,-0.163682,-0.203904,-0.638451,-2.984024,0.000319,0.000867,-0.163866
132.2000,-0.281750,0.256957,-3.833315,0.000167,0.000822,-0.163682,-0.199119,-0.654582,-2.984338,0.000078,0.000828,-0.163699
132.2500,-0.281750,0.256957,-3.833315,0.000167,0.000822,-0.163682,-0.195929,-0.665334,-2.984025,0.000275,0.000952,-0.163726
132.3000,-0.281750,0.256957,-3.833315,0.000167,0.000822,-0.163682,-0.191141,-0.681462,-2.984340,0.000073,0.000866,-0.163600
132.3500,-0.281750,0.256957,-3.833315,0.000167,0.000822,-0.163682,-0.187950,-0.692213,-2.984025,0.000187,0.000675,-0.163631
132.4000,-0.281750,0.256957,-3.833315,0.000167,0.000822,-0.163683,-0.183166,-0.708340,-2.984340,0.000153,0.000799,-0.163804
132.4500,-0.281750,0.256957,-3.833315,0.000167,0.000822,-0.163683,-0.179980,-0.719090,-2.984026,0.000347,0.000763,-0.163602
132.5000,-0.281750,0.256957,-3.833315,0.000167,0.000822,-0.163683,-0.098298,0.091876,-2.984328,0.000036,0.000997,-0.163634
132.5500,-0.281750,0.256957,-3.833315,0.000167,0.000822,-0.163683,-0.092846,0.105469,-2.984018,0.000069,0.000833,-0.163497
132.6020,-0.281750,0.256957,-3.833315,0.000167,0.000822,-0.163683,-0.084668,0.125862,-2.984333,0.000095,0.000773,-0.163624
132.6500,-0.281750,0.256957,-3.833315,0.000167,0.000822,-0.163683,-0.079217,0.139458,-2.984023,0.000165,0.000679,-0.163551
132.7000,-0.281750,0.256957,-3.833315,0.000167,0.000822,-0.163683,-0.071040,0.159854,-2.984335,0.000278,0.000989,-0.163608
132.7500,-0.281750,0.256957,-3.833315,0.000167,0.000822,-0.163683,-0.065588,0.173449,-2.984022,-0.000012,0.000764,-0.163681
132.8000,-0.281750,0.256957,-3.833315,0.000167,0.000822,-0.163683,-0.057411,0.193843,-2.984339,0.000333,0.000632,-0.163840
132.8520,-0.281750,0.256957,-3.833315,0.000167,0.000822,-0.163683,-0.051962,0.207441,-2.984025,0.000129,0.000683,-0.163653
132.9000,-0.281750,0.256957,-3.833315,0.000167,0.000822,-0.163683,-0.043790,0.227838,-2.984341,0.000108,0.000741,-0.163715
132.9500,-0.281750,0.256957,-3.833315,0.000167,0.000822,-0.163684,-0.038342,0.241437,-2.984027,0.000056,0.000798,-0.163802
133.0000,-0.281750,0.256957,-3.833315,0.000167,0.000822,-0.163684,-0.030166,0.261836,-2.984344,0.000116,0.000881,-0.163643
133.0500,-0.281750,0.256957,-3.833315,0.000167,0.000822,-0.163684,-0.024716,0.275438,-2.984031,0.000137,0.000771,-0.163611
133.1000,-0.281750,0.256957,-3.833315,0.000167,0.000822,-0.163684,-0.016541,0.295842,-2.984347,0.000299,0.000917,-0.163604
133.1520,-0.281750,0.256957,-3.833315,0.000167,0.000822,-0.163684,-0.011093,0.309445,-2.984032,0.000187,0.000826,-0.163554
133.2000,-0.281750,0.256957,-3.833315,0.000167,0.000822,-0.163684,-0.002918,0.329849,-2.984348,0.000124,0.001018,-0.163670
133.2500,-0.281750,0.256957,-3.833315,0.000167,0.000822,-0.163684,0.002532,0.343454,-2.984035,0.000019,0.001020,-0.163714
133.3000,-0.281750,0.256957,-3.833315,0.000167,0.000822,-0.163684,0.010713,0.363862,-2.984352,0.000082,0.000784,-0.163677
133.3500,-0.281750,0.256957,-3.833315,0.000167,0.000822,-0.163684,0.016166,0.377469,-2.984036,0.000050,0.000764,-0.163718
133.4000,-0.281750,0.256957,-3.833315,0.000167,0.000822,-0.163684,0.024345,0.397880,-2.984352,0.000130,0.000689,-0.163578
133.4500,-0.281750,0.256957,-3.833315,0.000167,0.000822,-0.163684,0.029797,0.411488,-2.984036,0.000103,0.000778,-0.163921
133.5000,-0.281750,0.256957,-3.833315,0.000167,0.000822,-0.163684,0.204524,-0.001465,-2.984369,0.000219,0.000823,-0.163762
133.5500,-0.281750,0.256957,-3.833315,0.000167,0.000822,-0.163685,0.214876,-0.000611,-2.984050,0.000198,0.000905,-0.163719
133.6000,-0.281750,0.256957,-3.833315,0.000167,0.000822,-0.163685,0.230403,0.000669,-2.984368,0.000396,0.000719,-0.163808
133.6500,-0.281750,0.256957,-3.833315,0.000167,0.000822,-0.163685,0.240753,0.001521,-2.984049,0.000111,0.000917,-0.163598
133.7000,-0.281750,0.256957,-3.833315,0.000167,0.000822,-0.163685,0.256278,0.002800,-2.984366,0.000296,0.000758,-0.163734
133.7500,-0.281750,0.256957,-3.833315,0.000167,0.000822,-0.163685,0.266627,0.003652,-2.984048,0.000228,0.000756,-0.163652
133.8000,-0.281750,0.256957,-3.833315,0.000167,0.000822,-0.163685,0.282149,0.004931,-2.984363,0.000089,0.000759,-0.163793
133.8500,-0.281750,0.256957,-3.833315,0.000167,0.000822,-0.163685,0.292496,0.005786,-2.984047,0.000248,0.000880,-0.163531
133.9000,-0.281750,0.256957,-3.833315,0.000167,0.000822,-0.163685,0.308018,0.007068,-2.984363,0.000041,0.000852,-0.163506
133.9500,-0.281750,0.256957,-3.833315,0.000167,0.000822,-0.163685,0.318366,0.007923,-2.984046,0.000050,0.000673,-0.163871
134.0020,-0.281750,0.256957,-3.833315,0.000167,0.000822,-0.163685,0.333886,0.009205,-2.984361,0.000226,0.000899,-0.163821
134.0500,-0.281750,0.256957,-3.833315,0.000167,0.000822,-0.163685,0.344232,0.010060,-2.984044,0.000198,0.000670,-0.163667
134.1000,-0.281750,0.256957,-3.833315,0.000167,0.000822,-0.163685,0.359752,0.011344,-2.984360,0.000065,0.000814,-0.163693
134.1500,-0.281750,0.256957,-3.833315,0.000167,0.000822,-0.163685,0.370098,0.012200,-2.984043,0.000348,0.001004,-0.163737
134.2000,-0.281751,0.256957,-3.833315,0.000167,0.000822,-0.163686,0.385617,0.013483,-2.984359,0.000117,0.000723,-0.163703
134.2500,-0.281751,0.256957,-3.833315,0.000167,0.000822,-0.163686,0.395961,0.014339,-2.984041,0.000308,0.000800,-0.163477
134.3000,-0.281751,0.256957,-3.833315,0.000167,0.000822,-0.163686,0.411478,0.015620,-2.984357,0.000307,0.000770,-0.163704
134.3500,-0.281751,0.256957,-3.833315,0.000167,0.000822,-0.163686,0.421822,0.016471,-2.984040,0.000352,0.000820,-0.163591
134.4000,-0.281751,0.256957,-3.833315,0.000167,0.000822,-0.163686,0.437338,0.017747,-2.984356,0.000037,0.000731,-0.163566
134.4500,-0.281751,0.256957,-3.833315,0.000167,0.000822,-0.163686,0.447681,0.018600,-2.984040,0.000055,0.000845,-0.163628
134.5000,-0.281751,0.256957,-3.833315,0.000167,0.000822,-0.163686,-0.353366,0.100661,-2.984301,0.000081,0.000827,-0.163617
134.5500,-0.281751,0.256957,-3.833315,0.000167,0.000822,-0.163686,-0.367041,0.103890,-2.983995,0.000180,0.000733,-0.163649
134.6020,-0.281751,0.256957,-3.833315,0.000167,0.000822,-0.163686,-0.387555,0.108733,-2.984307,0.000147,0.000896,-0.163497
134.6500,-0.281751,0.256957,-3.833315,0.000167,0.000822,-0.163686,-0.401232,0.111960,-2.983996,0.000139,0.001007,-0.163954
134.7000,-0.281751,0.256957,-3.833315,0.000167,0.000822,-0.163686,-0.421741,0.116806,-2.984308,0.000110,0.000644,-0.163734
134.7500,-0.281751,0.256957,-3.833315,0.000167,0.000822,-0.163686,-0.435418,0.120035,-2.984003,0.000176,0.000759,-0.163483
134.8000,-0.281751,0.256957,-3.833315,0.000167,0.000822,-0.163686,-0.455935,0.124878,-2.984315,0.000318,0.000917,-0.163617
134.8500,-0.281751,0.256957,-3.833315,0.000167,0.000822,-0.163686,-0.469613,0.128108,-2.984005,0.000025,0.000877,-0.163567
134.9000,-0.281751,0.256957,-3.833315,0.000167,0.000822,-0.163686,-0.490128,0.132947,-2.984317,0.000112,0.000857,-0.163700
134.9500,-0.281751,0.256957,-3.833315,0.000167,0.000822,-0.163686,-0.503805,0.136174,-2.984007,0.000174,0.000732,-0.163692
135.0000,-0.281751,0.256957,-3.833315,0.000167,0.000822,-0.163687,-0.524321,0.141013,-2.984321,0.000331,0.000754,-0.163898
135.0500,-0.281751,0.256957,-3.833315,0.000167,0.000822,-0.163687,-0.538000,0.144239,-2.984012,0.000076,0.000730,-0.163773
135.1000,-0.281751,0.256957,-3.833315,0.000167,0.000822,-0.163687,-0.558519,0.149077,-2.984327,0.000155,0.000743,-0.163749
135.1520,-0.281751,0.256957,-3.833315,0.000167,0.000822,-0.163687,-0.572200,0.152302,-2.984017,0.000205,0.000779,-0.163726
135.2000,-0.281751,0.256957,-3.833315,0.000167,0.000822,-0.163687,-0.592721,0.157138,-2.984329,0.000252,0.000788,-0.163822
135.2500,-0.281751,0.256957,-3.833315,0.000167,0.000822,-0.163687,-0.606402,0.160361,-2.984019,0.000149,0.000889,-0.163832
135.3000,-0.281751,0.256957,-3.833315,0.000167,0.000822,-0.163687,-0.626922,0.165194,-2.984333,0.000289,0.000908,-0.163790
135.3500,-0.281751,0.256957,-3.833315,0.000167,0.000822,-0.163687,-0.640602,0.168416,-2.984021,0.000134,0.000882,-0.163646
135.4000,-0.281751,0.256957,-3.833315,0.000167,0.000822,-0.163687,-0.661122,0.173247,-2.984336,0.000138,0.000859,-0.163740
135.4500,-0.281751,0.256957,-3.833315,0.000167,0.000822,-0.163687,-0.674802,0.176468,-2.984022,0.000155,0.000968,-0.163779
135.5000,-0.281751,0.256957,-3.833315,0.000167,0.000822,-0.163687,-0.677503,1.075296,-2.984314,-0.000038,0.000772,-0.163791
135.5520,-0.281751,0.256957,-3.833315,0.000167,0.000822,-0.163687,-0.690655,1.104812,-2.984009,0.000141,0.000802,-0.163704
135.6000,-0.281751,0.256957,-3.833315,0.000167,0.000822,-0.163687,-0.710388,1.149086,-2.984325,0.000099,0.000790,-0.163750
135.6500,-0.281751,0.256957,-3.833315,0.000167,0.000822,-0.163687,-0.723543,1.178602,-2.984012,0.000157,0.000930,-0.163667
135.7000,-0.281751,0.256957,-3.833315,0.000167,0.000822,-0.163687,-0.743277,1.222873,-2.984324,-0.000041,0.000913,-0.163672
135.7500,-0.281751,0.256957,-3.833315,0.000167,0.000822,-0.163687,-0.756434,1.252388,-2.984017,0.000328,0.000771,-0.163635
135.8020,-0.281751,0.256957,-3.833315,0.000167,0.000822,-0.163687,-0.776168,1.296658,-2.984326,0.000185,0.000677,-0.163601
135.8500,-0.281751,0.256957,-3.833315,0.000167,0.000822,-0.163687,-0.789327,1.326170,-2.984020,0.000053,0.000720,-0.163585
135.9000,-0.281751,0.256957,-3.833315,0.000167,0.000822,-0.163687,-0.809063,1.370442,-2.984339,0.000250,0.000749,-0.163700
135.9500,-0.281751,0.256957,-3.833315,0.000167,0.000822,-0.163688,-0.822223,1.399956,-2.984027,0.000163,0.000871,-0.163601
136.0000,-0.281751,0.256957,-3.833315,0.000167,0.000822,-0.163688,-0.841962,1.444226,-2.984338,0.000101,0.000907,-0.163734
136.0500,-0.281751,0.256957,-3.833315,0.000167,0.000822,-0.163688,-0.855121,1.473739,-2.984026,0.000290,0.000810,-0.163720
136.1000,-0.281751,0.256957,-3.833315,0.000167,0.000822,-0.163688,-0.874858,1.518007,-2.984341,0.000193,0.000931,-0.163590
136.1500,-0.281751,0.256957,-3.833315,0.000167,0.000822,-0.163688,-0.888019,1.547518,-2.984028,0.000009,0.000867,-0.163773
136.2000,-0.281751,0.256957,-3.833315,0.000167,0.000822,-0.163688,-0.907754,1.591789,-2.984346,-0.000156,0.000844,-0.163638
136.2500,-0.281751,0.256957,-3.833315,0.000167,0.000822,-0.163688,-0.920914,1.621303,-2.984033,0.000110,0.000700,-0.163783
136.3020,-0.281751,0.256957,-3.833315,0.000167,0.000822,-0.163688,-0.940649,1.665577,-2.984354,0.000036,0.000811,-0.163633
136.3500,-0.281751,0.256957,-3.833315,0.000167,0.000822,-0.163688,-0.953809,1.695094,-2.984038,0.000242,0.000771,-0.163809
136.4000,-0.281751,0.256957,-3.833315,0.000167,0.000822,-0.163688,-0.973548,1.739366,-2.984346,0.000079,0.000816,-0.163539
136.4500,-0.281751,0.256957,-3.833315,0.000167,0.000822,-0.163688,-0.986708,1.768879,-2.984034,0.000003,0.000647,-0.163611
136.5000,-0.281751,0.256957,-3.833315,0.000167,0.000822,-0.163688,0.156957,-0.144050,-2.984468,0.000173,0.000877,-0.163624
136.5500,-0.281751,0.256957,-3.833315,0.000167,0.000822,-0.163688,0.178017,-0.172100,-2.984128,0.000154,0.000744,-0.163703
136.6000,-0.281751,0.256957,-3.833315,0.000167,0.000822,-0.163688,0.209601,-0.214174,-2.984451,0.000264,0.000634,-0.163708
136.6500,-0.281751,0.256957,-3.833315,0.000167,0.000822,-0.163688,0.230657,-0.242222,-2.984120,0.000033,0.000730,-0.163757
136.7000,-0.281751,0.256957,-3.833315,0.000167,0.000822,-0.163688,0.262239,-0.284295,-2.984441,-0.000020,0.000783,-0.163646
136.7500,-0.281751,0.256957,-3.833315,0.000167,0.000822,-0.163688,0.283292,-0.312342,-2.984104,0.000432,0.000795,-0.163700
136.8000,-0.281751,0.256957,-3.833315,0.000167,0.000822,-0.163688,0.314872,-0.354412,-2.984433,0.000195,0.000726,-0.163816
136.8500,-0.281751,0.256957,-3.833315,0.000167,0.000822,-0.163688,0.335922,-0.382461,-2.984101,0.000217,0.000683,-0.163798
136.9000,-0.281751,0.256957,-3.833315,0.000167,0.000822,-0.163688,0.367498,-0.424535,-2.984423,0.000184,0.000765,-0.163809
136.9500,-0.281751,0.256957,-3.833315,0.000167,0.000822,-0.163688,0.388546,-0.452584,-2.984094,0.000088,0.000709,-0.163646
137.0000,-0.281751,0.256957,-3.833315,0.000167,0.000822,-0.163688,0.420124,-0.494654,-2.984415,0.000203,0.000822,-0.163820
137.0500,-0.281751,0.256957,-3.833315,0.000167,0.000822,-0.163688,0.441171,-0.522705,-2.984088,0.000297,0.000915,-0.163698
137.1000,-0.281751,0.256957,-3.833315,0.000167,0.000822,-0.163688,0.472749,-0.564777,-2.984411,0.000168,0.000926,-0.163678
137.1500,-0.281751,0.256957,-3.833315,0.000167,0.000822,-0.163689,0.493801,-0.592826,-2.984085,0.000168,0.000807,-0.163742
137.2000,-0.281751,0.256957,-3.833315,0.000167,0.000822,-0.163689,0.525379,-0.634902,-2.984407,0.000022,0.000890,-0.163709
137.2500,-0.281751,0.256957,-3.833315,0.000167,0.000822,-0.163689,0.546428,-0.662955,-2.984079,0.000269,0.000926,-0.163596
137.3000,-0.281751,0.256957,-3.833315,0.000167,0.000822,-0.163689,0.578007,-0.705033,-2.984396,0.000168,0.000691,-0.163797
137.3500,-0.281751,0.256957,-3.833315,0.000167,0.000822,-0.163689,0.599057,-0.733083,-2.984073,0.000073,0.000771,-0.163680
137.4000,-0.281751,0.256957,-3.833315,0.000167,0.000822,-0.163689,0.630639,-0.775156,-2.984386,0.000096,0.000759,-0.163639
137.4500,-0.281751,0.256957,-3.833315,0.000167,0.000822,-0.163689,0.651694,-0.803202,-2.984062,0.000024,0.000962,-0.163749
137.5000,-0.281751,0.256957,-3.833315,0.000167,0.000822,-0.163689,-0.105522,0.247398,-2.984301,0.000211,0.000632,-0.163671
137.5500,-0.281751,0.256957,-3.833315,0.000167,0.000822,-0.163689,-0.107671,0.251489,-2.983993,0.000241,0.000780,-0.163574
137.6000,-0.281751,0.256957,-3.833315,0.000167,0.000822,-0.163689,-0.110895,0.257624,-2.984301,0.000177,0.000755,-0.163740
137.6500,-0.281751,0.256957,-3.833315,0.000167,0.000822,-0.163689,-0.113046,0.261714,-2.983993,0.000153,0.000774,-0.163554
137.7000,-0.281751,0.256957,-3.833315,0.000167,0.000822,-0.163689,-0.116272,0.267849,-2.984303,0.000270,0.000668,-0.163612
137.7500,-0.281751,0.256957,-3.833315,0.000167,0.000822,-0.163689,-0.118425,0.271939,-2.983995,0.000206,0.001067,-0.163679
137.8000,-0.281751,0.256957,-3.833315,0.000167,0.000822,-0.163689,-0.121654,0.278077,-2.984306,0.000187,0.001001,-0.163705
137.8500,-0.281751,0.256957,-3.833315,0.000167,0.000822,-0.163689,-0.123805,0.282170,-2.983997,0.000092,0.000912,-0.163804
137.9000,-0.281751,0.256957,-3.833315,0.000167,0.000822,-0.163689,-0.127029,0.288308,-2.984308,0.000142,0.000867,-0.163844
137.9500,-0.281751,0.256957,-3.833315,0.000167,0.000822,-0.163689,-0.129178,0.292399,-2.984000,0.000192,0.000665,-0.163659
138.0000,-0.281751,0.256957,-3.833315,0.000167,0.000822,-0.163689,-0.132402,0.298534,-2.984311,0.000082,0.000835,-0.163631
138.0500,-0.281751,0.256957,-3.833315,0.000167,0.000822,-0.163689,-0.134553,0.302624,-2.984003,0.000054,0.000821,-0.163724
138.1000,-0.281751,0.256957,-3.833315,0.000167,0.000822,-0.163689,-0.137776,0.308760,-2.984316,0.000226,0.000691,-0.163560
138.1500,-0.281751,0.256957,-3.833315,0.000167,0.000822,-0.163689,-0.139927,0.312851,-2.984006,0.000248,0.000861,-0.163596
138.2000,-0.281751,0.256957,-3.833315,0.000167,0.000822,-0.163689,-0.143153,0.318984,-2.984320,0.000258,0.000728,-0.163811
138.2500,-0.281751,0.256957,-3.833315,0.000167,0.000822,-0.163689,-0.145307,0.323073,-2.984010,0.000124,0.000903,-0.163824
138.3000,-0.281751,0.256957,-3.833315,0.000167,0.000822,-0.163689,-0.148537,0.329205,-2.984324,0.000299,0.000821,-0.163720
138.3500,-0.281751,0.256957,-3.833315,0.000167,0.000822,-0.163689,-0.150691,0.333294,-2.984014,0.000168,0.000779,-0.163641
138.4000,-0.281751,0.256957,-3.833315,0.000167,0.000822,-0.163689,-0.153923,0.339428,-2.984328,0.000248,0.000704,-0.163553
138.4500,-0.281751,0.256957,-3.833315,0.000167,0.000822,-0.163689,-0.156082,0.343517,-2.984017,0.000126,0.000961,-0.163735
138.5000,-0.281751,0.256957,-3.833315,0.000167,0.000822,-0.163689,0.054226,-0.006980,-2.984353,0.000109,0.000867,-0.163661
138.5500,-0.281751,0.256957,-3.833315,0.000167,0.000822,-0.163689,0.058350,-0.013380,-2.984038,0.000149,0.000824,-0.163655
138.6000,-0.281751,0.256957,-3.833315,0.000167,0.000822,-0.163689,0.064537,-0.022981,-2.984355,0.000180,0.000951,-0.163736
138.6500,-0.281751,0.256957,-3.833315,0.000167,0.000822,-0.163689,0.068661,-0.029381,-2.984039,0.000136,0.000652,-0.163752
138.7000,-0.281751,0.256957,-3.833315,0.000167,0.000822,-0.163689,0.074846,-0.038980,-2.984356,0.000013,0.000778,-0.163805
138.7500,-0.281751,0.256957,-3.833315,0.000167,0.000822,-0.163690,0.078968,-0.045379,-2.984039,0.000381,0.000845,-0.163866
138.8020,-0.281751,0.256957,-3.833315,0.000167,0.000822,-0.163690,0.085153,-0.054977,-2.984357,0.000091,0.001138,-0.163735
138.8500,-0.281751,0.256957,-3.833315,0.000167,0.000822,-0.163690,0.089278,-0.061377,-2.984041,0.000270,0.000848,-0.163606
138.9000,-0.281751,0.256957,-3.833315,0.000167,0.000822,-0.163690,0.095469,-0.070976,-2.984358,0.000102,0.000844,-0.163521
138.9500,-0.281751,0.256957,-3.833315,0.000167,0.000822,-0.163690,0.099596,-0.077375,-2.984042,0.000248,0.000812,-0.163665
139.0000,-0.281751,0.256957,-3.833315,0.000167,0.000822,-0.163690,0.105787,-0.086974,-2.984358,0.000114,0.000864,-0.163559
139.0520,-0.281751,0.256957,-3.833315,0.000167,0.000822,-0.163690,0.109913,-0.093372,-2.984041,0.000162,0.000911,-0.163703
139.1000,-0.281751,0.256957,-3.833315,0.000167,0.000822,-0.163690,0.116104,-0.102970,-2.984358,0.000201,0.000813,-0.163723
139.1500,-0.281751,0.256957,-3.833315,0.000167,0.000822,-0.163690,0.120230,-0.109369,-2.984042,-0.000050,0.000806,-0.163650
139.2000,-0.281751,0.256957,-3.833315,0.000167,0.000822,-0.163690,0.126420,-0.118965,-2.984356,0.000063,0.000895,-0.163811
139.2500,-0.281751,0.256957,-3.833315,0.000167,0.000822,-0.163690,0.130545,-0.125361,-2.984040,0.000166,0.000862,-0.163732
139.3000,-0.281751,0.256957,-3.833315,0.000167,0.000822,-0.163690,0.136734,-0.134955,-2.984357,0.000108,0.000893,-0.163589
139.3520,-0.281751,0.256957,-3.833315,0.000167,0.000822,-0.163690,0.140861,-0.141351,-2.984040,-0.000017,0.000814,-0.163839
139.4000,-0.281751,0.256957,-3.833315,0.000167,0.000822,-0.163690,0.147051,-0.150945,-2.984356,-0.000025,0.000959,-0.163596
139.4500,-0.281751,0.256957,-3.833315,0.000167,0.000822,-0.163690,0.151178,-0.157340,-2.984040,0.000284,0.000768,-0.163670
139.5000,-0.281751,0.256957,-3.833315,0.000167,0.000822,-0.163690,0.335071,0.970899,-2.984339,0.000269,0.000608,-0.163713
139.5500,-0.281751,0.256957,-3.833315,0.000167,0.000822,-0.163690,0.344426,0.997967,-2.984025,0.000154,0.000909,-0.163723
139.6000,-0.281751,0.256957,-3.833315,0.000167,0.000822,-0.163690,0.358461,1.038569,-2.984342,0.000189,0.000772,-0.163705
139.6500,-0.281751,0.256957,-3.833315,0.000167,0.000822,-0.163690,0.367814,1.065640,-2.984026,0.000235,0.000938,-0.163701
139.7000,-0.281751,0.256957,-3.833315,0.000167,0.000822,-0.163690,0.381850,1.106240,-2.984338,0.000306,0.000731,-0.163622
139.7500,-0.281751,0.256957,-3.833315,0.000167,0.000822,-0.163690,0.391204,1.133307,-2.984024,0.000070,0.000900,-0.163556
139.8000,-0.281751,0.256957,-3.833315,0.000167,0.000822,-0.163690,0.405234,1.173910,-2.984341,0.000042,0.000769,-0.163709
139.8500,-0.281751,0.256957,-3.833315,0.000167,0.000822,-0.163690,0.414590,1.200978,-2.984029,0.000184,0.000744,-0.163730
139.9000,-0.281751,0.256957,-3.833315,0.000167,0.000822,-0.163690,0.428623,1.241582,-2.984342,0.000108,0.000728,-0.163775
139.9500,-0.281751,0.256957,-3.833315,0.000167,0.000822,-0.163690,0.437975,1.268651,-2.984031,0.000070,0.000850,-0.163576
140.0000,-0.281751,0.256957,-3.833315,0.000167,0.000822,-0.163690,0.452009,1.309257,-2.984347,0.000121,0.000746,-0.163516
140.0520,-0.281751,0.256957,-3.833315,0.000167,0.000822,-0.163690,0.461357,1.336331,-2.984033,0.000220,0.000891,-0.163794
140.1000,-0.281751,0.256957,-3.833315,0.000167,0.000822,-0.163690,0.475386,1.376939,-2.984348,0.000317,0.000911,-0.163841
140.1500,-0.281751,0.256957,-3.833315,0.000167,0.000822,-0.163690,0.484739,1.404010,-2.984031,0.000034,0.000816,-0.163480
140.2000,-0.281751,0.256957,-3.833315,0.000167,0.000822,-0.163690,0.498765,1.444619,-2.984348,0.000230,0.000800,-0.163615
140.2540,-0.281751,0.256957,-3.833315,0.000167,0.000822,-0.163690,0.508114,1.471693,-2.984034,0.000061,0.000814,-0.163635
140.3000,-0.281751,0.256957,-3.833315,0.000167,0.000822,-0.163690,0.522137,1.512305,-2.984350,-0.000001,0.000706,-0.163765
140.3520,-0.281751,0.256957,-3.833315,0.000167,0.000822,-0.163690,0.531486,1.539380,-2.984034,0.000305,0.000986,-0.163624
140.4000,-0.281751,0.256957,-3.833315,0.000167,0.000822,-0.163690,0.545506,1.579993,-2.984347,0.000193,0.000960,-0.163696
140.4520,-0.281751,0.256957,-3.833315,0.000167,0.000822,-0.163690,0.554852,1.607067,-2.984034,0.000216,0.000786,-0.163643
140.5020,-0.281751,0.256957,-3.833315,0.000167,0.000822,-0.163690,0.616698,0.395584,-2.984382,-0.000066,0.000846,-0.163737
140.5500,-0.281751,0.256957,-3.833315,0.000167,0.000822,-0.163690,0.627456,0.385831,-2.984062,0.000126,0.000729,-0.163643
140.6000,-0.281751,0.256957,-3.833315,0.000167,0.000822,-0.163690,0.643594,0.371202,-2.984379,0.000102,0.000833,-0.163791
140.6500,-0.281751,0.256957,-3.833315,0.000167,0.000822,-0.163690,0.654351,0.361451,-2.984059,0.000348,0.000671,-0.163663
