t,gt_x,gt_y,gt_z,gt_roll,gt_pitch,gt_yaw,est_x,est_y,est_z,est_roll,est_pitch,est_yaw
0.0000,-0.006052,-0.002126,-2.813533,0.000103,0.000732,-0.001252,-0.026050,0.003999,-2.264840,0.000249,0.000834,-0.001268
0.0000,-0.006052,-0.002126,-2.813533,0.000103,0.000732,-0.001252,-0.026050,0.003999,-2.264840,0.000249,0.000834,-0.001268
0.0500,-0.006052,-0.002125,-2.813342,0.000100,0.000743,-0.001252,-0.028013,0.004235,-2.216682,0.000125,0.000746,-0.001220
0.1000,-0.006053,-0.002125,-2.813153,0.000097,0.000753,-0.001252,-0.028554,0.004326,-2.230638,0.000079,0.000677,-0.001120
0.1500,-0.006053,-0.002125,-2.812966,0.000094,0.000762,-0.001252,-0.030397,0.004537,-2.185716,-0.000100,0.000763,-0.001340
0.2000,-0.006054,-0.002124,-2.812781,0.000090,0.000771,-0.001252,-0.030962,0.004628,-2.196353,0.000304,0.000793,-0.001276
0.2500,-0.006054,-0.002124,-2.812597,0.000087,0.000779,-0.001252,-0.032689,0.004813,-2.155256,0.000078,0.000714,-0.001229
0.3000,-0.006054,-0.002124,-2.812416,0.000084,0.000787,-0.001252,-0.033277,0.004907,-2.163025,0.000121,0.000845,-0.001274
0.3500,-0.006055,-0.002124,-2.812236,0.000081,0.000795,-0.001252,-0.034896,0.005054,-2.126087,0.000081,0.000764,-0.001302
0.4000,-0.006055,-0.002123,-2.812058,0.000079,0.000802,-0.001252,-0.035502,0.005150,-2.131419,-0.000005,0.000704,-0.001164
0.4500,-0.006056,-0.002123,-2.811882,0.000076,0.000808,-0.001252,-0.037008,0.005285,-2.098766,0.000066,0.000874,-0.001209
0.5000,-0.006056,-0.002123,-2.811708,0.000073,0.000815,-0.001251,-0.037628,0.005382,-2.102066,0.000068,0.000945,-0.001183
0.5500,-0.006057,-0.002122,-2.811535,0.000071,0.000820,-0.001251,-0.039066,0.005528,-2.073662,0.000066,0.000826,-0.001201
0.6000,-0.006057,-0.002122,-2.811364,0.000068,0.000826,-0.001251,-0.039695,0.005623,-2.075301,0.000021,0.000654,-0.001132
0.6500,-0.006057,-0.002122,-2.811195,0.000066,0.000831,-0.001251,-0.041021,0.005761,-2.050991,0.000047,0.000763,-0.001223
0.7000,-0.006058,-0.002122,-2.811028,0.000064,0.000836,-0.001251,-0.041662,0.005856,-2.051303,-0.000085,0.000811,-0.001207
0.7500,-0.006058,-0.002121,-2.810862,0.000062,0.000841,-0.001251,-0.042911,0.005989,-2.030844,0.000142,0.000847,-0.001307
0.8000,-0.006059,-0.002121,-2.810698,0.000060,0.000845,-0.001251,-0.043559,0.006083,-2.030126,0.000186,0.000871,-0.001146
0.8500,-0.006059,-0.002121,-2.810536,0.000058,0.000849,-0.001251,-0.044745,0.006221,-2.013219,0.000037,0.000932,-0.001357
0.9020,-0.006060,-0.002120,-2.810375,0.000056,0.000853,-0.001251,-0.045396,0.006314,-2.011727,0.000035,0.000922,-0.001227
0.9500,-0.006060,-0.002120,-2.810216,0.000054,0.000857,-0.001251,-0.046527,0.006451,-1.998038,-0.000015,0.000883,-0.001354
1.0000,-0.006061,-0.002120,-2.810059,0.000052,0.000860,-0.001251,-0.047182,0.006544,-1.995996,0.000123,0.000862,-0.001425
1.0500,-0.006061,-0.002120,-2.809903,0.000051,0.000864,-0.001251,-0.048267,0.006676,-1.985174,0.000002,0.000767,-0.001333
1.1000,-0.006062,-0.002119,-2.809748,0.000049,0.000867,-0.001251,-0.048924,0.006769,-1.982768,0.000195,0.000732,-0.001420
1.1500,-0.006062,-0.002119,-2.809596,0.000048,0.000870,-0.001251,-0.049967,0.006903,-1.974461,0.000144,0.000955,-0.001323
1.2000,-0.006062,-0.002119,-2.809444,0.000046,0.000873,-0.001251,-0.050626,0.006995,-1.971845,0.000059,0.000984,-0.001201
1.2500,-0.006063,-0.002119,-2.809295,0.000045,0.000875,-0.001250,-0.051640,0.007130,-1.965709,0.000083,0.000874,-0.001089
1.3000,-0.006063,-0.002119,-2.809147,0.000044,0.000878,-0.001250,-0.052299,0.007221,-1.963009,0.000083,0.000908,-0.001379
1.3500,-0.006064,-0.002118,-2.809000,0.000042,0.000880,-0.001250,-0.053290,0.007359,-1.958716,0.000146,0.000982,-0.001252
1.4000,-0.006064,-0.002118,-2.808855,0.000041,0.000882,-0.001250,-0.053948,0.007450,-1.956032,0.000279,0.000991,-0.001130
1.4500,-0.006065,-0.002118,-2.808711,0.000040,0.000884,-0.001250,-0.054922,0.007589,-1.953276,-0.000032,0.000920,-0.001112
1.5000,-0.006065,-0.002118,-2.808569,0.000039,0.000886,-0.001250,-0.055581,0.007680,-1.950684,0.000128,0.000941,-0.001292
1.5500,-0.006066,-0.002118,-2.808428,0.000038,0.000888,-0.001250,-0.056544,0.007825,-1.949185,0.000037,0.000977,-0.001228
1.6000,-0.006066,-0.002117,-2.808289,0.000037,0.000890,-0.001250,-0.057200,0.007917,-1.946741,0.000083,0.000930,-0.001021
1.6520,-0.006067,-0.002117,-2.808151,0.000036,0.000891,-0.001250,-0.058150,0.008060,-1.946246,0.000065,0.000904,-0.001204
1.7000,-0.006067,-0.002117,-2.808014,0.000035,0.000893,-0.001250,-0.058804,0.008151,-1.943991,0.000090,0.000783,-0.001174
1.7500,-0.006068,-0.002117,-2.807879,0.000035,0.000894,-0.001250,-0.059749,0.008287,-1.944277,-0.000020,0.000921,-0.001399
1.8000,-0.006068,-0.002117,-2.807745,0.000034,0.000896,-0.001250,-0.060401,0.008376,-1.942234,0.000060,0.000985,-0.001425
1.8500,-0.006069,-0.002117,-2.807613,0.000033,0.000897,-0.001250,-0.061336,0.008516,-1.943105,0.000025,0.000832,-0.001152
1.9020,-0.006069,-0.002116,-2.807482,0.000033,0.000898,-0.001250,-0.061985,0.008606,-1.941290,0.000158,0.000891,-0.001173
1.9500,-0.006069,-0.002116,-2.807352,0.000032,0.000900,-0.001250,-0.062922,0.008743,-1.942578,-0.000114,0.000803,-0.001245
2.0000,-0.006070,-0.002116,-2.807223,0.000031,0.000901,-0.001250,-0.063571,0.008832,-1.940993,0.000078,0.000907,-0.001276
2.0500,-0.006070,-0.002116,-2.807096,0.000031,0.000902,-0.001250,-0.064512,0.008974,-1.942558,-0.000062,0.001041,-0.001175
2.1000,-0.006071,-0.002116,-2.806970,0.000030,0.000903,-0.001250,-0.065159,0.009065,-1.941200,0.000025,0.000924,-0.001223
2.1500,-0.006071,-0.002116,-2.806846,0.000030,0.000904,-0.001250,-0.066097,0.009218,-1.942923,0.000130,0.000821,-0.001189
2.2000,-0.006072,-0.002115,-2.806722,0.000029,0.000905,-0.001250,-0.066743,0.009310,-1.941783,-0.000052,0.000886,-0.001289
2.2500,-0.006072,-0.002115,-2.806600,0.000029,0.000906,-0.001250,-0.067690,0.009465,-1.943570,-0.000049,0.000950,-0.001333
2.3000,-0.006073,-0.002115,-2.806479,0.000028,0.000907,-0.001249,-0.068335,0.009560,-1.942634,-0.000121,0.000935,-0.001093
2.3500,-0.006073,-0.002115,-2.806360,0.000028,0.000907,-0.001249,-0.069284,0.009725,-1.944409,0.000136,0.000792,-0.001168
2.4000,-0.006073,-0.002115,-2.806241,0.000028,0.000908,-0.001249,-0.069931,0.009823,-1.943662,0.000138,0.000951,-0.001133
2.4500,-0.006074,-0.002115,-2.806124,0.000027,0.000909,-0.001249,-0.070886,0.009973,-1.945368,0.000103,0.001006,-0.001228
2.5000,-0.006074,-0.002115,-2.806008,0.000027,0.000910,-0.001249,-0.071531,0.010066,-1.944791,-0.000021,0.000882,-0.001117
2.5500,-0.006075,-0.002115,-2.805893,0.000027,0.000910,-0.001249,-0.072489,0.010214,-1.946385,0.000089,0.000756,-0.001241
2.6000,-0.006075,-0.002114,-2.805780,0.000026,0.000911,-0.001249,-0.073137,0.010309,-1.945960,-0.000088,0.000874,-0.001187
2.6500,-0.006076,-0.002114,-2.805667,0.000026,0.000911,-0.001249,-0.074105,0.010457,-1.947413,0.000069,0.000903,-0.001247
2.7000,-0.006076,-0.002114,-2.805556,0.000026,0.000912,-0.001249,-0.074754,0.010551,-1.947121,-0.000074,0.000852,-0.001107
2.7520,-0.006076,-0.002114,-2.805446,0.000026,0.000913,-0.001249,-0.075720,0.010697,-1.948414,0.000104,0.000970,-0.001102
2.8000,-0.006077,-0.002114,-2.805336,0.000025,0.000913,-0.001249,-0.076367,0.010792,-1.948237,-0.000068,0.000917,-0.001084
2.8500,-0.006077,-0.002114,-2.805228,0.000025,0.000914,-0.001249,-0.077332,0.010934,-1.949360,0.000096,0.000967,-0.001296
2.9000,-0.006078,-0.002114,-2.805122,0.000025,0.000914,-0.001249,-0.077978,0.011027,-1.949280,-0.000022,0.000865,-0.001177
2.9500,-0.006078,-0.002114,-2.805016,0.000025,0.000915,-0.001249,-0.078943,0.011163,-1.950230,0.000071,0.000968,-0.001327
3.0000,-0.006079,-0.002114,-2.804911,0.000025,0.000915,-0.001249,-0.079588,0.011255,-1.950232,-0.000013,0.000793,-0.001346
3.0500,-0.006079,-0.002114,-2.804807,0.000024,0.000916,-0.001249,-0.080554,0.011391,-1.951013,-0.000113,0.000774,-0.001102
3.1000,-0.006079,-0.002113,-2.804705,0.000024,0.000916,-0.001249,-0.081201,0.011483,-1.951081,-0.000026,0.000925,-0.001299
3.1500,-0.006080,-0.002113,-2.804603,0.000024,0.000917,-0.001249,-0.082171,0.011620,-1.951699,0.000177,0.000778,-0.001167
3.2000,-0.006080,-0.002113,-2.804502,0.000024,0.000917,-0.001249,-0.082818,0.011711,-1.951821,0.000173,0.000839,-0.001269
3.2500,-0.006081,-0.002113,-2.804403,0.000024,0.000917,-0.001249,-0.083789,0.011848,-1.952287,0.000016,0.000867,-0.001143
3.3000,-0.006081,-0.002113,-2.804304,0.000024,0.000918,-0.001249,-0.084437,0.011941,-1.952450,0.000135,0.001041,-0.001259
3.3500,-0.006081,-0.002113,-2.804207,0.000024,0.000918,-0.001249,-0.085406,0.012077,-1.952777,0.000041,0.001045,-0.001273
3.4000,-0.006082,-0.002113,-2.804110,0.000023,0.000919,-0.001249,-0.086050,0.012166,-1.952971,-0.000081,0.001127,-0.001096
3.4500,-0.006082,-0.002113,-2.804015,0.000023,0.000919,-0.001249,-0.087015,0.012300,-1.953171,-0.000076,0.000743,-0.001007
3.5000,-0.006082,-0.002113,-2.803920,0.000023,0.000919,-0.001249,-0.087659,0.012390,-1.953388,0.000095,0.000950,-0.001123
3.5500,-0.006083,-0.002113,-2.803827,0.000023,0.000920,-0.001249,-0.088626,0.012524,-1.953477,0.000016,0.000870,-0.001243
3.6000,-0.006083,-0.002113,-2.803734,0.000023,0.000920,-0.001249,-0.089269,0.012612,-1.953709,0.000139,0.000898,-0.001099
3.6500,-0.006084,-0.002113,-2.803642,0.000023,0.000920,-0.001249,-0.090236,0.012744,-1.953700,0.000172,0.000946,-0.001308
3.7000,-0.006084,-0.002112,-2.803551,0.000023,0.000921,-0.001249,-0.090879,0.012829,-1.953941,0.000131,0.000723,-0.001248
3.7500,-0.006084,-0.002112,-2.803461,0.000023,0.000921,-0.001249,-0.091847,0.012957,-1.953849,-0.000055,0.000988,-0.001125
3.8000,-0.006085,-0.002112,-2.803372,0.000023,0.000921,-0.001249,-0.092490,0.013040,-1.954094,0.000038,0.000956,-0.001125
3.8500,-0.006085,-0.002112,-2.803284,0.000023,0.000921,-0.001249,-0.093456,0.013167,-1.953932,0.000028,0.001035,-0.001068
3.9000,-0.006085,-0.002112,-2.803197,0.000023,0.000922,-0.001249,-0.094098,0.013251,-1.954177,-0.000015,0.000976,-0.001019
3.9500,-0.006078,-0.002110,-2.803306,0.000035,0.000903,-0.001252,-0.095062,0.013377,-1.954005,-0.000062,0.000665,-0.001291
4.0000,-0.006019,-0.002095,-2.804457,0.000057,0.000687,-0.001251,-0.095702,0.013461,-1.954249,0.000309,0.000996,-0.001304
4.0500,-0.005885,-0.002062,-2.807218,0.000034,0.000175,-0.001234,-0.096660,0.013587,-1.955168,0.000037,0.000127,-0.001273
4.1000,-0.005691,-0.002020,-2.811680,-0.000079,-0.000550,-0.001193,-0.097297,0.013673,-1.955468,0.000163,-0.000325,-0.001328
4.1500,-0.005474,-0.001975,-2.817692,-0.000275,-0.001375,-0.001137,-0.098429,0.013799,-1.959055,-0.000249,-0.001472,-0.001170
4.2020,-0.005267,-0.001928,-2.825022,-0.000522,-0.002214,-0.001072,-0.099064,0.013886,-1.959543,-0.000339,-0.002240,-0.001017
4.2500,-0.005092,-0.001881,-2.833428,-0.000794,-0.003012,-0.001003,-0.101122,0.014147,-1.966557,-0.000696,-0.003029,-0.000981
4.3020,-0.004955,-0.001835,-2.842697,-0.001069,-0.003740,-0.000935,-0.101765,0.014236,-1.967395,-0.000800,-0.003403,-0.001095
4.3500,-0.004853,-0.001791,-2.852648,-0.001329,-0.004385,-0.000870,-0.105555,0.014722,-1.983938,-0.001387,-0.004388,-0.000909
4.4000,-0.004778,-0.001751,-2.863138,-0.001564,-0.004942,-0.000813,-0.106355,0.014794,-1.987766,-0.001511,-0.004723,-0.000676
4.4500,-0.004719,-0.001718,-2.874048,-0.001768,-0.005406,-0.000764,-0.112070,0.015943,-2.002734,-0.001715,-0.005383,-0.000707
4.5000,-0.004668,-0.001692,-2.885286,-0.001937,-0.005780,-0.000724,-0.112933,0.016015,-2.007681,-0.001783,-0.005742,-0.000842
4.5500,-0.004618,-0.001673,-2.896781,-0.002067,-0.006073,-0.000690,-0.120642,0.017784,-2.024668,-0.001971,-0.006036,-0.000746
4.6000,-0.004567,-0.001660,-2.908477,-0.002161,-0.006291,-0.000663,-0.121568,0.017858,-2.030509,-0.001961,-0.006209,-0.000723
4.6500,-0.004513,-0.001653,-2.920329,-0.002218,-0.006440,-0.000645,-0.130795,0.020147,-2.048728,-0.002211,-0.006541,-0.000568
4.7000,-0.004455,-0.001652,-2.932303,-0.002243,-0.006528,-0.000632,-0.131791,0.020230,-2.055309,-0.002136,-0.006409,-0.000695
4.7500,-0.004392,-0.001658,-2.944372,-0.002236,-0.006564,-0.000623,-0.141855,0.022826,-2.074191,-0.002269,-0.006523,-0.000634
4.8000,-0.004324,-0.001669,-2.956517,-0.002203,-0.006554,-0.000616,-0.142927,0.022920,-2.081398,-0.002308,-0.006590,-0.000639
4.8500,-0.004252,-0.001686,-2.968720,-0.002146,-0.006505,-0.000612,-0.153123,0.025653,-2.100541,-0.002207,-0.006468,-0.000500
4.9000,-0.004177,-0.001707,-2.980969,-0.002068,-0.006423,-0.000610,-0.154274,0.025767,-2.108283,-0.002080,-0.006456,-0.000507
4.9500,-0.004100,-0.001731,-2.993255,-0.001973,-0.006314,-0.000610,-0.163990,0.028357,-2.127408,-0.001907,-0.006411,-0.000424
5.0000,-0.004022,-0.001758,-3.005569,-0.001863,-0.006183,-0.000611,-0.165218,0.028490,-2.135610,-0.001891,-0.006329,-0.000727
5.0500,-0.003944,-0.001787,-3.017906,-0.001742,-0.006034,-0.000613,-0.174027,0.030741,-2.154529,-0.001858,-0.005896,-0.000445
5.1000,-0.003866,-0.001817,-3.030260,-0.001613,-0.005872,-0.000616,-0.175324,0.030892,-2.163126,-0.001744,-0.005996,-0.000650
5.1500,-0.003789,-0.001848,-3.042630,-0.001478,-0.005699,-0.000619,-0.182955,0.032715,-2.181722,-0.001563,-0.005781,-0.000482
5.2000,-0.003713,-0.001879,-3.055011,-0.001338,-0.005519,-0.000623,-0.184309,0.032881,-2.190654,-0.001413,-0.005579,-0.000739
5.2500,-0.003638,-0.001910,-3.067401,-0.001197,-0.005334,-0.000628,-0.190710,0.034254,-2.208859,-0.001176,-0.005384,-0.000559
5.3000,-0.003566,-0.001940,-3.079798,-0.001056,-0.005146,-0.000634,-0.192110,0.034433,-2.218074,-0.001058,-0.005263,-0.000625
5.3500,-0.003496,-0.001969,-3.092202,-0.000915,-0.004956,-0.000640,-0.197383,0.035391,-2.235859,-0.000866,-0.004983,-0.000627
5.4000,-0.003428,-0.001997,-3.104611,-0.000778,-0.004767,-0.000647,-0.198823,0.035580,-2.245308,-0.000946,-0.004744,-0.000683
5.4500,-0.003362,-0.002024,-3.117025,-0.000644,-0.004579,-0.000654,-0.203106,0.036204,-2.262668,-0.000657,-0.004760,-0.000658
5.5000,-0.003299,-0.002049,-3.129441,-0.000514,-0.004394,-0.000662,-0.204575,0.036401,-2.272309,-0.000485,-0.004335,-0.000766
5.5500,-0.003238,-0.002073,-3.141861,-0.000389,-0.004212,-0.000670,-0.208069,0.036784,-2.289258,-0.000365,-0.004243,-0.000637
5.6000,-0.003179,-0.002095,-3.154283,-0.000270,-0.004033,-0.000679,-0.209561,0.036989,-2.299054,-0.000362,-0.004031,-0.000722
5.6500,-0.003124,-0.002115,-3.166707,-0.000158,-0.003859,-0.000687,-0.212464,0.037211,-2.315616,-0.000096,-0.003848,-0.000666
5.7000,-0.003071,-0.002133,-3.179133,-0.000051,-0.003689,-0.000696,-0.213967,0.037418,-2.325535,-0.000120,-0.003734,-0.000631
5.7500,-0.003020,-0.002149,-3.191560,0.000049,-0.003524,-0.000705,-0.216490,0.037569,-2.341744,0.000008,-0.003492,-0.000754
5.8000,-0.002972,-0.002164,-3.203989,0.000142,-0.003364,-0.000714,-0.218004,0.037780,-2.351758,0.000221,-0.003369,-0.000831
5.8500,-0.002927,-0.002177,-3.216420,0.000229,-0.003209,-0.000722,-0.220317,0.037932,-2.367651,0.000134,-0.003137,-0.000883
5.9020,-0.002884,-0.002188,-3.228851,0.000309,-0.003059,-0.000731,-0.221837,0.038146,-2.377736,0.000222,-0.002904,-0.000582
5.9500,-0.002844,-0.002197,-3.241283,0.000383,-0.002915,-0.000739,-0.224072,0.038349,-2.393352,0.000462,-0.002954,-0.000647
6.0000,-0.002805,-0.002205,-3.253716,0.000450,-0.002775,-0.000747,-0.225597,0.038568,-2.403488,0.000451,-0.002879,-0.000800
6.0500,-0.002769,-0.002211,-3.266150,0.000512,-0.002641,-0.000755,-0.227854,0.038847,-2.418865,0.000501,-0.002716,-0.000753
6.1000,-0.002736,-0.002215,-3.278585,0.000568,-0.002512,-0.000763,-0.229385,0.039067,-2.429037,0.000706,-0.002339,-0.000665
6.1500,-0.002704,-0.002219,-3.291021,0.000618,-0.002387,-0.000770,-0.231723,0.039437,-2.444212,0.000464,-0.002548,-0.000732
6.2000,-0.002674,-0.002221,-3.303457,0.000662,-0.002268,-0.000777,-0.233259,0.039661,-2.454406,0.000579,-0.002242,-0.000710
6.2500,-0.002646,-0.002222,-3.315894,0.000702,-0.002153,-0.000785,-0.235710,0.040120,-2.469415,0.000602,-0.002153,-0.000641
6.3000,-0.002620,-0.002221,-3.328331,0.000737,-0.002043,-0.000791,-0.237252,0.040349,-2.479621,0.000629,-0.002178,-0.000906
6.3500,-0.002596,-0.002220,-3.340770,0.000768,-0.001938,-0.000798,-0.239821,0.040884,-2.494494,0.000719,-0.001980,-0.000687
6.4000,-0.002574,-0.002218,-3.353208,0.000795,-0.001837,-0.000805,-0.241372,0.041119,-2.504704,0.000716,-0.002034,-0.000766
6.4500,-0.002553,-0.002215,-3.365648,0.000817,-0.001740,-0.000811,-0.244059,0.041715,-2.519471,0.000668,-0.001781,-0.000725
6.5000,-0.002534,-0.002211,-3.378088,0.000836,-0.001648,-0.000817,-0.245620,0.041957,-2.529679,0.000887,-0.001793,-0.000864
6.5500,-0.002517,-0.002206,-3.390528,0.000852,-0.001559,-0.000823,-0.248405,0.042596,-2.544365,0.000825,-0.001571,-0.000920
6.6000,-0.002500,-0.002201,-3.402969,0.000865,-0.001474,-0.000829,-0.249977,0.042844,-2.554567,0.000793,-0.001558,-0.000785
6.6500,-0.002486,-0.002195,-3.415411,0.000875,-0.001393,-0.000834,-0.252843,0.043508,-2.569192,0.000806,-0.001573,-0.000930
6.7000,-0.002472,-0.002189,-3.427853,0.000883,-0.001316,-0.000839,-0.254423,0.043761,-2.579387,0.000956,-0.001401,-0.001001
6.7500,-0.002460,-0.002182,-3.440295,0.000888,-0.001242,-0.000845,-0.257348,0.044437,-2.593970,0.000824,-0.001292,-0.000865
6.8000,-0.002449,-0.002175,-3.452738,0.000891,-0.001172,-0.000850,-0.258937,0.044693,-2.604155,0.001025,-0.001179,-0.000690
6.8500,-0.002439,-0.002167,-3.465182,0.000892,-0.001105,-0.000855,-0.261895,0.045368,-2.618712,0.000742,-0.001245,-0.000811
6.9000,-0.002431,-0.002159,-3.477626,0.000892,-0.001041,-0.000860,-0.263489,0.045625,-2.628887,0.000859,-0.001112,-0.000845
6.9500,-0.002423,-0.002151,-3.490070,0.000890,-0.000980,-0.000864,-0.266459,0.046283,-2.643430,0.000805,-0.001167,-0.000828
7.0000,-0.002416,-0.002143,-3.502515,0.000887,-0.000922,-0.000869,-0.268064,0.046543,-2.653595,0.000957,-0.000795,-0.000617
7.0520,-0.002410,-0.002134,-3.514961,0.000882,-0.000866,-0.000873,-0.271031,0.047178,-2.668135,0.001057,-0.000730,-0.000999
7.1000,-0.002405,-0.002126,-3.527407,0.000877,-0.000814,-0.000878,-0.272643,0.047443,-2.678290,0.001000,-0.000953,-0.000989
7.1500,-0.002401,-0.002117,-3.539853,0.000870,-0.000764,-0.000882,-0.275598,0.048054,-2.692834,0.000715,-0.000655,-0.000950
7.2000,-0.002398,-0.002108,-3.552300,0.000863,-0.000716,-0.000886,-0.277216,0.048317,-2.702980,0.000746,-0.000767,-0.000905
7.2500,-0.002396,-0.002099,-3.564748,0.000855,-0.000671,-0.000890,-0.280151,0.048893,-2.717535,0.000912,-0.000774,-0.000850
7.3000,-0.002394,-0.002091,-3.577195,0.000847,-0.000628,-0.000894,-0.281774,0.049162,-2.727674,0.000823,-0.000603,-0.000882
7.3500,-0.002393,-0.002082,-3.589644,0.000838,-0.000587,-0.000898,-0.284679,0.049717,-2.742243,0.000750,-0.000635,-0.000939
7.4000,-0.002393,-0.002073,-3.602093,0.000829,-0.000549,-0.000902,-0.286311,0.049987,-2.752376,0.000970,-0.000509,-0.000712
7.4500,-0.002393,-0.002064,-3.614542,0.000820,-0.000512,-0.000906,-0.289186,0.050515,-2.766962,0.000855,-0.000446,-0.000942
7.5000,-0.002393,-0.002055,-3.626991,0.000810,-0.000478,-0.000909,-0.290823,0.050784,-2.777089,0.000858,-0.000610,-0.000765
7.5500,-0.002395,-0.002046,-3.639442,0.000800,-0.000445,-0.000913,-0.293665,0.051285,-2.791694,0.000851,-0.000328,-0.000777
7.6000,-0.002397,-0.002038,-3.651892,0.000790,-0.000414,-0.000917,-0.295306,0.051554,-2.801818,0.000822,-0.000379,-0.001010
7.6500,-0.002399,-0.002029,-3.664343,0.000780,-0.000384,-0.000920,-0.298119,0.052033,-2.816442,0.000932,-0.000429,-0.000837
7.7000,-0.002402,-0.002021,-3.676795,0.000770,-0.000357,-0.000924,-0.299763,0.052301,-2.826564,0.000798,-0.000329,-0.000922
7.7500,-0.002405,-0.002012,-3.689246,0.000761,-0.000330,-0.000927,-0.302547,0.052757,-2.841207,0.000775,-0.000179,-0.001012
7.8000,-0.002408,-0.002004,-3.701699,0.000751,-0.000306,-0.000930,-0.304193,0.053025,-2.851328,0.000673,-0.000349,-0.000819
7.8520,-0.002412,-0.001996,-3.714151,0.000741,-0.000282,-0.000934,-0.306947,0.053461,-2.865990,0.000797,-0.000194,-0.000925
7.9000,-0.002416,-0.001988,-3.726605,0.000731,-0.000260,-0.000937,-0.308598,0.053733,-2.876110,0.000607,-0.000303,-0.001030
7.9520,-0.002421,-0.001980,-3.739058,0.000722,-0.000239,-0.000940,-0.311328,0.054156,-2.890790,0.000705,-0.000209,-0.000996
8.0000,-0.002431,-0.001974,-3.751371,0.000712,-0.000192,-0.000945,-0.312981,0.054429,-2.900911,0.000622,-0.000190,-0.001069
8.0500,-0.002477,-0.001981,-3.762920,0.000691,0.000017,-0.000956,-0.315830,0.054841,-2.915304,0.000503,-0.000063,-0.001017
8.1000,-0.002589,-0.002015,-3.773032,0.000628,0.000501,-0.000978,-0.317486,0.055113,-2.925411,0.000596,0.000390,-0.001011
8.1500,-0.002764,-0.002082,-3.781479,0.000489,0.001216,-0.001002,-0.321171,0.055465,-2.938100,0.000515,0.001275,-0.001045
8.2000,-0.002971,-0.002173,-3.788342,0.000276,0.002053,-0.001018,-0.322848,0.055737,-2.948106,0.000373,0.001873,-0.001162
8.2500,-0.003178,-0.002275,-3.793834,0.000020,0.002917,-0.001022,-0.328789,0.055775,-2.957868,0.000011,0.002952,-0.000853
8.3000,-0.003362,-0.002371,-3.798189,-0.000247,0.003749,-0.001018,-0.330503,0.056040,-2.967631,-0.000248,0.003420,-0.001054
8.3500,-0.003512,-0.002454,-3.801624,-0.000508,0.004521,-0.001011,-0.340958,0.055023,-2.974004,-0.000637,0.004593,-0.000942
8.4000,-0.003627,-0.002517,-3.804327,-0.000750,0.005219,-0.001002,-0.340694,0.055781,-2.977164,-0.000655,0.005177,-0.000889
8.4500,-0.003710,-0.002563,-3.806449,-0.000964,0.005832,-0.000993,-0.354859,0.053657,-2.978750,-0.001050,0.005800,-0.001159
8.5000,-0.003767,-0.002592,-3.808115,-0.001145,0.006354,-0.000984,-0.356557,0.053984,-2.984778,-0.001263,0.006300,-0.000852
8.5500,-0.003806,-0.002609,-3.809421,-0.001290,0.006785,-0.000977,-0.376026,0.050122,-2.983742,-0.001257,0.006683,-0.000957
8.6020,-0.003831,-0.002616,-3.810444,-0.001401,0.007129,-0.000972,-0.377813,0.050440,-2.988747,-0.001313,0.007100,-0.001050
8.6500,-0.003849,-0.002616,-3.811245,-0.001480,0.007392,-0.000968,-0.401716,0.045016,-2.986006,-0.001622,0.007471,-0.001102
8.7000,-0.003861,-0.002613,-3.811873,-0.001528,0.007578,-0.000966,-0.403636,0.045307,-2.990183,-0.001492,0.007366,-0.000917
8.7500,-0.003869,-0.002607,-3.812367,-0.001550,0.007700,-0.000966,-0.430564,0.038766,-2.986412,-0.001525,0.007706,-0.000941
8.8000,-0.003875,-0.002600,-3.812746,-0.001548,0.007779,-0.000966,-0.432640,0.039016,-2.989902,-0.001571,0.007775,-0.001038
8.8500,-0.003879,-0.002594,-3.813029,-0.001526,0.007805,-0.000967,-0.460726,0.032001,-2.985553,-0.001470,0.007867,-0.001039
8.9000,-0.003883,-0.002588,-3.813235,-0.001490,0.007779,-0.000969,-0.462967,0.032204,-2.988437,-0.001547,0.007918,-0.000922
8.9500,-0.003886,-0.002583,-3.813382,-0.001445,0.007709,-0.000971,-0.490602,0.025323,-2.983860,-0.001450,0.007618,-0.000955
9.0000,-0.003888,-0.002579,-3.813483,-0.001395,0.007604,-0.000974,-0.492999,0.025479,-2.986230,-0.001380,0.007703,-0.001104
9.0500,-0.003889,-0.002576,-3.813548,-0.001343,0.007471,-0.000976,-0.518669,0.019223,-2.981686,-0.001436,0.007501,-0.000959
9.1000,-0.003890,-0.002574,-3.813585,-0.001289,0.007314,-0.000978,-0.521208,0.019338,-2.983618,-0.001366,0.007244,-0.000998
9.1500,-0.003891,-0.002572,-3.813601,-0.001236,0.007139,-0.000980,-0.543934,0.013971,-2.979282,-0.001466,0.007222,-0.000896
9.2000,-0.003891,-0.002570,-3.813601,-0.001185,0.006948,-0.000982,-0.546596,0.014053,-2.980843,-0.001242,0.006985,-0.000983
9.2500,-0.003892,-0.002569,-3.813587,-0.001135,0.006747,-0.000983,-0.565981,0.009705,-2.976824,-0.001156,0.006664,-0.000865
9.3000,-0.003892,-0.002568,-3.813563,-0.001089,0.006538,-0.000984,-0.568742,0.009759,-2.978069,-0.001111,0.006524,-0.000965
9.3500,-0.003892,-0.002567,-3.813530,-0.001045,0.006324,-0.000985,-0.584684,0.006409,-2.974430,-0.000782,0.006348,-0.000802
9.4000,-0.003892,-0.002565,-3.813491,-0.001003,0.006108,-0.000985,-0.587521,0.006441,-2.975411,-0.001080,0.006275,-0.000949
9.4500,-0.003892,-0.002564,-3.813447,-0.000965,0.005891,-0.000986,-0.600312,0.004017,-2.972179,-0.001041,0.005762,-0.001001
9.5000,-0.003893,-0.002563,-3.813400,-0.000929,0.005675,-0.000986,-0.603203,0.004036,-2.972942,-0.000928,0.005659,-0.000934
9.5500,-0.003893,-0.002561,-3.813348,-0.000896,0.005461,-0.000986,-0.613270,0.002369,-2.970120,-0.000957,0.005471,-0.000994
9.6000,-0.003894,-0.002560,-3.813295,-0.000865,0.005251,-0.000986,-0.616198,0.002378,-2.970705,-0.000869,0.005252,-0.001094
9.6500,-0.003895,-0.002558,-3.813240,-0.000837,0.005045,-0.000987,-0.624046,0.001325,-2.968281,-0.000929,0.004974,-0.001085
9.7000,-0.003895,-0.002556,-3.813183,-0.000810,0.004845,-0.000987,-0.626998,0.001327,-2.968724,-0.000753,0.004764,-0.000904
9.7500,-0.003895,-0.002553,-3.813125,-0.000785,0.004651,-0.000987,-0.633140,0.000697,-2.966674,-0.000644,0.004759,-0.001032
9.8000,-0.003896,-0.002551,-3.813067,-0.000761,0.004463,-0.000987,-0.636108,0.000695,-2.967003,-0.000699,0.004653,-0.000877
9.8500,-0.003896,-0.002549,-3.813008,-0.000739,0.004281,-0.000988,-0.641117,0.000401,-2.965294,-0.000803,0.004287,-0.001082
9.9000,-0.003896,-0.002546,-3.812949,-0.000718,0.004106,-0.000988,-0.644087,0.000396,-2.965538,-0.000783,0.004356,-0.001092
9.9500,-0.003896,-0.002544,-3.812890,-0.000698,0.003938,-0.000989,-0.648347,0.000291,-2.964134,-0.000742,0.004004,-0.000826
10.0000,-0.003679,-0.002549,-3.812836,-0.000677,0.003671,-0.001016,-0.651315,0.000286,-2.964316,-0.000724,0.003727,-0.000987
10.0500,-0.001510,-0.002579,-3.812854,-0.000672,0.003108,-0.001142,-0.655178,0.000295,-2.963355,-0.000524,0.002989,-0.001296
10.1000,0.004265,-0.002627,-3.812973,-0.000695,0.002273,-0.001356,-0.658141,0.000294,-2.963503,-0.000766,0.002604,-0.001214
10.1500,0.013815,-0.002683,-3.813170,-0.000740,0.001314,-0.001639,-0.662173,0.000322,-2.963307,-0.000684,0.001179,-0.001640
10.2020,0.026361,-0.002745,-3.813396,-0.000802,0.000377,-0.001944,-0.665130,0.000324,-2.963464,-0.000849,0.000604,-0.001766
10.2500,0.040828,-0.002805,-3.813601,-0.000870,-0.000479,-0.002208,-0.669896,0.000308,-2.963938,-0.000893,-0.000468,-0.002006
10.3000,0.056247,-0.002854,-3.813756,-0.000932,-0.001206,-0.002427,-0.668348,0.000414,-2.963811,-0.000986,-0.001210,-0.002312
10.3520,0.071940,-0.002894,-3.813853,-0.000982,-0.001782,-0.002609,-0.671278,0.000441,-2.964514,-0.000875,-0.001771,-0.002607
10.4000,0.087571,-0.002934,-3.813895,-0.001019,-0.002212,-0.002779,-0.671774,0.000505,-2.964556,-0.001163,-0.002309,-0.002799
10.4500,0.103097,-0.002973,-3.813891,-0.001045,-0.002507,-0.002923,-0.673890,0.000579,-2.965289,-0.001128,-0.002398,-0.002916
10.5000,0.118515,-0.003012,-3.813851,-0.001058,-0.002696,-0.003033,-0.673409,0.000667,-2.965303,-0.001076,-0.002589,-0.003078
10.5500,0.133844,-0.003050,-3.813785,-0.001060,-0.002801,-0.003130,-0.674112,0.000798,-2.965901,-0.001179,-0.002857,-0.002939
10.6000,0.149106,-0.003087,-3.813701,-0.001050,-0.002842,-0.003203,-0.672654,0.000910,-2.965883,-0.001198,-0.002765,-0.003135
10.6500,0.164329,-0.003125,-3.813605,-0.001031,-0.002834,-0.003250,-0.676984,0.000934,-2.966579,-0.001253,-0.002709,-0.003183
10.7000,0.179538,-0.003164,-3.813501,-0.001003,-0.002786,-0.003279,-0.676679,0.001014,-2.966675,-0.000907,-0.002747,-0.003299
10.7500,0.194749,-0.003204,-3.813394,-0.000967,-0.002707,-0.003298,-0.676792,0.001135,-2.966974,-0.000964,-0.002775,-0.003499
10.8000,0.209969,-0.003245,-3.813285,-0.000925,-0.002605,-0.003308,-0.676486,0.001214,-2.967098,-0.000999,-0.002638,-0.003161
10.8500,0.225199,-0.003287,-3.813175,-0.000877,-0.002484,-0.003311,-0.675642,0.001333,-2.967210,-0.000764,-0.002420,-0.003327
10.9000,0.240437,-0.003330,-3.813067,-0.000824,-0.002349,-0.003307,-0.675320,0.001411,-2.967356,-0.000971,-0.002367,-0.003368
10.9500,0.255679,-0.003374,-3.812961,-0.000769,-0.002203,-0.003298,-0.673642,0.001537,-2.967290,-0.000632,-0.002099,-0.003386
11.0000,0.270923,-0.003419,-3.812857,-0.000710,-0.002049,-0.003285,-0.673306,0.001614,-2.967450,-0.000738,-0.002202,-0.003388
11.0500,0.286166,-0.003464,-3.812756,-0.000650,-0.001890,-0.003269,-0.671042,0.001764,-2.967225,-0.000735,-0.001966,-0.003314
11.1000,0.301408,-0.003509,-3.812658,-0.000590,-0.001727,-0.003251,-0.670697,0.001840,-2.967392,-0.000645,-0.001717,-0.003177
11.1500,0.316647,-0.003555,-3.812564,-0.000529,-0.001564,-0.003230,-0.668127,0.002031,-2.967032,-0.000627,-0.001602,-0.003128
11.2000,0.331883,-0.003601,-3.812472,-0.000468,-0.001401,-0.003209,-0.667774,0.002106,-2.967198,-0.000393,-0.001406,-0.003109
11.2500,0.347116,-0.003646,-3.812384,-0.000409,-0.001239,-0.003186,-0.665163,0.002355,-2.966731,-0.000279,-0.001274,-0.003236
11.3000,0.362347,-0.003692,-3.812300,-0.000352,-0.001080,-0.003163,-0.664802,0.002430,-2.966892,-0.000261,-0.001088,-0.003129
11.3500,0.377575,-0.003737,-3.812219,-0.000296,-0.000924,-0.003139,-0.662351,0.002752,-2.966343,-0.000212,-0.000952,-0.003012
11.4000,0.392801,-0.003783,-3.812141,-0.000243,-0.000772,-0.003115,-0.661983,0.002825,-2.966495,-0.000200,-0.000786,-0.003241
11.4500,0.408024,-0.003828,-3.812067,-0.000193,-0.000624,-0.003091,-0.659842,0.003213,-2.965890,-0.000337,-0.000754,-0.003049
11.5000,0.423245,-0.003873,-3.811995,-0.000145,-0.000481,-0.003067,-0.659471,0.003288,-2.966031,0.000011,-0.000579,-0.003101
11.5500,0.438465,-0.003917,-3.811927,-0.000100,-0.000343,-0.003043,-0.657711,0.003739,-2.965392,0.000001,-0.000306,-0.002936
11.6000,0.453682,-0.003962,-3.811863,-0.000058,-0.000210,-0.003020,-0.657340,0.003813,-2.965520,-0.000129,-0.000244,-0.003032
11.6500,0.468896,-0.004005,-3.811801,-0.000019,-0.000081,-0.002997,-0.656004,0.004305,-2.964866,-0.000033,-0.000100,-0.002996
11.7000,0.484109,-0.004049,-3.811741,0.000016,0.000042,-0.002974,-0.655631,0.004383,-2.964982,0.000027,0.000024,-0.002970
11.7500,0.499319,-0.004092,-3.811685,0.000049,0.000160,-0.002952,-0.654694,0.004905,-2.964330,0.000091,0.000095,-0.002984
11.8000,0.514527,-0.004135,-3.811631,0.000079,0.000273,-0.002930,-0.654324,0.004985,-2.964433,0.000084,0.000189,-0.002823
11.8520,0.529733,-0.004177,-3.811580,0.000105,0.000382,-0.002908,-0.653739,0.005522,-2.963795,0.000009,0.000267,-0.002964
11.9020,0.544937,-0.004220,-3.811531,0.000130,0.000485,-0.002888,-0.653374,0.005606,-2.963888,0.000123,0.000581,-0.002883
11.9500,0.560139,-0.004261,-3.811485,0.000151,0.000584,-0.002867,-0.653083,0.006147,-2.963275,-0.000013,0.000610,-0.002874
12.0000,0.575339,-0.004303,-3.811440,0.000170,0.000678,-0.002848,-0.652723,0.006234,-2.963359,0.000206,0.000740,-0.002912
12.0500,0.590537,-0.004344,-3.811398,0.000186,0.000768,-0.002828,-0.652665,0.006763,-2.962776,0.000137,0.000854,-0.002783
12.1000,0.605732,-0.004384,-3.811358,0.000201,0.000854,-0.002810,-0.652310,0.006853,-2.962853,0.000130,0.000849,-0.002833
12.1500,0.620926,-0.004424,-3.811320,0.000213,0.000936,-0.002791,-0.652422,0.007363,-2.962307,0.000314,0.000889,-0.002718
12.2000,0.636117,-0.004464,-3.811284,0.000223,0.001013,-0.002774,-0.652073,0.007454,-2.962379,0.000382,0.001053,-0.002739
12.2500,0.651307,-0.004504,-3.811249,0.000232,0.001087,-0.002757,-0.652301,0.007944,-2.961871,0.000198,0.001011,-0.002767
12.3000,0.666494,-0.004543,-3.811217,0.000238,0.001157,-0.002740,-0.651957,0.008036,-2.961940,0.000421,0.000982,-0.002717
12.3500,0.681680,-0.004582,-3.811186,0.000243,0.001224,-0.002723,-0.652241,0.008494,-2.961471,0.000326,0.001240,-0.002614
12.4000,0.696864,-0.004621,-3.811156,0.000247,0.001287,-0.002708,-0.651907,0.008585,-2.961540,0.000341,0.001345,-0.002800
12.4500,0.712046,-0.004659,-3.811128,0.000249,0.001348,-0.002692,-0.652225,0.009013,-2.961110,0.000097,0.001234,-0.002749
12.5020,0.727226,-0.004697,-3.811102,0.000251,0.001405,-0.002677,-0.651898,0.009106,-2.961180,0.000440,0.001359,-0.002667
12.5500,0.742404,-0.004735,-3.811077,0.000251,0.001459,-0.002663,-0.652222,0.009493,-2.960788,0.000418,0.001393,-0.002555
12.6000,0.757580,-0.004772,-3.811053,0.000250,0.001510,-0.002648,-0.651903,0.009587,-2.960861,0.000195,0.001450,-0.002592
12.6500,0.772755,-0.004809,-3.811031,0.000249,0.001559,-0.002635,-0.652212,0.009943,-2.960505,0.000122,0.001694,-0.002559
12.7000,0.787927,-0.004846,-3.811010,0.000246,0.001605,-0.002621,-0.651899,0.010039,-2.960581,0.000363,0.001536,-0.002541
12.7500,0.803098,-0.004883,-3.810990,0.000243,0.001648,-0.002608,-0.652186,0.010365,-2.960257,0.000184,0.001669,-0.002586
12.8000,0.818268,-0.004920,-3.810972,0.000240,0.001690,-0.002595,-0.651880,0.010462,-2.960339,0.000082,0.001689,-0.002478
12.8500,0.833435,-0.004956,-3.810954,0.000236,0.001729,-0.002583,-0.652139,0.010759,-2.960045,0.000254,0.001814,-0.002697
12.9000,0.848601,-0.004992,-3.810938,0.000231,0.001766,-0.002570,-0.651838,0.010858,-2.960133,0.000281,0.001805,-0.002602
12.9500,0.863765,-0.005028,-3.810922,0.000226,0.001801,-0.002559,-0.652064,0.011127,-2.959866,0.000103,0.001728,-0.002717
13.0000,0.878927,-0.005064,-3.810908,0.000221,0.001834,-0.002547,-0.651770,0.011229,-2.959961,0.000164,0.001708,-0.002579
13.0500,0.894088,-0.005099,-3.810894,0.000216,0.001865,-0.002536,-0.651966,0.011479,-2.959716,0.000159,0.001804,-0.002496
13.1020,0.909247,-0.005134,-3.810882,0.000210,0.001894,-0.002525,-0.651676,0.011580,-2.959818,0.000144,0.002016,-0.002495
13.1500,0.924405,-0.005170,-3.810870,0.000204,0.001922,-0.002514,-0.651842,0.011807,-2.959593,0.000079,0.002055,-0.002422
13.2000,0.939560,-0.005205,-3.810860,0.000199,0.001948,-0.002503,-0.651555,0.011912,-2.959703,0.000234,0.001907,-0.002546
13.2500,0.954715,-0.005239,-3.810850,0.000193,0.001973,-0.002493,-0.651686,0.012123,-2.959495,0.000110,0.001783,-0.002559
13.3000,0.969867,-0.005274,-3.810841,0.000187,0.001996,-0.002483,-0.651405,0.012228,-2.959613,0.000295,0.002044,-0.002549
13.3500,0.985019,-0.005309,-3.810832,0.000181,0.002018,-0.002473,-0.651508,0.012428,-2.959418,0.000371,0.001832,-0.002292
13.4000,1.000168,-0.005343,-3.810825,0.000175,0.002039,-0.002463,-0.651232,0.012531,-2.959544,-0.000000,0.002008,-0.002446
13.4520,1.015316,-0.005377,-3.810818,0.000169,0.002058,-0.002454,-0.651301,0.012714,-2.959360,0.000174,0.002064,-0.002430
13.5000,1.030463,-0.005412,-3.810812,0.000163,0.002077,-0.002445,-0.651029,0.012818,-2.959494,0.000182,0.002010,-0.002507
13.5500,1.045608,-0.005446,-3.810806,0.000158,0.002094,-0.002436,-0.651068,0.012991,-2.959318,0.000170,0.002122,-0.002416
13.6000,1.060752,-0.005480,-3.810802,0.000152,0.002110,-0.002427,-0.650802,0.013094,-2.959459,0.000152,0.002212,-0.002443
13.6500,1.075894,-0.005513,-3.810797,0.000146,0.002125,-0.002418,-0.650818,0.013256,-2.959290,0.000349,0.002093,-0.002160
13.7020,1.091035,-0.005547,-3.810794,0.000141,0.002140,-0.002409,-0.650554,0.013357,-2.959439,0.000244,0.002161,-0.002337
13.7500,1.106174,-0.005581,-3.810791,0.000136,0.002153,-0.002401,-0.650539,0.013510,-2.959274,0.000185,0.002363,-0.002352
13.8000,1.121312,-0.005614,-3.810789,0.000131,0.002166,-0.002393,-0.650278,0.013608,-2.959430,0.000009,0.002330,-0.002477
13.8500,1.136449,-0.005647,-3.810787,0.000126,0.002178,-0.002385,-0.650240,0.013750,-2.959267,0.000196,0.002155,-0.002428
13.9000,1.151584,-0.005681,-3.810786,0.000121,0.002189,-0.002377,-0.649980,0.013847,-2.959430,0.000025,0.002014,-0.002378
13.9500,1.166718,-0.005714,-3.810785,0.000116,0.002199,-0.002369,-0.649913,0.013976,-2.959269,0.000159,0.002296,-0.002270
14.0000,1.181850,-0.005747,-3.810785,0.000112,0.002209,-0.002361,-0.649657,0.014074,-2.959437,0.000177,0.002204,-0.002325
14.0520,1.196982,-0.005780,-3.810785,0.000107,0.002218,-0.002354,-0.649562,0.014193,-2.959277,-0.000004,0.002341,-0.002479
14.1000,1.212111,-0.005813,-3.810786,0.000103,0.002226,-0.002346,-0.649308,0.014291,-2.959451,0.000178,0.002212,-0.002469
14.1500,1.227240,-0.005845,-3.810787,0.000099,0.002234,-0.002339,-0.649193,0.014398,-2.959291,0.000204,0.002189,-0.002258
14.2000,1.242367,-0.005878,-3.810789,0.000095,0.002241,-0.002332,-0.648941,0.014496,-2.959470,-0.000110,0.002155,-0.002353
14.2500,1.257493,-0.005911,-3.810791,0.000091,0.002248,-0.002325,-0.648794,0.014594,-2.959309,0.000026,0.002288,-0.002284
14.3000,1.272618,-0.005943,-3.810793,0.000088,0.002255,-0.002318,-0.648545,0.014694,-2.959492,0.000315,0.002345,-0.002312
14.3500,1.287741,-0.005976,-3.810796,0.000084,0.002261,-0.002311,-0.648372,0.014788,-2.959329,0.000081,0.002163,-0.002282
14.4000,1.302864,-0.006008,-3.810800,0.000081,0.002266,-0.002304,-0.648127,0.014887,-2.959517,0.000056,0.002113,-0.002300
14.4500,1.317985,-0.006040,-3.810804,0.000078,0.002271,-0.002297,-0.647928,0.014980,-2.959353,0.000104,0.002298,-0.002390
14.5000,1.333104,-0.006072,-3.810808,0.000075,0.002276,-0.002291,-0.647688,0.015079,-2.959544,-0.000010,0.002359,-0.002080
14.5500,1.348223,-0.006105,-3.810812,0.000072,0.002281,-0.002284,-0.647476,0.015169,-2.959378,-0.000116,0.002327,-0.002336
14.6000,1.363340,-0.006137,-3.810817,0.000069,0.002285,-0.002278,-0.647235,0.015268,-2.959572,0.000028,0.002268,-0.002335
14.6500,1.378457,-0.006169,-3.810823,0.000066,0.002288,-0.002272,-0.647001,0.015351,-2.959404,-0.000013,0.002291,-0.002306
14.7000,1.393572,-0.006200,-3.810828,0.000064,0.002292,-0.002265,-0.646763,0.015452,-2.959601,0.000108,0.002462,-0.002177
14.7500,1.408686,-0.006232,-3.810834,0.000062,0.002295,-0.002259,-0.646513,0.015537,-2.959431,0.000070,0.002427,-0.002274
14.8000,1.423798,-0.006264,-3.810841,0.000059,0.002298,-0.002253,-0.646276,0.015637,-2.959631,-0.000005,0.002320,-0.002189
14.8500,1.438910,-0.006296,-3.810848,0.000057,0.002301,-0.002247,-0.646014,0.015719,-2.959458,-0.000137,0.002372,-0.002201
14.9000,1.454021,-0.006327,-3.810855,0.000055,0.002303,-0.002241,-0.645778,0.015823,-2.959660,0.000085,0.002490,-0.002151
14.9500,1.469130,-0.006359,-3.810862,0.000053,0.002306,-0.002236,-0.645499,0.015898,-2.959486,0.000083,0.002314,-0.002283
15.0000,1.484238,-0.006390,-3.810870,0.000051,0.002308,-0.002230,-0.645265,0.016004,-2.959690,0.000004,0.002255,-0.002166
15.0520,1.499346,-0.006422,-3.810878,0.000050,0.002310,-0.002224,-0.644984,0.016095,-2.959514,0.000140,0.002384,-0.002232
15.1000,1.514452,-0.006453,-3.810886,0.000048,0.002311,-0.002219,-0.644749,0.016199,-2.959720,0.000297,0.002254,-0.002134
15.1500,1.529557,-0.006484,-3.810895,0.000046,0.002313,-0.002213,-0.644453,0.016299,-2.959543,-0.000063,0.002269,-0.002240
15.2000,1.544661,-0.006516,-3.810903,0.000045,0.002314,-0.002208,-0.644220,0.016402,-2.959750,0.000050,0.002192,-0.002359
15.2520,1.559764,-0.006547,-3.810913,0.000043,0.002315,-0.002202,-0.643902,0.016502,-2.959571,0.000030,0.002385,-0.002106
15.3000,1.574866,-0.006578,-3.810922,0.000042,0.002317,-0.002197,-0.643673,0.016606,-2.959779,0.000019,0.002317,-0.002152
15.3500,1.589967,-0.006609,-3.810932,0.000041,0.002318,-0.002192,-0.643354,0.016709,-2.959599,0.000053,0.002193,-0.002242
15.4000,1.605067,-0.006640,-3.810942,0.000040,0.002318,-0.002187,-0.643128,0.016814,-2.959809,0.000068,0.002321,-0.002305
15.4500,1.620166,-0.006671,-3.810952,0.000038,0.002319,-0.002181,-0.642802,0.016933,-2.959628,0.000040,0.002464,-0.002093
15.5000,1.635264,-0.006702,-3.810963,0.000037,0.002320,-0.002176,-0.642577,0.017036,-2.959838,0.000054,0.002402,-0.002054
15.5500,1.650361,-0.006733,-3.810973,0.000036,0.002320,-0.002171,-0.642245,0.017159,-2.959656,-0.000090,0.002229,-0.002163
15.6000,1.665457,-0.006763,-3.810985,0.000035,0.002321,-0.002166,-0.642023,0.017262,-2.959867,0.000109,0.002310,-0.002228
15.6500,1.680552,-0.006794,-3.810996,0.000034,0.002321,-0.002161,-0.641698,0.017383,-2.959685,0.000055,0.002172,-0.002050
15.7000,1.695646,-0.006825,-3.811007,0.000034,0.002322,-0.002157,-0.641476,0.017487,-2.959897,-0.000009,0.002180,-0.002192
15.7500,1.710739,-0.006855,-3.811019,0.000033,0.002322,-0.002152,-0.641146,0.017609,-2.959713,0.000128,0.002335,-0.001986
15.8000,1.725832,-0.006886,-3.811031,0.000032,0.002322,-0.002147,-0.640925,0.017713,-2.959926,-0.000090,0.002261,-0.002121
15.8500,1.740923,-0.006916,-3.811044,0.000031,0.002322,-0.002142,-0.640589,0.017843,-2.959742,-0.000111,0.002361,-0.001993
15.9000,1.756013,-0.006947,-3.811056,0.000031,0.002322,-0.002138,-0.640370,0.017948,-2.959956,0.000060,0.002410,-0.002110
15.9500,1.771103,-0.006977,-3.811069,0.000030,0.002322,-0.002133,-0.640036,0.018081,-2.959772,0.000039,0.002319,-0.002250
16.0000,1.786192,-0.007007,-3.811082,0.000029,0.002322,-0.002129,-0.639819,0.018185,-2.959985,0.000117,0.002475,-0.002205
16.0500,1.801279,-0.007038,-3.811095,0.000029,0.002322,-0.002124,-0.639491,0.018318,-2.959801,-0.000024,0.002241,-0.002147
16.1000,1.816366,-0.007068,-3.811108,0.000028,0.002322,-0.002120,-0.639275,0.018424,-2.960015,-0.000099,0.002430,-0.002140
16.1500,1.831452,-0.007098,-3.811122,0.000028,0.002322,-0.002115,-0.638951,0.018558,-2.959832,-0.000013,0.002411,-0.001967
16.2000,1.846537,-0.007128,-3.811136,0.000027,0.002322,-0.002111,-0.638734,0.018665,-2.960046,-0.000002,0.002315,-0.002052
16.2500,1.861622,-0.007158,-3.811150,0.000027,0.002321,-0.002107,-0.638412,0.018809,-2.959862,0.000076,0.002271,-0.001965
16.3000,1.876705,-0.007188,-3.811164,0.000027,0.002321,-0.002102,-0.638196,0.018915,-2.960077,-0.000118,0.002131,-0.002029
16.3500,1.891788,-0.007218,-3.811179,0.000026,0.002321,-0.002098,-0.637865,0.019065,-2.959893,-0.000006,0.002213,-0.002070
16.4000,1.906870,-0.007248,-3.811193,0.000026,0.002320,-0.002094,-0.637653,0.019171,-2.960108,0.000010,0.002388,-0.002185
16.4500,1.921951,-0.007278,-3.811208,0.000025,0.002320,-0.002090,-0.637320,0.019311,-2.959925,-0.000012,0.002446,-0.002082
16.5000,1.937031,-0.007308,-3.811223,0.000025,0.002320,-0.002086,-0.637110,0.019420,-2.960140,0.000104,0.002207,-0.002151
16.5500,1.952110,-0.007338,-3.811238,0.000025,0.002319,-0.002082,-0.636774,0.019572,-2.959957,0.000000,0.002209,-0.002176
16.6000,1.967189,-0.007367,-3.811254,0.000025,0.002319,-0.002078,-0.636569,0.019680,-2.960173,-0.000002,0.002260,-0.002083
16.6500,1.982267,-0.007397,-3.811269,0.000024,0.002318,-0.002074,-0.636233,0.019833,-2.959990,0.000046,0.002375,-0.002128
16.7000,1.997344,-0.007427,-3.811285,0.000024,0.002318,-0.002070,-0.636030,0.019940,-2.960206,-0.000089,0.002304,-0.002106
16.7500,2.012420,-0.007456,-3.811301,0.000024,0.002317,-0.002066,-0.635704,0.020097,-2.960023,-0.000034,0.002353,-0.001873
16.8000,2.027496,-0.007486,-3.811318,0.000024,0.002317,-0.002062,-0.635502,0.020205,-2.960240,0.000050,0.002292,-0.001998
16.8500,2.042570,-0.007515,-3.811334,0.000023,0.002316,-0.002059,-0.635181,0.020365,-2.960057,0.000045,0.002333,-0.002139
16.9000,2.057644,-0.007545,-3.811351,0.000023,0.002316,-0.002055,-0.634982,0.020473,-2.960274,-0.000032,0.002209,-0.001992
16.9500,2.072718,-0.007574,-3.811367,0.000023,0.002315,-0.002051,-0.634667,0.020633,-2.960092,0.000007,0.002245,-0.002059
17.0000,2.087790,-0.007604,-3.811384,0.000023,0.002315,-0.002047,-0.634469,0.020742,-2.960309,0.000017,0.002442,-0.002031
17.0500,2.102862,-0.007633,-3.811401,0.000023,0.002314,-0.002044,-0.634158,0.020913,-2.960128,0.000050,0.002338,-0.002063
17.1000,2.117933,-0.007662,-3.811419,0.000023,0.002314,-0.002040,-0.633962,0.021020,-2.960345,0.000010,0.002351,-0.002079
17.1500,2.133004,-0.007692,-3.811436,0.000023,0.002313,-0.002037,-0.633657,0.021195,-2.960164,0.000058,0.002338,-0.002024
17.2020,2.148073,-0.007721,-3.811454,0.000022,0.002313,-0.002033,-0.633462,0.021300,-2.960381,0.000077,0.002190,-0.002147
17.2500,2.163142,-0.007750,-3.811471,0.000022,0.002312,-0.002030,-0.633169,0.021467,-2.960200,0.000119,0.002384,-0.002163
17.3000,2.178211,-0.007779,-3.811489,0.000022,0.002312,-0.002026,-0.632974,0.021574,-2.960418,0.000187,0.002332,-0.002000
17.3500,2.193278,-0.007808,-3.811507,0.000022,0.002311,-0.002023,-0.632694,0.021743,-2.960238,-0.000038,0.002425,-0.002090
17.4000,2.208345,-0.007837,-3.811526,0.000022,0.002311,-0.002019,-0.632497,0.021850,-2.960456,0.000054,0.002359,-0.001936
17.4500,2.223412,-0.007866,-3.811544,0.000022,0.002310,-0.002016,-0.632217,0.022015,-2.960276,-0.000143,0.002180,-0.002032
17.5000,2.238477,-0.007895,-3.811563,0.000022,0.002309,-0.002013,-0.632023,0.022123,-2.960494,0.000018,0.002273,-0.002179
17.5500,2.253542,-0.007924,-3.811581,0.000022,0.002309,-0.002009,-0.631739,0.022280,-2.960315,-0.000063,0.002336,-0.002177
17.6000,2.268607,-0.007953,-3.811600,0.000022,0.002308,-0.002006,-0.631546,0.022389,-2.960533,0.000073,0.002433,-0.002030
17.6500,2.283670,-0.007982,-3.811619,0.000022,0.002308,-0.002003,-0.631278,0.022541,-2.960354,0.000098,0.002452,-0.001914
17.7000,2.298733,-0.008011,-3.811639,0.000022,0.002307,-0.002000,-0.631083,0.022651,-2.960572,-0.000043,0.002369,-0.002108
17.7500,2.313796,-0.008040,-3.811658,0.000022,0.002307,-0.001997,-0.630815,0.022806,-2.960394,-0.000129,0.002354,-0.002010
17.8000,2.328858,-0.008068,-3.811677,0.000022,0.002306,-0.001993,-0.630620,0.022917,-2.960612,0.000050,0.002274,-0.002103
17.8500,2.343919,-0.008097,-3.811697,0.000021,0.002306,-0.001990,-0.630345,0.023066,-2.960434,0.000025,0.002359,-0.002059
17.9000,2.358979,-0.008126,-3.811717,0.000021,0.002305,-0.001987,-0.630151,0.023180,-2.960653,-0.000015,0.002201,-0.001956
17.9500,2.374039,-0.008154,-3.811737,0.000021,0.002305,-0.001984,-0.629883,0.023331,-2.960475,0.000040,0.002254,-0.001994
18.0000,2.389099,-0.008183,-3.811757,0.000021,0.002304,-0.001981,-0.629690,0.023445,-2.960694,-0.000045,0.002248,-0.002138
18.0500,2.404158,-0.008212,-3.811777,0.000021,0.002303,-0.001978,-0.629398,0.023595,-2.960517,0.000088,0.002411,-0.002079
18.1000,2.419216,-0.008240,-3.811797,0.000021,0.002303,-0.001975,-0.629208,0.023711,-2.960736,-0.000028,0.002261,-0.001887
18.1500,2.434273,-0.008269,-3.811818,0.000021,0.002302,-0.001972,-0.628917,0.023853,-2.960559,0.000022,0.002423,-0.002029
18.2000,2.449330,-0.008297,-3.811838,0.000021,0.002302,-0.001970,-0.628728,0.023972,-2.960779,0.000009,0.002333,-0.001995
18.2500,2.464387,-0.008325,-3.811859,0.000021,0.002301,-0.001967,-0.628447,0.024137,-2.960602,0.000097,0.002312,-0.001999
18.3000,2.479443,-0.008354,-3.811880,0.000021,0.002301,-0.001964,-0.628259,0.024254,-2.960821,0.000115,0.002319,-0.002022
18.3520,2.494498,-0.008382,-3.811901,0.000021,0.002300,-0.001961,-0.627976,0.024430,-2.960645,0.000253,0.002222,-0.001911
18.4000,2.509553,-0.008411,-3.811922,0.000021,0.002300,-0.001958,-0.627789,0.024545,-2.960865,0.000004,0.002221,-0.001888
18.4500,2.524607,-0.008439,-3.811943,0.000021,0.002299,-0.001956,-0.627496,0.024741,-2.960689,-0.000174,0.002161,-0.002071
18.5000,2.539661,-0.008467,-3.811965,0.000021,0.002299,-0.001953,-0.627313,0.024855,-2.960909,-0.000063,0.002358,-0.001910
18.5500,2.554714,-0.008495,-3.811986,0.000021,0.002298,-0.001950,-0.627016,0.025035,-2.960733,0.000224,0.002351,-0.001925
18.6020,2.569767,-0.008524,-3.812008,0.000021,0.002298,-0.001947,-0.626833,0.025149,-2.960953,0.000195,0.002412,-0.001932
18.6500,2.584819,-0.008552,-3.812030,0.000021,0.002297,-0.001945,-0.626549,0.025343,-2.960778,0.000082,0.002120,-0.002029
18.7000,2.599871,-0.008580,-3.812052,0.000021,0.002297,-0.001942,-0.626368,0.025456,-2.960998,0.000143,0.002345,-0.001954
18.7520,2.614922,-0.008608,-3.812074,0.000021,0.002296,-0.001940,-0.626070,0.025656,-2.960823,0.000054,0.002182,-0.001874
18.8000,2.629972,-0.008636,-3.812096,0.000021,0.002296,-0.001937,-0.625893,0.025768,-2.961043,-0.000087,0.002180,-0.001864
18.8500,2.645022,-0.008664,-3.812118,0.000021,0.002295,-0.001935,-0.625582,0.025968,-2.960869,0.000022,0.002527,-0.001907
18.9000,2.660072,-0.008692,-3.812140,0.000021,0.002295,-0.001932,-0.625407,0.026079,-2.961089,0.000071,0.002291,-0.001916
18.9500,2.675121,-0.008720,-3.812163,0.000021,0.002294,-0.001930,-0.625107,0.026268,-2.960915,0.000114,0.002161,-0.001940
19.0000,2.690170,-0.008748,-3.812185,0.000021,0.002294,-0.001927,-0.624936,0.026378,-2.961136,0.000297,0.002369,-0.001936
19.0500,2.705218,-0.008776,-3.812208,0.000021,0.002293,-0.001925,-0.624642,0.026572,-2.960961,0.000032,0.002392,-0.001901
19.1000,2.720266,-0.008804,-3.812231,0.000021,0.002293,-0.001922,-0.624472,0.026681,-2.961182,0.000050,0.002460,-0.001967
19.1500,2.735313,-0.008832,-3.812254,0.000021,0.002293,-0.001920,-0.624196,0.026863,-2.961008,-0.000087,0.002343,-0.001839
19.2000,2.750359,-0.008860,-3.812277,0.000021,0.002292,-0.001917,-0.624026,0.026974,-2.961230,-0.000088,0.002372,-0.001879
19.2500,2.765406,-0.008888,-3.812300,0.000021,0.002292,-0.001915,-0.623762,0.027130,-2.961056,-0.000176,0.002199,-0.001935
19.3000,2.780452,-0.008916,-3.812323,0.000021,0.002291,-0.001913,-0.623593,0.027245,-2.961277,-0.000027,0.002285,-0.001915
19.3500,2.795497,-0.008944,-3.812347,0.000021,0.002291,-0.001911,-0.623328,0.027391,-2.961103,-0.000043,0.002189,-0.001810
19.4000,2.810542,-0.008971,-3.812370,0.000021,0.002290,-0.001908,-0.623161,0.027508,-2.961325,0.000111,0.002332,-0.001933
19.4520,2.825586,-0.008999,-3.812394,0.000021,0.002290,-0.001906,-0.622905,0.027666,-2.961152,0.000037,0.002286,-0.001850
19.5000,2.840630,-0.009027,-3.812417,0.000021,0.002289,-0.001904,-0.622739,0.027782,-2.961374,0.000025,0.002197,-0.001940
19.5500,2.855674,-0.009054,-3.812441,0.000021,0.002289,-0.001902,-0.622489,0.027950,-2.961200,-0.000075,0.002324,-0.001748
19.6000,2.870717,-0.009082,-3.812465,0.000021,0.002289,-0.001899,-0.622323,0.028066,-2.961422,0.000089,0.002107,-0.001803
19.6500,2.885759,-0.009110,-3.812489,0.000021,0.002288,-0.001897,-0.622078,0.028234,-2.961249,0.000117,0.002212,-0.001582
19.7020,2.900802,-0.009137,-3.812513,0.000021,0.002288,-0.001895,-0.621913,0.028349,-2.961471,-0.000082,0.002152,-0.001626
19.7500,2.915844,-0.009165,-3.812537,0.000021,0.002287,-0.001893,-0.621662,0.028507,-2.961299,0.000165,0.002279,-0.001874
19.8000,2.930885,-0.009193,-3.812562,0.000021,0.002287,-0.001891,-0.621500,0.028624,-2.961521,0.000072,0.002271,-0.001763
19.8500,2.945926,-0.009220,-3.812586,0.000021,0.002287,-0.001889,-0.621252,0.028792,-2.961348,0.000038,0.002390,-0.001715
19.9000,2.960967,-0.009248,-3.812611,0.000021,0.002286,-0.001887,-0.621092,0.028909,-2.961571,0.000046,0.002058,-0.001786
19.9500,2.976007,-0.009275,-3.812635,0.000021,0.002286,-0.001885,-0.620848,0.029077,-2.961398,-0.000190,0.002317,-0.001965
20.0000,2.991047,-0.009303,-3.812660,0.000021,0.002285,-0.001883,-0.620689,0.029196,-2.961621,0.000124,0.002424,-0.001906
20.0500,3.006086,-0.009330,-3.812685,0.000021,0.002285,-0.001881,-0.620467,0.029365,-2.961449,-0.000037,0.002244,-0.001914
20.1000,3.021125,-0.009357,-3.812709,0.000021,0.002285,-0.001879,-0.620307,0.029483,-2.961672,-0.000085,0.002326,-0.001951
20.1500,3.036164,-0.009385,-3.812734,0.000021,0.002284,-0.001877,-0.620083,0.029649,-2.961500,0.000146,0.002361,-0.001841
20.2000,3.051202,-0.009412,-3.812759,0.000021,0.002284,-0.001875,-0.619923,0.029768,-2.961722,-0.000092,0.002365,-0.001854
20.2500,3.066240,-0.009440,-3.812784,0.000021,0.002283,-0.001873,-0.619714,0.029939,-2.961551,0.000039,0.002302,-0.001865
20.3000,3.081277,-0.009467,-3.812810,0.000021,0.002283,-0.001871,-0.619552,0.030059,-2.961774,-0.000149,0.002268,-0.001881
20.3500,3.096314,-0.009494,-3.812835,0.000021,0.002283,-0.001869,-0.619336,0.030219,-2.961602,0.000100,0.002224,-0.001846
20.4000,3.111351,-0.009522,-3.812860,0.000021,0.002282,-0.001867,-0.619176,0.030341,-2.961825,-0.000060,0.002134,-0.001973
20.4500,3.126387,-0.009549,-3.812886,0.000021,0.002282,-0.001865,-0.618945,0.030514,-2.961654,0.000022,0.002311,-0.001867
20.5000,3.141423,-0.009576,-3.812911,0.000021,0.002282,-0.001864,-0.618788,0.030635,-2.961877,-0.000019,0.002361,-0.001860
20.5500,3.156459,-0.009603,-3.812937,0.000021,0.002281,-0.001862,-0.618561,0.030803,-2.961706,-0.000014,0.002363,-0.001967
20.6000,3.171494,-0.009631,-3.812963,0.000021,0.002281,-0.001860,-0.618404,0.030927,-2.961929,0.000116,0.002294,-0.001925
20.6500,3.186529,-0.009658,-3.812988,0.000021,0.002281,-0.001858,-0.618165,0.031113,-2.961758,-0.000061,0.002389,-0.001710
20.7000,3.201564,-0.009685,-3.813014,0.000021,0.002280,-0.001856,-0.618011,0.031236,-2.961982,0.000034,0.002199,-0.001891
20.7500,3.216598,-0.009712,-3.813040,0.000021,0.002280,-0.001855,-0.617764,0.031411,-2.961811,0.000190,0.002246,-0.001670
20.8000,3.231632,-0.009739,-3.813066,0.000021,0.002280,-0.001853,-0.617613,0.031534,-2.962035,-0.000035,0.002405,-0.001859
20.8500,3.246666,-0.009766,-3.813092,0.000021,0.002279,-0.001851,-0.617372,0.031717,-2.961864,-0.000046,0.002353,-0.001702
20.9000,3.261699,-0.009793,-3.813119,0.000021,0.002279,-0.001850,-0.617221,0.031842,-2.962088,-0.000030,0.002229,-0.001986
20.9500,3.276732,-0.009821,-3.813145,0.000021,0.002279,-0.001848,-0.616982,0.032021,-2.961917,0.000016,0.002243,-0.001954
21.0000,3.291764,-0.009848,-3.813171,0.000021,0.002278,-0.001846,-0.616833,0.032146,-2.962141,0.000006,0.002409,-0.001826
21.0500,3.306796,-0.009875,-3.813198,0.000021,0.002278,-0.001845,-0.616593,0.032328,-2.961971,0.000101,0.002235,-0.001861
21.1000,3.321828,-0.009902,-3.813224,0.000021,0.002278,-0.001843,-0.616446,0.032453,-2.962195,-0.000133,0.002287,-0.001897
21.1500,3.336860,-0.009929,-3.813251,0.000021,0.002277,-0.001841,-0.616208,0.032643,-2.962025,0.000024,0.002221,-0.001676
21.2000,3.351891,-0.009956,-3.813277,0.000021,0.002277,-0.001840,-0.616063,0.032769,-2.962249,-0.000040,0.002255,-0.001753
21.2500,3.366922,-0.009983,-3.813304,0.000021,0.002277,-0.001838,-0.615836,0.032974,-2.962079,0.000113,0.002299,-0.001775
21.3000,3.381953,-0.010010,-3.813331,0.000021,0.002277,-0.001837,-0.615690,0.033098,-2.962303,0.000013,0.002234,-0.001722
21.3500,3.396983,-0.010036,-3.813358,0.000021,0.002276,-0.001835,-0.615469,0.033311,-2.962133,0.000176,0.002281,-0.001723
21.4000,3.412013,-0.010063,-3.813384,0.000021,0.002276,-0.001834,-0.615325,0.033433,-2.962357,-0.000085,0.002349,-0.001890
21.4500,3.427043,-0.010090,-3.813411,0.000021,0.002276,-0.001832,-0.615105,0.033645,-2.962188,0.000012,0.002248,-0.001703
21.5000,3.442073,-0.010117,-3.813439,0.000021,0.002275,-0.001831,-0.614962,0.033767,-2.962412,-0.000118,0.002291,-0.001707
21.5500,3.457102,-0.010144,-3.813466,0.000021,0.002275,-0.001829,-0.614746,0.033972,-2.962243,-0.000117,0.002324,-0.001915
21.6000,3.472131,-0.010171,-3.813493,0.000021,0.002275,-0.001828,-0.614603,0.034096,-2.962467,-0.000067,0.002353,-0.001841
21.6500,3.487159,-0.010198,-3.813520,0.000021,0.002275,-0.001826,-0.614394,0.034284,-2.962298,-0.000117,0.002166,-0.001933
21.7000,3.502188,-0.010224,-3.813547,0.000022,0.002274,-0.001825,-0.614252,0.034411,-2.962523,0.000115,0.002304,-0.001803
21.7500,3.517216,-0.010251,-3.813575,0.000022,0.002274,-0.001823,-0.614029,0.034605,-2.962353,0.000146,0.002178,-0.001797
21.8000,3.532243,-0.010278,-3.813602,0.000022,0.002274,-0.001822,-0.613891,0.034730,-2.962578,0.000074,0.002138,-0.001809
21.8500,3.547271,-0.010305,-3.813630,0.000022,0.002273,-0.001821,-0.613675,0.034918,-2.962409,0.000092,0.002094,-0.001868
21.9000,3.562298,-0.010332,-3.813657,0.000022,0.002273,-0.001819,-0.613538,0.035044,-2.962634,0.000095,0.002280,-0.001957
21.9500,3.577325,-0.010358,-3.813685,0.000022,0.002273,-0.001818,-0.613327,0.035252,-2.962465,0.000048,0.002343,-0.001870
22.0000,3.592183,-0.010391,-3.813698,0.000022,0.002387,-0.001798,-0.613190,0.035376,-2.962690,-0.000038,0.002320,-0.001868
22.0500,3.605291,-0.010435,-3.813668,0.000038,0.002821,-0.001731,-0.613030,0.035581,-2.962339,0.000063,0.002804,-0.001709
22.1000,3.614904,-0.010472,-3.813565,0.000089,0.003544,-0.001707,-0.612891,0.035704,-2.962554,0.000119,0.003327,-0.001807
22.1500,3.620739,-0.010490,-3.813391,0.000177,0.004414,-0.001783,-0.613520,0.035958,-2.961668,0.000298,0.004502,-0.001808
22.2000,3.623503,-0.010484,-3.813164,0.000299,0.005319,-0.001926,-0.613382,0.036080,-2.961848,0.000306,0.004999,-0.001930
22.2500,3.624244,-0.010464,-3.812912,0.000437,0.006170,-0.002083,-0.616907,0.036641,-2.960417,0.000697,0.006028,-0.002078
22.3000,3.623935,-0.010447,-3.812674,0.000573,0.006886,-0.002201,-0.620111,0.036691,-2.960747,0.000513,0.006621,-0.002253
22.3500,3.623284,-0.010439,-3.812476,0.000693,0.007436,-0.002285,-0.630290,0.037827,-2.959116,0.000676,0.007440,-0.002262
22.4000,3.622620,-0.010431,-3.812326,0.000795,0.007819,-0.002364,-0.631955,0.037907,-2.959299,0.000931,0.007831,-0.002364
22.4500,3.622012,-0.010424,-3.812220,0.000875,0.008054,-0.002423,-0.646812,0.039596,-2.957711,0.000935,0.008161,-0.002421
22.5000,3.621507,-0.010423,-3.812150,0.000933,0.008173,-0.002459,-0.649249,0.039662,-2.957881,0.000974,0.008096,-0.002587
22.5500,3.621107,-0.010425,-3.812109,0.000969,0.008204,-0.002482,-0.664209,0.041624,-2.956473,0.000985,0.008153,-0.002457
22.6000,3.620790,-0.010430,-3.812088,0.000986,0.008166,-0.002500,-0.666201,0.041698,-2.956607,0.000952,0.008056,-0.002627
22.6500,3.620526,-0.010435,-3.812081,0.000986,0.008074,-0.002512,-0.681034,0.043594,-2.955504,0.000970,0.008017,-0.002472
22.7000,3.620287,-0.010439,-3.812082,0.000972,0.007942,-0.002520,-0.682987,0.043674,-2.955618,0.001013,0.007990,-0.002414
22.7500,3.620057,-0.010443,-3.812090,0.000945,0.007780,-0.002524,-0.695422,0.045281,-2.954804,0.000842,0.007809,-0.002442
22.8000,3.619829,-0.010448,-3.812100,0.000908,0.007595,-0.002525,-0.697389,0.045367,-2.954901,0.001099,0.007748,-0.002462
22.8500,3.619600,-0.010453,-3.812112,0.000863,0.007393,-0.002523,-0.707007,0.046590,-2.954358,0.000826,0.007393,-0.002600
22.9000,3.619370,-0.010457,-3.812125,0.000811,0.007180,-0.002517,-0.708995,0.046679,-2.954449,0.000865,0.007217,-0.002597
22.9500,3.619138,-0.010460,-3.812138,0.000753,0.006958,-0.002509,-0.715997,0.047487,-2.954149,0.000773,0.006994,-0.002477
23.0000,3.618887,-0.010461,-3.812152,0.000676,0.006718,-0.002063,-0.718005,0.047580,-2.954244,0.000677,0.006843,-0.002371
23.0500,3.618588,-0.010501,-3.812198,0.000556,0.006453,0.001218,-0.722885,0.047987,-2.954204,0.000554,0.006479,0.001177
23.1000,3.618284,-0.010579,-3.812258,0.000418,0.006181,0.007269,-0.724955,0.048014,-2.954353,0.000488,0.006291,0.005815
23.1500,3.618003,-0.010652,-3.812312,0.000294,0.005891,0.014614,-0.728326,0.048072,-2.954552,0.000226,0.005797,0.014684
23.2000,3.617747,-0.010710,-3.812355,0.000202,0.005610,0.022838,-0.730362,0.048079,-2.954718,0.000228,0.005620,0.020993
23.2500,3.617508,-0.010762,-3.812390,0.000133,0.005350,0.031981,-0.733053,0.048038,-2.955045,0.000131,0.005199,0.032044
23.3000,3.617284,-0.010810,-3.812418,0.000081,0.005109,0.041942,-0.735061,0.048020,-2.955228,-0.000157,0.005160,0.039897
23.3500,3.617068,-0.010853,-3.812440,0.000049,0.004886,0.052495,-0.737711,0.047964,-2.955622,0.000009,0.004910,0.052534
23.4000,3.616857,-0.010889,-3.812458,0.000036,0.004679,0.063477,-0.739704,0.047917,-2.955829,0.000159,0.004784,0.061264
23.4520,3.616651,-0.010920,-3.812472,0.000037,0.004488,0.074801,-0.742530,0.047849,-2.956243,0.000106,0.004497,0.074722
23.5000,3.616448,-0.010946,-3.812483,0.000048,0.004311,0.086407,-0.744511,0.047767,-2.956476,-0.000067,0.004249,0.084123
23.5500,3.616248,-0.010971,-3.812492,0.000067,0.004147,0.098231,-0.747472,0.047631,-2.956878,0.000076,0.004214,0.098165
23.6020,3.616050,-0.010993,-3.812500,0.000090,0.003996,0.110223,-0.749446,0.047506,-2.957138,0.000025,0.004021,0.107811
23.6500,3.615855,-0.011015,-3.812506,0.000116,0.003855,0.122346,-0.752349,0.047257,-2.957505,0.000156,0.003575,0.122202
23.7000,3.615663,-0.011036,-3.812512,0.000142,0.003724,0.134571,-0.754316,0.047083,-2.957788,0.000059,0.003822,0.132196
23.7500,3.615474,-0.011058,-3.812516,0.000169,0.003603,0.146877,-0.756938,0.046692,-2.958106,0.000061,0.003626,0.146921
23.8000,3.615287,-0.011081,-3.812520,0.000195,0.003491,0.159244,-0.758895,0.046471,-2.958408,0.000469,0.003444,0.156845
23.8520,3.615103,-0.011105,-3.812524,0.000220,0.003388,0.171661,-0.761053,0.045943,-2.958669,0.000190,0.003404,0.171751
23.9000,3.614921,-0.011130,-3.812527,0.000243,0.003292,0.184114,-0.762995,0.045670,-2.958987,0.000362,0.003327,0.181692
23.9500,3.614742,-0.011157,-3.812531,0.000265,0.003203,0.196597,-0.764550,0.045025,-2.959186,0.000383,0.003156,0.196463
24.0000,3.614565,-0.011184,-3.812534,0.000285,0.003122,0.209102,-0.766479,0.044699,-2.959516,0.000290,0.003083,0.206629
24.0520,3.614391,-0.011214,-3.812537,0.000304,0.003046,0.221624,-0.767400,0.043964,-2.959652,0.000319,0.003138,0.221582
24.1000,3.614219,-0.011245,-3.812540,0.000321,0.002976,0.234160,-0.769308,0.043589,-2.959989,0.000263,0.003093,0.231717
24.1500,3.614049,-0.011277,-3.812543,0.000338,0.002912,0.246706,-0.769628,0.042785,-2.960064,0.000325,0.003049,0.246686
24.2000,3.613882,-0.011312,-3.812546,0.000353,0.002852,0.259260,-0.771513,0.042361,-2.960405,0.000353,0.002873,0.256781
24.2520,3.613716,-0.011347,-3.812549,0.000368,0.002797,0.271820,-0.771291,0.041526,-2.960424,0.000243,0.003041,0.271940
24.3000,3.613553,-0.011384,-3.812552,0.000381,0.002746,0.284385,-0.773150,0.041055,-2.960766,0.000493,0.002802,0.281868
24.3500,3.613393,-0.011423,-3.812555,0.000394,0.002699,0.296953,-0.772487,0.040199,-2.960731,0.000527,0.002512,0.297038
24.4000,3.613234,-0.011464,-3.812559,0.000406,0.002655,0.309523,-0.774321,0.039680,-2.961071,0.000473,0.002785,0.307138
24.4500,3.613078,-0.011505,-3.812562,0.000417,0.002614,0.322094,-0.773321,0.038851,-2.960989,0.000364,0.002649,0.322159
24.5000,3.612924,-0.011549,-3.812565,0.000428,0.002577,0.334667,-0.775128,0.038285,-2.961325,0.000461,0.002565,0.332188
24.5500,3.612772,-0.011593,-3.812569,0.000439,0.002542,0.347241,-0.773935,0.037454,-2.961201,0.000453,0.002511,0.347390
24.6000,3.612622,-0.011639,-3.812573,0.000449,0.002509,0.359815,-0.775714,0.036845,-2.961532,0.000360,0.002525,0.357243
24.6500,3.612475,-0.011687,-3.812576,0.000459,0.002479,0.372389,-0.774434,0.036000,-2.961372,0.000506,0.002443,0.372168
24.7000,3.612329,-0.011736,-3.812580,0.000469,0.002451,0.384963,-0.776186,0.035349,-2.961695,0.000431,0.002340,0.382525
24.7500,3.612186,-0.011786,-3.812584,0.000478,0.002424,0.397537,-0.774932,0.034500,-2.961506,0.000499,0.002395,0.397473
24.8000,3.612045,-0.011838,-3.812588,0.000488,0.002400,0.410111,-0.776654,0.033808,-2.961821,0.000669,0.002570,0.407680
24.8500,3.611906,-0.011890,-3.812592,0.000497,0.002377,0.422684,-0.775524,0.032989,-2.961607,0.000214,0.002236,0.422531
24.9000,3.611770,-0.011944,-3.812596,0.000506,0.002355,0.435257,-0.777217,0.032255,-2.961913,0.000452,0.002466,0.432623
24.9500,3.611635,-0.011999,-3.812600,0.000515,0.002335,0.447829,-0.776262,0.031375,-2.961681,0.000448,0.002358,0.447900
25.0000,3.611502,-0.012056,-3.812604,0.000524,0.002316,0.460400,-0.777927,0.030603,-2.961977,0.000511,0.002379,0.457945
25.0500,3.611372,-0.012113,-3.812608,0.000533,0.002298,0.472972,-0.777215,0.029720,-2.961730,0.000666,0.002281,0.472991
25.1020,3.611244,-0.012171,-3.812612,0.000542,0.002281,0.485542,-0.778849,0.028909,-2.962017,0.000536,0.002385,0.483023
25.1500,3.611117,-0.012231,-3.812616,0.000550,0.002265,0.498112,-0.778427,0.028009,-2.961760,0.000608,0.002142,0.498213
25.2000,3.610993,-0.012291,-3.812620,0.000559,0.002251,0.510681,-0.780030,0.027161,-2.962038,0.000549,0.002146,0.508128
25.2500,3.610871,-0.012353,-3.812624,0.000568,0.002236,0.523249,-0.779842,0.026230,-2.961774,0.000799,0.002151,0.523304
25.3000,3.610751,-0.012415,-3.812628,0.000577,0.002223,0.535817,-0.781417,0.025341,-2.962043,0.000666,0.002102,0.533322
25.3500,3.610633,-0.012478,-3.812632,0.000585,0.002211,0.548385,-0.781506,0.024424,-2.961776,0.000483,0.002338,0.548441
25.4000,3.610517,-0.012543,-3.812636,0.000594,0.002199,0.560951,-0.783048,0.023497,-2.962036,0.000607,0.002226,0.558529
25.4500,3.610403,-0.012608,-3.812640,0.000602,0.002187,0.573517,-0.783418,0.022541,-2.961767,0.000599,0.001983,0.573517
25.5000,3.610292,-0.012673,-3.812644,0.000611,0.002176,0.586082,-0.784929,0.021577,-2.962020,0.000709,0.002295,0.583430
25.5500,3.610182,-0.012740,-3.812648,0.000619,0.002166,0.598647,-0.785543,0.020546,-2.961752,0.000686,0.002178,0.598764
25.6000,3.610074,-0.012807,-3.812652,0.000628,0.002156,0.611211,-0.787022,0.019547,-2.961998,0.000688,0.002038,0.608701
25.6500,3.609968,-0.012875,-3.812656,0.000636,0.002147,0.623775,-0.787845,0.018478,-2.961732,0.000714,0.002208,0.623839
25.7000,3.609864,-0.012943,-3.812660,0.000644,0.002138,0.636337,-0.789292,0.017442,-2.961972,0.000743,0.002295,0.633866
25.7500,3.609762,-0.013012,-3.812664,0.000652,0.002129,0.648899,-0.790320,0.016301,-2.961710,0.000653,0.001953,0.648971
25.8000,3.609662,-0.013082,-3.812668,0.000661,0.002121,0.661461,-0.791735,0.015231,-2.961943,0.000557,0.002027,0.658962
25.8500,3.609564,-0.013152,-3.812672,0.000669,0.002113,0.674022,-0.792877,0.014007,-2.961686,0.000790,0.001974,0.673913
25.9000,3.609467,-0.013223,-3.812676,0.000677,0.002106,0.686582,-0.794263,0.012902,-2.961915,0.000717,0.002128,0.684079
25.9500,3.609373,-0.013295,-3.812680,0.000685,0.002098,0.699142,-0.795518,0.011611,-2.961662,0.000817,0.002227,0.699191
26.0000,3.609281,-0.013366,-3.812684,0.000693,0.002091,0.711701,-0.796872,0.010471,-2.961886,0.000565,0.002015,0.709202
26.0500,3.609190,-0.013439,-3.812688,0.000701,0.002084,0.724260,-0.798250,0.009080,-2.961638,0.000617,0.002098,0.724230
26.1000,3.609101,-0.013511,-3.812691,0.000708,0.002078,0.736818,-0.799573,0.007911,-2.961858,0.000614,0.002109,0.734332
26.1500,3.609015,-0.013584,-3.812695,0.000716,0.002071,0.749375,-0.801040,0.006446,-2.961617,0.000759,0.002079,0.749407
26.2000,3.608930,-0.013658,-3.812699,0.000724,0.002065,0.761932,-0.802330,0.005246,-2.961833,0.000714,0.002134,0.759403
26.2520,3.608846,-0.013731,-3.812702,0.000732,0.002059,0.774488,-0.803864,0.003738,-2.961597,0.000729,0.002098,0.774304
26.3000,3.608765,-0.013805,-3.812706,0.000739,0.002054,0.787044,-0.805119,0.002506,-2.961810,0.000775,0.002137,0.784495
26.3500,3.608685,-0.013880,-3.812710,0.000747,0.002048,0.799599,-0.806698,0.000931,-2.961579,0.000700,0.002088,0.799683
26.4000,3.608608,-0.013954,-3.812713,0.000754,0.002042,0.812154,-0.807919,-0.000330,-2.961791,0.000626,0.001998,0.809640
26.4500,3.608531,-0.014029,-3.812717,0.000761,0.002037,0.824708,-0.809487,-0.001970,-2.961565,0.000965,0.001852,0.824700
26.5000,3.608457,-0.014104,-3.812720,0.000769,0.002032,0.837261,-0.810675,-0.003264,-2.961775,0.000575,0.002042,0.834838
26.5500,3.608384,-0.014179,-3.812724,0.000776,0.002027,0.849814,-0.812212,-0.004939,-2.961553,0.000862,0.002052,0.849744
26.6000,3.608314,-0.014255,-3.812727,0.000783,0.002022,0.862367,-0.813366,-0.006265,-2.961761,0.000846,0.002017,0.859834
26.6500,3.608244,-0.014330,-3.812731,0.000790,0.002017,0.874918,-0.814917,-0.008003,-2.961544,0.000885,0.002082,0.874892
26.7000,3.608177,-0.014406,-3.812734,0.000797,0.002012,0.887470,-0.816034,-0.009355,-2.961750,0.000802,0.001850,0.884897
26.7500,3.608111,-0.014481,-3.812738,0.000804,0.002008,0.900021,-0.817576,-0.011140,-2.961537,0.000749,0.002117,0.900074
26.8020,3.608047,-0.014557,-3.812741,0.000811,0.002003,0.912571,-0.818657,-0.012520,-2.961742,0.000808,0.002127,0.910257
26.8500,3.607984,-0.014633,-3.812744,0.000818,0.001998,0.925121,-0.820183,-0.014363,-2.961532,0.000916,0.001929,0.925220
26.9000,3.607923,-0.014708,-3.812748,0.000825,0.001994,0.937671,-0.821227,-0.015769,-2.961737,0.000880,0.001978,0.935218
26.9500,3.607864,-0.014784,-3.812751,0.000832,0.001990,0.950219,-0.822711,-0.017676,-2.961530,0.000728,0.002085,0.950202
27.0000,3.607806,-0.014860,-3.812754,0.000838,0.001985,0.962768,-0.823720,-0.019106,-2.961735,0.000894,0.001912,0.960300
27.0500,3.607749,-0.014936,-3.812757,0.000845,0.001981,0.975316,-0.825165,-0.021063,-2.961530,0.000837,0.002094,0.975268
27.1000,3.607695,-0.015011,-3.812760,0.000851,0.001977,0.987863,-0.826136,-0.022517,-2.961734,0.000905,0.001951,0.985201
27.1500,3.607641,-0.015087,-3.812764,0.000858,0.001973,1.000410,-0.827540,-0.024520,-2.961531,0.000844,0.001918,1.000289
27.2000,3.607590,-0.015162,-3.812767,0.000864,0.001969,1.012957,-0.828473,-0.025998,-2.961735,0.000782,0.001852,1.010413
27.2500,3.607540,-0.015237,-3.812770,0.000871,0.001965,1.025503,-0.829819,-0.028019,-2.961535,0.000760,0.002089,1.025581
27.3000,3.607491,-0.015313,-3.812773,0.000877,0.001961,1.038049,-0.830712,-0.029519,-2.961739,0.000802,0.001930,1.035568
27.3500,3.607444,-0.015388,-3.812776,0.000884,0.001957,1.050594,-0.832004,-0.031574,-2.961539,0.000989,0.001955,1.050591
27.4000,3.607398,-0.015463,-3.812779,0.000890,0.001953,1.063138,-0.832857,-0.033097,-2.961744,0.000909,0.001968,1.060635
27.4500,3.607353,-0.015537,-3.812782,0.000896,0.001949,1.075683,-0.834081,-0.035185,-2.961545,0.000819,0.001963,1.075697
27.5000,3.607310,-0.015612,-3.812785,0.000902,0.001945,1.088227,-0.834895,-0.036729,-2.961749,0.000747,0.001982,1.085693
27.5500,3.607269,-0.015686,-3.812788,0.000908,0.001941,1.100770,-0.836086,-0.038866,-2.961552,0.000900,0.001822,1.100725
27.6000,3.607229,-0.015760,-3.812791,0.000914,0.001938,1.113313,-0.836860,-0.040428,-2.961756,0.000975,0.001963,1.110796
27.6500,3.607190,-0.015834,-3.812793,0.000920,0.001934,1.125855,-0.837968,-0.042578,-2.961560,0.000718,0.001993,1.126038
27.7000,3.607152,-0.015907,-3.812796,0.000926,0.001930,1.138398,-0.838701,-0.044159,-2.961764,0.001098,0.001917,1.135897
27.7500,3.607116,-0.015981,-3.812799,0.000932,0.001926,1.150939,-0.839741,-0.046348,-2.961568,0.001064,0.001781,1.150813
27.8000,3.607081,-0.016054,-3.812802,0.000938,0.001923,1.163481,-0.840432,-0.047948,-2.961773,0.001066,0.001882,1.161071
27.8500,3.607048,-0.016126,-3.812804,0.000944,0.001919,1.176021,-0.841408,-0.050138,-2.961577,0.001048,0.001962,1.176008
27.9000,3.607015,-0.016198,-3.812807,0.000950,0.001915,1.188562,-0.842055,-0.051754,-2.961782,0.001034,0.001998,1.186042
27.9500,3.606984,-0.016270,-3.812810,0.000956,0.001911,1.201102,-0.842987,-0.053953,-2.961586,0.000975,0.002054,1.201104
28.0000,3.606954,-0.016342,-3.812812,0.000961,0.001908,1.213642,-0.843590,-0.055582,-2.961791,0.001180,0.001827,1.211144
28.0500,3.606926,-0.016413,-3.812815,0.000967,0.001904,1.226181,-0.844470,-0.057777,-2.961596,0.001015,0.001945,1.226272
28.1000,3.606898,-0.016484,-3.812818,0.000973,0.001900,1.238720,-0.845027,-0.059421,-2.961801,0.001048,0.001922,1.236136
28.1500,3.606872,-0.016555,-3.812820,0.000978,0.001897,1.251258,-0.845826,-0.061649,-2.961606,0.000919,0.002016,1.251249
28.2000,3.606847,-0.016625,-3.812823,0.000984,0.001893,1.263796,-0.846340,-0.063304,-2.961811,0.001120,0.001955,1.261226
28.2500,3.606823,-0.016695,-3.812825,0.000989,0.001889,1.276334,-0.847106,-0.065567,-2.961615,0.000833,0.001831,1.276162
28.3000,3.606800,-0.016764,-3.812828,0.000995,0.001886,1.288872,-0.847577,-0.067232,-2.961821,0.000894,0.002075,1.286362
28.3500,3.606779,-0.016833,-3.812830,0.001000,0.001882,1.301409,-0.848279,-0.069536,-2.961625,0.001072,0.001928,1.301523
28.4000,3.606758,-0.016901,-3.812833,0.001006,0.001879,1.313945,-0.848706,-0.071209,-2.961831,0.000909,0.001934,1.311430
28.4500,3.606739,-0.016969,-3.812835,0.001011,0.001875,1.326481,-0.849343,-0.073537,-2.961635,0.001099,0.001699,1.326469
28.5000,3.606720,-0.017037,-3.812838,0.001016,0.001871,1.339017,-0.849726,-0.075218,-2.961841,0.001167,0.001914,1.336459
28.5500,3.606703,-0.017104,-3.812840,0.001022,0.001868,1.351553,-0.850266,-0.077538,-2.961646,0.001073,0.001645,1.351650
28.6000,3.606687,-0.017171,-3.812842,0.001027,0.001864,1.364088,-0.850603,-0.079228,-2.961851,0.000986,0.001797,1.361642
28.6500,3.606671,-0.017237,-3.812845,0.001032,0.001860,1.376623,-0.851034,-0.081552,-2.961656,0.001128,0.001937,1.376678
28.7000,3.606657,-0.017303,-3.812847,0.001037,0.001857,1.389157,-0.851327,-0.083251,-2.961862,0.001034,0.001926,1.386565
28.7500,3.606644,-0.017368,-3.812849,0.001043,0.001853,1.401692,-0.851697,-0.085599,-2.961666,0.000968,0.001818,1.401557
28.8000,3.606631,-0.017432,-3.812852,0.001048,0.001849,1.414225,-0.851947,-0.087302,-2.961872,0.001040,0.001796,1.411766
28.8500,3.606620,-0.017497,-3.812854,0.001053,0.001846,1.426759,-0.852224,-0.089698,-2.961676,0.001138,0.001739,1.426728
28.9000,3.606609,-0.017560,-3.812856,0.001058,0.001842,1.439292,-0.852433,-0.091407,-2.961882,0.001154,0.001811,1.436805
28.9500,3.606600,-0.017623,-3.812858,0.001063,0.001838,1.451825,-0.852617,-0.093793,-2.961686,0.001026,0.001868,1.451584
29.0000,3.606591,-0.017686,-3.812860,0.001068,0.001835,1.464357,-0.852781,-0.095506,-2.961892,0.001147,0.001697,1.461820
29.0500,3.606584,-0.017748,-3.812862,0.001073,0.001831,1.476889,-0.852896,-0.097882,-2.961696,0.001169,0.001860,1.476935
29.1000,3.606577,-0.017810,-3.812865,0.001078,0.001827,1.489421,-0.853014,-0.099598,-2.961901,0.001051,0.001907,1.486761
29.1500,3.606571,-0.017871,-3.812867,0.001083,0.001823,1.501953,-0.853098,-0.101991,-2.961705,0.001098,0.001809,1.501833
29.2000,3.606565,-0.017931,-3.812869,0.001088,0.001820,1.514484,-0.853172,-0.103705,-2.961911,0.000850,0.001794,1.512002
29.2500,3.606561,-0.017991,-3.812871,0.001093,0.001816,1.527015,-0.853181,-0.106134,-2.961714,0.001305,0.001926,1.526920
29.3000,3.606555,-0.018045,-3.812872,0.001102,0.001813,1.539161,-0.853212,-0.107847,-2.961920,0.001400,0.001726,1.536913
29.3520,3.606503,-0.018079,-3.812891,0.001152,0.001804,1.548534,-0.853177,-0.110180,-2.961734,0.001202,0.001716,1.548774
29.4000,3.606403,-0.018105,-3.812916,0.001223,0.001781,1.555135,-0.853239,-0.111871,-2.961960,0.001092,0.001650,1.553831
29.4500,3.606310,-0.018141,-3.812928,0.001270,0.001741,1.560397,-0.853229,-0.114156,-2.961782,0.001107,0.001625,1.560486
29.5000,3.606230,-0.018189,-3.812928,0.001286,0.001703,1.564631,-0.853269,-0.115863,-2.961989,0.001345,0.001800,1.564012
29.5500,3.606160,-0.018243,-3.812920,0.001283,0.001671,1.567842,-0.853172,-0.118158,-2.961802,0.001468,0.001550,1.567807
29.6020,3.606100,-0.018302,-3.812909,0.001269,0.001641,1.570207,-0.853185,-0.119877,-2.961999,0.001245,0.001553,1.569693
29.6500,3.606051,-0.018363,-3.812897,0.001242,0.001612,1.571962,-0.853014,-0.122133,-2.961822,0.001310,0.001631,1.571861
29.7000,3.606013,-0.018425,-3.812885,0.001206,0.001583,1.573249,-0.853002,-0.123855,-2.962020,0.001315,0.001478,1.573079
29.7500,3.605983,-0.018487,-3.812875,0.001163,0.001555,1.574155,-0.852754,-0.126117,-2.961862,0.001116,0.001573,1.574045
29.8000,3.605962,-0.018550,-3.812866,0.001116,0.001527,1.574755,-0.852726,-0.127841,-2.962065,0.001064,0.001573,1.574876
29.8500,3.605946,-0.018612,-3.812859,0.001066,0.001500,1.575118,-0.852413,-0.130147,-2.961926,0.001216,0.001641,1.575095
29.9000,3.605935,-0.018674,-3.812853,0.001015,0.001474,1.575297,-0.852373,-0.131868,-2.962134,0.000920,0.001476,1.575119
29.9500,3.605928,-0.018736,-3.812848,0.000964,0.001449,1.575332,-0.852001,-0.134254,-2.962011,0.000998,0.001577,1.575232
30.0000,3.605924,-0.018798,-3.812845,0.000913,0.001424,1.575253,-0.851958,-0.135971,-2.962224,0.000858,0.001432,1.575246
30.0500,3.605922,-0.018859,-3.812842,0.000862,0.001400,1.575085,-0.851522,-0.138469,-2.962111,0.000848,0.001399,1.575052
30.1000,3.605921,-0.018919,-3.812840,0.000813,0.001377,1.574850,-0.851479,-0.140184,-2.962330,0.000702,0.001442,1.574999
30.1500,3.605922,-0.018979,-3.812839,0.000765,0.001355,1.574561,-0.850951,-0.142783,-2.962222,0.000899,0.001384,1.574680
30.2000,3.605924,-0.019039,-3.812839,0.000720,0.001333,1.574232,-0.850907,-0.144497,-2.962446,0.000967,0.001401,1.574425
30.2500,3.605927,-0.019098,-3.812839,0.000676,0.001313,1.573872,-0.850314,-0.147136,-2.962340,0.000628,0.001247,1.573960
30.3000,3.605927,-0.018913,-3.812845,0.000633,0.001196,1.573404,-0.850266,-0.148847,-2.962568,0.000542,0.001158,1.573576
30.3500,3.605923,-0.016709,-3.812921,0.000576,0.000814,1.572701,-0.849757,-0.151537,-2.962619,0.000506,0.000707,1.572741
30.4000,3.605921,-0.010875,-3.813090,0.000493,0.000197,1.571917,-0.849711,-0.153249,-2.962859,0.000454,0.000338,1.571993
30.4500,3.605928,-0.001278,-3.813325,0.000393,-0.000531,1.571123,-0.849954,-0.155769,-2.963375,0.000411,-0.000456,1.571183
30.5000,3.605943,0.011270,-3.813584,0.000287,-0.001245,1.570329,-0.849912,-0.157483,-2.963651,0.000400,-0.001186,1.570516
30.5500,3.605967,0.025692,-3.813822,0.000175,-0.001885,1.569564,-0.851869,-0.159992,-2.964574,0.000088,-0.001868,1.569588
30.6000,3.605999,0.041055,-3.814012,0.000069,-0.002414,1.568861,-0.852069,-0.158952,-2.964587,0.000145,-0.002371,1.568938
30.6500,3.606034,0.056694,-3.814146,-0.000023,-0.002816,1.568234,-0.856466,-0.159905,-2.965538,-0.000111,-0.002970,1.568175
30.7000,3.606071,0.072272,-3.814227,-0.000098,-0.003100,1.567627,-0.856411,-0.160142,-2.965716,-0.000037,-0.003046,1.567534
30.7500,3.606111,0.087744,-3.814265,-0.000160,-0.003275,1.567045,-0.861803,-0.160435,-2.966558,-0.000175,-0.003313,1.567176
30.8000,3.606156,0.103108,-3.814269,-0.000207,-0.003364,1.566501,-0.861671,-0.161165,-2.966764,-0.000161,-0.003354,1.566553
30.8500,3.606206,0.118380,-3.814249,-0.000241,-0.003383,1.565979,-0.865964,-0.161942,-2.967436,-0.000099,-0.003369,1.565953
30.9000,3.606262,0.133584,-3.814211,-0.000263,-0.003349,1.565488,-0.865896,-0.162263,-2.967625,-0.000526,-0.003275,1.565532
30.9520,3.606327,0.148749,-3.814162,-0.000274,-0.003271,1.565029,-0.867660,-0.162993,-2.968076,-0.000182,-0.003135,1.565047
31.0000,3.606400,0.163901,-3.814106,-0.000277,-0.003161,1.564592,-0.867580,-0.163373,-2.968283,-0.000395,-0.003224,1.564805
31.0500,3.606481,0.179055,-3.814045,-0.000271,-0.003026,1.564169,-0.866280,-0.163821,-2.968510,-0.000385,-0.003149,1.564115
31.1000,3.606570,0.194219,-3.813984,-0.000257,-0.002872,1.563759,-0.866189,-0.164192,-2.968734,-0.000436,-0.002949,1.563836
31.1500,3.606667,0.209394,-3.813922,-0.000237,-0.002704,1.563360,-0.862091,-0.164342,-2.968752,-0.000224,-0.002915,1.563299
31.2000,3.606771,0.224578,-3.813862,-0.000212,-0.002526,1.562971,-0.861987,-0.164688,-2.968985,-0.000189,-0.002603,1.563024
31.2500,3.606881,0.239767,-3.813804,-0.000182,-0.002341,1.562591,-0.855905,-0.164601,-2.968816,-0.000278,-0.002290,1.562564
31.3020,3.606999,0.254958,-3.813748,-0.000149,-0.002151,1.562219,-0.855785,-0.164924,-2.969052,-0.000115,-0.002159,1.562376
31.3500,3.607122,0.270149,-3.813694,-0.000114,-0.001960,1.561853,-0.848775,-0.164748,-2.968724,-0.000076,-0.001900,1.561807
31.4000,3.607252,0.285339,-3.813644,-0.000076,-0.001768,1.561494,-0.848639,-0.165054,-2.968955,-0.000106,-0.001807,1.561547
31.4500,3.607388,0.300526,-3.813597,-0.000038,-0.001578,1.561140,-0.841753,-0.164992,-2.968499,-0.000054,-0.001636,1.561104
31.5020,3.607530,0.315711,-3.813553,0.000000,-0.001391,1.560791,-0.841605,-0.165283,-2.968719,-0.000135,-0.001444,1.560940
31.5500,3.607677,0.330894,-3.813513,0.000038,-0.001208,1.560446,-0.835620,-0.165419,-2.968167,0.000020,-0.001223,1.560458
31.6000,3.607831,0.346074,-3.813476,0.000076,-0.001029,1.560106,-0.835460,-0.165701,-2.968373,0.000129,-0.001032,1.560229
31.6500,3.607989,0.361252,-3.813442,0.000112,-0.000855,1.559770,-0.830985,-0.166056,-2.967753,0.000201,-0.000892,1.559844
31.7020,3.608154,0.376428,-3.813411,0.000146,-0.000687,1.559437,-0.830809,-0.166331,-2.967942,0.000079,-0.000722,1.559461
31.7500,3.608323,0.391602,-3.813383,0.000179,-0.000525,1.559109,-0.828091,-0.166932,-2.967281,0.000110,-0.000426,1.559232
31.8000,3.608498,0.406775,-3.813358,0.000210,-0.000369,1.558783,-0.827904,-0.167204,-2.967453,0.000204,-0.000246,1.558859
31.8500,3.608678,0.421945,-3.813336,0.000239,-0.000219,1.558461,-0.827015,-0.168086,-2.966773,0.000054,-0.000128,1.558462
31.9000,3.608864,0.437114,-3.813317,0.000265,-0.000075,1.558142,-0.826817,-0.168358,-2.966928,0.000245,-0.000030,1.558060
31.9500,3.609054,0.452281,-3.813301,0.000289,0.000063,1.557826,-0.827559,-0.169539,-2.966248,0.000282,0.000195,1.557721
32.0000,3.609249,0.467446,-3.813287,0.000311,0.000195,1.557513,-0.827351,-0.169815,-2.966386,0.000323,0.000112,1.557513
32.0500,3.609449,0.482610,-3.813276,0.000331,0.000320,1.557203,-0.829377,-0.171240,-2.965723,0.000376,0.000387,1.557347
32.1000,3.609654,0.497771,-3.813266,0.000348,0.000440,1.556895,-0.829162,-0.171526,-2.965847,0.000455,0.000411,1.556966
32.1500,3.609863,0.512931,-3.813259,0.000364,0.000555,1.556591,-0.832189,-0.173160,-2.965211,0.000377,0.000645,1.556460
32.2000,3.610078,0.528089,-3.813255,0.000377,0.000663,1.556289,-0.831967,-0.173456,-2.965322,0.000382,0.000738,1.556341
32.2500,3.610297,0.543245,-3.813252,0.000388,0.000767,1.555990,-0.835645,-0.175225,-2.964723,0.000425,0.000766,1.555993
32.3000,3.610520,0.558400,-3.813251,0.000397,0.000865,1.555694,-0.835417,-0.175534,-2.964823,0.000498,0.000803,1.555748
32.3500,3.610748,0.573553,-3.813251,0.000404,0.000958,1.555400,-0.839425,-0.177364,-2.964266,0.000406,0.000948,1.555403
32.4000,3.610981,0.588704,-3.813254,0.000410,0.001047,1.555109,-0.839190,-0.177688,-2.964359,0.000533,0.000960,1.555179
32.4520,3.611218,0.603853,-3.813258,0.000414,0.001131,1.554821,-0.843301,-0.179546,-2.963847,0.000327,0.001078,1.554926
32.5000,3.611459,0.619001,-3.813263,0.000417,0.001210,1.554535,-0.843059,-0.179887,-2.963935,0.000310,0.001199,1.554607
32.5500,3.611705,0.634147,-3.813270,0.000418,0.001286,1.554252,-0.847036,-0.181771,-2.963470,0.000200,0.001265,1.554299
32.6000,3.611955,0.649291,-3.813279,0.000419,0.001357,1.553972,-0.846791,-0.182129,-2.963555,0.000428,0.001332,1.553989
32.6500,3.612210,0.664434,-3.813288,0.000418,0.001424,1.553694,-0.850538,-0.184033,-2.963135,0.000559,0.001225,1.553625
32.7000,3.612469,0.679575,-3.813299,0.000416,0.001488,1.553418,-0.850288,-0.184409,-2.963221,0.000513,0.001670,1.553311
32.7500,3.612731,0.694715,-3.813311,0.000413,0.001549,1.553145,-0.853780,-0.186291,-2.962845,0.000424,0.001381,1.553123
32.8000,3.612999,0.709853,-3.813325,0.000409,0.001605,1.552875,-0.853526,-0.186679,-2.962933,0.000387,0.001617,1.552998
32.8500,3.613270,0.724990,-3.813339,0.000405,0.001659,1.552607,-0.856719,-0.188530,-2.962599,0.000316,0.001630,1.552530
32.9000,3.613545,0.740125,-3.813354,0.000400,0.001710,1.552341,-0.856460,-0.188930,-2.962690,0.000420,0.001805,1.552460
32.9500,3.613825,0.755258,-3.813370,0.000394,0.001758,1.552079,-0.859340,-0.190749,-2.962394,0.000510,0.001648,1.552136
33.0000,3.614108,0.770390,-3.813387,0.000389,0.001803,1.551818,-0.859076,-0.191161,-2.962490,0.000307,0.001770,1.551969
33.0500,3.614395,0.785521,-3.813405,0.000382,0.001845,1.551560,-0.861626,-0.192932,-2.962229,0.000373,0.001884,1.551485
33.1000,3.614687,0.800650,-3.813424,0.000376,0.001885,1.551304,-0.861358,-0.193356,-2.962331,0.000366,0.001895,1.551371
33.1500,3.614982,0.815778,-3.813443,0.000369,0.001923,1.551051,-0.863630,-0.195091,-2.962100,0.000437,0.002030,1.551041
33.2000,3.615281,0.830904,-3.813463,0.000362,0.001958,1.550800,-0.863356,-0.195525,-2.962209,0.000433,0.001914,1.550790
33.2520,3.615584,0.846029,-3.813484,0.000354,0.001991,1.550552,-0.865384,-0.197206,-2.962005,0.000294,0.001963,1.550526
33.3020,3.615891,0.861152,-3.813506,0.000347,0.002022,1.550306,-0.865104,-0.197649,-2.962122,0.000274,0.002087,1.550246
33.3500,3.616202,0.876274,-3.813528,0.000340,0.002051,1.550062,-0.866884,-0.199311,-2.961940,0.000282,0.002020,1.549901
33.4000,3.616516,0.891395,-3.813550,0.000332,0.002079,1.549821,-0.866600,-0.199763,-2.962066,0.000103,0.002196,1.550010
33.4500,3.616834,0.906515,-3.813574,0.000325,0.002105,1.549582,-0.868153,-0.201409,-2.961902,0.000420,0.002040,1.549561
33.5000,3.617156,0.921633,-3.813597,0.000318,0.002129,1.549345,-0.867865,-0.201869,-2.962037,0.000433,0.002038,1.549531
33.5520,3.617482,0.936749,-3.813621,0.000310,0.002151,1.549111,-0.869205,-0.203467,-2.961888,0.000335,0.002235,1.549227
33.6000,3.617811,0.951865,-3.813646,0.000303,0.002172,1.548879,-0.868912,-0.203937,-2.962031,0.000199,0.001994,1.548845
33.6500,3.618143,0.966979,-3.813671,0.000296,0.002192,1.548649,-0.870066,-0.205531,-2.961895,0.000199,0.002086,1.548677
33.7020,3.618479,0.982092,-3.813696,0.000289,0.002210,1.548421,-0.869770,-0.206010,-2.962046,0.000199,0.002256,1.548425
33.7500,3.618819,0.997203,-3.813722,0.000283,0.002227,1.548196,-0.870759,-0.207594,-2.961919,0.000410,0.002129,1.548294
33.8000,3.619162,1.012314,-3.813748,0.000276,0.002243,1.547973,-0.870459,-0.208079,-2.962078,0.000261,0.002230,1.548028
33.8500,3.619508,1.027423,-3.813775,0.000270,0.002258,1.547752,-0.871279,-0.209614,-2.961957,0.000396,0.002226,1.547814
33.9000,3.619858,1.042531,-3.813802,0.000263,0.002271,1.547533,-0.870973,-0.210108,-2.962125,0.000136,0.002073,1.547521
33.9500,3.620211,1.057637,-3.813829,0.000257,0.002284,1.547317,-0.871631,-0.211622,-2.962008,0.000329,0.002238,1.547177
34.0000,3.620568,1.072743,-3.813856,0.000252,0.002296,1.547102,-0.871322,-0.212124,-2.962183,0.000123,0.002202,1.547166
34.0500,3.620928,1.087847,-3.813884,0.000246,0.002307,1.546890,-0.871824,-0.213620,-2.962068,0.000277,0.002344,1.546974
34.1000,3.621291,1.102950,-3.813912,0.000240,0.002317,1.546680,-0.871512,-0.214129,-2.962250,0.000240,0.002298,1.546636
34.1500,3.621657,1.118052,-3.813940,0.000235,0.002326,1.546471,-0.871889,-0.215574,-2.962137,0.000283,0.002444,1.546499
34.2000,3.622027,1.133153,-3.813968,0.000230,0.002335,1.546265,-0.871571,-0.216089,-2.962325,0.000323,0.002349,1.546308
34.2500,3.622399,1.148253,-3.813997,0.000225,0.002342,1.546061,-0.871826,-0.217531,-2.962211,0.000230,0.002289,1.546098
34.3020,3.622775,1.163351,-3.814026,0.000221,0.002350,1.545859,-0.871505,-0.218051,-2.962405,0.000100,0.002393,1.545972
34.3520,3.623154,1.178449,-3.814055,0.000216,0.002356,1.545659,-0.871644,-0.219457,-2.962289,0.000116,0.002273,1.545668
34.4000,3.623536,1.193545,-3.814084,0.000212,0.002362,1.545462,-0.871320,-0.219982,-2.962489,0.000249,0.002349,1.545386
34.4520,3.623921,1.208640,-3.814113,0.000208,0.002367,1.545266,-0.871371,-0.221328,-2.962371,0.000198,0.002488,1.545336
34.5000,3.624309,1.223734,-3.814143,0.000204,0.002372,1.545072,-0.871039,-0.221857,-2.962576,0.000122,0.002485,1.545119
34.5500,3.624700,1.238827,-3.814172,0.000200,0.002377,1.544880,-0.870994,-0.223169,-2.962455,0.000222,0.002471,1.544942
34.6000,3.625094,1.253919,-3.814202,0.000197,0.002381,1.544689,-0.870657,-0.223703,-2.962664,0.000035,0.002393,1.544727
34.6500,3.625491,1.269010,-3.814232,0.000193,0.002384,1.544501,-0.870530,-0.224993,-2.962540,0.000215,0.002197,1.544358
34.7000,3.625890,1.284100,-3.814262,0.000190,0.002387,1.544315,-0.870189,-0.225530,-2.962753,0.000342,0.002287,1.544324
34.7500,3.626293,1.299189,-3.814292,0.000187,0.002390,1.544131,-0.869976,-0.226744,-2.962626,0.000196,0.002447,1.544141
34.8000,3.626698,1.314277,-3.814322,0.000184,0.002392,1.543948,-0.869628,-0.227284,-2.962842,0.000134,0.002417,1.544038
34.8500,3.627106,1.329364,-3.814352,0.000182,0.002394,1.543767,-0.869332,-0.228499,-2.962712,0.000141,0.002294,1.543777
34.9000,3.627517,1.344450,-3.814383,0.000179,0.002396,1.543588,-0.868983,-0.229042,-2.962930,0.000132,0.002364,1.543636
34.9500,3.627931,1.359535,-3.814413,0.000177,0.002398,1.543411,-0.868583,-0.230243,-2.962797,0.000173,0.002522,1.543242
35.0000,3.628347,1.374618,-3.814444,0.000174,0.002399,1.543236,-0.868232,-0.230790,-2.963017,0.000110,0.002444,1.543237
35.0500,3.628766,1.389701,-3.814474,0.000172,0.002400,1.543063,-0.867794,-0.231944,-2.962881,0.000197,0.002337,1.543201
35.1000,3.629187,1.404783,-3.814505,0.000170,0.002400,1.542891,-0.867439,-0.232494,-2.963104,-0.000056,0.002315,1.542947
35.1500,3.629612,1.419864,-3.814536,0.000168,0.002401,1.542721,-0.866929,-0.233628,-2.962964,0.000333,0.002352,1.542690
35.2000,3.630039,1.434944,-3.814567,0.000167,0.002401,1.542553,-0.866570,-0.234182,-2.963188,0.000005,0.002310,1.542736
35.2520,3.630468,1.450023,-3.814598,0.000165,0.002401,1.542386,-0.866012,-0.235250,-2.963046,0.000226,0.002386,1.542382
35.3000,3.630900,1.465102,-3.814629,0.000163,0.002401,1.542221,-0.865649,-0.235807,-2.963272,-0.000076,0.002459,1.542131
35.3500,3.631334,1.480179,-3.814660,0.000162,0.002401,1.542058,-0.865035,-0.236839,-2.963127,0.000274,0.002428,1.541974
35.4020,3.631771,1.495255,-3.814691,0.000160,0.002400,1.541897,-0.864670,-0.237400,-2.963354,0.000275,0.002337,1.541952
35.4500,3.632210,1.510331,-3.814722,0.000159,0.002400,1.541737,-0.864064,-0.238398,-2.963206,0.000230,0.002258,1.541607
35.5000,3.632652,1.525405,-3.814753,0.000158,0.002399,1.541578,-0.863694,-0.238961,-2.963434,0.000214,0.002273,1.541513
35.5520,3.633096,1.540479,-3.814784,0.000157,0.002398,1.541422,-0.863072,-0.239890,-2.963284,0.000254,0.002318,1.541501
35.6000,3.633543,1.555552,-3.814815,0.000156,0.002397,1.541267,-0.862695,-0.240456,-2.963513,-0.000006,0.002450,1.541345
35.6520,3.633992,1.570624,-3.814847,0.000155,0.002396,1.541113,-0.862029,-0.241379,-2.963361,0.000139,0.002407,1.541025
35.7000,3.634443,1.585695,-3.814878,0.000154,0.002395,1.540962,-0.861650,-0.241948,-2.963590,0.000290,0.002439,1.541012
35.7500,3.634896,1.600765,-3.814909,0.000153,0.002394,1.540811,-0.861002,-0.242836,-2.963436,0.000211,0.002577,1.540683
35.8000,3.635352,1.615835,-3.814941,0.000152,0.002392,1.540662,-0.860618,-0.243405,-2.963666,0.000105,0.002234,1.540560
35.8500,3.635810,1.630903,-3.814972,0.000152,0.002391,1.540515,-0.859970,-0.244305,-2.963511,0.000096,0.002544,1.540389
35.9000,3.636270,1.645971,-3.815004,0.000151,0.002390,1.540369,-0.859583,-0.244875,-2.963741,0.000110,0.002255,1.540453
35.9500,3.636733,1.661038,-3.815035,0.000150,0.002388,1.540225,-0.858928,-0.245790,-2.963584,-0.000041,0.002416,1.540158
36.0000,3.637197,1.676104,-3.815066,0.000150,0.002387,1.540082,-0.858540,-0.246361,-2.963815,-0.000020,0.002270,1.540089
36.0500,3.637664,1.691170,-3.815098,0.000149,0.002385,1.539941,-0.857848,-0.247267,-2.963657,0.000103,0.002328,1.539961
36.1000,3.638133,1.706234,-3.815129,0.000149,0.002383,1.539801,-0.857458,-0.247842,-2.963888,0.000065,0.002348,1.539854
36.1500,3.638604,1.721298,-3.815161,0.000148,0.002381,1.539663,-0.856762,-0.248758,-2.963729,0.000247,0.002470,1.539636
36.2000,3.639077,1.736361,-3.815193,0.000148,0.002380,1.539526,-0.856368,-0.249334,-2.963960,0.000180,0.002459,1.539525
36.2500,3.639552,1.751424,-3.815224,0.000148,0.002378,1.539390,-0.855716,-0.250219,-2.963801,0.000146,0.002379,1.539517
36.3000,3.640030,1.766485,-3.815256,0.000147,0.002376,1.539256,-0.855318,-0.250795,-2.964031,0.000228,0.002485,1.539268
36.3500,3.640509,1.781546,-3.815287,0.000147,0.002374,1.539123,-0.854653,-0.251664,-2.963871,0.000114,0.002427,1.539107
36.4000,3.640990,1.796606,-3.815319,0.000147,0.002372,1.538991,-0.854252,-0.252241,-2.964102,0.000109,0.002519,1.538985
36.4500,3.641473,1.811665,-3.815351,0.000147,0.002370,1.538861,-0.853590,-0.253148,-2.963941,0.000221,0.002305,1.538780
36.5000,3.641959,1.826724,-3.815382,0.000147,0.002369,1.538732,-0.853189,-0.253724,-2.964172,0.000203,0.002284,1.538804
36.5500,3.642446,1.841782,-3.815414,0.000146,0.002367,1.538605,-0.852506,-0.254591,-2.964011,0.000312,0.002446,1.538567
36.6000,3.642935,1.856839,-3.815445,0.000146,0.002365,1.538479,-0.852101,-0.255170,-2.964242,-0.000093,0.002345,1.538620
36.6500,3.643426,1.871895,-3.815477,0.000146,0.002363,1.538354,-0.851402,-0.256026,-2.964081,0.000033,0.002455,1.538225
36.7000,3.643918,1.886951,-3.815509,0.000146,0.002361,1.538230,-0.850996,-0.256607,-2.964311,0.000067,0.002237,1.538382
36.7500,3.644413,1.902006,-3.815540,0.000146,0.002359,1.538108,-0.850291,-0.257479,-2.964150,0.000087,0.002241,1.538112
36.8000,3.644910,1.917060,-3.815572,0.000146,0.002357,1.537987,-0.849884,-0.258062,-2.964381,0.000101,0.002300,1.537984
36.8500,3.645408,1.932114,-3.815604,0.000146,0.002355,1.537867,-0.849152,-0.258899,-2.964219,0.000024,0.002516,1.537870
36.9000,3.645908,1.947167,-3.815636,0.000146,0.002353,1.537748,-0.848743,-0.259484,-2.964449,0.000121,0.002444,1.537755
36.9500,3.646410,1.962219,-3.815667,0.000146,0.002351,1.537631,-0.848038,-0.260346,-2.964287,0.000218,0.002290,1.537585
37.0000,3.646913,1.977271,-3.815699,0.000146,0.002349,1.537514,-0.847626,-0.260931,-2.964518,0.000103,0.002444,1.537464
37.0500,3.647419,1.992322,-3.815731,0.000146,0.002347,1.537399,-0.846936,-0.261762,-2.964356,0.000289,0.002303,1.537505
37.1000,3.647926,2.007372,-3.815762,0.000146,0.002345,1.537286,-0.846520,-0.262348,-2.964586,0.000148,0.002428,1.537180
37.1500,3.648435,2.022422,-3.815794,0.000146,0.002343,1.537173,-0.845863,-0.263184,-2.964424,0.000105,0.002564,1.537205
37.2000,3.648945,2.037471,-3.815826,0.000146,0.002341,1.537061,-0.845444,-0.263768,-2.964655,0.000119,0.002281,1.537034
37.2500,3.649457,2.052519,-3.815858,0.000146,0.002339,1.536951,-0.844784,-0.264577,-2.964493,0.000226,0.002481,1.536898
37.3000,3.649971,2.067567,-3.815889,0.000146,0.002337,1.536842,-0.844361,-0.265163,-2.964723,0.000286,0.002195,1.536887
37.3500,3.650486,2.082614,-3.815921,0.000147,0.002335,1.536734,-0.843719,-0.265981,-2.964561,0.000206,0.002472,1.536851
37.4000,3.651004,2.097661,-3.815953,0.000147,0.002333,1.536627,-0.843294,-0.266567,-2.964791,0.000103,0.002280,1.536490
37.4500,3.651522,2.112707,-3.815985,0.000147,0.002331,1.536521,-0.842651,-0.267371,-2.964629,0.000267,0.002379,1.536392
37.5020,3.652042,2.127752,-3.816016,0.000147,0.002329,1.536416,-0.842222,-0.267959,-2.964859,0.000098,0.002365,1.536392
37.5500,3.652564,2.142797,-3.816048,0.000147,0.002327,1.536312,-0.841579,-0.268753,-2.964697,0.000050,0.002316,1.536284
37.6020,3.653087,2.157841,-3.816080,0.000147,0.002326,1.536209,-0.841148,-0.269342,-2.964927,0.000232,0.002304,1.536340
37.6500,3.653612,2.172885,-3.816112,0.000147,0.002324,1.536108,-0.840466,-0.270157,-2.964765,0.000168,0.002308,1.536185
37.7000,3.654139,2.187928,-3.816144,0.000147,0.002322,1.536007,-0.840034,-0.270747,-2.964996,0.000076,0.002289,1.536200
37.7500,3.654666,2.202970,-3.816175,0.000148,0.002320,1.535908,-0.839368,-0.271565,-2.964833,0.000203,0.002309,1.535904
37.8000,3.655196,2.218012,-3.816207,0.000148,0.002318,1.535809,-0.838933,-0.272155,-2.965063,0.000033,0.002239,1.535907
37.8520,3.655727,2.233053,-3.816239,0.000148,0.002316,1.535712,-0.838215,-0.272989,-2.964901,0.000283,0.002456,1.535802
37.9000,3.656259,2.248094,-3.816271,0.000148,0.002314,1.535615,-0.837780,-0.273580,-2.965131,0.000065,0.002387,1.535517
37.9500,3.656793,2.263134,-3.816302,0.000148,0.002313,1.535520,-0.837073,-0.274401,-2.964969,0.000162,0.002293,1.535709
38.0000,3.657328,2.278174,-3.816334,0.000148,0.002311,1.535425,-0.836635,-0.274993,-2.965199,0.000155,0.002260,1.535669
38.0500,3.657864,2.293213,-3.816366,0.000149,0.002309,1.535331,-0.835901,-0.275797,-2.965037,0.000195,0.002293,1.535105
38.1000,3.658402,2.308252,-3.816398,0.000149,0.002307,1.535239,-0.835462,-0.276392,-2.965267,0.000054,0.002468,1.535186
38.1500,3.658941,2.323290,-3.816430,0.000149,0.002306,1.535147,-0.834751,-0.277187,-2.965105,0.000011,0.002250,1.535116
38.2000,3.659482,2.338327,-3.816461,0.000149,0.002304,1.535056,-0.834308,-0.277782,-2.965335,0.000195,0.002162,1.535187
38.2500,3.660024,2.353364,-3.816493,0.000149,0.002302,1.534967,-0.833584,-0.278542,-2.965173,0.000334,0.002134,1.534981
38.3000,3.660567,2.368401,-3.816525,0.000149,0.002300,1.534878,-0.833136,-0.279141,-2.965403,0.000405,0.002434,1.534950
38.3500,3.661112,2.383437,-3.816557,0.000150,0.002299,1.534790,-0.832411,-0.279907,-2.965241,0.000271,0.002227,1.534716
38.4000,3.661658,2.398472,-3.816589,0.000150,0.002297,1.534703,-0.831961,-0.280508,-2.965471,0.000143,0.002452,1.534651
38.4500,3.662205,2.413507,-3.816620,0.000150,0.002295,1.534617,-0.831217,-0.281319,-2.965309,0.000269,0.002311,1.534720
38.5000,3.662753,2.428542,-3.816652,0.000150,0.002294,1.534531,-0.830766,-0.281919,-2.965538,0.000057,0.002399,1.534574
38.5520,3.663303,2.443576,-3.816684,0.000150,0.002292,1.534447,-0.830040,-0.282736,-2.965376,0.000410,0.002206,1.534448
38.6000,3.663854,2.458609,-3.816716,0.000151,0.002291,1.534363,-0.829587,-0.283336,-2.965606,0.000132,0.002397,1.534418
38.6500,3.664406,2.473642,-3.816748,0.000151,0.002289,1.534281,-0.828894,-0.284174,-2.965444,0.000121,0.002201,1.534421
38.7000,3.664960,2.488675,-3.816780,0.000151,0.002287,1.534199,-0.828439,-0.284773,-2.965673,-0.000019,0.002262,1.534235
38.7500,3.665514,2.503707,-3.816811,0.000151,0.002286,1.534118,-0.827704,-0.285618,-2.965511,0.000303,0.002318,1.534340
38.8000,3.666070,2.518739,-3.816843,0.000151,0.002284,1.534038,-0.827248,-0.286219,-2.965741,0.000236,0.002176,1.533991
38.8500,3.666627,2.533770,-3.816875,0.000151,0.002283,1.533958,-0.826554,-0.287052,-2.965579,0.000182,0.002163,1.533992
38.9000,3.667185,2.548801,-3.816907,0.000152,0.002281,1.533880,-0.826093,-0.287653,-2.965808,0.000181,0.002314,1.533980
38.9500,3.667745,2.563831,-3.816939,0.000152,0.002280,1.533802,-0.825411,-0.288450,-2.965646,0.000073,0.002029,1.533873
39.0000,3.668305,2.578861,-3.816971,0.000152,0.002278,1.533725,-0.824947,-0.289054,-2.965876,0.000098,0.002368,1.533589
39.0500,3.668867,2.593890,-3.817002,0.000152,0.002277,1.533649,-0.824230,-0.289854,-2.965714,0.000079,0.002102,1.533435
39.1020,3.669430,2.608919,-3.817034,0.000152,0.002275,1.533574,-0.823765,-0.290460,-2.965943,0.000239,0.002184,1.533646
39.1500,3.669993,2.623948,-3.817066,0.000153,0.002274,1.533499,-0.823016,-0.291252,-2.965781,0.000258,0.002120,1.533354
39.2000,3.670558,2.638976,-3.817098,0.000153,0.002272,1.533426,-0.822548,-0.291860,-2.966011,0.000167,0.002420,1.533425
39.2500,3.671124,2.654003,-3.817130,0.000153,0.002271,1.533352,-0.821789,-0.292671,-2.965848,0.000330,0.002249,1.533412
39.3000,3.671692,2.669031,-3.817162,0.000153,0.002270,1.533280,-0.821318,-0.293280,-2.966078,0.000278,0.002250,1.533211
39.3500,3.672260,2.684058,-3.817193,0.000153,0.002268,1.533209,-0.820584,-0.294078,-2.965916,0.000346,0.002417,1.533069
39.4000,3.672829,2.699084,-3.817225,0.000153,0.002267,1.533138,-0.820108,-0.294687,-2.966145,0.000159,0.002182,1.533169
39.4500,3.673399,2.714110,-3.817257,0.000154,0.002265,1.533068,-0.819367,-0.295476,-2.965983,0.000058,0.002143,1.533112
39.5000,3.673970,2.729136,-3.817289,0.000154,0.002264,1.532998,-0.818890,-0.296088,-2.966212,0.000152,0.002289,1.532985
39.5500,3.674543,2.744161,-3.817321,0.000154,0.002263,1.532930,-0.818121,-0.296894,-2.966050,0.000205,0.002238,1.532923
39.6000,3.675116,2.759186,-3.817353,0.000154,0.002261,1.532862,-0.817641,-0.297508,-2.966279,0.000222,0.002121,1.532740
39.6520,3.675690,2.774210,-3.817384,0.000154,0.002260,1.532795,-0.816845,-0.298326,-2.966117,0.000208,0.002082,1.532600
39.7000,3.676266,2.789234,-3.817416,0.000154,0.002259,1.532728,-0.816364,-0.298943,-2.966346,0.000235,0.002252,1.532663
39.7500,3.676842,2.804258,-3.817448,0.000155,0.002257,1.532662,-0.815618,-0.299751,-2.966184,0.000107,0.002420,1.532595
39.8000,3.677419,2.819281,-3.817480,0.000155,0.002256,1.532597,-0.815133,-0.300367,-2.966413,0.000025,0.002171,1.532629
39.8500,3.677997,2.834304,-3.817512,0.000155,0.002255,1.532532,-0.814322,-0.301263,-2.966250,0.000133,0.002052,1.532437
39.9000,3.678577,2.849326,-3.817544,0.000155,0.002254,1.532468,-0.813839,-0.301882,-2.966480,0.000276,0.002245,1.532504
39.9500,3.679157,2.864348,-3.817576,0.000155,0.002252,1.532405,-0.813030,-0.302809,-2.966317,0.000030,0.002258,1.532426
40.0000,3.679738,2.879370,-3.817607,0.000155,0.002251,1.532343,-0.812546,-0.303427,-2.966546,0.000210,0.002371,1.532342
40.0500,3.680320,2.894392,-3.817639,0.000155,0.002250,1.532281,-0.811772,-0.304340,-2.966384,0.000101,0.002266,1.532288
40.1000,3.680902,2.909413,-3.817671,0.000156,0.002249,1.532219,-0.811285,-0.304958,-2.966613,0.000079,0.002418,1.532152
40.1500,3.681486,2.924433,-3.817703,0.000156,0.002248,1.532159,-0.810495,-0.305876,-2.966451,0.000278,0.002106,1.532229
40.2000,3.682071,2.939454,-3.817735,0.000156,0.002246,1.532099,-0.810005,-0.306497,-2.966680,0.000226,0.002307,1.532125
40.2500,3.682656,2.954474,-3.817767,0.000156,0.002245,1.532039,-0.809202,-0.307378,-2.966517,0.000278,0.002124,1.532100
40.3020,3.683242,2.969493,-3.817799,0.000156,0.002244,1.531981,-0.808710,-0.308001,-2.966747,0.000160,0.002208,1.532062
40.3500,3.683830,2.984513,-3.817830,0.000156,0.002243,1.531922,-0.807921,-0.308876,-2.966584,0.000102,0.002462,1.532135
40.4000,3.684418,2.999532,-3.817862,0.000157,0.002242,1.531865,-0.807427,-0.309499,-2.966813,0.000264,0.002052,1.531960
40.4500,3.685007,3.014550,-3.817894,0.000157,0.002241,1.531808,-0.806618,-0.310381,-2.966650,0.000103,0.002251,1.531883
40.5000,3.685596,3.029568,-3.817926,0.000157,0.002240,1.531751,-0.806124,-0.311007,-2.966880,-0.000021,0.002344,1.531864
40.5500,3.686187,3.044586,-3.817958,0.000157,0.002239,1.531695,-0.805249,-0.311951,-2.966717,0.000094,0.002409,1.531877
40.6000,3.686778,3.059604,-3.817990,0.000157,0.002237,1.531640,-0.804757,-0.312578,-2.966946,0.000125,0.002219,1.531535
40.6500,3.687370,3.074621,-3.818022,0.000157,0.002236,1.531585,-0.803904,-0.313553,-2.966783,0.000196,0.002347,1.531457
40.7000,3.687963,3.089638,-3.818053,0.000157,0.002235,1.531531,-0.803412,-0.314179,-2.967012,0.000195,0.002166,1.531501
40.7500,3.688557,3.104655,-3.818085,0.000157,0.002234,1.531478,-0.802611,-0.315214,-2.966849,0.000125,0.002195,1.531396
40.8000,3.689151,3.119671,-3.818117,0.000158,0.002233,1.531425,-0.802119,-0.315839,-2.967078,0.000122,0.002259,1.531379
40.8500,3.689747,3.134687,-3.818149,0.000158,0.002232,1.531372,-0.801306,-0.316835,-2.966916,0.000217,0.002298,1.531318
40.9000,3.690343,3.149703,-3.818181,0.000158,0.002231,1.531320,-0.800812,-0.317461,-2.967145,0.000186,0.002408,1.531267
40.9500,3.690940,3.164719,-3.818213,0.000158,0.002230,1.531269,-0.800041,-0.318473,-2.966982,0.000176,0.002179,1.531231
41.0020,3.691537,3.179734,-3.818245,0.000158,0.002229,1.531218,-0.799546,-0.319098,-2.967211,0.000307,0.002363,1.531198
41.0500,3.692135,3.194749,-3.818277,0.000158,0.002228,1.531168,-0.798787,-0.320122,-2.967048,0.000201,0.002257,1.531150
41.1000,3.692734,3.209763,-3.818308,0.000158,0.002227,1.531118,-0.798292,-0.320746,-2.967277,0.000114,0.002488,1.531102
41.1500,3.693334,3.224777,-3.818340,0.000158,0.002226,1.531068,-0.797538,-0.321783,-2.967114,0.000098,0.002334,1.530936
41.2000,3.693935,3.239791,-3.818372,0.000159,0.002225,1.531020,-0.797044,-0.322405,-2.967343,0.000110,0.002348,1.531183
41.2500,3.694536,3.254805,-3.818404,0.000159,0.002224,1.530971,-0.796256,-0.323451,-2.967180,0.000206,0.002270,1.531121
41.3000,3.695138,3.269818,-3.818436,0.000159,0.002223,1.530923,-0.795763,-0.324073,-2.967409,0.000290,0.002017,1.530930
41.3500,3.695740,3.284832,-3.818468,0.000159,0.002223,1.530876,-0.795021,-0.325064,-2.967246,0.000150,0.002127,1.530636
41.4000,3.696343,3.299844,-3.818500,0.000159,0.002222,1.530829,-0.794526,-0.325686,-2.967475,0.000238,0.002388,1.530682
41.4500,3.696947,3.314857,-3.818532,0.000159,0.002221,1.530783,-0.793827,-0.326681,-2.967312,0.000170,0.002134,1.530870
41.5000,3.697552,3.329869,-3.818563,0.000159,0.002220,1.530737,-0.793329,-0.327301,-2.967541,0.000081,0.002204,1.530789
41.5500,3.698157,3.344881,-3.818595,0.000159,0.002219,1.530691,-0.792604,-0.328267,-2.967379,0.000132,0.002262,1.530726
41.6020,3.698763,3.359893,-3.818627,0.000160,0.002218,1.530646,-0.792106,-0.328888,-2.967607,0.000015,0.002055,1.530479
41.6500,3.699370,3.374904,-3.818659,0.000160,0.002217,1.530602,-0.791334,-0.329812,-2.967445,0.000508,0.002288,1.530646
41.7000,3.699977,3.389916,-3.818691,0.000160,0.002216,1.530558,-0.790834,-0.330435,-2.967674,0.000209,0.002072,1.530586
41.7500,3.700585,3.404927,-3.818723,0.000160,0.002215,1.530514,-0.790114,-0.331285,-2.967511,0.000299,0.002317,1.530601
41.8000,3.701193,3.419937,-3.818755,0.000160,0.002215,1.530471,-0.789611,-0.331909,-2.967740,0.000163,0.002186,1.530545
41.8500,3.701802,3.434948,-3.818787,0.000160,0.002214,1.530428,-0.788870,-0.332744,-2.967576,0.000299,0.002202,1.530342
41.9000,3.702412,3.449958,-3.818819,0.000160,0.002213,1.530386,-0.788366,-0.333370,-2.967805,0.000180,0.002275,1.530313
41.9500,3.703022,3.464968,-3.818850,0.000160,0.002212,1.530344,-0.787645,-0.334203,-2.967642,0.000099,0.002327,1.530390
42.0000,3.703633,3.479978,-3.818882,0.000160,0.002211,1.530303,-0.787140,-0.334828,-2.967871,0.000161,0.002168,1.530223
42.0500,3.704245,3.494987,-3.818914,0.000161,0.002210,1.530262,-0.786379,-0.335662,-2.967708,0.000128,0.002237,1.530248
42.1000,3.704857,3.509996,-3.818946,0.000161,0.002210,1.530221,-0.785875,-0.336288,-2.967937,0.000172,0.002270,1.530370
42.1500,3.705469,3.525005,-3.818978,0.000161,0.002209,1.530181,-0.785125,-0.337134,-2.967774,0.000078,0.002291,1.530227
42.2000,3.706083,3.540014,-3.819010,0.000161,0.002208,1.530142,-0.784620,-0.337760,-2.968003,0.000018,0.002189,1.530143
42.2500,3.706696,3.555023,-3.819042,0.000161,0.002207,1.530102,-0.783819,-0.338645,-2.967839,0.000122,0.002238,1.530124
42.3000,3.707303,3.569842,-3.819059,0.000162,0.002318,1.530063,-0.783315,-0.339271,-2.968068,0.000031,0.002277,1.530137
42.3500,3.707830,3.582847,-3.819032,0.000179,0.002737,1.530021,-0.782557,-0.340261,-2.967727,0.000182,0.002625,1.530029
42.4000,3.708203,3.592336,-3.818932,0.000229,0.003438,1.529940,-0.782054,-0.340887,-2.967947,0.000114,0.003342,1.529926
42.4500,3.708405,3.598050,-3.818760,0.000311,0.004284,1.529778,-0.782464,-0.343266,-2.967082,0.000480,0.004269,1.529621
42.5000,3.708475,3.600717,-3.818535,0.000424,0.005163,1.529565,-0.781962,-0.343896,-2.967266,0.000539,0.004869,1.529708
42.5500,3.708468,3.601409,-3.818286,0.000550,0.005992,1.529360,-0.786780,-0.351194,-2.965868,0.000652,0.006057,1.529464
42.6000,3.708431,3.601088,-3.818052,0.000672,0.006688,1.529179,-0.786451,-0.355074,-2.966206,0.000523,0.006465,1.529269
42.6500,3.708392,3.600446,-3.817858,0.000782,0.007221,1.529023,-0.798516,-0.372349,-2.964617,0.000821,0.007181,1.528969
42.7020,3.708353,3.599795,-3.817713,0.000873,0.007590,1.528878,-0.798042,-0.374717,-2.964808,0.000816,0.007590,1.529010
42.7500,3.708321,3.599200,-3.817611,0.000944,0.007817,1.528761,-0.816179,-0.399437,-2.963265,0.000954,0.007698,1.528896
42.8000,3.708301,3.598703,-3.817546,0.000994,0.007932,1.528674,-0.815724,-0.402567,-2.963444,0.000985,0.007928,1.528736
42.8500,3.708291,3.598309,-3.817508,0.001024,0.007962,1.528605,-0.835968,-0.427901,-2.962077,0.001157,0.007944,1.528627
42.9000,3.708288,3.597996,-3.817490,0.001037,0.007924,1.528543,-0.835498,-0.430533,-2.962224,0.001203,0.007910,1.528617
42.9500,3.708288,3.597733,-3.817487,0.001035,0.007834,1.528489,-0.854451,-0.454813,-2.961153,0.001063,0.007759,1.528565
43.0000,3.708289,3.597493,-3.817492,0.001019,0.007705,1.528444,-0.853985,-0.457435,-2.961280,0.000877,0.007694,1.528413
43.0500,3.708290,3.597262,-3.817503,0.000993,0.007546,1.528403,-0.868943,-0.477726,-2.960488,0.000975,0.007511,1.528510
43.1020,3.708293,3.597032,-3.817517,0.000957,0.007364,1.528366,-0.868490,-0.480387,-2.960600,0.001120,0.007457,1.528400
43.1500,3.708295,3.596802,-3.817533,0.000914,0.007166,1.528333,-0.878865,-0.495816,-2.960071,0.000928,0.007181,1.528451
43.2000,3.708297,3.596570,-3.817550,0.000865,0.006956,1.528306,-0.878418,-0.498515,-2.960176,0.000783,0.006970,1.528336
43.2500,3.708297,3.596337,-3.817566,0.000811,0.006738,1.528282,-0.884567,-0.509584,-2.959883,0.000868,0.006824,1.528532
43.3000,3.708289,3.596091,-3.817585,0.000737,0.006502,1.528714,-0.884127,-0.512309,-2.959992,0.000768,0.006595,1.528476
43.3500,3.708304,3.595814,-3.817635,0.000619,0.006243,1.532020,-0.886675,-0.519794,-2.959952,0.000481,0.006243,1.531972
43.4000,3.708352,3.595528,-3.817701,0.000485,0.005976,1.538105,-0.886186,-0.522565,-2.960115,0.000488,0.006140,1.536781
43.4500,3.708396,3.595254,-3.817760,0.000362,0.005693,1.545476,-0.886125,-0.527482,-2.960310,0.000437,0.005608,1.545623
43.5000,3.708435,3.594996,-3.817807,0.000265,0.005424,1.553721,-0.885601,-0.530228,-2.960487,0.000294,0.005255,1.551972
43.5500,3.708475,3.594752,-3.817846,0.000186,0.005175,1.562882,-0.884494,-0.533978,-2.960801,0.000287,0.005209,1.562790
43.6000,3.708517,3.594519,-3.817878,0.000121,0.004944,1.572861,-0.883920,-0.536692,-2.960995,0.000104,0.004987,1.571119
43.6500,3.708558,3.594296,-3.817904,0.000076,0.004730,1.583432,-0.882685,-0.540264,-2.961374,-0.000084,0.004712,1.583353
43.7000,3.708593,3.594080,-3.817925,0.000052,0.004531,1.594426,-0.882061,-0.542951,-2.961590,0.000072,0.004587,1.592227
43.7500,3.708622,3.593870,-3.817944,0.000045,0.004346,1.605759,-0.881005,-0.546739,-2.961990,0.000138,0.004325,1.605850
43.8000,3.708648,3.593664,-3.817959,0.000050,0.004174,1.617370,-0.880330,-0.549401,-2.962232,-0.000092,0.004171,1.615005
43.8500,3.708671,3.593461,-3.817973,0.000062,0.004015,1.629200,-0.879287,-0.553368,-2.962620,0.000007,0.004082,1.629142
43.9000,3.708692,3.593262,-3.817985,0.000081,0.003868,1.641195,-0.878556,-0.556009,-2.962886,0.000103,0.003922,1.638890
43.9500,3.708712,3.593065,-3.817995,0.000103,0.003732,1.653320,-0.877188,-0.559866,-2.963240,-0.000045,0.003640,1.653308
44.0000,3.708733,3.592872,-3.818005,0.000127,0.003606,1.665546,-0.876399,-0.562483,-2.963529,0.000221,0.003845,1.663158
44.0500,3.708754,3.592681,-3.818013,0.000152,0.003489,1.677851,-0.874398,-0.565849,-2.963834,0.000189,0.003534,1.677798
44.1000,3.708775,3.592492,-3.818021,0.000176,0.003381,1.690219,-0.873542,-0.568438,-2.964140,-0.000012,0.003460,1.687765
44.1500,3.708798,3.592307,-3.818029,0.000200,0.003281,1.702634,-0.870699,-0.570995,-2.964389,0.000486,0.003462,1.702714
44.2000,3.708822,3.592123,-3.818036,0.000222,0.003189,1.715087,-0.869775,-0.573549,-2.964710,0.000066,0.003128,1.712681
44.2500,3.708848,3.591943,-3.818043,0.000244,0.003104,1.727568,-0.866000,-0.575009,-2.964898,0.000231,0.003109,1.727593
44.3000,3.708875,3.591764,-3.818050,0.000264,0.003025,1.740072,-0.865011,-0.577531,-2.965231,0.000226,0.002933,1.737522
44.3500,3.708904,3.591589,-3.818057,0.000283,0.002952,1.752594,-0.860329,-0.577766,-2.965357,0.000185,0.002828,1.752549
44.4000,3.708934,3.591415,-3.818063,0.000301,0.002884,1.765128,-0.859273,-0.580250,-2.965696,0.000222,0.002705,1.762621
44.4500,3.708966,3.591244,-3.818070,0.000317,0.002822,1.777673,-0.853757,-0.579292,-2.965763,0.000371,0.002828,1.777882
44.5000,3.709000,3.591075,-3.818076,0.000333,0.002765,1.790225,-0.852638,-0.581733,-2.966105,0.000280,0.002690,1.787670
44.5500,3.709035,3.590908,-3.818083,0.000348,0.002711,1.802784,-0.846480,-0.579761,-2.966115,0.000306,0.002668,1.802760
44.6000,3.709072,3.590744,-3.818089,0.000362,0.002662,1.815347,-0.845301,-0.582153,-2.966458,0.000357,0.002678,1.812935
44.6500,3.709110,3.590582,-3.818096,0.000375,0.002616,1.827913,-0.838730,-0.579308,-2.966417,0.000260,0.002633,1.827883
44.7000,3.709150,3.590422,-3.818103,0.000388,0.002574,1.840481,-0.837494,-0.581649,-2.966757,0.000383,0.002803,1.837771
44.7500,3.709191,3.590264,-3.818109,0.000400,0.002535,1.853051,-0.830723,-0.578195,-2.966670,0.000206,0.002581,1.853015
44.8000,3.709234,3.590108,-3.818116,0.000412,0.002498,1.865623,-0.829432,-0.580481,-2.967006,0.000478,0.002662,1.863132
44.8500,3.709279,3.589955,-3.818123,0.000423,0.002464,1.878195,-0.822623,-0.576562,-2.966878,0.000299,0.002425,1.878192
44.9000,3.709324,3.589804,-3.818130,0.000434,0.002433,1.890767,-0.821278,-0.578793,-2.967209,0.000489,0.002516,1.888375
44.9500,3.709372,3.589655,-3.818137,0.000445,0.002404,1.903340,-0.814564,-0.574751,-2.967046,0.000383,0.002501,1.903242
45.0000,3.709420,3.589509,-3.818143,0.000455,0.002376,1.915912,-0.813169,-0.576925,-2.967369,0.000527,0.002456,1.913515
45.0500,3.709470,3.589364,-3.818150,0.000465,0.002351,1.928485,-0.806764,-0.572874,-2.967179,0.000572,0.002315,1.928681
45.1000,3.709522,3.589222,-3.818157,0.000475,0.002327,1.941057,-0.805316,-0.574990,-2.967493,0.000494,0.002393,1.938503
45.1500,3.709574,3.589082,-3.818164,0.000485,0.002305,1.953629,-0.799254,-0.570997,-2.967280,0.000520,0.002241,1.953577
45.2000,3.709628,3.588943,-3.818171,0.000495,0.002284,1.966200,-0.797756,-0.573059,-2.967586,0.000523,0.002237,1.963566
45.2500,3.709683,3.588808,-3.818178,0.000504,0.002264,1.978771,-0.791984,-0.569329,-2.967354,0.000369,0.002309,1.978811
45.3000,3.709739,3.588674,-3.818185,0.000513,0.002246,1.991341,-0.790442,-0.571336,-2.967650,0.000644,0.002244,1.988887
45.3500,3.709796,3.588542,-3.818192,0.000523,0.002229,2.003910,-0.785047,-0.568025,-2.967404,0.000672,0.002240,2.003947
45.4000,3.709855,3.588413,-3.818199,0.000532,0.002212,2.016479,-0.783459,-0.569976,-2.967692,0.000515,0.002115,2.013838
45.4500,3.709914,3.588285,-3.818206,0.000541,0.002197,2.029048,-0.778469,-0.567063,-2.967437,0.000431,0.002363,2.029005
45.5000,3.709974,3.588160,-3.818213,0.000550,0.002183,2.041616,-0.776838,-0.568960,-2.967714,0.000501,0.002100,2.039276
45.5500,3.710036,3.588036,-3.818219,0.000559,0.002169,2.054183,-0.772200,-0.566606,-2.967453,0.000495,0.002064,2.054244
45.6000,3.710098,3.587915,-3.818226,0.000568,0.002156,2.066749,-0.770528,-0.568450,-2.967723,0.000534,0.002143,2.064066
45.6500,3.710161,3.587796,-3.818233,0.000577,0.002144,2.079315,-0.766157,-0.566546,-2.967458,0.000429,0.002311,2.079395
45.7000,3.710225,3.587679,-3.818240,0.000585,0.002132,2.091880,-0.764445,-0.568338,-2.967719,0.000747,0.002136,2.089480
45.7500,3.710290,3.587564,-3.818246,0.000594,0.002121,2.104445,-0.760416,-0.566986,-2.967453,0.000551,0.002050,2.104423
45.8000,3.710356,3.587451,-3.818253,0.000603,0.002111,2.117009,-0.758666,-0.568724,-2.967707,0.000606,0.001973,2.114732
45.8500,3.710423,3.587340,-3.818260,0.000611,0.002101,2.129572,-0.754934,-0.567815,-2.967443,0.000701,0.002215,2.129517
45.9000,3.710490,3.587231,-3.818266,0.000620,0.002091,2.142135,-0.753144,-0.569498,-2.967689,0.000663,0.001910,2.139806
45.9520,3.710558,3.587124,-3.818273,0.000628,0.002082,2.154697,-0.749689,-0.568924,-2.967427,0.000676,0.002176,2.154570
46.0000,3.710626,3.587019,-3.818279,0.000637,0.002074,2.167259,-0.747860,-0.570554,-2.967667,0.000483,0.001967,2.164674
46.0500,3.710696,3.586916,-3.818286,0.000645,0.002065,2.179820,-0.744601,-0.570416,-2.967409,0.000621,0.002000,2.179896
46.1000,3.710766,3.586814,-3.818292,0.000653,0.002057,2.192380,-0.742737,-0.571994,-2.967643,0.000564,0.002133,2.189844
46.1500,3.710836,3.586715,-3.818298,0.000661,0.002050,2.204940,-0.739593,-0.572197,-2.967390,0.000662,0.001999,2.204812
46.2000,3.710907,3.586618,-3.818305,0.000669,0.002042,2.217499,-0.737695,-0.573723,-2.967619,0.000811,0.001976,2.215010
46.2500,3.710978,3.586523,-3.818311,0.000677,0.002035,2.230057,-0.734696,-0.574113,-2.967371,0.000772,0.002046,2.230127
46.3000,3.711050,3.586429,-3.818317,0.000685,0.002029,2.242615,-0.732760,-0.575585,-2.967596,0.000769,0.002152,2.240143
46.3500,3.711123,3.586338,-3.818323,0.000693,0.002022,2.255173,-0.729897,-0.576215,-2.967352,0.000861,0.002011,2.255299
46.4000,3.711196,3.586248,-3.818329,0.000701,0.002016,2.267729,-0.727926,-0.577631,-2.967573,0.000679,0.001900,2.265331
46.4500,3.711269,3.586160,-3.818335,0.000708,0.002010,2.280286,-0.725084,-0.578391,-2.967335,0.000737,0.001852,2.280260
46.5000,3.711342,3.586074,-3.818341,0.000716,0.002004,2.292841,-0.723080,-0.579757,-2.967553,0.000815,0.002025,2.290381
46.5500,3.711416,3.585990,-3.818347,0.000724,0.001998,2.305396,-0.720255,-0.580647,-2.967320,0.000719,0.002078,2.305565
46.6000,3.711491,3.585907,-3.818353,0.000731,0.001992,2.317951,-0.718220,-0.581958,-2.967535,0.000610,0.001860,2.315407
46.6520,3.711565,3.585827,-3.818359,0.000738,0.001987,2.330505,-0.715405,-0.582975,-2.967308,0.000885,0.001904,2.330419
46.7000,3.711640,3.585748,-3.818365,0.000746,0.001982,2.343058,-0.713340,-0.584232,-2.967520,0.000598,0.002011,2.340676
46.7500,3.711715,3.585671,-3.818370,0.000753,0.001977,2.355611,-0.710508,-0.585309,-2.967298,0.000856,0.001946,2.355517
46.8000,3.711790,3.585596,-3.818376,0.000760,0.001972,2.368164,-0.708413,-0.586512,-2.967508,0.000724,0.001911,2.365561
46.8500,3.711866,3.585522,-3.818382,0.000767,0.001967,2.380716,-0.705583,-0.587631,-2.967290,0.000721,0.001946,2.380892
46.9000,3.711941,3.585450,-3.818387,0.000774,0.001962,2.393267,-0.703461,-0.588779,-2.967499,0.000691,0.001845,2.390663
46.9500,3.712017,3.585380,-3.818393,0.000781,0.001957,2.405818,-0.700619,-0.589913,-2.967285,0.000792,0.002021,2.405839
47.0000,3.712093,3.585312,-3.818398,0.000788,0.001953,2.418368,-0.698470,-0.591005,-2.967493,0.000856,0.001866,2.415980
47.0500,3.712169,3.585245,-3.818403,0.000795,0.001948,2.430918,-0.695667,-0.592108,-2.967283,0.000682,0.002128,2.430906
47.1000,3.712245,3.585180,-3.818409,0.000802,0.001944,2.443468,-0.693492,-0.593141,-2.967489,0.000794,0.001850,2.440982
47.1500,3.712321,3.585117,-3.818414,0.000809,0.001940,2.456017,-0.690653,-0.594259,-2.967282,0.000800,0.001924,2.456086
47.2000,3.712397,3.585055,-3.818419,0.000815,0.001935,2.468565,-0.688454,-0.595236,-2.967489,0.000715,0.001907,2.466108
47.2500,3.712473,3.584995,-3.818425,0.000822,0.001931,2.481113,-0.685554,-0.596291,-2.967284,0.000675,0.002158,2.481137
47.3020,3.712549,3.584936,-3.818430,0.000828,0.001927,2.493660,-0.683333,-0.597211,-2.967490,0.000739,0.002137,2.491159
47.3500,3.712625,3.584879,-3.818435,0.000835,0.001923,2.506207,-0.680414,-0.598347,-2.967287,0.000997,0.002033,2.506393
47.4000,3.712701,3.584823,-3.818440,0.000841,0.001919,2.518754,-0.678175,-0.599207,-2.967493,0.000826,0.002006,2.516254
47.4500,3.712777,3.584769,-3.818445,0.000848,0.001915,2.531300,-0.675283,-0.600227,-2.967293,0.000879,0.001789,2.531234
47.5000,3.712852,3.584717,-3.818450,0.000854,0.001911,2.543846,-0.673021,-0.601027,-2.967499,0.000927,0.001828,2.541366
47.5500,3.712928,3.584666,-3.818455,0.000860,0.001908,2.556391,-0.670066,-0.601912,-2.967300,0.000824,0.001744,2.556483
47.6000,3.713004,3.584617,-3.818460,0.000866,0.001904,2.568935,-0.667785,-0.602655,-2.967506,0.000873,0.002000,2.566551
47.6500,3.713079,3.584569,-3.818464,0.000873,0.001900,2.581480,-0.664728,-0.603455,-2.967308,0.000716,0.001960,2.581433
47.7000,3.713154,3.584522,-3.818469,0.000879,0.001896,2.594024,-0.662431,-0.604140,-2.967514,0.000856,0.001760,2.591632
47.7500,3.713229,3.584477,-3.818474,0.000885,0.001893,2.606567,-0.659259,-0.604795,-2.967318,0.000721,0.001939,2.606382
47.8000,3.713304,3.584434,-3.818478,0.000891,0.001889,2.619110,-0.656945,-0.605425,-2.967524,0.000790,0.001704,2.616645
47.8500,3.713379,3.584391,-3.818483,0.000897,0.001885,2.631652,-0.653729,-0.606007,-2.967328,0.000861,0.001787,2.631566
47.9000,3.713453,3.584350,-3.818488,0.000903,0.001882,2.644194,-0.651399,-0.606577,-2.967534,0.000914,0.001580,2.641560
47.9500,3.713528,3.584311,-3.818492,0.000909,0.001878,2.656736,-0.648176,-0.607029,-2.967339,0.000962,0.001811,2.656721
48.0000,3.713601,3.584273,-3.818497,0.000914,0.001874,2.669277,-0.645832,-0.607539,-2.967545,0.000860,0.001938,2.666714
48.0500,3.713675,3.584236,-3.818501,0.000920,0.001871,2.681818,-0.642590,-0.607885,-2.967351,0.000851,0.001795,2.681713
48.1000,3.713748,3.584201,-3.818505,0.000926,0.001867,2.694359,-0.640233,-0.608335,-2.967557,0.000935,0.001868,2.691842
48.1500,3.713821,3.584166,-3.818510,0.000932,0.001864,2.706899,-0.636991,-0.608572,-2.967363,0.001049,0.001895,2.706656
48.2000,3.713894,3.584133,-3.818514,0.000937,0.001860,2.719438,-0.634624,-0.608960,-2.967569,0.000869,0.001909,2.716877
48.2500,3.713967,3.584102,-3.818518,0.000943,0.001857,2.731978,-0.631317,-0.609167,-2.967375,0.001043,0.001796,2.731919
48.3000,3.714039,3.584071,-3.818523,0.000948,0.001853,2.744517,-0.628943,-0.609496,-2.967581,0.000963,0.001806,2.742042
48.3500,3.714110,3.584042,-3.818527,0.000954,0.001850,2.757055,-0.625641,-0.609581,-2.967387,0.001106,0.001833,2.756955
48.4000,3.714182,3.584014,-3.818531,0.000960,0.001846,2.769593,-0.623258,-0.609849,-2.967594,0.001078,0.001774,2.767112
48.4500,3.714253,3.583988,-3.818535,0.000965,0.001843,2.782131,-0.620026,-0.609809,-2.967400,0.000734,0.001785,2.781984
48.5000,3.714323,3.583962,-3.818539,0.000970,0.001839,2.794668,-0.617637,-0.610014,-2.967606,0.000851,0.001770,2.792332
48.5500,3.714393,3.583938,-3.818543,0.000976,0.001836,2.807205,-0.614319,-0.609918,-2.967413,0.000915,0.001679,2.807248
48.6000,3.714463,3.583914,-3.818547,0.000981,0.001832,2.819742,-0.611926,-0.610064,-2.967619,0.001049,0.001776,2.817259
48.6500,3.714532,3.583892,-3.818551,0.000986,0.001829,2.832278,-0.608591,-0.609850,-2.967425,0.001064,0.002063,2.832344
48.7020,3.714601,3.583871,-3.818555,0.000992,0.001825,2.844814,-0.606195,-0.609933,-2.967632,0.000927,0.001723,2.842396
48.7500,3.714670,3.583851,-3.818559,0.000997,0.001822,2.857349,-0.602914,-0.609636,-2.967438,0.000952,0.001766,2.857502
48.8000,3.714738,3.583832,-3.818562,0.001002,0.001818,2.869885,-0.600516,-0.609658,-2.967644,0.000854,0.002002,2.867513
48.8500,3.714805,3.583815,-3.818566,0.001007,0.001815,2.882419,-0.597208,-0.609355,-2.967450,0.001083,0.001802,2.882365
48.9000,3.714872,3.583798,-3.818570,0.001013,0.001811,2.894954,-0.594814,-0.609315,-2.967657,0.000952,0.001900,2.892572
48.9500,3.714939,3.583782,-3.818574,0.001018,0.001808,2.907488,-0.591465,-0.608950,-2.967462,0.001042,0.001685,2.907542
49.0000,3.715005,3.583768,-3.818577,0.001023,0.001804,2.920022,-0.589073,-0.608852,-2.967669,0.001154,0.001662,2.917484
49.0520,3.715071,3.583754,-3.818581,0.001028,0.001801,2.932555,-0.585760,-0.608317,-2.967475,0.000954,0.001620,2.932634
49.1000,3.715136,3.583741,-3.818584,0.001033,0.001797,2.945088,-0.583369,-0.608157,-2.967682,0.001143,0.001714,2.942477
49.1520,3.715200,3.583729,-3.818588,0.001038,0.001794,2.957621,-0.579991,-0.607520,-2.967487,0.001049,0.001904,2.957625
49.2000,3.715265,3.583718,-3.818591,0.001043,0.001790,2.970154,-0.577605,-0.607301,-2.967694,0.001078,0.001845,2.967780
49.2500,3.715328,3.583709,-3.818595,0.001048,0.001787,2.982686,-0.574275,-0.606646,-2.967499,0.001053,0.001843,2.982504
49.3000,3.715391,3.583700,-3.818598,0.001053,0.001783,2.995218,-0.571898,-0.606366,-2.967705,0.001011,0.001851,2.992624
49.3500,3.715454,3.583691,-3.818602,0.001058,0.001779,3.007749,-0.568558,-0.605653,-2.967511,0.000990,0.001748,3.007773
49.4000,3.715516,3.583684,-3.818605,0.001062,0.001776,3.020280,-0.566191,-0.605313,-2.967717,0.001105,0.001536,3.017748
49.4500,3.715577,3.583678,-3.818608,0.001067,0.001772,3.032811,-0.562874,-0.604518,-2.967522,0.000912,0.001774,3.032871
49.5000,3.715638,3.583672,-3.818612,0.001072,0.001769,3.045342,-0.560517,-0.604118,-2.967729,0.000976,0.001693,3.042916
49.5500,3.715698,3.583668,-3.818615,0.001077,0.001765,3.057872,-0.557226,-0.603265,-2.967534,0.001047,0.001752,3.057815
49.6020,3.715757,3.583658,-3.818617,0.001090,0.001765,3.070055,-0.554882,-0.602806,-2.967740,0.001007,0.001846,3.067632
49.6500,3.715806,3.583591,-3.818637,0.001150,0.001761,3.079557,-0.551610,-0.601907,-2.967552,0.000993,0.001718,3.079583
49.7020,3.715848,3.583473,-3.818664,0.001230,0.001743,3.086262,-0.549288,-0.601485,-2.967777,0.001211,0.001774,3.085222
49.7500,3.715893,3.583363,-3.818677,0.001282,0.001704,3.091568,-0.546067,-0.600575,-2.967596,0.001316,0.001653,3.091552
49.8000,3.715943,3.583271,-3.818679,0.001298,0.001664,3.095834,-0.543745,-0.600120,-2.967805,0.001418,0.001623,3.095023
49.8500,3.715997,3.583193,-3.818673,0.001294,0.001631,3.099082,-0.540683,-0.599006,-2.967615,0.001330,0.001490,3.099162
49.9000,3.716053,3.583128,-3.818663,0.001276,0.001601,3.101477,-0.538357,-0.598511,-2.967814,0.001316,0.001630,3.101045
49.9500,3.716111,3.583077,-3.818653,0.001246,0.001572,3.103248,-0.535297,-0.597207,-2.967636,0.001196,0.001686,3.103289
50.0000,3.716170,3.583039,-3.818643,0.001207,0.001543,3.104546,-0.532970,-0.596684,-2.967834,0.001329,0.001368,3.104323
50.0500,3.716230,3.583010,-3.818634,0.001161,0.001516,3.105461,-0.529895,-0.595243,-2.967677,0.001253,0.001442,3.105487
50.1000,3.716291,3.582988,-3.818626,0.001112,0.001489,3.106068,-0.527566,-0.594699,-2.967880,0.000992,0.001486,3.106111
50.1500,3.716352,3.582973,-3.818620,0.001061,0.001463,3.106435,-0.524314,-0.593210,-2.967741,0.001030,0.001499,3.106383
50.2000,3.716413,3.582962,-3.818615,0.001009,0.001438,3.106616,-0.521987,-0.592658,-2.967949,0.001125,0.001363,3.106606
50.2520,3.716474,3.582955,-3.818611,0.000957,0.001413,3.106652,-0.518621,-0.591106,-2.967826,0.000994,0.001556,3.106718
50.3000,3.716535,3.582951,-3.818608,0.000905,0.001390,3.106574,-0.516296,-0.590546,-2.968039,0.001064,0.001317,3.106625
50.3500,3.716596,3.582949,-3.818607,0.000855,0.001367,3.106405,-0.512726,-0.588943,-2.967926,0.000811,0.001551,3.106507
50.4000,3.716656,3.582948,-3.818606,0.000805,0.001345,3.106168,-0.510402,-0.588379,-2.968144,0.000715,0.001298,3.105991
50.4500,3.716716,3.582949,-3.818606,0.000758,0.001324,3.105878,-0.506552,-0.586832,-2.968036,0.000784,0.001434,3.105816
50.5000,3.716776,3.582951,-3.818606,0.000712,0.001303,3.105546,-0.504232,-0.586269,-2.968260,0.000563,0.001111,3.105712
50.5500,3.716835,3.582953,-3.818607,0.000668,0.001284,3.105183,-0.500109,-0.584678,-2.968153,0.000759,0.001174,3.105242
50.6000,3.716667,3.582962,-3.818614,0.000625,0.001166,3.104715,-0.497789,-0.584114,-2.968381,0.000631,0.001160,3.104834
50.6500,3.714525,3.583043,-3.818691,0.000569,0.000777,3.104011,-0.493686,-0.582688,-2.968434,0.000682,0.000650,3.104013
50.7000,3.708771,3.583271,-3.818860,0.000485,0.000150,3.103222,-0.491363,-0.582121,-2.968674,0.000514,0.000076,3.103277
50.7500,3.699250,3.583656,-3.819095,0.000383,-0.000586,3.102420,-0.488292,-0.581744,-2.969199,0.000339,-0.000565,3.102507
50.8000,3.686758,3.584167,-3.819355,0.000273,-0.001307,3.101619,-0.485963,-0.581176,-2.969477,0.000433,-0.001025,3.101876
50.8500,3.672377,3.584759,-3.819593,0.000159,-0.001951,3.100856,-0.484627,-0.583511,-2.970411,0.000101,-0.001806,3.101078
50.9000,3.657042,3.585394,-3.819783,0.000051,-0.002485,3.100161,-0.485444,-0.583265,-2.970425,-0.000015,-0.002369,3.100424
50.9500,3.641423,3.586045,-3.819917,-0.000042,-0.002892,3.099527,-0.488142,-0.589585,-2.971389,0.000272,-0.002970,3.099556
51.0000,3.625863,3.586697,-3.819998,-0.000119,-0.003180,3.098910,-0.487336,-0.588964,-2.971571,0.000024,-0.003181,3.099171
51.0520,3.610408,3.587348,-3.820035,-0.000181,-0.003359,3.098319,-0.491510,-0.597112,-2.972425,-0.000216,-0.003288,3.098394
51.1000,3.595060,3.588001,-3.820039,-0.000230,-0.003449,3.097768,-0.491325,-0.596469,-2.972573,-0.000216,-0.003366,3.097940
51.1500,3.579802,3.588656,-3.820019,-0.000264,-0.003470,3.097243,-0.492930,-0.602742,-2.973317,-0.000114,-0.003325,3.097181
51.2000,3.564610,3.589316,-3.819981,-0.000286,-0.003435,3.096751,-0.492120,-0.602113,-2.973512,-0.000316,-0.003342,3.096896
51.2500,3.549455,3.589983,-3.819931,-0.000298,-0.003358,3.096290,-0.492433,-0.604307,-2.973970,-0.000424,-0.003416,3.096127
51.3000,3.534314,3.590658,-3.819874,-0.000300,-0.003247,3.095850,-0.491557,-0.603669,-2.974181,-0.000303,-0.003230,3.095967
51.3500,3.519170,3.591341,-3.819814,-0.000293,-0.003110,3.095424,-0.489221,-0.600686,-2.974412,-0.000296,-0.003346,3.095207
51.4000,3.504017,3.592033,-3.819752,-0.000279,-0.002955,3.095010,-0.488355,-0.600034,-2.974639,-0.000193,-0.002950,3.095032
51.4500,3.488853,3.592732,-3.819690,-0.000258,-0.002785,3.094607,-0.483685,-0.592339,-2.974657,-0.000178,-0.002833,3.094602
51.5000,3.473682,3.593438,-3.819629,-0.000231,-0.002604,3.094215,-0.482849,-0.591668,-2.974894,-0.000023,-0.002579,3.094257
51.5500,3.458506,3.594152,-3.819570,-0.000201,-0.002417,3.093832,-0.476633,-0.580733,-2.974721,-0.000190,-0.002617,3.093849
51.6000,3.443328,3.594872,-3.819513,-0.000166,-0.002225,3.093456,-0.475829,-0.580040,-2.974960,-0.000299,-0.002407,3.093522
51.6500,3.428151,3.595598,-3.819460,-0.000130,-0.002031,3.093087,-0.468820,-0.567637,-2.974626,-0.000156,-0.001942,3.093000
51.7000,3.412975,3.596331,-3.819409,-0.000091,-0.001837,3.092724,-0.468044,-0.566924,-2.974859,-0.000060,-0.001777,3.092864
51.7500,3.397802,3.597070,-3.819362,-0.000052,-0.001645,3.092366,-0.461094,-0.554897,-2.974395,-0.000052,-0.001626,3.092355
51.8000,3.382632,3.597814,-3.819317,-0.000012,-0.001455,3.092014,-0.460342,-0.554164,-2.974617,0.000010,-0.001521,3.092059
51.8500,3.367464,3.598564,-3.819277,0.000027,-0.001269,3.091666,-0.454095,-0.543913,-2.974056,-0.000135,-0.001254,3.091775
51.9000,3.352299,3.599320,-3.819239,0.000065,-0.001088,3.091322,-0.453363,-0.543163,-2.974263,0.000176,-0.001172,3.091265
51.9520,3.337137,3.600082,-3.819205,0.000103,-0.000912,3.090983,-0.448151,-0.535517,-2.973633,0.000121,-0.000832,3.091047
52.0000,3.321976,3.600848,-3.819174,0.000138,-0.000742,3.090647,-0.447430,-0.534752,-2.973823,0.000066,-0.000786,3.090869
52.0520,3.306818,3.601621,-3.819146,0.000172,-0.000578,3.090314,-0.443557,-0.530094,-2.973152,0.000405,-0.000702,3.090308
52.1000,3.291661,3.602398,-3.819121,0.000204,-0.000419,3.089986,-0.442840,-0.529313,-2.973324,0.000237,-0.000312,3.089998
52.1500,3.276507,3.603180,-3.819099,0.000233,-0.000267,3.089660,-0.440363,-0.527634,-2.972634,0.000140,-0.000370,3.089595
52.2000,3.261355,3.603968,-3.819080,0.000260,-0.000121,3.089338,-0.439643,-0.526842,-2.972788,0.000140,-0.000262,3.089445
52.2500,3.246204,3.604760,-3.819063,0.000285,0.000018,3.089019,-0.438172,-0.527874,-2.972099,0.000286,-0.000117,3.088958
52.3000,3.231056,3.605558,-3.819049,0.000308,0.000152,3.088702,-0.437442,-0.527076,-2.972237,0.000215,0.000153,3.088530
52.3500,3.215910,3.606360,-3.819038,0.000328,0.000279,3.088389,-0.437008,-0.530343,-2.971565,0.000299,0.000303,3.088390
52.4000,3.200766,3.607167,-3.819029,0.000346,0.000401,3.088078,-0.436264,-0.529537,-2.971686,0.000388,0.000285,3.088125
52.4520,3.185624,3.607979,-3.819022,0.000362,0.000517,3.087771,-0.436494,-0.534409,-2.971043,0.000321,0.000630,3.087833
52.5000,3.170483,3.608795,-3.819017,0.000375,0.000627,3.087466,-0.435731,-0.533598,-2.971152,0.000237,0.000462,3.087564
52.5500,3.155345,3.609616,-3.819014,0.000387,0.000732,3.087164,-0.436364,-0.539563,-2.970546,0.000321,0.000717,3.087236
52.6000,3.140209,3.610442,-3.819013,0.000396,0.000832,3.086865,-0.435578,-0.538749,-2.970644,0.000237,0.000753,3.086832
52.6520,3.125075,3.611272,-3.819014,0.000404,0.000926,3.086568,-0.436352,-0.545328,-2.970081,0.000350,0.001007,3.086436
52.7000,3.109942,3.612106,-3.819016,0.000410,0.001016,3.086274,-0.435544,-0.544514,-2.970171,0.000292,0.001037,3.086552
52.7500,3.094812,3.612945,-3.819020,0.000414,0.001101,3.085983,-0.436296,-0.551293,-2.969654,0.000390,0.001170,3.086126
52.8000,3.079683,3.613788,-3.819026,0.000417,0.001182,3.085694,-0.435465,-0.550478,-2.969739,0.000569,0.000973,3.085763
52.8500,3.064556,3.614636,-3.819033,0.000419,0.001258,3.085408,-0.436226,-0.557096,-2.969270,0.000443,0.001272,3.085400
52.9000,3.049431,3.615488,-3.819042,0.000419,0.001331,3.085124,-0.435370,-0.556276,-2.969353,0.000327,0.001208,3.085177
52.9500,3.034308,3.616344,-3.819052,0.000418,0.001399,3.084843,-0.435950,-0.562511,-2.968930,0.000578,0.001326,3.084953
53.0000,3.019187,3.617204,-3.819063,0.000416,0.001464,3.084565,-0.435071,-0.561689,-2.969012,0.000500,0.001546,3.084623
53.0500,3.004067,3.618069,-3.819075,0.000414,0.001525,3.084289,-0.435529,-0.567424,-2.968635,0.000349,0.001465,3.084362
53.1000,2.988950,3.618937,-3.819088,0.000410,0.001583,3.084016,-0.434628,-0.566598,-2.968719,0.000525,0.001460,3.084189
53.1500,2.973833,3.619810,-3.819103,0.000406,0.001637,3.083745,-0.434848,-0.571781,-2.968384,0.000430,0.001514,3.083679
53.2000,2.958719,3.620687,-3.819118,0.000401,0.001689,3.083477,-0.433926,-0.570951,-2.968472,0.000398,0.001646,3.083721
53.2500,2.943606,3.621568,-3.819135,0.000395,0.001737,3.083211,-0.433934,-0.575595,-2.968175,0.000431,0.001792,3.083217
53.3000,2.928495,3.622453,-3.819152,0.000389,0.001783,3.082948,-0.432994,-0.574761,-2.968269,0.000411,0.001895,3.082875
53.3500,2.913386,3.623342,-3.819170,0.000383,0.001826,3.082687,-0.432793,-0.578904,-2.968007,0.000444,0.001852,3.082743
53.4000,2.898278,3.624234,-3.819189,0.000376,0.001867,3.082429,-0.431838,-0.578065,-2.968107,0.000245,0.001748,3.082575
53.4500,2.883172,3.625131,-3.819209,0.000369,0.001905,3.082173,-0.431413,-0.581708,-2.967876,0.000470,0.001918,3.082105
53.5000,2.868067,3.626031,-3.819229,0.000362,0.001941,3.081920,-0.430441,-0.580865,-2.967983,0.000213,0.001734,3.082106
53.5500,2.852964,3.626936,-3.819250,0.000355,0.001974,3.081669,-0.429786,-0.584058,-2.967779,0.000380,0.001914,3.081719
53.6000,2.837863,3.627844,-3.819272,0.000348,0.002006,3.081420,-0.428799,-0.583213,-2.967895,0.000361,0.002062,3.081511
53.6500,2.822763,3.628756,-3.819294,0.000340,0.002036,3.081174,-0.427958,-0.586034,-2.967713,0.000259,0.001991,3.081075
53.7000,2.807665,3.629671,-3.819317,0.000333,0.002063,3.080930,-0.426958,-0.585187,-2.967837,0.000336,0.001984,3.081046
53.7500,2.792568,3.630590,-3.819340,0.000325,0.002089,3.080689,-0.425921,-0.587602,-2.967675,0.000472,0.002014,3.080763
53.8000,2.777473,3.631513,-3.819364,0.000318,0.002114,3.080449,-0.424906,-0.586751,-2.967808,0.000224,0.002232,3.080495
53.8500,2.762379,3.632440,-3.819389,0.000311,0.002137,3.080213,-0.423749,-0.588856,-2.967661,0.000455,0.002033,3.080226
53.9000,2.747286,3.633370,-3.819414,0.000303,0.002158,3.079978,-0.422723,-0.588000,-2.967802,0.000308,0.002296,3.080036
53.9500,2.732196,3.634303,-3.819439,0.000296,0.002178,3.079746,-0.421444,-0.589813,-2.967667,0.000444,0.002114,3.079733
54.0000,2.717106,3.635240,-3.819465,0.000289,0.002197,3.079516,-0.420406,-0.588952,-2.967817,0.000374,0.002025,3.079556
54.0500,2.702018,3.636181,-3.819491,0.000282,0.002214,3.079288,-0.419027,-0.590515,-2.967692,0.000363,0.002187,3.079245
54.1000,2.686931,3.637125,-3.819517,0.000276,0.002230,3.079063,-0.417981,-0.589648,-2.967850,0.000259,0.002185,3.079104
54.1500,2.671846,3.638072,-3.819544,0.000269,0.002245,3.078839,-0.416517,-0.590950,-2.967731,0.000276,0.002035,3.078927
54.2000,2.656762,3.639023,-3.819571,0.000263,0.002259,3.078618,-0.415460,-0.590078,-2.967897,0.000186,0.002210,3.078771
54.2500,2.641680,3.639977,-3.819598,0.000257,0.002272,3.078399,-0.413882,-0.591110,-2.967782,0.000124,0.002381,3.078389
54.3000,2.626599,3.640934,-3.819626,0.000251,0.002284,3.078183,-0.412818,-0.590234,-2.967956,0.000266,0.002414,3.077985
54.3500,2.611519,3.641895,-3.819654,0.000245,0.002295,3.077968,-0.411173,-0.591081,-2.967844,0.000134,0.002403,3.077837
54.4000,2.596440,3.642858,-3.819682,0.000240,0.002305,3.077756,-0.410103,-0.590199,-2.968025,0.000313,0.002254,3.077830
54.4500,2.581363,3.643825,-3.819711,0.000234,0.002315,3.077545,-0.408338,-0.590837,-2.967913,0.000290,0.002344,3.077489
54.5000,2.566287,3.644796,-3.819739,0.000229,0.002323,3.077337,-0.407262,-0.589951,-2.968100,0.000260,0.002184,3.077243
54.5500,2.551213,3.645769,-3.819768,0.000224,0.002331,3.077131,-0.405424,-0.590350,-2.967988,0.000176,0.002202,3.077166
54.6000,2.536139,3.646745,-3.819797,0.000219,0.002339,3.076927,-0.404339,-0.589461,-2.968182,0.000219,0.002531,3.077120
54.6500,2.521067,3.647725,-3.819826,0.000215,0.002345,3.076725,-0.402444,-0.589630,-2.968068,0.000260,0.002383,3.076925
54.7000,2.505997,3.648707,-3.819856,0.000211,0.002351,3.076525,-0.401353,-0.588735,-2.968267,0.000225,0.002223,3.076536
54.7500,2.490927,3.649693,-3.819885,0.000206,0.002357,3.076327,-0.399410,-0.588655,-2.968151,0.000145,0.002435,3.076312
54.8000,2.475859,3.650681,-3.819915,0.000203,0.002362,3.076131,-0.398312,-0.587755,-2.968355,0.000311,0.002340,3.076304
54.8500,2.460791,3.651673,-3.819945,0.000199,0.002366,3.075937,-0.396303,-0.587512,-2.968236,0.000220,0.002403,3.075959
54.9020,2.445726,3.652667,-3.819975,0.000195,0.002370,3.075744,-0.395201,-0.586608,-2.968444,0.000304,0.002417,3.075786
54.9520,2.430661,3.653664,-3.820005,0.000192,0.002374,3.075554,-0.393184,-0.586236,-2.968322,0.000311,0.002432,3.075436
55.0000,2.415597,3.654665,-3.820035,0.000189,0.002377,3.075366,-0.392079,-0.585327,-2.968534,0.000176,0.002565,3.075328
55.0500,2.400535,3.655667,-3.820066,0.000186,0.002380,3.075180,-0.390011,-0.584796,-2.968409,0.000201,0.002426,3.074967
55.1000,2.385473,3.656673,-3.820096,0.000183,0.002382,3.074995,-0.388903,-0.583883,-2.968624,0.000285,0.002522,3.074995
55.1500,2.370413,3.657682,-3.820127,0.000180,0.002384,3.074812,-0.386865,-0.583229,-2.968496,-0.000023,0.002365,3.074604
55.2000,2.355354,3.658693,-3.820157,0.000177,0.002386,3.074632,-0.385754,-0.582313,-2.968714,-0.000040,0.002552,3.074457
55.2500,2.340296,3.659707,-3.820188,0.000175,0.002388,3.074453,-0.383610,-0.581461,-2.968581,0.000298,0.002450,3.074328
55.3000,2.325239,3.660723,-3.820219,0.000172,0.002389,3.074276,-0.382495,-0.580543,-2.968802,0.000219,0.002421,3.074303
55.3500,2.310184,3.661742,-3.820250,0.000170,0.002390,3.074100,-0.380368,-0.579600,-2.968667,0.000221,0.002489,3.074254
55.4000,2.295129,3.662764,-3.820280,0.000168,0.002391,3.073927,-0.379252,-0.578678,-2.968889,0.000168,0.002422,3.074013
55.4500,2.280075,3.663789,-3.820311,0.000166,0.002391,3.073755,-0.377150,-0.577627,-2.968751,0.000196,0.002195,3.073693
55.5000,2.265023,3.664816,-3.820343,0.000164,0.002391,3.073585,-0.376030,-0.576701,-2.968975,0.000174,0.002382,3.073626
55.5500,2.249971,3.665845,-3.820374,0.000163,0.002391,3.073417,-0.373983,-0.575507,-2.968833,0.000024,0.002266,3.073519
55.6000,2.234921,3.666877,-3.820405,0.000161,0.002391,3.073250,-0.372860,-0.574577,-2.969059,0.000116,0.002288,3.073303
55.6500,2.219872,3.667912,-3.820436,0.000160,0.002391,3.073085,-0.370833,-0.573224,-2.968915,0.000046,0.002324,3.073018
55.7000,2.204823,3.668949,-3.820467,0.000158,0.002391,3.072922,-0.369704,-0.572290,-2.969142,0.000080,0.002372,3.073023
55.7500,2.189776,3.669988,-3.820499,0.000157,0.002390,3.072760,-0.367640,-0.570860,-2.968995,0.000112,0.002325,3.072653
55.8000,2.174729,3.671030,-3.820530,0.000156,0.002389,3.072600,-0.366508,-0.569925,-2.969223,0.000111,0.002322,3.072543
55.8500,2.159684,3.672074,-3.820561,0.000154,0.002389,3.072442,-0.364537,-0.568389,-2.969074,0.000098,0.002386,3.072416
55.9000,2.144640,3.673121,-3.820593,0.000153,0.002388,3.072286,-0.363401,-0.567449,-2.969303,0.000204,0.002264,3.072369
55.9500,2.129596,3.674170,-3.820624,0.000152,0.002387,3.072130,-0.361491,-0.565872,-2.969152,0.000190,0.002268,3.072326
56.0000,2.114554,3.675221,-3.820656,0.000152,0.002385,3.071977,-0.360352,-0.564927,-2.969381,0.000276,0.002282,3.072012
56.0500,2.099512,3.676274,-3.820687,0.000151,0.002384,3.071825,-0.358495,-0.563291,-2.969228,0.000279,0.002169,3.071690
56.1000,2.084472,3.677330,-3.820719,0.000150,0.002383,3.071675,-0.357351,-0.562341,-2.969458,0.000140,0.002317,3.071658
56.1500,2.069432,3.678388,-3.820750,0.000149,0.002381,3.071526,-0.355508,-0.560649,-2.969303,0.000263,0.002296,3.071696
56.2000,2.054393,3.679448,-3.820782,0.000148,0.002380,3.071379,-0.354361,-0.559696,-2.969533,0.000142,0.002306,3.071560
56.2500,2.039355,3.680510,-3.820814,0.000148,0.002379,3.071233,-0.352593,-0.558004,-2.969377,0.000199,0.002398,3.071185
56.3000,2.024318,3.681575,-3.820845,0.000147,0.002377,3.071088,-0.351444,-0.557045,-2.969608,0.000325,0.002484,3.071299
56.3500,2.009282,3.682641,-3.820877,0.000147,0.002375,3.070946,-0.349692,-0.555459,-2.969450,0.000209,0.002143,3.071016
56.4000,1.994247,3.683710,-3.820908,0.000146,0.002374,3.070804,-0.348544,-0.554497,-2.969681,0.000111,0.002304,3.070829
56.4520,1.979213,3.684781,-3.820940,0.000146,0.002372,3.070664,-0.346765,-0.552861,-2.969522,0.000133,0.002340,3.070585
56.5000,1.964180,3.685854,-3.820972,0.000146,0.002370,3.070526,-0.345614,-0.551898,-2.969753,0.000263,0.002340,3.070493
56.5500,1.949147,3.686929,-3.821004,0.000145,0.002368,3.070389,-0.343815,-0.550252,-2.969594,0.000200,0.002168,3.070461
56.6000,1.934115,3.688006,-3.821035,0.000145,0.002366,3.070253,-0.342661,-0.549286,-2.969825,0.000125,0.002497,3.070300
56.6500,1.919084,3.689085,-3.821067,0.000145,0.002365,3.070119,-0.340909,-0.547593,-2.969665,0.000198,0.002486,3.070316
56.7000,1.904054,3.690166,-3.821099,0.000144,0.002363,3.069986,-0.339753,-0.546624,-2.969896,0.000123,0.002399,3.069881
56.7500,1.889025,3.691248,-3.821130,0.000144,0.002361,3.069854,-0.337993,-0.544985,-2.969736,0.000273,0.002396,3.069879
56.8000,1.873997,3.692333,-3.821162,0.000144,0.002359,3.069724,-0.336836,-0.544013,-2.969967,0.000261,0.002250,3.069805
56.8500,1.858969,3.693420,-3.821194,0.000144,0.002357,3.069595,-0.335152,-0.542389,-2.969806,0.000190,0.002204,3.069659
56.9000,1.843943,3.694509,-3.821226,0.000144,0.002355,3.069468,-0.333992,-0.541411,-2.970037,0.000118,0.002342,3.069487
56.9500,1.828917,3.695599,-3.821258,0.000144,0.002353,3.069341,-0.332306,-0.539721,-2.969876,0.000109,0.002267,3.069459
57.0000,1.813892,3.696692,-3.821289,0.000144,0.002351,3.069216,-0.331141,-0.538742,-2.970107,0.000078,0.002208,3.069309
57.0500,1.798867,3.697786,-3.821321,0.000143,0.002349,3.069093,-0.329407,-0.537014,-2.969945,0.000348,0.002422,3.068826
57.1000,1.783844,3.698882,-3.821353,0.000143,0.002347,3.068970,-0.328239,-0.536032,-2.970176,0.000084,0.002315,3.069027
57.1500,1.768821,3.699980,-3.821385,0.000143,0.002345,3.068849,-0.326557,-0.534391,-2.970014,0.000211,0.002499,3.068839
57.2000,1.753799,3.701079,-3.821417,0.000143,0.002343,3.068729,-0.325389,-0.533405,-2.970245,0.000100,0.002328,3.068774
57.2500,1.738777,3.702181,-3.821448,0.000143,0.002341,3.068611,-0.323711,-0.531793,-2.970083,0.000378,0.002354,3.068575
57.3000,1.723757,3.703284,-3.821480,0.000143,0.002339,3.068493,-0.322541,-0.530802,-2.970314,0.000200,0.002440,3.068575
57.3500,1.708737,3.704389,-3.821512,0.000143,0.002337,3.068377,-0.320883,-0.529211,-2.970152,0.000155,0.002397,3.068332
57.4000,1.693718,3.705495,-3.821544,0.000144,0.002335,3.068262,-0.319713,-0.528217,-2.970382,0.000281,0.002294,3.068194
57.4500,1.678699,3.706604,-3.821576,0.000144,0.002333,3.068148,-0.318027,-0.526643,-2.970221,0.000251,0.002372,3.068174
57.5000,1.663682,3.707714,-3.821607,0.000144,0.002331,3.068035,-0.316855,-0.525646,-2.970451,0.000187,0.002316,3.067958
57.5500,1.648665,3.708825,-3.821639,0.000144,0.002329,3.067924,-0.315146,-0.524066,-2.970289,0.000360,0.002481,3.068057
57.6000,1.633648,3.709938,-3.821671,0.000144,0.002327,3.067813,-0.313973,-0.523066,-2.970519,0.000125,0.002366,3.067959
57.6500,1.618633,3.711053,-3.821703,0.000144,0.002325,3.067704,-0.312288,-0.521557,-2.970357,0.000097,0.002269,3.067643
57.7000,1.603618,3.712170,-3.821735,0.000144,0.002323,3.067596,-0.311114,-0.520554,-2.970588,0.000068,0.002468,3.067687
57.7500,1.588603,3.713288,-3.821767,0.000144,0.002321,3.067489,-0.309347,-0.519047,-2.970425,0.000070,0.002222,3.067522
57.8000,1.573590,3.714407,-3.821799,0.000144,0.002319,3.067383,-0.308173,-0.518044,-2.970656,0.000031,0.002360,3.067429
57.8500,1.558577,3.715528,-3.821830,0.000144,0.002318,3.067278,-0.306382,-0.516448,-2.970494,0.000200,0.002409,3.067183
57.9000,1.543565,3.716651,-3.821862,0.000145,0.002316,3.067174,-0.305204,-0.515443,-2.970724,0.000079,0.002327,3.067149
57.9500,1.528553,3.717775,-3.821894,0.000145,0.002314,3.067072,-0.303378,-0.513851,-2.970562,0.000173,0.002473,3.067172
58.0000,1.513542,3.718901,-3.821926,0.000145,0.002312,3.066970,-0.302201,-0.512846,-2.970792,0.000313,0.002321,3.067041
58.0500,1.498532,3.720028,-3.821958,0.000145,0.002310,3.066869,-0.300391,-0.511291,-2.970630,0.000146,0.002404,3.066800
58.1000,1.483522,3.721156,-3.821990,0.000145,0.002308,3.066770,-0.299213,-0.510283,-2.970860,0.000032,0.002340,3.066788
58.1500,1.468513,3.722286,-3.822021,0.000145,0.002306,3.066671,-0.297288,-0.508756,-2.970698,0.000028,0.002434,3.066732
58.2000,1.453505,3.723418,-3.822053,0.000145,0.002304,3.066574,-0.296112,-0.507750,-2.970928,0.000207,0.002365,3.066528
58.2500,1.438497,3.724551,-3.822085,0.000146,0.002303,3.066477,-0.294267,-0.506223,-2.970766,0.000239,0.002129,3.066561
58.3000,1.423490,3.725685,-3.822117,0.000146,0.002301,3.066382,-0.293089,-0.505212,-2.970996,0.000117,0.002504,3.066360
58.3500,1.408483,3.726821,-3.822149,0.000146,0.002299,3.066287,-0.291253,-0.503629,-2.970834,0.000125,0.002373,3.066263
58.4000,1.393477,3.727958,-3.822181,0.000146,0.002297,3.066193,-0.290073,-0.502618,-2.971064,0.000217,0.002207,3.066184
58.4500,1.378472,3.729096,-3.822212,0.000146,0.002296,3.066101,-0.288275,-0.500986,-2.970903,0.000051,0.002226,3.066009
58.5000,1.363467,3.730236,-3.822244,0.000146,0.002294,3.066009,-0.287092,-0.499972,-2.971132,0.000016,0.002413,3.065951
58.5500,1.348463,3.731377,-3.822276,0.000147,0.002292,3.065918,-0.285221,-0.498276,-2.970970,0.000182,0.002454,3.066102
58.6000,1.333459,3.732520,-3.822308,0.000147,0.002290,3.065829,-0.284036,-0.497264,-2.971200,0.000021,0.002322,3.065758
58.6500,1.318456,3.733663,-3.822340,0.000147,0.002289,3.065740,-0.282185,-0.495550,-2.971038,0.000032,0.002220,3.065783
58.7000,1.303453,3.734808,-3.822372,0.000147,0.002287,3.065652,-0.280997,-0.494538,-2.971268,-0.000019,0.002305,3.065675
58.7500,1.288451,3.735955,-3.822404,0.000147,0.002285,3.065565,-0.279112,-0.492832,-2.971106,0.000065,0.002220,3.065509
58.8000,1.273450,3.737102,-3.822435,0.000148,0.002284,3.065478,-0.277924,-0.491820,-2.971336,0.000032,0.002247,3.065511
58.8500,1.258449,3.738251,-3.822467,0.000148,0.002282,3.065393,-0.276102,-0.490110,-2.971174,0.000293,0.002405,3.065221
58.9000,1.243449,3.739401,-3.822499,0.000148,0.002280,3.065309,-0.274912,-0.489094,-2.971404,0.000053,0.002379,3.065388
58.9520,1.228449,3.740552,-3.822531,0.000148,0.002279,3.065225,-0.273131,-0.487430,-2.971242,0.000227,0.002259,3.065246
59.0000,1.213450,3.741705,-3.822563,0.000148,0.002277,3.065142,-0.271940,-0.486413,-2.971472,0.000104,0.002174,3.065301
59.0500,1.198451,3.742858,-3.822595,0.000148,0.002276,3.065061,-0.270183,-0.484775,-2.971309,0.000154,0.002165,3.064915
59.1060,1.183453,3.744013,-3.822626,0.000149,0.002274,3.064980,-0.268991,-0.483756,-2.971539,0.000107,0.002160,3.064876
59.1500,1.168455,3.745169,-3.822658,0.000149,0.002273,3.064899,-0.267231,-0.482110,-2.971377,0.000223,0.002299,3.064859
59.2000,1.153458,3.746326,-3.822690,0.000149,0.002271,3.064820,-0.266039,-0.481090,-2.971607,0.000131,0.002256,3.064921
59.2500,1.138461,3.747485,-3.822722,0.000149,0.002269,3.064741,-0.264382,-0.479429,-2.971445,0.000222,0.002321,3.064720
59.3000,1.123465,3.748644,-3.822754,0.000149,0.002268,3.064664,-0.263187,-0.478405,-2.971674,0.000368,0.002354,3.064677
59.3500,1.108469,3.749805,-3.822786,0.000149,0.002266,3.064587,-0.261555,-0.476749,-2.971512,0.000312,0.002264,3.064453
59.4000,1.093474,3.750966,-3.822818,0.000150,0.002265,3.064511,-0.260358,-0.475722,-2.971742,0.000189,0.002354,3.064486
59.4500,1.078479,3.752129,-3.822849,0.000150,0.002264,3.064435,-0.258728,-0.474079,-2.971580,0.000220,0.002342,3.064466
59.5000,1.063485,3.753293,-3.822881,0.000150,0.002262,3.064361,-0.257530,-0.473050,-2.971809,0.000254,0.002352,3.064336
59.5500,1.048491,3.754458,-3.822913,0.000150,0.002261,3.064287,-0.255935,-0.471441,-2.971647,0.000249,0.002300,3.064320
59.6000,1.033498,3.755624,-3.822945,0.000150,0.002259,3.064214,-0.254736,-0.470408,-2.971876,0.000206,0.002301,3.064170
59.6500,1.018505,3.756791,-3.822977,0.000151,0.002258,3.064141,-0.253099,-0.468820,-2.971714,0.000260,0.002355,3.064129
59.7000,1.003513,3.757959,-3.823009,0.000151,0.002256,3.064070,-0.251900,-0.467785,-2.971943,0.000208,0.002263,3.063827
59.7500,0.988521,3.759128,-3.823040,0.000151,0.002255,3.063999,-0.250228,-0.466274,-2.971781,0.000314,0.002295,3.064315
59.8000,0.973529,3.760299,-3.823072,0.000151,0.002254,3.063929,-0.249031,-0.465237,-2.972011,0.000184,0.002197,3.063945
59.8500,0.958538,3.761470,-3.823104,0.000151,0.002252,3.063860,-0.247386,-0.463684,-2.971848,0.000076,0.002101,3.063815
59.9000,0.943548,3.762642,-3.823136,0.000151,0.002251,3.063791,-0.246185,-0.462646,-2.972078,0.000240,0.002451,3.063671
59.9500,0.928558,3.763815,-3.823168,0.000152,0.002250,3.063723,-0.244467,-0.461088,-2.971915,0.000089,0.002263,3.063647
60.0000,0.913568,3.764989,-3.823200,0.000152,0.002248,3.063656,-0.243268,-0.460050,-2.972144,0.000294,0.002169,3.063794
60.0500,0.898579,3.766164,-3.823231,0.000152,0.002247,3.063589,-0.241571,-0.458457,-2.971982,0.000140,0.002171,3.063349
60.1000,0.883590,3.767340,-3.823263,0.000152,0.002246,3.063523,-0.240369,-0.457416,-2.972211,-0.000026,0.002182,3.063638
60.1500,0.868601,3.768517,-3.823295,0.000152,0.002245,3.063458,-0.238633,-0.455788,-2.972049,0.000064,0.002323,3.063376
60.2000,0.853613,3.769695,-3.823327,0.000152,0.002243,3.063393,-0.237431,-0.454748,-2.972278,0.000027,0.002272,3.063424
60.2500,0.838626,3.770874,-3.823359,0.000152,0.002242,3.063330,-0.235645,-0.453156,-2.972115,0.000131,0.002344,3.063159
60.3000,0.823639,3.772054,-3.823391,0.000153,0.002241,3.063266,-0.234444,-0.452114,-2.972345,0.000145,0.002255,3.063392
60.3520,0.808652,3.773234,-3.823422,0.000153,0.002240,3.063204,-0.232619,-0.450493,-2.972182,0.000223,0.002187,3.063264
60.4000,0.793666,3.774416,-3.823454,0.000153,0.002238,3.063142,-0.231416,-0.449451,-2.972411,0.000122,0.002168,3.063130
60.4500,0.778680,3.775598,-3.823486,0.000153,0.002237,3.063080,-0.229604,-0.447793,-2.972249,0.000046,0.002185,3.063234
60.5000,0.763694,3.776782,-3.823518,0.000153,0.002236,3.063020,-0.228400,-0.446751,-2.972478,0.000175,0.002254,3.063051
60.5500,0.748709,3.777966,-3.823550,0.000153,0.002235,3.062960,-0.226526,-0.445074,-2.972315,0.000145,0.002203,3.062916
60.6000,0.733724,3.779151,-3.823582,0.000154,0.002234,3.062900,-0.225321,-0.444032,-2.972545,0.000288,0.002167,3.063055
60.6500,0.718740,3.780337,-3.823613,0.000154,0.002233,3.062841,-0.223513,-0.442408,-2.972382,0.000158,0.002213,3.062913
60.7020,0.703756,3.781523,-3.823645,0.000154,0.002231,3.062783,-0.222308,-0.441362,-2.972611,0.000115,0.002224,3.062822
60.7500,0.688772,3.782711,-3.823677,0.000154,0.002230,3.062726,-0.220468,-0.439728,-2.972448,0.000211,0.002273,3.062632
60.8000,0.673789,3.783899,-3.823709,0.000154,0.002229,3.062669,-0.219263,-0.438682,-2.972677,0.000148,0.002253,3.062712
60.8500,0.658806,3.785089,-3.823741,0.000154,0.002228,3.062612,-0.217431,-0.437046,-2.972515,0.000254,0.002241,3.062566
60.9000,0.643823,3.786279,-3.823772,0.000154,0.002227,3.062556,-0.216225,-0.435998,-2.972744,0.000103,0.002034,3.062761
60.9500,0.628841,3.787469,-3.823804,0.000155,0.002226,3.062501,-0.214424,-0.434324,-2.972581,0.000047,0.002352,3.062464
61.0000,0.613859,3.788661,-3.823836,0.000155,0.002225,3.062446,-0.213216,-0.433277,-2.972810,0.000240,0.002297,3.062514
61.0500,0.598878,3.789853,-3.823868,0.000155,0.002224,3.062392,-0.211350,-0.431665,-2.972647,0.000233,0.002148,3.062437
61.1000,0.583896,3.791046,-3.823900,0.000155,0.002223,3.062338,-0.210144,-0.430616,-2.972877,0.000097,0.002172,3.062366
61.1500,0.568916,3.792240,-3.823932,0.000155,0.002222,3.062285,-0.208323,-0.428989,-2.972714,0.000254,0.002053,3.062294
61.2000,0.553935,3.793435,-3.823963,0.000155,0.002221,3.062233,-0.207115,-0.427938,-2.972943,0.000209,0.002171,3.062272
61.2520,0.538955,3.794630,-3.823995,0.000155,0.002220,3.062181,-0.205368,-0.426291,-2.972780,0.000170,0.002251,3.062244
61.3000,0.523975,3.795827,-3.824027,0.000155,0.002219,3.062129,-0.204159,-0.425239,-2.973009,0.000079,0.002234,3.062270
61.3500,0.508996,3.797023,-3.824059,0.000156,0.002218,3.062079,-0.202397,-0.423581,-2.972846,0.000187,0.002142,3.062128
61.4000,0.494017,3.798221,-3.824091,0.000156,0.002217,3.062028,-0.201187,-0.422528,-2.973075,0.000182,0.002290,3.062136
61.4500,0.479038,3.799419,-3.824123,0.000156,0.002216,3.061978,-0.199453,-0.420811,-2.972912,0.000316,0.002125,3.061971
61.5000,0.464059,3.800618,-3.824154,0.000156,0.002215,3.061929,-0.198240,-0.419756,-2.973141,0.000061,0.002023,3.062050
61.5500,0.449081,3.801818,-3.824186,0.000156,0.002214,3.061880,-0.196560,-0.417986,-2.972979,0.000272,0.002034,3.062014
61.6000,0.434103,3.803018,-3.824218,0.000156,0.002213,3.061832,-0.195342,-0.416930,-2.973208,0.000194,0.002168,3.061763
61.6500,0.419126,3.804219,-3.824250,0.000156,0.002212,3.061784,-0.193669,-0.415167,-2.973045,0.000192,0.002152,3.062029
61.7000,0.404149,3.805421,-3.824282,0.000156,0.002211,3.061736,-0.192450,-0.414109,-2.973274,0.000114,0.002016,3.061793
61.7500,0.389172,3.806624,-3.824313,0.000157,0.002210,3.061690,-0.190788,-0.412330,-2.973111,0.000019,0.002267,3.061718
61.8000,0.374195,3.807827,-3.824345,0.000157,0.002209,3.061643,-0.189567,-0.411271,-2.973339,0.000086,0.002188,3.061739
61.8500,0.359219,3.809031,-3.824377,0.000157,0.002208,3.061597,-0.187830,-0.409570,-2.973176,0.000092,0.002386,3.061580
61.9000,0.344243,3.810235,-3.824409,0.000157,0.002207,3.061552,-0.186611,-0.408511,-2.973405,0.000279,0.002273,3.061447
61.9500,0.329267,3.811440,-3.824441,0.000157,0.002206,3.061507,-0.184801,-0.406885,-2.973242,0.000164,0.002363,3.061636
62.0000,0.314292,3.812646,-3.824473,0.000157,0.002206,3.061462,-0.183585,-0.405826,-2.973470,0.000108,0.002051,3.061500
62.0520,0.299316,3.813852,-3.824504,0.000157,0.002205,3.061418,-0.181706,-0.404208,-2.973307,0.000302,0.002276,3.061461
62.1000,0.284342,3.815059,-3.824536,0.000157,0.002204,3.061375,-0.180489,-0.403149,-2.973536,0.000245,0.002080,3.061379
62.1500,0.269367,3.816266,-3.824568,0.000157,0.002203,3.061331,-0.178629,-0.401552,-2.973373,0.000206,0.002213,3.061490
62.2000,0.254393,3.817475,-3.824600,0.000158,0.002202,3.061289,-0.177412,-0.400492,-2.973602,-0.000034,0.002199,3.061411
62.2500,0.239419,3.818683,-3.824632,0.000158,0.002201,3.061246,-0.175525,-0.398823,-2.973439,0.000335,0.002165,3.061191
62.3000,0.224445,3.819893,-3.824663,0.000158,0.002201,3.061205,-0.174305,-0.397764,-2.973668,0.000213,0.002209,3.061248
62.3500,0.209471,3.821103,-3.824695,0.000158,0.002200,3.061163,-0.172559,-0.396126,-2.973505,0.000137,0.002243,3.061228
62.4000,0.194498,3.822313,-3.824727,0.000158,0.002199,3.061122,-0.171337,-0.395063,-2.973733,0.000085,0.002238,3.061229
62.4520,0.179525,3.823524,-3.824759,0.000158,0.002198,3.061082,-0.169527,-0.393436,-2.973570,0.000350,0.002167,3.061118
62.5000,0.164553,3.824736,-3.824791,0.000158,0.002197,3.061041,-0.168306,-0.392372,-2.973799,0.000194,0.002208,3.061095
62.5500,0.149580,3.825948,-3.824823,0.000158,0.002197,3.061002,-0.166563,-0.390804,-2.973636,0.000047,0.002342,3.060968
62.6020,0.134776,3.827154,-3.824840,0.000159,0.002310,3.060980,-0.165343,-0.389738,-2.973864,0.000225,0.002244,3.061032
62.6500,0.121719,3.828233,-3.824814,0.000174,0.002741,3.061009,-0.163539,-0.388311,-2.973519,0.000420,0.002643,3.060952
62.7000,0.112140,3.829029,-3.824714,0.000224,0.003462,3.061003,-0.162324,-0.387249,-2.973738,0.000206,0.003199,3.061002
62.7500,0.106323,3.829507,-3.824544,0.000312,0.004331,3.060903,-0.159546,-0.388308,-2.972857,0.000130,0.004317,3.061015
62.8000,0.103551,3.829724,-3.824320,0.000433,0.005235,3.060745,-0.158328,-0.387251,-2.973038,0.000558,0.004977,3.060651
62.8500,0.102775,3.829775,-3.824073,0.000569,0.006086,3.060576,-0.151734,-0.396906,-2.971610,0.000544,0.006028,3.060697
62.9000,0.103038,3.829745,-3.823841,0.000704,0.006802,3.060426,-0.147088,-0.396290,-2.971941,0.000853,0.006664,3.060384
62.9500,0.103645,3.829693,-3.823648,0.000825,0.007353,3.060299,-0.132710,-0.420046,-2.970313,0.000787,0.007114,3.060295
63.0000,0.104268,3.829639,-3.823504,0.000926,0.007738,3.060178,-0.129611,-0.419101,-2.970496,0.001009,0.007565,3.060166
63.0500,0.104843,3.829591,-3.823403,0.001007,0.007976,3.060079,-0.109961,-0.453720,-2.968911,0.000925,0.008001,3.060207
63.1000,0.105329,3.829555,-3.823338,0.001065,0.008100,3.060005,-0.106025,-0.452835,-2.969078,0.001049,0.008185,3.059924
63.1500,0.105721,3.829530,-3.823301,0.001102,0.008135,3.059945,-0.085955,-0.490924,-2.967670,0.001249,0.008169,3.059886
63.2000,0.106038,3.829515,-3.823284,0.001119,0.008101,3.059890,-0.082388,-0.490018,-2.967802,0.001063,0.008039,3.059834
63.2500,0.106308,3.829504,-3.823281,0.001120,0.008013,3.059842,-0.062909,-0.524933,-2.966700,0.001097,0.008137,3.059909
63.3000,0.106554,3.829494,-3.823287,0.001107,0.007883,3.059799,-0.059317,-0.524044,-2.966811,0.001076,0.008022,3.059708
63.3500,0.106793,3.829484,-3.823298,0.001081,0.007723,3.059759,-0.042640,-0.551687,-2.965998,0.000790,0.007650,3.059964
63.4000,0.107029,3.829476,-3.823313,0.001044,0.007538,3.059724,-0.038988,-0.550815,-2.966094,0.001014,0.007584,3.059706
63.4500,0.107265,3.829467,-3.823329,0.000999,0.007337,3.059691,-0.025543,-0.569507,-2.965555,0.000796,0.007398,3.059500
63.5000,0.107504,3.829457,-3.823346,0.000948,0.007122,3.059662,-0.021840,-0.568654,-2.965646,0.001222,0.007154,3.059454
63.5500,0.107743,3.829446,-3.823363,0.000891,0.006900,3.059636,-0.011461,-0.579323,-2.965353,0.000882,0.006971,3.059564
63.6000,0.107999,3.829430,-3.823382,0.000814,0.006658,3.060050,-0.007724,-0.578481,-2.965449,0.000810,0.006609,3.059768
63.6500,0.108299,3.829442,-3.823432,0.000693,0.006391,3.063304,0.000066,-0.582414,-2.965420,0.000449,0.006231,3.063177
63.7000,0.108611,3.829496,-3.823497,0.000553,0.006117,3.069327,0.003871,-0.581511,-2.965571,0.000675,0.006255,3.067966
63.7500,0.108906,3.829550,-3.823555,0.000421,0.005826,3.076643,0.009842,-0.580755,-2.965783,0.000374,0.005876,3.076542
63.8000,0.109178,3.829596,-3.823603,0.000321,0.005546,3.084854,0.013608,-0.579801,-2.965952,0.000449,0.005625,3.083176
63.8500,0.109431,3.829638,-3.823642,0.000242,0.005285,3.093992,0.018675,-0.577214,-2.966293,-0.000055,0.005363,3.093979
63.9000,0.109670,3.829677,-3.823674,0.000182,0.005044,3.103947,0.022392,-0.576198,-2.966480,0.000370,0.005051,3.101870
63.9520,0.109899,3.829710,-3.823700,0.000144,0.004821,3.114495,0.027312,-0.573589,-2.966888,-0.000014,0.004847,3.114638
64.0000,0.110120,3.829735,-3.823722,0.000128,0.004614,3.125474,0.030988,-0.572508,-2.967100,0.000271,0.004628,3.123461
64.0500,0.110336,3.829754,-3.823740,0.000126,0.004422,3.136798,0.036122,-0.570451,-2.967529,0.000016,0.004306,3.136799
64.1000,0.110547,3.829769,-3.823755,0.000135,0.004244,-3.134782,0.039763,-0.569297,-2.967769,0.000125,0.004235,-3.137026
64.1500,0.110755,3.829780,-3.823768,0.000151,0.004080,-3.122957,0.045129,-0.567533,-2.968185,0.000268,0.003998,-3.122707
64.2000,0.110960,3.829790,-3.823780,0.000171,0.003928,-3.110963,0.048737,-0.566299,-2.968451,0.000098,0.004025,-3.113244
64.2500,0.111163,3.829800,-3.823790,0.000193,0.003787,-3.098839,0.054113,-0.564202,-2.968831,0.000272,0.003880,-3.098763
64.3000,0.111362,3.829810,-3.823799,0.000216,0.003657,-3.086613,0.057684,-0.562879,-2.969120,0.000129,0.003593,-3.089027
64.3500,0.111559,3.829821,-3.823808,0.000239,0.003537,-3.074307,0.062744,-0.559808,-2.969450,0.000057,0.003449,-3.074211
64.4000,0.111753,3.829833,-3.823815,0.000260,0.003425,-3.061938,0.066276,-0.558397,-2.969760,0.000332,0.003406,-3.064390
64.4500,0.111944,3.829846,-3.823823,0.000281,0.003323,-3.049521,0.070684,-0.553856,-2.970030,0.000242,0.003289,-3.049440
64.5000,0.112133,3.829861,-3.823830,0.000300,0.003228,-3.037066,0.074170,-0.552355,-2.970356,0.000345,0.003183,-3.039617
64.5500,0.112319,3.829878,-3.823837,0.000319,0.003140,-3.024582,0.077666,-0.546046,-2.970563,0.000277,0.003127,-3.024548
64.6000,0.112503,3.829896,-3.823843,0.000336,0.003060,-3.012076,0.081102,-0.544457,-2.970900,0.000365,0.003147,-3.014738
64.6500,0.112685,3.829916,-3.823850,0.000352,0.002985,-2.999552,0.083548,-0.536376,-2.971042,0.000187,0.002930,-2.999553
64.7000,0.112864,3.829937,-3.823856,0.000367,0.002916,-2.987015,0.086925,-0.534700,-2.971386,0.000204,0.002882,-2.989407
64.7500,0.113041,3.829960,-3.823863,0.000380,0.002853,-2.974467,0.088260,-0.524942,-2.971466,0.000308,0.002719,-2.974352
64.8000,0.113216,3.829986,-3.823869,0.000393,0.002794,-2.961912,0.091574,-0.523181,-2.971815,0.000329,0.002779,-2.964380
64.8500,0.113388,3.830012,-3.823875,0.000405,0.002740,-2.949351,0.091882,-0.512021,-2.971835,0.000481,0.002801,-2.949421
64.9000,0.113559,3.830041,-3.823882,0.000417,0.002690,-2.936785,0.095125,-0.510178,-2.972184,0.000271,0.002673,-2.939310
64.9520,0.113727,3.830071,-3.823888,0.000427,0.002644,-2.924216,0.094595,-0.498073,-2.972150,0.000262,0.002692,-2.924298
65.0020,0.113893,3.830103,-3.823895,0.000437,0.002601,-2.911645,0.097760,-0.496153,-2.972497,0.000502,0.002682,-2.914194
65.0500,0.114056,3.830137,-3.823901,0.000447,0.002562,-2.899072,0.096438,-0.483483,-2.972415,0.000470,0.002472,-2.899152
65.1000,0.114218,3.830172,-3.823908,0.000456,0.002525,-2.886497,0.099525,-0.481487,-2.972758,0.000587,0.002746,-2.889118
65.1500,0.114377,3.830209,-3.823915,0.000465,0.002491,-2.873923,0.097651,-0.468657,-2.972633,0.000462,0.002482,-2.873937
65.2000,0.114534,3.830248,-3.823922,0.000474,0.002459,-2.861347,0.100653,-0.466587,-2.972970,0.000268,0.002560,-2.863804
65.2500,0.114689,3.830288,-3.823928,0.000483,0.002430,-2.848772,0.098538,-0.453799,-2.972808,0.000463,0.002381,-2.848713
65.3000,0.114842,3.830330,-3.823935,0.000491,0.002402,-2.836197,0.101457,-0.451663,-2.973137,0.000442,0.002408,-2.838755
65.3500,0.114993,3.830373,-3.823942,0.000500,0.002377,-2.823622,0.099134,-0.439221,-2.972946,0.000370,0.002386,-2.823611
65.4000,0.115141,3.830418,-3.823949,0.000508,0.002353,-2.811047,0.101969,-0.437019,-2.973266,0.000545,0.002451,-2.813352
65.4500,0.115288,3.830464,-3.823956,0.000516,0.002331,-2.798472,0.099686,-0.425149,-2.973051,0.000566,0.002500,-2.798418
65.5000,0.115432,3.830511,-3.823963,0.000524,0.002310,-2.785899,0.102435,-0.422884,-2.973361,0.000522,0.002281,-2.788473
65.5500,0.115574,3.830560,-3.823970,0.000533,0.002290,-2.773325,0.100277,-0.411777,-2.973127,0.000457,0.002208,-2.773476
65.6000,0.115714,3.830610,-3.823976,0.000541,0.002272,-2.760752,0.102944,-0.409452,-2.973428,0.000660,0.002290,-2.763438
65.6500,0.115852,3.830662,-3.823983,0.000549,0.002255,-2.748180,0.100924,-0.399012,-2.973180,0.000639,0.002133,-2.748044
65.7000,0.115988,3.830714,-3.823990,0.000557,0.002239,-2.735609,0.103509,-0.396625,-2.973471,0.000535,0.002171,-2.738023
65.7500,0.116122,3.830768,-3.823997,0.000565,0.002223,-2.723038,0.101688,-0.386877,-2.973213,0.000352,0.002111,-2.722967
65.8000,0.116253,3.830823,-3.824004,0.000574,0.002209,-2.710468,0.104195,-0.384434,-2.973494,0.000638,0.002247,-2.713023
65.8500,0.116383,3.830879,-3.824011,0.000582,0.002195,-2.697898,0.102748,-0.375375,-2.973229,0.000415,0.002232,-2.697986
65.9000,0.116510,3.830937,-3.824017,0.000590,0.002183,-2.685329,0.105176,-0.372878,-2.973502,0.000722,0.002220,-2.688028
65.9500,0.116636,3.830995,-3.824024,0.000598,0.002170,-2.672761,0.104066,-0.364590,-2.973233,0.000701,0.002079,-2.672860
66.0000,0.116759,3.831054,-3.824031,0.000606,0.002159,-2.660193,0.106415,-0.362037,-2.973497,0.000514,0.002186,-2.662681
66.0500,0.116881,3.831114,-3.824038,0.000615,0.002148,-2.647626,0.105561,-0.354404,-2.973228,0.000552,0.002096,-2.647664
66.1000,0.117000,3.831175,-3.824044,0.000623,0.002137,-2.635060,0.107832,-0.351798,-2.973484,0.000621,0.001988,-2.637654
66.1500,0.117117,3.831237,-3.824051,0.000631,0.002127,-2.622494,0.107319,-0.344821,-2.973215,0.000465,0.002215,-2.622478
66.2000,0.117232,3.831300,-3.824057,0.000639,0.002118,-2.609929,0.109512,-0.342165,-2.973463,0.000698,0.002277,-2.612513
66.2500,0.117346,3.831364,-3.824064,0.000647,0.002109,-2.597365,0.109387,-0.335805,-2.973197,0.000599,0.001996,-2.597408
66.3000,0.117457,3.831428,-3.824070,0.000655,0.002100,-2.584801,0.111501,-0.333099,-2.973439,0.000496,0.002064,-2.587385
66.3500,0.117566,3.831494,-3.824077,0.000663,0.002092,-2.572238,0.111767,-0.327082,-2.973177,0.000628,0.002222,-2.572309
66.4000,0.117674,3.831560,-3.824083,0.000671,0.002084,-2.559676,0.113805,-0.324331,-2.973412,0.000655,0.002040,-2.562116
66.4500,0.117779,3.831626,-3.824089,0.000679,0.002076,-2.547114,0.114343,-0.318726,-2.973155,0.000632,0.002045,-2.547017
66.5000,0.117883,3.831694,-3.824096,0.000687,0.002069,-2.534552,0.116304,-0.315928,-2.973386,0.000774,0.002323,-2.536956
66.5500,0.117984,3.831762,-3.824102,0.000695,0.002062,-2.521992,0.116964,-0.310678,-2.973134,0.000661,0.002080,-2.521947
66.6000,0.118084,3.831830,-3.824108,0.000703,0.002055,-2.509432,0.118847,-0.307833,-2.973360,0.000811,0.002220,-2.511865
66.6500,0.118181,3.831899,-3.824114,0.000710,0.002049,-2.496872,0.119729,-0.302941,-2.973113,0.000859,0.002045,-2.496857
66.7000,0.118277,3.831969,-3.824120,0.000718,0.002042,-2.484313,0.121531,-0.300052,-2.973335,0.000855,0.002090,-2.486857
66.7500,0.118371,3.832039,-3.824126,0.000726,0.002036,-2.471755,0.122464,-0.295400,-2.973095,0.000747,0.002092,-2.471730
66.8000,0.118463,3.832110,-3.824132,0.000733,0.002030,-2.459197,0.124187,-0.292468,-2.973313,0.000816,0.002006,-2.461743
66.8500,0.118553,3.832181,-3.824138,0.000741,0.002024,-2.446640,0.125191,-0.287957,-2.973078,0.000559,0.002037,-2.446505
66.9000,0.118642,3.832253,-3.824144,0.000748,0.002019,-2.434084,0.126836,-0.284983,-2.973293,0.000658,0.002043,-2.436584
66.9500,0.118728,3.832325,-3.824150,0.000756,0.002013,-2.421528,0.128050,-0.280484,-2.973064,0.000808,0.001894,-2.421496
67.0000,0.118813,3.832397,-3.824156,0.000763,0.002008,-2.408972,0.129618,-0.277474,-2.973277,0.000583,0.001973,-2.411668
67.0500,0.118896,3.832470,-3.824161,0.000770,0.002003,-2.396417,0.130919,-0.272944,-2.973052,0.000807,0.001979,-2.396354
67.1000,0.118977,3.832542,-3.824167,0.000778,0.001998,-2.383863,0.132409,-0.269898,-2.973263,0.000789,0.001935,-2.386329
67.1500,0.119056,3.832616,-3.824172,0.000785,0.001993,-2.371309,0.133695,-0.265411,-2.973043,0.000709,0.002076,-2.371290
67.2000,0.119134,3.832689,-3.824178,0.000792,0.001988,-2.358756,0.135105,-0.262330,-2.973253,0.000746,0.002021,-2.361027
67.2500,0.119210,3.832763,-3.824183,0.000799,0.001983,-2.346203,0.136414,-0.257835,-2.973037,0.000758,0.001936,-2.346223
67.3020,0.119284,3.832837,-3.824189,0.000806,0.001979,-2.333651,0.137745,-0.254722,-2.973245,0.000924,0.001968,-2.336071
67.3500,0.119357,3.832911,-3.824194,0.000813,0.001974,-2.321099,0.139015,-0.250182,-2.973034,0.000867,0.001861,-2.321291
67.4000,0.119427,3.832985,-3.824200,0.000820,0.001970,-2.308548,0.140267,-0.247037,-2.973242,0.001009,0.001957,-2.311200
67.4500,0.119496,3.833060,-3.824205,0.000827,0.001965,-2.295997,0.141422,-0.242475,-2.973033,0.000924,0.002071,-2.296099
67.5000,0.119564,3.833134,-3.824210,0.000833,0.001961,-2.283447,0.142592,-0.239299,-2.973240,0.000819,0.001900,-2.286071
67.5500,0.119630,3.833209,-3.824215,0.000840,0.001957,-2.270898,0.143690,-0.234835,-2.973034,0.000898,0.001966,-2.270960
67.6000,0.119694,3.833284,-3.824220,0.000847,0.001953,-2.258348,0.144774,-0.231631,-2.973240,0.000872,0.001784,-2.260843
67.6500,0.119756,3.833358,-3.824225,0.000853,0.001948,-2.245800,0.145702,-0.227188,-2.973038,0.000957,0.001975,-2.245941
67.7000,0.119817,3.833433,-3.824231,0.000860,0.001944,-2.233251,0.146701,-0.223956,-2.973243,0.000809,0.001828,-2.235646
67.7500,0.119877,3.833508,-3.824235,0.000866,0.001940,-2.220704,0.147542,-0.219514,-2.973043,0.000726,0.001852,-2.220464
67.8000,0.119934,3.833583,-3.824240,0.000873,0.001936,-2.208156,0.148457,-0.216260,-2.973248,0.000833,0.001872,-2.210616
67.8500,0.119991,3.833657,-3.824245,0.000879,0.001932,-2.195610,0.149258,-0.211660,-2.973049,0.000847,0.001893,-2.195829
67.9000,0.120045,3.833732,-3.824250,0.000885,0.001929,-2.183063,0.150093,-0.208385,-2.973255,0.001043,0.001885,-2.185475
67.9500,0.120099,3.833807,-3.824255,0.000892,0.001925,-2.170518,0.150792,-0.203749,-2.973057,0.000985,0.001979,-2.170413
68.0000,0.120150,3.833881,-3.824260,0.000898,0.001921,-2.157972,0.151541,-0.200454,-2.973263,0.000930,0.001968,-2.160500
68.0500,0.120201,3.833956,-3.824264,0.000904,0.001917,-2.145427,0.152092,-0.195843,-2.973067,0.001089,0.001889,-2.145357
68.1000,0.120249,3.834030,-3.824269,0.000910,0.001913,-2.132883,0.152754,-0.192529,-2.973272,0.001001,0.001991,-2.135497
68.1500,0.120297,3.834104,-3.824274,0.000916,0.001910,-2.120339,0.153194,-0.187863,-2.973077,0.001021,0.001803,-2.120411
68.2000,0.120342,3.834178,-3.824278,0.000922,0.001906,-2.107795,0.153772,-0.184535,-2.973283,0.000985,0.001818,-2.110244
68.2500,0.120387,3.834252,-3.824283,0.000928,0.001902,-2.095252,0.154083,-0.179809,-2.973088,0.001001,0.001855,-2.095409
68.3000,0.120430,3.834325,-3.824287,0.000934,0.001898,-2.082709,0.154576,-0.176468,-2.973293,0.000993,0.001808,-2.085081
68.3500,0.120472,3.834399,-3.824292,0.000940,0.001895,-2.070167,0.154778,-0.171694,-2.973099,0.000971,0.001707,-2.070337
68.4000,0.120512,3.834472,-3.824296,0.000946,0.001891,-2.057625,0.155186,-0.168341,-2.973306,0.001094,0.001920,-2.060005
68.4500,0.120551,3.834545,-3.824300,0.000952,0.001888,-2.045083,0.155184,-0.163521,-2.973112,0.000830,0.001913,-2.045065
68.5000,0.120589,3.834618,-3.824304,0.000957,0.001884,-2.032542,0.155506,-0.160158,-2.973318,0.000920,0.001648,-2.035020
68.5500,0.120625,3.834690,-3.824309,0.000963,0.001880,-2.020001,0.155438,-0.155218,-2.973124,0.000913,0.001803,-2.020006
68.6000,0.120660,3.834762,-3.824313,0.000969,0.001877,-2.007461,0.155677,-0.151849,-2.973330,0.001124,0.001851,-2.009840
68.6500,0.120694,3.834834,-3.824317,0.000974,0.001873,-1.994921,0.155423,-0.146892,-2.973137,0.001079,0.001882,-1.994866
68.7000,0.120726,3.834906,-3.824321,0.000980,0.001869,-1.982382,0.155574,-0.143517,-2.973343,0.000909,0.001796,-1.984912
68.7500,0.120757,3.834977,-3.824325,0.000986,0.001866,-1.969843,0.155206,-0.138621,-2.973150,0.000931,0.001761,-1.969809
68.8000,0.120787,3.835048,-3.824329,0.000991,0.001862,-1.957304,0.155270,-0.135244,-2.973356,0.000913,0.001909,-1.959729
68.8500,0.120816,3.835118,-3.824333,0.000997,0.001859,-1.944766,0.154810,-0.130363,-2.973162,0.001181,0.001865,-1.944857
68.9000,0.120844,3.835188,-3.824337,0.001002,0.001855,-1.932228,0.154786,-0.126987,-2.973369,0.001138,0.001795,-1.934696
68.9500,0.120870,3.835258,-3.824341,0.001007,0.001852,-1.919690,0.154191,-0.122154,-2.973175,0.000973,0.001925,-1.919603
69.0000,0.120895,3.835328,-3.824345,0.001013,0.001848,-1.907153,0.154080,-0.118781,-2.973381,0.001125,0.001931,-1.909420
69.0500,0.120920,3.835397,-3.824349,0.001018,0.001844,-1.894616,0.153415,-0.113901,-2.973187,0.000911,0.001607,-1.894566
69.1000,0.120942,3.835465,-3.824353,0.001024,0.001841,-1.882080,0.153220,-0.110532,-2.973394,0.000951,0.001934,-1.884595
69.1500,0.120964,3.835533,-3.824356,0.001029,0.001837,-1.869544,0.152469,-0.105574,-2.973200,0.001160,0.001652,-1.869623
69.2000,0.120985,3.835601,-3.824360,0.001034,0.001834,-1.857008,0.152191,-0.102212,-2.973407,0.000984,0.001913,-1.859656
69.2500,0.121005,3.835668,-3.824364,0.001039,0.001830,-1.844472,0.151286,-0.097223,-2.973213,0.000980,0.001632,-1.844502
69.3000,0.121023,3.835735,-3.824367,0.001044,0.001826,-1.831937,0.150924,-0.093869,-2.973420,0.001124,0.001758,-1.834370
69.3520,0.121041,3.835802,-3.824371,0.001050,0.001823,-1.819403,0.149884,-0.088898,-2.973226,0.001089,0.001830,-1.819527
69.4000,0.121058,3.835868,-3.824375,0.001055,0.001819,-1.806868,0.149435,-0.085556,-2.973432,0.000952,0.001918,-1.809565
69.4500,0.121073,3.835933,-3.824378,0.001060,0.001816,-1.794334,0.148303,-0.080640,-2.973238,0.001038,0.001869,-1.794418
69.5000,0.121088,3.835998,-3.824382,0.001065,0.001812,-1.781801,0.147770,-0.077312,-2.973444,0.001193,0.001755,-1.784174
69.5520,0.121101,3.836063,-3.824385,0.001070,0.001808,-1.769267,0.146534,-0.072389,-2.973250,0.001126,0.001870,-1.769238
69.6000,0.121114,3.836127,-3.824389,0.001075,0.001805,-1.756734,0.145918,-0.069077,-2.973457,0.001116,0.001902,-1.759408
69.6520,0.121126,3.836191,-3.824392,0.001080,0.001801,-1.744202,0.144633,-0.064245,-2.973261,0.001104,0.001961,-1.744085
69.7000,0.121136,3.836254,-3.824395,0.001085,0.001797,-1.731669,0.143933,-0.060954,-2.973468,0.000961,0.001857,-1.734196
69.7500,0.121146,3.836316,-3.824399,0.001090,0.001794,-1.719137,0.142533,-0.056170,-2.973273,0.000994,0.001840,-1.719353
69.8000,0.121155,3.836378,-3.824402,0.001095,0.001790,-1.706606,0.141751,-0.052899,-2.973480,0.001067,0.001912,-1.709104
69.8500,0.121163,3.836440,-3.824405,0.001099,0.001786,-1.694074,0.140211,-0.048166,-2.973285,0.001187,0.001676,-1.694024
69.9000,0.121186,3.836498,-3.824407,0.001122,0.001786,-1.681916,0.139348,-0.044917,-2.973492,0.001148,0.001809,-1.684311
69.9500,0.121291,3.836542,-3.824427,0.001206,0.001784,-1.672503,0.137715,-0.040184,-2.973298,0.001109,0.001698,-1.672531
70.0000,0.121442,3.836577,-3.824451,0.001303,0.001766,-1.665889,0.136900,-0.036972,-2.973523,0.001436,0.001777,-1.667250
70.0500,0.121564,3.836618,-3.824463,0.001356,0.001721,-1.660636,0.135123,-0.032457,-2.973336,0.001220,0.002006,-1.660599
70.1000,0.121657,3.836665,-3.824463,0.001365,0.001678,-1.656397,0.134236,-0.029249,-2.973542,0.001425,0.001832,-1.657399
70.1500,0.121731,3.836717,-3.824455,0.001353,0.001643,-1.653174,0.132261,-0.024840,-2.973351,0.001281,0.001656,-1.653162
70.2000,0.121793,3.836774,-3.824444,0.001330,0.001612,-1.650801,0.131325,-0.021632,-2.973548,0.001347,0.001445,-1.651274
70.2500,0.121843,3.836833,-3.824432,0.001297,0.001581,-1.649045,0.129115,-0.017123,-2.973370,0.001367,0.001630,-1.648896
70.3000,0.121883,3.836894,-3.824420,0.001255,0.001552,-1.647756,0.128150,-0.013913,-2.973568,0.001366,0.001806,-1.648103
70.3500,0.121914,3.836955,-3.824410,0.001207,0.001523,-1.646848,0.125881,-0.009402,-2.973412,0.001063,0.001605,-1.646836
70.4000,0.121937,3.837017,-3.824402,0.001155,0.001495,-1.646245,0.124898,-0.006199,-2.973614,0.000982,0.001518,-1.646281
70.4500,0.121956,3.837080,-3.824395,0.001102,0.001468,-1.645880,0.122594,-0.001477,-2.973479,0.001041,0.001348,-1.645818
70.5000,0.121970,3.837142,-3.824390,0.001047,0.001442,-1.645700,0.121601,0.001726,-2.973688,0.000971,0.001391,-1.645720
70.5500,0.121980,3.837204,-3.824386,0.000992,0.001417,-1.645664,0.119302,0.006699,-2.973568,0.001108,0.001295,-1.645551
70.6000,0.121987,3.837266,-3.824384,0.000938,0.001393,-1.645743,0.118304,0.009900,-2.973782,0.000920,0.001340,-1.645777
70.6500,0.121992,3.837328,-3.824382,0.000885,0.001370,-1.645910,0.116045,0.015119,-2.973672,0.000686,0.001241,-1.645902
70.7020,0.121995,3.837389,-3.824381,0.000833,0.001348,-1.646145,0.115046,0.018318,-2.973892,0.000835,0.001492,-1.645956
70.7500,0.121996,3.837450,-3.824381,0.000784,0.001327,-1.646434,0.112872,0.023876,-2.973787,0.000733,0.001292,-1.646602
70.8000,0.121997,3.837511,-3.824381,0.000736,0.001306,-1.646763,0.111873,0.027072,-2.974011,0.000734,0.001337,-1.646762
70.8500,0.121997,3.837571,-3.824382,0.000690,0.001287,-1.647124,0.109780,0.032941,-2.973908,0.000608,0.001305,-1.647150
70.9000,0.121974,3.837396,-3.824390,0.000647,0.001170,-1.647612,0.108781,0.036134,-2.974136,0.000627,0.001243,-1.647464
70.9500,0.121779,3.835232,-3.824466,0.000591,0.000787,-1.648385,0.106909,0.041889,-2.974189,0.000650,0.000843,-1.648298
71.0000,0.121289,3.829461,-3.824635,0.000509,0.000172,-1.649233,0.105914,0.045080,-2.974431,0.000532,0.000360,-1.649083
71.0500,0.120497,3.819940,-3.824871,0.000410,-0.000552,-1.650063,0.104743,0.049259,-2.974948,0.000445,-0.000731,-1.650204
71.1000,0.119468,3.807467,-3.825134,0.000307,-0.001263,-1.650885,0.103756,0.052451,-2.975228,0.000294,-0.001056,-1.650737
71.1500,0.118291,3.793115,-3.825376,0.000199,-0.001898,-1.651665,0.104762,0.053664,-2.976152,0.000081,-0.001863,-1.651738
71.2000,0.117041,3.777823,-3.825569,0.000098,-0.002423,-1.652373,0.103888,0.053605,-2.976168,0.000308,-0.002362,-1.652480
71.2500,0.115771,3.762253,-3.825707,0.000010,-0.002823,-1.653014,0.108245,0.049254,-2.977119,0.000170,-0.002786,-1.653075
71.3000,0.114503,3.746742,-3.825791,-0.000063,-0.003106,-1.653637,0.107155,0.050978,-2.977302,-0.000096,-0.002893,-1.653568
71.3500,0.113238,3.731335,-3.825832,-0.000123,-0.003282,-1.654234,0.113073,0.044390,-2.978143,-0.000270,-0.003497,-1.654155
71.4020,0.111976,3.716033,-3.825839,-0.000171,-0.003370,-1.654790,0.111916,0.046737,-2.978354,-0.000077,-0.003358,-1.654530
71.4500,0.110713,3.700818,-3.825821,-0.000205,-0.003390,-1.655316,0.116413,0.042545,-2.979025,-0.000212,-0.003469,-1.655392
71.5000,0.109447,3.685668,-3.825785,-0.000229,-0.003355,-1.655806,0.115325,0.044372,-2.979219,-0.000273,-0.003419,-1.655634
71.5500,0.108174,3.670554,-3.825738,-0.000242,-0.003277,-1.656263,0.116272,0.044361,-2.979668,-0.000221,-0.003242,-1.656238
71.6000,0.106892,3.655452,-3.825683,-0.000246,-0.003167,-1.656699,0.115178,0.046252,-2.979878,-0.000366,-0.003302,-1.656585
71.6500,0.105601,3.640348,-3.825625,-0.000241,-0.003032,-1.657122,0.111744,0.051025,-2.980103,-0.000212,-0.002842,-1.657164
71.7000,0.104302,3.625235,-3.825564,-0.000229,-0.002878,-1.657532,0.110636,0.052903,-2.980328,-0.000185,-0.002857,-1.657364
71.7500,0.102995,3.610113,-3.825504,-0.000211,-0.002710,-1.657929,0.103274,0.061826,-2.980343,-0.000176,-0.002600,-1.657896
71.8020,0.101681,3.594983,-3.825445,-0.000187,-0.002531,-1.658316,0.102144,0.063667,-2.980578,-0.000144,-0.002547,-1.658290
71.8500,0.100360,3.579850,-3.825387,-0.000159,-0.002346,-1.658695,0.092046,0.075354,-2.980406,-0.000081,-0.002331,-1.658717
71.9000,0.099032,3.564715,-3.825332,-0.000127,-0.002156,-1.659065,0.090889,0.077156,-2.980642,-0.000070,-0.002289,-1.659028
71.9500,0.097698,3.549581,-3.825279,-0.000093,-0.001965,-1.659429,0.079520,0.090084,-2.980312,0.000005,-0.001887,-1.659365
72.0000,0.096357,3.534449,-3.825230,-0.000057,-0.001773,-1.659787,0.078337,0.091853,-2.980542,-0.000178,-0.001703,-1.659704
72.0520,0.095012,3.519319,-3.825184,-0.000020,-0.001583,-1.660139,0.067418,0.104527,-2.980084,-0.000072,-0.001582,-1.660059
72.1000,0.093660,3.504193,-3.825140,0.000017,-0.001396,-1.660486,0.066213,0.106263,-2.980304,-0.000006,-0.001433,-1.660554
72.1500,0.092303,3.489069,-3.825100,0.000054,-0.001213,-1.660829,0.056866,0.117530,-2.979750,0.000130,-0.001233,-1.660913
72.2000,0.090940,3.473948,-3.825064,0.000091,-0.001034,-1.661167,0.055639,0.119241,-2.979955,0.000114,-0.001097,-1.661036
72.2500,0.089572,3.458830,-3.825030,0.000126,-0.000860,-1.661502,0.048571,0.128414,-2.979334,0.000189,-0.000726,-1.661456
72.3000,0.088199,3.443714,-3.825000,0.000159,-0.000692,-1.661832,0.047326,0.130108,-2.979522,0.000110,-0.000666,-1.661609
72.3500,0.086821,3.428600,-3.824973,0.000191,-0.000530,-1.662159,0.042917,0.136785,-2.978861,0.000195,-0.000423,-1.662252
72.4000,0.085437,3.413488,-3.824949,0.000221,-0.000374,-1.662483,0.041658,0.138472,-2.979031,0.000072,-0.000432,-1.662456
72.4500,0.084049,3.398379,-3.824927,0.000249,-0.000224,-1.662803,0.039874,0.142608,-2.978352,0.000211,-0.000161,-1.662897
72.5000,0.082656,3.383272,-3.824909,0.000275,-0.000080,-1.663121,0.038602,0.144296,-2.978505,0.000208,-0.000192,-1.663082
72.5520,0.081258,3.368167,-3.824893,0.000298,0.000058,-1.663435,0.039212,0.146249,-2.977827,0.000248,0.000052,-1.663521
72.6020,0.079855,3.353065,-3.824880,0.000319,0.000189,-1.663746,0.037933,0.147948,-2.977963,0.000300,0.000178,-1.663704
72.6500,0.078448,3.337964,-3.824869,0.000339,0.000315,-1.664055,0.040373,0.148230,-2.977302,0.000402,0.000312,-1.664091
72.7000,0.077035,3.322866,-3.824860,0.000355,0.000435,-1.664360,0.039088,0.149950,-2.977423,0.000288,0.000365,-1.664151
72.7500,0.075619,3.307770,-3.824853,0.000370,0.000549,-1.664663,0.042924,0.149052,-2.976790,0.000385,0.000695,-1.664760
72.8000,0.074198,3.292676,-3.824849,0.000383,0.000658,-1.664963,0.041638,0.150796,-2.976898,0.000259,0.000715,-1.664743
72.8500,0.072772,3.277584,-3.824846,0.000393,0.000761,-1.665260,0.046521,0.149053,-2.976301,0.000186,0.000675,-1.665162
72.9000,0.071342,3.262495,-3.824846,0.000402,0.000859,-1.665555,0.045235,0.150823,-2.976399,0.000507,0.000666,-1.665397
72.9500,0.069908,3.247407,-3.824847,0.000409,0.000952,-1.665847,0.050582,0.148734,-2.975845,0.000482,0.000963,-1.665886
73.0020,0.068469,3.232322,-3.824850,0.000415,0.001041,-1.666136,0.049295,0.150535,-2.975936,0.000422,0.000933,-1.666042
73.0500,0.067026,3.217238,-3.824854,0.000418,0.001124,-1.666423,0.054761,0.148388,-2.975427,0.000537,0.001235,-1.666397
73.1000,0.065579,3.202157,-3.824860,0.000421,0.001204,-1.666707,0.053476,0.150219,-2.975513,0.000504,0.001263,-1.666766
73.1500,0.064127,3.187077,-3.824868,0.000422,0.001279,-1.666989,0.058841,0.148181,-2.975051,0.000331,0.001239,-1.667080
73.2000,0.062672,3.172000,-3.824876,0.000422,0.001350,-1.667268,0.057557,0.150041,-2.975134,0.000355,0.001150,-1.667145
73.2500,0.061212,3.156924,-3.824887,0.000421,0.001418,-1.667544,0.062523,0.148334,-2.974718,0.000533,0.001549,-1.667266
73.3000,0.059748,3.141851,-3.824898,0.000419,0.001481,-1.667818,0.061238,0.150223,-2.974802,0.000493,0.001551,-1.667742
73.3500,0.058281,3.126779,-3.824910,0.000416,0.001541,-1.668090,0.065827,0.148835,-2.974430,0.000450,0.001501,-1.668238
73.4000,0.056809,3.111709,-3.824924,0.000412,0.001598,-1.668359,0.064541,0.150749,-2.974515,0.000453,0.001708,-1.668337
73.4500,0.055333,3.096641,-3.824938,0.000407,0.001652,-1.668625,0.068671,0.149778,-2.974185,0.000197,0.001815,-1.668587
73.5000,0.053853,3.081575,-3.824954,0.000402,0.001702,-1.668889,0.067385,0.151714,-2.974274,0.000280,0.001828,-1.668960
73.5500,0.052370,3.066511,-3.824971,0.000397,0.001750,-1.669151,0.071087,0.151177,-2.973981,0.000499,0.001795,-1.669123
73.6000,0.050882,3.051449,-3.824988,0.000391,0.001795,-1.669410,0.069799,0.153133,-2.974076,0.000200,0.001840,-1.669566
73.6500,0.049391,3.036388,-3.825006,0.000384,0.001837,-1.669666,0.073011,0.153090,-2.973818,0.000376,0.001872,-1.669619
73.7000,0.047896,3.021329,-3.825025,0.000377,0.001877,-1.669920,0.071726,0.155068,-2.973919,0.000515,0.002009,-1.669958
73.7500,0.046397,3.006272,-3.825045,0.000371,0.001915,-1.670172,0.074450,0.155384,-2.973692,0.000303,0.001964,-1.670129
73.8000,0.044895,2.991217,-3.825065,0.000363,0.001950,-1.670422,0.073162,0.157382,-2.973800,0.000314,0.001892,-1.670356
73.8500,0.043388,2.976163,-3.825087,0.000356,0.001983,-1.670669,0.075454,0.158126,-2.973599,0.000314,0.001921,-1.670651
73.9000,0.041878,2.961111,-3.825108,0.000349,0.002014,-1.670913,0.074167,0.160146,-2.973716,0.000362,0.001977,-1.670803
73.9500,0.040365,2.946061,-3.825131,0.000341,0.002043,-1.671156,0.076046,0.161228,-2.973537,0.000220,0.002079,-1.671051
74.0000,0.038848,2.931012,-3.825154,0.000334,0.002071,-1.671396,0.074758,0.163267,-2.973661,0.000308,0.002074,-1.671304
74.0500,0.037327,2.915965,-3.825177,0.000326,0.002096,-1.671633,0.076356,0.164611,-2.973501,0.000380,0.002165,-1.671785
74.1000,0.035803,2.900920,-3.825201,0.000319,0.002120,-1.671869,0.075063,0.166664,-2.973634,0.000457,0.002253,-1.671793
74.1500,0.034275,2.885876,-3.825225,0.000312,0.002143,-1.672102,0.076379,0.168209,-2.973489,0.000322,0.002107,-1.671980
74.2000,0.032744,2.870834,-3.825250,0.000305,0.002164,-1.672333,0.075082,0.170275,-2.973631,0.000162,0.002360,-1.672266
74.2500,0.031209,2.855794,-3.825276,0.000298,0.002183,-1.672561,0.076158,0.172064,-2.973497,0.000173,0.002047,-1.672691
74.3000,0.029671,2.840755,-3.825301,0.000291,0.002201,-1.672788,0.074860,0.174143,-2.973648,0.000434,0.002123,-1.672753
74.3500,0.028130,2.825717,-3.825327,0.000284,0.002218,-1.673012,0.075668,0.176145,-2.973523,0.000397,0.002213,-1.672959
74.4000,0.026585,2.810681,-3.825354,0.000277,0.002234,-1.673234,0.074365,0.178237,-2.973682,0.000233,0.002179,-1.673476
74.4500,0.025038,2.795647,-3.825380,0.000271,0.002249,-1.673453,0.074918,0.180425,-2.973563,0.000236,0.002043,-1.673295
74.5000,0.023486,2.780614,-3.825408,0.000265,0.002263,-1.673671,0.073612,0.182530,-2.973730,0.000372,0.002351,-1.673666
74.5500,0.021932,2.765582,-3.825435,0.000259,0.002275,-1.673886,0.073923,0.184915,-2.973616,0.000222,0.002201,-1.673985
74.6020,0.020374,2.750552,-3.825463,0.000253,0.002287,-1.674100,0.072613,0.187032,-2.973790,0.000237,0.002243,-1.674070
74.6500,0.018814,2.735524,-3.825490,0.000247,0.002298,-1.674311,0.072700,0.189586,-2.973678,0.000383,0.002254,-1.674397
74.7000,0.017250,2.720497,-3.825519,0.000242,0.002308,-1.674520,0.071385,0.191714,-2.973860,0.000428,0.002408,-1.674433
74.7500,0.015683,2.705471,-3.825547,0.000237,0.002317,-1.674727,0.071231,0.194398,-2.973748,0.000213,0.002586,-1.674766
74.8000,0.014113,2.690447,-3.825576,0.000231,0.002326,-1.674932,0.069911,0.196534,-2.973936,0.000267,0.002196,-1.674798
74.8500,0.012540,2.675424,-3.825604,0.000227,0.002334,-1.675135,0.069560,0.199397,-2.973823,0.000210,0.002152,-1.675156
74.9000,0.010963,2.660402,-3.825633,0.000222,0.002341,-1.675336,0.068238,0.201546,-2.974017,0.000310,0.002233,-1.675277
74.9500,0.009384,2.645382,-3.825663,0.000218,0.002347,-1.675535,0.067683,0.204542,-2.973903,0.000219,0.002319,-1.675497
75.0000,0.007802,2.630364,-3.825692,0.000213,0.002353,-1.675731,0.066355,0.206700,-2.974103,0.000324,0.002204,-1.675674
75.0500,0.006217,2.615346,-3.825721,0.000209,0.002359,-1.675926,0.065555,0.209810,-2.973987,0.000196,0.002554,-1.675984
75.1000,0.004630,2.600330,-3.825751,0.000205,0.002363,-1.676119,0.064223,0.211976,-2.974191,0.000105,0.002349,-1.676126
75.1500,0.003039,2.585315,-3.825781,0.000202,0.002368,-1.676310,0.063280,0.215234,-2.974072,0.000173,0.002393,-1.676313
75.2000,0.001446,2.570302,-3.825811,0.000198,0.002372,-1.676499,0.061946,0.217408,-2.974280,0.000171,0.002341,-1.676355
75.2500,-0.000151,2.555289,-3.825841,0.000195,0.002375,-1.676687,0.060857,0.220710,-2.974158,0.000083,0.002526,-1.676664
75.3000,-0.001750,2.540278,-3.825871,0.000192,0.002378,-1.676872,0.059517,0.222889,-2.974369,0.000234,0.002295,-1.676585
75.3500,-0.003351,2.525269,-3.825901,0.000189,0.002381,-1.677055,0.058321,0.226298,-2.974244,0.000119,0.002370,-1.676916
75.4000,-0.004956,2.510260,-3.825932,0.000186,0.002383,-1.677237,0.056978,0.228483,-2.974459,0.000330,0.002429,-1.677109
75.4500,-0.006563,2.495253,-3.825962,0.000183,0.002385,-1.677417,0.055610,0.231920,-2.974330,0.000273,0.002207,-1.677640
75.5000,-0.008173,2.480247,-3.825993,0.000180,0.002387,-1.677594,0.054261,0.234113,-2.974549,0.000062,0.002078,-1.677544
75.5500,-0.009785,2.465242,-3.826023,0.000178,0.002389,-1.677771,0.052731,0.237650,-2.974416,0.000151,0.002465,-1.677821
75.6000,-0.011400,2.450239,-3.826054,0.000176,0.002390,-1.677945,0.051380,0.239848,-2.974637,0.000131,0.002413,-1.677922
75.6500,-0.013018,2.435236,-3.826085,0.000174,0.002391,-1.678117,0.049874,0.243388,-2.974500,0.000231,0.002432,-1.678122
75.7000,-0.014638,2.420235,-3.826116,0.000172,0.002391,-1.678288,0.048518,0.245586,-2.974723,0.000135,0.002367,-1.678326
75.7500,-0.016260,2.405235,-3.826147,0.000170,0.002392,-1.678457,0.046876,0.249163,-2.974584,0.000164,0.002339,-1.678353
75.8000,-0.017885,2.390236,-3.826178,0.000168,0.002392,-1.678625,0.045517,0.251367,-2.974809,0.000221,0.002340,-1.678525
75.8500,-0.019513,2.375238,-3.826209,0.000166,0.002392,-1.678790,0.043785,0.254931,-2.974667,0.000070,0.002209,-1.678717
75.9020,-0.021143,2.360241,-3.826240,0.000165,0.002392,-1.678954,0.042422,0.257139,-2.974893,0.000101,0.002541,-1.678971
75.9500,-0.022775,2.345246,-3.826271,0.000163,0.002392,-1.679116,0.040657,0.260710,-2.974747,0.000166,0.002446,-1.679131
76.0020,-0.024410,2.330251,-3.826302,0.000162,0.002391,-1.679277,0.039289,0.262918,-2.974975,0.000222,0.002376,-1.679334
76.0500,-0.026047,2.315258,-3.826334,0.000160,0.002391,-1.679436,0.037423,0.266533,-2.974827,0.000199,0.002404,-1.679405
76.1000,-0.027686,2.300266,-3.826365,0.000159,0.002390,-1.679593,0.036053,0.268746,-2.975056,0.000263,0.002227,-1.679481
76.1500,-0.029328,2.285275,-3.826396,0.000158,0.002389,-1.679749,0.034103,0.272359,-2.974906,0.000166,0.002332,-1.679654
76.2000,-0.030972,2.270284,-3.826428,0.000157,0.002388,-1.679903,0.032729,0.274576,-2.975135,0.000195,0.002490,-1.679953
76.2500,-0.032618,2.255295,-3.826459,0.000156,0.002387,-1.680056,0.030751,0.278129,-2.974983,0.000229,0.002228,-1.679938
76.3000,-0.034266,2.240307,-3.826490,0.000155,0.002386,-1.680207,0.029372,0.280348,-2.975213,0.000221,0.002266,-1.679955
76.3500,-0.035917,2.225320,-3.826522,0.000154,0.002385,-1.680357,0.027318,0.283901,-2.975059,0.000381,0.002463,-1.680573
76.4000,-0.037570,2.210334,-3.826553,0.000154,0.002384,-1.680505,0.025936,0.286122,-2.975289,0.000167,0.002373,-1.680559
76.4500,-0.039225,2.195349,-3.826585,0.000153,0.002382,-1.680651,0.023823,0.289628,-2.975134,0.000171,0.002310,-1.680421
76.5000,-0.040882,2.180365,-3.826616,0.000152,0.002381,-1.680796,0.022437,0.291853,-2.975365,0.000005,0.002301,-1.680711
76.5500,-0.042541,2.165382,-3.826648,0.000152,0.002379,-1.680940,0.020340,0.295376,-2.975208,0.000166,0.002442,-1.681005
76.6000,-0.044203,2.150400,-3.826680,0.000151,0.002378,-1.681082,0.018952,0.297601,-2.975438,0.000094,0.002191,-1.680980
76.6500,-0.045866,2.135419,-3.826711,0.000151,0.002376,-1.681222,0.016834,0.301169,-2.975281,0.000157,0.002323,-1.681348
76.7000,-0.047531,2.120439,-3.826743,0.000150,0.002375,-1.681361,0.015445,0.303397,-2.975512,0.000144,0.002286,-1.681371
76.7520,-0.049199,2.105460,-3.826774,0.000150,0.002373,-1.681499,0.013284,0.306920,-2.975353,0.000090,0.002371,-1.681513
76.8000,-0.050868,2.090481,-3.826806,0.000149,0.002371,-1.681635,0.011893,0.309151,-2.975584,0.000212,0.002551,-1.681558
76.8500,-0.052540,2.075504,-3.826838,0.000149,0.002369,-1.681770,0.009723,0.312656,-2.975425,0.000180,0.002338,-1.681812
76.9000,-0.054213,2.060528,-3.826869,0.000149,0.002367,-1.681904,0.008328,0.314888,-2.975656,0.000123,0.002418,-1.681839
76.9500,-0.055889,2.045552,-3.826901,0.000148,0.002366,-1.682036,0.006176,0.318336,-2.975496,0.000143,0.002375,-1.681810
77.0000,-0.057566,2.030578,-3.826933,0.000148,0.002364,-1.682167,0.004777,0.320567,-2.975726,0.000224,0.002453,-1.682050
77.0500,-0.059245,2.015604,-3.826965,0.000148,0.002362,-1.682296,0.002706,0.323976,-2.975566,0.000044,0.002456,-1.682254
77.1000,-0.060926,2.000631,-3.826996,0.000148,0.002360,-1.682424,0.001304,0.326203,-2.975796,0.000253,0.002337,-1.682393
77.1500,-0.062609,1.985659,-3.827028,0.000148,0.002358,-1.682551,-0.000785,0.329549,-2.975636,0.000200,0.002113,-1.682636
77.2000,-0.064294,1.970688,-3.827060,0.000148,0.002356,-1.682677,-0.002191,0.331780,-2.975867,0.000011,0.002146,-1.682785
77.2500,-0.065980,1.955718,-3.827091,0.000147,0.002354,-1.682801,-0.004421,0.335152,-2.975706,0.000276,0.002470,-1.682711
77.3000,-0.067669,1.940749,-3.827123,0.000147,0.002352,-1.682924,-0.005831,0.337387,-2.975937,0.000171,0.002348,-1.682964
77.3500,-0.069359,1.925780,-3.827155,0.000147,0.002350,-1.683046,-0.008017,0.340752,-2.975775,-0.000010,0.002481,-1.683111
77.4000,-0.071051,1.910813,-3.827187,0.000147,0.002348,-1.683166,-0.009427,0.342985,-2.976006,0.000107,0.002403,-1.682986
77.4500,-0.072744,1.895846,-3.827219,0.000147,0.002346,-1.683285,-0.011604,0.346389,-2.975844,0.000301,0.002374,-1.683319
77.5000,-0.074440,1.880880,-3.827250,0.000147,0.002344,-1.683403,-0.013016,0.348623,-2.976075,0.000143,0.002504,-1.683319
77.5500,-0.076137,1.865915,-3.827282,0.000147,0.002342,-1.683520,-0.015197,0.352004,-2.975913,0.000154,0.002316,-1.683415
77.6000,-0.077835,1.850950,-3.827314,0.000147,0.002340,-1.683636,-0.016611,0.354239,-2.976144,0.000071,0.002213,-1.683648
77.6500,-0.079536,1.835987,-3.827346,0.000147,0.002338,-1.683750,-0.018848,0.357654,-2.975982,0.000341,0.002318,-1.683699
77.7000,-0.081238,1.821024,-3.827377,0.000147,0.002337,-1.683863,-0.020264,0.359891,-2.976212,0.000292,0.002216,-1.683854
77.7520,-0.082941,1.806062,-3.827409,0.000147,0.002335,-1.683975,-0.022566,0.363216,-2.976051,0.000252,0.002295,-1.683873
77.8000,-0.084647,1.791101,-3.827441,0.000148,0.002333,-1.684086,-0.023987,0.365456,-2.976281,0.000272,0.002453,-1.683936
77.8500,-0.086354,1.776140,-3.827473,0.000148,0.002331,-1.684196,-0.026310,0.368724,-2.976119,0.000160,0.002361,-1.684303
77.9000,-0.088062,1.761180,-3.827505,0.000148,0.002329,-1.684305,-0.027735,0.370966,-2.976350,0.000007,0.002372,-1.684367
77.9500,-0.089772,1.746221,-3.827537,0.000148,0.002327,-1.684412,-0.030090,0.374276,-2.976188,0.000244,0.002224,-1.684477
78.0000,-0.091484,1.731263,-3.827568,0.000148,0.002325,-1.684519,-0.031517,0.376521,-2.976418,0.000227,0.002161,-1.684724
78.0500,-0.093197,1.716306,-3.827600,0.000148,0.002323,-1.684624,-0.033910,0.379817,-2.976256,0.000143,0.002355,-1.684474
78.1000,-0.094911,1.701349,-3.827632,0.000148,0.002321,-1.684728,-0.035339,0.382064,-2.976487,0.000074,0.002359,-1.684681
78.1500,-0.096627,1.686393,-3.827664,0.000148,0.002319,-1.684831,-0.037676,0.385419,-2.976324,-0.000044,0.002115,-1.684834
78.2000,-0.098345,1.671438,-3.827696,0.000148,0.002317,-1.684934,-0.039105,0.387667,-2.976554,0.000020,0.002152,-1.685196
78.2500,-0.100064,1.656483,-3.827727,0.000149,0.002315,-1.685035,-0.041479,0.391105,-2.976392,0.000153,0.002274,-1.684991
78.3000,-0.101785,1.641529,-3.827759,0.000149,0.002314,-1.685135,-0.042907,0.393356,-2.976622,0.000075,0.002255,-1.685094
78.3500,-0.103507,1.626576,-3.827791,0.000149,0.002312,-1.685234,-0.045303,0.396789,-2.976460,0.000147,0.002277,-1.685205
78.4000,-0.105230,1.611623,-3.827823,0.000149,0.002310,-1.685332,-0.046733,0.399042,-2.976691,0.000145,0.002391,-1.685164
78.4500,-0.106955,1.596671,-3.827855,0.000149,0.002308,-1.685429,-0.049103,0.402425,-2.976528,0.000143,0.002244,-1.685485
78.5000,-0.108681,1.581720,-3.827887,0.000149,0.002306,-1.685525,-0.050537,0.404679,-2.976758,0.000155,0.002424,-1.685363
78.5500,-0.110408,1.566769,-3.827918,0.000150,0.002305,-1.685620,-0.052887,0.408043,-2.976596,0.000161,0.002327,-1.685457
78.6000,-0.112137,1.551819,-3.827950,0.000150,0.002303,-1.685714,-0.054324,0.410298,-2.976826,0.000231,0.002295,-1.685714
78.6500,-0.113867,1.536870,-3.827982,0.000150,0.002301,-1.685807,-0.056658,0.413598,-2.976664,0.000080,0.002245,-1.685652
78.7000,-0.115599,1.521922,-3.828014,0.000150,0.002299,-1.685899,-0.058099,0.415854,-2.976894,0.000245,0.002227,-1.685826
78.7500,-0.117332,1.506974,-3.828046,0.000150,0.002298,-1.685990,-0.060476,0.419182,-2.976732,0.000330,0.002149,-1.685893
78.8000,-0.119066,1.492026,-3.828078,0.000150,0.002296,-1.686080,-0.061919,0.421443,-2.976963,0.000164,0.002282,-1.685992
78.8500,-0.120802,1.477080,-3.828109,0.000151,0.002294,-1.686170,-0.064347,0.424747,-2.976801,0.000234,0.002070,-1.686124
78.9000,-0.122538,1.462133,-3.828141,0.000151,0.002292,-1.686258,-0.065793,0.427012,-2.977031,0.000292,0.002194,-1.686393
78.9500,-0.124276,1.447188,-3.828173,0.000151,0.002291,-1.686346,-0.068245,0.430294,-2.976869,0.000137,0.002241,-1.686441
79.0000,-0.126016,1.432243,-3.828205,0.000151,0.002289,-1.686432,-0.069693,0.432562,-2.977099,0.000271,0.002207,-1.686465
79.0500,-0.127756,1.417299,-3.828237,0.000151,0.002287,-1.686518,-0.072122,0.435841,-2.976936,0.000083,0.002432,-1.686602
79.1000,-0.129498,1.402355,-3.828269,0.000151,0.002286,-1.686603,-0.073573,0.438111,-2.977166,0.000144,0.002318,-1.686522
79.1500,-0.131241,1.387412,-3.828301,0.000152,0.002284,-1.686687,-0.075929,0.441441,-2.977003,0.000152,0.002169,-1.686954
79.2000,-0.132985,1.372470,-3.828332,0.000152,0.002283,-1.686770,-0.077380,0.443713,-2.977233,0.000277,0.002205,-1.686706
79.2500,-0.134730,1.357528,-3.828364,0.000152,0.002281,-1.686852,-0.079715,0.447078,-2.977071,0.000177,0.002344,-1.686918
79.3000,-0.136476,1.342586,-3.828396,0.000152,0.002279,-1.686933,-0.081168,0.449349,-2.977300,0.000196,0.002161,-1.686767
79.3500,-0.138224,1.327645,-3.828428,0.000152,0.002278,-1.687014,-0.083455,0.452710,-2.977138,0.000122,0.002250,-1.686919
79.4000,-0.139973,1.312705,-3.828460,0.000153,0.002276,-1.687094,-0.084911,0.454983,-2.977368,0.000178,0.002268,-1.687000
79.4500,-0.141723,1.297766,-3.828492,0.000153,0.002275,-1.687172,-0.087196,0.458392,-2.977205,0.000308,0.002253,-1.687103
79.5000,-0.143474,1.282826,-3.828523,0.000153,0.002273,-1.687251,-0.088654,0.460667,-2.977435,0.000081,0.002255,-1.687177
79.5500,-0.145226,1.267888,-3.828555,0.000153,0.002272,-1.687328,-0.090902,0.464075,-2.977273,0.000160,0.002371,-1.687364
79.6000,-0.146979,1.252950,-3.828587,0.000153,0.002270,-1.687404,-0.092362,0.466350,-2.977502,0.000139,0.002188,-1.687453
79.6520,-0.148733,1.238012,-3.828619,0.000153,0.002269,-1.687480,-0.094568,0.469777,-2.977340,0.000026,0.002290,-1.687391
79.7000,-0.150489,1.223075,-3.828651,0.000154,0.002267,-1.687555,-0.096029,0.472052,-2.977569,0.000140,0.002366,-1.687626
79.7500,-0.152245,1.208139,-3.828683,0.000154,0.002266,-1.687629,-0.098200,0.475466,-2.977407,0.000172,0.002277,-1.687723
79.8000,-0.154003,1.193203,-3.828714,0.000154,0.002265,-1.687703,-0.099664,0.477741,-2.977637,0.000117,0.002283,-1.687885
79.8500,-0.155761,1.178267,-3.828746,0.000154,0.002263,-1.687775,-0.101823,0.481101,-2.977474,0.000283,0.002319,-1.687778
79.9000,-0.157521,1.163333,-3.828778,0.000154,0.002262,-1.687847,-0.103291,0.483378,-2.977704,0.000261,0.002329,-1.687809
79.9520,-0.159281,1.148398,-3.828810,0.000154,0.002260,-1.687918,-0.105493,0.486749,-2.977542,0.000290,0.002219,-1.687913
80.0000,-0.161043,1.133464,-3.828842,0.000155,0.002259,-1.687989,-0.106964,0.489028,-2.977771,0.000087,0.002306,-1.687928
80.0500,-0.162805,1.118531,-3.828874,0.000155,0.002258,-1.688058,-0.109181,0.492447,-2.977609,0.000105,0.002154,-1.687984
80.1000,-0.164569,1.103598,-3.828906,0.000155,0.002256,-1.688127,-0.110651,0.494727,-2.977838,0.000114,0.002343,-1.688130
80.1500,-0.166333,1.088665,-3.828937,0.000155,0.002255,-1.688196,-0.112888,0.498209,-2.977676,0.000252,0.002143,-1.688250
80.2000,-0.168099,1.073733,-3.828969,0.000155,0.002254,-1.688263,-0.114359,0.500492,-2.977905,0.000122,0.002375,-1.688201
80.2500,-0.169865,1.058802,-3.829001,0.000155,0.002252,-1.688330,-0.116563,0.503940,-2.977743,0.000099,0.002207,-1.688312
80.3000,-0.171633,1.043871,-3.829033,0.000156,0.002251,-1.688396,-0.118035,0.506222,-2.977972,0.000076,0.002299,-1.688503
80.3500,-0.173401,1.028940,-3.829065,0.000156,0.002250,-1.688462,-0.120265,0.509767,-2.977809,0.000148,0.002072,-1.688422
80.4000,-0.175170,1.014010,-3.829097,0.000156,0.002248,-1.688527,-0.121735,0.512050,-2.978039,0.000145,0.002274,-1.688406
80.4500,-0.176940,0.999080,-3.829128,0.000156,0.002247,-1.688591,-0.124004,0.515571,-2.977876,0.000103,0.002183,-1.688608
80.5000,-0.178711,0.984151,-3.829160,0.000156,0.002246,-1.688654,-0.125476,0.517856,-2.978106,0.000072,0.002257,-1.688632
80.5500,-0.180483,0.969222,-3.829192,0.000156,0.002245,-1.688717,-0.127748,0.521387,-2.977943,0.000240,0.002268,-1.688637
80.6000,-0.182256,0.954294,-3.829224,0.000156,0.002244,-1.688780,-0.129221,0.523673,-2.978173,0.000316,0.002274,-1.688836
80.6500,-0.184030,0.939366,-3.829256,0.000157,0.002242,-1.688841,-0.131559,0.527124,-2.978010,0.000226,0.002221,-1.688848
80.7000,-0.185804,0.924439,-3.829288,0.000157,0.002241,-1.688902,-0.133036,0.529413,-2.978240,0.000258,0.002396,-1.688922
80.7500,-0.187580,0.909512,-3.829320,0.000157,0.002240,-1.688962,-0.135322,0.532766,-2.978077,0.000314,0.002294,-1.688945
80.8000,-0.189356,0.894585,-3.829351,0.000157,0.002239,-1.689022,-0.136804,0.535055,-2.978306,0.000208,0.002354,-1.688957
80.8500,-0.191133,0.879659,-3.829383,0.000157,0.002238,-1.689081,-0.139099,0.538447,-2.978144,0.000100,0.002193,-1.689127
80.9000,-0.192911,0.864733,-3.829415,0.000157,0.002236,-1.689140,-0.140580,0.540737,-2.978373,0.000105,0.002129,-1.689161
80.9500,-0.194690,0.849808,-3.829447,0.000158,0.002235,-1.689198,-0.142950,0.544218,-2.978210,0.000153,0.002188,-1.689201
81.0000,-0.196469,0.834883,-3.829479,0.000158,0.002234,-1.689255,-0.144429,0.546512,-2.978439,0.000063,0.002315,-1.689278
81.0500,-0.198250,0.819958,-3.829511,0.000158,0.002233,-1.689312,-0.146770,0.549996,-2.978277,0.000129,0.002342,-1.689453
81.1000,-0.200031,0.805034,-3.829542,0.000158,0.002232,-1.689368,-0.148250,0.552289,-2.978505,0.000202,0.002266,-1.689549
81.1500,-0.201813,0.790110,-3.829574,0.000158,0.002231,-1.689423,-0.150567,0.555744,-2.978343,0.000237,0.002255,-1.689612
81.2000,-0.203596,0.775187,-3.829606,0.000158,0.002230,-1.689478,-0.152049,0.558038,-2.978572,0.000183,0.002291,-1.689313
81.2500,-0.205379,0.760264,-3.829638,0.000158,0.002229,-1.689533,-0.154264,0.561566,-2.978409,0.000161,0.002204,-1.689543
81.3000,-0.207163,0.745341,-3.829670,0.000158,0.002228,-1.689587,-0.155745,0.563857,-2.978638,0.000137,0.002227,-1.689487
81.3500,-0.208948,0.730419,-3.829702,0.000159,0.002227,-1.689640,-0.157994,0.567331,-2.978475,0.000317,0.002283,-1.689610
81.4000,-0.210734,0.715497,-3.829734,0.000159,0.002226,-1.689693,-0.159478,0.569623,-2.978705,0.000077,0.002153,-1.689905
81.4500,-0.212521,0.700576,-3.829765,0.000159,0.002225,-1.689745,-0.161692,0.573039,-2.978542,0.000313,0.002269,-1.689613
81.5000,-0.214308,0.685655,-3.829797,0.000159,0.002224,-1.689797,-0.163180,0.575331,-2.978771,0.000052,0.002222,-1.689686
81.5500,-0.216096,0.670734,-3.829829,0.000159,0.002223,-1.689848,-0.165377,0.578720,-2.978608,0.000113,0.002307,-1.689749
81.6000,-0.217884,0.655813,-3.829861,0.000159,0.002222,-1.689898,-0.166866,0.581011,-2.978837,0.000144,0.002217,-1.689745
81.6500,-0.219674,0.640893,-3.829893,0.000159,0.002221,-1.689948,-0.169069,0.584462,-2.978674,0.000127,0.002242,-1.689957
81.7020,-0.221464,0.625974,-3.829925,0.000160,0.002220,-1.689998,-0.170557,0.586753,-2.978903,0.000213,0.002236,-1.690070
81.7500,-0.223255,0.611054,-3.829957,0.000160,0.002219,-1.690047,-0.172806,0.590137,-2.978740,0.000136,0.002103,-1.690092
81.8000,-0.225046,0.596135,-3.829988,0.000160,0.002218,-1.690096,-0.174296,0.592431,-2.978969,0.000184,0.002294,-1.690115
81.8500,-0.226838,0.581217,-3.830020,0.000160,0.002217,-1.690144,-0.176574,0.595795,-2.978807,0.000113,0.002038,-1.690287
81.9000,-0.228631,0.566298,-3.830052,0.000160,0.002216,-1.690191,-0.178066,0.598091,-2.979036,0.000083,0.002261,-1.690176
81.9500,-0.230424,0.551380,-3.830084,0.000160,0.002215,-1.690238,-0.180399,0.601467,-2.978873,-0.000019,0.002485,-1.690288
82.0000,-0.232219,0.536463,-3.830116,0.000160,0.002214,-1.690285,-0.181891,0.603763,-2.979101,0.000163,0.002163,-1.690139
82.0500,-0.234013,0.521546,-3.830148,0.000160,0.002213,-1.690331,-0.184208,0.607192,-2.978938,0.000099,0.002275,-1.690340
82.1000,-0.235809,0.506629,-3.830179,0.000160,0.002212,-1.690377,-0.185699,0.609488,-2.979167,0.000158,0.002182,-1.690420
82.1500,-0.237605,0.491712,-3.830211,0.000161,0.002211,-1.690422,-0.188072,0.612952,-2.979004,0.000128,0.002390,-1.690468
82.2000,-0.239401,0.476796,-3.830243,0.000161,0.002211,-1.690467,-0.189563,0.615250,-2.979233,0.000231,0.002152,-1.690542
82.2500,-0.241199,0.461880,-3.830275,0.000161,0.002210,-1.690511,-0.191930,0.618740,-2.979070,0.000327,0.002213,-1.690494
82.3000,-0.242997,0.446964,-3.830307,0.000161,0.002209,-1.690555,-0.193421,0.621039,-2.979299,-0.000011,0.002395,-1.690325
82.3500,-0.244795,0.432049,-3.830339,0.000161,0.002208,-1.690598,-0.195732,0.624474,-2.979136,0.000130,0.002240,-1.690518
82.4000,-0.246594,0.417133,-3.830371,0.000161,0.002207,-1.690641,-0.197226,0.626772,-2.979365,0.000227,0.002141,-1.690643
82.4500,-0.248394,0.402219,-3.830402,0.000161,0.002206,-1.690684,-0.199539,0.630201,-2.979202,-0.000024,0.002276,-1.690580
82.5000,-0.250194,0.387304,-3.830434,0.000161,0.002205,-1.690726,-0.201033,0.632500,-2.979430,0.000221,0.002435,-1.690654
82.5500,-0.251995,0.372390,-3.830466,0.000161,0.002205,-1.690767,-0.203292,0.635941,-2.979267,0.000108,0.001967,-1.690632
82.6000,-0.253796,0.357476,-3.830498,0.000162,0.002204,-1.690808,-0.204788,0.638240,-2.979496,0.000077,0.002084,-1.690721
82.6500,-0.255598,0.342563,-3.830530,0.000162,0.002203,-1.690849,-0.207114,0.641661,-2.979333,0.000196,0.002178,-1.690835
82.7000,-0.257401,0.327649,-3.830562,0.000162,0.002202,-1.690890,-0.208610,0.643962,-2.979562,0.000239,0.001998,-1.690878
82.7500,-0.259204,0.312736,-3.830593,0.000162,0.002201,-1.690929,-0.210919,0.647349,-2.979399,0.000144,0.002410,-1.690889
82.8000,-0.261008,0.297823,-3.830625,0.000162,0.002201,-1.690969,-0.212417,0.649649,-2.979628,0.000123,0.002132,-1.691009
82.8500,-0.262812,0.282911,-3.830657,0.000162,0.002200,-1.691008,-0.214744,0.653095,-2.979464,0.000253,0.002344,-1.690854
82.9000,-0.264597,0.268159,-3.830674,0.000163,0.002314,-1.691047,-0.216242,0.655395,-2.979693,0.000207,0.002131,-1.691138
82.9500,-0.266170,0.255123,-3.830650,0.000179,0.002747,-1.691093,-0.218451,0.658904,-2.979347,0.000250,0.002810,-1.690964
83.0000,-0.267313,0.245548,-3.830551,0.000229,0.003464,-1.691180,-0.219954,0.661200,-2.979565,0.000175,0.003326,-1.691106
83.0500,-0.267989,0.239741,-3.830383,0.000312,0.004324,-1.691336,-0.219814,0.665541,-2.978686,0.000319,0.004368,-1.691234
83.1000,-0.268289,0.237005,-3.830160,0.000426,0.005216,-1.691535,-0.221320,0.667842,-2.978866,0.000409,0.004948,-1.691605
83.1500,-0.268352,0.236286,-3.829912,0.000553,0.006057,-1.691745,-0.212537,0.674616,-2.977448,0.000436,0.006150,-1.691784
83.2000,-0.268303,0.236598,-3.829678,0.000678,0.006765,-1.691931,-0.213459,0.680118,-2.977777,0.000511,0.006783,-1.691834
83.2500,-0.268226,0.237236,-3.829484,0.000790,0.007308,-1.692075,-0.190346,0.693005,-2.976162,0.000799,0.007211,-1.692106
83.3000,-0.268148,0.237884,-3.829339,0.000884,0.007685,-1.692209,-0.191665,0.697103,-2.976343,0.000978,0.007660,-1.691961
83.3500,-0.268078,0.238478,-3.829238,0.000959,0.007917,-1.692318,-0.157485,0.713798,-2.974774,0.000848,0.007829,-1.692324
83.4000,-0.268024,0.238975,-3.829172,0.001014,0.008036,-1.692401,-0.158709,0.718712,-2.974940,0.000974,0.008001,-1.692369
83.4500,-0.267985,0.239373,-3.829135,0.001048,0.008067,-1.692467,-0.121182,0.735210,-2.973553,0.000965,0.007905,-1.692775
83.5000,-0.267958,0.239691,-3.829118,0.001065,0.008030,-1.692525,-0.122425,0.739701,-2.973687,0.001009,0.008016,-1.692508
83.5500,-0.267938,0.239960,-3.829114,0.001065,0.007939,-1.692576,-0.088106,0.756245,-2.972602,0.001030,0.007885,-1.692591
83.6000,-0.267919,0.240204,-3.829120,0.001052,0.007809,-1.692619,-0.089325,0.760780,-2.972717,0.000983,0.007731,-1.692715
83.6500,-0.267901,0.240440,-3.829131,0.001027,0.007647,-1.692657,-0.062356,0.775286,-2.971919,0.001001,0.007614,-1.692699
83.7000,-0.267884,0.240674,-3.829146,0.000992,0.007463,-1.692693,-0.063551,0.779901,-2.972019,0.000861,0.007461,-1.692718
83.7500,-0.267867,0.240908,-3.829162,0.000949,0.007262,-1.692724,-0.045427,0.792203,-2.971491,0.000894,0.007460,-1.692746
83.8020,-0.267849,0.241144,-3.829179,0.000899,0.007049,-1.692750,-0.046603,0.796883,-2.971585,0.000887,0.007137,-1.692773
83.8500,-0.267829,0.241381,-3.829196,0.000844,0.006828,-1.692774,-0.036358,0.807199,-2.971300,0.000788,0.006682,-1.692794
83.9000,-0.267805,0.241635,-3.829215,0.000770,0.006588,-1.692383,-0.037518,0.811922,-2.971401,0.000787,0.006661,-1.692703
83.9520,-0.267809,0.241935,-3.829265,0.000651,0.006321,-1.689208,-0.033958,0.820538,-2.971376,0.000644,0.006155,-1.689373
84.0000,-0.267853,0.242252,-3.829332,0.000512,0.006044,-1.683250,-0.035183,0.825335,-2.971533,0.000348,0.006048,-1.684499
84.0500,-0.267899,0.242551,-3.829393,0.000381,0.005747,-1.675957,-0.036376,0.832720,-2.971753,0.000314,0.005835,-1.675981
84.1000,-0.267937,0.242828,-3.829443,0.000281,0.005462,-1.667757,-0.037667,0.837474,-2.971928,0.000350,0.005566,-1.669466
84.1500,-0.267971,0.243085,-3.829485,0.000203,0.005199,-1.658630,-0.040760,0.844171,-2.972276,0.000127,0.005057,-1.658567
84.2000,-0.268001,0.243327,-3.829518,0.000145,0.004955,-1.648684,-0.042130,0.848867,-2.972470,0.000085,0.004889,-1.650777
84.2500,-0.268024,0.243557,-3.829546,0.000110,0.004731,-1.638140,-0.045255,0.855408,-2.972884,0.000108,0.004791,-1.638100
84.3000,-0.268040,0.243778,-3.829569,0.000095,0.004522,-1.627164,-0.046710,0.860052,-2.973102,0.000182,0.004795,-1.629281
84.3500,-0.268050,0.243993,-3.829587,0.000094,0.004329,-1.615843,-0.049318,0.866704,-2.973534,0.000033,0.004398,-1.615886
84.4000,-0.268057,0.244203,-3.829603,0.000103,0.004152,-1.604239,-0.050866,0.871302,-2.973779,0.000077,0.004244,-1.606714
84.4520,-0.268061,0.244410,-3.829617,0.000118,0.003988,-1.592414,-0.053242,0.878110,-2.974196,0.000169,0.004124,-1.592302
84.5000,-0.268064,0.244613,-3.829628,0.000138,0.003838,-1.580421,-0.054893,0.882663,-2.974467,0.000280,0.003909,-1.582998
84.5500,-0.268067,0.244814,-3.829639,0.000160,0.003699,-1.568297,-0.057685,0.889473,-2.974845,-0.000018,0.003568,-1.568216
84.6000,-0.268070,0.245013,-3.829648,0.000183,0.003571,-1.556071,-0.059444,0.893981,-2.975139,0.000391,0.003647,-1.558519
84.6500,-0.268074,0.245208,-3.829656,0.000206,0.003453,-1.543763,-0.063333,0.900523,-2.975465,0.000144,0.003577,-1.543776
84.7000,-0.268079,0.245401,-3.829664,0.000228,0.003345,-1.531393,-0.065204,0.904977,-2.975778,0.000331,0.003284,-1.533874
84.7500,-0.268086,0.245592,-3.829671,0.000250,0.003245,-1.518974,-0.070673,0.910955,-2.976042,0.000125,0.003217,-1.518947
84.8000,-0.268094,0.245780,-3.829678,0.000270,0.003153,-1.506518,-0.072659,0.915349,-2.976372,0.000334,0.003082,-1.509054
84.8520,-0.268104,0.245965,-3.829684,0.000289,0.003068,-1.494032,-0.080038,0.920550,-2.976570,0.000253,0.003072,-1.493800
84.9000,-0.268115,0.246148,-3.829691,0.000307,0.002990,-1.481523,-0.082134,0.924876,-2.976910,0.000194,0.003053,-1.483977
84.9500,-0.268128,0.246329,-3.829697,0.000324,0.002918,-1.468997,-0.091371,0.929148,-2.977042,0.000451,0.002878,-1.469080
85.0000,-0.268143,0.246508,-3.829703,0.000340,0.002852,-1.456458,-0.093578,0.933396,-2.977390,0.000281,0.002828,-1.459031
85.0500,-0.268160,0.246685,-3.829710,0.000354,0.002791,-1.443908,-0.104539,0.936609,-2.977459,0.000455,0.002815,-1.443748
85.1020,-0.268179,0.246859,-3.829716,0.000368,0.002735,-1.431351,-0.106855,0.940770,-2.977809,0.000361,0.002697,-1.433871
85.1500,-0.268199,0.247031,-3.829722,0.000380,0.002683,-1.418788,-0.119258,0.942902,-2.977819,0.000336,0.002707,-1.418787
85.2000,-0.268222,0.247201,-3.829729,0.000392,0.002635,-1.406220,-0.121680,0.946971,-2.978169,0.000241,0.002656,-1.408851
85.2520,-0.268246,0.247369,-3.829735,0.000404,0.002591,-1.393649,-0.135102,0.948270,-2.978124,0.000380,0.002579,-1.393727
85.3000,-0.268272,0.247535,-3.829742,0.000414,0.002551,-1.381075,-0.137623,0.952240,-2.978472,0.000580,0.002786,-1.383624
85.3500,-0.268299,0.247699,-3.829748,0.000425,0.002513,-1.368500,-0.151656,0.952650,-2.978379,0.000465,0.002527,-1.368541
85.4000,-0.268329,0.247860,-3.829755,0.000435,0.002478,-1.355924,-0.154277,0.956517,-2.978723,0.000563,0.002601,-1.358442
85.4500,-0.268360,0.248020,-3.829761,0.000444,0.002446,-1.343347,-0.168550,0.956342,-2.978587,0.000420,0.002250,-1.343311
85.5000,-0.268393,0.248177,-3.829768,0.000454,0.002416,-1.330770,-0.171263,0.960103,-2.978923,0.000430,0.002327,-1.333316
85.5500,-0.268427,0.248332,-3.829775,0.000463,0.002388,-1.318193,-0.185615,0.959649,-2.978753,0.000415,0.002472,-1.318152
85.6000,-0.268463,0.248485,-3.829781,0.000472,0.002363,-1.305616,-0.188412,0.963303,-2.979080,0.000385,0.002558,-1.308147
85.6500,-0.268501,0.248637,-3.829788,0.000481,0.002339,-1.293039,-0.202350,0.962744,-2.978880,0.000527,0.002467,-1.293206
85.7000,-0.268540,0.248786,-3.829795,0.000490,0.002316,-1.280462,-0.205227,0.966289,-2.979198,0.000384,0.002237,-1.282921
85.7500,-0.268581,0.248933,-3.829802,0.000498,0.002295,-1.267886,-0.218658,0.965721,-2.978975,0.000620,0.002361,-1.267827
85.8000,-0.268623,0.249077,-3.829808,0.000507,0.002276,-1.255310,-0.221614,0.969157,-2.979284,0.000475,0.002244,-1.257615
85.8500,-0.268666,0.249220,-3.829815,0.000515,0.002257,-1.242735,-0.234274,0.968608,-2.979043,0.000485,0.002245,-1.242680
85.9000,-0.268711,0.249361,-3.829822,0.000524,0.002240,-1.230160,-0.237306,0.971937,-2.979342,0.000296,0.002218,-1.232522
85.9520,-0.268757,0.249500,-3.829829,0.000532,0.002224,-1.217586,-0.249131,0.971499,-2.979087,0.000623,0.002230,-1.217461
86.0000,-0.268805,0.249636,-3.829836,0.000541,0.002209,-1.205013,-0.252238,0.974720,-2.979376,0.000429,0.002082,-1.207738
86.0500,-0.268853,0.249771,-3.829842,0.000549,0.002195,-1.192440,-0.263310,0.974446,-2.979112,0.000527,0.002202,-1.192492
86.1000,-0.268903,0.249904,-3.829849,0.000558,0.002182,-1.179868,-0.266488,0.977566,-2.979392,0.000652,0.002148,-1.182562
86.1500,-0.268954,0.250034,-3.829856,0.000566,0.002169,-1.167297,-0.276797,0.977469,-2.979123,0.000439,0.002207,-1.167285
86.2000,-0.269007,0.250163,-3.829862,0.000574,0.002157,-1.154726,-0.280044,0.980486,-2.979393,0.000555,0.002037,-1.157367
86.2500,-0.269060,0.250290,-3.829869,0.000583,0.002146,-1.142156,-0.289611,0.980807,-2.979120,0.000201,0.002123,-1.142040
86.3000,-0.269114,0.250414,-3.829876,0.000591,0.002135,-1.129587,-0.292920,0.983724,-2.979382,0.000475,0.002171,-1.132042
86.4020,-0.269226,0.250657,-3.829889,0.000608,0.002115,-1.104450,-0.305194,0.987277,-2.979363,0.000758,0.002229,-1.106874
86.4020,-0.269226,0.250657,-3.829889,0.000608,0.002115,-1.104450,-0.305194,0.987277,-2.979363,0.000758,0.002229,-1.106874
86.4500,-0.269284,0.250776,-3.829895,0.000616,0.002106,-1.091883,-0.313452,0.988290,-2.979092,0.000531,0.001902,-1.091874
86.5000,-0.269342,0.250893,-3.829902,0.000624,0.002097,-1.079316,-0.316886,0.991007,-2.979339,0.000801,0.002252,-1.081746
86.5500,-0.269401,0.251007,-3.829908,0.000632,0.002089,-1.066750,-0.324549,0.992160,-2.979071,0.000493,0.002085,-1.066661
86.6000,-0.269462,0.251120,-3.829915,0.000641,0.002080,-1.054185,-0.328043,0.994777,-2.979311,0.000721,0.001945,-1.056798
86.6520,-0.269523,0.251231,-3.829921,0.000649,0.002073,-1.041620,-0.335327,0.996184,-2.979048,0.000560,0.001883,-1.041590
86.7000,-0.269584,0.251340,-3.829927,0.000657,0.002065,-1.029056,-0.338879,0.998704,-2.979282,0.000622,0.001972,-1.031642
86.7500,-0.269647,0.251447,-3.829933,0.000665,0.002058,-1.016493,-0.345795,1.000160,-2.979025,0.000699,0.002216,-1.016621
86.8000,-0.269710,0.251552,-3.829940,0.000673,0.002051,-1.003930,-0.349406,1.002582,-2.979253,0.000715,0.002094,-1.006605
86.8500,-0.269774,0.251655,-3.829946,0.000680,0.002045,-0.991368,-0.355939,1.004265,-2.979000,0.000686,0.002117,-0.991346
86.9000,-0.269838,0.251757,-3.829952,0.000688,0.002038,-0.978806,-0.359603,1.006587,-2.979225,0.000693,0.001996,-0.981120
86.9500,-0.269904,0.251856,-3.829958,0.000696,0.002032,-0.966245,-0.365888,1.008316,-2.978979,0.000713,0.002004,-0.966187
87.0000,-0.269969,0.251954,-3.829964,0.000704,0.002026,-0.953685,-0.369606,1.010539,-2.979199,0.000698,0.002067,-0.956156
87.0500,-0.270036,0.252049,-3.829970,0.000711,0.002020,-0.941125,-0.375704,1.012288,-2.978959,0.000683,0.002035,-0.941131
87.1000,-0.270103,0.252143,-3.829976,0.000719,0.002015,-0.928566,-0.379473,1.014413,-2.979176,0.000656,0.002110,-0.931014
87.1500,-0.270170,0.252235,-3.829981,0.000726,0.002009,-0.916008,-0.385454,1.016218,-2.978941,0.000819,0.002052,-0.916008
87.2000,-0.270238,0.252326,-3.829987,0.000734,0.002004,-0.903450,-0.389273,1.018244,-2.979156,0.000692,0.001816,-0.905675
87.2500,-0.270306,0.252414,-3.829993,0.000741,0.001999,-0.890892,-0.395147,1.019966,-2.978927,0.000627,0.001923,-0.890802
87.3000,-0.270375,0.252501,-3.829998,0.000749,0.001994,-0.878335,-0.399015,1.021893,-2.979139,0.000796,0.001961,-0.880947
87.3500,-0.270444,0.252586,-3.830004,0.000756,0.001989,-0.865779,-0.404825,1.023594,-2.978915,0.000897,0.001923,-0.865738
87.4000,-0.270514,0.252669,-3.830010,0.000763,0.001984,-0.853223,-0.408739,1.025420,-2.979125,0.000623,0.001998,-0.855771
87.4500,-0.270584,0.252750,-3.830015,0.000770,0.001980,-0.840668,-0.414477,1.027112,-2.978905,0.000760,0.001934,-0.840657
87.5000,-0.270654,0.252830,-3.830021,0.000777,0.001975,-0.828114,-0.418432,1.028837,-2.979113,0.000803,0.001963,-0.830465
87.5500,-0.270724,0.252908,-3.830026,0.000784,0.001971,-0.815560,-0.424158,1.030487,-2.978899,0.000989,0.001923,-0.815437
87.6000,-0.270795,0.252984,-3.830031,0.000791,0.001966,-0.803006,-0.428154,1.032109,-2.979106,0.000751,0.001980,-0.805475
87.6500,-0.270866,0.253059,-3.830037,0.000798,0.001962,-0.790453,-0.433812,1.033698,-2.978894,0.000897,0.002054,-0.790190
87.7000,-0.270937,0.253132,-3.830042,0.000805,0.001958,-0.777901,-0.437844,1.035214,-2.979101,0.000682,0.002095,-0.780298
87.7500,-0.271009,0.253203,-3.830047,0.000812,0.001954,-0.765349,-0.443521,1.036838,-2.978892,0.000933,0.002046,-0.765356
87.8000,-0.271080,0.253272,-3.830052,0.000818,0.001949,-0.752797,-0.447585,1.038250,-2.979098,0.000812,0.002081,-0.755197
87.8500,-0.271152,0.253340,-3.830057,0.000825,0.001945,-0.740246,-0.453243,1.039744,-2.978894,0.000883,0.002108,-0.740158
87.9000,-0.271224,0.253407,-3.830062,0.000832,0.001941,-0.727696,-0.457340,1.041051,-2.979099,0.001051,0.001816,-0.730329
87.9500,-0.271296,0.253471,-3.830067,0.000838,0.001937,-0.715146,-0.463073,1.042436,-2.978897,0.000901,0.001935,-0.715245
88.0000,-0.271368,0.253535,-3.830072,0.000845,0.001934,-0.702597,-0.467199,1.043639,-2.979102,0.000995,0.001882,-0.704975
88.0500,-0.271440,0.253596,-3.830077,0.000851,0.001930,-0.690048,-0.472978,1.044821,-2.978902,0.000958,0.001926,-0.689954
88.1020,-0.271513,0.253656,-3.830082,0.000857,0.001926,-0.677499,-0.477134,1.045918,-2.979108,0.000785,0.001895,-0.680030
88.1500,-0.271585,0.253715,-3.830087,0.000864,0.001922,-0.664951,-0.483016,1.046925,-2.978910,0.000772,0.001869,-0.664729
88.2000,-0.271657,0.253772,-3.830092,0.000870,0.001918,-0.652404,-0.487199,1.047917,-2.979115,0.000785,0.001960,-0.654864
88.2500,-0.271729,0.253827,-3.830096,0.000876,0.001915,-0.639857,-0.493224,1.048856,-2.978917,0.000935,0.001970,-0.639750
88.3000,-0.271801,0.253881,-3.830101,0.000882,0.001911,-0.627310,-0.497427,1.049744,-2.979122,0.000772,0.002028,-0.629775
88.3500,-0.271873,0.253934,-3.830106,0.000889,0.001907,-0.614764,-0.503462,1.050616,-2.978926,0.000885,0.001748,-0.614873
88.4000,-0.271945,0.253985,-3.830110,0.000895,0.001904,-0.602218,-0.507682,1.051397,-2.979131,0.000844,0.001953,-0.604725
88.4500,-0.272017,0.254034,-3.830115,0.000901,0.001900,-0.589673,-0.513780,1.052100,-2.978936,0.000913,0.001776,-0.589531
88.5000,-0.272089,0.254082,-3.830119,0.000907,0.001897,-0.577129,-0.518018,1.052774,-2.979142,0.000849,0.001889,-0.579657
88.5500,-0.272161,0.254129,-3.830124,0.000913,0.001893,-0.564584,-0.524237,1.053268,-2.978948,0.000827,0.001809,-0.564703
88.6000,-0.272232,0.254174,-3.830128,0.000918,0.001889,-0.552040,-0.528490,1.053837,-2.979154,0.001091,0.001978,-0.554567
88.6500,-0.272304,0.254218,-3.830132,0.000924,0.001886,-0.539497,-0.534721,1.054110,-2.978960,0.001019,0.001965,-0.539396
88.7000,-0.272375,0.254261,-3.830137,0.000930,0.001882,-0.526954,-0.538986,1.054568,-2.979165,0.000850,0.001839,-0.529429
88.7520,-0.272446,0.254302,-3.830141,0.000936,0.001879,-0.514411,-0.545279,1.054698,-2.978971,0.001141,0.001900,-0.514567
88.8000,-0.272517,0.254342,-3.830145,0.000942,0.001875,-0.501869,-0.549553,1.055050,-2.979177,0.000905,0.001820,-0.504296
88.8500,-0.272588,0.254381,-3.830149,0.000947,0.001872,-0.489328,-0.555869,1.055061,-2.978983,0.000953,0.001905,-0.489298
88.9000,-0.272658,0.254418,-3.830153,0.000953,0.001868,-0.476786,-0.560148,1.055307,-2.979189,0.001094,0.001766,-0.479272
88.9500,-0.272728,0.254454,-3.830157,0.000959,0.001865,-0.464245,-0.566462,1.055122,-2.978996,0.000921,0.001911,-0.464026
89.0000,-0.272798,0.254489,-3.830161,0.000964,0.001861,-0.451705,-0.570744,1.055258,-2.979202,0.000828,0.001911,-0.454205
89.0500,-0.272868,0.254523,-3.830165,0.000970,0.001858,-0.439165,-0.577068,1.055002,-2.979008,0.000813,0.001778,-0.439163
89.1020,-0.272937,0.254555,-3.830169,0.000975,0.001854,-0.426625,-0.581349,1.055032,-2.979214,0.001001,0.001914,-0.429165
89.1500,-0.273006,0.254586,-3.830173,0.000981,0.001851,-0.414086,-0.587708,1.054538,-2.979021,0.001131,0.001858,-0.413817
89.2000,-0.273075,0.254616,-3.830177,0.000986,0.001847,-0.401547,-0.591990,1.054459,-2.979228,0.000928,0.001678,-0.404147
89.2500,-0.273143,0.254645,-3.830181,0.000991,0.001844,-0.389009,-0.598285,1.053744,-2.979034,0.001197,0.001752,-0.388978
89.3000,-0.273211,0.254672,-3.830185,0.000997,0.001840,-0.376470,-0.602564,1.053555,-2.979241,0.000805,0.001745,-0.378918
89.3500,-0.273279,0.254698,-3.830189,0.001002,0.001837,-0.363933,-0.608846,1.052604,-2.979047,0.000929,0.001973,-0.363937
89.4000,-0.273346,0.254724,-3.830192,0.001007,0.001833,-0.351395,-0.613117,1.052307,-2.979253,0.000946,0.001997,-0.353767
89.4500,-0.273413,0.254748,-3.830196,0.001013,0.001830,-0.338858,-0.619342,1.051326,-2.979059,0.000962,0.001899,-0.338901
89.5000,-0.273479,0.254771,-3.830200,0.001018,0.001826,-0.326322,-0.623600,1.050923,-2.979265,0.000906,0.001778,-0.328945
89.5500,-0.273546,0.254793,-3.830203,0.001023,0.001823,-0.313785,-0.629827,1.049797,-2.979071,0.001050,0.001932,-0.313715
89.6000,-0.273611,0.254814,-3.830207,0.001028,0.001819,-0.301249,-0.634071,1.049286,-2.979278,0.000927,0.001783,-0.303818
89.6500,-0.273677,0.254834,-3.830210,0.001033,0.001816,-0.288714,-0.640352,1.048029,-2.979083,0.001139,0.001810,-0.288820
89.7000,-0.273742,0.254852,-3.830214,0.001038,0.001812,-0.276179,-0.644581,1.047414,-2.979290,0.000937,0.001844,-0.278540
89.7500,-0.273806,0.254870,-3.830217,0.001043,0.001809,-0.263644,-0.650772,1.046025,-2.979095,0.000986,0.001836,-0.263747
89.8020,-0.273870,0.254887,-3.830221,0.001048,0.001805,-0.251109,-0.654981,1.045305,-2.979301,0.000920,0.001766,-0.253628
89.8500,-0.273934,0.254903,-3.830224,0.001054,0.001801,-0.238575,-0.661150,1.043771,-2.979107,0.001194,0.001698,-0.238692
89.9000,-0.273997,0.254917,-3.830228,0.001058,0.001798,-0.226041,-0.665338,1.042945,-2.979314,0.001058,0.001759,-0.228477
89.9500,-0.274060,0.254931,-3.830231,0.001063,0.001794,-0.213508,-0.671461,1.041190,-2.979119,0.000911,0.001787,-0.213596
90.0000,-0.274122,0.254944,-3.830234,0.001068,0.001791,-0.200975,-0.675627,1.040259,-2.979326,0.001182,0.001705,-0.203196
90.0500,-0.274184,0.254956,-3.830237,0.001073,0.001787,-0.188442,-0.681704,1.038352,-2.979131,0.001112,0.001741,-0.188426
90.1000,-0.274245,0.254967,-3.830241,0.001078,0.001783,-0.175909,-0.685844,1.037315,-2.979338,0.000957,0.001880,-0.178375
90.1500,-0.274306,0.254977,-3.830244,0.001083,0.001780,-0.163377,-0.691884,1.035276,-2.979142,0.001100,0.001790,-0.163441
90.2000,-0.274364,0.254994,-3.830244,0.001095,0.001783,-0.151244,-0.695993,1.034138,-2.979348,0.000951,0.001736,-0.153600
90.2500,-0.274419,0.255072,-3.830260,0.001154,0.001790,-0.141950,-0.701951,1.032008,-2.979152,0.000986,0.001782,-0.141978
90.3000,-0.274474,0.255198,-3.830279,0.001232,0.001785,-0.135430,-0.706034,1.030877,-2.979374,0.001086,0.001889,-0.136564
90.3500,-0.274530,0.255309,-3.830285,0.001277,0.001757,-0.130175,-0.711939,1.028801,-2.979173,0.001128,0.001827,-0.130193
90.4000,-0.274587,0.255400,-3.830279,0.001287,0.001723,-0.125930,-0.716006,1.027611,-2.979376,0.001186,0.001728,-0.126853
90.4520,-0.274641,0.255478,-3.830268,0.001280,0.001693,-0.122716,-0.721767,1.025330,-2.979170,0.001385,0.001702,-0.122531
90.5000,-0.274695,0.255546,-3.830254,0.001262,0.001664,-0.120355,-0.725822,1.024093,-2.979365,0.001394,0.001553,-0.120836
90.5500,-0.274749,0.255602,-3.830241,0.001233,0.001635,-0.118607,-0.731585,1.021599,-2.979176,0.001321,0.001648,-0.118496
90.6000,-0.274805,0.255646,-3.830229,0.001194,0.001606,-0.117322,-0.735637,1.020329,-2.979373,0.001217,0.001695,-0.117637
90.6500,-0.274862,0.255680,-3.830218,0.001149,0.001577,-0.116416,-0.741466,1.017742,-2.979207,0.001246,0.001502,-0.116504
90.7000,-0.274920,0.255707,-3.830210,0.001100,0.001549,-0.115817,-0.745516,1.016452,-2.979409,0.000826,0.001752,-0.115827
90.7500,-0.274980,0.255728,-3.830203,0.001049,0.001521,-0.115454,-0.751532,1.013878,-2.979265,0.001071,0.001562,-0.115455
90.8000,-0.275040,0.255745,-3.830198,0.000997,0.001494,-0.115274,-0.755578,1.012579,-2.979472,0.001100,0.001510,-0.115264
90.8520,-0.275100,0.255758,-3.830194,0.000945,0.001468,-0.115238,-0.761754,1.009982,-2.979346,0.000991,0.001361,-0.115277
90.9000,-0.275161,0.255768,-3.830191,0.000893,0.001442,-0.115315,-0.765800,1.008676,-2.979560,0.000880,0.001531,-0.115264
90.9500,-0.275222,0.255775,-3.830190,0.000843,0.001418,-0.115480,-0.772201,1.006059,-2.979446,0.001030,0.001487,-0.115507
91.0000,-0.275282,0.255781,-3.830189,0.000794,0.001394,-0.115714,-0.776244,1.004748,-2.979664,0.000949,0.001493,-0.115605
91.0500,-0.275343,0.255786,-3.830189,0.000746,0.001370,-0.116000,-0.782913,1.002174,-2.979557,0.000686,0.001569,-0.115904
91.1000,-0.275403,0.255789,-3.830190,0.000701,0.001348,-0.116328,-0.786954,1.000862,-2.979780,0.000814,0.001215,-0.116271
91.1520,-0.275462,0.255792,-3.830191,0.000657,0.001326,-0.116686,-0.793944,0.998326,-2.979676,0.000687,0.001167,-0.116622
91.2000,-0.275521,0.255794,-3.830193,0.000616,0.001306,-0.117068,-0.797985,0.997013,-2.979904,0.000698,0.001323,-0.116888
91.2500,-0.275579,0.255795,-3.830195,0.000577,0.001285,-0.117467,-0.805264,0.994477,-2.979799,0.000687,0.001289,-0.117465
91.3000,-0.275637,0.255796,-3.830197,0.000540,0.001266,-0.117879,-0.809303,0.993162,-2.980029,0.000360,0.001236,-0.117677
91.3500,-0.275695,0.255797,-3.830199,0.000505,0.001248,-0.118300,-0.816911,0.990823,-2.979919,0.000431,0.001300,-0.118131
91.4000,-0.275751,0.255797,-3.830202,0.000472,0.001230,-0.118727,-0.820944,0.989511,-2.980152,0.000460,0.001278,-0.118648
91.4500,-0.275808,0.255797,-3.830205,0.000441,0.001213,-0.119157,-0.828802,0.987341,-2.980037,0.000345,0.001237,-0.119348
91.5000,-0.275863,0.255797,-3.830208,0.000412,0.001196,-0.119590,-0.832829,0.986029,-2.980273,0.000397,0.001106,-0.119500
91.5520,-0.275919,0.255797,-3.830211,0.000385,0.001180,-0.120024,-0.840923,0.983861,-2.980150,0.000314,0.001150,-0.120154
91.6000,-0.275973,0.255796,-3.830214,0.000359,0.001165,-0.120457,-0.844948,0.982546,-2.980388,0.000386,0.001259,-0.120192
91.6500,-0.276028,0.255795,-3.830217,0.000335,0.001151,-0.120889,-0.853192,0.980380,-2.980257,0.000061,0.001083,-0.120851
91.7000,-0.276081,0.255794,-3.830220,0.000312,0.001137,-0.121320,-0.857214,0.979062,-2.980495,0.000346,0.001299,-0.121280
91.7500,-0.276134,0.255794,-3.830223,0.000291,0.001124,-0.121747,-0.865620,0.977042,-2.980355,0.000298,0.001130,-0.121960
91.8000,-0.276187,0.255793,-3.830227,0.000271,0.001111,-0.122172,-0.869635,0.975722,-2.980594,0.000121,0.001000,-0.121947
91.8500,-0.276239,0.255792,-3.830230,0.000253,0.001098,-0.122594,-0.878221,0.973722,-2.980446,0.000100,0.000951,-0.122639
91.9000,-0.276290,0.255791,-3.830233,0.000236,0.001086,-0.123012,-0.882234,0.972400,-2.980685,0.000135,0.000939,-0.122979
91.9500,-0.276341,0.255790,-3.830236,0.000220,0.001075,-0.123427,-0.890890,0.970345,-2.980529,0.000225,0.001144,-0.123526
92.0000,-0.276391,0.255789,-3.830240,0.000206,0.001064,-0.123838,-0.894901,0.969019,-2.980767,0.000312,0.001137,-0.123678
92.0500,-0.276441,0.255788,-3.830243,0.000193,0.001053,-0.124246,-0.903438,0.966931,-2.980602,-0.000041,0.001070,-0.124080
92.1000,-0.276491,0.255787,-3.830246,0.000182,0.001043,-0.124650,-0.907446,0.965598,-2.980840,0.000172,0.000992,-0.124659
92.1500,-0.276540,0.255786,-3.830249,0.000171,0.001034,-0.125049,-0.916015,0.963464,-2.980668,0.000313,0.001053,-0.125095
92.2000,-0.276588,0.255785,-3.830252,0.000162,0.001024,-0.125445,-0.920023,0.962128,-2.980905,0.000075,0.001267,-0.125295
92.2500,-0.276636,0.255784,-3.830256,0.000154,0.001015,-0.125837,-0.928478,0.959939,-2.980725,0.000173,0.000921,-0.125862
92.3000,-0.276683,0.255783,-3.830259,0.000146,0.001007,-0.126225,-0.932483,0.958598,-2.980960,0.000321,0.000867,-0.125997
92.3500,-0.276730,0.255782,-3.830262,0.000140,0.000998,-0.126610,-0.940760,0.956313,-2.980775,0.000074,0.001053,-0.126489
92.4000,-0.276776,0.255781,-3.830265,0.000134,0.000991,-0.126990,-0.944764,0.954964,-2.981008,0.000072,0.000967,-0.126730
92.4500,-0.276822,0.255780,-3.830268,0.000130,0.000983,-0.127367,-0.952919,0.952718,-2.980817,0.000127,0.000851,-0.127384
92.5020,-0.276868,0.255779,-3.830271,0.000126,0.000976,-0.127739,-0.956920,0.951368,-2.981049,0.000040,0.001136,-0.127603
92.5500,-0.276913,0.255778,-3.830274,0.000122,0.000969,-0.128108,-0.964901,0.949157,-2.980851,0.000296,0.000951,-0.128051
92.6020,-0.276957,0.255777,-3.830277,0.000119,0.000962,-0.128474,-0.968898,0.947802,-2.981081,0.000174,0.000931,-0.128520
92.6520,-0.277001,0.255776,-3.830280,0.000117,0.000956,-0.128835,-0.976632,0.945569,-2.980881,0.000127,0.000872,-0.128834
92.7000,-0.277045,0.255775,-3.830283,0.000115,0.000950,-0.129193,-0.980625,0.944210,-2.981109,0.000192,0.000952,-0.129157
92.7500,-0.277088,0.255774,-3.830286,0.000114,0.000944,-0.129547,-0.988229,0.941950,-2.980905,-0.000059,0.000809,-0.129517
92.8000,-0.277131,0.255773,-3.830289,0.000112,0.000939,-0.129898,-0.992221,0.940591,-2.981131,0.000122,0.000835,-0.129805
92.8500,-0.277173,0.255772,-3.830292,0.000112,0.000933,-0.130245,-0.999729,0.938338,-2.980925,0.000342,0.000988,-0.130262
92.9000,-0.277215,0.255771,-3.830294,0.000111,0.000928,-0.130588,-1.003719,0.936977,-2.981149,0.000219,0.000997,-0.130516
92.9500,-0.277256,0.255770,-3.830297,0.000111,0.000923,-0.130928,-1.010967,0.934670,-2.980941,0.000190,0.000824,-0.130944
93.0000,-0.277297,0.255769,-3.830300,0.000111,0.000919,-0.131264,-1.014956,0.933307,-2.981162,-0.000032,0.000736,-0.131163
93.0500,-0.277338,0.255768,-3.830303,0.000111,0.000914,-0.131597,-1.022021,0.930928,-2.980954,0.000208,0.001008,-0.131822
93.1000,-0.277378,0.255767,-3.830306,0.000111,0.000910,-0.131927,-1.026010,0.929564,-2.981173,0.000189,0.000846,-0.132042
93.1500,-0.277417,0.255766,-3.830308,0.000111,0.000906,-0.132253,-1.032864,0.927220,-2.980963,0.000136,0.000939,-0.132319
93.2000,-0.277457,0.255765,-3.830311,0.000112,0.000902,-0.132575,-1.036851,0.925856,-2.981181,0.000090,0.000962,-0.132470
93.2500,-0.277496,0.255764,-3.830314,0.000113,0.000898,-0.132895,-1.043585,0.923591,-2.980970,0.000169,0.000964,-0.132930
93.3000,-0.277534,0.255763,-3.830316,0.000113,0.000895,-0.133211,-1.047568,0.922226,-2.981186,0.000003,0.000740,-0.133251
93.3500,-0.277572,0.255762,-3.830319,0.000114,0.000891,-0.133524,-1.054158,0.919936,-2.980976,0.000029,0.000795,-0.133333
93.4000,-0.277610,0.255761,-3.830321,0.000115,0.000888,-0.133834,-1.058141,0.918572,-2.981191,0.000121,0.000772,-0.133827
93.4500,-0.277647,0.255760,-3.830324,0.000116,0.000885,-0.134140,-1.064688,0.916227,-2.980981,0.000031,0.000813,-0.134213
93.5000,-0.277684,0.255759,-3.830327,0.000117,0.000882,-0.134444,-1.068673,0.914868,-2.981194,0.000090,0.000931,-0.134387
93.5500,-0.277721,0.255759,-3.830329,0.000117,0.000880,-0.134744,-1.075156,0.912541,-2.980984,-0.000090,0.000930,-0.134707
93.6000,-0.277757,0.255758,-3.830332,0.000118,0.000877,-0.135041,-1.079140,0.911186,-2.981196,0.000141,0.000912,-0.134907
93.6500,-0.277793,0.255757,-3.830334,0.000119,0.000874,-0.135335,-1.085502,0.908915,-2.980986,0.000100,0.000657,-0.135322
93.7000,-0.277828,0.255756,-3.830337,0.000120,0.000872,-0.135626,-1.089485,0.907561,-2.981197,0.000067,0.000824,-0.135593
93.7500,-0.277863,0.255756,-3.830339,0.000121,0.000870,-0.135914,-1.095713,0.905288,-2.980988,0.000224,0.000837,-0.136092
93.8000,-0.277898,0.255755,-3.830341,0.000122,0.000868,-0.136199,-1.099695,0.903933,-2.981198,0.000168,0.000975,-0.136119
93.8500,-0.277933,0.255754,-3.830344,0.000123,0.000866,-0.136481,-1.105770,0.901670,-2.980990,0.000052,0.001014,-0.136587
93.9000,-0.277967,0.255753,-3.830346,0.000124,0.000864,-0.136761,-1.109750,0.900316,-2.981199,0.000239,0.000889,-0.136661
93.9500,-0.278000,0.255753,-3.830349,0.000125,0.000862,-0.137037,-1.115736,0.898095,-2.980991,0.000270,0.000741,-0.136881
94.0020,-0.278034,0.255752,-3.830351,0.000126,0.000860,-0.137311,-1.119717,0.896740,-2.981200,0.000258,0.001022,-0.137369
94.0500,-0.278067,0.255751,-3.830353,0.000127,0.000859,-0.137582,-1.125580,0.894497,-2.980993,0.000130,0.000647,-0.137784
94.1000,-0.278099,0.255751,-3.830355,0.000127,0.000857,-0.137850,-1.129561,0.893143,-2.981201,-0.000107,0.000907,-0.137806
94.1500,-0.278131,0.255750,-3.830358,0.000128,0.000855,-0.138115,-1.135453,0.890905,-2.980994,0.000027,0.000964,-0.138083
94.2000,-0.278163,0.255750,-3.830360,0.000129,0.000854,-0.138377,-1.139433,0.889555,-2.981201,-0.000004,0.000827,-0.138242
94.2500,-0.278195,0.255749,-3.830362,0.000130,0.000853,-0.138637,-1.145342,0.887321,-2.980996,0.000113,0.000838,-0.138715
94.3000,-0.278226,0.255748,-3.830364,0.000131,0.000852,-0.138894,-1.149323,0.885974,-2.981202,-0.000054,0.000760,-0.139016
94.3500,-0.278257,0.255748,-3.830366,0.000131,0.000850,-0.139149,-1.155226,0.883761,-2.980997,0.000083,0.000843,-0.139132
94.4000,-0.278288,0.255747,-3.830369,0.000132,0.000849,-0.139401,-1.159208,0.882417,-2.981203,0.000240,0.000821,-0.139286
94.4500,-0.278318,0.255747,-3.830371,0.000133,0.000848,-0.139650,-1.165050,0.880265,-2.980999,0.000089,0.000815,-0.139490
94.5000,-0.278349,0.255746,-3.830373,0.000133,0.000847,-0.139897,-1.169029,0.878921,-2.981205,0.000247,0.000773,-0.139739
94.5500,-0.278378,0.255746,-3.830375,0.000134,0.000846,-0.140141,-1.174836,0.876715,-2.981002,0.000359,0.000955,-0.140144
94.6000,-0.278408,0.255746,-3.830377,0.000135,0.000845,-0.140382,-1.178818,0.875372,-2.981207,0.000032,0.000830,-0.140459
94.6500,-0.278437,0.255745,-3.830379,0.000135,0.000844,-0.140622,-1.184594,0.873228,-2.981003,0.000069,0.000807,-0.140802
94.7000,-0.278466,0.255745,-3.830381,0.000136,0.000844,-0.140858,-1.188575,0.871887,-2.981209,0.000119,0.000784,-0.140874
94.7500,-0.278494,0.255744,-3.830383,0.000136,0.000843,-0.141093,-1.194443,0.869734,-2.981006,0.000161,0.000769,-0.141138
94.8000,-0.278522,0.255744,-3.830385,0.000137,0.000842,-0.141325,-1.198426,0.868397,-2.981211,0.000020,0.000838,-0.141246
94.8500,-0.278550,0.255743,-3.830387,0.000137,0.000841,-0.141554,-1.204292,0.866263,-2.981009,0.000159,0.000770,-0.141767
94.9000,-0.278578,0.255743,-3.830389,0.000138,0.000841,-0.141781,-1.208275,0.864928,-2.981213,0.000183,0.000957,-0.141843
94.9500,-0.278606,0.255743,-3.830391,0.000138,0.000840,-0.142006,-1.214196,0.862814,-2.981011,0.000259,0.000865,-0.142231
95.0000,-0.278633,0.255742,-3.830393,0.000139,0.000839,-0.142229,-1.218180,0.861483,-2.981216,0.000130,0.000879,-0.142229
95.0500,-0.278659,0.255742,-3.830395,0.000139,0.000839,-0.142449,-1.224045,0.859409,-2.981014,0.000014,0.000890,-0.142591
95.1000,-0.278686,0.255742,-3.830397,0.000140,0.000838,-0.142667,-1.228027,0.858079,-2.981218,0.000211,0.000853,-0.142615
95.1500,-0.278712,0.255741,-3.830398,0.000140,0.000838,-0.142882,-1.233929,0.856009,-2.981017,0.000128,0.000885,-0.142785
95.2000,-0.278738,0.255741,-3.830400,0.000140,0.000837,-0.143096,-1.237912,0.854681,-2.981222,0.000079,0.000846,-0.142991
95.2500,-0.278764,0.255741,-3.830402,0.000141,0.000837,-0.143307,-1.243832,0.852642,-2.981020,0.000063,0.001068,-0.143277
95.3000,-0.278790,0.255741,-3.830404,0.000141,0.000836,-0.143516,-1.247813,0.851317,-2.981224,0.000328,0.000789,-0.143540
95.3500,-0.278815,0.255740,-3.830406,0.000141,0.000836,-0.143723,-1.253727,0.849350,-2.981023,0.000166,0.000958,-0.143707
95.4000,-0.278840,0.255740,-3.830407,0.000142,0.000835,-0.143928,-1.257706,0.848025,-2.981227,0.000248,0.000917,-0.143979
95.4500,-0.278864,0.255740,-3.830409,0.000142,0.000835,-0.144131,-1.263612,0.846105,-2.981026,-0.000018,0.000769,-0.144080
95.5000,-0.278889,0.255739,-3.830411,0.000142,0.000834,-0.144331,-1.267591,0.844782,-2.981230,-0.000012,0.001019,-0.144428
95.5500,-0.278913,0.255739,-3.830413,0.000142,0.000834,-0.144530,-1.273557,0.842883,-2.981030,0.000119,0.000860,-0.144673
95.6000,-0.278937,0.255739,-3.830414,0.000143,0.000834,-0.144727,-1.277535,0.841564,-2.981233,0.000199,0.000955,-0.144755
95.6500,-0.278961,0.255739,-3.830416,0.000143,0.000833,-0.144921,-1.283447,0.839673,-2.981033,0.000063,0.000857,-0.145115
95.7000,-0.278984,0.255739,-3.830418,0.000143,0.000833,-0.145114,-1.287424,0.838355,-2.981237,0.000312,0.000694,-0.145197
95.7500,-0.279008,0.255738,-3.830419,0.000143,0.000832,-0.145304,-1.293384,0.836435,-2.981037,0.000266,0.000804,-0.145191
95.8000,-0.279031,0.255738,-3.830421,0.000144,0.000832,-0.145493,-1.297361,0.835117,-2.981241,0.000244,0.000753,-0.145529
95.8500,-0.279053,0.255738,-3.830422,0.000144,0.000832,-0.145679,-1.303268,0.833122,-2.981042,0.000187,0.000629,-0.145722
95.9000,-0.279076,0.255738,-3.830424,0.000144,0.000832,-0.145864,-1.307249,0.831805,-2.981246,0.000153,0.000833,-0.145762
95.9500,-0.279098,0.255738,-3.830426,0.000144,0.000831,-0.146047,-1.313151,0.829826,-2.981045,0.000075,0.000785,-0.146032
96.0000,-0.279120,0.255738,-3.830427,0.000144,0.000831,-0.146228,-1.317130,0.828510,-2.981249,0.000161,0.000911,-0.146121
96.0500,-0.279142,0.255737,-3.830429,0.000145,0.000831,-0.146407,-1.323072,0.826552,-2.981048,-0.000072,0.000806,-0.146358
96.1000,-0.279164,0.255737,-3.830430,0.000145,0.000830,-0.146584,-1.327051,0.825239,-2.981252,0.000014,0.000786,-0.146699
96.1520,-0.279185,0.255737,-3.830432,0.000145,0.000830,-0.146760,-1.333091,0.823200,-2.981052,0.000203,0.000853,-0.146708
96.2000,-0.279206,0.255737,-3.830433,0.000145,0.000830,-0.146933,-1.337072,0.821891,-2.981256,0.000305,0.000944,-0.146729
96.2500,-0.279227,0.255737,-3.830435,0.000145,0.000830,-0.147105,-1.343023,0.819868,-2.981056,0.000085,0.000833,-0.147197
96.3000,-0.279248,0.255737,-3.830436,0.000146,0.000829,-0.147275,-1.347004,0.818558,-2.981259,0.000294,0.000684,-0.147301
96.3500,-0.279268,0.255737,-3.830438,0.000146,0.000829,-0.147444,-1.352956,0.816508,-2.981059,0.000181,0.000867,-0.147453
96.4000,-0.279289,0.255737,-3.830439,0.000146,0.000829,-0.147610,-1.356938,0.815198,-2.981263,0.000278,0.000799,-0.147603
96.4500,-0.279309,0.255737,-3.830440,0.000146,0.000829,-0.147775,-1.362918,0.813161,-2.981062,0.000133,0.000725,-0.147822
96.5000,-0.279329,0.255737,-3.830442,0.000146,0.000829,-0.147938,-1.366901,0.811854,-2.981267,0.000039,0.000835,-0.147992
96.5500,-0.279349,0.255736,-3.830443,0.000147,0.000829,-0.148100,-1.372905,0.809797,-2.981066,0.000190,0.000834,-0.148067
96.6000,-0.279368,0.255736,-3.830444,0.000147,0.000828,-0.148260,-1.376888,0.808492,-2.981270,0.000076,0.000708,-0.148219
96.6500,-0.279387,0.255736,-3.830446,0.000147,0.000828,-0.148418,-1.382905,0.806444,-2.981069,0.000361,0.000819,-0.148294
96.7000,-0.279406,0.255736,-3.830447,0.000147,0.000828,-0.148574,-1.386889,0.805139,-2.981273,0.000064,0.000786,-0.148638
96.7500,-0.279425,0.255736,-3.830449,0.000147,0.000828,-0.148729,-1.392831,0.803085,-2.981072,0.000225,0.000734,-0.148713
96.8000,-0.279444,0.255736,-3.830450,0.000148,0.000828,-0.148883,-1.396816,0.801781,-2.981276,0.000209,0.000923,-0.148874
96.8520,-0.279463,0.255736,-3.830451,0.000148,0.000828,-0.149034,-1.402718,0.799809,-2.981074,0.000060,0.000728,-0.148853
96.9000,-0.279481,0.255736,-3.830452,0.000148,0.000827,-0.149185,-1.406701,0.798505,-2.981278,0.000464,0.000796,-0.148973
96.9520,-0.279499,0.255736,-3.830454,0.000148,0.000827,-0.149333,-1.412524,0.796460,-2.981078,0.000188,0.000925,-0.149240
97.0000,-0.279517,0.255736,-3.830455,0.000148,0.000827,-0.149480,-1.416510,0.795152,-2.981282,0.000009,0.000825,-0.149474
97.0500,-0.279535,0.255736,-3.830456,0.000149,0.000827,-0.149626,-1.422361,0.793132,-2.981080,0.000169,0.000752,-0.149613
97.1000,-0.279552,0.255736,-3.830457,0.000149,0.000827,-0.149770,-1.426347,0.791826,-2.981284,0.000152,0.000778,-0.149754
97.1500,-0.279570,0.255736,-3.830459,0.000149,0.000827,-0.149913,-1.432244,0.789831,-2.981083,0.000134,0.000763,-0.150044
97.2000,-0.279587,0.255736,-3.830460,0.000149,0.000827,-0.150054,-1.436230,0.788528,-2.981286,0.000131,0.001013,-0.149935
97.2500,-0.279604,0.255736,-3.830461,0.000149,0.000827,-0.150194,-1.442228,0.786580,-2.981084,0.000184,0.000812,-0.150144
97.3000,-0.279621,0.255736,-3.830462,0.000150,0.000827,-0.150332,-1.446212,0.785281,-2.981288,0.000104,0.000693,-0.150278
97.3500,-0.279638,0.255736,-3.830463,0.000150,0.000827,-0.150469,-1.452213,0.783348,-2.981087,0.000249,0.000994,-0.150486
97.4000,-0.279654,0.255736,-3.830465,0.000150,0.000826,-0.150605,-1.456197,0.782049,-2.981290,0.000020,0.000770,-0.150565
97.4500,-0.279671,0.255736,-3.830466,0.000150,0.000826,-0.150739,-1.462214,0.780152,-2.981089,0.000073,0.000966,-0.150840
97.5020,-0.279687,0.255736,-3.830467,0.000150,0.000826,-0.150871,-1.466196,0.778855,-2.981291,0.000239,0.000989,-0.150908
97.5500,-0.279703,0.255736,-3.830468,0.000150,0.000826,-0.151003,-1.472233,0.776988,-2.981091,0.000359,0.000773,-0.150911
97.6000,-0.279719,0.255736,-3.830469,0.000151,0.000826,-0.151133,-1.476215,0.775691,-2.981295,0.000202,0.000725,-0.150908
97.6500,-0.279735,0.255736,-3.830470,0.000151,0.000826,-0.151261,-1.482176,0.773771,-2.981094,0.000200,0.000845,-0.151424
97.7000,-0.279750,0.255736,-3.830471,0.000151,0.000826,-0.151389,-1.486160,0.772474,-2.981296,0.000063,0.000939,-0.151338
97.7520,-0.279766,0.255736,-3.830472,0.000151,0.000826,-0.151515,-1.492149,0.770638,-2.981095,0.000080,0.000716,-0.151369
97.8000,-0.279781,0.255736,-3.830473,0.000151,0.000826,-0.151639,-1.496130,0.769342,-2.981298,-0.000050,0.000697,-0.151448
97.8500,-0.279796,0.255736,-3.830474,0.000151,0.000826,-0.151763,-1.502201,0.767413,-2.981098,0.000204,0.000970,-0.151671
97.9000,-0.279811,0.255736,-3.830476,0.000152,0.000826,-0.151885,-1.506184,0.766120,-2.981301,0.000175,0.000730,-0.151934
97.9500,-0.279826,0.255736,-3.830477,0.000152,0.000826,-0.152006,-1.512195,0.764194,-2.981100,0.000195,0.000651,-0.151865
98.0000,-0.279840,0.255736,-3.830478,0.000152,0.000826,-0.152126,-1.516179,0.762901,-2.981303,0.000272,0.000807,-0.152234
98.0500,-0.279855,0.255736,-3.830479,0.000152,0.000826,-0.152244,-1.522136,0.760891,-2.981103,0.000135,0.000806,-0.152201
98.1000,-0.279869,0.255736,-3.830480,0.000152,0.000825,-0.152361,-1.526123,0.759598,-2.981306,0.000310,0.000842,-0.152406
98.1500,-0.279883,0.255736,-3.830481,0.000152,0.000825,-0.152477,-1.532028,0.757644,-2.981104,0.000245,0.000839,-0.152508
98.2000,-0.279897,0.255736,-3.830482,0.000153,0.000825,-0.152592,-1.536014,0.756349,-2.981308,0.000216,0.000900,-0.152645
98.2500,-0.279911,0.255736,-3.830483,0.000153,0.000825,-0.152706,-1.541906,0.754397,-2.981106,0.000314,0.000777,-0.152857
98.3000,-0.279925,0.255736,-3.830483,0.000153,0.000825,-0.152818,-1.545894,0.753102,-2.981310,0.000111,0.001005,-0.152741
98.3500,-0.279939,0.255737,-3.830484,0.000153,0.000825,-0.152930,-1.551760,0.751166,-2.981108,0.000029,0.000857,-0.152968
98.4000,-0.279952,0.255737,-3.830485,0.000153,0.000825,-0.153040,-1.555746,0.749872,-2.981311,0.000262,0.000752,-0.153010
98.4500,-0.279965,0.255737,-3.830486,0.000153,0.000825,-0.153149,-1.561723,0.747932,-2.981109,0.000177,0.000841,-0.153093
98.5000,-0.279979,0.255737,-3.830487,0.000154,0.000825,-0.153257,-1.565708,0.746641,-2.981312,0.000064,0.000864,-0.153221
98.5500,-0.279992,0.255737,-3.830488,0.000154,0.000825,-0.153363,-1.571708,0.744749,-2.981111,0.000195,0.000825,-0.153455
98.6000,-0.280005,0.255737,-3.830489,0.000154,0.000825,-0.153469,-1.575692,0.743458,-2.981314,0.000152,0.000658,-0.153492
98.6500,-0.280017,0.255737,-3.830490,0.000154,0.000825,-0.153574,-1.581619,0.741529,-2.981113,0.000229,0.000735,-0.153596
98.7000,-0.280030,0.255737,-3.830491,0.000154,0.000825,-0.153677,-1.585606,0.740237,-2.981316,0.000107,0.001003,-0.153615
98.7500,-0.280043,0.255737,-3.830492,0.000154,0.000825,-0.153780,-1.591589,0.738371,-2.981114,0.000251,0.000871,-0.153916
98.8000,-0.280055,0.255737,-3.830493,0.000154,0.000825,-0.153881,-1.595572,0.737080,-2.981317,0.000337,0.000779,-0.153718
98.8500,-0.280067,0.255737,-3.830493,0.000155,0.000825,-0.153982,-1.601528,0.735198,-2.981116,0.000022,0.000743,-0.153986
98.9000,-0.280079,0.255737,-3.830494,0.000155,0.000825,-0.154081,-1.605512,0.733908,-2.981319,0.000031,0.000746,-0.153976
98.9500,-0.280091,0.255737,-3.830495,0.000155,0.000825,-0.154179,-1.611517,0.731964,-2.981118,0.000146,0.000781,-0.154108
99.0000,-0.280103,0.255737,-3.830496,0.000155,0.000825,-0.154277,-1.615503,0.730676,-2.981321,0.000411,0.000734,-0.154336
99.0500,-0.280115,0.255737,-3.830497,0.000155,0.000825,-0.154373,-1.621502,0.728756,-2.981119,0.000326,0.000855,-0.154507
99.1000,-0.280127,0.255738,-3.830498,0.000155,0.000825,-0.154468,-1.625487,0.727468,-2.981322,0.000259,0.000872,-0.154446
99.1500,-0.280138,0.255738,-3.830498,0.000155,0.000825,-0.154563,-1.631456,0.725565,-2.981121,0.000142,0.000867,-0.154577
99.2000,-0.280150,0.255738,-3.830499,0.000155,0.000825,-0.154656,-1.635440,0.724277,-2.981323,0.000061,0.000742,-0.154621
99.2500,-0.280161,0.255738,-3.830500,0.000156,0.000825,-0.154748,-1.641413,0.722380,-2.981122,0.000095,0.000938,-0.154785
99.3000,-0.280172,0.255738,-3.830501,0.000156,0.000825,-0.154840,-1.645396,0.721092,-2.981324,0.000264,0.000535,-0.154906
99.3500,-0.280183,0.255738,-3.830501,0.000156,0.000825,-0.154930,-1.651336,0.719145,-2.981124,0.000150,0.000813,-0.154973
99.4000,-0.280194,0.255738,-3.830502,0.000156,0.000825,-0.155020,-1.655322,0.717857,-2.981327,0.000228,0.000765,-0.154916
99.4500,-0.280205,0.255738,-3.830503,0.000156,0.000825,-0.155109,-1.661304,0.715902,-2.981125,0.000169,0.000865,-0.155053
99.5020,-0.280216,0.255738,-3.830504,0.000156,0.000825,-0.155196,-1.665290,0.714616,-2.981328,0.000234,0.000598,-0.155067
99.5500,-0.280227,0.255738,-3.830504,0.000156,0.000825,-0.155283,-1.671255,0.712617,-2.981127,0.000225,0.000799,-0.155295
99.6000,-0.280237,0.255738,-3.830505,0.000156,0.000825,-0.155369,-1.675243,0.711331,-2.981330,0.000171,0.000799,-0.155353
99.6500,-0.280248,0.255739,-3.830506,0.000157,0.000825,-0.155454,-1.681227,0.709312,-2.981128,0.000280,0.000836,-0.155634
99.7020,-0.280258,0.255739,-3.830507,0.000157,0.000825,-0.155539,-1.685217,0.708028,-2.981332,0.000127,0.000626,-0.155525
99.7500,-0.280268,0.255739,-3.830507,0.000157,0.000825,-0.155622,-1.691177,0.705995,-2.981130,0.000235,0.000653,-0.155515
99.8000,-0.280278,0.255739,-3.830508,0.000157,0.000825,-0.155704,-1.695168,0.704710,-2.981333,0.000213,0.000836,-0.155636
99.8500,-0.280288,0.255739,-3.830509,0.000157,0.000825,-0.155786,-1.701089,0.702690,-2.981131,0.000151,0.000889,-0.155818
99.9000,-0.280298,0.255739,-3.830509,0.000157,0.000825,-0.155867,-1.705080,0.701405,-2.981334,0.000255,0.001044,-0.155701
99.9500,-0.280308,0.255739,-3.830510,0.000157,0.000825,-0.155947,-1.711020,0.699437,-2.981132,0.000248,0.000794,-0.156055
100.0000,-0.280318,0.255739,-3.830511,0.000157,0.000825,-0.156026,-1.715010,0.698152,-2.981335,0.000286,0.000744,-0.156072
100.0500,-0.280327,0.255739,-3.830511,0.000157,0.000825,-0.156104,-1.720911,0.696185,-2.981134,-0.000001,0.000707,-0.156147
100.1000,-0.280337,0.255739,-3.830512,0.000158,0.000825,-0.156182,-1.724903,0.694901,-2.981337,0.000199,0.000855,-0.155997
100.1500,-0.280346,0.255739,-3.830513,0.000158,0.000825,-0.156258,-1.730829,0.692871,-2.981135,0.000008,0.000540,-0.156208
100.2000,-0.280355,0.255740,-3.830513,0.000158,0.000825,-0.156334,-1.734825,0.691587,-2.981338,0.000115,0.000817,-0.156362
100.2500,-0.280365,0.255740,-3.830514,0.000158,0.000825,-0.156410,-1.740792,0.689501,-2.981136,0.000252,0.000853,-0.156499
100.3000,-0.280374,0.255740,-3.830515,0.000158,0.000825,-0.156484,-1.744789,0.688219,-2.981340,0.000269,0.000855,-0.156486
100.3500,-0.280383,0.255740,-3.830515,0.000158,0.000825,-0.156558,-1.750700,0.686125,-2.981138,0.000145,0.000954,-0.156486
100.4000,-0.280392,0.255740,-3.830516,0.000158,0.000825,-0.156630,-1.754698,0.684841,-2.981340,-0.000017,0.000786,-0.156446
100.4500,-0.280401,0.255740,-3.830516,0.000158,0.000825,-0.156702,-1.760674,0.682810,-2.981138,0.000125,0.000861,-0.156583
100.5000,-0.280409,0.255740,-3.830517,0.000158,0.000825,-0.156774,-1.764672,0.681527,-2.981341,0.000112,0.000956,-0.156774
100.5500,-0.280418,0.255740,-3.830518,0.000158,0.000825,-0.156844,-1.770671,0.679606,-2.981139,0.000133,0.000869,-0.156927
100.6000,-0.280427,0.255740,-3.830518,0.000158,0.000825,-0.156914,-1.774667,0.678324,-2.981341,0.000046,0.000867,-0.156955
100.6500,-0.280435,0.255740,-3.830519,0.000159,0.000825,-0.156984,-1.780709,0.676428,-2.981139,0.000189,0.000638,-0.157124
100.7020,-0.280443,0.255741,-3.830519,0.000159,0.000825,-0.157052,-1.784706,0.675148,-2.981342,0.000031,0.000851,-0.157107
100.7500,-0.280452,0.255741,-3.830520,0.000159,0.000824,-0.157120,-1.790750,0.673269,-2.981140,0.000206,0.000676,-0.157206
100.8000,-0.280460,0.255741,-3.830521,0.000159,0.000824,-0.157187,-1.794747,0.671990,-2.981343,0.000152,0.000886,-0.157197
100.8500,-0.280468,0.255741,-3.830521,0.000159,0.000824,-0.157253,-1.800843,0.670091,-2.981141,-0.000008,0.000841,-0.157164
100.9000,-0.280476,0.255741,-3.830522,0.000159,0.000824,-0.157319,-1.804839,0.668814,-2.981343,0.000106,0.000812,-0.157183
100.9500,-0.280484,0.255741,-3.830522,0.000159,0.000824,-0.157384,-1.811012,0.667052,-2.981141,0.000034,0.000917,-0.157234
101.0080,-0.280492,0.255741,-3.830523,0.000159,0.000824,-0.157448,-1.815004,0.665775,-2.981344,0.000081,0.000583,-0.157384
101.0520,-0.280500,0.255741,-3.830523,0.000159,0.000824,-0.157512,-1.821139,0.663919,-2.981143,0.000238,0.000866,-0.157526
101.1000,-0.280508,0.255741,-3.830524,0.000159,0.000824,-0.157575,-1.825134,0.662643,-2.981346,0.000181,0.000833,-0.157429
101.1500,-0.280515,0.255741,-3.830524,0.000159,0.000824,-0.157637,-1.831218,0.660798,-2.981144,0.000202,0.000792,-0.157704
101.2000,-0.280523,0.255742,-3.830525,0.000160,0.000824,-0.157699,-1.835214,0.659521,-2.981347,0.000308,0.000743,-0.157753
101.2500,-0.280530,0.255742,-3.830525,0.000160,0.000824,-0.157760,-1.841266,0.657585,-2.981146,0.000090,0.001064,-0.157620
101.3000,-0.280538,0.255742,-3.830526,0.000160,0.000824,-0.157821,-1.845263,0.656310,-2.981348,0.000110,0.000734,-0.157950
101.3500,-0.280545,0.255742,-3.830526,0.000160,0.000824,-0.157881,-1.851335,0.654451,-2.981146,0.000335,0.000829,-0.157906
101.4000,-0.280552,0.255742,-3.830527,0.000160,0.000824,-0.157940,-1.855332,0.653175,-2.981349,0.000213,0.000803,-0.157873
101.4500,-0.280560,0.255742,-3.830527,0.000160,0.000824,-0.157999,-1.861310,0.651333,-2.981147,0.000149,0.000668,-0.158084
101.5000,-0.280567,0.255742,-3.830528,0.000160,0.000824,-0.158057,-1.865309,0.650057,-2.981350,0.000263,0.000795,-0.158059
101.5500,-0.280574,0.255742,-3.830528,0.000160,0.000824,-0.158114,-1.871277,0.648279,-2.981148,0.000180,0.000824,-0.157988
101.6000,-0.280581,0.255742,-3.830529,0.000160,0.000824,-0.158171,-1.875273,0.647001,-2.981351,0.000240,0.000846,-0.158261
101.6500,-0.280588,0.255743,-3.830529,0.000160,0.000824,-0.158227,-1.881255,0.645180,-2.981149,0.000286,0.000801,-0.158078
101.7000,-0.280594,0.255743,-3.830530,0.000160,0.000824,-0.158283,-1.885252,0.643903,-2.981352,0.000164,0.000829,-0.158246
101.7500,-0.280601,0.255743,-3.830530,0.000160,0.000824,-0.158338,-1.891150,0.642095,-2.981150,0.000262,0.000954,-0.158365
101.8020,-0.280608,0.255743,-3.830531,0.000160,0.000824,-0.158392,-1.895146,0.640815,-2.981353,-0.000041,0.000825,-0.158335
101.8500,-0.280615,0.255743,-3.830531,0.000161,0.000824,-0.158446,-1.901108,0.639016,-2.981151,0.000289,0.000638,-0.158410
101.9020,-0.280621,0.255743,-3.830532,0.000161,0.000824,-0.158500,-1.905105,0.637738,-2.981354,0.000136,0.000938,-0.158350
101.9500,-0.280628,0.255743,-3.830532,0.000161,0.000824,-0.158553,-1.911045,0.635915,-2.981152,0.000252,0.000905,-0.158532
102.0000,-0.280634,0.255743,-3.830532,0.000161,0.000824,-0.158605,-1.915042,0.634637,-2.981355,0.000049,0.000730,-0.158601
102.0500,-0.280640,0.255743,-3.830533,0.000161,0.000824,-0.158657,-1.920969,0.632794,-2.981153,0.000148,0.000824,-0.158490
102.1000,-0.280647,0.255743,-3.830533,0.000161,0.000824,-0.158708,-1.924966,0.631516,-2.981356,0.000206,0.000854,-0.158874
102.1500,-0.280653,0.255744,-3.830534,0.000161,0.000824,-0.158759,-1.930842,0.629597,-2.981154,0.000097,0.000848,-0.158779
102.2000,-0.280659,0.255744,-3.830534,0.000161,0.000824,-0.158809,-1.934842,0.628319,-2.981357,0.000006,0.000814,-0.158877
102.2500,-0.280665,0.255744,-3.830535,0.000161,0.000824,-0.158859,-1.940836,0.626360,-2.981155,0.000144,0.000899,-0.158655
102.3000,-0.280671,0.255744,-3.830535,0.000161,0.000824,-0.158908,-1.944835,0.625086,-2.981357,0.000113,0.000658,-0.159048
102.3500,-0.280677,0.255744,-3.830535,0.000161,0.000824,-0.158957,-1.950856,0.623090,-2.981155,0.000135,0.000718,-0.158945
102.4000,-0.280683,0.255744,-3.830536,0.000161,0.000824,-0.159005,-1.954856,0.621817,-2.981358,0.000229,0.000768,-0.158915
102.4500,-0.280689,0.255744,-3.830536,0.000161,0.000824,-0.159053,-1.960857,0.619777,-2.981156,0.000139,0.000810,-0.158896
102.5000,-0.280695,0.255744,-3.830537,0.000161,0.000824,-0.159100,-1.964860,0.618504,-2.981359,-0.000090,0.000772,-0.159131
102.5500,-0.280701,0.255744,-3.830537,0.000161,0.000824,-0.159146,-1.970875,0.616396,-2.981157,0.000152,0.000779,-0.159243
102.6000,-0.280706,0.255744,-3.830537,0.000162,0.000824,-0.159193,-1.974880,0.615126,-2.981360,0.000212,0.000985,-0.159194
102.6500,-0.280712,0.255745,-3.830538,0.000162,0.000825,-0.159238,-1.980869,0.613103,-2.981158,0.000019,0.000746,-0.159067
102.7000,-0.280718,0.255745,-3.830538,0.000162,0.000825,-0.159284,-1.984873,0.611832,-2.981360,0.000160,0.000621,-0.159297
102.7520,-0.280723,0.255745,-3.830538,0.000162,0.000825,-0.159328,-1.990928,0.609789,-2.981158,0.000463,0.000884,-0.159370
102.8000,-0.280728,0.255745,-3.830539,0.000162,0.000825,-0.159373,-1.994932,0.608518,-2.981361,0.000343,0.000744,-0.159408
102.8500,-0.280734,0.255745,-3.830539,0.000162,0.000825,-0.159417,-2.000863,0.606623,-2.981159,0.000155,0.000786,-0.159171
102.9000,-0.280739,0.255745,-3.830540,0.000162,0.000825,-0.159460,-2.004867,0.605348,-2.981361,0.000072,0.000842,-0.159556
102.9500,-0.280745,0.255745,-3.830540,0.000162,0.000825,-0.159503,-2.010874,0.603469,-2.981159,0.000154,0.000833,-0.159576
103.0020,-0.280750,0.255745,-3.830540,0.000162,0.000825,-0.159546,-2.014876,0.602197,-2.981362,0.000081,0.000849,-0.159355
103.0500,-0.280755,0.255745,-3.830541,0.000162,0.000825,-0.159588,-2.020910,0.600226,-2.981160,0.000094,0.001061,-0.159383
103.1020,-0.280760,0.255745,-3.830541,0.000162,0.000825,-0.159630,-2.024913,0.598956,-2.981362,0.000166,0.000957,-0.159544
103.1500,-0.280765,0.255746,-3.830541,0.000162,0.000825,-0.159671,-2.031017,0.597075,-2.981160,0.000172,0.000611,-0.159753
103.2000,-0.280770,0.255746,-3.830542,0.000162,0.000825,-0.159712,-2.035020,0.595806,-2.981363,0.000416,0.000834,-0.159746
103.2500,-0.280775,0.255746,-3.830542,0.000162,0.000825,-0.159752,-2.041011,0.593885,-2.981161,0.000242,0.000863,-0.159597
103.3000,-0.280780,0.255746,-3.830542,0.000162,0.000825,-0.159792,-2.045016,0.592614,-2.981364,0.000066,0.000791,-0.159691
103.3520,-0.280785,0.255746,-3.830543,0.000162,0.000825,-0.159832,-2.051057,0.590741,-2.981161,0.000197,0.000774,-0.159948
103.4000,-0.280790,0.255746,-3.830543,0.000162,0.000825,-0.159871,-2.055061,0.589471,-2.981364,0.000302,0.000908,-0.159761
103.4500,-0.280795,0.255746,-3.830543,0.000162,0.000825,-0.159910,-2.061068,0.587663,-2.981162,0.000207,0.000873,-0.159886
103.5000,-0.280799,0.255746,-3.830544,0.000163,0.000825,-0.159948,-2.065071,0.586392,-2.981365,0.000084,0.000641,-0.160069
103.5500,-0.280804,0.255746,-3.830544,0.000163,0.000825,-0.159986,-2.071058,0.584494,-2.981163,0.000144,0.000988,-0.160025
103.6000,-0.280809,0.255746,-3.830544,0.000163,0.000825,-0.160024,-2.075062,0.583225,-2.981365,0.000103,0.000811,-0.159975
103.6500,-0.280813,0.255746,-3.830545,0.000163,0.000825,-0.160061,-2.081084,0.581395,-2.981163,-0.000019,0.000944,-0.159980
103.7000,-0.280818,0.255747,-3.830545,0.000163,0.000825,-0.160098,-2.085087,0.580126,-2.981365,0.000156,0.000858,-0.159960
103.7500,-0.280822,0.255747,-3.830545,0.000163,0.000825,-0.160134,-2.091191,0.578272,-2.981163,0.000377,0.000548,-0.160075
103.8000,-0.280827,0.255747,-3.830546,0.000163,0.000825,-0.160170,-2.095196,0.577005,-2.981367,0.000202,0.000846,-0.160294
103.8500,-0.280831,0.255747,-3.830546,0.000163,0.000825,-0.160206,-2.101183,0.575092,-2.981165,0.000139,0.000823,-0.160357
103.9000,-0.280835,0.255747,-3.830546,0.000163,0.000825,-0.160241,-2.105190,0.573824,-2.981367,0.000064,0.000728,-0.160205
103.9500,-0.280840,0.255747,-3.830546,0.000163,0.000825,-0.160276,-2.111213,0.571875,-2.981165,0.000141,0.000875,-0.160391
104.0000,-0.280844,0.255747,-3.830547,0.000163,0.000825,-0.160311,-2.115220,0.570608,-2.981368,0.000181,0.001069,-0.160204
104.0500,-0.280848,0.255747,-3.830547,0.000163,0.000825,-0.160345,-2.121173,0.568725,-2.981166,0.000102,0.000772,-0.160292
104.1000,-0.280852,0.255747,-3.830547,0.000163,0.000825,-0.160379,-2.125180,0.567456,-2.981368,0.000256,0.000837,-0.160586
104.1500,-0.280856,0.255747,-3.830548,0.000163,0.000825,-0.160412,-2.131113,0.565603,-2.981166,0.000008,0.000712,-0.160585
104.2000,-0.280861,0.255747,-3.830548,0.000163,0.000825,-0.160446,-2.135122,0.564335,-2.981369,0.000099,0.000972,-0.160368
104.2500,-0.280865,0.255748,-3.830548,0.000163,0.000825,-0.160478,-2.141101,0.562437,-2.981167,0.000196,0.000769,-0.160633
104.3000,-0.280869,0.255748,-3.830548,0.000163,0.000825,-0.160511,-2.145110,0.561169,-2.981370,0.000115,0.000691,-0.160594
104.3500,-0.280873,0.255748,-3.830549,0.000163,0.000825,-0.160543,-2.151054,0.559219,-2.981168,0.000120,0.000794,-0.160634
104.4000,-0.280876,0.255748,-3.830549,0.000163,0.000825,-0.160575,-2.155064,0.557952,-2.981370,0.000178,0.001112,-0.160425
104.4500,-0.280880,0.255748,-3.830549,0.000163,0.000825,-0.160607,-2.161104,0.556101,-2.981167,0.000332,0.000683,-0.160601
104.5000,-0.280884,0.255748,-3.830549,0.000163,0.000825,-0.160638,-2.165113,0.554834,-2.981370,0.000085,0.000857,-0.160770
104.5500,-0.280888,0.255748,-3.830550,0.000163,0.000825,-0.160669,-2.171175,0.552955,-2.981168,0.000154,0.000811,-0.160917
104.6000,-0.280892,0.255748,-3.830550,0.000163,0.000825,-0.160699,-2.175183,0.551690,-2.981370,0.000154,0.000785,-0.160897
104.6500,-0.280896,0.255748,-3.830550,0.000164,0.000825,-0.160729,-2.181224,0.549808,-2.981168,0.000234,0.000877,-0.160683
104.7000,-0.280899,0.255748,-3.830550,0.000164,0.000825,-0.160759,-2.185232,0.548541,-2.981371,0.000108,0.000990,-0.160654
104.7500,-0.280903,0.255748,-3.830551,0.000164,0.000825,-0.160789,-2.191294,0.546807,-2.981168,0.000104,0.000928,-0.160645
104.8000,-0.280906,0.255748,-3.830551,0.000164,0.000825,-0.160818,-2.195298,0.545539,-2.981371,0.000113,0.000880,-0.160870
104.8500,-0.280910,0.255749,-3.830551,0.000164,0.000825,-0.160847,-2.201335,0.543749,-2.981169,0.000132,0.000717,-0.160712
104.9000,-0.280914,0.255749,-3.830551,0.000164,0.000825,-0.160876,-2.205341,0.542481,-2.981372,0.000174,0.000627,-0.160762
104.9520,-0.280917,0.255749,-3.830552,0.000164,0.000825,-0.160905,-2.211360,0.540598,-2.981170,0.000098,0.000804,-0.160873
105.0000,-0.280921,0.255749,-3.830552,0.000164,0.000825,-0.160933,-2.215368,0.539332,-2.981372,0.000184,0.000736,-0.160814
105.0500,-0.280924,0.255749,-3.830552,0.000164,0.000825,-0.160961,-2.221417,0.537459,-2.981170,0.000109,0.000933,-0.160988
105.1000,-0.280927,0.255749,-3.830552,0.000164,0.000825,-0.160988,-2.225424,0.536194,-2.981372,0.000281,0.000762,-0.161004
105.1500,-0.280931,0.255749,-3.830553,0.000164,0.000825,-0.161015,-2.231415,0.534410,-2.981170,0.000046,0.000884,-0.161166
105.2000,-0.280934,0.255749,-3.830553,0.000164,0.000825,-0.161042,-2.235421,0.533142,-2.981373,0.000185,0.000774,-0.160966
105.2500,-0.280937,0.255749,-3.830553,0.000164,0.000825,-0.161069,-2.241421,0.531350,-2.981171,0.000283,0.000616,-0.161044
105.3000,-0.280941,0.255749,-3.830553,0.000164,0.000825,-0.161096,-2.245429,0.530080,-2.981374,0.000401,0.000753,-0.161220
105.3500,-0.280944,0.255749,-3.830553,0.000164,0.000825,-0.161122,-2.251318,0.528293,-2.981172,-0.000020,0.000829,-0.161218
105.4000,-0.280947,0.255749,-3.830554,0.000164,0.000825,-0.161148,-2.255327,0.527023,-2.981374,0.000061,0.000866,-0.161251
105.4500,-0.280950,0.255749,-3.830554,0.000164,0.000825,-0.161173,-2.261305,0.525095,-2.981172,0.000141,0.000891,-0.161288
105.5000,-0.280953,0.255750,-3.830554,0.000164,0.000825,-0.161199,-2.265315,0.523828,-2.981375,0.000268,0.000817,-0.161074
105.5500,-0.280957,0.255750,-3.830554,0.000164,0.000825,-0.161224,-2.271293,0.521860,-2.981173,0.000197,0.000906,-0.161278
105.6020,-0.280960,0.255750,-3.830554,0.000164,0.000825,-0.161249,-2.275303,0.520593,-2.981375,0.000163,0.000713,-0.161228
105.6500,-0.280963,0.255750,-3.830555,0.000164,0.000825,-0.161273,-2.281352,0.518610,-2.981173,0.000213,0.000856,-0.161431
105.7000,-0.280966,0.255750,-3.830555,0.000164,0.000825,-0.161298,-2.285362,0.517344,-2.981375,0.000126,0.000665,-0.161323
105.7500,-0.280969,0.255750,-3.830555,0.000164,0.000825,-0.161322,-2.291427,0.515363,-2.981173,0.000112,0.000817,-0.161355
105.8000,-0.280972,0.255750,-3.830555,0.000164,0.000825,-0.161346,-2.295436,0.514098,-2.981375,0.000243,0.000907,-0.161424
105.8500,-0.280974,0.255750,-3.830555,0.000164,0.000825,-0.161369,-2.301472,0.512233,-2.981173,0.000083,0.000869,-0.161545
105.9000,-0.280977,0.255750,-3.830556,0.000164,0.000825,-0.161392,-2.305480,0.510966,-2.981375,0.000250,0.000795,-0.161349
105.9500,-0.280980,0.255750,-3.830556,0.000164,0.000825,-0.161416,-2.311532,0.509092,-2.981173,0.000303,0.000760,-0.161445
106.0000,-0.280983,0.255750,-3.830556,0.000164,0.000825,-0.161438,-2.315540,0.507825,-2.981376,0.000216,0.000742,-0.161349
106.0500,-0.280986,0.255750,-3.830556,0.000164,0.000825,-0.161461,-2.321501,0.506028,-2.981174,0.000134,0.000794,-0.161319
106.1020,-0.280989,0.255750,-3.830556,0.000165,0.000825,-0.161484,-2.325508,0.504757,-2.981377,0.000238,0.000851,-0.161472
106.1520,-0.280991,0.255750,-3.830557,0.000165,0.000825,-0.161506,-2.331478,0.503006,-2.981174,0.000144,0.000826,-0.161452
106.2000,-0.280994,0.255751,-3.830557,0.000165,0.000825,-0.161528,-2.335485,0.501734,-2.981376,0.000284,0.000783,-0.161605
106.2500,-0.280997,0.255751,-3.830557,0.000165,0.000825,-0.161549,-2.341473,0.500038,-2.981174,0.000141,0.000798,-0.161464
106.3000,-0.280999,0.255751,-3.830557,0.000165,0.000825,-0.161571,-2.345478,0.498764,-2.981377,0.000214,0.000949,-0.161475
106.3500,-0.281002,0.255751,-3.830557,0.000165,0.000825,-0.161592,-2.351537,0.497039,-2.981174,0.000203,0.000677,-0.161587
106.4000,-0.281005,0.255751,-3.830557,0.000165,0.000825,-0.161613,-2.355542,0.495766,-2.981377,0.000162,0.000783,-0.161651
106.4500,-0.281007,0.255751,-3.830558,0.000165,0.000825,-0.161634,-2.361513,0.493922,-2.981175,0.000155,0.000979,-0.161707
106.5000,-0.281010,0.255751,-3.830558,0.000165,0.000825,-0.161655,-2.365519,0.492650,-2.981377,0.000238,0.000987,-0.161614
106.5500,-0.281012,0.255751,-3.830558,0.000165,0.000825,-0.161675,-2.371595,0.490714,-2.981175,0.000288,0.000925,-0.161570
106.6000,-0.281015,0.255751,-3.830558,0.000165,0.000825,-0.161695,-2.375600,0.489443,-2.981377,0.000014,0.000833,-0.161659
106.6500,-0.281017,0.255751,-3.830558,0.000165,0.000825,-0.161715,-2.381755,0.487520,-2.981175,0.000233,0.000938,-0.161625
106.7000,-0.281020,0.255751,-3.830558,0.000165,0.000825,-0.161735,-2.385758,0.486250,-2.981377,0.000206,0.000739,-0.161710
106.7520,-0.281022,0.255751,-3.830559,0.000165,0.000825,-0.161755,-2.391879,0.484314,-2.981176,0.000202,0.000803,-0.161784
106.8000,-0.281025,0.255751,-3.830559,0.000165,0.000825,-0.161774,-2.395883,0.483044,-2.981378,-0.000020,0.000893,-0.162000
106.8500,-0.281027,0.255751,-3.830559,0.000165,0.000825,-0.161793,-2.402086,0.481071,-2.981175,0.000161,0.001078,-0.161822
106.9000,-0.281029,0.255751,-3.830559,0.000165,0.000825,-0.161812,-2.406086,0.479803,-2.981378,0.000077,0.000645,-0.161934
106.9500,-0.281032,0.255752,-3.830559,0.000165,0.000825,-0.161831,-2.412238,0.477853,-2.981176,0.000245,0.000818,-0.161753
107.0000,-0.281034,0.255752,-3.830559,0.000165,0.000825,-0.161850,-2.416239,0.476583,-2.981379,0.000180,0.000882,-0.161928
107.0500,-0.281036,0.255752,-3.830560,0.000165,0.000825,-0.161868,-2.422298,0.474642,-2.981177,0.000194,0.000845,-0.161764
107.1000,-0.281038,0.255752,-3.830560,0.000165,0.000825,-0.161886,-2.426300,0.473372,-2.981379,0.000097,0.000737,-0.161977
107.1500,-0.281041,0.255752,-3.830560,0.000165,0.000825,-0.161904,-2.432351,0.471434,-2.981177,0.000237,0.000708,-0.161846
107.2000,-0.281043,0.255752,-3.830560,0.000165,0.000825,-0.161922,-2.436353,0.470164,-2.981380,0.000010,0.000760,-0.161892
107.2500,-0.281045,0.255752,-3.830560,0.000165,0.000825,-0.161940,-2.442344,0.468159,-2.981178,0.000284,0.000799,-0.161940
107.3000,-0.281047,0.255752,-3.830560,0.000165,0.000825,-0.161957,-2.446347,0.466889,-2.981381,0.000248,0.000778,-0.161901
107.3500,-0.281049,0.255752,-3.830560,0.000165,0.000825,-0.161975,-2.452159,0.464929,-2.981179,0.000154,0.000942,-0.161862
107.4000,-0.281051,0.255752,-3.830561,0.000165,0.000825,-0.161992,-2.456163,0.463656,-2.981381,0.000221,0.000812,-0.162107
107.4500,-0.281054,0.255752,-3.830561,0.000165,0.000825,-0.162009,-2.461918,0.461703,-2.981179,0.000038,0.000861,-0.162199
107.5000,-0.281056,0.255752,-3.830561,0.000165,0.000825,-0.162026,-2.465924,0.460430,-2.981382,0.000231,0.000895,-0.162142
107.5500,-0.281058,0.255752,-3.830561,0.000165,0.000825,-0.162042,-2.471760,0.458522,-2.981179,0.000045,0.000813,-0.162038
107.6000,-0.281060,0.255752,-3.830561,0.000165,0.000825,-0.162059,-2.475765,0.457248,-2.981381,0.000041,0.000874,-0.162064
107.6500,-0.281062,0.255752,-3.830561,0.000165,0.000825,-0.162075,-2.481669,0.455258,-2.981179,0.000193,0.000947,-0.162219
107.7000,-0.281064,0.255752,-3.830561,0.000165,0.000825,-0.162091,-2.485673,0.453985,-2.981381,0.000341,0.000942,-0.162245
107.7500,-0.281066,0.255752,-3.830561,0.000165,0.000825,-0.162107,-2.491576,0.452060,-2.981179,0.000147,0.000746,-0.161994
107.8000,-0.281068,0.255753,-3.830562,0.000165,0.000825,-0.162123,-2.495581,0.450786,-2.981382,-0.000029,0.000853,-0.162050
107.8500,-0.281070,0.255753,-3.830562,0.000165,0.000825,-0.162138,-2.501492,0.448784,-2.981180,0.000021,0.000837,-0.162191
107.9000,-0.281072,0.255753,-3.830562,0.000165,0.000825,-0.162154,-2.505497,0.447512,-2.981382,0.000234,0.000768,-0.162204
107.9500,-0.281073,0.255753,-3.830562,0.000165,0.000825,-0.162169,-2.511442,0.445463,-2.981180,0.000216,0.000841,-0.162211
108.0000,-0.281075,0.255753,-3.830562,0.000165,0.000825,-0.162184,-2.515448,0.444191,-2.981382,0.000193,0.000938,-0.162287
108.0500,-0.281077,0.255753,-3.830562,0.000165,0.000825,-0.162199,-2.521440,0.442303,-2.981179,0.000202,0.000707,-0.162319
108.1000,-0.281079,0.255753,-3.830562,0.000165,0.000825,-0.162214,-2.525444,0.441029,-2.981382,-0.000033,0.001080,-0.162198
108.1500,-0.281081,0.255753,-3.830562,0.000165,0.000825,-0.162229,-2.531622,0.439138,-2.981179,0.000220,0.000837,-0.162100
108.2000,-0.281083,0.255753,-3.830563,0.000165,0.000825,-0.162243,-2.535622,0.437866,-2.981381,0.000193,0.000879,-0.162112
108.2500,-0.281084,0.255753,-3.830563,0.000165,0.000825,-0.162258,-2.541774,0.435989,-2.981179,0.000241,0.000824,-0.162168
108.3000,-0.281086,0.255753,-3.830563,0.000166,0.000825,-0.162272,-2.545774,0.434716,-2.981382,0.000201,0.000881,-0.162267
108.3500,-0.281088,0.255753,-3.830563,0.000166,0.000825,-0.162286,-2.551846,0.432817,-2.981180,0.000162,0.000694,-0.162155
108.4000,-0.281090,0.255753,-3.830563,0.000166,0.000825,-0.162300,-2.555848,0.431545,-2.981382,0.000311,0.000679,-0.162219
108.4520,-0.281091,0.255753,-3.830563,0.000166,0.000825,-0.162314,-2.561851,0.429615,-2.981180,0.000170,0.000830,-0.162229
108.5000,-0.281093,0.255753,-3.830563,0.000166,0.000825,-0.162327,-2.565854,0.428342,-2.981382,0.000128,0.000707,-0.162275
108.5500,-0.281095,0.255753,-3.830563,0.000166,0.000825,-0.162341,-2.571880,0.426418,-2.981180,0.000077,0.000653,-0.162392
108.6000,-0.281096,0.255753,-3.830563,0.000166,0.000825,-0.162354,-2.575883,0.425146,-2.981383,0.000130,0.000701,-0.162395
108.6500,-0.281098,0.255753,-3.830564,0.000166,0.000825,-0.162367,-2.581871,0.423118,-2.981181,0.000203,0.000671,-0.162376
108.7000,-0.281100,0.255753,-3.830564,0.000166,0.000825,-0.162380,-2.585877,0.421846,-2.981384,0.000291,0.000825,-0.162185
108.7520,-0.281101,0.255754,-3.830564,0.000166,0.000825,-0.162393,-2.591777,0.419846,-2.981181,0.000130,0.000660,-0.162334
108.8000,-0.281103,0.255754,-3.830564,0.000166,0.000825,-0.162406,-2.595784,0.418574,-2.981384,0.000192,0.000707,-0.162381
108.8520,-0.281104,0.255754,-3.830564,0.000166,0.000825,-0.162419,-2.601622,0.416521,-2.981182,0.000130,0.000864,-0.162571
108.9000,-0.281106,0.255754,-3.830564,0.000166,0.000825,-0.162431,-2.605631,0.415250,-2.981384,0.000089,0.000812,-0.162558
108.9500,-0.281107,0.255754,-3.830564,0.000166,0.000825,-0.162444,-2.611536,0.413171,-2.981182,0.000312,0.000782,-0.162428
109.0000,-0.281109,0.255754,-3.830564,0.000166,0.000825,-0.162456,-2.615544,0.411900,-2.981384,0.000189,0.000761,-0.162392
109.0500,-0.281110,0.255754,-3.830564,0.000166,0.000825,-0.162468,-2.621380,0.409836,-2.981182,0.000243,0.000830,-0.162502
109.1000,-0.281112,0.255754,-3.830565,0.000166,0.000825,-0.162480,-2.625390,0.408564,-2.981385,0.000042,0.000848,-0.162314
109.1500,-0.281113,0.255754,-3.830565,0.000166,0.000825,-0.162492,-2.631322,0.406502,-2.981182,0.000117,0.000813,-0.162398
109.2000,-0.281115,0.255754,-3.830565,0.000166,0.000825,-0.162504,-2.635332,0.405232,-2.981384,0.000191,0.000844,-0.162475
109.2520,-0.281116,0.255754,-3.830565,0.000166,0.000825,-0.162516,-2.641251,0.403276,-2.981182,0.000086,0.000949,-0.162575
109.3000,-0.281118,0.255754,-3.830565,0.000166,0.000825,-0.162527,-2.645260,0.402004,-2.981384,0.000177,0.000649,-0.162528
109.3500,-0.281119,0.255754,-3.830565,0.000166,0.000825,-0.162539,-2.651220,0.399993,-2.981182,0.000183,0.000807,-0.162467
109.4000,-0.281121,0.255754,-3.830565,0.000166,0.000825,-0.162550,-2.655231,0.398723,-2.981385,0.000017,0.000758,-0.162490
109.4500,-0.281122,0.255754,-3.830565,0.000166,0.000825,-0.162561,-2.661124,0.396718,-2.981183,0.000153,0.000857,-0.162633
109.5000,-0.281123,0.255754,-3.830565,0.000166,0.000825,-0.162573,-2.665137,0.395448,-2.981385,0.000190,0.000731,-0.162543
109.5500,-0.281125,0.255754,-3.830565,0.000166,0.000825,-0.162583,-2.671050,0.393432,-2.981183,0.000387,0.000772,-0.162591
109.6000,-0.281126,0.255754,-3.830565,0.000166,0.000825,-0.162594,-2.675065,0.392161,-2.981386,0.000083,0.000762,-0.162732
109.6500,-0.281127,0.255754,-3.830566,0.000166,0.000825,-0.162605,-2.680960,0.390241,-2.981183,0.000063,0.000723,-0.162655
109.7000,-0.281129,0.255754,-3.830566,0.000166,0.000825,-0.162616,-2.684976,0.388970,-2.981385,0.000089,0.000916,-0.162734
109.7500,-0.281130,0.255754,-3.830566,0.000166,0.000825,-0.162626,-2.690994,0.387014,-2.981183,0.000133,0.000845,-0.162572
109.8000,-0.281131,0.255754,-3.830566,0.000166,0.000825,-0.162637,-2.695009,0.385746,-2.981385,0.000228,0.000889,-0.162574
109.8500,-0.281133,0.255755,-3.830566,0.000166,0.000825,-0.162647,-2.701089,0.383821,-2.981182,0.000371,0.000840,-0.162612
109.9000,-0.281134,0.255755,-3.830566,0.000166,0.000825,-0.162657,-2.705103,0.382551,-2.981384,0.000082,0.000862,-0.162848
109.9500,-0.281135,0.255755,-3.830566,0.000166,0.000825,-0.162667,-2.711243,0.380734,-2.981182,0.000023,0.000924,-0.162755
110.0000,-0.281136,0.255755,-3.830566,0.000166,0.000825,-0.162677,-2.715256,0.379465,-2.981384,0.000109,0.000705,-0.162600
110.0500,-0.281138,0.255755,-3.830566,0.000166,0.000825,-0.162687,-2.721408,0.377520,-2.981182,0.000121,0.000711,-0.162622
110.1000,-0.281139,0.255755,-3.830566,0.000166,0.000825,-0.162697,-2.725424,0.376253,-2.981385,0.000118,0.000947,-0.162591
110.1500,-0.281140,0.255755,-3.830566,0.000166,0.000825,-0.162707,-2.731683,0.374318,-2.981182,0.000110,0.000726,-0.162708
110.2000,-0.281141,0.255755,-3.830566,0.000166,0.000825,-0.162716,-2.735697,0.373053,-2.981384,0.000102,0.000966,-0.162741
110.2500,-0.281142,0.255755,-3.830567,0.000166,0.000825,-0.162726,-2.742036,0.371116,-2.981182,0.000169,0.000876,-0.162811
110.3000,-0.281144,0.255755,-3.830567,0.000166,0.000825,-0.162735,-2.746049,0.369853,-2.981384,0.000426,0.000795,-0.162751
110.3500,-0.281145,0.255755,-3.830567,0.000166,0.000825,-0.162745,-2.752285,0.368011,-2.981182,0.000116,0.000828,-0.162683
110.4000,-0.281146,0.255755,-3.830567,0.000166,0.000825,-0.162754,-2.756299,0.366746,-2.981385,0.000106,0.000748,-0.162675
110.4500,-0.281147,0.255755,-3.830567,0.000166,0.000825,-0.162763,-2.762508,0.364859,-2.981183,0.000163,0.000665,-0.162571
110.5000,-0.281148,0.255755,-3.830567,0.000166,0.000825,-0.162772,-2.766524,0.363595,-2.981386,0.000066,0.000729,-0.162755
110.5500,-0.281149,0.255755,-3.830567,0.000166,0.000825,-0.162781,-2.772568,0.361673,-2.981184,0.000002,0.000767,-0.162804
110.6000,-0.281150,0.255755,-3.830567,0.000166,0.000825,-0.162790,-2.776586,0.360410,-2.981386,0.000276,0.000843,-0.162775
110.6500,-0.281151,0.255755,-3.830567,0.000166,0.000825,-0.162798,-2.782597,0.358557,-2.981184,0.000114,0.000873,-0.162945
110.7000,-0.281153,0.255755,-3.830567,0.000166,0.000825,-0.162807,-2.786615,0.357292,-2.981386,0.000236,0.000896,-0.162768
110.7500,-0.281154,0.255755,-3.830567,0.000166,0.000825,-0.162816,-2.792594,0.355571,-2.981184,-0.000039,0.000799,-0.162851
110.8000,-0.281155,0.255755,-3.830567,0.000166,0.000825,-0.162824,-2.796612,0.354305,-2.981386,0.000303,0.000636,-0.162839
110.8500,-0.281156,0.255755,-3.830567,0.000166,0.000825,-0.162833,-2.802641,0.352476,-2.981184,0.000060,0.000845,-0.162760
110.9000,-0.281157,0.255755,-3.830567,0.000166,0.000825,-0.162841,-2.806659,0.351212,-2.981386,-0.000013,0.000956,-0.162847
110.9520,-0.281158,0.255755,-3.830567,0.000166,0.000825,-0.162849,-2.812758,0.349400,-2.981184,0.000364,0.000901,-0.162908
111.0000,-0.281159,0.255755,-3.830568,0.000166,0.000825,-0.162857,-2.816775,0.348135,-2.981386,0.000055,0.001042,-0.162865
111.0500,-0.281160,0.255755,-3.830568,0.000166,0.000825,-0.162865,-2.822901,0.346556,-2.981183,0.000211,0.001002,-0.162816
111.1000,-0.281161,0.255755,-3.830568,0.000166,0.000825,-0.162873,-2.826915,0.345288,-2.981385,0.000128,0.000779,-0.162828
111.1500,-0.281162,0.255755,-3.830568,0.000166,0.000825,-0.162881,-2.833008,0.343703,-2.981184,0.000102,0.001043,-0.162764
111.2000,-0.281163,0.255756,-3.830568,0.000166,0.000825,-0.162889,-2.837022,0.342435,-2.981386,0.000143,0.000729,-0.163116
111.2500,-0.281164,0.255756,-3.830568,0.000166,0.000825,-0.162897,-2.843107,0.340709,-2.981184,0.000031,0.000797,-0.162856
111.3000,-0.281165,0.255756,-3.830568,0.000166,0.000825,-0.162904,-2.847122,0.339443,-2.981386,0.000310,0.000837,-0.163047
111.3500,-0.281166,0.255756,-3.830568,0.000166,0.000825,-0.162912,-2.853144,0.337613,-2.981184,0.000199,0.000774,-0.162963
111.4000,-0.281167,0.255756,-3.830568,0.000166,0.000825,-0.162919,-2.857161,0.336349,-2.981387,0.000250,0.000891,-0.162929
111.4520,-0.281167,0.255756,-3.830568,0.000166,0.000825,-0.162927,-2.863251,0.334592,-2.981184,0.000246,0.000845,-0.162881
111.5000,-0.281168,0.255756,-3.830568,0.000166,0.000825,-0.162934,-2.867266,0.333326,-2.981387,0.000367,0.000835,-0.163101
111.5500,-0.281169,0.255756,-3.830568,0.000166,0.000825,-0.162941,-2.873303,0.331649,-2.981184,0.000192,0.000933,-0.163086
111.6000,-0.281170,0.255756,-3.830568,0.000166,0.000825,-0.162949,-2.877317,0.330381,-2.981387,0.000073,0.000681,-0.163022
111.6500,-0.281171,0.255756,-3.830568,0.000166,0.000825,-0.162956,-2.883438,0.328546,-2.981184,0.000046,0.000987,-0.162893
111.7000,-0.281172,0.255756,-3.830568,0.000166,0.000825,-0.162963,-2.887452,0.327282,-2.981386,0.000421,0.000902,-0.162916
111.7500,-0.281173,0.255756,-3.830568,0.000166,0.000825,-0.162970,-2.893612,0.325422,-2.981184,0.000102,0.000895,-0.162993
111.8000,-0.281174,0.255756,-3.830569,0.000166,0.000825,-0.162977,-2.897625,0.324157,-2.981387,0.000133,0.000958,-0.163013
111.8500,-0.281174,0.255756,-3.830569,0.000166,0.000825,-0.162983,-2.903800,0.322236,-2.981184,0.000391,0.000880,-0.162825
111.9000,-0.281175,0.255756,-3.830569,0.000166,0.000825,-0.162990,-2.907813,0.320971,-2.981387,0.000218,0.000918,-0.162980
111.9500,-0.281176,0.255756,-3.830569,0.000166,0.000825,-0.162997,-2.913945,0.319183,-2.981185,0.000174,0.000762,-0.162955
112.0000,-0.281177,0.255756,-3.830569,0.000166,0.000825,-0.163003,-2.917957,0.317918,-2.981387,0.000072,0.000666,-0.163044
112.0500,-0.281178,0.255756,-3.830569,0.000166,0.000825,-0.163010,-2.924047,0.315968,-2.981185,0.000085,0.000883,-0.163153
112.1000,-0.281179,0.255756,-3.830569,0.000166,0.000825,-0.163016,-2.928060,0.314706,-2.981387,0.000252,0.000773,-0.163063
112.1500,-0.281179,0.255756,-3.830569,0.000166,0.000825,-0.163023,-2.934228,0.312756,-2.981185,0.000249,0.000976,-0.163094
112.2000,-0.281180,0.255756,-3.830569,0.000166,0.000825,-0.163029,-2.938238,0.311492,-2.981387,0.000339,0.000915,-0.163130
112.2500,-0.281181,0.255756,-3.830569,0.000166,0.000825,-0.163036,-2.944263,0.309828,-2.981185,0.000205,0.000777,-0.163167
112.3000,-0.281182,0.255756,-3.830569,0.000166,0.000825,-0.163042,-2.948274,0.308560,-2.981388,0.000200,0.000738,-0.162838
112.3500,-0.281183,0.255756,-3.830569,0.000166,0.000825,-0.163048,-2.954290,0.306743,-2.981185,0.000217,0.000825,-0.163013
112.4000,-0.281183,0.255756,-3.830569,0.000167,0.000825,-0.163054,-2.958301,0.305476,-2.981388,0.000218,0.000725,-0.163046
112.4500,-0.281184,0.255756,-3.830569,0.000167,0.000825,-0.163060,-2.964282,0.303560,-2.981186,0.000098,0.001018,-0.163071
112.5000,-0.281185,0.255756,-3.830569,0.000167,0.000825,-0.163066,-2.968292,0.302294,-2.981388,0.000195,0.000844,-0.163056
112.5500,-0.281186,0.255756,-3.830569,0.000167,0.000825,-0.163072,-2.974222,0.300421,-2.981186,0.000115,0.000895,-0.163008
112.6000,-0.281186,0.255756,-3.830569,0.000167,0.000825,-0.163078,-2.978232,0.299153,-2.981388,0.000411,0.000816,-0.163122
112.6500,-0.281187,0.255756,-3.830569,0.000167,0.000825,-0.163083,-2.984117,0.297416,-2.981186,0.000023,0.000741,-0.162840
112.7000,-0.281188,0.255756,-3.830569,0.000167,0.000825,-0.163089,-2.988126,0.296147,-2.981388,0.000052,0.000817,-0.163040
112.7500,-0.281188,0.255756,-3.830569,0.000167,0.000825,-0.163095,-2.994047,0.294283,-2.981186,0.000060,0.000705,-0.163130
112.8000,-0.281189,0.255756,-3.830570,0.000167,0.000825,-0.163100,-2.998057,0.293015,-2.981389,0.000299,0.000924,-0.163218
112.8500,-0.281190,0.255756,-3.830570,0.000167,0.000825,-0.163106,-3.003838,0.291148,-2.981187,0.000033,0.000821,-0.163197
112.9000,-0.281190,0.255757,-3.830570,0.000167,0.000825,-0.163112,-3.007850,0.289879,-2.981389,0.000004,0.000771,-0.163024
112.9500,-0.281191,0.255757,-3.830570,0.000167,0.000825,-0.163117,-3.013750,0.287866,-2.981187,0.000160,0.000945,-0.163005
113.0000,-0.281192,0.255757,-3.830570,0.000167,0.000825,-0.163122,-3.017759,0.286599,-2.981388,0.000252,0.000830,-0.163013
113.0500,-0.281192,0.255757,-3.830570,0.000167,0.000825,-0.163128,-3.023801,0.284635,-2.981186,0.000158,0.000608,-0.163232
113.1000,-0.281193,0.255757,-3.830570,0.000167,0.000825,-0.163133,-3.027810,0.283368,-2.981389,0.000206,0.000777,-0.162967
113.1500,-0.281194,0.255757,-3.830570,0.000167,0.000825,-0.163138,-3.033789,0.281168,-2.981186,0.000224,0.000783,-0.163091
113.2000,-0.281194,0.255757,-3.830570,0.000167,0.000825,-0.163143,-3.037800,0.279904,-2.981389,0.000099,0.000662,-0.163156
113.2500,-0.281195,0.255757,-3.830570,0.000167,0.000825,-0.163148,-3.043681,0.277635,-2.981187,0.000107,0.000897,-0.162950
113.3000,-0.281196,0.255757,-3.830570,0.000167,0.000825,-0.163153,-3.047692,0.276372,-2.981389,0.000330,0.000802,-0.162986
113.3500,-0.281196,0.255757,-3.830570,0.000167,0.000825,-0.163158,-3.053599,0.274119,-2.981187,0.000122,0.000735,-0.163268
113.4000,-0.281197,0.255757,-3.830570,0.000167,0.000825,-0.163163,-3.057612,0.272857,-2.981389,0.000167,0.000687,-0.162964
113.4500,-0.281198,0.255757,-3.830570,0.000167,0.000825,-0.163168,-3.063480,0.270646,-2.981187,0.000025,0.000779,-0.163280
113.5000,-0.281198,0.255757,-3.830570,0.000167,0.000825,-0.163173,-3.067494,0.269384,-2.981389,0.000199,0.000814,-0.163100
113.5520,-0.281199,0.255757,-3.830570,0.000167,0.000825,-0.163178,-3.073431,0.267320,-2.981187,0.000238,0.000965,-0.163146
113.6000,-0.281199,0.255757,-3.830570,0.000167,0.000825,-0.163183,-3.077442,0.266055,-2.981389,0.000254,0.000866,-0.163077
113.6500,-0.281200,0.255757,-3.830570,0.000167,0.000825,-0.163187,-3.083629,0.264114,-2.981186,0.000174,0.000739,-0.163119
113.7000,-0.281201,0.255757,-3.830570,0.000167,0.000825,-0.163192,-3.087637,0.262850,-2.981388,0.000261,0.000767,-0.163397
113.7500,-0.281201,0.255757,-3.830570,0.000167,0.000825,-0.163197,-3.093768,0.260897,-2.981186,0.000273,0.000793,-0.163252
113.8000,-0.281202,0.255757,-3.830570,0.000167,0.000825,-0.163201,-3.097776,0.259634,-2.981389,-0.000068,0.000783,-0.163224
113.8500,-0.281202,0.255757,-3.830570,0.000167,0.000825,-0.163206,-3.103826,0.257667,-2.981187,0.000198,0.000766,-0.163090
113.9000,-0.281203,0.255757,-3.830570,0.000167,0.000825,-0.163210,-3.107836,0.256404,-2.981389,0.000107,0.000910,-0.163267
113.9500,-0.281203,0.255757,-3.830570,0.000167,0.000825,-0.163215,-3.113888,0.254529,-2.981187,0.000084,0.000815,-0.163116
114.0000,-0.281204,0.255757,-3.830570,0.000167,0.000825,-0.163219,-3.117897,0.253266,-2.981389,0.000136,0.000783,-0.163174
114.0500,-0.281204,0.255757,-3.830570,0.000167,0.000825,-0.163223,-3.123861,0.251248,-2.981187,0.000289,0.000708,-0.163166
114.1000,-0.281205,0.255757,-3.830571,0.000167,0.000825,-0.163228,-3.127874,0.249985,-2.981390,0.000206,0.001044,-0.163140
114.1500,-0.281205,0.255757,-3.830571,0.000167,0.000825,-0.163232,-3.133800,0.248010,-2.981187,0.000187,0.000851,-0.163285
114.2000,-0.281206,0.255757,-3.830571,0.000167,0.000825,-0.163236,-3.137812,0.246748,-2.981390,0.000193,0.000867,-0.163368
114.2500,-0.281207,0.255757,-3.830571,0.000167,0.000825,-0.163240,-3.143800,0.244948,-2.981187,0.000157,0.000871,-0.163135
114.3000,-0.281207,0.255757,-3.830571,0.000167,0.000825,-0.163244,-3.147811,0.243684,-2.981389,0.000107,0.000762,-0.163250
114.3500,-0.281208,0.255757,-3.830571,0.000167,0.000825,-0.163248,-3.153811,0.241819,-2.981187,0.000103,0.000608,-0.163207
114.4000,-0.281208,0.255757,-3.830571,0.000167,0.000825,-0.163252,-3.157823,0.240558,-2.981389,0.000310,0.000702,-0.163389
114.4500,-0.281209,0.255757,-3.830571,0.000167,0.000825,-0.163256,-3.163764,0.238730,-2.981187,0.000040,0.000840,-0.163438
114.5000,-0.281209,0.255757,-3.830571,0.000167,0.000825,-0.163260,-3.167775,0.237468,-2.981389,0.000198,0.000753,-0.163252
114.5500,-0.281210,0.255757,-3.830571,0.000167,0.000825,-0.163264,-3.173752,0.235554,-2.981187,0.000285,0.000835,-0.163342
114.6000,-0.281210,0.255757,-3.830571,0.000167,0.000825,-0.163268,-3.177764,0.234293,-2.981390,0.000007,0.001019,-0.163472
114.6500,-0.281210,0.255757,-3.830571,0.000167,0.000825,-0.163272,-3.183660,0.232439,-2.981188,0.000452,0.000676,-0.163267
114.7000,-0.281211,0.255757,-3.830571,0.000167,0.000825,-0.163276,-3.187674,0.231175,-2.981390,0.000306,0.000850,-0.163307
114.7500,-0.281211,0.255757,-3.830571,0.000167,0.000825,-0.163280,-3.193518,0.229405,-2.981188,0.000036,0.000884,-0.163198
114.8000,-0.281212,0.255757,-3.830571,0.000167,0.000825,-0.163283,-3.197532,0.228142,-2.981390,0.000139,0.000790,-0.163155
114.8500,-0.281212,0.255757,-3.830571,0.000167,0.000825,-0.163287,-3.203433,0.226334,-2.981188,0.000085,0.000841,-0.163231
114.9000,-0.281213,0.255757,-3.830571,0.000167,0.000825,-0.163291,-3.207448,0.225072,-2.981390,0.000253,0.000869,-0.163312
114.9500,-0.281213,0.255757,-3.830571,0.000167,0.000825,-0.163294,-3.213408,0.223164,-2.981187,0.000108,0.000698,-0.163446
115.0000,-0.281214,0.255757,-3.830571,0.000167,0.000825,-0.163298,-3.217423,0.221904,-2.981390,0.000274,0.001029,-0.163529
115.0500,-0.281214,0.255757,-3.830571,0.000167,0.000825,-0.163301,-3.223375,0.220040,-2.981188,0.000158,0.000818,-0.163378
115.1000,-0.281215,0.255757,-3.830571,0.000167,0.000825,-0.163305,-3.227390,0.218779,-2.981390,0.000104,0.000874,-0.163255
115.1500,-0.281215,0.255757,-3.830571,0.000167,0.000825,-0.163308,-3.233376,0.216857,-2.981187,0.000328,0.000735,-0.163337
115.2000,-0.281215,0.255757,-3.830571,0.000167,0.000825,-0.163312,-3.237391,0.215596,-2.981390,0.000239,0.000882,-0.163392
115.2500,-0.281216,0.255758,-3.830571,0.000167,0.000825,-0.163315,-3.243409,0.213776,-2.981187,0.000182,0.000778,-0.163367
115.3000,-0.281216,0.255758,-3.830571,0.000167,0.000825,-0.163318,-3.247423,0.212515,-2.981390,0.000160,0.000784,-0.163164
115.3500,-0.281217,0.255758,-3.830571,0.000167,0.000825,-0.163322,-3.253506,0.210661,-2.981187,0.000045,0.000808,-0.163233
115.4000,-0.281217,0.255758,-3.830571,0.000167,0.000825,-0.163325,-3.257520,0.209401,-2.981389,0.000093,0.000988,-0.163360
115.4500,-0.281217,0.255758,-3.830571,0.000167,0.000825,-0.163328,-3.263623,0.207482,-2.981187,0.000294,0.000852,-0.163300
115.5000,-0.281218,0.255758,-3.830571,0.000167,0.000825,-0.163331,-3.267638,0.206222,-2.981389,0.000159,0.000794,-0.163531
115.5500,-0.281218,0.255758,-3.830571,0.000167,0.000825,-0.163334,-3.273643,0.204398,-2.981188,0.000122,0.000738,-0.163312
115.6000,-0.281219,0.255758,-3.830571,0.000167,0.000825,-0.163338,-3.277659,0.203137,-2.981390,0.000069,0.000694,-0.163286
115.6500,-0.281219,0.255758,-3.830571,0.000167,0.000825,-0.163341,-3.283558,0.201360,-2.981188,0.000071,0.000909,-0.163505
115.7000,-0.281219,0.255758,-3.830571,0.000167,0.000825,-0.163344,-3.287575,0.200099,-2.981390,0.000107,0.000775,-0.163419
115.7500,-0.281220,0.255758,-3.830571,0.000167,0.000825,-0.163347,-3.293559,0.198282,-2.981188,0.000237,0.000977,-0.163402
115.8000,-0.281220,0.255758,-3.830571,0.000167,0.000825,-0.163350,-3.297575,0.197020,-2.981390,0.000295,0.000841,-0.163510
115.8500,-0.281221,0.255758,-3.830571,0.000167,0.000825,-0.163353,-3.303494,0.195235,-2.981188,0.000045,0.000992,-0.163293
115.9000,-0.281221,0.255758,-3.830572,0.000167,0.000825,-0.163356,-3.307511,0.193973,-2.981390,0.000195,0.000931,-0.163394
115.9500,-0.281221,0.255758,-3.830572,0.000167,0.000825,-0.163359,-3.313629,0.192277,-2.981187,0.000117,0.000864,-0.163203
116.0000,-0.281222,0.255758,-3.830572,0.000167,0.000825,-0.163362,-3.317644,0.191014,-2.981389,0.000157,0.000972,-0.163319
116.0500,-0.281222,0.255758,-3.830572,0.000167,0.000825,-0.163364,-3.323769,0.189256,-2.981187,0.000096,0.000804,-0.163191
116.1000,-0.281222,0.255758,-3.830572,0.000167,0.000825,-0.163367,-3.327785,0.187993,-2.981390,0.000178,0.000744,-0.163491
116.1500,-0.281223,0.255758,-3.830572,0.000167,0.000825,-0.163370,-3.333805,0.186180,-2.981188,0.000191,0.000887,-0.163399
116.2000,-0.281223,0.255758,-3.830572,0.000167,0.000825,-0.163373,-3.337822,0.184917,-2.981390,0.000063,0.000761,-0.163438
116.2500,-0.281223,0.255758,-3.830572,0.000167,0.000825,-0.163376,-3.343963,0.183057,-2.981187,0.000088,0.000862,-0.163390
116.3000,-0.281224,0.255758,-3.830572,0.000167,0.000825,-0.163378,-3.347979,0.181796,-2.981389,0.000222,0.000829,-0.163423
116.3500,-0.281224,0.255758,-3.830572,0.000167,0.000825,-0.163381,-3.354208,0.179779,-2.981187,0.000139,0.000719,-0.163464
116.4000,-0.281224,0.255758,-3.830572,0.000167,0.000825,-0.163384,-3.358225,0.178520,-2.981389,0.000191,0.000840,-0.163460
116.4500,-0.281225,0.255758,-3.830572,0.000167,0.000825,-0.163386,-3.364559,0.176680,-2.981187,0.000056,0.000922,-0.163285
116.5000,-0.281225,0.255758,-3.830572,0.000167,0.000825,-0.163389,-3.368572,0.175419,-2.981389,0.000106,0.000756,-0.163593
116.5500,-0.281225,0.255758,-3.830572,0.000167,0.000825,-0.163392,-3.374809,0.173425,-2.981187,0.000147,0.000909,-0.163466
116.6000,-0.281226,0.255758,-3.830572,0.000167,0.000825,-0.163394,-3.378824,0.172166,-2.981389,0.000023,0.000751,-0.163395
116.6520,-0.281226,0.255758,-3.830572,0.000167,0.000825,-0.163397,-3.385004,0.170197,-2.981187,0.000163,0.000695,-0.163505
116.7000,-0.281226,0.255758,-3.830572,0.000167,0.000825,-0.163399,-3.389021,0.168938,-2.981390,0.000126,0.000742,-0.163471
116.7500,-0.281227,0.255758,-3.830572,0.000167,0.000825,-0.163402,-3.395100,0.166897,-2.981188,0.000132,0.000837,-0.163296
116.8000,-0.281227,0.255758,-3.830572,0.000167,0.000825,-0.163404,-3.399117,0.165639,-2.981390,0.000193,0.000869,-0.163444
116.8500,-0.281227,0.255758,-3.830572,0.000167,0.000825,-0.163406,-3.405249,0.163744,-2.981188,0.000126,0.000728,-0.163151
116.9000,-0.281228,0.255758,-3.830572,0.000167,0.000825,-0.163409,-3.409265,0.162484,-2.981390,0.000273,0.000545,-0.163381
116.9500,-0.281228,0.255758,-3.830572,0.000167,0.000825,-0.163411,-3.415218,0.160586,-2.981188,0.000169,0.000751,-0.163166
117.0020,-0.281228,0.255758,-3.830572,0.000167,0.000825,-0.163414,-3.419236,0.159325,-2.981391,0.000294,0.000732,-0.163488
117.0500,-0.281228,0.255758,-3.830572,0.000167,0.000825,-0.163416,-3.425097,0.157526,-2.981189,0.000180,0.000837,-0.163654
117.1000,-0.281229,0.255758,-3.830572,0.000167,0.000825,-0.163418,-3.429115,0.156264,-2.981391,0.000092,0.000876,-0.163553
117.1500,-0.281229,0.255758,-3.830572,0.000167,0.000825,-0.163421,-3.435069,0.154492,-2.981188,0.000310,0.000767,-0.163499
117.2000,-0.281229,0.255758,-3.830572,0.000167,0.000825,-0.163423,-3.439087,0.153229,-2.981391,0.000092,0.000790,-0.163416
117.2500,-0.281230,0.255758,-3.830572,0.000167,0.000825,-0.163425,-3.444973,0.151490,-2.981189,0.000272,0.000863,-0.163318
117.3000,-0.281230,0.255758,-3.830572,0.000167,0.000825,-0.163427,-3.448990,0.150225,-2.981391,0.000275,0.000850,-0.163470
117.3500,-0.281230,0.255758,-3.830572,0.000167,0.000825,-0.163429,-3.454817,0.148500,-2.981189,0.000137,0.000822,-0.163457
117.4000,-0.281230,0.255758,-3.830572,0.000167,0.000825,-0.163432,-3.458836,0.147236,-2.981391,0.000157,0.000904,-0.163355
117.4500,-0.281231,0.255758,-3.830572,0.000167,0.000825,-0.163434,-3.464656,0.145518,-2.981189,0.000209,0.000711,-0.163428
117.5000,-0.281231,0.255758,-3.830572,0.000167,0.000825,-0.163436,-3.468676,0.144252,-2.981392,0.000203,0.000807,-0.163427
117.5500,-0.281231,0.255758,-3.830572,0.000167,0.000825,-0.163438,-3.474364,0.142455,-2.981189,0.000206,0.000843,-0.163596
117.6000,-0.281232,0.255758,-3.830572,0.000167,0.000825,-0.163440,-3.478385,0.141190,-2.981392,0.000290,0.000717,-0.163355
117.6500,-0.281232,0.255758,-3.830572,0.000167,0.000825,-0.163442,-3.484009,0.139342,-2.981190,0.000051,0.000867,-0.163439
117.7000,-0.281232,0.255758,-3.830572,0.000167,0.000825,-0.163444,-3.488032,0.138077,-2.981392,0.000185,0.000852,-0.163356
117.7500,-0.281232,0.255758,-3.830572,0.000167,0.000825,-0.163446,-3.493902,0.136198,-2.981189,0.000134,0.000781,-0.163510
117.8000,-0.281233,0.255758,-3.830572,0.000167,0.000825,-0.163448,-3.497924,0.134933,-2.981391,0.000063,0.000889,-0.163334
117.8520,-0.281233,0.255758,-3.830572,0.000167,0.000825,-0.163450,-3.503908,0.132906,-2.981188,0.000371,0.000840,-0.163492
117.9000,-0.281233,0.255758,-3.830572,0.000167,0.000825,-0.163452,-3.507930,0.131641,-2.981391,0.000198,0.000838,-0.163545
117.9500,-0.281233,0.255758,-3.830572,0.000167,0.000825,-0.163454,-3.513910,0.129646,-2.981189,0.000327,0.000657,-0.163574
118.0000,-0.281234,0.255758,-3.830572,0.000167,0.000825,-0.163456,-3.517933,0.128381,-2.981391,0.000384,0.000777,-0.163427
118.0500,-0.281234,0.255758,-3.830572,0.000167,0.000825,-0.163458,-3.523888,0.126533,-2.981189,0.000123,0.000687,-0.163434
118.1000,-0.281234,0.255758,-3.830572,0.000167,0.000825,-0.163460,-3.527911,0.125267,-2.981391,0.000101,0.000724,-0.163429
118.1500,-0.281234,0.255758,-3.830572,0.000167,0.000825,-0.163461,-3.533875,0.123348,-2.981189,0.000298,0.000820,-0.163248
118.2000,-0.281234,0.255758,-3.830572,0.000167,0.000825,-0.163463,-3.537898,0.122081,-2.981391,0.000053,0.000824,-0.163663
118.2500,-0.281235,0.255758,-3.830572,0.000167,0.000825,-0.163465,-3.543948,0.120079,-2.981188,0.000046,0.000857,-0.163554
118.3000,-0.281235,0.255758,-3.830572,0.000167,0.000825,-0.163467,-3.547971,0.118815,-2.981390,0.000204,0.000985,-0.163527
118.3500,-0.281235,0.255758,-3.830572,0.000167,0.000825,-0.163469,-3.554108,0.116853,-2.981188,0.000213,0.000834,-0.163397
118.4000,-0.281235,0.255758,-3.830572,0.000167,0.000825,-0.163470,-3.558130,0.115587,-2.981390,0.000040,0.000953,-0.163564
118.4500,-0.281236,0.255758,-3.830572,0.000167,0.000825,-0.163472,-3.564267,0.113631,-2.981188,0.000269,0.000949,-0.163475
118.5020,-0.281236,0.255758,-3.830572,0.000167,0.000825,-0.163474,-3.568290,0.112364,-2.981390,0.000113,0.000658,-0.163566
118.5500,-0.281236,0.255758,-3.830572,0.000167,0.000825,-0.163476,-3.574391,0.110337,-2.981188,-0.000008,0.000797,-0.163341
118.6000,-0.281236,0.255758,-3.830572,0.000167,0.000825,-0.163477,-3.578415,0.109072,-2.981391,0.000151,0.000775,-0.163384
118.6500,-0.281236,0.255758,-3.830572,0.000167,0.000825,-0.163479,-3.584455,0.107053,-2.981189,0.000209,0.000882,-0.163486
118.7000,-0.281237,0.255758,-3.830572,0.000167,0.000825,-0.163481,-3.588480,0.105787,-2.981391,0.000204,0.000817,-0.163632
118.7500,-0.281237,0.255758,-3.830573,0.000167,0.000825,-0.163482,-3.594434,0.103905,-2.981189,0.000170,0.000681,-0.163348
118.8020,-0.281237,0.255758,-3.830573,0.000167,0.000825,-0.163484,-3.598462,0.102637,-2.981391,0.000330,0.000769,-0.163420
118.8500,-0.281237,0.255758,-3.830573,0.000167,0.000825,-0.163486,-3.604268,0.100746,-2.981189,0.000208,0.000737,-0.163404
118.9000,-0.281237,0.255758,-3.830573,0.000167,0.000825,-0.163487,-3.608298,0.099478,-2.981392,0.000077,0.000795,-0.163637
118.9500,-0.281238,0.255758,-3.830573,0.000167,0.000825,-0.163489,-3.614180,0.097668,-2.981189,0.000225,0.000815,-0.163358
119.0000,-0.281238,0.255758,-3.830573,0.000167,0.000825,-0.163490,-3.618209,0.096397,-2.981391,0.000109,0.000997,-0.163506
119.0500,-0.281238,0.255758,-3.830573,0.000167,0.000825,-0.163492,-3.624309,0.094509,-2.981188,0.000264,0.000758,-0.163527
119.1000,-0.281238,0.255758,-3.830573,0.000167,0.000825,-0.163493,-3.628337,0.093240,-2.981391,0.000227,0.000989,-0.163559
119.1500,-0.281238,0.255759,-3.830573,0.000167,0.000825,-0.163495,-3.634590,0.091498,-2.981188,0.000205,0.000697,-0.163433
119.2000,-0.281239,0.255759,-3.830573,0.000167,0.000825,-0.163496,-3.638616,0.090227,-2.981391,0.000266,0.000687,-0.163346
119.2500,-0.281239,0.255759,-3.830573,0.000167,0.000825,-0.163498,-3.644694,0.088439,-2.981188,0.000174,0.000798,-0.163577
119.3000,-0.281239,0.255759,-3.830573,0.000167,0.000825,-0.163499,-3.648723,0.087168,-2.981391,0.000214,0.000892,-0.163529
119.3500,-0.281239,0.255759,-3.830573,0.000167,0.000825,-0.163501,-3.654808,0.085440,-2.981188,0.000149,0.001115,-0.163487
119.4000,-0.281239,0.255759,-3.830573,0.000167,0.000825,-0.163502,-3.658835,0.084168,-2.981390,0.000152,0.000836,-0.163633
119.4500,-0.281240,0.255759,-3.830573,0.000167,0.000825,-0.163504,-3.665149,0.082405,-2.981188,0.000201,0.000667,-0.163365
119.5000,-0.281240,0.255759,-3.830573,0.000167,0.000825,-0.163505,-3.669176,0.081133,-2.981390,0.000315,0.000791,-0.163490
119.5520,-0.281240,0.255759,-3.830573,0.000167,0.000825,-0.163506,-3.675400,0.079349,-2.981188,0.000250,0.000795,-0.163544
119.6000,-0.281240,0.255759,-3.830573,0.000167,0.000825,-0.163508,-3.679427,0.078077,-2.981390,0.000324,0.000948,-0.163492
119.6500,-0.281240,0.255759,-3.830573,0.000167,0.000825,-0.163509,-3.685671,0.076221,-2.981188,0.000217,0.000966,-0.163453
119.7000,-0.281240,0.255759,-3.830573,0.000167,0.000825,-0.163510,-3.689698,0.074948,-2.981390,0.000076,0.000827,-0.163386
119.7500,-0.281241,0.255759,-3.830573,0.000167,0.000825,-0.163512,-3.696125,0.073183,-2.981188,0.000061,0.000883,-0.163413
119.8000,-0.281241,0.255759,-3.830573,0.000167,0.000825,-0.163513,-3.700149,0.071910,-2.981389,0.000124,0.000977,-0.163667
119.8500,-0.281241,0.255759,-3.830573,0.000167,0.000825,-0.163514,-3.706660,0.070324,-2.981187,0.000108,0.000873,-0.163312
119.9020,-0.281241,0.255759,-3.830573,0.000167,0.000825,-0.163516,-3.710681,0.069049,-2.981389,0.000115,0.000921,-0.163505
119.9500,-0.281241,0.255759,-3.830573,0.000167,0.000825,-0.163517,-3.717184,0.067394,-2.981187,0.000226,0.000819,-0.163489
120.0000,-0.281241,0.255759,-3.830573,0.000167,0.000825,-0.163518,-3.721206,0.066119,-2.981390,0.000173,0.000915,-0.163706
120.0500,-0.281242,0.255759,-3.830573,0.000167,0.000825,-0.163519,-3.727592,0.064147,-2.981188,0.000078,0.000854,-0.163450
120.1000,-0.281242,0.255759,-3.830573,0.000167,0.000825,-0.163521,-3.731614,0.062874,-2.981390,0.000215,0.000895,-0.163488
120.1500,-0.281242,0.255759,-3.830573,0.000167,0.000825,-0.163522,-3.737908,0.060920,-2.981188,0.000162,0.000817,-0.163444
120.2020,-0.281242,0.255759,-3.830573,0.000167,0.000825,-0.163523,-3.741932,0.059646,-2.981391,0.000414,0.000833,-0.163585
120.2500,-0.281242,0.255759,-3.830573,0.000167,0.000825,-0.163524,-3.748147,0.057943,-2.981188,0.000046,0.000800,-0.163572
120.3000,-0.281242,0.255759,-3.830573,0.000167,0.000825,-0.163526,-3.752170,0.056666,-2.981391,0.000250,0.000749,-0.163551
120.3500,-0.281242,0.255759,-3.830573,0.000167,0.000825,-0.163527,-3.758178,0.054824,-2.981189,0.000133,0.000939,-0.163615
120.4000,-0.281243,0.255759,-3.830573,0.000167,0.000825,-0.163528,-3.762201,0.053548,-2.981391,-0.000017,0.000854,-0.163544
120.4520,-0.281243,0.255759,-3.830573,0.000167,0.000825,-0.163529,-3.768435,0.051609,-2.981188,0.000108,0.000792,-0.163648
120.5000,-0.281243,0.255759,-3.830573,0.000167,0.000825,-0.163530,-3.772456,0.050334,-2.981391,0.000156,0.000763,-0.163446
120.5520,-0.281243,0.255759,-3.830573,0.000167,0.000825,-0.163531,-3.778636,0.048154,-2.981188,0.000110,0.001052,-0.163570
120.6000,-0.281243,0.255759,-3.830573,0.000167,0.000825,-0.163532,-3.782656,0.046881,-2.981390,0.000192,0.000732,-0.163566
120.6500,-0.281243,0.255759,-3.830573,0.000167,0.000825,-0.163534,-3.788779,0.044659,-2.981189,0.000130,0.000689,-0.163586
120.7000,-0.281243,0.255759,-3.830573,0.000167,0.000825,-0.163535,-3.792801,0.043386,-2.981391,0.000214,0.000812,-0.163332
120.7500,-0.281244,0.255759,-3.830573,0.000167,0.000825,-0.163536,-3.798802,0.041215,-2.981189,0.000245,0.000927,-0.163387
120.8020,-0.281244,0.255759,-3.830573,0.000167,0.000825,-0.163537,-3.802823,0.039940,-2.981391,0.000110,0.000964,-0.163650
120.8500,-0.281244,0.255759,-3.830573,0.000167,0.000825,-0.163538,-3.808980,0.037880,-2.981189,0.000134,0.000755,-0.163510
120.9000,-0.281244,0.255759,-3.830573,0.000167,0.000825,-0.163539,-3.812999,0.036605,-2.981391,0.000252,0.000857,-0.163586
120.9500,-0.281244,0.255759,-3.830573,0.000167,0.000825,-0.163540,-3.819002,0.034544,-2.981189,0.000191,0.000998,-0.163608
121.0000,-0.281244,0.255759,-3.830573,0.000167,0.000825,-0.163541,-3.823021,0.033268,-2.981391,0.000314,0.000985,-0.163451
121.0500,-0.281244,0.255759,-3.830573,0.000167,0.000825,-0.163542,-3.829278,0.031331,-2.981188,0.000226,0.000777,-0.163434
121.1000,-0.281244,0.255759,-3.830573,0.000167,0.000825,-0.163543,-3.833294,0.030055,-2.981391,0.000108,0.000881,-0.163569
121.1500,-0.281245,0.255759,-3.830573,0.000167,0.000825,-0.163544,-3.839413,0.028220,-2.981189,0.000181,0.000908,-0.163639
121.2000,-0.281245,0.255759,-3.830573,0.000167,0.000825,-0.163545,-3.843428,0.026942,-2.981391,0.000155,0.000838,-0.163660
121.2500,-0.281245,0.255759,-3.830573,0.000167,0.000825,-0.163546,-3.849410,0.025231,-2.981189,0.000025,0.000852,-0.163696
121.3000,-0.281245,0.255759,-3.830573,0.000167,0.000825,-0.163547,-3.853426,0.023952,-2.981392,0.000273,0.000944,-0.163534
121.3500,-0.281245,0.255759,-3.830573,0.000167,0.000825,-0.163548,-3.859427,0.022106,-2.981189,0.000097,0.000842,-0.163643
121.4000,-0.281245,0.255759,-3.830573,0.000167,0.000825,-0.163549,-3.863442,0.020829,-2.981391,0.000014,0.000794,-0.163481
121.4520,-0.281245,0.255759,-3.830573,0.000167,0.000825,-0.163550,-3.869673,0.018800,-2.981188,0.000018,0.000910,-0.163470
121.5000,-0.281245,0.255759,-3.830573,0.000167,0.000825,-0.163551,-3.873685,0.017525,-2.981391,0.000067,0.000835,-0.163596
121.5500,-0.281246,0.255759,-3.830573,0.000167,0.000825,-0.163552,-3.879733,0.015595,-2.981189,0.000277,0.000783,-0.163442
121.6000,-0.281246,0.255759,-3.830573,0.000167,0.000825,-0.163552,-3.883746,0.014316,-2.981392,0.000173,0.000848,-0.163557
121.6500,-0.281246,0.255759,-3.830573,0.000167,0.000825,-0.163553,-3.889582,0.012573,-2.981190,0.000302,0.000676,-0.163442
121.7000,-0.281246,0.255759,-3.830573,0.000167,0.000825,-0.163554,-3.893596,0.011291,-2.981392,0.000355,0.000896,-0.163576
121.7500,-0.281246,0.255759,-3.830573,0.000167,0.000825,-0.163555,-3.899331,0.009445,-2.981190,0.000390,0.000887,-0.163585
121.8000,-0.281246,0.255759,-3.830573,0.000167,0.000825,-0.163556,-3.903345,0.008164,-2.981392,0.000146,0.000780,-0.163385
121.8500,-0.281246,0.255759,-3.830573,0.000167,0.000825,-0.163557,-3.909054,0.006337,-2.981190,-0.000084,0.000918,-0.163595
121.9000,-0.281246,0.255759,-3.830573,0.000167,0.000825,-0.163558,-3.913067,0.005057,-2.981392,0.000170,0.000635,-0.163696
121.9500,-0.281246,0.255759,-3.830573,0.000167,0.000825,-0.163559,-3.918884,0.002960,-2.981190,0.000228,0.000807,-0.163476
122.0000,-0.281247,0.255759,-3.830573,0.000167,0.000825,-0.163559,-3.922897,0.001681,-2.981392,0.000183,0.000861,-0.163629
122.0520,-0.281247,0.255759,-3.830573,0.000167,0.000825,-0.163560,-3.928895,-0.000550,-2.981189,0.000296,0.000827,-0.163617
122.1000,-0.281247,0.255759,-3.830573,0.000167,0.000825,-0.163561,-3.932907,-0.001827,-2.981392,0.000062,0.000707,-0.163502
122.1500,-0.281247,0.255759,-3.830573,0.000167,0.000825,-0.163562,-3.938909,-0.004213,-2.981189,0.000180,0.000760,-0.163660
122.2000,-0.281247,0.255759,-3.830573,0.000167,0.000825,-0.163563,-3.942921,-0.005487,-2.981392,0.000200,0.000823,-0.163500
122.2500,-0.281247,0.255759,-3.830573,0.000167,0.000825,-0.163563,-3.948641,-0.007850,-2.981190,0.000004,0.000986,-0.163652
122.3000,-0.281247,0.255759,-3.830573,0.000167,0.000825,-0.163564,-3.952655,-0.009123,-2.981392,-0.000046,0.000779,-0.163515
122.3500,-0.281247,0.255759,-3.830573,0.000167,0.000825,-0.163565,-3.958656,-0.011488,-2.981189,0.000203,0.000758,-0.163735
122.4000,-0.281247,0.255759,-3.830573,0.000167,0.000825,-0.163566,-3.962668,-0.012760,-2.981392,0.000282,0.000976,-0.163602
122.4500,-0.281247,0.255759,-3.830573,0.000167,0.000825,-0.163567,-3.968686,-0.015136,-2.981189,0.000167,0.000832,-0.163507
122.5000,-0.281248,0.255759,-3.830573,0.000167,0.000825,-0.163567,-3.972697,-0.016409,-2.981391,0.000318,0.000733,-0.163743
122.5500,-0.281248,0.255759,-3.830573,0.000167,0.000825,-0.163568,-3.978655,-0.018707,-2.981189,0.000047,0.000839,-0.163601
122.6000,-0.281248,0.255759,-3.830573,0.000167,0.000825,-0.163569,-3.982666,-0.019978,-2.981391,0.000020,0.000936,-0.163679
122.6500,-0.281248,0.255759,-3.830573,0.000167,0.000825,-0.163570,-3.988705,-0.022179,-2.981189,0.000200,0.000860,-0.163692
122.7000,-0.281248,0.255759,-3.830573,0.000167,0.000825,-0.163570,-3.992715,-0.023451,-2.981392,0.000278,0.000791,-0.163710
122.7500,-0.281248,0.255759,-3.830573,0.000167,0.000825,-0.163571,-3.998580,-0.025316,-2.981190,0.000238,0.000781,-0.163680
122.8000,-0.281248,0.255759,-3.830573,0.000167,0.000825,-0.163572,-4.002591,-0.026591,-2.981392,0.000108,0.000615,-0.163426
122.8500,-0.281248,0.255759,-3.830573,0.000167,0.000825,-0.163572,-4.008346,-0.028444,-2.981190,0.000191,0.000740,-0.163461
122.9000,-0.281248,0.255759,-3.830573,0.000167,0.000825,-0.163573,-4.012358,-0.029720,-2.981392,0.000056,0.000988,-0.163774
122.9500,-0.281248,0.255759,-3.830573,0.000167,0.000825,-0.163574,-4.018442,-0.031578,-2.981189,0.000106,0.000877,-0.163594
123.0000,-0.281248,0.255759,-3.830573,0.000167,0.000825,-0.163574,-4.022451,-0.032852,-2.981391,0.000261,0.001045,-0.163697
123.0500,-0.281249,0.255759,-3.830573,0.000167,0.000825,-0.163575,-4.028557,-0.034621,-2.981189,0.000263,0.000936,-0.163681
123.1000,-0.281249,0.255759,-3.830573,0.000167,0.000825,-0.163576,-4.032565,-0.035895,-2.981391,0.000164,0.000810,-0.163479
123.1500,-0.281249,0.255759,-3.830573,0.000167,0.000825,-0.163576,-4.038771,-0.037639,-2.981189,0.000067,0.000850,-0.163637
123.2000,-0.281249,0.255759,-3.830573,0.000167,0.000825,-0.163577,-4.042777,-0.038912,-2.981391,0.000177,0.000780,-0.163683
123.2500,-0.281249,0.255759,-3.830573,0.000167,0.000825,-0.163578,-4.048904,-0.040677,-2.981189,0.000101,0.000781,-0.163548
123.3000,-0.281249,0.255759,-3.830573,0.000167,0.000825,-0.163578,-4.052912,-0.041949,-2.981391,0.000180,0.000897,-0.163484
123.3500,-0.281249,0.255759,-3.830573,0.000167,0.000825,-0.163579,-4.058965,-0.043673,-2.981189,0.000143,0.000881,-0.163434
123.4000,-0.281249,0.255759,-3.830573,0.000167,0.000825,-0.163580,-4.062972,-0.044947,-2.981391,0.000191,0.000758,-0.163613
123.4500,-0.281249,0.255759,-3.830573,0.000167,0.000825,-0.163580,-4.068964,-0.046494,-2.981189,0.000159,0.000866,-0.163565
123.5000,-0.281249,0.255759,-3.830573,0.000167,0.000825,-0.163581,-4.072972,-0.047770,-2.981392,0.000136,0.000874,-0.163590
123.5500,-0.281249,0.255759,-3.830573,0.000167,0.000825,-0.163581,-4.078900,-0.049329,-2.981189,0.000163,0.000900,-0.163604
123.6000,-0.281249,0.255759,-3.830573,0.000167,0.000825,-0.163582,-4.082907,-0.050605,-2.981391,0.000216,0.000792,-0.163734
123.6500,-0.281249,0.255759,-3.830573,0.000167,0.000825,-0.163583,-4.088829,-0.052225,-2.981189,0.000411,0.000772,-0.163545
123.7000,-0.281250,0.255759,-3.830573,0.000167,0.000825,-0.163583,-4.092837,-0.053501,-2.981392,0.000315,0.000724,-0.163670
123.7520,-0.281250,0.255759,-3.830573,0.000167,0.000825,-0.163584,-4.098473,-0.055145,-2.981190,0.000232,0.000831,-0.163628
123.8000,-0.281250,0.255759,-3.830573,0.000167,0.000825,-0.163584,-4.102483,-0.056422,-2.981392,0.000137,0.000769,-0.163417
123.8500,-0.281250,0.255759,-3.830573,0.000167,0.000825,-0.163585,-4.108169,-0.058212,-2.981190,0.000120,0.000862,-0.163507
123.9000,-0.281250,0.255759,-3.830573,0.000167,0.000825,-0.163586,-4.112179,-0.059487,-2.981392,0.000068,0.000741,-0.163615
123.9500,-0.281250,0.255759,-3.830573,0.000167,0.000825,-0.163586,-4.117977,-0.061458,-2.981190,0.000040,0.000828,-0.163615
124.0000,-0.281250,0.255759,-3.830573,0.000167,0.000825,-0.163587,-4.121988,-0.062731,-2.981392,-0.000011,0.000923,-0.163621
124.0500,-0.281250,0.255759,-3.830573,0.000167,0.000825,-0.163587,-4.127923,-0.064711,-2.981189,0.000129,0.000897,-0.163613
124.1000,-0.281250,0.255759,-3.830573,0.000167,0.000825,-0.163588,-4.131932,-0.065984,-2.981392,0.000022,0.000860,-0.163516
124.1500,-0.281250,0.255759,-3.830573,0.000167,0.000825,-0.163588,-4.137900,-0.068089,-2.981189,0.000251,0.000994,-0.163714
124.2000,-0.281250,0.255759,-3.830573,0.000167,0.000825,-0.163589,-4.141908,-0.069361,-2.981391,0.000242,0.000985,-0.163471
124.2500,-0.281250,0.255759,-3.830573,0.000167,0.000825,-0.163589,-4.148078,-0.071228,-2.981189,0.000196,0.000806,-0.163531
124.3000,-0.281250,0.255759,-3.830573,0.000167,0.000825,-0.163590,-4.152084,-0.072502,-2.981391,0.000233,0.000670,-0.163569
124.3500,-0.281250,0.255759,-3.830573,0.000167,0.000825,-0.163590,-4.158049,-0.074323,-2.981189,0.000194,0.001034,-0.163586
124.4000,-0.281251,0.255759,-3.830573,0.000167,0.000825,-0.163591,-4.162056,-0.075598,-2.981391,0.000062,0.000782,-0.163485
124.4500,-0.281251,0.255759,-3.830573,0.000167,0.000825,-0.163591,-4.168255,-0.077521,-2.981189,0.000141,0.000766,-0.163766
124.5000,-0.281251,0.255759,-3.830573,0.000167,0.000825,-0.163592,-4.172262,-0.078793,-2.981391,0.000147,0.000967,-0.163679
124.5500,-0.281251,0.255759,-3.830573,0.000167,0.000825,-0.163592,-4.178585,-0.080633,-2.981188,0.000217,0.000823,-0.163516
124.6000,-0.281251,0.255759,-3.830573,0.000167,0.000825,-0.163593,-4.182589,-0.081907,-2.981391,0.000072,0.000835,-0.163507
124.6500,-0.281251,0.255759,-3.830573,0.000167,0.000825,-0.163593,-4.189046,-0.083731,-2.981188,0.000262,0.000932,-0.163588
124.7000,-0.281251,0.255759,-3.830573,0.000167,0.000825,-0.163594,-4.193048,-0.085005,-2.981391,0.000279,0.000751,-0.163587
124.7500,-0.281251,0.255759,-3.830573,0.000167,0.000825,-0.163594,-4.199213,-0.086726,-2.981189,0.000105,0.000702,-0.163613
124.8000,-0.281251,0.255759,-3.830573,0.000167,0.000825,-0.163595,-4.203218,-0.088000,-2.981391,0.000106,0.000760,-0.163586
124.8500,-0.281251,0.255759,-3.830573,0.000167,0.000825,-0.163595,-4.209105,-0.089967,-2.981190,0.000192,0.000684,-0.163463
124.9000,-0.281251,0.255759,-3.830573,0.000167,0.000825,-0.163596,-4.213112,-0.091241,-2.981392,0.000036,0.000873,-0.163683
124.9500,-0.281251,0.255759,-3.830573,0.000167,0.000825,-0.163596,-4.219154,-0.093209,-2.981189,0.000421,0.000860,-0.163509
125.0000,-0.281251,0.255759,-3.830573,0.000167,0.000825,-0.163597,-4.223160,-0.094484,-2.981392,0.000271,0.000735,-0.163673
125.0520,-0.281251,0.255759,-3.830573,0.000167,0.000825,-0.163597,-4.229073,-0.096308,-2.981190,0.000067,0.000985,-0.163537
125.1000,-0.281251,0.255759,-3.830573,0.000167,0.000825,-0.163598,-4.233078,-0.097583,-2.981391,0.000069,0.000707,-0.163511
125.1500,-0.281251,0.255759,-3.830573,0.000167,0.000825,-0.163598,-4.239073,-0.099492,-2.981189,-0.000033,0.000818,-0.163494
125.2000,-0.281251,0.255759,-3.830573,0.000167,0.000825,-0.163598,-4.243078,-0.100765,-2.981392,0.000219,0.000732,-0.163558
125.2500,-0.281252,0.255759,-3.830573,0.000167,0.000825,-0.163599,-4.249124,-0.102682,-2.981189,0.000190,0.000908,-0.163621
125.3000,-0.281252,0.255759,-3.830573,0.000167,0.000825,-0.163599,-4.253128,-0.103957,-2.981391,0.000208,0.000842,-0.163681
125.3500,-0.281252,0.255759,-3.830573,0.000167,0.000825,-0.163600,-4.259428,-0.105942,-2.981189,0.000108,0.000684,-0.163514
125.4000,-0.281252,0.255759,-3.830573,0.000167,0.000825,-0.163600,-4.263430,-0.107214,-2.981392,0.000112,0.000812,-0.163756
125.4500,-0.281252,0.255759,-3.830573,0.000167,0.000825,-0.163600,-4.269343,-0.109450,-2.981190,0.000058,0.000604,-0.163731
125.5000,-0.281252,0.255759,-3.830573,0.000167,0.000825,-0.163601,-4.273349,-0.110721,-2.981393,0.000164,0.000952,-0.163558
125.5500,-0.281252,0.255759,-3.830573,0.000167,0.000825,-0.163601,-4.279250,-0.112955,-2.981190,0.000265,0.000834,-0.163477
125.6000,-0.281252,0.255759,-3.830573,0.000167,0.000825,-0.163602,-4.283256,-0.114227,-2.981392,0.000184,0.000813,-0.163478
125.6500,-0.281252,0.255759,-3.830573,0.000167,0.000825,-0.163602,-4.289043,-0.116288,-2.981190,0.000269,0.000772,-0.163589
125.7000,-0.281252,0.255759,-3.830573,0.000167,0.000825,-0.163602,-4.293049,-0.117561,-2.981392,0.000232,0.000744,-0.163612
125.7500,-0.281252,0.255759,-3.830573,0.000167,0.000825,-0.163603,-4.298815,-0.119397,-2.981190,0.000204,0.000736,-0.163676
125.8000,-0.281252,0.255759,-3.830573,0.000167,0.000825,-0.163603,-4.302821,-0.120672,-2.981392,0.000263,0.000690,-0.163421
125.8500,-0.281252,0.255759,-3.830573,0.000167,0.000825,-0.163604,-4.308526,-0.122400,-2.981190,0.000069,0.000749,-0.163541
125.9000,-0.281252,0.255759,-3.830573,0.000167,0.000825,-0.163604,-4.312532,-0.123676,-2.981393,0.000356,0.000851,-0.163652
125.9500,-0.281252,0.255759,-3.830573,0.000167,0.000825,-0.163604,-4.317987,-0.125475,-2.981191,0.000270,0.000817,-0.163560
126.0000,-0.281252,0.255759,-3.830573,0.000167,0.000825,-0.163605,-4.321996,-0.126752,-2.981393,0.000190,0.000943,-0.163636
126.0500,-0.281252,0.255759,-3.830573,0.000167,0.000825,-0.163605,-4.327768,-0.128373,-2.981190,0.000128,0.001103,-0.163615
126.1000,-0.281252,0.255759,-3.830573,0.000167,0.000825,-0.163605,-4.331772,-0.129650,-2.981391,0.000019,0.000942,-0.163499
126.1500,-0.281252,0.255759,-3.830573,0.000167,0.000825,-0.163606,-4.337935,-0.131460,-2.981189,0.000180,0.000902,-0.163557
126.2000,-0.281252,0.255759,-3.830573,0.000167,0.000825,-0.163606,-4.341938,-0.132736,-2.981391,0.000222,0.000721,-0.163717
126.2500,-0.281252,0.255759,-3.830573,0.000167,0.000825,-0.163606,-4.347910,-0.134588,-2.981189,-0.000197,0.000860,-0.163524
126.3000,-0.281253,0.255759,-3.830573,0.000167,0.000825,-0.163607,-4.351914,-0.135861,-2.981391,0.000133,0.000793,-0.163652
126.3500,-0.281253,0.255759,-3.830573,0.000167,0.000825,-0.163607,-4.358145,-0.137887,-2.981189,0.000219,0.000787,-0.163727
126.4000,-0.281253,0.255759,-3.830573,0.000167,0.000825,-0.163607,-4.362149,-0.139160,-2.981392,0.000340,0.000846,-0.163659
126.4500,-0.281253,0.255759,-3.830573,0.000167,0.000825,-0.163608,-4.368154,-0.140863,-2.981189,0.000300,0.000775,-0.163665
126.5000,-0.281253,0.255759,-3.830573,0.000167,0.000825,-0.163608,-4.372159,-0.142141,-2.981392,0.000243,0.000881,-0.163528
126.5500,-0.281253,0.255759,-3.830573,0.000167,0.000825,-0.163608,-4.377949,-0.143769,-2.981190,0.000103,0.000831,-0.163519
126.6000,-0.281253,0.255759,-3.830573,0.000167,0.000825,-0.163609,-4.381954,-0.145047,-2.981392,0.000076,0.000806,-0.163647
126.6500,-0.281253,0.255759,-3.830573,0.000167,0.000825,-0.163609,-4.387998,-0.146860,-2.981189,0.000186,0.001012,-0.163617
126.7000,-0.281253,0.255759,-3.830573,0.000167,0.000825,-0.163609,-4.392001,-0.148138,-2.981391,0.000165,0.000954,-0.163634
126.7500,-0.281253,0.255759,-3.830573,0.000167,0.000825,-0.163610,-4.398101,-0.150156,-2.981189,0.000163,0.000777,-0.163719
126.8000,-0.281253,0.255759,-3.830573,0.000167,0.000825,-0.163610,-4.402106,-0.151431,-2.981391,0.000015,0.000812,-0.163424
126.8500,-0.281253,0.255759,-3.830573,0.000167,0.000825,-0.163610,-4.408077,-0.153677,-2.981189,0.000150,0.000743,-0.163664
126.9000,-0.281253,0.255759,-3.830573,0.000167,0.000825,-0.163611,-4.412084,-0.154951,-2.981392,0.000213,0.000685,-0.163641
126.9500,-0.281253,0.255759,-3.830573,0.000167,0.000825,-0.163611,-4.417948,-0.157057,-2.981190,0.000121,0.000836,-0.163518
127.0000,-0.281253,0.255759,-3.830573,0.000167,0.000825,-0.163611,-4.421954,-0.158332,-2.981392,0.000097,0.000867,-0.163468
127.0500,-0.281253,0.255759,-3.830573,0.000167,0.000825,-0.163612,-4.427996,-0.160557,-2.981189,0.000186,0.000911,-0.163661
127.1000,-0.281253,0.255759,-3.830573,0.000167,0.000825,-0.163612,-4.432002,-0.161831,-2.981391,0.000271,0.000730,-0.163686
127.1500,-0.281253,0.255759,-3.830573,0.000167,0.000825,-0.163612,-4.438099,-0.163998,-2.981189,0.000253,0.000861,-0.163736
127.2000,-0.281253,0.255759,-3.830573,0.000167,0.000825,-0.163612,-4.442104,-0.165272,-2.981392,0.000153,0.000713,-0.163746
127.2500,-0.281253,0.255759,-3.830573,0.000167,0.000825,-0.163613,-4.448245,-0.167380,-2.981189,0.000231,0.000779,-0.163551
127.3000,-0.281253,0.255759,-3.830573,0.000167,0.000825,-0.163613,-4.452250,-0.168655,-2.981392,0.000170,0.000929,-0.163628
127.3500,-0.281253,0.255759,-3.830573,0.000167,0.000825,-0.163613,-4.458358,-0.170665,-2.981189,-0.000040,0.000863,-0.163556
127.4000,-0.281253,0.255759,-3.830573,0.000167,0.000825,-0.163614,-4.462362,-0.171939,-2.981391,0.000211,0.000679,-0.163591
127.4520,-0.281253,0.255759,-3.830574,0.000167,0.000825,-0.163614,-4.468454,-0.174130,-2.981189,0.000159,0.000789,-0.163741
127.5000,-0.281253,0.255759,-3.830574,0.000167,0.000825,-0.163614,-4.472459,-0.175402,-2.981391,0.000168,0.000855,-0.163612
127.5520,-0.281253,0.255759,-3.830574,0.000167,0.000825,-0.163614,-4.478603,-0.177332,-2.981189,0.000216,0.000745,-0.163635
127.6000,-0.281254,0.255759,-3.830574,0.000167,0.000825,-0.163615,-4.482608,-0.178606,-2.981392,0.000082,0.000917,-0.163597
127.6500,-0.281254,0.255759,-3.830574,0.000167,0.000825,-0.163615,-4.488668,-0.180591,-2.981189,0.000166,0.000938,-0.163626
127.7000,-0.281254,0.255759,-3.830574,0.000167,0.000825,-0.163615,-4.492673,-0.181865,-2.981392,0.000155,0.000850,-0.163634
127.7500,-0.281254,0.255759,-3.830574,0.000167,0.000825,-0.163615,-4.498687,-0.183634,-2.981189,0.000073,0.000877,-0.163601
127.8000,-0.281254,0.255759,-3.830574,0.000167,0.000825,-0.163616,-4.502692,-0.184909,-2.981392,0.000036,0.000751,-0.163527
127.8500,-0.281254,0.255759,-3.830574,0.000167,0.000825,-0.163616,-4.508526,-0.186804,-2.981190,0.000014,0.000824,-0.163599
127.9000,-0.281254,0.255759,-3.830574,0.000167,0.000825,-0.163616,-4.512533,-0.188079,-2.981392,0.000179,0.000969,-0.163525
127.9500,-0.281254,0.255759,-3.830574,0.000167,0.000825,-0.163616,-4.518608,-0.189984,-2.981189,0.000036,0.000883,-0.163674
128.0020,-0.281254,0.255759,-3.830574,0.000167,0.000825,-0.163617,-4.522613,-0.191257,-2.981391,0.000223,0.000837,-0.163757
128.0500,-0.281254,0.255759,-3.830574,0.000167,0.000825,-0.163617,-4.528665,-0.193226,-2.981189,0.000223,0.000938,-0.163777
128.1000,-0.281254,0.255759,-3.830574,0.000167,0.000825,-0.163617,-4.532671,-0.194500,-2.981392,0.000128,0.000947,-0.163565
128.1500,-0.281254,0.255759,-3.830574,0.000167,0.000825,-0.163617,-4.538787,-0.196371,-2.981189,0.000218,0.000870,-0.163616
128.2000,-0.281254,0.255759,-3.830574,0.000167,0.000825,-0.163618,-4.542792,-0.197645,-2.981392,0.000048,0.001013,-0.163546
128.2500,-0.281254,0.255759,-3.830574,0.000167,0.000825,-0.163618,-4.549135,-0.199473,-2.981189,0.000369,0.000794,-0.163599
128.3000,-0.281254,0.255759,-3.830574,0.000167,0.000825,-0.163618,-4.553138,-0.200748,-2.981391,0.000081,0.000826,-0.163692
128.3500,-0.281254,0.255759,-3.830574,0.000167,0.000825,-0.163618,-4.559452,-0.202551,-2.981189,0.000072,0.000941,-0.163607
128.4000,-0.281254,0.255759,-3.830574,0.000167,0.000825,-0.163618,-4.563453,-0.203824,-2.981391,0.000266,0.000926,-0.163702
128.4500,-0.281254,0.255759,-3.830574,0.000167,0.000825,-0.163619,-4.569702,-0.205542,-2.981189,0.000038,0.000738,-0.163761
128.5000,-0.281254,0.255759,-3.830574,0.000167,0.000825,-0.163619,-4.573705,-0.206815,-2.981391,0.000156,0.000771,-0.163556
128.5500,-0.281254,0.255759,-3.830574,0.000167,0.000825,-0.163619,-4.579880,-0.208639,-2.981189,0.000325,0.000893,-0.163698
128.6020,-0.281254,0.255759,-3.830574,0.000167,0.000825,-0.163619,-4.583882,-0.209914,-2.981392,0.000065,0.000860,-0.163679
128.6500,-0.281254,0.255759,-3.830574,0.000167,0.000825,-0.163620,-4.589988,-0.211657,-2.981189,0.000305,0.000795,-0.163632
128.7000,-0.281254,0.255759,-3.830574,0.000167,0.000825,-0.163620,-4.593991,-0.212932,-2.981392,-0.000144,0.000932,-0.163740
128.7500,-0.281254,0.255759,-3.830574,0.000167,0.000825,-0.163620,-4.600165,-0.214671,-2.981189,0.000264,0.000840,-0.163657
128.8000,-0.281254,0.255759,-3.830574,0.000167,0.000825,-0.163620,-4.604166,-0.215946,-2.981391,0.000084,0.000914,-0.163647
128.8500,-0.281254,0.255759,-3.830574,0.000167,0.000825,-0.163620,-4.610461,-0.217657,-2.981189,0.000019,0.000656,-0.163423
128.9000,-0.281254,0.255759,-3.830574,0.000167,0.000825,-0.163621,-4.614461,-0.218931,-2.981391,0.000062,0.000815,-0.163604
128.9500,-0.281254,0.255759,-3.830574,0.000167,0.000825,-0.163621,-4.620475,-0.220911,-2.981189,0.000093,0.000804,-0.163662
129.0000,-0.281254,0.255759,-3.830574,0.000167,0.000825,-0.163621,-4.624476,-0.222183,-2.981392,0.000276,0.000732,-0.163669
129.0500,-0.281254,0.255759,-3.830574,0.000167,0.000825,-0.163621,-4.630158,-0.224374,-2.981190,-0.000035,0.000913,-0.163580
129.1000,-0.281254,0.255759,-3.830574,0.000167,0.000825,-0.163621,-4.634162,-0.225645,-2.981392,0.000175,0.000834,-0.163575
129.1500,-0.281254,0.255759,-3.830574,0.000167,0.000825,-0.163622,-4.640039,-0.227578,-2.981190,0.000262,0.000676,-0.163802
129.2000,-0.281254,0.255759,-3.830574,0.000167,0.000825,-0.163622,-4.644043,-0.228851,-2.981393,0.000194,0.000919,-0.163519
129.2500,-0.281254,0.255759,-3.830574,0.000167,0.000825,-0.163622,-4.649817,-0.230691,-2.981190,0.000261,0.000904,-0.163415
129.3020,-0.281254,0.255759,-3.830574,0.000167,0.000825,-0.163622,-4.653819,-0.231966,-2.981392,-0.000045,0.000837,-0.163641
129.3500,-0.281255,0.255759,-3.830574,0.000167,0.000825,-0.163622,-4.659786,-0.233871,-2.981190,0.000104,0.000826,-0.163644
129.4000,-0.281255,0.255759,-3.830574,0.000167,0.000825,-0.163622,-4.663787,-0.235143,-2.981392,0.000147,0.000751,-0.163531
129.4500,-0.281255,0.255759,-3.830574,0.000167,0.000825,-0.163623,-4.669704,-0.237129,-2.981190,0.000069,0.000636,-0.163639
129.5000,-0.281255,0.255759,-3.830574,0.000167,0.000825,-0.163623,-4.673707,-0.238401,-2.981392,0.000188,0.000939,-0.163614
129.5500,-0.281255,0.255759,-3.830574,0.000167,0.000825,-0.163623,-4.679642,-0.240506,-2.981190,0.000226,0.000805,-0.163552
129.6000,-0.281255,0.255759,-3.830574,0.000167,0.000825,-0.163623,-4.683643,-0.241777,-2.981392,0.000130,0.000754,-0.163584
129.6500,-0.281255,0.255759,-3.830574,0.000167,0.000825,-0.163623,-4.689424,-0.243974,-2.981190,0.000100,0.000879,-0.163420
129.7000,-0.281255,0.255759,-3.830574,0.000167,0.000825,-0.163624,-4.693427,-0.245245,-2.981393,0.000299,0.000910,-0.163556
129.7500,-0.281255,0.255759,-3.830574,0.000167,0.000825,-0.163624,-4.699174,-0.247274,-2.981190,0.000103,0.000902,-0.163568
129.8000,-0.281255,0.255759,-3.830574,0.000167,0.000825,-0.163624,-4.703176,-0.248545,-2.981392,0.000198,0.000804,-0.163650
129.8500,-0.281255,0.255759,-3.830574,0.000167,0.000825,-0.163624,-4.709221,-0.250601,-2.981189,0.000117,0.000847,-0.163726
129.9000,-0.281255,0.255759,-3.830574,0.000167,0.000825,-0.163624,-4.713222,-0.251871,-2.981392,-0.000002,0.000786,-0.163726
129.9500,-0.281255,0.255759,-3.830574,0.000167,0.000825,-0.163624,-4.719194,-0.254146,-2.981189,0.000223,0.000841,-0.163640
130.0000,-0.281255,0.255759,-3.830574,0.000167,0.000825,-0.163624,-4.723195,-0.255414,-2.981392,0.000005,0.000749,-0.163720
130.0500,-0.281255,0.255759,-3.830574,0.000167,0.000825,-0.163625,-4.729037,-0.257740,-2.981190,0.000061,0.000881,-0.163652
130.1000,-0.281255,0.255759,-3.830574,0.000167,0.000825,-0.163625,-4.733039,-0.259006,-2.981392,0.000059,0.000790,-0.163851
130.1500,-0.281255,0.255759,-3.830574,0.000167,0.000825,-0.163625,-4.739044,-0.261441,-2.981189,0.000211,0.000981,-0.163572
130.2000,-0.281255,0.255759,-3.830574,0.000167,0.000825,-0.163625,-4.743046,-0.262707,-2.981392,0.000357,0.000914,-0.163790
130.2500,-0.281255,0.255759,-3.830574,0.000167,0.000825,-0.163625,-4.749165,-0.264689,-2.981189,0.000203,0.000732,-0.163578
130.3000,-0.281255,0.255759,-3.830574,0.000167,0.000825,-0.163625,-4.753166,-0.265956,-2.981392,0.000170,0.000884,-0.163510
130.3500,-0.281255,0.255759,-3.830574,0.000167,0.000825,-0.163626,-4.759255,-0.267854,-2.981189,0.000215,0.000997,-0.163676
130.4000,-0.281255,0.255759,-3.830574,0.000167,0.000825,-0.163626,-4.763254,-0.269122,-2.981392,0.000162,0.000822,-0.163581
130.4500,-0.281255,0.255759,-3.830574,0.000167,0.000825,-0.163626,-4.769448,-0.270743,-2.981189,0.000136,0.000890,-0.163667
130.5000,-0.281255,0.255759,-3.830574,0.000167,0.000825,-0.163626,-4.773447,-0.272011,-2.981391,0.000136,0.000858,-0.163704
130.5500,-0.281255,0.255759,-3.830574,0.000167,0.000825,-0.163626,-4.779639,-0.273666,-2.981189,0.000194,0.000713,-0.163726
130.6000,-0.281255,0.255759,-3.830574,0.000167,0.000825,-0.163626,-4.783639,-0.274934,-2.981392,0.000065,0.000684,-0.163612
130.6500,-0.281255,0.255759,-3.830574,0.000167,0.000825,-0.163626,-4.789584,-0.276595,-2.981190,0.000035,0.000845,-0.163497
130.7000,-0.281255,0.255759,-3.830574,0.000167,0.000825,-0.163627,-4.793583,-0.277863,-2.981392,0.000268,0.000812,-0.163527
130.7500,-0.281255,0.255759,-3.830574,0.000167,0.000825,-0.163627,-4.799615,-0.279583,-2.981189,0.000074,0.000796,-0.163722
130.8000,-0.281255,0.255759,-3.830574,0.000167,0.000825,-0.163627,-4.803614,-0.280849,-2.981392,0.000135,0.000798,-0.163666
130.8500,-0.281255,0.255759,-3.830574,0.000167,0.000825,-0.163627,-4.809508,-0.282637,-2.981190,0.000174,0.000690,-0.163727
130.9000,-0.281255,0.255759,-3.830574,0.000167,0.000825,-0.163627,-4.813509,-0.283904,-2.981392,0.000307,0.000719,-0.163713
130.9500,-0.281255,0.255759,-3.830574,0.000167,0.000825,-0.163627,-4.819287,-0.285628,-2.981190,0.000377,0.000831,-0.163836
131.0000,-0.281255,0.255759,-3.830574,0.000167,0.000825,-0.163627,-4.823288,-0.286897,-2.981392,0.000467,0.000960,-0.163890
131.0500,-0.281255,0.255759,-3.830574,0.000167,0.000825,-0.163627,-4.829273,-0.288127,-2.981190,0.000024,0.000816,-0.163617
131.1000,-0.281255,0.255759,-3.830574,0.000167,0.000825,-0.163628,-4.833271,-0.289397,-2.981392,0.000221,0.000888,-0.163781
131.1500,-0.281255,0.255759,-3.830574,0.000167,0.000825,-0.163628,-4.839666,-0.290760,-2.981189,0.000173,0.000707,-0.163445
131.2000,-0.281255,0.255759,-3.830574,0.000167,0.000825,-0.163628,-4.843662,-0.292030,-2.981391,0.000082,0.000742,-0.163601
131.2500,-0.281255,0.255759,-3.830574,0.000167,0.000825,-0.163628,-4.849865,-0.293802,-2.981189,0.000103,0.000778,-0.163546
131.3000,-0.281255,0.255759,-3.830574,0.000167,0.000825,-0.163628,-4.853862,-0.295068,-2.981391,0.000162,0.000696,-0.163637
131.3500,-0.281255,0.255759,-3.830574,0.000167,0.000825,-0.163628,-4.859911,-0.296956,-2.981189,0.000043,0.000781,-0.163644
131.4000,-0.281255,0.255759,-3.830574,0.000167,0.000825,-0.163628,-4.863910,-0.298222,-2.981392,0.000258,0.000907,-0.163408
131.4500,-0.281255,0.255759,-3.830574,0.000167,0.000825,-0.163628,-4.869790,-0.299766,-2.981190,0.000079,0.000952,-0.163509
131.5000,-0.281255,0.255759,-3.830574,0.000167,0.000825,-0.163629,-4.873787,-0.301035,-2.981392,0.000250,0.000585,-0.163555
131.5500,-0.281255,0.255759,-3.830574,0.000167,0.000825,-0.163629,-4.879541,-0.302987,-2.981190,0.000139,0.001024,-0.163689
131.6000,-0.281255,0.255759,-3.830574,0.000167,0.000825,-0.163629,-4.883540,-0.304253,-2.981392,0.000179,0.001007,-0.163559
131.6500,-0.281255,0.255759,-3.830574,0.000167,0.000825,-0.163629,-4.889545,-0.306229,-2.981189,0.000124,0.000820,-0.163457
131.7000,-0.281255,0.255759,-3.830574,0.000167,0.000825,-0.163629,-4.893543,-0.307495,-2.981392,0.000127,0.000762,-0.163580
131.7500,-0.281255,0.255759,-3.830574,0.000167,0.000825,-0.163629,-4.899455,-0.309452,-2.981190,0.000045,0.000940,-0.163637
131.8000,-0.281255,0.255759,-3.830574,0.000167,0.000825,-0.163629,-4.903452,-0.310717,-2.981391,0.000282,0.000744,-0.163676
131.8500,-0.281255,0.255759,-3.830574,0.000167,0.000825,-0.163629,-4.909622,-0.312573,-2.981189,0.000186,0.000808,-0.163629
131.9000,-0.281255,0.255759,-3.830574,0.000167,0.000825,-0.163629,-4.913618,-0.313840,-2.981391,0.000127,0.000849,-0.163833
131.9500,-0.281255,0.255759,-3.830574,0.000167,0.000825,-0.163630,-4.919802,-0.315497,-2.981189,0.000096,0.000949,-0.163648
132.0000,-0.281255,0.255759,-3.830574,0.000167,0.000825,-0.163630,-4.923796,-0.316765,-2.981391,-0.000033,0.000794,-0.163588
132.0500,-0.281255,0.255759,-3.830574,0.000167,0.000825,-0.163630,-4.929952,-0.318769,-2.981189,0.000100,0.001049,-0.163649
132.1000,-0.281255,0.255759,-3.830574,0.000167,0.000825,-0.163630,-4.933946,-0.320034,-2.981391,0.000164,0.000685,-0.163570
132.1500,-0.281255,0.255759,-3.830574,0.000167,0.000825,-0.163630,-4.940108,-0.322001,-2.981189,0.000209,0.000797,-0.163605
132.2000,-0.281256,0.255759,-3.830574,0.000167,0.000825,-0.163630,-4.944103,-0.323268,-2.981391,0.000144,0.000718,-0.163732
132.2500,-0.281256,0.255759,-3.830574,0.000167,0.000825,-0.163630,-4.950066,-0.325299,-2.981190,0.000221,0.000813,-0.163534
132.3000,-0.281256,0.255759,-3.830574,0.000167,0.000825,-0.163630,-4.954061,-0.326566,-2.981392,0.000087,0.000883,-0.163648
132.3500,-0.281256,0.255759,-3.830574,0.000167,0.000825,-0.163630,-4.960140,-0.328507,-2.981189,0.000260,0.000916,-0.163604
132.4000,-0.281256,0.255759,-3.830574,0.000167,0.000825,-0.163631,-4.964134,-0.329774,-2.981392,-0.000092,0.001075,-0.163685
132.4500,-0.281256,0.255759,-3.830574,0.000167,0.000825,-0.163631,-4.970484,-0.331641,-2.981189,0.000113,0.000819,-0.163532
132.5000,-0.281256,0.255759,-3.830574,0.000167,0.000825,-0.163631,-4.974476,-0.332908,-2.981391,0.000165,0.000964,-0.163506
132.5500,-0.281256,0.255759,-3.830574,0.000167,0.000825,-0.163631,-4.980818,-0.334661,-2.981189,0.000280,0.000745,-0.163579
132.6000,-0.281256,0.255759,-3.830574,0.000167,0.000825,-0.163631,-4.984809,-0.335929,-2.981391,0.000053,0.000923,-0.163599
132.6500,-0.281256,0.255759,-3.830574,0.000167,0.000825,-0.163631,-4.990917,-0.337934,-2.981189,0.000127,0.000909,-0.163580
132.7000,-0.281256,0.255759,-3.830574,0.000167,0.000825,-0.163631,-4.994908,-0.339199,-2.981391,0.000070,0.000749,-0.163526
132.7500,-0.281256,0.255759,-3.830574,0.000167,0.000825,-0.163631,-5.001261,-0.341361,-2.981189,0.000236,0.000881,-0.163640
132.8000,-0.281256,0.255759,-3.830574,0.000167,0.000825,-0.163631,-5.005249,-0.342626,-2.981391,0.000250,0.000825,-0.163611
132.8500,-0.281256,0.255759,-3.830574,0.000167,0.000825,-0.163631,-5.011296,-0.344693,-2.981189,0.000103,0.000842,-0.163714
132.9000,-0.281256,0.255759,-3.830574,0.000167,0.000825,-0.163631,-5.015287,-0.345958,-2.981392,0.000217,0.000687,-0.163597
132.9500,-0.281256,0.255759,-3.830574,0.000167,0.000825,-0.163632,-5.021190,-0.348191,-2.981190,0.000074,0.000811,-0.163729
133.0000,-0.281256,0.255759,-3.830574,0.000167,0.000825,-0.163632,-5.025181,-0.349454,-2.981392,0.000230,0.000956,-0.163590
133.0500,-0.281256,0.255759,-3.830574,0.000167,0.000825,-0.163632,-5.031018,-0.351756,-2.981190,0.000146,0.000728,-0.163487
133.1000,-0.281256,0.255759,-3.830574,0.000167,0.000825,-0.163632,-5.035010,-0.353019,-2.981392,0.000165,0.000852,-0.163709
133.1500,-0.281256,0.255759,-3.830574,0.000167,0.000825,-0.163632,-5.040642,-0.355230,-2.981190,0.000203,0.000769,-0.163591
133.2000,-0.281256,0.255759,-3.830574,0.000167,0.000825,-0.163632,-5.044635,-0.356494,-2.981393,-0.000035,0.000705,-0.163677
133.2500,-0.281256,0.255759,-3.830574,0.000167,0.000825,-0.163632,-5.050151,-0.358649,-2.981190,0.000246,0.000480,-0.163565
133.3020,-0.281256,0.255759,-3.830574,0.000167,0.000825,-0.163632,-5.054146,-0.359913,-2.981393,0.000136,0.000980,-0.163750
133.3500,-0.281256,0.255759,-3.830574,0.000167,0.000825,-0.163632,-5.059654,-0.362027,-2.981190,0.000148,0.000902,-0.163506
133.4000,-0.281256,0.255759,-3.830574,0.000167,0.000825,-0.163632,-5.063647,-0.363290,-2.981393,-0.000058,0.000901,-0.163603
133.4500,-0.281256,0.255759,-3.830574,0.000167,0.000825,-0.163632,-5.069505,-0.365490,-2.981190,0.000082,0.000877,-0.163560
133.5000,-0.281256,0.255759,-3.830574,0.000167,0.000825,-0.163632,-5.073495,-0.366751,-2.981391,0.000219,0.000861,-0.163612
133.5520,-0.281256,0.255759,-3.830574,0.000167,0.000825,-0.163632,-5.079762,-0.368595,-2.981189,0.000249,0.000967,-0.163675
133.6000,-0.281256,0.255759,-3.830574,0.000167,0.000825,-0.163633,-5.083747,-0.369858,-2.981391,0.000192,0.000766,-0.163459
133.6500,-0.281256,0.255759,-3.830574,0.000167,0.000825,-0.163633,-5.090390,-0.371584,-2.981188,0.000162,0.000940,-0.163552
133.7000,-0.281256,0.255759,-3.830574,0.000167,0.000825,-0.163633,-5.094372,-0.372846,-2.981390,0.000149,0.000786,-0.163591
133.7500,-0.281256,0.255759,-3.830574,0.000167,0.000825,-0.163633,-5.100998,-0.374431,-2.981188,0.000006,0.000890,-0.163663
133.8000,-0.281256,0.255759,-3.830574,0.000167,0.000825,-0.163633,-5.104979,-0.375693,-2.981390,0.000244,0.000859,-0.163571
133.8500,-0.281256,0.255759,-3.830574,0.000167,0.000825,-0.163633,-5.111439,-0.377315,-2.981189,0.000179,0.000785,-0.163820
133.9000,-0.281256,0.255759,-3.830574,0.000167,0.000825,-0.163633,-5.115421,-0.378578,-2.981391,0.000117,0.000740,-0.163700
133.9500,-0.281256,0.255759,-3.830574,0.000167,0.000825,-0.163633,-5.121540,-0.380311,-2.981189,0.000115,0.000828,-0.163676
134.0000,-0.281256,0.255759,-3.830574,0.000167,0.000825,-0.163633,-5.125524,-0.381572,-2.981392,0.000191,0.000876,-0.163615
134.0500,-0.281256,0.255759,-3.830574,0.000167,0.000825,-0.163633,-5.131397,-0.383335,-2.981190,0.000162,0.000882,-0.163570
134.1020,-0.281256,0.255759,-3.830574,0.000167,0.000825,-0.163633,-5.135381,-0.384597,-2.981392,0.000129,0.000869,-0.163664
134.1500,-0.281256,0.255759,-3.830574,0.000167,0.000825,-0.163633,-5.141169,-0.386215,-2.981190,0.000324,0.000691,-0.163442
134.2000,-0.281256,0.255759,-3.830574,0.000167,0.000825,-0.163633,-5.145154,-0.387479,-2.981393,0.000009,0.000741,-0.163511
134.2500,-0.281256,0.255759,-3.830574,0.000167,0.000825,-0.163633,-5.150689,-0.389389,-2.981190,0.000102,0.000866,-0.163821
134.3000,-0.281256,0.255759,-3.830574,0.000167,0.000825,-0.163634,-5.154675,-0.390649,-2.981393,0.000318,0.000965,-0.163636
134.3500,-0.281256,0.255759,-3.830574,0.000167,0.000825,-0.163634,-5.160503,-0.392792,-2.981190,0.000138,0.000948,-0.163628
134.4000,-0.281256,0.255759,-3.830574,0.000167,0.000825,-0.163634,-5.164486,-0.394050,-2.981392,0.000366,0.000905,-0.163457
134.4500,-0.281256,0.255759,-3.830574,0.000167,0.000825,-0.163634,-5.170630,-0.396016,-2.981189,0.000016,0.001016,-0.163684
134.5000,-0.281256,0.255759,-3.830574,0.000167,0.000825,-0.163634,-5.174609,-0.397274,-2.981391,0.000107,0.000888,-0.163576
134.5500,-0.281256,0.255759,-3.830574,0.000167,0.000825,-0.163634,-5.180782,-0.399121,-2.981189,0.000253,0.000821,-0.163499
134.6000,-0.281256,0.255759,-3.830574,0.000167,0.000825,-0.163634,-5.184762,-0.400381,-2.981392,0.000004,0.001019,-0.163671
134.6500,-0.281256,0.255759,-3.830574,0.000167,0.000825,-0.163634,-5.190780,-0.402225,-2.981189,0.000043,0.000854,-0.163649
134.7000,-0.281256,0.255759,-3.830574,0.000167,0.000825,-0.163634,-5.194759,-0.403483,-2.981392,0.000180,0.000782,-0.163747
134.7500,-0.281256,0.255759,-3.830574,0.000167,0.000825,-0.163634,-5.200558,-0.405555,-2.981190,0.000009,0.000845,-0.163635
134.8000,-0.281256,0.255759,-3.830574,0.000167,0.000825,-0.163634,-5.204538,-0.406811,-2.981392,0.000220,0.000927,-0.163658
134.8500,-0.281256,0.255759,-3.830574,0.000167,0.000825,-0.163634,-5.210688,-0.408866,-2.981189,0.000191,0.000833,-0.163741
134.9020,-0.281256,0.255759,-3.830574,0.000167,0.000825,-0.163634,-5.214666,-0.410123,-2.981392,0.000142,0.000954,-0.163660
134.9500,-0.281256,0.255759,-3.830574,0.000167,0.000825,-0.163634,-5.220623,-0.412045,-2.981190,0.000353,0.000855,-0.163625
135.0000,-0.281256,0.255759,-3.830574,0.000167,0.000825,-0.163634,-5.224601,-0.413304,-2.981392,0.000141,0.000860,-0.163483
135.0500,-0.281256,0.255759,-3.830574,0.000167,0.000825,-0.163634,-5.230204,-0.414785,-2.981190,0.000141,0.000942,-0.163602
135.1000,-0.281256,0.255759,-3.830574,0.000167,0.000825,-0.163635,-5.234183,-0.416046,-2.981393,0.000172,0.000859,-0.163408
135.1500,-0.281256,0.255759,-3.830574,0.000167,0.000825,-0.163635,-5.239914,-0.417642,-2.981190,0.000204,0.000912,-0.163820
135.2000,-0.281256,0.255759,-3.830574,0.000167,0.000825,-0.163635,-5.243892,-0.418901,-2.981392,0.000161,0.000810,-0.163596
135.2500,-0.281256,0.255759,-3.830574,0.000167,0.000825,-0.163635,-5.249594,-0.420838,-2.981190,0.000072,0.000806,-0.163642
135.3000,-0.281256,0.255759,-3.830574,0.000167,0.000825,-0.163635,-5.253572,-0.422095,-2.981392,0.000008,0.000715,-0.163767
135.3500,-0.281256,0.255759,-3.830574,0.000167,0.000825,-0.163635,-5.259271,-0.424239,-2.981190,0.000128,0.000789,-0.163735
135.4000,-0.281256,0.255759,-3.830574,0.000167,0.000825,-0.163635,-5.263249,-0.425494,-2.981392,0.000107,0.000904,-0.163551
135.4500,-0.281256,0.255759,-3.830574,0.000167,0.000825,-0.163635,-5.268923,-0.427588,-2.981190,0.000064,0.000883,-0.163615
135.5000,-0.281256,0.255759,-3.830574,0.000167,0.000825,-0.163635,-5.272901,-0.428843,-2.981392,0.000313,0.000638,-0.163636
135.5500,-0.281256,0.255759,-3.830574,0.000167,0.000825,-0.163635,-5.278403,-0.431016,-2.981190,0.000313,0.000818,-0.163745
135.6000,-0.281256,0.255759,-3.830574,0.000167,0.000825,-0.163635,-5.282383,-0.432271,-2.981392,0.000101,0.000723,-0.163625
135.6500,-0.281256,0.255759,-3.830574,0.000167,0.000825,-0.163635,-5.288029,-0.434302,-2.981190,0.000154,0.000755,-0.163663
135.7000,-0.281256,0.255759,-3.830574,0.000167,0.000825,-0.163635,-5.292008,-0.435556,-2.981393,0.000218,0.000799,-0.163659
135.7500,-0.281256,0.255759,-3.830574,0.000167,0.000825,-0.163635,-5.297840,-0.437758,-2.981190,0.000149,0.000789,-0.163617
135.8000,-0.281256,0.255759,-3.830574,0.000167,0.000825,-0.163635,-5.301818,-0.439011,-2.981392,0.000272,0.001051,-0.163622
135.8500,-0.281256,0.255759,-3.830574,0.000167,0.000825,-0.163635,-5.308060,-0.440877,-2.981189,0.000196,0.000785,-0.163592
135.9000,-0.281256,0.255759,-3.830574,0.000167,0.000825,-0.163635,-5.312034,-0.442131,-2.981392,0.000324,0.000938,-0.163645
135.9500,-0.281256,0.255759,-3.830574,0.000167,0.000825,-0.163635,-5.318388,-0.443873,-2.981189,0.000190,0.001097,-0.163795
136.0000,-0.281256,0.255759,-3.830574,0.000167,0.000825,-0.163635,-5.322360,-0.445128,-2.981391,0.000281,0.000911,-0.163614
136.0500,-0.281256,0.255759,-3.830574,0.000167,0.000825,-0.163635,-5.328757,-0.446239,-2.981189,0.000100,0.001079,-0.163720
136.1000,-0.281256,0.255759,-3.830574,0.000167,0.000825,-0.163636,-5.332727,-0.447497,-2.981391,0.000240,0.000753,-0.163688
136.1500,-0.281256,0.255759,-3.830574,0.000167,0.000825,-0.163636,-5.339025,-0.448767,-2.981189,0.000117,0.000681,-0.163427
136.2020,-0.281256,0.255759,-3.830574,0.000167,0.000825,-0.163636,-5.342997,-0.450024,-2.981392,0.000345,0.000718,-0.163425
136.2500,-0.281256,0.255759,-3.830574,0.000167,0.000825,-0.163636,-5.349152,-0.451455,-2.981189,0.000058,0.000904,-0.163500
136.3000,-0.281256,0.255759,-3.830574,0.000167,0.000825,-0.163636,-5.353123,-0.452711,-2.981391,0.000219,0.000932,-0.163628
136.3500,-0.281256,0.255759,-3.830574,0.000167,0.000825,-0.163636,-5.359581,-0.454064,-2.981189,0.000244,0.000900,-0.163520
136.4000,-0.281256,0.255759,-3.830574,0.000167,0.000825,-0.163636,-5.363549,-0.455321,-2.981391,-0.000051,0.000823,-0.163771
136.4500,-0.281256,0.255759,-3.830574,0.000167,0.000825,-0.163636,-5.370068,-0.456969,-2.981189,0.000039,0.000842,-0.163625
136.5000,-0.281256,0.255759,-3.830574,0.000167,0.000825,-0.163636,-5.374034,-0.458224,-2.981390,0.000094,0.000781,-0.163535
136.5500,-0.281256,0.255759,-3.830574,0.000167,0.000825,-0.163636,-5.380538,-0.460192,-2.981189,0.000134,0.000826,-0.163634
136.6000,-0.281256,0.255759,-3.830574,0.000167,0.000825,-0.163636,-5.384505,-0.461445,-2.981391,0.000116,0.000681,-0.163477
136.6500,-0.281256,0.255759,-3.830574,0.000167,0.000825,-0.163636,-5.390518,-0.463417,-2.981189,0.000237,0.000729,-0.163656
136.7000,-0.281256,0.255759,-3.830574,0.000167,0.000825,-0.163636,-5.394487,-0.464671,-2.981392,0.000201,0.000786,-0.163561
136.7500,-0.281256,0.255759,-3.830574,0.000167,0.000825,-0.163636,-5.400253,-0.466537,-2.981190,0.000159,0.000745,-0.163502
136.8000,-0.281256,0.255759,-3.830574,0.000167,0.000825,-0.163636,-5.404223,-0.467791,-2.981393,0.000102,0.000818,-0.163699
136.8520,-0.281256,0.255759,-3.830574,0.000167,0.000825,-0.163636,-5.409627,-0.469954,-2.981190,0.000066,0.000809,-0.163744
136.9020,-0.281256,0.255759,-3.830574,0.000167,0.000825,-0.163636,-5.413598,-0.471206,-2.981393,0.000204,0.000819,-0.163369
136.9500,-0.281256,0.255759,-3.830574,0.000167,0.000825,-0.163636,-5.418947,-0.473604,-2.981190,0.000207,0.000833,-0.163600
137.0000,-0.281256,0.255759,-3.830574,0.000167,0.000825,-0.163636,-5.422918,-0.474855,-2.981393,0.000272,0.000926,-0.163678
137.0500,-0.281256,0.255759,-3.830574,0.000167,0.000825,-0.163636,-5.428243,-0.476869,-2.981191,0.000218,0.000964,-0.163564
137.1000,-0.281256,0.255759,-3.830574,0.000167,0.000825,-0.163636,-5.432214,-0.478122,-2.981393,0.000243,0.000798,-0.163686
137.1500,-0.281256,0.255759,-3.830574,0.000167,0.000825,-0.163636,-5.437666,-0.479950,-2.981190,0.000211,0.000899,-0.163484
137.2000,-0.281256,0.255759,-3.830574,0.000167,0.000825,-0.163636,-5.441636,-0.481204,-2.981393,0.000321,0.000849,-0.163552
137.2500,-0.281256,0.255759,-3.830574,0.000167,0.000825,-0.163636,-5.447084,-0.483195,-2.981190,0.000152,0.000759,-0.163561
137.3000,-0.281256,0.255759,-3.830574,0.000167,0.000825,-0.163636,-5.451055,-0.484449,-2.981393,0.000206,0.000903,-0.163621
137.3500,-0.281256,0.255759,-3.830574,0.000167,0.000825,-0.163637,-5.456716,-0.486130,-2.981190,0.000132,0.000870,-0.163720
137.4000,-0.281256,0.255759,-3.830574,0.000167,0.000825,-0.163637,-5.460685,-0.487384,-2.981392,0.000131,0.000831,-0.163736
137.4500,-0.281256,0.255759,-3.830574,0.000167,0.000825,-0.163637,-5.466521,-0.489119,-2.981190,0.000043,0.000871,-0.163697
137.5000,-0.281256,0.255759,-3.830574,0.000167,0.000825,-0.163637,-5.470488,-0.490373,-2.981392,0.000046,0.000929,-0.163581
137.5500,-0.281256,0.255759,-3.830574,0.000167,0.000825,-0.163637,-5.476396,-0.492439,-2.981190,0.000301,0.000887,-0.163605
137.6020,-0.281256,0.255759,-3.830574,0.000167,0.000825,-0.163637,-5.480364,-0.493692,-2.981392,0.000093,0.000820,-0.163489
137.6500,-0.281256,0.255759,-3.830574,0.000167,0.000825,-0.163637,-5.485998,-0.495627,-2.981190,0.000241,0.000968,-0.163599
137.7000,-0.281256,0.255759,-3.830574,0.000167,0.000825,-0.163637,-5.489966,-0.496881,-2.981392,0.000326,0.000880,-0.163596
137.7500,-0.281256,0.255759,-3.830574,0.000167,0.000825,-0.163637,-5.495767,-0.498394,-2.981190,0.000222,0.000981,-0.163662
137.8000,-0.281256,0.255759,-3.830574,0.000167,0.000825,-0.163637,-5.499734,-0.499650,-2.981392,0.000184,0.000709,-0.163572
137.8500,-0.281256,0.255759,-3.830574,0.000167,0.000825,-0.163637,-5.505649,-0.501215,-2.981190,0.000100,0.000731,-0.163489
137.9020,-0.281256,0.255759,-3.830574,0.000167,0.000825,-0.163637,-5.509616,-0.502471,-2.981392,0.000091,0.000949,-0.163558
137.9500,-0.281256,0.255759,-3.830574,0.000167,0.000825,-0.163637,-5.515770,-0.504298,-2.981189,0.000184,0.000956,-0.163775
138.0000,-0.281256,0.255759,-3.830574,0.000167,0.000825,-0.163637,-5.519734,-0.505553,-2.981391,-0.000004,0.000820,-0.163806
138.0500,-0.281256,0.255759,-3.830574,0.000167,0.000825,-0.163637,-5.526171,-0.507611,-2.981189,0.000267,0.000852,-0.163722
138.1000,-0.281256,0.255759,-3.830574,0.000167,0.000825,-0.163637,-5.530134,-0.508863,-2.981391,0.000070,0.000789,-0.163667
138.1500,-0.281256,0.255759,-3.830574,0.000167,0.000825,-0.163637,-5.536202,-0.511050,-2.981189,0.000199,0.001001,-0.163634
138.2000,-0.281256,0.255759,-3.830574,0.000167,0.000825,-0.163637,-5.540166,-0.512302,-2.981392,0.000281,0.000675,-0.163622
138.2500,-0.281256,0.255759,-3.830574,0.000167,0.000825,-0.163637,-5.546141,-0.514235,-2.981189,0.000105,0.000910,-0.163589
138.3000,-0.281256,0.255759,-3.830574,0.000167,0.000825,-0.163637,-5.550106,-0.515488,-2.981392,0.000177,0.000780,-0.163690
138.3500,-0.281256,0.255759,-3.830574,0.000167,0.000825,-0.163637,-5.555945,-0.517711,-2.981190,0.000120,0.000857,-0.163582
138.4000,-0.281256,0.255759,-3.830574,0.000167,0.000825,-0.163637,-5.559912,-0.518963,-2.981392,0.000274,0.000890,-0.163841
138.4500,-0.281256,0.255759,-3.830574,0.000167,0.000825,-0.163637,-5.565628,-0.521043,-2.981190,0.000115,0.000869,-0.163629
138.5000,-0.281256,0.255759,-3.830574,0.000167,0.000825,-0.163637,-5.569595,-0.522295,-2.981392,0.000157,0.000760,-0.163667
138.5500,-0.281256,0.255759,-3.830574,0.000167,0.000825,-0.163637,-5.575316,-0.524437,-2.981190,0.000259,0.000758,-0.163761
138.6020,-0.281256,0.255759,-3.830574,0.000167,0.000825,-0.163637,-5.579284,-0.525688,-2.981392,0.000238,0.000864,-0.163765
138.6500,-0.281256,0.255759,-3.830574,0.000167,0.000825,-0.163637,-5.585129,-0.527683,-2.981190,0.000128,0.000726,-0.163749
138.7000,-0.281256,0.255759,-3.830574,0.000167,0.000825,-0.163637,-5.589096,-0.528935,-2.981392,0.000087,0.000996,-0.163577
138.7500,-0.281256,0.255759,-3.830574,0.000167,0.000825,-0.163637,-5.595172,-0.531459,-2.981189,0.000139,0.000954,-0.163659
138.8000,-0.281256,0.255759,-3.830574,0.000167,0.000825,-0.163637,-5.599136,-0.532707,-2.981391,0.000229,0.000699,-0.163652
138.8500,-0.281256,0.255759,-3.830574,0.000167,0.000825,-0.163637,-5.605539,-0.534975,-2.981189,0.000231,0.000958,-0.163695
138.9000,-0.281256,0.255759,-3.830574,0.000167,0.000825,-0.163637,-5.609501,-0.536224,-2.981391,0.000185,0.000861,-0.163666
138.9500,-0.281256,0.255759,-3.830574,0.000167,0.000825,-0.163637,-5.616080,-0.538415,-2.981188,0.000035,0.000795,-0.163688
139.0000,-0.281256,0.255759,-3.830574,0.000167,0.000825,-0.163637,-5.620042,-0.539662,-2.981391,0.000255,0.000961,-0.163696
139.0500,-0.281256,0.255759,-3.830574,0.000167,0.000825,-0.163638,-5.626358,-0.541641,-2.981189,0.000237,0.000809,-0.163593
139.1000,-0.281256,0.255759,-3.830574,0.000167,0.000825,-0.163638,-5.630321,-0.542890,-2.981391,0.000300,0.000693,-0.163632
139.1500,-0.281256,0.255759,-3.830574,0.000167,0.000825,-0.163638,-5.635955,-0.544510,-2.981190,0.000212,0.000928,-0.163469
139.2000,-0.281256,0.255759,-3.830574,0.000167,0.000825,-0.163638,-5.639920,-0.545762,-2.981393,0.000214,0.001095,-0.163616
139.2500,-0.281256,0.255759,-3.830574,0.000167,0.000825,-0.163638,-5.645671,-0.547120,-2.981190,0.000192,0.000832,-0.163809
139.3000,-0.281256,0.255759,-3.830574,0.000167,0.000825,-0.163638,-5.649636,-0.548373,-2.981392,0.000216,0.000849,-0.163761
139.3500,-0.281256,0.255759,-3.830574,0.000167,0.000825,-0.163638,-5.655659,-0.549402,-2.981190,0.000072,0.000724,-0.163767
139.4000,-0.281256,0.255759,-3.830574,0.000167,0.000825,-0.163638,-5.659622,-0.550656,-2.981392,0.000095,0.000885,-0.163717
139.4500,-0.281256,0.255759,-3.830574,0.000167,0.000825,-0.163638,-5.665463,-0.552174,-2.981190,0.000010,0.000913,-0.163695
139.5000,-0.281256,0.255759,-3.830574,0.000167,0.000825,-0.163638,-5.669426,-0.553425,-2.981392,-0.000072,0.000713,-0.163428
139.5520,-0.281256,0.255759,-3.830574,0.000167,0.000825,-0.163638,-5.675379,-0.555166,-2.981190,0.000219,0.000911,-0.163595
139.6000,-0.281256,0.255759,-3.830574,0.000167,0.000825,-0.163638,-5.679341,-0.556417,-2.981392,0.000047,0.000878,-0.163795
139.6500,-0.281256,0.255759,-3.830574,0.000167,0.000825,-0.163638,-5.685583,-0.557807,-2.981189,0.000102,0.000624,-0.163628
139.7000,-0.281256,0.255759,-3.830574,0.000167,0.000825,-0.163638,-5.689544,-0.559059,-2.981392,-0.000070,0.000924,-0.163606
139.7500,-0.281257,0.255759,-3.830574,0.000167,0.000825,-0.163638,-5.695571,-0.560833,-2.981189,0.000381,0.000726,-0.163531
139.8000,-0.281257,0.255759,-3.830574,0.000167,0.000825,-0.163638,-5.699532,-0.562084,-2.981392,0.000206,0.000655,-0.163573
139.8500,-0.281257,0.255759,-3.830574,0.000167,0.000825,-0.163638,-5.705232,-0.563745,-2.981190,-0.000013,0.000852,-0.163596
139.9020,-0.281257,0.255759,-3.830574,0.000167,0.000825,-0.163638,-5.709195,-0.564995,-2.981392,0.000254,0.000793,-0.163717
139.9500,-0.281257,0.255759,-3.830574,0.000167,0.000825,-0.163638,-5.714979,-0.566854,-2.981190,0.000224,0.000777,-0.163485
140.0000,-0.281257,0.255759,-3.830574,0.000167,0.000825,-0.163638,-5.718941,-0.568105,-2.981392,0.000014,0.000794,-0.163661
140.0500,-0.281257,0.255759,-3.830574,0.000167,0.000825,-0.163638,-5.724789,-0.569962,-2.981190,0.000173,0.000819,-0.163541
140.1000,-0.281257,0.255759,-3.830574,0.000167,0.000825,-0.163638,-5.728751,-0.571213,-2.981392,-0.000036,0.000835,-0.163670
140.1500,-0.281257,0.255759,-3.830574,0.000167,0.000825,-0.163638,-5.734628,-0.573012,-2.981190,0.000160,0.000755,-0.163609
140.2000,-0.281257,0.255759,-3.830574,0.000167,0.000825,-0.163638,-5.738590,-0.574262,-2.981392,0.000218,0.000765,-0.163715
140.2500,-0.281257,0.255759,-3.830574,0.000167,0.000825,-0.163638,-5.744164,-0.575872,-2.981190,0.000103,0.000805,-0.163480
140.3000,-0.281257,0.255759,-3.830574,0.000167,0.000825,-0.163638,-5.748126,-0.577124,-2.981392,0.000190,0.000707,-0.163680
140.3500,-0.281257,0.255759,-3.830574,0.000167,0.000825,-0.163638,-5.753444,-0.578899,-2.981191,0.000150,0.000771,-0.163496
140.4000,-0.281257,0.255759,-3.830574,0.000167,0.000825,-0.163638,-5.757409,-0.580151,-2.981393,0.000098,0.000703,-0.163642
140.4500,-0.281257,0.255759,-3.830574,0.000167,0.000825,-0.163638,-5.762935,-0.582277,-2.981190,0.000229,0.000850,-0.163565
140.5000,-0.281257,0.255759,-3.830574,0.000167,0.000825,-0.163638,-5.766898,-0.583528,-2.981393,0.000140,0.000700,-0.163761
140.5500,-0.281257,0.255759,-3.830574,0.000167,0.000825,-0.163638,-5.772309,-0.585479,-2.981190,0.000157,0.000871,-0.163724
140.6000,-0.281257,0.255759,-3.830574,0.000167,0.000825,-0.163638,-5.776273,-0.586730,-2.981392,0.000136,0.000779,-0.163586
140.6500,-0.281257,0.255759,-3.830574,0.000167,0.000825,-0.163638,-5.782114,-0.588660,-2.981190,0.000153,0.000781,-0.163580
140.7000,-0.281257,0.255759,-3.830574,0.000167,0.000825,-0.163638,-5.786076,-0.589912,-2.981392,0.000242,0.000858,-0.163537
140.7500,-0.281257,0.255759,-3.830574,0.000167,0.000825,-0.163638,-5.791841,-0.591577,-2.981190,0.000051,0.000880,-0.163700
140.8000,-0.281257,0.255759,-3.830574,0.000167,0.000825,-0.163638,-5.795804,-0.592829,-2.981392,0.000073,0.001001,-0.163622
140.8500,-0.281257,0.255759,-3.830574,0.000167,0.000825,-0.163638,-5.801743,-0.594786,-2.981190,0.000106,0.000719,-0.163785
140.9000,-0.281257,0.255759,-3.830574,0.000167,0.000825,-0.163638,-5.805706,-0.596036,-2.981392,0.000201,0.000851,-0.163570
140.9500,-0.281257,0.255759,-3.830574,0.000167,0.000825,-0.163638,-5.811549,-0.598401,-2.981190,0.000130,0.000787,-0.163525
141.0000,-0.281257,0.255759,-3.830574,0.000167,0.000825,-0.163638,-5.815512,-0.599650,-2.981392,0.000060,0.000686,-0.163749
141.0500,-0.281257,0.255759,-3.830574,0.000167,0.000825,-0.163638,-5.821516,-0.602163,-2.981189,0.000451,0.000755,-0.163620
141.1000,-0.281257,0.255759,-3.830574,0.000167,0.000825,-0.163638,-5.825480,-0.603412,-2.981392,0.000190,0.000788,-0.163585
141.1500,-0.281257,0.255759,-3.830574,0.000167,0.000825,-0.163638,-5.831236,-0.605621,-2.981190,0.000214,0.000878,-0.163715
141.2000,-0.281257,0.255759,-3.830574,0.000167,0.000825,-0.163638,-5.835200,-0.606870,-2.981392,0.000176,0.000652,-0.163675
141.2500,-0.281257,0.255759,-3.830574,0.000167,0.000825,-0.163638,-5.841066,-0.608947,-2.981190,0.000204,0.000718,-0.163838
141.3000,-0.281257,0.255759,-3.830574,0.000167,0.000825,-0.163638,-5.845031,-0.610196,-2.981392,0.000204,0.000916,-0.163769
141.3500,-0.281257,0.255759,-3.830574,0.000167,0.000825,-0.163638,-5.850957,-0.612237,-2.981190,0.000087,0.000803,-0.163542
141.4000,-0.281257,0.255759,-3.830574,0.000167,0.000825,-0.163638,-5.854921,-0.613487,-2.981392,0.000256,0.000796,-0.163538
141.4500,-0.281257,0.255759,-3.830574,0.000167,0.000825,-0.163638,-5.860688,-0.615501,-2.981190,0.000186,0.000879,-0.163622
