t,gt_x,gt_y,gt_z,gt_roll,gt_pitch,gt_yaw,est_x,est_y,est_z,est_roll,est_pitch,est_yaw
0.0000,-0.006232,-0.002205,-2.808289,0.000104,0.000664,-0.001299,-0.000159,-0.000020,-0.605402,-0.000090,0.000626,-0.001438
0.0000,-0.006232,-0.002205,-2.808289,0.000104,0.000664,-0.001299,-0.000159,-0.000020,-0.605402,-0.000090,0.000626,-0.001438
0.0500,-0.006233,-0.002204,-2.808101,0.000100,0.000674,-0.001298,-0.000158,-0.000020,-0.605220,0.000084,0.000681,-0.001209
0.1000,-0.006233,-0.002204,-2.807915,0.000097,0.000684,-0.001298,-0.000161,-0.000021,-0.639861,0.000091,0.000583,-0.001342
0.1500,-0.006234,-0.002204,-2.807730,0.000094,0.000693,-0.001298,-0.000163,-0.000020,-0.639654,0.000150,0.000768,-0.001266
0.2000,-0.006234,-0.002203,-2.807548,0.000091,0.000702,-0.001298,-0.000164,-0.000020,-0.674202,0.000088,0.000727,-0.001136
0.2500,-0.006235,-0.002203,-2.807367,0.000088,0.000710,-0.001298,-0.000164,-0.000020,-0.673894,0.000070,0.000662,-0.001401
0.3000,-0.006235,-0.002203,-2.807188,0.000085,0.000718,-0.001298,-0.000165,-0.000021,-0.708064,0.000007,0.000740,-0.001189
0.3500,-0.006236,-0.002202,-2.807011,0.000082,0.000726,-0.001298,-0.000166,-0.000021,-0.707918,-0.000082,0.000451,-0.001347
0.4000,-0.006236,-0.002202,-2.806836,0.000079,0.000733,-0.001297,-0.000162,-0.000024,-0.741785,0.000187,0.000632,-0.001218
0.4500,-0.006237,-0.002202,-2.806662,0.000076,0.000739,-0.001297,-0.000164,-0.000024,-0.741595,0.000065,0.000563,-0.001207
0.5000,-0.006237,-0.002201,-2.806490,0.000074,0.000745,-0.001297,-0.000166,-0.000024,-0.775300,0.000172,0.000755,-0.001426
0.5500,-0.006238,-0.002201,-2.806320,0.000071,0.000751,-0.001297,-0.000165,-0.000023,-0.774925,0.000057,0.000719,-0.001424
0.6000,-0.006238,-0.002201,-2.806152,0.000069,0.000757,-0.001297,-0.000163,-0.000025,-0.808004,0.000114,0.000774,-0.001206
0.6500,-0.006239,-0.002201,-2.805985,0.000066,0.000762,-0.001297,-0.000160,-0.000025,-0.807904,-0.000001,0.000760,-0.001160
0.7000,-0.006239,-0.002200,-2.805820,0.000064,0.000767,-0.001297,-0.000163,-0.000027,-0.840457,-0.000074,0.000549,-0.001340
0.7500,-0.006240,-0.002200,-2.805657,0.000062,0.000772,-0.001297,-0.000169,-0.000024,-0.840285,0.000066,0.000838,-0.001360
0.8000,-0.006240,-0.002200,-2.805495,0.000060,0.000776,-0.001297,-0.000169,-0.000023,-0.872707,-0.000003,0.000812,-0.001191
0.8500,-0.006241,-0.002200,-2.805335,0.000058,0.000780,-0.001297,-0.000167,-0.000026,-0.872248,0.000080,0.000892,-0.001317
0.9000,-0.006242,-0.002199,-2.805177,0.000056,0.000784,-0.001296,-0.000163,-0.000029,-0.903847,-0.000037,0.000794,-0.001061
0.9500,-0.006242,-0.002199,-2.805020,0.000054,0.000788,-0.001296,-0.000162,-0.000030,-0.903641,-0.000052,0.000772,-0.001098
1.0000,-0.006243,-0.002199,-2.804865,0.000053,0.000791,-0.001296,-0.000160,-0.000031,-0.934669,-0.000089,0.000812,-0.001253
1.0500,-0.006243,-0.002199,-2.804711,0.000051,0.000794,-0.001296,-0.000161,-0.000029,-0.934513,0.000067,0.000814,-0.001318
1.1000,-0.006244,-0.002198,-2.804559,0.000049,0.000797,-0.001296,-0.000158,-0.000029,-0.964939,-0.000074,0.000829,-0.001320
1.1520,-0.006244,-0.002198,-2.804409,0.000048,0.000800,-0.001296,-0.000158,-0.000027,-0.964787,0.000012,0.000669,-0.001120
1.2000,-0.006245,-0.002198,-2.804260,0.000046,0.000803,-0.001296,-0.000155,-0.000025,-0.994650,0.000048,0.000688,-0.001362
1.2500,-0.006245,-0.002198,-2.804112,0.000045,0.000806,-0.001296,-0.000154,-0.000025,-0.994429,0.000022,0.000605,-0.001276
1.3000,-0.006246,-0.002197,-2.803966,0.000044,0.000808,-0.001296,-0.000152,-0.000026,-1.023600,-0.000064,0.000775,-0.001223
1.3500,-0.006246,-0.002197,-2.803822,0.000043,0.000810,-0.001296,-0.000158,-0.000026,-1.023471,-0.000047,0.000834,-0.001268
1.4000,-0.006247,-0.002197,-2.803678,0.000041,0.000813,-0.001296,-0.000151,-0.000028,-1.052008,0.000238,0.000725,-0.001229
1.4500,-0.006248,-0.002197,-2.803537,0.000040,0.000815,-0.001295,-0.000152,-0.000032,-1.051853,0.000018,0.000823,-0.001117
1.5000,-0.006248,-0.002197,-2.803397,0.000039,0.000817,-0.001295,-0.000147,-0.000037,-1.079838,0.000161,0.000717,-0.001486
1.5500,-0.006249,-0.002196,-2.803258,0.000038,0.000818,-0.001295,-0.000147,-0.000033,-1.079582,0.000001,0.000687,-0.001330
1.6000,-0.006249,-0.002196,-2.803120,0.000037,0.000820,-0.001295,-0.000143,-0.000033,-1.106793,0.000136,0.000797,-0.001304
1.6500,-0.006250,-0.002196,-2.802985,0.000037,0.000822,-0.001295,-0.000144,-0.000033,-1.106694,0.000218,0.000790,-0.001456
1.7000,-0.006250,-0.002196,-2.802850,0.000036,0.000823,-0.001295,-0.000137,-0.000031,-1.133218,-0.000191,0.000756,-0.001248
1.7500,-0.006251,-0.002196,-2.802717,0.000035,0.000825,-0.001295,-0.000139,-0.000029,-1.133078,0.000069,0.001004,-0.001391
1.8000,-0.006251,-0.002196,-2.802585,0.000034,0.000826,-0.001295,-0.000133,-0.000028,-1.159125,-0.000033,0.001094,-0.001317
1.8500,-0.006252,-0.002195,-2.802454,0.000033,0.000828,-0.001295,-0.000138,-0.000030,-1.158821,-0.000059,0.000629,-0.001457
1.9000,-0.006252,-0.002195,-2.802325,0.000033,0.000829,-0.001295,-0.000135,-0.000030,-1.184035,-0.000079,0.000912,-0.001135
1.9500,-0.006253,-0.002195,-2.802197,0.000032,0.000830,-0.001295,-0.000139,-0.000028,-1.183971,-0.000101,0.000949,-0.001298
2.0000,-0.006253,-0.002195,-2.802070,0.000032,0.000831,-0.001295,-0.000131,-0.000032,-1.208434,0.000080,0.001030,-0.001634
2.0500,-0.006254,-0.002195,-2.801945,0.000031,0.000832,-0.001295,-0.000128,-0.000033,-1.208309,0.000194,0.000909,-0.001564
2.1000,-0.006254,-0.002195,-2.801821,0.000030,0.000833,-0.001295,-0.000118,-0.000036,-1.232429,0.000117,0.000816,-0.001239
2.1500,-0.006255,-0.002194,-2.801698,0.000030,0.000834,-0.001294,-0.000127,-0.000032,-1.232061,0.000053,0.000881,-0.001299
2.2000,-0.006256,-0.002194,-2.801577,0.000030,0.000835,-0.001294,-0.000121,-0.000031,-1.255308,-0.000077,0.000852,-0.001333
2.2500,-0.006256,-0.002194,-2.801456,0.000029,0.000836,-0.001294,-0.000124,-0.000032,-1.255144,-0.000076,0.000882,-0.001218
2.3000,-0.006257,-0.002194,-2.801337,0.000029,0.000837,-0.001294,-0.000117,-0.000032,-1.277719,0.000052,0.000860,-0.001393
2.3500,-0.006257,-0.002194,-2.801219,0.000028,0.000838,-0.001294,-0.000115,-0.000031,-1.277609,0.000041,0.000933,-0.001268
2.4000,-0.006258,-0.002194,-2.801103,0.000028,0.000838,-0.001294,-0.000110,-0.000030,-1.299537,0.000273,0.000809,-0.001253
2.4500,-0.006258,-0.002194,-2.800987,0.000028,0.000839,-0.001294,-0.000110,-0.000031,-1.299414,0.000094,0.000815,-0.001382
2.5000,-0.006259,-0.002194,-2.800873,0.000027,0.000840,-0.001294,-0.000103,-0.000033,-1.320761,0.000045,0.000794,-0.001236
2.5500,-0.006259,-0.002193,-2.800760,0.000027,0.000840,-0.001294,-0.000104,-0.000032,-1.320580,-0.000076,0.000998,-0.001189
2.6020,-0.006260,-0.002193,-2.800648,0.000027,0.000841,-0.001294,-0.000097,-0.000033,-1.341246,-0.000052,0.000787,-0.001327
2.6500,-0.006260,-0.002193,-2.800537,0.000026,0.000842,-0.001294,-0.000094,-0.000033,-1.341158,0.000020,0.000793,-0.001440
2.7000,-0.006260,-0.002193,-2.800427,0.000026,0.000842,-0.001294,-0.000090,-0.000033,-1.361197,-0.000016,0.000931,-0.001162
2.7520,-0.006261,-0.002193,-2.800318,0.000026,0.000843,-0.001294,-0.000090,-0.000032,-1.361083,0.000052,0.000867,-0.001338
2.8000,-0.006261,-0.002193,-2.800211,0.000026,0.000843,-0.001294,-0.000083,-0.000031,-1.380626,0.000034,0.000866,-0.001257
2.8500,-0.006262,-0.002193,-2.800104,0.000025,0.000844,-0.001294,-0.000085,-0.000031,-1.380417,-0.000111,0.000834,-0.001319
2.9000,-0.006262,-0.002193,-2.799999,0.000025,0.000844,-0.001294,-0.000081,-0.000029,-1.399279,0.000036,0.000778,-0.001218
2.9520,-0.006263,-0.002193,-2.799895,0.000025,0.000845,-0.001294,-0.000085,-0.000026,-1.399215,0.000050,0.000719,-0.001190
3.0000,-0.006263,-0.002192,-2.799791,0.000025,0.000845,-0.001294,-0.000074,-0.000029,-1.417455,0.000154,0.000806,-0.001167
3.0500,-0.006264,-0.002192,-2.799689,0.000025,0.000846,-0.001293,-0.000074,-0.000031,-1.417354,0.000120,0.000828,-0.001247
3.1000,-0.006264,-0.002192,-2.799588,0.000025,0.000846,-0.001293,-0.000068,-0.000035,-1.435205,-0.000029,0.000762,-0.001286
3.1500,-0.006265,-0.002192,-2.799488,0.000024,0.000847,-0.001293,-0.000069,-0.000031,-1.434961,0.000108,0.000836,-0.001404
3.2000,-0.006265,-0.002192,-2.799389,0.000024,0.000847,-0.001293,-0.000064,-0.000032,-1.452134,-0.000113,0.000932,-0.001257
3.2520,-0.006266,-0.002192,-2.799291,0.000024,0.000848,-0.001293,-0.000065,-0.000032,-1.452096,-0.000014,0.000904,-0.001348
3.3000,-0.006266,-0.002192,-2.799194,0.000024,0.000848,-0.001293,-0.000057,-0.000033,-1.468637,-0.000020,0.000909,-0.001330
3.3520,-0.006266,-0.002192,-2.799097,0.000024,0.000848,-0.001293,-0.000054,-0.000030,-1.468548,-0.000030,0.000926,-0.001387
3.4020,-0.006267,-0.002192,-2.799002,0.000024,0.000849,-0.001293,-0.000051,-0.000030,-1.484624,-0.000011,0.000822,-0.001296
3.4500,-0.006267,-0.002192,-2.798908,0.000024,0.000849,-0.001293,-0.000052,-0.000030,-1.484538,0.000069,0.000830,-0.001276
3.5020,-0.006268,-0.002192,-2.798815,0.000024,0.000849,-0.001293,-0.000048,-0.000029,-1.500148,-0.000035,0.000767,-0.001232
3.5520,-0.006268,-0.002192,-2.798723,0.000024,0.000850,-0.001293,-0.000047,-0.000028,-1.500013,-0.000007,0.000696,-0.001424
3.6000,-0.006269,-0.002191,-2.798631,0.000023,0.000850,-0.001293,-0.000043,-0.000028,-1.515097,-0.000080,0.000784,-0.001343
3.6500,-0.006269,-0.002191,-2.798541,0.000023,0.000850,-0.001293,-0.000047,-0.000027,-1.515023,-0.000063,0.000778,-0.001318
3.7000,-0.006270,-0.002191,-2.798451,0.000023,0.000851,-0.001293,-0.000040,-0.000030,-1.529607,0.000199,0.000815,-0.001344
3.7500,-0.006270,-0.002191,-2.798363,0.000023,0.000851,-0.001293,-0.000040,-0.000032,-1.529514,-0.000094,0.000775,-0.001191
3.8000,-0.006270,-0.002191,-2.798275,0.000023,0.000851,-0.001293,-0.000035,-0.000033,-1.543685,-0.000086,0.000896,-0.001364
3.8500,-0.006271,-0.002191,-2.798188,0.000023,0.000852,-0.001293,-0.000036,-0.000034,-1.543536,-0.000017,0.000886,-0.001468
3.9000,-0.006271,-0.002191,-2.798102,0.000023,0.000852,-0.001293,-0.000031,-0.000034,-1.557198,0.000100,0.000812,-0.001217
3.9540,-0.006272,-0.002191,-2.798017,0.000023,0.000852,-0.001293,-0.000034,-0.000037,-1.557140,0.000214,0.000961,-0.001354
4.0000,-0.006272,-0.002191,-2.797933,0.000023,0.000852,-0.001293,-0.000028,-0.000033,-1.570325,-0.000058,0.000984,-0.001211
4.0500,-0.006272,-0.002191,-2.797850,0.000023,0.000853,-0.001293,-0.000026,-0.000032,-1.570261,-0.000201,0.000964,-0.001297
4.1000,-0.006267,-0.002188,-2.797971,0.000022,0.000777,-0.001291,-0.000006,-0.000026,-1.583439,-0.000103,0.000686,-0.001501
4.1500,-0.006213,-0.002172,-2.799150,0.000005,0.000431,-0.001278,0.000216,-0.000042,-1.586384,-0.000136,0.000049,-0.001280
4.2000,-0.006087,-0.002141,-2.801938,-0.000076,-0.000203,-0.001247,0.000397,-0.000029,-1.601925,-0.000057,-0.000586,-0.001163
4.2500,-0.005904,-0.002100,-2.806423,-0.000248,-0.001015,-0.001197,0.000724,-0.000000,-1.608614,-0.000639,-0.001558,-0.001058
4.3000,-0.005696,-0.002054,-2.812453,-0.000499,-0.001892,-0.001135,0.000811,0.000042,-1.625735,-0.000715,-0.002223,-0.001164
4.3500,-0.005497,-0.002005,-2.819797,-0.000794,-0.002761,-0.001065,0.001050,0.000091,-1.635287,-0.001024,-0.003233,-0.000853
4.4000,-0.005326,-0.001954,-2.828214,-0.001105,-0.003581,-0.000993,0.001190,0.000124,-1.654368,-0.001201,-0.003816,-0.001099
4.4500,-0.005189,-0.001904,-2.837492,-0.001410,-0.004325,-0.000923,0.001294,0.000201,-1.665604,-0.001570,-0.004841,-0.000980
4.5000,-0.005085,-0.001857,-2.847451,-0.001695,-0.004978,-0.000858,0.001365,0.000237,-1.685290,-0.001774,-0.005226,-0.000782
4.5500,-0.005005,-0.001815,-2.857947,-0.001948,-0.005536,-0.000801,0.001403,0.000327,-1.698341,-0.002133,-0.005911,-0.000660
4.6000,-0.004939,-0.001780,-2.868861,-0.002163,-0.005997,-0.000754,0.001422,0.000375,-1.717819,-0.002339,-0.006208,-0.000854
4.6500,-0.004880,-0.001755,-2.880104,-0.002336,-0.006367,-0.000716,0.001449,0.000438,-1.731318,-0.002347,-0.006549,-0.000627
4.7020,-0.004822,-0.001737,-2.891602,-0.002465,-0.006652,-0.000684,0.001482,0.000471,-1.752743,-0.002534,-0.006794,-0.000601
4.7500,-0.004762,-0.001727,-2.903300,-0.002552,-0.006860,-0.000659,0.001524,0.000502,-1.765379,-0.002660,-0.007004,-0.000676
4.8000,-0.004700,-0.001724,-2.915155,-0.002600,-0.006999,-0.000642,0.001556,0.000521,-1.785369,-0.002588,-0.006913,-0.000801
4.8500,-0.004633,-0.001728,-2.927131,-0.002612,-0.007075,-0.000630,0.001618,0.000529,-1.799678,-0.002620,-0.007018,-0.000599
4.9000,-0.004561,-0.001738,-2.939203,-0.002591,-0.007097,-0.000621,0.001660,0.000533,-1.819464,-0.002565,-0.007027,-0.000786
4.9500,-0.004485,-0.001755,-2.951349,-0.002542,-0.007073,-0.000615,0.001735,0.000530,-1.834025,-0.002650,-0.007008,-0.000667
5.0020,-0.004405,-0.001776,-2.963553,-0.002467,-0.007009,-0.000612,0.001796,0.000507,-1.853591,-0.002459,-0.006896,-0.000667
5.0500,-0.004322,-0.001802,-2.975804,-0.002371,-0.006912,-0.000611,0.001887,0.000483,-1.868291,-0.002188,-0.006956,-0.000663
5.1000,-0.004237,-0.001832,-2.988091,-0.002257,-0.006788,-0.000611,0.001943,0.000468,-1.887623,-0.002188,-0.006722,-0.000665
5.1500,-0.004152,-0.001864,-3.000406,-0.002128,-0.006642,-0.000612,0.002044,0.000430,-1.902350,-0.001987,-0.006452,-0.000434
5.2000,-0.004066,-0.001898,-3.012744,-0.001988,-0.006479,-0.000614,0.002101,0.000407,-1.921348,-0.001964,-0.006350,-0.000710
5.2500,-0.003980,-0.001933,-3.025101,-0.001840,-0.006303,-0.000617,0.002197,0.000369,-1.936207,-0.001742,-0.006131,-0.000710
5.3000,-0.003896,-0.001969,-3.037472,-0.001686,-0.006117,-0.000621,0.002262,0.000342,-1.954877,-0.001600,-0.006082,-0.000661
5.3500,-0.003813,-0.002004,-3.049854,-0.001529,-0.005923,-0.000626,0.002357,0.000304,-1.969756,-0.001458,-0.005833,-0.000563
5.4000,-0.003732,-0.002039,-3.062246,-0.001371,-0.005725,-0.000631,0.002408,0.000283,-1.988212,-0.001368,-0.005735,-0.000691
5.4500,-0.003654,-0.002073,-3.074645,-0.001213,-0.005525,-0.000637,0.002507,0.000236,-2.003029,-0.001194,-0.005339,-0.000806
5.5000,-0.003577,-0.002106,-3.087051,-0.001057,-0.005323,-0.000644,0.002558,0.000216,-2.021128,-0.001055,-0.005164,-0.000699
5.5500,-0.003503,-0.002138,-3.099462,-0.000905,-0.005122,-0.000651,0.002641,0.000186,-2.036078,-0.000878,-0.005085,-0.000635
5.6000,-0.003431,-0.002168,-3.111877,-0.000757,-0.004923,-0.000659,0.002694,0.000157,-2.053817,-0.000655,-0.004834,-0.000597
5.6500,-0.003362,-0.002196,-3.124295,-0.000614,-0.004726,-0.000668,0.002774,0.000121,-2.068746,-0.000512,-0.004681,-0.000740
5.7000,-0.003296,-0.002223,-3.136717,-0.000477,-0.004533,-0.000677,0.002843,0.000095,-2.089730,-0.000264,-0.004502,-0.000731
5.7500,-0.003232,-0.002247,-3.149140,-0.000347,-0.004344,-0.000686,0.002902,0.000072,-2.101174,-0.000286,-0.004241,-0.000753
5.8000,-0.003171,-0.002270,-3.161566,-0.000224,-0.004160,-0.000696,0.002941,0.000056,-2.118428,0.000053,-0.004033,-0.000709
5.8500,-0.003113,-0.002290,-3.173994,-0.000107,-0.003980,-0.000705,0.003015,0.000034,-2.133336,0.000026,-0.003887,-0.000721
5.9000,-0.003058,-0.002309,-3.186423,0.000001,-0.003806,-0.000714,0.003051,0.000021,-2.150311,0.000000,-0.003849,-0.000890
5.9500,-0.003006,-0.002325,-3.198854,0.000103,-0.003637,-0.000724,0.003110,0.000001,-2.165267,0.000172,-0.003617,-0.000604
6.0000,-0.002956,-0.002339,-3.211286,0.000197,-0.003473,-0.000733,0.003150,-0.000010,-2.182457,0.000425,-0.003482,-0.000798
6.0520,-0.002909,-0.002352,-3.223719,0.000284,-0.003315,-0.000742,0.003204,-0.000026,-2.196899,0.000384,-0.003213,-0.000598
6.1000,-0.002864,-0.002362,-3.236153,0.000364,-0.003162,-0.000751,0.003229,-0.000030,-2.213391,0.000447,-0.003095,-0.000715
6.1500,-0.002822,-0.002371,-3.248588,0.000438,-0.003015,-0.000760,0.003283,-0.000041,-2.228293,0.000616,-0.003065,-0.000818
6.2000,-0.002782,-0.002378,-3.261023,0.000504,-0.002873,-0.000768,0.003306,-0.000046,-2.244523,0.000590,-0.002785,-0.000629
6.2500,-0.002744,-0.002384,-3.273460,0.000564,-0.002736,-0.000776,0.003347,-0.000058,-2.259492,0.000572,-0.002751,-0.000607
6.3000,-0.002709,-0.002388,-3.285897,0.000618,-0.002605,-0.000784,0.003373,-0.000060,-2.275455,0.000710,-0.002576,-0.000735
6.3500,-0.002675,-0.002391,-3.298335,0.000667,-0.002479,-0.000792,0.003412,-0.000064,-2.290402,0.000674,-0.002457,-0.000920
6.4000,-0.002644,-0.002392,-3.310773,0.000710,-0.002358,-0.000800,0.003427,-0.000063,-2.306218,0.000675,-0.002194,-0.000842
6.4500,-0.002615,-0.002392,-3.323212,0.000748,-0.002241,-0.000807,0.003466,-0.000066,-2.321107,0.000897,-0.002272,-0.000868
6.5000,-0.002588,-0.002391,-3.335652,0.000781,-0.002130,-0.000814,0.003482,-0.000063,-2.336678,0.000734,-0.002079,-0.000815
6.5500,-0.002562,-0.002389,-3.348092,0.000809,-0.002023,-0.000821,0.003507,-0.000058,-2.351657,0.000784,-0.001935,-0.000814
6.6000,-0.002539,-0.002386,-3.360533,0.000834,-0.001921,-0.000828,0.003522,-0.000057,-2.366970,0.000815,-0.001880,-0.000830
6.6500,-0.002517,-0.002382,-3.372974,0.000855,-0.001823,-0.000834,0.003547,-0.000053,-2.381923,0.000960,-0.001788,-0.000739
6.7000,-0.002496,-0.002378,-3.385416,0.000872,-0.001729,-0.000840,0.003554,-0.000048,-2.397143,0.000753,-0.001625,-0.000847
6.7500,-0.002477,-0.002372,-3.397859,0.000886,-0.001639,-0.000846,0.003579,-0.000044,-2.412017,0.000754,-0.001632,-0.000831
6.8000,-0.002460,-0.002366,-3.410302,0.000896,-0.001553,-0.000852,0.003586,-0.000039,-2.427006,0.000691,-0.001360,-0.000925
6.8500,-0.002444,-0.002360,-3.422745,0.000905,-0.001472,-0.000858,0.003603,-0.000031,-2.441994,0.000877,-0.001416,-0.001066
6.9000,-0.002429,-0.002353,-3.435189,0.000910,-0.001393,-0.000864,0.003610,-0.000027,-2.456727,0.000941,-0.001358,-0.000995
6.9500,-0.002416,-0.002346,-3.447633,0.000914,-0.001319,-0.000869,0.003622,-0.000015,-2.471687,0.000990,-0.001263,-0.000676
7.0020,-0.002404,-0.002338,-3.460078,0.000915,-0.001248,-0.000874,0.003626,-0.000010,-2.488786,0.000762,-0.001004,-0.000765
7.0500,-0.002393,-0.002330,-3.472524,0.000915,-0.001180,-0.000879,0.003637,-0.000003,-2.501245,0.001019,-0.001209,-0.000761
7.1000,-0.002383,-0.002322,-3.484970,0.000913,-0.001115,-0.000884,0.003642,0.000003,-2.515723,0.000998,-0.001074,-0.000550
7.1500,-0.002374,-0.002313,-3.497416,0.000910,-0.001053,-0.000889,0.003653,0.000012,-2.530644,0.000807,-0.001175,-0.000880
7.2020,-0.002367,-0.002304,-3.509863,0.000905,-0.000995,-0.000894,0.003653,0.000019,-2.544946,0.000929,-0.001117,-0.000832
7.2500,-0.002360,-0.002295,-3.522310,0.000899,-0.000939,-0.000899,0.003660,0.000032,-2.559920,0.000936,-0.000929,-0.000956
7.3000,-0.002354,-0.002286,-3.534758,0.000893,-0.000886,-0.000903,0.003659,0.000039,-2.574037,0.000886,-0.000978,-0.000820
7.3500,-0.002349,-0.002277,-3.547206,0.000885,-0.000836,-0.000907,0.003665,0.000050,-2.588991,0.000836,-0.000794,-0.000848
7.4000,-0.002344,-0.002268,-3.559654,0.000877,-0.000788,-0.000912,0.003661,0.000057,-2.603012,0.000772,-0.000792,-0.000741
7.4500,-0.002341,-0.002259,-3.572104,0.000868,-0.000742,-0.000916,0.003668,0.000065,-2.617925,0.000823,-0.000771,-0.000988
7.5000,-0.002338,-0.002250,-3.584553,0.000859,-0.000699,-0.000920,0.003666,0.000072,-2.631783,0.000748,-0.000640,-0.001159
7.5500,-0.002336,-0.002241,-3.597003,0.000849,-0.000658,-0.000924,0.003669,0.000082,-2.646764,0.000781,-0.000760,-0.000951
7.6000,-0.002335,-0.002232,-3.609453,0.000839,-0.000619,-0.000928,0.003668,0.000088,-2.660440,0.000838,-0.000528,-0.000826
7.6500,-0.002334,-0.002223,-3.621904,0.000829,-0.000583,-0.000932,0.003669,0.000100,-2.675401,0.000878,-0.000621,-0.000867
7.7000,-0.002334,-0.002214,-3.634356,0.000818,-0.000548,-0.000936,0.003668,0.000107,-2.689018,0.000885,-0.000559,-0.001047
7.7500,-0.002334,-0.002205,-3.646807,0.000808,-0.000515,-0.000940,0.003669,0.000118,-2.703920,0.000827,-0.000310,-0.000848
7.8000,-0.002335,-0.002196,-3.659259,0.000797,-0.000484,-0.000943,0.003664,0.000125,-2.717383,0.000869,-0.000537,-0.000996
7.8500,-0.002336,-0.002187,-3.671712,0.000787,-0.000454,-0.000947,0.003665,0.000132,-2.732373,0.000775,-0.000466,-0.001018
7.9000,-0.002338,-0.002178,-3.684165,0.000776,-0.000426,-0.000951,0.003660,0.000141,-2.745653,0.000663,-0.000391,-0.000878
7.9500,-0.002340,-0.002170,-3.696618,0.000766,-0.000400,-0.000954,0.003656,0.000153,-2.760621,0.000797,-0.000407,-0.001030
8.0000,-0.002342,-0.002161,-3.709072,0.000755,-0.000375,-0.000958,0.003650,0.000161,-2.773881,0.000721,-0.000509,-0.000912
8.0500,-0.002345,-0.002153,-3.721526,0.000745,-0.000352,-0.000961,0.003649,0.000169,-2.788749,0.000866,-0.000331,-0.000979
8.1000,-0.002354,-0.002147,-3.733840,0.000734,-0.000302,-0.000966,0.003634,0.000172,-2.801627,0.000618,-0.000017,-0.001073
8.1500,-0.002399,-0.002154,-3.745389,0.000713,-0.000090,-0.000977,0.003406,0.000148,-2.814429,0.000735,0.000243,-0.001014
8.2000,-0.002509,-0.002188,-3.755501,0.000649,0.000399,-0.000999,0.003210,0.000111,-2.824140,0.000473,0.000564,-0.001060
8.2500,-0.002682,-0.002255,-3.763947,0.000510,0.001121,-0.001021,0.002834,0.000013,-2.832774,0.000394,0.001609,-0.001055
8.3000,-0.002887,-0.002347,-3.770809,0.000297,0.001964,-0.001035,0.002682,-0.000108,-2.841393,0.000331,0.002329,-0.001077
8.3500,-0.003092,-0.002448,-3.776299,0.000038,0.002836,-0.001038,0.002460,-0.000248,-2.846584,-0.000150,0.003333,-0.001064
8.4000,-0.003275,-0.002545,-3.780654,-0.000234,0.003679,-0.001034,0.002313,-0.000344,-2.852336,-0.000318,0.003990,-0.000823
8.4500,-0.003423,-0.002628,-3.784091,-0.000498,0.004463,-0.001025,0.002194,-0.000420,-2.856201,-0.000568,0.004815,-0.000878
8.5000,-0.003537,-0.002692,-3.786796,-0.000742,0.005169,-0.001015,0.002132,-0.000462,-2.860744,-0.000967,0.005561,-0.001012
8.5500,-0.003618,-0.002737,-3.788922,-0.000959,0.005789,-0.001006,0.002080,-0.000501,-2.863126,-0.001141,0.006331,-0.000998
8.6000,-0.003675,-0.002767,-3.790591,-0.001142,0.006316,-0.000997,0.002047,-0.000512,-2.866784,-0.001173,0.006660,-0.001049
8.6500,-0.003713,-0.002783,-3.791899,-0.001290,0.006752,-0.000990,0.002034,-0.000514,-2.868291,-0.001337,0.006947,-0.001105
8.7000,-0.003739,-0.002790,-3.792924,-0.001404,0.007101,-0.000985,0.002032,-0.000508,-2.871375,-0.001481,0.007283,-0.001101
8.7500,-0.003757,-0.002791,-3.793727,-0.001484,0.007369,-0.000982,0.002033,-0.000497,-2.872318,-0.001638,0.007514,-0.000971
8.8000,-0.003769,-0.002787,-3.794356,-0.001533,0.007558,-0.000980,0.002038,-0.000484,-2.875009,-0.001523,0.007711,-0.000987
8.8500,-0.003777,-0.002782,-3.794852,-0.001556,0.007682,-0.000980,0.002050,-0.000461,-2.875659,-0.001475,0.007605,-0.000923
8.9020,-0.003783,-0.002775,-3.795233,-0.001556,0.007762,-0.000981,0.002045,-0.000460,-2.877969,-0.001667,0.007716,-0.000985
8.9500,-0.003788,-0.002768,-3.795517,-0.001534,0.007789,-0.000982,0.002047,-0.000447,-2.878318,-0.001504,0.007754,-0.000909
9.0000,-0.003792,-0.002763,-3.795724,-0.001498,0.007764,-0.000984,0.002048,-0.000437,-2.880522,-0.001413,0.007643,-0.001116
9.0500,-0.003795,-0.002758,-3.795872,-0.001454,0.007694,-0.000987,0.002055,-0.000435,-2.880668,-0.001271,0.007627,-0.000992
9.1020,-0.003797,-0.002754,-3.795973,-0.001404,0.007589,-0.000989,0.002058,-0.000432,-2.882711,-0.001501,0.007584,-0.001080
9.1500,-0.003799,-0.002751,-3.796039,-0.001352,0.007454,-0.000992,0.002064,-0.000429,-2.882846,-0.001340,0.007226,-0.000979
9.2000,-0.003800,-0.002748,-3.796077,-0.001299,0.007296,-0.000995,0.002060,-0.000425,-2.884690,-0.001274,0.007083,-0.001006
9.2500,-0.003801,-0.002746,-3.796094,-0.001246,0.007119,-0.000997,0.002057,-0.000421,-2.884729,-0.001364,0.006896,-0.001078
9.3000,-0.003801,-0.002744,-3.796094,-0.001195,0.006927,-0.000999,0.002063,-0.000422,-2.886558,-0.001161,0.006742,-0.001071
9.3500,-0.003802,-0.002743,-3.796080,-0.001146,0.006724,-0.001000,0.002066,-0.000422,-2.886561,-0.001141,0.006660,-0.001013
9.4000,-0.003802,-0.002742,-3.796057,-0.001099,0.006513,-0.001001,0.002068,-0.000422,-2.888355,-0.001113,0.006534,-0.001045
9.4500,-0.003802,-0.002741,-3.796025,-0.001055,0.006298,-0.001002,0.002070,-0.000421,-2.888302,-0.001028,0.006336,-0.001120
9.5000,-0.003803,-0.002740,-3.795986,-0.001014,0.006079,-0.001003,0.002072,-0.000421,-2.890021,-0.000947,0.006051,-0.001070
9.5500,-0.003803,-0.002738,-3.795942,-0.000975,0.005860,-0.001004,0.002075,-0.000421,-2.890000,-0.001066,0.005748,-0.001043
9.6000,-0.003804,-0.002737,-3.795895,-0.000939,0.005642,-0.001004,0.002075,-0.000421,-2.891630,-0.000907,0.005432,-0.001052
9.6500,-0.003805,-0.002735,-3.795844,-0.000906,0.005427,-0.001005,0.002073,-0.000421,-2.891577,-0.000948,0.005171,-0.001054
9.7000,-0.003805,-0.002734,-3.795791,-0.000875,0.005215,-0.001005,0.002073,-0.000420,-2.893213,-0.000898,0.005292,-0.000909
9.7500,-0.003806,-0.002732,-3.795736,-0.000846,0.005008,-0.001006,0.002071,-0.000420,-2.893114,-0.000704,0.005135,-0.001119
9.8000,-0.003807,-0.002730,-3.795679,-0.000819,0.004806,-0.001006,0.002073,-0.000419,-2.894691,-0.000878,0.004514,-0.001047
9.8500,-0.003807,-0.002728,-3.795622,-0.000794,0.004610,-0.001007,0.002068,-0.000419,-2.894648,-0.000670,0.004483,-0.001035
9.9000,-0.003808,-0.002725,-3.795564,-0.000770,0.004420,-0.001007,0.002070,-0.000415,-2.896146,-0.000938,0.004421,-0.001084
9.9500,-0.003808,-0.002723,-3.795505,-0.000748,0.004237,-0.001008,0.002069,-0.000410,-2.896085,-0.000633,0.004260,-0.001092
10.0000,-0.003809,-0.002720,-3.795447,-0.000726,0.004060,-0.001009,0.002069,-0.000407,-2.897603,-0.000615,0.003911,-0.001060
10.0500,-0.003809,-0.002718,-3.795388,-0.000706,0.003891,-0.001009,0.002074,-0.000403,-2.897490,-0.000888,0.003692,-0.001064
10.1000,-0.003584,-0.002716,-3.795334,-0.000686,0.003623,-0.001016,0.002470,-0.000400,-2.898967,-0.000605,0.003547,-0.000951
10.1500,-0.001383,-0.002722,-3.795353,-0.000682,0.003061,-0.001073,0.006160,-0.000407,-2.899049,-0.000628,0.002567,-0.001213
10.2000,0.004435,-0.002738,-3.795474,-0.000706,0.002222,-0.001218,0.013139,-0.000348,-2.900838,-0.000740,0.001861,-0.001304
10.2500,0.014023,-0.002764,-3.795673,-0.000754,0.001255,-0.001454,0.026732,-0.000329,-2.901233,-0.000859,0.000721,-0.001529
10.3000,0.026581,-0.002797,-3.795900,-0.000820,0.000307,-0.001737,0.037973,-0.000322,-2.903066,-0.000831,-0.000192,-0.001934
10.3500,0.041030,-0.002835,-3.796106,-0.000893,-0.000560,-0.002004,0.055428,-0.000445,-2.903033,-0.000842,-0.000854,-0.002200
10.4000,0.056428,-0.002873,-3.796261,-0.000961,-0.001293,-0.002226,0.068034,-0.000497,-2.904661,-0.001132,-0.001600,-0.002396
10.4500,0.072112,-0.002908,-3.796358,-0.001018,-0.001873,-0.002403,0.087118,-0.000573,-2.904681,-0.001032,-0.002211,-0.002549
10.5000,0.087739,-0.002942,-3.796399,-0.001060,-0.002306,-0.002566,0.099295,-0.000570,-2.906278,-0.001145,-0.002329,-0.002396
10.5500,0.103262,-0.002977,-3.796394,-0.001090,-0.002605,-0.002707,0.117856,-0.000613,-2.906238,-0.001270,-0.002768,-0.002855
10.6000,0.118678,-0.003012,-3.796354,-0.001106,-0.002795,-0.002816,0.133192,-0.000661,-2.907574,-0.001065,-0.002680,-0.002647
10.6500,0.134005,-0.003046,-3.796287,-0.001109,-0.002901,-0.002912,0.148448,-0.000710,-2.907388,-0.000898,-0.002861,-0.003000
10.7000,0.149264,-0.003081,-3.796201,-0.001101,-0.002944,-0.002983,0.160612,-0.000752,-2.908745,-0.001044,-0.003028,-0.002882
10.7500,0.164486,-0.003116,-3.796104,-0.001082,-0.002935,-0.003031,0.178858,-0.000822,-2.908542,-0.001103,-0.002914,-0.003027
10.8000,0.179694,-0.003153,-3.795999,-0.001054,-0.002888,-0.003061,0.191013,-0.000868,-2.909867,-0.001212,-0.002809,-0.003109
10.8500,0.194904,-0.003190,-3.795890,-0.001017,-0.002809,-0.003082,0.209252,-0.000941,-2.909695,-0.001161,-0.002857,-0.003073
10.9000,0.210124,-0.003230,-3.795779,-0.000974,-0.002707,-0.003094,0.221433,-0.000971,-2.910978,-0.001090,-0.002584,-0.003153
10.9500,0.225353,-0.003270,-3.795669,-0.000925,-0.002585,-0.003098,0.239709,-0.001029,-2.910835,-0.000910,-0.002513,-0.002990
11.0000,0.240590,-0.003311,-3.795559,-0.000871,-0.002449,-0.003096,0.251899,-0.001067,-2.912092,-0.000717,-0.002266,-0.003082
11.0500,0.255831,-0.003354,-3.795452,-0.000813,-0.002302,-0.003089,0.270188,-0.001120,-2.911928,-0.000797,-0.002202,-0.003013
11.1020,0.271075,-0.003396,-3.795346,-0.000752,-0.002147,-0.003078,0.282382,-0.001157,-2.913121,-0.000616,-0.002174,-0.003037
11.1500,0.286317,-0.003440,-3.795244,-0.000690,-0.001987,-0.003064,0.300671,-0.001215,-2.913027,-0.000707,-0.001867,-0.002987
11.2000,0.301558,-0.003483,-3.795144,-0.000627,-0.001824,-0.003048,0.312864,-0.001250,-2.914125,-0.000617,-0.001849,-0.003152
11.2500,0.316796,-0.003527,-3.795048,-0.000564,-0.001660,-0.003030,0.331145,-0.001303,-2.914029,-0.000512,-0.001524,-0.002977
11.3000,0.332031,-0.003571,-3.794955,-0.000502,-0.001495,-0.003011,0.343332,-0.001337,-2.915140,-0.000471,-0.001504,-0.003029
11.3500,0.347264,-0.003615,-3.794866,-0.000440,-0.001333,-0.002990,0.361611,-0.001394,-2.915000,-0.000528,-0.001219,-0.002946
11.4020,0.362494,-0.003659,-3.794780,-0.000381,-0.001173,-0.002969,0.373796,-0.001429,-2.916045,-0.000366,-0.000991,-0.002817
11.4500,0.377721,-0.003703,-3.794698,-0.000323,-0.001016,-0.002948,0.392072,-0.001481,-2.915999,-0.000333,-0.000869,-0.002875
11.5000,0.392946,-0.003746,-3.794619,-0.000268,-0.000863,-0.002926,0.404246,-0.001517,-2.916926,-0.000189,-0.000714,-0.003027
11.5500,0.408169,-0.003790,-3.794543,-0.000215,-0.000715,-0.002904,0.422514,-0.001569,-2.916867,-0.000243,-0.000407,-0.002779
11.6000,0.423390,-0.003833,-3.794471,-0.000166,-0.000571,-0.002882,0.434695,-0.001600,-2.917840,0.000049,-0.000486,-0.003017
11.6500,0.438608,-0.003876,-3.794401,-0.000119,-0.000432,-0.002861,0.452951,-0.001653,-2.917714,-0.000057,-0.000534,-0.002955
11.7000,0.453824,-0.003919,-3.794335,-0.000076,-0.000298,-0.002840,0.465123,-0.001687,-2.918622,0.000043,-0.000234,-0.002799
11.7500,0.469038,-0.003961,-3.794272,-0.000036,-0.000169,-0.002819,0.483988,-0.001740,-2.918542,0.000053,-0.000121,-0.002990
11.8000,0.484250,-0.004003,-3.794212,0.000002,-0.000045,-0.002798,0.495550,-0.001773,-2.919403,0.000070,0.000024,-0.002751
11.8500,0.499460,-0.004045,-3.794154,0.000036,0.000074,-0.002778,0.513802,-0.001824,-2.919376,-0.000070,0.000141,-0.002683
11.9000,0.514668,-0.004087,-3.794099,0.000067,0.000188,-0.002758,0.527794,-0.001861,-2.920156,0.000184,0.000292,-0.002912
11.9500,0.529873,-0.004128,-3.794047,0.000095,0.000297,-0.002739,0.544217,-0.001908,-2.920118,0.000123,0.000398,-0.002812
12.0000,0.545076,-0.004168,-3.793997,0.000120,0.000401,-0.002720,0.556380,-0.001942,-2.920916,0.000289,0.000379,-0.002790
12.0500,0.560277,-0.004209,-3.793949,0.000142,0.000500,-0.002702,0.574622,-0.001988,-2.920845,0.000080,0.000585,-0.002657
12.1020,0.575477,-0.004249,-3.793903,0.000162,0.000595,-0.002685,0.586782,-0.002019,-2.921594,0.000309,0.000654,-0.002564
12.1500,0.590674,-0.004288,-3.793860,0.000180,0.000686,-0.002667,0.605018,-0.002064,-2.921584,0.000128,0.000908,-0.002716
12.2000,0.605869,-0.004327,-3.793819,0.000195,0.000772,-0.002651,0.617173,-0.002096,-2.922257,0.000283,0.000944,-0.002681
12.2500,0.621062,-0.004366,-3.793780,0.000208,0.000854,-0.002635,0.635407,-0.002144,-2.922233,0.000256,0.000932,-0.002622
12.3000,0.636252,-0.004405,-3.793742,0.000218,0.000932,-0.002619,0.647564,-0.002176,-2.922934,0.000168,0.001043,-0.002568
12.3500,0.651441,-0.004443,-3.793707,0.000227,0.001007,-0.002604,0.665788,-0.002223,-2.922869,0.000353,0.001017,-0.002535
12.4000,0.666628,-0.004481,-3.793673,0.000235,0.001078,-0.002589,0.677938,-0.002255,-2.923527,0.000243,0.001168,-0.002634
12.4500,0.681814,-0.004519,-3.793641,0.000240,0.001145,-0.002574,0.696164,-0.002308,-2.923534,0.000230,0.001213,-0.002363
12.5000,0.696997,-0.004556,-3.793610,0.000244,0.001208,-0.002561,0.708308,-0.002332,-2.924109,0.000160,0.001302,-0.002723
12.5500,0.712178,-0.004593,-3.793581,0.000247,0.001269,-0.002547,0.726527,-0.002377,-2.924097,0.000334,0.001413,-0.002554
12.6000,0.727358,-0.004630,-3.793554,0.000249,0.001327,-0.002534,0.738671,-0.002407,-2.924719,0.000103,0.001500,-0.002650
12.6500,0.742535,-0.004667,-3.793528,0.000249,0.001381,-0.002521,0.756881,-0.002452,-2.924655,0.000358,0.001468,-0.002673
12.7000,0.757711,-0.004703,-3.793503,0.000249,0.001433,-0.002509,0.769022,-0.002482,-2.925236,0.000249,0.001435,-0.002640
12.7500,0.772885,-0.004739,-3.793480,0.000248,0.001482,-0.002497,0.787228,-0.002525,-2.925254,0.000289,0.001490,-0.002733
12.8000,0.788057,-0.004775,-3.793458,0.000246,0.001528,-0.002485,0.799368,-0.002554,-2.925745,0.000262,0.001663,-0.002628
12.8500,0.803227,-0.004811,-3.793437,0.000243,0.001572,-0.002474,0.817572,-0.002597,-2.925748,0.000436,0.001572,-0.002546
12.9000,0.818396,-0.004846,-3.793417,0.000239,0.001614,-0.002463,0.829707,-0.002625,-2.926302,0.000339,0.001745,-0.002586
12.9500,0.833563,-0.004882,-3.793398,0.000235,0.001653,-0.002452,0.847905,-0.002666,-2.926238,0.000307,0.001716,-0.002401
13.0000,0.848728,-0.004917,-3.793381,0.000231,0.001690,-0.002442,0.860037,-0.002692,-2.926757,0.000290,0.001753,-0.002302
13.0500,0.863892,-0.004951,-3.793365,0.000226,0.001726,-0.002432,0.878233,-0.002733,-2.926727,0.000201,0.001888,-0.002481
13.1000,0.879054,-0.004986,-3.793349,0.000221,0.001759,-0.002422,0.890364,-0.002760,-2.927217,0.000220,0.001753,-0.002390
13.1500,0.894214,-0.005021,-3.793335,0.000216,0.001790,-0.002412,0.908558,-0.002799,-2.927233,0.000163,0.001738,-0.002371
13.2020,0.909372,-0.005055,-3.793321,0.000211,0.001820,-0.002403,0.921290,-0.002830,-2.927671,0.000190,0.001843,-0.002350
13.2500,0.924529,-0.005089,-3.793308,0.000205,0.001848,-0.002394,0.938873,-0.002869,-2.927672,0.000130,0.001949,-0.002523
13.3000,0.939685,-0.005123,-3.793297,0.000199,0.001874,-0.002385,0.951000,-0.002895,-2.928139,0.000170,0.001934,-0.002242
13.3500,0.954839,-0.005157,-3.793286,0.000193,0.001899,-0.002376,0.969184,-0.002936,-2.928105,0.000166,0.001954,-0.002503
13.4000,0.969991,-0.005191,-3.793276,0.000187,0.001923,-0.002368,0.981306,-0.002964,-2.928543,0.000061,0.001853,-0.002314
13.4500,0.985142,-0.005225,-3.793266,0.000181,0.001945,-0.002359,0.999484,-0.003002,-2.928568,0.000332,0.001759,-0.002375
13.5000,1.000291,-0.005258,-3.793258,0.000176,0.001966,-0.002351,1.011606,-0.003029,-2.928944,0.000021,0.001971,-0.002333
13.5500,1.015438,-0.005292,-3.793250,0.000170,0.001986,-0.002344,1.029781,-0.003066,-2.928951,0.000191,0.001904,-0.002268
13.6000,1.030585,-0.005325,-3.793243,0.000164,0.002004,-0.002336,1.041896,-0.003092,-2.929373,0.000238,0.001979,-0.002505
13.6500,1.045729,-0.005358,-3.793236,0.000158,0.002021,-0.002328,1.060070,-0.003134,-2.929337,0.000215,0.002113,-0.002472
13.7000,1.060872,-0.005391,-3.793231,0.000153,0.002038,-0.002321,1.072186,-0.003162,-2.929732,0.000103,0.002032,-0.002305
13.7500,1.076014,-0.005424,-3.793225,0.000147,0.002053,-0.002314,1.090357,-0.003203,-2.929768,0.000303,0.001997,-0.002191
13.8000,1.091155,-0.005457,-3.793221,0.000142,0.002068,-0.002307,1.102466,-0.003225,-2.930093,0.000089,0.002055,-0.002216
13.8500,1.106294,-0.005490,-3.793217,0.000136,0.002081,-0.002300,1.120633,-0.003263,-2.930110,0.000131,0.001970,-0.002268
13.9000,1.121431,-0.005523,-3.793214,0.000131,0.002094,-0.002293,1.132741,-0.003289,-2.930493,0.000196,0.002208,-0.002229
13.9500,1.136567,-0.005555,-3.793211,0.000126,0.002106,-0.002286,1.150904,-0.003327,-2.930455,0.000304,0.002044,-0.002152
14.0000,1.151702,-0.005588,-3.793208,0.000121,0.002117,-0.002280,1.163012,-0.003352,-2.930813,0.000107,0.001913,-0.002009
14.0500,1.166835,-0.005620,-3.793207,0.000117,0.002127,-0.002273,1.181169,-0.003388,-2.930854,0.000078,0.001935,-0.002324
14.1020,1.181967,-0.005653,-3.793206,0.000112,0.002137,-0.002267,1.193277,-0.003416,-2.931131,0.000110,0.002196,-0.002314
14.1500,1.197098,-0.005685,-3.793205,0.000108,0.002146,-0.002261,1.211430,-0.003454,-2.931154,0.000016,0.002175,-0.002028
14.2000,1.212228,-0.005717,-3.793205,0.000103,0.002155,-0.002255,1.226560,-0.003483,-2.931454,0.000109,0.002147,-0.002265
14.2500,1.227356,-0.005749,-3.793205,0.000099,0.002163,-0.002249,1.241686,-0.003515,-2.931461,0.000002,0.002237,-0.002253
14.3000,1.242483,-0.005781,-3.793206,0.000095,0.002170,-0.002243,1.253784,-0.003538,-2.931788,0.000183,0.002026,-0.002132
14.3500,1.257608,-0.005813,-3.793207,0.000092,0.002177,-0.002237,1.271935,-0.003575,-2.931773,0.000061,0.002224,-0.002183
14.4000,1.272733,-0.005845,-3.793208,0.000088,0.002184,-0.002232,1.284034,-0.003600,-2.932078,0.000198,0.002109,-0.002129
14.4520,1.287856,-0.005877,-3.793210,0.000085,0.002190,-0.002226,1.302184,-0.003637,-2.932112,-0.000137,0.002177,-0.002207
14.5000,1.302977,-0.005909,-3.793213,0.000081,0.002195,-0.002221,1.314281,-0.003661,-2.932370,0.000156,0.002319,-0.002291
14.5500,1.318098,-0.005941,-3.793216,0.000078,0.002200,-0.002216,1.332428,-0.003700,-2.932389,0.000274,0.002226,-0.002229
14.6000,1.333217,-0.005972,-3.793219,0.000075,0.002205,-0.002210,1.344526,-0.003728,-2.932688,0.000197,0.002053,-0.002192
14.6500,1.348336,-0.006004,-3.793222,0.000072,0.002210,-0.002205,1.362667,-0.003763,-2.932668,0.000120,0.002419,-0.002184
14.7000,1.363453,-0.006035,-3.793226,0.000069,0.002214,-0.002200,1.374762,-0.003789,-2.932946,-0.000035,0.002067,-0.002130
14.7500,1.378569,-0.006067,-3.793231,0.000067,0.002218,-0.002195,1.392901,-0.003828,-2.932987,0.000086,0.002334,-0.002073
14.8000,1.393683,-0.006098,-3.793235,0.000064,0.002221,-0.002190,1.404990,-0.003852,-2.933209,0.000152,0.002076,-0.002262
14.8500,1.408797,-0.006130,-3.793240,0.000062,0.002224,-0.002185,1.423125,-0.003891,-2.933233,0.000009,0.002009,-0.002038
14.9000,1.423909,-0.006161,-3.793246,0.000059,0.002227,-0.002180,1.435213,-0.003914,-2.933508,-0.000003,0.002144,-0.002309
14.9500,1.439021,-0.006192,-3.793252,0.000057,0.002230,-0.002175,1.453349,-0.003954,-2.933485,0.000101,0.002367,-0.002076
15.0000,1.454131,-0.006223,-3.793258,0.000055,0.002233,-0.002171,1.465440,-0.003978,-2.933739,0.000074,0.002326,-0.001996
15.0500,1.469240,-0.006255,-3.793264,0.000053,0.002235,-0.002166,1.483576,-0.004014,-2.933789,0.000039,0.002297,-0.002072
15.1000,1.484348,-0.006286,-3.793271,0.000051,0.002237,-0.002162,1.495655,-0.004041,-2.933975,0.000074,0.002260,-0.002346
15.1500,1.499455,-0.006317,-3.793278,0.000050,0.002239,-0.002157,1.513779,-0.004080,-2.934006,-0.000084,0.002292,-0.002116
15.2020,1.514560,-0.006348,-3.793285,0.000048,0.002241,-0.002153,1.525861,-0.004103,-2.934261,0.000055,0.002191,-0.002166
15.2500,1.529665,-0.006378,-3.793293,0.000046,0.002242,-0.002148,1.543990,-0.004142,-2.934233,-0.000033,0.002218,-0.002196
15.3000,1.544769,-0.006409,-3.793300,0.000045,0.002244,-0.002144,1.556074,-0.004167,-2.934466,-0.000014,0.002273,-0.002164
15.3500,1.559872,-0.006440,-3.793309,0.000043,0.002245,-0.002140,1.574802,-0.004205,-2.934463,0.000147,0.002154,-0.002294
15.4000,1.574973,-0.006471,-3.793317,0.000042,0.002246,-0.002135,1.586279,-0.004230,-2.934678,0.000004,0.002312,-0.002119
15.4500,1.590074,-0.006502,-3.793326,0.000041,0.002247,-0.002131,1.604400,-0.004266,-2.934718,0.000082,0.002026,-0.002266
15.5000,1.605174,-0.006532,-3.793335,0.000039,0.002248,-0.002127,1.618291,-0.004292,-2.934899,0.000080,0.002367,-0.002072
15.5500,1.620272,-0.006563,-3.793344,0.000038,0.002249,-0.002123,1.634598,-0.004325,-2.934921,0.000012,0.002400,-0.002264
15.6000,1.635370,-0.006593,-3.793354,0.000037,0.002249,-0.002119,1.646679,-0.004349,-2.935138,0.000104,0.002265,-0.002121
15.6500,1.650467,-0.006624,-3.793363,0.000036,0.002250,-0.002115,1.664794,-0.004384,-2.935130,-0.000088,0.002209,-0.002008
15.7020,1.665562,-0.006654,-3.793374,0.000035,0.002250,-0.002111,1.676871,-0.004407,-2.935328,0.000043,0.002276,-0.001949
15.7500,1.680657,-0.006685,-3.793384,0.000034,0.002251,-0.002107,1.694984,-0.004437,-2.935373,0.000087,0.002237,-0.001941
15.8000,1.695751,-0.006715,-3.793394,0.000034,0.002251,-0.002103,1.707060,-0.004461,-2.935526,0.000103,0.002186,-0.002192
15.8500,1.710844,-0.006745,-3.793405,0.000033,0.002251,-0.002100,1.725170,-0.004500,-2.935554,-0.000002,0.002135,-0.002221
15.9000,1.725936,-0.006776,-3.793416,0.000032,0.002252,-0.002096,1.737243,-0.004527,-2.935753,0.000046,0.002175,-0.002108
15.9500,1.741027,-0.006806,-3.793427,0.000031,0.002252,-0.002092,1.755355,-0.004562,-2.935740,-0.000009,0.002235,-0.002088
16.0020,1.756117,-0.006836,-3.793439,0.000031,0.002252,-0.002089,1.767427,-0.004587,-2.935923,0.000039,0.002280,-0.002172
16.0500,1.771206,-0.006866,-3.793451,0.000030,0.002252,-0.002085,1.785534,-0.004624,-2.935975,-0.000068,0.002227,-0.002192
16.1000,1.786295,-0.006896,-3.793463,0.000029,0.002252,-0.002081,1.797603,-0.004648,-2.936103,-0.000009,0.002358,-0.001938
16.1500,1.801382,-0.006927,-3.793475,0.000029,0.002252,-0.002078,1.815709,-0.004683,-2.936138,0.000246,0.002248,-0.002112
16.2000,1.816469,-0.006957,-3.793487,0.000028,0.002251,-0.002074,1.827780,-0.004707,-2.936326,0.000049,0.002338,-0.001964
16.2500,1.831555,-0.006987,-3.793500,0.000028,0.002251,-0.002071,1.845880,-0.004742,-2.936308,-0.000014,0.002237,-0.001895
16.3000,1.846639,-0.007016,-3.793513,0.000027,0.002251,-0.002067,1.857947,-0.004766,-2.936479,-0.000137,0.002305,-0.002074
16.3500,1.861723,-0.007046,-3.793526,0.000027,0.002251,-0.002064,1.876046,-0.004801,-2.936536,0.000103,0.002173,-0.002122
16.4000,1.876807,-0.007076,-3.793539,0.000026,0.002251,-0.002061,1.888115,-0.004826,-2.936640,-0.000030,0.002307,-0.001928
16.4500,1.891889,-0.007106,-3.793552,0.000026,0.002250,-0.002057,1.906215,-0.004863,-2.936682,0.000103,0.002072,-0.002077
16.5000,1.906971,-0.007136,-3.793566,0.000026,0.002250,-0.002054,1.922503,-0.004897,-2.936813,-0.000126,0.002161,-0.001956
16.5500,1.922051,-0.007166,-3.793580,0.000025,0.002249,-0.002051,1.936377,-0.004923,-2.936832,-0.000017,0.002266,-0.001877
16.6000,1.937131,-0.007195,-3.793594,0.000025,0.002249,-0.002048,1.948440,-0.004944,-2.936992,0.000109,0.002358,-0.001984
16.6500,1.952210,-0.007225,-3.793608,0.000025,0.002249,-0.002044,1.966533,-0.004979,-2.936996,-0.000006,0.002131,-0.001950
16.7000,1.967289,-0.007255,-3.793623,0.000024,0.002248,-0.002041,1.978594,-0.005000,-2.937138,-0.000125,0.002167,-0.001991
16.7500,1.982366,-0.007284,-3.793637,0.000024,0.002248,-0.002038,1.996683,-0.005032,-2.937183,0.000212,0.002169,-0.001955
16.8000,1.997443,-0.007314,-3.793652,0.000024,0.002247,-0.002035,2.009350,-0.005054,-2.937292,0.000154,0.002243,-0.002139
16.8500,2.012519,-0.007343,-3.793667,0.000024,0.002247,-0.002032,2.026838,-0.005091,-2.937320,0.000075,0.002268,-0.002090
16.9000,2.027594,-0.007373,-3.793682,0.000023,0.002246,-0.002029,2.038897,-0.005117,-2.937470,0.000155,0.002140,-0.002182
16.9500,2.042669,-0.007402,-3.793698,0.000023,0.002246,-0.002026,2.056988,-0.005153,-2.937466,0.000098,0.002174,-0.002059
17.0020,2.057743,-0.007432,-3.793713,0.000023,0.002245,-0.002023,2.069046,-0.005177,-2.937601,-0.000034,0.002165,-0.002011
17.0500,2.072816,-0.007461,-3.793729,0.000023,0.002245,-0.002020,2.087133,-0.005212,-2.937653,-0.000059,0.002269,-0.002056
17.1000,2.087888,-0.007490,-3.793745,0.000023,0.002244,-0.002017,2.099190,-0.005238,-2.937742,0.000188,0.002298,-0.002118
17.1500,2.102960,-0.007520,-3.793761,0.000023,0.002244,-0.002014,2.117276,-0.005278,-2.937777,0.000173,0.002214,-0.002038
17.2000,2.118031,-0.007549,-3.793777,0.000022,0.002243,-0.002012,2.129332,-0.005306,-2.937919,0.000197,0.002163,-0.002051
17.2500,2.133101,-0.007578,-3.793794,0.000022,0.002243,-0.002009,2.147417,-0.005336,-2.937909,0.000008,0.002505,-0.002094
17.3000,2.148170,-0.007607,-3.793810,0.000022,0.002242,-0.002006,2.159474,-0.005359,-2.938038,0.000142,0.002199,-0.002096
17.3500,2.163239,-0.007637,-3.793827,0.000022,0.002242,-0.002003,2.177560,-0.005394,-2.938095,-0.000006,0.002368,-0.001914
17.4000,2.178307,-0.007666,-3.793844,0.000022,0.002241,-0.002000,2.189612,-0.005416,-2.938165,-0.000040,0.002352,-0.001879
17.4500,2.193375,-0.007695,-3.793861,0.000022,0.002241,-0.001998,2.207692,-0.005451,-2.938207,-0.000045,0.002250,-0.002062
17.5000,2.208441,-0.007724,-3.793878,0.000022,0.002240,-0.001995,2.219746,-0.005474,-2.938342,0.000152,0.002334,-0.001906
17.5500,2.223507,-0.007753,-3.793896,0.000022,0.002239,-0.001992,2.237822,-0.005508,-2.938327,-0.000012,0.002285,-0.001849
17.6000,2.238573,-0.007782,-3.793913,0.000022,0.002239,-0.001990,2.249873,-0.005530,-2.938447,-0.000008,0.002244,-0.001815
17.6500,2.253638,-0.007811,-3.793931,0.000022,0.002238,-0.001987,2.267948,-0.005564,-2.938512,0.000035,0.002250,-0.002018
17.7000,2.268702,-0.007840,-3.793949,0.000022,0.002238,-0.001985,2.280002,-0.005588,-2.938565,-0.000048,0.002203,-0.002001
17.7500,2.283765,-0.007869,-3.793967,0.000021,0.002237,-0.001982,2.298080,-0.005622,-2.938612,-0.000151,0.002306,-0.001884
17.8000,2.298828,-0.007898,-3.793985,0.000021,0.002237,-0.001980,2.313141,-0.005652,-2.938695,-0.000004,0.002402,-0.001978
17.8500,2.313890,-0.007927,-3.794003,0.000021,0.002236,-0.001977,2.328203,-0.005681,-2.938721,-0.000031,0.002397,-0.002074
17.9000,2.328952,-0.007955,-3.794022,0.000021,0.002235,-0.001975,2.340252,-0.005705,-2.938836,-0.000104,0.002198,-0.001788
17.9500,2.344013,-0.007984,-3.794040,0.000021,0.002235,-0.001972,2.358327,-0.005739,-2.938839,0.000123,0.002069,-0.001988
18.0000,2.359073,-0.008013,-3.794059,0.000021,0.002234,-0.001970,2.370374,-0.005762,-2.938937,0.000067,0.002418,-0.001835
18.0500,2.374133,-0.008042,-3.794078,0.000021,0.002234,-0.001967,2.388442,-0.005796,-2.938992,0.000230,0.002263,-0.001913
18.1020,2.389192,-0.008070,-3.794097,0.000021,0.002233,-0.001965,2.400490,-0.005817,-2.939054,0.000076,0.002216,-0.001981
18.1500,2.404251,-0.008099,-3.794116,0.000021,0.002233,-0.001963,2.418560,-0.005852,-2.939089,0.000201,0.002394,-0.001957
18.2000,2.419309,-0.008128,-3.794135,0.000021,0.002232,-0.001960,2.430605,-0.005873,-2.939199,-0.000118,0.002176,-0.001850
18.2500,2.434366,-0.008156,-3.794155,0.000021,0.002232,-0.001958,2.448675,-0.005907,-2.939198,0.000087,0.002291,-0.001881
18.3000,2.449423,-0.008185,-3.794174,0.000021,0.002231,-0.001956,2.460720,-0.005929,-2.939294,0.000049,0.002289,-0.001717
18.3520,2.464480,-0.008214,-3.794194,0.000021,0.002231,-0.001954,2.478787,-0.005962,-2.939352,-0.000004,0.002375,-0.001758
18.4000,2.479535,-0.008242,-3.794214,0.000021,0.002230,-0.001951,2.490830,-0.005984,-2.939400,0.000073,0.002228,-0.001944
18.4500,2.494591,-0.008271,-3.794234,0.000021,0.002229,-0.001949,2.508897,-0.006018,-2.939442,0.000001,0.002118,-0.002106
18.5000,2.509645,-0.008299,-3.794254,0.000021,0.002229,-0.001947,2.520940,-0.006043,-2.939547,-0.000008,0.002098,-0.002166
18.5500,2.524699,-0.008328,-3.794274,0.000021,0.002228,-0.001945,2.539005,-0.006079,-2.939541,0.000001,0.002262,-0.001826
18.6020,2.539753,-0.008356,-3.794295,0.000021,0.002228,-0.001943,2.551049,-0.006100,-2.939634,-0.000030,0.002327,-0.001919
18.6500,2.554806,-0.008384,-3.794315,0.000021,0.002227,-0.001940,2.569116,-0.006134,-2.939699,-0.000052,0.002282,-0.001956
18.7000,2.569858,-0.008413,-3.794336,0.000021,0.002227,-0.001938,2.581154,-0.006161,-2.939731,0.000062,0.002242,-0.001877
18.7500,2.584910,-0.008441,-3.794357,0.000021,0.002226,-0.001936,2.599217,-0.006199,-2.939778,-0.000053,0.002237,-0.001882
18.8000,2.599962,-0.008470,-3.794377,0.000021,0.002226,-0.001934,2.611258,-0.006224,-2.939880,-0.000004,0.002192,-0.002223
18.8500,2.615013,-0.008498,-3.794398,0.000021,0.002225,-0.001932,2.629317,-0.006257,-2.939868,0.000133,0.002202,-0.002127
18.9000,2.630063,-0.008526,-3.794419,0.000021,0.002225,-0.001930,2.641356,-0.006282,-2.939956,-0.000027,0.002169,-0.002068
18.9500,2.645113,-0.008554,-3.794441,0.000021,0.002224,-0.001928,2.660017,-0.006320,-2.939970,0.000002,0.002201,-0.001900
19.0000,2.660163,-0.008583,-3.794462,0.000021,0.002224,-0.001926,2.671453,-0.006341,-2.940043,-0.000037,0.002289,-0.002027
19.0500,2.675212,-0.008611,-3.794483,0.000021,0.002223,-0.001924,2.689509,-0.006375,-2.940096,-0.000014,0.002272,-0.002150
19.1000,2.690260,-0.008639,-3.794505,0.000021,0.002223,-0.001922,2.703354,-0.006404,-2.940144,0.000164,0.002301,-0.002001
19.1500,2.705308,-0.008667,-3.794527,0.000021,0.002223,-0.001920,2.719606,-0.006437,-2.940177,-0.000036,0.002005,-0.001945
19.2000,2.720356,-0.008695,-3.794549,0.000021,0.002222,-0.001918,2.731642,-0.006462,-2.940263,0.000068,0.002170,-0.002012
19.2500,2.735403,-0.008724,-3.794570,0.000021,0.002222,-0.001917,2.749700,-0.006496,-2.940268,0.000111,0.002262,-0.001824
19.3000,2.750449,-0.008752,-3.794592,0.000021,0.002221,-0.001915,2.761737,-0.006519,-2.940342,0.000031,0.002204,-0.001839
19.3500,2.765495,-0.008780,-3.794615,0.000021,0.002221,-0.001913,2.779793,-0.006555,-2.940401,0.000039,0.002256,-0.001937
19.4000,2.780541,-0.008808,-3.794637,0.000021,0.002220,-0.001911,2.791829,-0.006575,-2.940433,-0.000066,0.002224,-0.001817
19.4500,2.795586,-0.008836,-3.794659,0.000021,0.002220,-0.001909,2.809883,-0.006609,-2.940475,0.000024,0.002281,-0.001872
19.5000,2.810631,-0.008864,-3.794682,0.000021,0.002219,-0.001907,2.821920,-0.006631,-2.940560,0.000124,0.002215,-0.001833
19.5500,2.825675,-0.008892,-3.794704,0.000021,0.002219,-0.001906,2.839970,-0.006662,-2.940561,0.000099,0.002170,-0.001885
19.6000,2.840719,-0.008920,-3.794727,0.000021,0.002218,-0.001904,2.852004,-0.006682,-2.940632,0.000111,0.002359,-0.002082
19.6500,2.855762,-0.008948,-3.794749,0.000021,0.002218,-0.001902,2.870054,-0.006712,-2.940696,0.000020,0.002192,-0.001753
19.7000,2.870805,-0.008976,-3.794772,0.000021,0.002218,-0.001900,2.882090,-0.006735,-2.940715,0.000037,0.002156,-0.001852
19.7500,2.885848,-0.009004,-3.794795,0.000021,0.002217,-0.001899,2.900140,-0.006770,-2.940763,0.000104,0.001972,-0.001927
19.8000,2.900890,-0.009032,-3.794818,0.000021,0.002217,-0.001897,2.912173,-0.006792,-2.940843,-0.000019,0.002203,-0.002038
19.8520,2.915932,-0.009059,-3.794841,0.000021,0.002216,-0.001895,2.930226,-0.006826,-2.940839,0.000054,0.002442,-0.001705
19.9000,2.930973,-0.009087,-3.794865,0.000021,0.002216,-0.001894,2.942260,-0.006845,-2.940910,0.000035,0.002370,-0.001801
19.9520,2.946014,-0.009115,-3.794888,0.000021,0.002216,-0.001892,2.960313,-0.006875,-2.940980,0.000146,0.002256,-0.001781
20.0000,2.961054,-0.009143,-3.794911,0.000021,0.002215,-0.001890,2.972343,-0.006899,-2.940988,-0.000003,0.002208,-0.001839
20.0500,2.976094,-0.009171,-3.794935,0.000021,0.002215,-0.001889,2.990391,-0.006932,-2.941039,0.000032,0.002251,-0.001933
20.1000,2.991134,-0.009199,-3.794959,0.000021,0.002214,-0.001887,3.006633,-0.006960,-2.941082,0.000090,0.002134,-0.001855
20.1500,3.006173,-0.009226,-3.794982,0.000021,0.002214,-0.001886,3.020468,-0.006985,-2.941110,-0.000232,0.002084,-0.001801
20.2000,3.021212,-0.009254,-3.795006,0.000021,0.002214,-0.001884,3.032497,-0.007006,-2.941178,-0.000036,0.002253,-0.001967
20.2500,3.036251,-0.009282,-3.795030,0.000021,0.002213,-0.001882,3.050545,-0.007040,-2.941190,-0.000064,0.002041,-0.002052
20.3000,3.051289,-0.009309,-3.795054,0.000021,0.002213,-0.001881,3.062574,-0.007063,-2.941247,-0.000021,0.002069,-0.001714
20.3500,3.066326,-0.009337,-3.795078,0.000021,0.002212,-0.001879,3.080616,-0.007092,-2.941304,-0.000021,0.002287,-0.001660
20.4000,3.081364,-0.009365,-3.795102,0.000021,0.002212,-0.001878,3.093248,-0.007116,-2.941330,0.000019,0.002222,-0.001933
20.4500,3.096401,-0.009392,-3.795126,0.000021,0.002212,-0.001876,3.110690,-0.007148,-2.941369,0.000128,0.002313,-0.002070
20.5000,3.111437,-0.009420,-3.795151,0.000021,0.002211,-0.001875,3.122720,-0.007171,-2.941440,-0.000112,0.002379,-0.001836
20.5500,3.126474,-0.009448,-3.795175,0.000021,0.002211,-0.001873,3.140761,-0.007204,-2.941449,0.000069,0.002063,-0.001936
20.6000,3.141510,-0.009475,-3.795200,0.000021,0.002211,-0.001872,3.152789,-0.007228,-2.941505,-0.000084,0.002241,-0.001866
20.6500,3.156545,-0.009503,-3.795224,0.000021,0.002210,-0.001871,3.170830,-0.007262,-2.941568,0.000058,0.002394,-0.001918
20.7000,3.171580,-0.009530,-3.795249,0.000021,0.002210,-0.001869,3.182858,-0.007284,-2.941582,-0.000106,0.002146,-0.001910
20.7500,3.186615,-0.009558,-3.795274,0.000021,0.002210,-0.001868,3.200899,-0.007317,-2.941629,-0.000054,0.002286,-0.001872
20.8000,3.201650,-0.009586,-3.795298,0.000021,0.002209,-0.001866,3.212929,-0.007338,-2.941698,0.000014,0.002115,-0.002053
20.8500,3.216684,-0.009613,-3.795323,0.000021,0.002209,-0.001865,3.230969,-0.007371,-2.941699,-0.000023,0.002340,-0.001913
20.9000,3.231717,-0.009641,-3.795348,0.000021,0.002209,-0.001864,3.242997,-0.007393,-2.941757,0.000035,0.002385,-0.001833
20.9520,3.246751,-0.009668,-3.795373,0.000021,0.002208,-0.001862,3.261041,-0.007424,-2.941826,-0.000079,0.002307,-0.002006
21.0000,3.261784,-0.009695,-3.795398,0.000021,0.002208,-0.001861,3.273063,-0.007449,-2.941828,0.000043,0.001940,-0.001921
21.0500,3.276817,-0.009723,-3.795424,0.000021,0.002208,-0.001860,3.291099,-0.007486,-2.941878,0.000135,0.002089,-0.001831
21.1020,3.291849,-0.009750,-3.795449,0.000021,0.002207,-0.001858,3.303122,-0.007509,-2.941945,-0.000051,0.002087,-0.001907
21.1500,3.306881,-0.009778,-3.795474,0.000021,0.002207,-0.001857,3.321166,-0.007541,-2.941939,-0.000056,0.002293,-0.001798
21.2020,3.321913,-0.009805,-3.795500,0.000021,0.002207,-0.001856,3.333190,-0.007561,-2.941997,0.000068,0.002416,-0.001764
21.2500,3.336945,-0.009833,-3.795525,0.000021,0.002206,-0.001854,3.351231,-0.007592,-2.942074,0.000022,0.002216,-0.001935
21.3000,3.351976,-0.009860,-3.795551,0.000021,0.002206,-0.001853,3.363251,-0.007613,-2.942066,0.000194,0.002236,-0.001664
21.3500,3.367007,-0.009887,-3.795577,0.000021,0.002206,-0.001852,3.381289,-0.007642,-2.942121,0.000099,0.002305,-0.001716
21.4000,3.382037,-0.009915,-3.795602,0.000021,0.002205,-0.001851,3.396320,-0.007667,-2.942147,0.000156,0.002269,-0.001898
21.4500,3.397068,-0.009942,-3.795628,0.000021,0.002205,-0.001850,3.411350,-0.007696,-2.942181,0.000057,0.002198,-0.001784
21.5000,3.412098,-0.009969,-3.795654,0.000021,0.002205,-0.001848,3.423374,-0.007718,-2.942240,0.000008,0.002155,-0.001612
21.5500,3.427127,-0.009997,-3.795680,0.000021,0.002205,-0.001847,3.441408,-0.007750,-2.942254,0.000060,0.002219,-0.001880
21.6000,3.442157,-0.010024,-3.795706,0.000021,0.002204,-0.001846,3.453432,-0.007773,-2.942299,-0.000007,0.002278,-0.001876
21.6500,3.457186,-0.010051,-3.795732,0.000021,0.002204,-0.001845,3.471466,-0.007804,-2.942361,-0.000003,0.002180,-0.001948
21.7000,3.472215,-0.010078,-3.795758,0.000021,0.002204,-0.001844,3.483490,-0.007827,-2.942370,0.000039,0.002202,-0.001775
21.7500,3.487243,-0.010106,-3.795784,0.000021,0.002203,-0.001842,3.501523,-0.007859,-2.942413,-0.000020,0.002380,-0.002006
21.8000,3.502271,-0.010133,-3.795811,0.000021,0.002203,-0.001841,3.513545,-0.007882,-2.942473,0.000170,0.002207,-0.001837
21.8500,3.517299,-0.010160,-3.795837,0.000021,0.002203,-0.001840,3.531579,-0.007913,-2.942480,-0.000084,0.002357,-0.001643
21.9000,3.532327,-0.010187,-3.795863,0.000021,0.002203,-0.001839,3.543601,-0.007933,-2.942528,0.000084,0.002056,-0.001901
21.9500,3.547354,-0.010215,-3.795890,0.000021,0.002202,-0.001838,3.561634,-0.007965,-2.942594,0.000186,0.002155,-0.001901
22.0000,3.562381,-0.010242,-3.795916,0.000021,0.002202,-0.001837,3.573656,-0.007985,-2.942594,0.000161,0.002247,-0.001844
22.0500,3.577408,-0.010269,-3.795943,0.000021,0.002202,-0.001836,3.591681,-0.008020,-2.942640,0.000004,0.002268,-0.001720
22.1000,3.592246,-0.010295,-3.795953,0.000020,0.002317,-0.001836,3.603355,-0.008042,-2.942673,-0.000245,0.002631,-0.001711
22.1500,3.605266,-0.010313,-3.795919,0.000033,0.002746,-0.001841,3.616430,-0.008004,-2.942056,-0.000154,0.003236,-0.001760
22.2000,3.614761,-0.010315,-3.795810,0.000080,0.003459,-0.001893,3.622534,-0.007977,-2.941718,0.000117,0.003716,-0.002013
22.2500,3.620479,-0.010301,-3.795630,0.000161,0.004316,-0.002020,3.627337,-0.007919,-2.941193,0.000217,0.005050,-0.002029
22.3000,3.623144,-0.010277,-3.795396,0.000273,0.005208,-0.002184,3.628909,-0.007921,-2.941120,0.000287,0.005545,-0.002296
22.3500,3.623812,-0.010247,-3.795139,0.000400,0.006048,-0.002358,3.628752,-0.007881,-2.940840,0.000495,0.006390,-0.002556
22.4000,3.623470,-0.010222,-3.794896,0.000526,0.006754,-0.002506,3.627994,-0.007861,-2.940509,0.000709,0.007028,-0.002626
22.4520,3.622824,-0.010208,-3.794696,0.000638,0.007295,-0.002609,3.627656,-0.007862,-2.940440,0.000700,0.007575,-0.002737
22.5000,3.622170,-0.010194,-3.794544,0.000733,0.007670,-0.002702,3.627152,-0.007857,-2.940200,0.000771,0.007783,-0.002890
22.5500,3.621577,-0.010185,-3.794437,0.000808,0.007900,-0.002770,3.626532,-0.007916,-2.940320,0.000872,0.007974,-0.002805
22.6000,3.621086,-0.010181,-3.794366,0.000861,0.008017,-0.002814,3.626232,-0.007956,-2.940189,0.000899,0.007982,-0.002819
22.6500,3.620698,-0.010183,-3.794323,0.000894,0.008046,-0.002841,3.625873,-0.008025,-2.940416,0.000674,0.008056,-0.002888
22.7000,3.620391,-0.010188,-3.794301,0.000909,0.008008,-0.002862,3.625616,-0.008028,-2.940152,0.000959,0.007827,-0.002911
22.7500,3.620135,-0.010194,-3.794293,0.000909,0.007917,-0.002876,3.625372,-0.008048,-2.940231,0.001054,0.007819,-0.002972
22.8000,3.619901,-0.010200,-3.794294,0.000895,0.007787,-0.002883,3.625204,-0.008065,-2.940076,0.000803,0.007808,-0.002941
22.8500,3.619676,-0.010205,-3.794301,0.000870,0.007626,-0.002887,3.624940,-0.008080,-2.940096,0.000689,0.007579,-0.003016
22.9020,3.619452,-0.010212,-3.794311,0.000834,0.007444,-0.002887,3.624767,-0.008090,-2.939930,0.000968,0.007362,-0.002705
22.9500,3.619228,-0.010218,-3.794322,0.000791,0.007245,-0.002884,3.624509,-0.008105,-2.940016,0.000827,0.007095,-0.002844
23.0000,3.619002,-0.010224,-3.794335,0.000742,0.007034,-0.002876,3.624324,-0.008109,-2.939803,0.000658,0.006902,-0.002823
23.0500,3.618775,-0.010228,-3.794348,0.000688,0.006814,-0.002866,3.624050,-0.008117,-2.939841,0.000600,0.006643,-0.002931
23.1000,3.618529,-0.010232,-3.794362,0.000615,0.006577,-0.002446,3.623844,-0.008125,-2.939729,0.000733,0.006353,-0.001554
23.1500,3.618236,-0.010262,-3.794408,0.000498,0.006316,0.000783,3.623472,-0.014036,-2.939756,0.000539,0.006028,0.004217
23.2000,3.617932,-0.010327,-3.794469,0.000367,0.006046,0.006807,3.623242,-0.016871,-2.939692,0.000434,0.005850,0.009596
23.2500,3.617648,-0.010390,-3.794524,0.000246,0.005757,0.014119,3.622952,-0.021121,-2.939783,0.000164,0.005440,0.018894
23.3000,3.617388,-0.010445,-3.794568,0.000152,0.005479,0.022318,3.622741,-0.019298,-2.939674,0.000092,0.005423,0.025963
23.3500,3.617148,-0.010498,-3.794603,0.000078,0.005220,0.031448,3.622480,-0.020061,-2.939717,-0.000038,0.005073,0.037371
23.4000,3.616924,-0.010550,-3.794631,0.000021,0.004981,0.041399,3.622321,-0.020568,-2.939695,-0.000164,0.004880,0.045432
23.4500,3.616709,-0.010596,-3.794654,-0.000015,0.004760,0.051945,3.622071,-0.020848,-2.939673,-0.000083,0.004579,0.058382
23.5000,3.616503,-0.010636,-3.794672,-0.000030,0.004555,0.062923,3.621919,-0.021150,-2.939656,-0.000073,0.004581,0.067562
23.5500,3.616301,-0.010669,-3.794686,-0.000028,0.004366,0.074247,3.621702,-0.021598,-2.939699,0.000035,0.004322,0.081302
23.6020,3.616102,-0.010697,-3.794698,-0.000016,0.004191,0.085854,3.621525,-0.021377,-2.939649,-0.000061,0.004070,0.090524
23.6500,3.615907,-0.010722,-3.794708,0.000004,0.004029,0.097679,3.621296,-0.021488,-2.939679,-0.000060,0.003936,0.104888
23.7000,3.615714,-0.010746,-3.794716,0.000028,0.003880,0.109671,3.621103,-0.021738,-2.939645,-0.000107,0.003764,0.117842
23.7500,3.615524,-0.010769,-3.794722,0.000055,0.003743,0.121795,3.620944,-0.021933,-2.939642,0.000013,0.003765,0.129058
23.8000,3.615336,-0.010791,-3.794728,0.000084,0.003615,0.134022,3.620810,-0.022103,-2.939659,0.000107,0.003684,0.138872
23.8500,3.615151,-0.010814,-3.794733,0.000112,0.003498,0.146329,3.620595,-0.022243,-2.939632,0.000038,0.003454,0.153872
23.9000,3.614968,-0.010838,-3.794738,0.000139,0.003390,0.158699,3.620457,-0.022344,-2.939649,0.000157,0.003344,0.163639
23.9500,3.614788,-0.010863,-3.794742,0.000166,0.003289,0.171117,3.620253,-0.022500,-2.939664,0.000257,0.003114,0.178603
24.0000,3.614611,-0.010889,-3.794746,0.000191,0.003197,0.183573,3.620100,-0.022521,-2.939665,0.000153,0.003118,0.189154
24.0500,3.614436,-0.010917,-3.794749,0.000214,0.003112,0.196057,3.619899,-0.022594,-2.939670,0.000168,0.003076,0.203602
24.1000,3.614263,-0.010946,-3.794753,0.000236,0.003033,0.208564,3.619763,-0.022647,-2.939720,0.000331,0.002905,0.213388
24.1500,3.614093,-0.010976,-3.794756,0.000257,0.002961,0.221089,3.619557,-0.022699,-2.939693,0.000260,0.002956,0.228742
24.2000,3.613925,-0.011008,-3.794760,0.000276,0.002894,0.233627,3.619423,-0.022741,-2.939737,0.000318,0.002794,0.238607
24.2520,3.613759,-0.011041,-3.794763,0.000294,0.002832,0.246175,3.619226,-0.022809,-2.939766,0.000367,0.002884,0.253609
24.3000,3.613595,-0.011076,-3.794767,0.000311,0.002775,0.258730,3.619089,-0.022831,-2.939776,0.000329,0.002726,0.263823
24.3500,3.613434,-0.011112,-3.794770,0.000327,0.002723,0.271292,3.618892,-0.022883,-2.939792,0.000259,0.002939,0.278865
24.4000,3.613275,-0.011150,-3.794774,0.000343,0.002674,0.283858,3.618765,-0.022920,-2.939860,0.000283,0.002607,0.288952
24.4500,3.613118,-0.011190,-3.794777,0.000357,0.002630,0.296428,3.618571,-0.022969,-2.939832,0.000160,0.002666,0.303996
24.5000,3.612964,-0.011230,-3.794781,0.000370,0.002588,0.308999,3.618445,-0.023005,-2.939891,0.000362,0.002378,0.313973
24.5500,3.612811,-0.011273,-3.794785,0.000383,0.002550,0.321573,3.618257,-0.023063,-2.939930,0.000383,0.002609,0.329109
24.6000,3.612661,-0.011316,-3.794789,0.000395,0.002514,0.334147,3.618134,-0.023095,-2.939940,0.000451,0.002623,0.339104
24.6500,3.612513,-0.011361,-3.794793,0.000407,0.002481,0.346723,3.617954,-0.023155,-2.939964,0.000542,0.002468,0.354309
24.7000,3.612367,-0.011408,-3.794797,0.000419,0.002451,0.359298,3.617837,-0.023200,-2.940041,0.000359,0.002465,0.364189
24.7500,3.612223,-0.011455,-3.794801,0.000430,0.002422,0.371874,3.617658,-0.023253,-2.940010,0.000454,0.002452,0.379558
24.8000,3.612081,-0.011504,-3.794805,0.000441,0.002396,0.384450,3.617542,-0.023296,-2.940076,0.000282,0.002336,0.389542
24.8500,3.611942,-0.011555,-3.794809,0.000451,0.002371,0.397025,3.617371,-0.023367,-2.940123,0.000520,0.002421,0.404462
24.9000,3.611804,-0.011606,-3.794813,0.000461,0.002348,0.409601,3.617257,-0.023401,-2.940126,0.000439,0.002207,0.414733
24.9500,3.611669,-0.011659,-3.794818,0.000471,0.002326,0.422175,3.617091,-0.023470,-2.940157,0.000321,0.002170,0.429788
25.0000,3.611536,-0.011713,-3.794822,0.000481,0.002306,0.434750,3.616952,-0.023523,-2.940187,0.000467,0.002372,0.442284
25.0500,3.611404,-0.011768,-3.794826,0.000491,0.002288,0.447323,3.616815,-0.023579,-2.940198,0.000461,0.002227,0.454804
25.1000,3.611275,-0.011824,-3.794830,0.000501,0.002270,0.459897,3.616706,-0.023626,-2.940266,0.000662,0.002312,0.464892
25.1500,3.611148,-0.011882,-3.794835,0.000510,0.002253,0.472469,3.616548,-0.023693,-2.940252,0.000528,0.002440,0.480103
25.2000,3.611023,-0.011940,-3.794839,0.000519,0.002238,0.485041,3.616447,-0.023741,-2.940309,0.000618,0.002307,0.490116
25.2500,3.610900,-0.011999,-3.794844,0.000529,0.002223,0.497612,3.616300,-0.023815,-2.940342,0.000326,0.002215,0.505319
25.3000,3.610780,-0.012059,-3.794848,0.000538,0.002209,0.510183,3.616198,-0.023865,-2.940364,0.000430,0.002217,0.515318
25.3520,3.610661,-0.012120,-3.794852,0.000547,0.002196,0.522753,3.616051,-0.023939,-2.940381,0.000501,0.002076,0.530278
25.4000,3.610544,-0.012182,-3.794857,0.000556,0.002184,0.535322,3.615953,-0.023988,-2.940451,0.000516,0.002066,0.540380
25.4500,3.610429,-0.012245,-3.794861,0.000565,0.002172,0.547891,3.615814,-0.024066,-2.940432,0.000454,0.002110,0.555312
25.5000,3.610316,-0.012309,-3.794866,0.000574,0.002161,0.560459,3.615721,-0.024119,-2.940489,0.000533,0.002135,0.565574
25.5500,3.610205,-0.012373,-3.794870,0.000583,0.002150,0.573026,3.615583,-0.024201,-2.940529,0.000527,0.002078,0.580613
25.6060,3.609990,-0.012504,-3.794879,0.000600,0.002131,0.598159,3.615495,-0.024254,-2.940540,0.000593,0.002152,0.590797
25.6500,3.609990,-0.012504,-3.794879,0.000600,0.002131,0.598159,3.615363,-0.024336,-2.940562,0.000727,0.002303,0.605634
25.7000,3.609885,-0.012571,-3.794883,0.000609,0.002122,0.610724,3.615279,-0.024391,-2.940632,0.000556,0.001978,0.615753
25.7520,3.609782,-0.012638,-3.794887,0.000617,0.002113,0.623289,3.615151,-0.024473,-2.940606,0.000763,0.002111,0.630888
25.8000,3.609681,-0.012706,-3.794891,0.000625,0.002104,0.635853,3.615067,-0.024531,-2.940664,0.000469,0.002263,0.640956
25.8500,3.609582,-0.012775,-3.794896,0.000634,0.002096,0.648416,3.614946,-0.024618,-2.940708,0.000684,0.002113,0.655754
25.9020,3.609484,-0.012844,-3.794900,0.000642,0.002089,0.660979,3.614864,-0.024673,-2.940707,0.000706,0.002150,0.666033
25.9500,3.609389,-0.012913,-3.794904,0.000650,0.002081,0.673541,3.614752,-0.024760,-2.940734,0.000485,0.001830,0.681090
26.0000,3.609295,-0.012983,-3.794908,0.000658,0.002074,0.686103,3.614679,-0.024820,-2.940804,0.000714,0.001934,0.691031
26.0500,3.609204,-0.013054,-3.794912,0.000666,0.002068,0.698664,3.614562,-0.024906,-2.940772,0.000714,0.001979,0.706095
26.1000,3.609114,-0.013125,-3.794916,0.000674,0.002061,0.711224,3.614489,-0.024968,-2.940829,0.000698,0.002023,0.716291
26.1500,3.609026,-0.013196,-3.794920,0.000682,0.002055,0.723784,3.614371,-0.025059,-2.940820,0.000594,0.001958,0.731754
26.2000,3.608940,-0.013268,-3.794924,0.000690,0.002049,0.736343,3.614302,-0.025115,-2.940864,0.000658,0.002068,0.741379
26.2520,3.608856,-0.013340,-3.794928,0.000698,0.002043,0.748902,3.614195,-0.025205,-2.940896,0.000807,0.002139,0.756336
26.3000,3.608773,-0.013413,-3.794932,0.000705,0.002037,0.761460,3.614115,-0.025272,-2.940912,0.000822,0.001953,0.767977
26.3500,3.608692,-0.013485,-3.794936,0.000713,0.002031,0.774017,3.614026,-0.025355,-2.940925,0.000639,0.001972,0.781534
26.4000,3.608613,-0.013559,-3.794940,0.000720,0.002026,0.786574,3.613962,-0.025417,-2.940982,0.000784,0.001888,0.791526
26.4500,3.608536,-0.013632,-3.794944,0.000728,0.002021,0.799130,3.613867,-0.025507,-2.940966,0.000601,0.002091,0.806608
26.5000,3.608461,-0.013705,-3.794948,0.000735,0.002016,0.811686,3.613803,-0.025567,-2.941010,0.000631,0.002006,0.816535
26.5500,3.608387,-0.013779,-3.794952,0.000743,0.002011,0.824241,3.613709,-0.025657,-2.941046,0.000627,0.002075,0.831806
26.6000,3.608315,-0.013853,-3.794955,0.000750,0.002006,0.836796,3.613650,-0.025721,-2.941050,0.000749,0.001954,0.841836
26.6500,3.608244,-0.013927,-3.794959,0.000757,0.002001,0.849350,3.613563,-0.025814,-2.941068,0.000707,0.001986,0.856981
26.7000,3.608176,-0.014001,-3.794963,0.000764,0.001996,0.861904,3.613508,-0.025875,-2.941124,0.000789,0.001880,0.866846
26.7500,3.608109,-0.014076,-3.794967,0.000771,0.001992,0.874457,3.613422,-0.025966,-2.941103,0.000938,0.001868,0.882039
26.8000,3.608043,-0.014150,-3.794970,0.000778,0.001987,0.887009,3.613367,-0.026030,-2.941146,0.000904,0.001995,0.891877
26.8500,3.607979,-0.014225,-3.794974,0.000785,0.001983,0.899561,3.613290,-0.026129,-2.941187,0.000791,0.001943,0.907043
26.9000,3.607917,-0.014299,-3.794977,0.000792,0.001978,0.912113,3.613237,-0.026185,-2.941179,0.000621,0.001999,0.917049
26.9500,3.607857,-0.014374,-3.794981,0.000798,0.001974,0.924664,3.613158,-0.026279,-2.941203,0.000773,0.001910,0.932100
27.0000,3.607798,-0.014448,-3.794984,0.000805,0.001970,0.937214,3.613107,-0.026344,-2.941258,0.000867,0.001826,0.942233
27.0500,3.607740,-0.014523,-3.794988,0.000812,0.001966,0.949764,3.613037,-0.026434,-2.941230,0.000903,0.001920,0.957264
27.1000,3.607684,-0.014598,-3.794991,0.000818,0.001962,0.962313,3.612990,-0.026498,-2.941273,0.000790,0.001914,0.967142
27.1500,3.607630,-0.014672,-3.794995,0.000825,0.001958,0.974862,3.612921,-0.026598,-2.941318,0.000830,0.002151,0.982449
27.2000,3.607577,-0.014746,-3.794998,0.000831,0.001954,0.987411,3.612877,-0.026653,-2.941299,0.000769,0.001819,0.992539
27.2500,3.607525,-0.014821,-3.795001,0.000838,0.001950,0.999959,3.612815,-0.026746,-2.941327,0.000811,0.001972,1.007573
27.3000,3.607476,-0.014895,-3.795005,0.000844,0.001946,1.012506,3.612756,-0.026828,-2.941337,0.000901,0.002051,1.021138
27.3500,3.607427,-0.014969,-3.795008,0.000850,0.001942,1.025053,3.612709,-0.026899,-2.941347,0.000893,0.001884,1.032626
27.4000,3.607380,-0.015043,-3.795011,0.000857,0.001938,1.037600,3.612670,-0.026962,-2.941390,0.000851,0.001960,1.042624
27.4500,3.607334,-0.015117,-3.795014,0.000863,0.001934,1.050146,3.612610,-0.027056,-2.941379,0.000809,0.001830,1.057695
27.5000,3.607290,-0.015190,-3.795017,0.000869,0.001931,1.062692,3.612573,-0.027117,-2.941410,0.000785,0.001801,1.067615
27.5500,3.607248,-0.015264,-3.795021,0.000875,0.001927,1.075237,3.612517,-0.027211,-2.941442,0.000956,0.001886,1.082801
27.6000,3.607206,-0.015337,-3.795024,0.000881,0.001923,1.087782,3.612482,-0.027272,-2.941441,0.001021,0.002101,1.093229
27.6500,3.607166,-0.015410,-3.795027,0.000887,0.001920,1.100326,3.612435,-0.027360,-2.941456,0.000765,0.001928,1.107865
27.7000,3.607127,-0.015483,-3.795030,0.000893,0.001916,1.112870,3.612404,-0.027421,-2.941499,0.000820,0.001978,1.117825
27.7500,3.607090,-0.015555,-3.795033,0.000899,0.001912,1.125413,3.612354,-0.027512,-2.941481,0.001016,0.001895,1.132818
27.8000,3.607054,-0.015627,-3.795036,0.000905,0.001909,1.137956,3.612325,-0.027573,-2.941513,0.001020,0.001933,1.142839
27.8520,3.607019,-0.015699,-3.795039,0.000911,0.001905,1.150499,3.612286,-0.027665,-2.941550,0.001134,0.001810,1.157995
27.9000,3.606986,-0.015771,-3.795042,0.000917,0.001902,1.163041,3.612253,-0.027722,-2.941537,0.000963,0.001905,1.167974
27.9500,3.606953,-0.015842,-3.795045,0.000922,0.001898,1.175583,3.612212,-0.027812,-2.941557,0.000808,0.001915,1.183248
28.0000,3.606922,-0.015913,-3.795048,0.000928,0.001894,1.188124,3.612184,-0.027871,-2.941601,0.000897,0.001770,1.193146
28.0500,3.606893,-0.015984,-3.795050,0.000934,0.001891,1.200665,3.612150,-0.027961,-2.941576,0.001048,0.001962,1.208114
28.1000,3.606864,-0.016054,-3.795053,0.000939,0.001887,1.213205,3.612128,-0.028021,-2.941608,0.000982,0.001818,1.218405
28.1500,3.606837,-0.016124,-3.795056,0.000945,0.001884,1.225745,3.612097,-0.028114,-2.941650,0.000901,0.001843,1.233452
28.2000,3.606810,-0.016194,-3.795059,0.000950,0.001880,1.238285,3.612073,-0.028169,-2.941627,0.001141,0.001894,1.243491
28.2500,3.606785,-0.016263,-3.795061,0.000956,0.001877,1.250824,3.612044,-0.028260,-2.941651,0.000842,0.001939,1.258364
28.3000,3.606761,-0.016332,-3.795064,0.000961,0.001873,1.263363,3.612026,-0.028321,-2.941696,0.000966,0.001742,1.268293
28.3500,3.606739,-0.016400,-3.795067,0.000967,0.001870,1.275902,3.611995,-0.028404,-2.941665,0.000741,0.001822,1.283394
28.4020,3.606717,-0.016468,-3.795069,0.000972,0.001866,1.288440,3.611977,-0.028462,-2.941698,0.001076,0.002065,1.293521
28.4500,3.606696,-0.016536,-3.795072,0.000978,0.001863,1.300978,3.611952,-0.028548,-2.941744,0.001048,0.001820,1.308381
28.5000,3.606677,-0.016603,-3.795075,0.000983,0.001859,1.313515,3.611934,-0.028606,-2.941711,0.000893,0.001926,1.318347
28.5500,3.606658,-0.016669,-3.795077,0.000988,0.001855,1.326052,3.611913,-0.028693,-2.941740,0.001026,0.001887,1.333400
28.6000,3.606641,-0.016736,-3.795080,0.000994,0.001852,1.338589,3.611891,-0.028761,-2.941737,0.001014,0.001807,1.345954
28.6500,3.606624,-0.016801,-3.795082,0.000999,0.001848,1.351125,3.611875,-0.028831,-2.941747,0.001012,0.001626,1.358922
28.7000,3.606609,-0.016867,-3.795085,0.001004,0.001845,1.363661,3.611863,-0.028889,-2.941782,0.001019,0.001815,1.368984
28.7500,3.606595,-0.016931,-3.795087,0.001009,0.001841,1.376197,3.611843,-0.028969,-2.941767,0.001109,0.001787,1.383735
28.8000,3.606581,-0.016996,-3.795090,0.001014,0.001838,1.388732,3.611833,-0.029025,-2.941789,0.001167,0.001786,1.393820
28.8500,3.606569,-0.017060,-3.795092,0.001019,0.001834,1.401267,3.611820,-0.029107,-2.941822,0.000939,0.001992,1.408787
28.9000,3.606557,-0.017123,-3.795095,0.001025,0.001831,1.413801,3.611809,-0.029162,-2.941809,0.000974,0.001829,1.418835
28.9540,3.606537,-0.017248,-3.795099,0.001035,0.001823,1.438869,3.611795,-0.029242,-2.941825,0.001161,0.001938,1.433850
29.0000,3.606537,-0.017248,-3.795099,0.001035,0.001823,1.438869,3.611787,-0.029294,-2.941860,0.000935,0.001667,1.443958
29.0500,3.606528,-0.017310,-3.795102,0.001040,0.001820,1.451403,3.611776,-0.029372,-2.941839,0.000931,0.001736,1.459040
29.1000,3.606520,-0.017371,-3.795104,0.001045,0.001816,1.463936,3.611769,-0.029425,-2.941863,0.001230,0.001912,1.468885
29.1520,3.606513,-0.017432,-3.795106,0.001049,0.001813,1.476469,3.611762,-0.029502,-2.941901,0.001070,0.001879,1.483965
29.2000,3.606507,-0.017492,-3.795108,0.001054,0.001809,1.489001,3.611754,-0.029554,-2.941878,0.000931,0.001797,1.494011
29.2520,3.606501,-0.017552,-3.795111,0.001059,0.001805,1.501534,3.611747,-0.029631,-2.941898,0.001127,0.001968,1.508910
29.3000,3.606497,-0.017611,-3.795113,0.001064,0.001802,1.514065,3.611743,-0.029681,-2.941935,0.001060,0.001819,1.519007
29.3500,3.606493,-0.017670,-3.795115,0.001069,0.001798,1.526597,3.611737,-0.029757,-2.941904,0.001011,0.001761,1.533995
29.4040,3.606375,-0.017776,-3.795138,0.001167,0.001784,1.548279,3.611711,-0.029804,-2.941929,0.001184,0.001859,1.543142
29.4500,3.606375,-0.017776,-3.795138,0.001167,0.001784,1.548279,3.611565,-0.029863,-2.941994,0.001177,0.001744,1.552360
29.5000,3.606215,-0.017820,-3.795163,0.001270,0.001763,1.554773,3.610428,-0.029869,-2.942001,0.001547,0.001800,1.557000
29.5500,3.606084,-0.017867,-3.795175,0.001326,0.001714,1.559953,3.609604,-0.029915,-2.942048,0.001307,0.001844,1.562582
29.6020,3.605992,-0.017920,-3.795173,0.001328,0.001662,1.564228,3.609084,-0.029950,-2.942091,0.001024,0.001567,1.565697
29.6500,3.605924,-0.017976,-3.795162,0.001308,0.001620,1.567486,3.608491,-0.030024,-2.942019,0.001257,0.001519,1.569149
29.7020,3.605871,-0.018035,-3.795149,0.001282,0.001583,1.569854,3.608059,-0.030075,-2.942034,0.001236,0.001540,1.570598
29.7520,3.605830,-0.018096,-3.795134,0.001247,0.001550,1.571596,3.607038,-0.030150,-2.942001,0.001183,0.001567,1.572368
29.8020,3.605799,-0.018157,-3.795120,0.001205,0.001517,1.572881,3.606420,-0.030198,-2.942012,0.001243,0.001538,1.573173
29.8500,3.605777,-0.018218,-3.795108,0.001157,0.001486,1.573787,3.605450,-0.030273,-2.942024,0.000967,0.001381,1.574191
29.9060,3.605747,-0.018340,-3.795089,0.001055,0.001429,1.574736,3.605321,-0.030330,-2.942013,0.000919,0.001334,1.574696
29.9500,3.605747,-0.018340,-3.795089,0.001055,0.001429,1.574736,3.604985,-0.030397,-2.942012,0.001105,0.001219,1.574900
30.0000,3.605739,-0.018400,-3.795083,0.001002,0.001403,1.574911,3.604740,-0.030446,-2.942050,0.001033,0.001190,1.575001
30.0500,3.605733,-0.018460,-3.795077,0.000949,0.001378,1.574942,3.604569,-0.030517,-2.942023,0.000908,0.001295,1.575009
30.1000,3.605731,-0.018520,-3.795073,0.000898,0.001354,1.574859,3.604436,-0.030566,-2.942055,0.000995,0.001453,1.574805
30.1600,3.605732,-0.018638,-3.795068,0.000798,0.001310,1.574445,3.604239,-0.030638,-2.942082,0.000743,0.001317,1.574495
30.2000,3.605732,-0.018638,-3.795068,0.000798,0.001310,1.574445,3.604264,-0.030685,-2.942080,0.000672,0.001264,1.574252
30.2500,3.605734,-0.018696,-3.795067,0.000750,0.001289,1.574153,3.604206,-0.030756,-2.942092,0.000733,0.001248,1.573856
30.3000,3.605738,-0.018754,-3.795067,0.000705,0.001270,1.573820,3.604170,-0.030803,-2.942147,0.000516,0.001327,1.573634
30.3500,3.605742,-0.018811,-3.795067,0.000661,0.001251,1.573456,3.604154,-0.030866,-2.942134,0.000667,0.001222,1.573267
30.4000,3.605744,-0.018673,-3.795075,0.000619,0.001136,1.572997,3.604130,-0.030559,-2.942203,0.000714,0.000935,1.572705
30.4520,3.605741,-0.016646,-3.795152,0.000564,0.000744,1.572301,3.604094,-0.027089,-2.942367,0.000613,0.000524,1.572015
30.5000,3.605741,-0.011014,-3.795322,0.000481,0.000111,1.571514,3.604121,-0.020321,-2.942738,0.000407,-0.000225,1.571229
30.5500,3.605749,-0.001547,-3.795561,0.000375,-0.000633,1.570720,3.604146,-0.006849,-2.943176,0.000116,-0.001014,1.570393
30.6000,3.605767,0.011015,-3.795826,0.000261,-0.001360,1.569944,3.604176,0.004442,-2.943632,0.000148,-0.001689,1.569499
30.6580,3.605819,0.041183,-3.796267,0.000028,-0.002547,1.568548,3.604241,0.022144,-2.943666,0.000146,-0.002402,1.568758
30.7000,3.605819,0.041183,-3.796267,0.000028,-0.002547,1.568548,3.604291,0.034900,-2.943957,0.000019,-0.002705,1.568310
30.7520,3.605847,0.057015,-3.796404,-0.000068,-0.002954,1.567919,3.604380,0.054165,-2.944029,-0.000145,-0.003162,1.567660
30.8000,3.605880,0.072768,-3.796485,-0.000147,-0.003232,1.567309,3.604368,0.066432,-2.944295,-0.000264,-0.003353,1.567005
30.8500,3.605918,0.088382,-3.796521,-0.000210,-0.003395,1.566737,3.604437,0.085076,-2.944293,-0.000359,-0.003545,1.566349
30.9000,3.605962,0.103838,-3.796521,-0.000260,-0.003469,1.566211,3.604496,0.097379,-2.944519,-0.000193,-0.003558,1.566145
30.9500,3.606014,0.119161,-3.796496,-0.000295,-0.003475,1.565715,3.604533,0.115713,-2.944427,-0.000240,-0.003347,1.565404
31.0000,3.606068,0.134393,-3.796453,-0.000316,-0.003427,1.565227,3.604588,0.127860,-2.944619,-0.000276,-0.003495,1.565143
31.0520,3.606129,0.149559,-3.796398,-0.000327,-0.003339,1.564755,3.604707,0.146029,-2.944469,-0.000189,-0.003071,1.564439
31.1000,3.606200,0.164694,-3.796337,-0.000327,-0.003219,1.564309,3.604802,0.158123,-2.944605,-0.000259,-0.003105,1.564001
31.1500,3.606281,0.179824,-3.796273,-0.000320,-0.003076,1.563885,3.604962,0.176267,-2.944496,-0.000241,-0.002951,1.563513
31.2000,3.606373,0.194965,-3.796208,-0.000305,-0.002915,1.563474,3.605030,0.188997,-2.944614,-0.000308,-0.002986,1.563402
31.2500,3.606475,0.210123,-3.796144,-0.000284,-0.002742,1.563074,3.605167,0.206585,-2.944536,-0.000434,-0.002811,1.562907
31.3000,3.606584,0.225295,-3.796081,-0.000258,-0.002560,1.562683,3.605273,0.218725,-2.944674,-0.000294,-0.002464,1.562554
31.3500,3.606702,0.240477,-3.796021,-0.000226,-0.002372,1.562302,3.605418,0.236944,-2.944576,-0.000278,-0.002247,1.562175
31.4000,3.606826,0.255666,-3.795964,-0.000192,-0.002180,1.561928,3.605527,0.249096,-2.944690,-0.000134,-0.002162,1.561790
31.4520,3.606957,0.270856,-3.795910,-0.000154,-0.001986,1.561561,3.605710,0.267324,-2.944660,-0.000174,-0.001808,1.561369
31.5000,3.607094,0.286045,-3.795859,-0.000115,-0.001793,1.561201,3.605811,0.279474,-2.944713,-0.000239,-0.001715,1.560953
31.5500,3.607237,0.301231,-3.795812,-0.000074,-0.001601,1.560845,3.605995,0.297696,-2.944678,0.000078,-0.001424,1.560526
31.6000,3.607385,0.316415,-3.795768,-0.000034,-0.001412,1.560495,3.606128,0.309842,-2.944775,-0.000111,-0.001203,1.560317
31.6500,3.607540,0.331596,-3.795727,0.000006,-0.001227,1.560149,3.606313,0.328058,-2.944701,-0.000144,-0.001105,1.559961
31.7020,3.607700,0.346775,-3.795689,0.000046,-0.001047,1.559807,3.606448,0.340199,-2.944770,0.000005,-0.001032,1.559648
31.7500,3.607865,0.361951,-3.795655,0.000084,-0.000873,1.559470,3.606662,0.358406,-2.944780,0.000248,-0.000913,1.559352
31.8000,3.608037,0.377125,-3.795624,0.000121,-0.000704,1.559136,3.606787,0.370549,-2.944769,0.000239,-0.000700,1.559027
31.8500,3.608213,0.392297,-3.795596,0.000155,-0.000541,1.558806,3.607010,0.388755,-2.944765,0.000267,-0.000357,1.558531
31.9020,3.608395,0.407467,-3.795571,0.000188,-0.000384,1.558479,3.607167,0.400892,-2.944822,0.000186,-0.000129,1.558228
31.9500,3.608582,0.422635,-3.795549,0.000218,-0.000233,1.558155,3.607384,0.419091,-2.944765,0.000344,-0.000164,1.557810
32.0000,3.608774,0.437802,-3.795530,0.000246,-0.000088,1.557835,3.607544,0.431226,-2.944797,0.000305,0.000044,1.557692
32.0500,3.608971,0.452967,-3.795514,0.000272,0.000050,1.557517,3.607796,0.449426,-2.944832,0.000199,-0.000035,1.557388
32.1000,3.609173,0.468130,-3.795500,0.000295,0.000182,1.557203,3.607941,0.461553,-2.944774,0.000273,0.000302,1.557213
32.1500,3.609379,0.483291,-3.795488,0.000316,0.000308,1.556891,3.608196,0.479745,-2.944790,0.000139,0.000377,1.556735
32.2000,3.609591,0.498451,-3.795479,0.000334,0.000429,1.556583,3.608412,0.494903,-2.944770,0.000255,0.000555,1.556336
32.2500,3.609807,0.513608,-3.795472,0.000351,0.000543,1.556277,3.608636,0.510061,-2.944780,0.000475,0.000733,1.556135
32.3000,3.610028,0.528764,-3.795467,0.000365,0.000652,1.555974,3.608821,0.522186,-2.944791,0.000424,0.000641,1.555859
32.3500,3.610254,0.543918,-3.795464,0.000377,0.000756,1.555674,3.609095,0.540372,-2.944779,0.000375,0.000882,1.555338
32.4040,3.610484,0.559071,-3.795463,0.000387,0.000854,1.555376,3.609287,0.552495,-2.944770,0.000445,0.001017,1.555363
32.4500,3.610719,0.574222,-3.795464,0.000395,0.000948,1.555081,3.609582,0.570679,-2.944814,0.000587,0.000923,1.554886
32.5000,3.610959,0.589371,-3.795466,0.000401,0.001037,1.554789,3.609769,0.582800,-2.944756,0.000412,0.001086,1.554627
32.5500,3.611202,0.604518,-3.795470,0.000406,0.001121,1.554499,3.610073,0.600977,-2.944782,0.000294,0.001174,1.554498
32.6000,3.611451,0.619664,-3.795476,0.000409,0.001201,1.554212,3.610279,0.613095,-2.944775,0.000369,0.001525,1.554203
32.6500,3.611703,0.634808,-3.795483,0.000411,0.001276,1.553928,3.610581,0.631266,-2.944766,0.000340,0.001402,1.553794
32.7020,3.611960,0.649951,-3.795491,0.000412,0.001348,1.553646,3.610792,0.643380,-2.944744,0.000444,0.001484,1.553570
32.7500,3.612221,0.665092,-3.795501,0.000411,0.001415,1.553366,3.611120,0.661552,-2.944800,0.000471,0.001378,1.553099
32.8000,3.612487,0.680231,-3.795511,0.000410,0.001479,1.553090,3.611324,0.673663,-2.944720,0.000404,0.001353,1.552933
32.8500,3.612756,0.695369,-3.795524,0.000407,0.001540,1.552815,3.611656,0.691825,-2.944756,0.000300,0.001540,1.552764
32.9000,3.613030,0.710505,-3.795537,0.000404,0.001597,1.552544,3.611883,0.703933,-2.944742,0.000443,0.001707,1.552329
32.9500,3.613308,0.725640,-3.795551,0.000400,0.001651,1.552275,3.612216,0.722095,-2.944730,0.000375,0.001640,1.552322
33.0000,3.613590,0.740773,-3.795566,0.000395,0.001702,1.552008,3.612445,0.734201,-2.944703,0.000234,0.001716,1.551863
33.0500,3.613876,0.755905,-3.795582,0.000390,0.001750,1.551744,3.612801,0.752360,-2.944768,0.000396,0.001820,1.551576
33.1000,3.614166,0.771035,-3.795599,0.000384,0.001795,1.551482,3.613024,0.764463,-2.944676,0.000343,0.001857,1.551401
33.1500,3.614461,0.786164,-3.795617,0.000378,0.001838,1.551223,3.613385,0.782618,-2.944722,0.000318,0.001844,1.551139
33.2000,3.614759,0.801291,-3.795636,0.000371,0.001878,1.550966,3.613632,0.794720,-2.944706,0.000208,0.001875,1.550999
33.2500,3.615061,0.816417,-3.795655,0.000365,0.001915,1.550712,3.613989,0.812870,-2.944692,0.000318,0.001805,1.550625
33.3000,3.615367,0.831542,-3.795675,0.000358,0.001951,1.550460,3.614237,0.824969,-2.944665,0.000275,0.001999,1.550338
33.3500,3.615676,0.846665,-3.795696,0.000351,0.001984,1.550210,3.614628,0.843721,-2.944682,0.000319,0.002088,1.550082
33.4000,3.615990,0.861787,-3.795718,0.000343,0.002016,1.549963,3.614871,0.855215,-2.944644,0.000239,0.001956,1.549930
33.4520,3.616307,0.876907,-3.795740,0.000336,0.002045,1.549719,3.615260,0.873362,-2.944704,0.000445,0.002030,1.549512
33.5000,3.616628,0.892026,-3.795762,0.000329,0.002073,1.549476,3.615556,0.887269,-2.944640,0.000293,0.002014,1.549220
33.5500,3.616953,0.907144,-3.795786,0.000321,0.002098,1.549236,3.615914,0.903597,-2.944679,0.000474,0.002105,1.549254
33.6000,3.617282,0.922260,-3.795809,0.000314,0.002123,1.548998,3.616183,0.915691,-2.944655,0.000098,0.002138,1.548740
33.6500,3.617614,0.937376,-3.795833,0.000307,0.002145,1.548763,3.616586,0.933828,-2.944667,0.000399,0.002364,1.548679
33.7000,3.617950,0.952489,-3.795858,0.000300,0.002166,1.548530,3.616860,0.945920,-2.944634,0.000399,0.002176,1.548512
33.7500,3.618289,0.967602,-3.795883,0.000293,0.002186,1.548299,3.617281,0.964058,-2.944700,0.000350,0.002303,1.548202
33.8000,3.618632,0.982713,-3.795909,0.000286,0.002205,1.548070,3.617550,0.976143,-2.944627,0.000157,0.002308,1.548070
33.8520,3.618978,0.997823,-3.795934,0.000279,0.002222,1.547844,3.617970,0.994276,-2.944675,0.000393,0.002326,1.547804
33.9000,3.619328,1.012932,-3.795961,0.000273,0.002238,1.547620,3.618254,1.006365,-2.944658,0.000050,0.002274,1.547504
33.9500,3.619681,1.028040,-3.795987,0.000266,0.002253,1.547398,3.618679,1.024493,-2.944664,0.000303,0.002151,1.547413
34.0020,3.620037,1.043146,-3.796014,0.000260,0.002266,1.547178,3.618969,1.036576,-2.944635,0.000236,0.002507,1.547207
34.0500,3.620397,1.058251,-3.796041,0.000254,0.002279,1.546960,3.619413,1.054701,-2.944708,0.000086,0.002266,1.546884
34.1000,3.620761,1.073355,-3.796068,0.000248,0.002291,1.546745,3.619696,1.066783,-2.944630,0.000325,0.002495,1.546628
34.1500,3.621127,1.088458,-3.796096,0.000243,0.002302,1.546532,3.620142,1.084907,-2.944683,0.000297,0.002210,1.546408
34.2000,3.621497,1.103559,-3.796124,0.000237,0.002312,1.546320,3.620444,1.096988,-2.944671,0.000283,0.002403,1.546271
34.2500,3.621870,1.118660,-3.796152,0.000232,0.002322,1.546111,3.620889,1.115108,-2.944674,0.000321,0.002314,1.545867
34.3000,3.622246,1.133759,-3.796181,0.000227,0.002330,1.545904,3.621197,1.127188,-2.944652,0.000296,0.002365,1.545808
34.3500,3.622626,1.148857,-3.796209,0.000222,0.002338,1.545699,3.621665,1.145305,-2.944729,0.000257,0.002171,1.545471
34.4000,3.623008,1.163954,-3.796238,0.000218,0.002345,1.545496,3.621962,1.157382,-2.944646,0.000289,0.002277,1.545492
34.5900,3.624569,1.224332,-3.796355,0.000201,0.002368,1.544705,3.623532,1.217754,-2.944682,0.000286,0.002499,1.544663
34.6400,3.624967,1.239424,-3.796385,0.000197,0.002373,1.544512,3.624014,1.235863,-2.944704,0.000119,0.002411,1.544485
34.6900,3.625367,1.254514,-3.796414,0.000194,0.002377,1.544321,3.624337,1.247935,-2.944681,0.000159,0.002218,1.544212
34.7400,3.625771,1.269604,-3.796444,0.000190,0.002380,1.544132,3.624830,1.266038,-2.944744,0.000213,0.002346,1.543899
34.7900,3.626177,1.284692,-3.796474,0.000187,0.002384,1.543945,3.625170,1.278715,-2.944691,0.000048,0.002356,1.543931
34.8400,3.626586,1.299780,-3.796504,0.000184,0.002386,1.543760,3.625647,1.296216,-2.944738,0.000055,0.002213,1.543765
34.8920,3.626998,1.314866,-3.796535,0.000181,0.002389,1.543576,3.625981,1.308283,-2.944731,0.000203,0.002310,1.543252
34.9400,3.627413,1.329952,-3.796565,0.000178,0.002391,1.543395,3.626481,1.326386,-2.944746,0.000107,0.002427,1.543254
34.9900,3.627831,1.345036,-3.796595,0.000176,0.002393,1.543215,3.626819,1.338454,-2.944731,0.000255,0.002519,1.543141
35.0400,3.628251,1.360120,-3.796626,0.000173,0.002394,1.543037,3.627334,1.356555,-2.944802,0.000135,0.002271,1.542973
35.0900,3.628674,1.375202,-3.796657,0.000171,0.002395,1.542861,3.627668,1.368621,-2.944744,0.000074,0.002586,1.542626
35.1420,3.629100,1.390284,-3.796687,0.000169,0.002396,1.542687,3.628188,1.386722,-2.944800,0.000084,0.002378,1.542550
35.1900,3.629528,1.405365,-3.796718,0.000167,0.002397,1.542514,3.628537,1.398790,-2.944802,0.000259,0.002497,1.542709
35.2400,3.629959,1.420444,-3.796749,0.000165,0.002398,1.542344,3.629049,1.416882,-2.944812,0.000274,0.002507,1.542379
35.2900,3.630393,1.435523,-3.796780,0.000163,0.002398,1.542175,3.629399,1.428945,-2.944805,0.000087,0.002395,1.542174
35.3420,3.630829,1.450601,-3.796811,0.000162,0.002398,1.542007,3.629932,1.447042,-2.944881,0.000189,0.002211,1.542024
35.3900,3.631267,1.465678,-3.796842,0.000160,0.002398,1.541842,3.630278,1.459103,-2.944819,0.000138,0.002436,1.541752
35.4400,3.631709,1.480754,-3.796873,0.000158,0.002398,1.541678,3.630813,1.477194,-2.944877,0.000159,0.002389,1.541656
35.4900,3.632152,1.495829,-3.796904,0.000157,0.002397,1.541515,3.631170,1.489254,-2.944887,0.000372,0.002405,1.541489
35.5400,3.632598,1.510904,-3.796935,0.000156,0.002397,1.541355,3.631700,1.507342,-2.944891,0.000038,0.002277,1.541151
35.5900,3.633047,1.525977,-3.796966,0.000155,0.002396,1.541196,3.632063,1.519400,-2.944889,0.000127,0.002399,1.541173
35.6400,3.633498,1.541049,-3.796997,0.000153,0.002395,1.541039,3.632606,1.537486,-2.944970,0.000105,0.002270,1.540909
35.6900,3.633951,1.556121,-3.797029,0.000152,0.002394,1.540883,3.632965,1.549544,-2.944905,0.000061,0.002278,1.540711
35.7400,3.634407,1.571192,-3.797060,0.000151,0.002393,1.540729,3.633518,1.567626,-2.944966,0.000205,0.002355,1.540700
35.7900,3.634864,1.586262,-3.797091,0.000150,0.002392,1.540576,3.633975,1.582696,-2.944939,0.000068,0.002389,1.540238
35.8400,3.635325,1.601331,-3.797123,0.000150,0.002391,1.540425,3.634441,1.597764,-2.944979,0.000138,0.002510,1.540347
35.8900,3.635787,1.616399,-3.797154,0.000149,0.002390,1.540276,3.634818,1.609819,-2.944986,0.000131,0.002350,1.540235
35.9400,3.636252,1.631467,-3.797185,0.000148,0.002388,1.540128,3.634818,1.609819,-2.944986,0.000131,0.002350,1.540235
35.9920,3.636719,1.646533,-3.797217,0.000147,0.002387,1.539981,3.635750,1.639953,-2.945002,0.000074,0.002278,1.539805
36.0400,3.637188,1.661599,-3.797248,0.000147,0.002385,1.539836,3.636320,1.658029,-2.945068,0.000130,0.002373,1.539846
36.0900,3.637660,1.676664,-3.797280,0.000146,0.002384,1.539693,3.636695,1.670083,-2.945030,0.000095,0.002298,1.539609
36.1400,3.638133,1.691729,-3.797311,0.000146,0.002382,1.539551,3.637266,1.688159,-2.945080,-0.000005,0.002404,1.539467
36.1900,3.638609,1.706792,-3.797343,0.000145,0.002380,1.539410,3.637266,1.688159,-2.945080,-0.000005,0.002404,1.539467
36.2400,3.639087,1.721855,-3.797374,0.000145,0.002379,1.539271,3.638223,1.718284,-2.945107,0.000064,0.002485,1.539207
36.2940,3.639566,1.736917,-3.797406,0.000144,0.002377,1.539134,3.638608,1.730334,-2.945112,0.000200,0.002417,1.539115
36.3440,3.640048,1.751978,-3.797438,0.000144,0.002375,1.538997,3.639192,1.748410,-2.945184,0.000064,0.002368,1.539188
36.3900,3.640532,1.767038,-3.797469,0.000144,0.002373,1.538862,3.639575,1.760457,-2.945141,0.000020,0.002382,1.538747
36.4420,3.641018,1.782098,-3.797501,0.000144,0.002371,1.538729,3.640163,1.778528,-2.945198,0.000269,0.002303,1.538468
36.4900,3.641506,1.797157,-3.797532,0.000143,0.002370,1.538597,3.640559,1.790575,-2.945216,0.000179,0.002321,1.538732
36.5420,3.641996,1.812215,-3.797564,0.000143,0.002368,1.538466,3.641146,1.808645,-2.945224,0.000318,0.002317,1.538521
36.5900,3.642488,1.827273,-3.797596,0.000143,0.002366,1.538337,3.641544,1.820691,-2.945233,0.000026,0.002311,1.538279
36.6400,3.642982,1.842330,-3.797627,0.000143,0.002364,1.538209,3.642144,1.838758,-2.945311,0.000299,0.002219,1.538193
36.6900,3.643478,1.857386,-3.797659,0.000143,0.002362,1.538082,3.642144,1.838758,-2.945311,0.000299,0.002219,1.538193
36.7400,3.643975,1.872441,-3.797691,0.000143,0.002360,1.537956,3.643147,1.868871,-2.945325,0.000103,0.002316,1.538018
36.7900,3.644475,1.887496,-3.797722,0.000142,0.002358,1.537832,3.643556,1.880916,-2.945349,0.000050,0.002506,1.537753
36.8400,3.644976,1.902550,-3.797754,0.000142,0.002356,1.537709,3.644150,1.898979,-2.945352,0.000130,0.002222,1.537725
36.8900,3.645480,1.917603,-3.797786,0.000142,0.002354,1.537587,3.644554,1.911021,-2.945366,0.000204,0.002439,1.537609
36.9400,3.645985,1.932656,-3.797817,0.000142,0.002352,1.537467,3.645181,1.929686,-2.945394,0.000198,0.002213,1.537661
36.9900,3.646492,1.947708,-3.797849,0.000142,0.002350,1.537348,3.645569,1.941124,-2.945396,-0.000138,0.002406,1.537275
37.0400,3.647000,1.962759,-3.797881,0.000142,0.002348,1.537230,3.646181,1.959183,-2.945461,0.000249,0.002201,1.537078
37.0900,3.647511,1.977810,-3.797913,0.000142,0.002346,1.537113,3.646651,1.973032,-2.945442,0.000153,0.002350,1.536906
37.1400,3.648023,1.992860,-3.797944,0.000142,0.002344,1.536998,3.647209,1.989285,-2.945485,0.000245,0.002288,1.537031
37.1900,3.648537,2.007909,-3.797976,0.000142,0.002342,1.536883,3.647624,2.001323,-2.945505,0.000141,0.002389,1.536914
37.2400,3.649052,2.022958,-3.798008,0.000143,0.002340,1.536770,3.648243,2.019381,-2.945524,0.000129,0.002320,1.536585
37.2920,3.649569,2.038006,-3.798040,0.000143,0.002338,1.536658,3.648660,2.031419,-2.945534,0.000017,0.002339,1.536665
37.3400,3.650088,2.053053,-3.798071,0.000143,0.002336,1.536547,3.649285,2.049475,-2.945604,0.000186,0.002333,1.536437
37.3900,3.650609,2.068100,-3.798103,0.000143,0.002334,1.536437,3.649700,2.061511,-2.945577,0.000182,0.002293,1.536363
37.4400,3.651131,2.083146,-3.798135,0.000143,0.002332,1.536329,3.650331,2.079565,-2.945628,0.000210,0.002223,1.536176
37.4900,3.651655,2.098192,-3.798167,0.000143,0.002330,1.536221,3.650756,2.091599,-2.945655,0.000087,0.002400,1.536111
37.5400,3.652180,2.113237,-3.798198,0.000143,0.002329,1.536115,3.651386,2.109653,-2.945667,0.000115,0.002351,1.536041
37.5900,3.652707,2.128282,-3.798230,0.000143,0.002327,1.536009,3.651810,2.121687,-2.945683,0.000062,0.002238,1.536043
37.6400,3.653236,2.143325,-3.798262,0.000143,0.002325,1.535905,3.652452,2.139738,-2.945758,0.000067,0.002363,1.535787
37.6900,3.653766,2.158369,-3.798294,0.000143,0.002323,1.535802,3.652452,2.139738,-2.945758,0.000067,0.002363,1.535787
37.7400,3.654297,2.173411,-3.798326,0.000144,0.002321,1.535700,3.653510,2.169821,-2.945780,0.000154,0.002355,1.535757
37.7900,3.654830,2.188454,-3.798357,0.000144,0.002319,1.535599,3.653939,2.181853,-2.945812,0.000184,0.002340,1.535505
37.8400,3.655365,2.203495,-3.798389,0.000144,0.002317,1.535499,3.654578,2.199904,-2.945818,0.000036,0.002341,1.535717
37.8920,3.655901,2.218536,-3.798421,0.000144,0.002315,1.535400,3.655007,2.211938,-2.945839,0.000060,0.002399,1.535339
37.9400,3.656439,2.233577,-3.798453,0.000144,0.002314,1.535302,3.655007,2.211938,-2.945839,0.000060,0.002399,1.535339
37.9920,3.656978,2.248617,-3.798484,0.000144,0.002312,1.535205,3.656085,2.242018,-2.945879,0.000215,0.002534,1.535176
38.0400,3.657518,2.263656,-3.798516,0.000145,0.002310,1.535109,3.656736,2.260067,-2.945941,0.000173,0.002128,1.535116
38.0900,3.658060,2.278695,-3.798548,0.000145,0.002308,1.535014,3.657173,2.272099,-2.945976,0.000048,0.002392,1.535072
38.1400,3.658603,2.293733,-3.798580,0.000145,0.002306,1.534920,3.657820,2.290144,-2.945976,-0.000053,0.002369,1.534916
38.1900,3.659148,2.308771,-3.798612,0.000145,0.002305,1.534827,3.658258,2.302174,-2.946003,0.000174,0.002360,1.534708
38.2400,3.659694,2.323808,-3.798643,0.000145,0.002303,1.534735,3.658912,2.320219,-2.946026,0.000109,0.002441,1.534662
38.2900,3.660241,2.338845,-3.798675,0.000145,0.002301,1.534644,3.658912,2.320219,-2.946026,0.000109,0.002441,1.534662
38.3400,3.660790,2.353881,-3.798707,0.000146,0.002299,1.534554,3.660015,2.350295,-2.946108,0.000161,0.002225,1.534551
38.3900,3.661340,2.368917,-3.798739,0.000146,0.002298,1.534464,3.660475,2.362925,-2.946093,0.000159,0.002255,1.534566
38.4420,3.661892,2.383952,-3.798771,0.000146,0.002296,1.534376,3.661117,2.380366,-2.946141,0.000077,0.002137,1.534344
38.4900,3.662444,2.398986,-3.798803,0.000146,0.002294,1.534288,3.661561,2.392394,-2.946170,-0.000150,0.002173,1.534082
38.5400,3.662998,2.414021,-3.798834,0.000146,0.002293,1.534202,3.662229,2.410434,-2.946187,0.000013,0.002115,1.534222
38.5920,3.663553,2.429054,-3.798866,0.000146,0.002291,1.534116,3.662674,2.422459,-2.946205,0.000278,0.002311,1.534104
38.6400,3.664110,2.444088,-3.798898,0.000147,0.002289,1.534031,3.663348,2.440495,-2.946275,0.000279,0.002234,1.534071
38.6900,3.664668,2.459120,-3.798930,0.000147,0.002288,1.533947,3.663791,2.452524,-2.946252,0.000184,0.002131,1.533836
38.7400,3.665227,2.474153,-3.798962,0.000147,0.002286,1.533864,3.664464,2.470561,-2.946306,0.000081,0.002276,1.533708
38.7900,3.665787,2.489184,-3.798993,0.000147,0.002285,1.533782,3.664916,2.482586,-2.946342,0.000131,0.002262,1.533452
38.8420,3.666348,2.504216,-3.799025,0.000147,0.002283,1.533701,3.665590,2.500623,-2.946352,0.000206,0.002221,1.533673
38.8900,3.666911,2.519247,-3.799057,0.000148,0.002282,1.533620,3.666040,2.512647,-2.946374,0.000164,0.002402,1.533475
38.9440,3.667475,2.534277,-3.799089,0.000148,0.002280,1.533541,3.666719,2.530681,-2.946450,0.000225,0.002293,1.533529
38.9920,3.668040,2.549307,-3.799121,0.000148,0.002278,1.533462,3.667169,2.542707,-2.946421,-0.000031,0.002308,1.533399
39.0400,3.668606,2.564337,-3.799152,0.000148,0.002277,1.533384,3.667849,2.560743,-2.946481,0.000102,0.002108,1.533212
39.0900,3.669173,2.579366,-3.799184,0.000148,0.002275,1.533306,3.668306,2.572767,-2.946518,0.000133,0.002316,1.533257
39.1420,3.669742,2.594394,-3.799216,0.000148,0.002274,1.533230,3.668989,2.590800,-2.946522,0.000177,0.002456,1.533427
39.1900,3.670311,2.609423,-3.799248,0.000149,0.002272,1.533154,3.669445,2.602824,-2.946552,0.000158,0.002212,1.533156
39.2400,3.670882,2.624450,-3.799280,0.000149,0.002271,1.533079,3.670135,2.620860,-2.946633,-0.000003,0.002343,1.533089
39.2900,3.671453,2.639478,-3.799312,0.000149,0.002270,1.533005,3.670135,2.620860,-2.946633,-0.000003,0.002343,1.533089
39.3400,3.672026,2.654505,-3.799343,0.000149,0.002268,1.532932,3.671277,2.650909,-2.946659,0.000102,0.002395,1.532901
39.3960,3.672600,2.669531,-3.799375,0.000149,0.002267,1.532859,3.671277,2.650909,-2.946659,0.000102,0.002395,1.532901
39.4400,3.673175,2.684557,-3.799407,0.000149,0.002265,1.532787,3.672427,2.680961,-2.946697,0.000074,0.002288,1.532636
39.4900,3.673751,2.699583,-3.799439,0.000150,0.002264,1.532716,3.672888,2.692979,-2.946728,0.000204,0.002433,1.532814
39.5400,3.674328,2.714608,-3.799471,0.000150,0.002263,1.532646,3.673582,2.711009,-2.946749,-0.000058,0.002183,1.532566
39.5900,3.674906,2.729633,-3.799503,0.000150,0.002261,1.532576,3.674045,2.723029,-2.946771,0.000276,0.002262,1.532437
39.6400,3.675485,2.744658,-3.799534,0.000150,0.002260,1.532507,3.674741,2.741058,-2.946840,0.000225,0.002251,1.532376
39.6900,3.676065,2.759682,-3.799566,0.000150,0.002259,1.532439,3.675205,2.753075,-2.946827,0.000262,0.001965,1.532302
39.7420,3.676646,2.774705,-3.799598,0.000150,0.002257,1.532371,3.675906,2.771100,-2.946876,0.000026,0.002144,1.532387
39.7980,3.677229,2.789729,-3.799630,0.000151,0.002256,1.532304,3.676374,2.783115,-2.946912,0.000265,0.002306,1.532164
39.8460,3.677812,2.804752,-3.799662,0.000151,0.002255,1.532238,3.677075,2.801144,-2.946925,0.000144,0.002222,1.532156
39.8940,3.678396,2.819774,-3.799694,0.000151,0.002253,1.532173,3.677544,2.813160,-2.946951,0.000269,0.002416,1.532300
39.9500,3.678981,2.834796,-3.799725,0.000151,0.002252,1.532108,3.678251,2.831187,-2.947025,0.000237,0.002153,1.532049
39.9900,3.679566,2.849818,-3.799757,0.000151,0.002251,1.532044,3.678715,2.843205,-2.947002,0.000386,0.002080,1.532176
40.0400,3.680153,2.864840,-3.799789,0.000151,0.002250,1.531980,3.679423,2.861229,-2.947058,0.000153,0.002085,1.531981
40.0900,3.680741,2.879861,-3.799821,0.000152,0.002248,1.531917,3.679896,2.873244,-2.947097,0.000033,0.002260,1.531932
40.1460,3.681330,2.894882,-3.799853,0.000152,0.002247,1.531855,3.680600,2.891270,-2.947105,0.000115,0.002397,1.531803
40.1900,3.681919,2.909902,-3.799885,0.000152,0.002246,1.531793,3.681074,2.903288,-2.947134,0.000139,0.002332,1.531824
40.2400,3.682510,2.924922,-3.799916,0.000152,0.002245,1.531732,3.681789,2.921314,-2.947214,0.000161,0.002263,1.531747
40.2900,3.683101,2.939942,-3.799948,0.000152,0.002244,1.531672,3.682258,2.933326,-2.947185,0.000274,0.002153,1.531642
40.3400,3.683693,2.954961,-3.799980,0.000152,0.002242,1.531612,3.682974,2.951346,-2.947244,0.000236,0.002239,1.531528
40.3900,3.684287,2.969980,-3.800012,0.000152,0.002241,1.531553,3.683453,2.963358,-2.947288,0.000276,0.002134,1.531557
40.4400,3.684881,2.984999,-3.800044,0.000153,0.002240,1.531495,3.683453,2.963358,-2.947288,0.000276,0.002134,1.531557
40.4900,3.685475,3.000017,-3.800076,0.000153,0.002239,1.531437,3.684638,2.993398,-2.947322,0.000159,0.002305,1.531452
40.5400,3.686071,3.015035,-3.800108,0.000153,0.002238,1.531380,3.685376,3.012022,-2.947348,0.000286,0.002138,1.531292
40.5900,3.686668,3.030053,-3.800139,0.000153,0.002237,1.531323,3.685831,3.023435,-2.947369,0.000049,0.002212,1.531442
40.6400,3.687265,3.045070,-3.800171,0.000153,0.002236,1.531267,3.686550,3.041456,-2.947434,0.000017,0.002333,1.531227
40.6900,3.687863,3.060087,-3.800203,0.000153,0.002235,1.531211,3.687100,3.055271,-2.947432,-0.000059,0.002358,1.531292
40.7400,3.688462,3.075104,-3.800235,0.000153,0.002234,1.531156,3.687747,3.071491,-2.947479,0.000402,0.002157,1.531083
40.7920,3.689062,3.090120,-3.800267,0.000154,0.002233,1.531102,3.688229,3.083506,-2.947514,0.000133,0.002344,1.531258
40.8400,3.689662,3.105136,-3.800299,0.000154,0.002231,1.531048,3.688948,3.101522,-2.947535,0.000075,0.002166,1.531069
40.8900,3.690263,3.120152,-3.800330,0.000154,0.002230,1.530995,3.689429,3.113535,-2.947560,0.000267,0.002179,1.530890
40.9400,3.690866,3.135167,-3.800362,0.000154,0.002229,1.530942,3.690156,3.131552,-2.947628,0.000228,0.002101,1.530992
40.9940,3.691468,3.150182,-3.800394,0.000154,0.002228,1.530890,3.690637,3.143567,-2.947614,0.000282,0.002059,1.530982
41.0400,3.692072,3.165197,-3.800426,0.000154,0.002227,1.530838,3.691365,3.161581,-2.947664,0.000102,0.002415,1.530720
41.0900,3.692676,3.180212,-3.800458,0.000154,0.002226,1.530787,3.691852,3.173591,-2.947705,0.000055,0.002032,1.530627
41.1400,3.693281,3.195226,-3.800490,0.000154,0.002225,1.530736,3.692577,3.191609,-2.947717,0.000029,0.002263,1.530800
41.1900,3.693887,3.210240,-3.800522,0.000155,0.002224,1.530686,3.693062,3.203620,-2.947746,0.000005,0.002156,1.530874
41.2400,3.694494,3.225253,-3.800553,0.000155,0.002223,1.530637,3.693788,3.221637,-2.947821,0.000381,0.002124,1.530500
41.2900,3.695101,3.240267,-3.800585,0.000155,0.002222,1.530588,3.694274,3.233648,-2.947799,0.000245,0.002078,1.530591
41.3400,3.695709,3.255280,-3.800617,0.000155,0.002222,1.530539,3.695004,3.251661,-2.947854,0.000154,0.002248,1.530327
41.3900,3.696318,3.270293,-3.800649,0.000155,0.002221,1.530491,3.695493,3.263668,-2.947898,0.000122,0.002256,1.530559
41.4400,3.696927,3.285305,-3.800681,0.000155,0.002220,1.530444,3.696225,3.281684,-2.947903,0.000138,0.002206,1.530460
41.4900,3.697537,3.300317,-3.800713,0.000155,0.002219,1.530396,3.696713,3.293692,-2.947934,0.000164,0.002371,1.530334
41.5400,3.698148,3.315329,-3.800745,0.000155,0.002218,1.530350,3.697449,3.311704,-2.948015,0.000188,0.002194,1.530335
41.5920,3.698759,3.330341,-3.800776,0.000155,0.002217,1.530304,3.697936,3.323715,-2.947985,0.000274,0.002295,1.530203
41.6400,3.699371,3.345353,-3.800808,0.000156,0.002216,1.530258,3.698676,3.341729,-2.948048,0.000203,0.002366,1.530399
41.6900,3.699984,3.360364,-3.800840,0.000156,0.002215,1.530213,3.699168,3.353738,-2.948095,0.000116,0.002260,1.530227
41.7420,3.700597,3.375375,-3.800872,0.000156,0.002214,1.530168,3.699903,3.371750,-2.948094,0.000305,0.002007,1.530377
41.7920,3.701211,3.390385,-3.800904,0.000156,0.002213,1.530124,3.700397,3.383757,-2.948129,0.000222,0.001994,1.530121
41.8400,3.701826,3.405396,-3.800936,0.000156,0.002213,1.530080,3.701134,3.401769,-2.948152,0.000271,0.002207,1.530080
41.8900,3.702441,3.420406,-3.800968,0.000156,0.002212,1.530037,3.701628,3.413777,-2.948176,0.000301,0.002049,1.530110
41.9400,3.703057,3.435416,-3.801000,0.000156,0.002211,1.529994,3.702373,3.431786,-2.948241,0.000152,0.002187,1.530021
41.9920,3.703673,3.450425,-3.801031,0.000156,0.002210,1.529951,3.702887,3.444397,-2.948236,0.000083,0.002332,1.529963
42.0420,3.704290,3.465435,-3.801063,0.000156,0.002209,1.529909,3.703604,3.461807,-2.948283,0.000031,0.002130,1.530011
42.0900,3.704908,3.480444,-3.801095,0.000157,0.002208,1.529868,3.704098,3.473814,-2.948321,0.000094,0.002249,1.529718
42.1400,3.705526,3.495453,-3.801127,0.000157,0.002208,1.529827,3.704840,3.491824,-2.948339,0.000200,0.002287,1.529838
42.1900,3.706145,3.510461,-3.801159,0.000157,0.002207,1.529786,3.705337,3.503832,-2.948368,0.000032,0.002229,1.529645
42.2400,3.706765,3.525470,-3.801191,0.000157,0.002206,1.529746,3.706083,3.521844,-2.948439,0.000046,0.002342,1.529648
42.2900,3.707385,3.540478,-3.801223,0.000157,0.002205,1.529706,3.706580,3.533847,-2.948426,0.000136,0.002119,1.529776
42.3400,3.708005,3.555486,-3.801254,0.000157,0.002204,1.529666,3.707324,3.551849,-2.948477,0.000214,0.002179,1.529793
42.3920,3.708619,3.570319,-3.801271,0.000158,0.002317,1.529627,3.707805,3.563524,-2.948492,0.000225,0.002463,1.529694
42.4400,3.709155,3.583379,-3.801246,0.000175,0.002743,1.529583,3.708279,3.576679,-2.947847,0.000172,0.003096,1.529662
42.4900,3.709534,3.592934,-3.801147,0.000225,0.003453,1.529501,3.708490,3.582809,-2.947470,0.000257,0.003629,1.529289
42.5400,3.709747,3.598705,-3.800976,0.000309,0.004305,1.529350,3.708619,3.587636,-2.946913,0.000412,0.004858,1.529358
42.5900,3.709828,3.601404,-3.800752,0.000423,0.005194,1.529157,3.708678,3.589256,-2.946851,0.000249,0.005448,1.529061
42.6400,3.709830,3.602093,-3.800503,0.000551,0.006032,1.528961,3.708634,3.589126,-2.946584,0.000547,0.006399,1.528701
42.6900,3.709800,3.601761,-3.800268,0.000677,0.006739,1.528793,3.708586,3.588374,-2.946245,0.000614,0.007119,1.528764
42.7400,3.709769,3.601106,-3.800074,0.000789,0.007279,1.528657,3.708587,3.587986,-2.946213,0.000794,0.007468,1.528522
42.7900,3.709737,3.600439,-3.799928,0.000883,0.007653,1.528530,3.708567,3.587474,-2.945976,0.000808,0.007656,1.528454
42.8400,3.709712,3.599830,-3.799827,0.000958,0.007882,1.528426,3.708545,3.586795,-2.946044,0.001127,0.007875,1.528279
42.8900,3.709695,3.599323,-3.799761,0.001011,0.007998,1.528348,3.708539,3.586445,-2.945618,0.001186,0.007796,1.528172
42.9400,3.709688,3.598921,-3.799724,0.001044,0.008027,1.528286,3.708542,3.586023,-2.945632,0.000924,0.007969,1.528116
42.9900,3.709686,3.598603,-3.799706,0.001060,0.007988,1.528230,3.708557,3.585751,-2.945444,0.001103,0.007861,1.528211
43.0400,3.709687,3.598338,-3.799703,0.001059,0.007897,1.528180,3.708575,3.585519,-2.945527,0.001091,0.007637,1.528044
43.0900,3.709689,3.598099,-3.799709,0.001045,0.007766,1.528138,3.708589,3.585346,-2.945381,0.001028,0.007742,1.528062
43.1400,3.709690,3.597867,-3.799720,0.001019,0.007604,1.528099,3.708601,3.585076,-2.945415,0.000964,0.007472,1.527835
43.1920,3.709692,3.597638,-3.799735,0.000984,0.007421,1.528064,3.708609,3.584897,-2.945255,0.001260,0.007308,1.527979
43.2400,3.709695,3.597407,-3.799751,0.000940,0.007220,1.528033,3.708622,3.584627,-2.945347,0.000990,0.007007,1.528098
43.2900,3.709696,3.597174,-3.799768,0.000890,0.007008,1.528006,3.708623,3.584439,-2.945145,0.001036,0.006963,1.527786
43.3400,3.709696,3.596939,-3.799785,0.000835,0.006788,1.527983,3.708629,3.584159,-2.945187,0.000771,0.006611,1.528088
43.3900,3.709692,3.596689,-3.799803,0.000763,0.006550,1.528315,3.708634,3.583953,-2.945079,0.000531,0.006563,1.529048
43.4400,3.709708,3.596391,-3.799850,0.000644,0.006284,1.531335,3.714792,3.583327,-2.945124,0.000299,0.006204,1.534525
43.4920,3.709759,3.596077,-3.799912,0.000502,0.006006,1.537236,3.717892,3.582969,-2.945070,0.000405,0.006077,1.540085
43.5420,3.709816,3.595780,-3.799968,0.000360,0.005705,1.544556,3.722543,3.582492,-2.945173,0.000180,0.005803,1.549497
43.5900,3.709865,3.595507,-3.800013,0.000246,0.005413,1.552755,3.720801,3.582333,-2.945058,0.000123,0.005383,1.556476
43.6400,3.709910,3.595255,-3.800049,0.000156,0.005144,1.561853,3.721643,3.582027,-2.945096,-0.000022,0.005084,1.567729
43.6940,3.709955,3.595020,-3.800078,0.000085,0.004897,1.571779,3.722203,3.581843,-2.945075,0.000020,0.004811,1.575917
43.7420,3.709994,3.594798,-3.800102,0.000036,0.004669,1.582320,3.722552,3.581574,-2.945054,-0.000080,0.004504,1.588707
43.7900,3.710027,3.594583,-3.800122,0.000010,0.004459,1.593301,3.722895,3.581405,-2.945040,-0.000028,0.004581,1.597848
43.8400,3.710054,3.594374,-3.800138,0.000001,0.004267,1.604626,3.723403,3.581166,-2.945080,0.000013,0.004079,1.611651
43.8900,3.710077,3.594169,-3.800152,0.000003,0.004090,1.616230,3.723194,3.580993,-2.945040,0.000076,0.003852,1.620908
43.9400,3.710097,3.593967,-3.800164,0.000014,0.003929,1.628058,3.723329,3.580750,-2.945069,0.000009,0.003911,1.635104
43.9900,3.710117,3.593767,-3.800175,0.000031,0.003781,1.640055,3.723420,3.580592,-2.945103,-0.000086,0.003746,1.645064
44.0400,3.710136,3.593569,-3.800184,0.000051,0.003645,1.652183,3.723475,3.580353,-2.945070,0.000017,0.003602,1.659384
44.0920,3.710155,3.593375,-3.800193,0.000074,0.003520,1.664414,3.723537,3.580197,-2.945104,0.000075,0.003303,1.669492
44.1400,3.710174,3.593183,-3.800201,0.000098,0.003405,1.676725,3.723693,3.579965,-2.945080,0.000167,0.003225,1.684693
44.1920,3.710195,3.592993,-3.800208,0.000122,0.003299,1.689099,3.723792,3.579825,-2.945103,-0.000096,0.003271,1.694068
44.2400,3.710217,3.592807,-3.800216,0.000146,0.003202,1.701522,3.723952,3.579606,-2.945119,0.000080,0.003086,1.708832
44.2920,3.710240,3.592623,-3.800223,0.000169,0.003112,1.713982,3.723952,3.579606,-2.945119,0.000080,0.003086,1.708832
44.3400,3.710265,3.592441,-3.800229,0.000191,0.003030,1.726471,3.724052,3.579239,-2.945135,0.000243,0.002976,1.733910
44.3900,3.710291,3.592262,-3.800236,0.000212,0.002954,1.738983,3.724108,3.579097,-2.945191,0.000248,0.002835,1.744009
44.4420,3.710319,3.592085,-3.800243,0.000232,0.002885,1.751512,3.724158,3.578882,-2.945169,0.000214,0.002799,1.759164
44.4900,3.710348,3.591911,-3.800249,0.000252,0.002821,1.764054,3.724198,3.578741,-2.945219,0.000210,0.002690,1.769035
44.5400,3.710380,3.591739,-3.800256,0.000270,0.002762,1.776607,3.724263,3.578532,-2.945249,0.000196,0.002657,1.784243
44.5900,3.710412,3.591569,-3.800263,0.000287,0.002708,1.789167,3.724285,3.578395,-2.945268,0.000158,0.002518,1.794192
44.6400,3.710447,3.591402,-3.800270,0.000304,0.002658,1.801734,3.724335,3.578187,-2.945285,0.000300,0.002651,1.809263
44.6900,3.710483,3.591237,-3.800276,0.000320,0.002613,1.814304,3.724371,3.578050,-2.945358,0.000260,0.002681,1.819283
44.7400,3.710521,3.591074,-3.800283,0.000335,0.002570,1.826878,3.724419,3.577851,-2.945336,0.000379,0.002546,1.834260
44.7900,3.710560,3.590913,-3.800290,0.000350,0.002531,1.839454,3.724456,3.577720,-2.945400,0.000354,0.002584,1.844324
44.8400,3.710601,3.590755,-3.800297,0.000364,0.002495,1.852031,3.724515,3.577528,-2.945440,0.000392,0.002354,1.859684
44.8900,3.710643,3.590598,-3.800304,0.000378,0.002462,1.864610,3.724545,3.577398,-2.945458,0.000406,0.002485,1.869631
44.9420,3.710687,3.590444,-3.800311,0.000391,0.002431,1.877189,3.724601,3.577212,-2.945484,0.000223,0.002378,1.884753
44.9900,3.710732,3.590293,-3.800318,0.000404,0.002402,1.889769,3.724641,3.577089,-2.945565,0.000381,0.002199,1.894942
45.0400,3.710779,3.590143,-3.800325,0.000416,0.002375,1.902349,3.724697,3.576906,-2.945539,0.000363,0.002291,1.909828
45.0900,3.710827,3.589995,-3.800333,0.000428,0.002350,1.914928,3.724737,3.576785,-2.945609,0.000443,0.002467,1.920035
45.1400,3.710877,3.589850,-3.800340,0.000440,0.002327,1.927508,3.724802,3.576609,-2.945658,0.000358,0.002342,1.935152
45.1920,3.710928,3.589707,-3.800347,0.000452,0.002306,1.940087,3.724802,3.576609,-2.945658,0.000358,0.002342,1.935152
45.2420,3.710980,3.589566,-3.800354,0.000463,0.002285,1.952665,3.724907,3.576318,-2.945700,0.000414,0.002178,1.960253
45.2900,3.711033,3.589427,-3.800361,0.000474,0.002267,1.965243,3.724965,3.576163,-2.945738,0.000459,0.002372,1.973728
45.3420,3.711088,3.589291,-3.800369,0.000485,0.002249,1.977820,3.725016,3.576033,-2.945749,0.000467,0.002257,1.985362
45.3920,3.711144,3.589156,-3.800376,0.000496,0.002232,1.990397,3.725063,3.575922,-2.945821,0.000200,0.002283,1.995588
45.4420,3.711201,3.589024,-3.800383,0.000507,0.002217,2.002973,3.725129,3.575759,-2.945812,0.000583,0.002148,2.010479
45.4920,3.711259,3.588893,-3.800390,0.000517,0.002202,2.015549,3.725177,3.575652,-2.945871,0.000635,0.002173,2.020576
45.5420,3.711318,3.588765,-3.800397,0.000528,0.002188,2.028123,3.725254,3.575498,-2.945907,0.000600,0.002226,2.035728
45.5900,3.711378,3.588639,-3.800405,0.000538,0.002175,2.040698,3.725303,3.575386,-2.945935,0.000601,0.002151,2.046214
45.6400,3.711439,3.588515,-3.800412,0.000548,0.002163,2.053271,3.725377,3.575239,-2.945953,0.000620,0.002053,2.061007
45.6900,3.711501,3.588393,-3.800419,0.000558,0.002151,2.065844,3.725431,3.575140,-2.946025,0.000699,0.002198,2.070948
45.7400,3.711564,3.588273,-3.800426,0.000568,0.002140,2.078416,3.725504,3.574990,-2.946011,0.000562,0.002143,2.086055
45.7900,3.711628,3.588155,-3.800433,0.000577,0.002130,2.090987,3.725557,3.574893,-2.946071,0.000512,0.002034,2.096136
45.8400,3.711693,3.588040,-3.800440,0.000587,0.002120,2.103558,3.725638,3.574750,-2.946111,0.000446,0.002163,2.111209
45.8900,3.711758,3.587926,-3.800447,0.000596,0.002111,2.116127,3.725689,3.574655,-2.946128,0.000720,0.001997,2.121146
45.9420,3.711824,3.587814,-3.800453,0.000605,0.002102,2.128697,3.725775,3.574517,-2.946151,0.000722,0.002264,2.136105
45.9900,3.711891,3.587704,-3.800460,0.000615,0.002093,2.141265,3.725834,3.574427,-2.946223,0.000635,0.002173,2.146254
46.0400,3.711959,3.587596,-3.800467,0.000624,0.002085,2.153833,3.725915,3.574292,-2.946202,0.000501,0.002171,2.161592
46.0920,3.712028,3.587491,-3.800474,0.000633,0.002077,2.166400,3.725971,3.574205,-2.946261,0.000716,0.002055,2.171356
46.1400,3.712097,3.587387,-3.800480,0.000641,0.002069,2.178967,3.726058,3.574077,-2.946307,0.000502,0.002057,2.186458
46.1900,3.712166,3.587285,-3.800487,0.000650,0.002062,2.191533,3.726115,3.573992,-2.946311,0.000535,0.002074,2.196587
46.2420,3.712237,3.587185,-3.800494,0.000659,0.002055,2.204098,3.726201,3.573870,-2.946340,0.000858,0.001971,2.211753
46.2920,3.712307,3.587087,-3.800500,0.000667,0.002048,2.216663,3.726263,3.573792,-2.946411,0.000702,0.002093,2.221647
46.3400,3.712379,3.586991,-3.800506,0.000676,0.002042,2.229227,3.726346,3.573671,-2.946383,0.000652,0.002022,2.236909
46.3920,3.712451,3.586897,-3.800513,0.000684,0.002036,2.241790,3.726407,3.573595,-2.946442,0.000683,0.002025,2.246813
46.4400,3.712523,3.586805,-3.800519,0.000692,0.002030,2.254352,3.726499,3.573484,-2.946492,0.000633,0.001984,2.261949
46.4900,3.712596,3.586714,-3.800526,0.000700,0.002024,2.266915,3.726557,3.573407,-2.946484,0.000690,0.002082,2.271799
46.5400,3.712669,3.586626,-3.800532,0.000708,0.002018,2.279476,3.726648,3.573300,-2.946517,0.000717,0.002103,2.287103
46.5900,3.712742,3.586539,-3.800538,0.000716,0.002013,2.292037,3.726725,3.573208,-2.946538,0.000707,0.001997,2.299632
46.6400,3.712816,3.586454,-3.800544,0.000724,0.002007,2.304597,3.726803,3.573121,-2.946552,0.000685,0.002042,2.312229
46.6900,3.712890,3.586371,-3.800550,0.000731,0.002002,2.317157,3.726866,3.573055,-2.946609,0.000755,0.001906,2.322292
46.7400,3.712965,3.586290,-3.800556,0.000739,0.001997,2.329716,3.726957,3.572954,-2.946599,0.000774,0.002007,2.337392
46.7900,3.713039,3.586211,-3.800562,0.000746,0.001992,2.342274,3.727019,3.572888,-2.946643,0.000693,0.002083,2.347079
46.8400,3.713114,3.586133,-3.800568,0.000754,0.001988,2.354832,3.727114,3.572794,-2.946680,0.000704,0.001789,2.362276
46.8900,3.713190,3.586057,-3.800574,0.000761,0.001983,2.367389,3.727114,3.572794,-2.946680,0.000704,0.001789,2.362276
46.9400,3.713265,3.585983,-3.800580,0.000768,0.001978,2.379946,3.727269,3.572637,-2.946708,0.000793,0.001814,2.387458
46.9900,3.713341,3.585910,-3.800585,0.000776,0.001974,2.392502,3.727333,3.572575,-2.946765,0.000778,0.002122,2.397554
47.0400,3.713416,3.585840,-3.800591,0.000783,0.001969,2.405058,3.727427,3.572486,-2.946748,0.000857,0.001929,2.412420
47.0900,3.713492,3.585771,-3.800597,0.000790,0.001965,2.417613,3.727490,3.572430,-2.946792,0.000769,0.001908,2.422528
47.1400,3.713568,3.585703,-3.800602,0.000797,0.001961,2.430167,3.727587,3.572349,-2.946833,0.000578,0.001954,2.437783
47.1900,3.713644,3.585638,-3.800608,0.000804,0.001957,2.442721,3.727649,3.572293,-2.946830,0.000836,0.001823,2.447973
47.2400,3.713720,3.585574,-3.800613,0.000810,0.001953,2.455275,3.727747,3.572213,-2.946854,0.000938,0.002045,2.462683
47.2900,3.713796,3.585511,-3.800619,0.000817,0.001949,2.467828,3.727812,3.572164,-2.946910,0.000799,0.001889,2.472705
47.3400,3.713872,3.585450,-3.800624,0.000824,0.001945,2.480380,3.727904,3.572085,-2.946886,0.000874,0.001948,2.487915
47.3920,3.713948,3.585391,-3.800629,0.000830,0.001941,2.492932,3.727970,3.572036,-2.946930,0.000834,0.001931,2.497835
47.4460,3.714025,3.585333,-3.800634,0.000837,0.001937,2.505483,3.727970,3.572036,-2.946930,0.000834,0.001931,2.497835
47.4920,3.714101,3.585277,-3.800640,0.000843,0.001933,2.518034,3.728128,3.571916,-2.946961,0.000788,0.002019,2.523095
47.5400,3.714177,3.585223,-3.800645,0.000850,0.001929,2.530584,3.728223,3.571848,-2.946989,0.000971,0.002007,2.538012
47.5900,3.714252,3.585170,-3.800650,0.000856,0.001926,2.543134,3.728287,3.571804,-2.947045,0.001134,0.002002,2.548280
47.6400,3.714328,3.585118,-3.800655,0.000862,0.001922,2.555684,3.728381,3.571736,-2.947014,0.000770,0.001898,2.563241
47.6900,3.714404,3.585069,-3.800660,0.000869,0.001918,2.568232,3.728446,3.571693,-2.947058,0.000940,0.002066,2.573329
47.7400,3.714479,3.585020,-3.800665,0.000875,0.001914,2.580781,3.728543,3.571630,-2.947051,0.000860,0.001941,2.588782
47.7900,3.714555,3.584973,-3.800670,0.000881,0.001911,2.593329,3.728603,3.571593,-2.947082,0.000963,0.001966,2.598360
47.8400,3.714630,3.584927,-3.800675,0.000887,0.001907,2.605876,3.728603,3.571593,-2.947082,0.000963,0.001966,2.598360
47.8940,3.714705,3.584883,-3.800679,0.000893,0.001904,2.618423,3.728772,3.571499,-2.947118,0.000587,0.001925,2.625030
47.9400,3.714780,3.584840,-3.800684,0.000899,0.001900,2.630970,3.728854,3.571448,-2.947133,0.001042,0.001822,2.638320
47.9900,3.714854,3.584799,-3.800689,0.000905,0.001897,2.643516,3.728915,3.571413,-2.947177,0.000958,0.001814,2.648548
48.0420,3.714928,3.584759,-3.800693,0.000911,0.001893,2.656061,3.729008,3.571360,-2.947163,0.000867,0.001967,2.663632
48.0900,3.715002,3.584721,-3.800698,0.000917,0.001890,2.668606,3.729069,3.571329,-2.947194,0.000941,0.001911,2.673621
48.1400,3.715076,3.584683,-3.800703,0.000923,0.001886,2.681151,3.729160,3.571285,-2.947232,0.001045,0.001814,2.688699
48.1900,3.715150,3.584647,-3.800707,0.000929,0.001883,2.693695,3.729220,3.571252,-2.947224,0.001053,0.001624,2.698671
48.2400,3.715223,3.584613,-3.800712,0.000934,0.001879,2.706239,3.729317,3.571210,-2.947243,0.000803,0.001910,2.713655
48.2900,3.715296,3.584579,-3.800716,0.000940,0.001876,2.718782,3.729382,3.571185,-2.947287,0.000951,0.001796,2.723672
48.3420,3.715368,3.584547,-3.800720,0.000946,0.001872,2.731325,3.729469,3.571141,-2.947267,0.000997,0.001784,2.738840
48.3900,3.715441,3.584516,-3.800725,0.000951,0.001869,2.743867,3.729531,3.571114,-2.947299,0.000769,0.001796,2.748793
48.4400,3.715512,3.584487,-3.800729,0.000957,0.001865,2.756410,3.729625,3.571073,-2.947341,0.000970,0.001756,2.764008
48.4900,3.715584,3.584458,-3.800733,0.000962,0.001862,2.768951,3.729682,3.571052,-2.947322,0.000813,0.001896,2.773963
48.5400,3.715655,3.584431,-3.800738,0.000968,0.001858,2.781492,3.729771,3.571016,-2.947346,0.000979,0.001783,2.789021
48.5920,3.715726,3.584405,-3.800742,0.000973,0.001855,2.794033,3.729830,3.570993,-2.947391,0.000942,0.001705,2.799165
48.6400,3.715796,3.584380,-3.800746,0.000979,0.001851,2.806574,3.729919,3.570963,-2.947364,0.000895,0.001846,2.814080
48.6920,3.715866,3.584357,-3.800750,0.000984,0.001848,2.819114,3.729980,3.570944,-2.947397,0.000911,0.001883,2.824065
48.7400,3.715936,3.584334,-3.800754,0.000990,0.001844,2.831653,3.730072,3.570917,-2.947443,0.000932,0.001941,2.839189
48.7900,3.716005,3.584313,-3.800758,0.000995,0.001841,2.844192,3.730126,3.570898,-2.947414,0.000995,0.001732,2.849188
48.8400,3.716073,3.584293,-3.800762,0.001000,0.001837,2.856731,3.730216,3.570874,-2.947443,0.000980,0.001932,2.864406
48.8900,3.716142,3.584273,-3.800766,0.001005,0.001834,2.869270,3.730273,3.570860,-2.947489,0.001033,0.001814,2.874318
48.9420,3.716209,3.584255,-3.800770,0.001011,0.001830,2.881808,3.730360,3.570834,-2.947454,0.000999,0.001722,2.889116
48.9900,3.716277,3.584238,-3.800774,0.001016,0.001827,2.894345,3.730418,3.570820,-2.947488,0.001045,0.001668,2.899285
49.0400,3.716343,3.584222,-3.800777,0.001021,0.001823,2.906883,3.730502,3.570799,-2.947478,0.001013,0.001720,2.914406
49.0900,3.716410,3.584207,-3.800781,0.001026,0.001820,2.919420,3.730559,3.570786,-2.947500,0.001116,0.001819,2.924440
49.1400,3.716476,3.584193,-3.800785,0.001031,0.001816,2.931956,3.730645,3.570771,-2.947533,0.000992,0.001846,2.939606
49.1900,3.716541,3.584180,-3.800789,0.001036,0.001813,2.944492,3.730703,3.570756,-2.947524,0.001076,0.001881,2.950102
49.2400,3.716606,3.584168,-3.800792,0.001041,0.001809,2.957028,3.730783,3.570742,-2.947539,0.000988,0.001921,2.964505
49.2900,3.716670,3.584157,-3.800796,0.001046,0.001806,2.969564,3.730838,3.570734,-2.947575,0.001162,0.002022,2.974520
49.3400,3.716734,3.584146,-3.800799,0.001051,0.001802,2.982099,3.730920,3.570718,-2.947557,0.000829,0.001775,2.989759
49.3900,3.716797,3.584137,-3.800803,0.001056,0.001799,2.994634,3.730974,3.570709,-2.947581,0.000867,0.001728,2.999741
49.4400,3.716860,3.584129,-3.800806,0.001061,0.001795,3.007168,3.731055,3.570693,-2.947618,0.001052,0.001738,3.014601
49.4920,3.716922,3.584121,-3.800810,0.001066,0.001792,3.019702,3.731107,3.570690,-2.947599,0.000988,0.001976,3.024610
49.5400,3.716984,3.584114,-3.800813,0.001071,0.001788,3.032236,3.731184,3.570680,-2.947619,0.001077,0.001846,3.039820
49.5900,3.717045,3.584109,-3.800817,0.001076,0.001784,3.044769,3.731236,3.570674,-2.947656,0.001062,0.001618,3.049989
49.6400,3.717105,3.584104,-3.800820,0.001081,0.001781,3.057303,3.731311,3.570668,-2.947628,0.001234,0.001794,3.064628
49.6900,3.717160,3.584090,-3.800822,0.001093,0.001777,3.069502,3.731311,3.570668,-2.947628,0.001234,0.001794,3.064628
49.7400,3.717191,3.584005,-3.800842,0.001155,0.001767,3.078990,3.731388,3.570526,-2.947713,0.001460,0.001931,3.083300
49.7900,3.717210,3.583864,-3.800867,0.001239,0.001745,3.085544,3.731322,3.569140,-2.947721,0.001483,0.001699,3.087797
49.8420,3.717240,3.583737,-3.800878,0.001291,0.001703,3.090702,3.731316,3.568096,-2.947765,0.001450,0.001710,3.093516
49.8900,3.717283,3.583638,-3.800876,0.001297,0.001661,3.094927,3.731324,3.567424,-2.947806,0.001356,0.001629,3.096233
49.9400,3.717335,3.583561,-3.800866,0.001280,0.001626,3.098175,3.731366,3.566774,-2.947741,0.001387,0.001756,3.099677
49.9920,3.717393,3.583497,-3.800853,0.001254,0.001595,3.100543,3.731394,3.566262,-2.947755,0.001264,0.001524,3.101360
50.0420,3.717454,3.583448,-3.800839,0.001219,0.001566,3.102274,3.731442,3.565511,-2.947776,0.001392,0.001444,3.103025
50.0900,3.717518,3.583412,-3.800826,0.001176,0.001536,3.103543,3.731515,3.566015,-2.947739,0.001215,0.001593,3.103943
50.1400,3.717582,3.583385,-3.800815,0.001128,0.001508,3.104440,3.731590,3.565912,-2.947752,0.001026,0.001438,3.104824
50.1900,3.717647,3.583366,-3.800805,0.001077,0.001480,3.105025,3.731639,3.565503,-2.947742,0.001164,0.001408,3.105347
50.2400,3.717710,3.583353,-3.800798,0.001025,0.001454,3.105371,3.731692,3.565165,-2.947743,0.000850,0.001470,3.105555
50.2900,3.717774,3.583344,-3.800792,0.000972,0.001428,3.105537,3.731732,3.564896,-2.947780,0.001060,0.001460,3.105652
50.3440,3.717836,3.583338,-3.800788,0.000920,0.001403,3.105560,3.731801,3.564705,-2.947756,0.000965,0.001372,3.105660
50.3900,3.717898,3.583335,-3.800785,0.000869,0.001379,3.105470,3.731846,3.564564,-2.947787,0.000889,0.001374,3.105458
50.4400,3.717960,3.583334,-3.800783,0.000820,0.001356,3.105293,3.731912,3.564356,-2.947814,0.000794,0.001449,3.105273
50.4900,3.718021,3.583334,-3.800783,0.000772,0.001334,3.105050,3.731963,3.564370,-2.947815,0.000861,0.001132,3.105127
50.5400,3.718081,3.583335,-3.800783,0.000726,0.001313,3.104755,3.732036,3.564307,-2.947827,0.000755,0.001441,3.104499
50.5900,3.718142,3.583338,-3.800783,0.000681,0.001293,3.104421,3.732085,3.564265,-2.947880,0.000666,0.001315,3.104462
50.6400,3.718201,3.583341,-3.800785,0.000639,0.001273,3.104057,3.732133,3.564226,-2.947908,0.000658,0.001132,3.103851
50.6920,3.718072,3.583342,-3.800793,0.000601,0.001153,3.103581,3.731811,3.564196,-2.947994,0.000443,0.000986,3.103265
50.7400,3.716076,3.583394,-3.800869,0.000552,0.000750,3.102813,3.728348,3.564244,-2.948188,0.000394,0.000435,3.102334
50.7900,3.710499,3.583585,-3.801039,0.000474,0.000111,3.101948,3.721719,3.564561,-2.948542,0.000392,-0.000128,3.101499
50.8400,3.701083,3.583942,-3.801276,0.000370,-0.000638,3.101104,3.708335,3.565123,-2.948985,0.000148,-0.000962,3.100632
50.8900,3.688588,3.584442,-3.801539,0.000255,-0.001373,3.100276,3.697149,3.565609,-2.949442,0.000217,-0.001709,3.100015
50.9400,3.674106,3.585040,-3.801782,0.000131,-0.002027,3.099488,3.679527,3.566402,-2.949454,0.000071,-0.002292,3.099054
50.9900,3.658625,3.585693,-3.801977,0.000013,-0.002567,3.098777,3.666873,3.566994,-2.949729,-0.000258,-0.002740,3.098665
51.0400,3.642876,3.586367,-3.802112,-0.000089,-0.002977,3.098140,3.647745,3.567906,-2.949780,-0.000118,-0.003238,3.097928
51.0900,3.627200,3.587043,-3.802194,-0.000172,-0.003261,3.097518,3.635488,3.568367,-2.950039,-0.000120,-0.003296,3.097402
51.1400,3.611649,3.587719,-3.802230,-0.000239,-0.003432,3.096929,3.616915,3.569198,-2.950022,-0.000300,-0.003454,3.096508
51.1900,3.596238,3.588396,-3.802232,-0.000291,-0.003514,3.096391,3.604644,3.569760,-2.950242,-0.000241,-0.003430,3.096135
51.2420,3.580943,3.589074,-3.802209,-0.000328,-0.003528,3.095890,3.586342,3.570549,-2.950153,-0.000198,-0.003469,3.095478
51.2900,3.565734,3.589753,-3.802168,-0.000351,-0.003487,3.095402,3.574210,3.571103,-2.950343,-0.000457,-0.003524,3.095066
51.3400,3.550582,3.590437,-3.802116,-0.000362,-0.003404,3.094937,3.555452,3.571999,-2.950188,-0.000356,-0.003439,3.094653
51.3900,3.535455,3.591130,-3.802057,-0.000363,-0.003288,3.094497,3.543971,3.572558,-2.950325,-0.000323,-0.003238,3.094227
51.4400,3.520330,3.591831,-3.801994,-0.000356,-0.003148,3.094077,3.525840,3.573460,-2.950212,-0.000389,-0.003108,3.093730
51.4900,3.505194,3.592542,-3.801930,-0.000340,-0.002989,3.093669,3.511908,3.574114,-2.950329,-0.000297,-0.002888,3.093387
51.5400,3.490043,3.593262,-3.801867,-0.000318,-0.002817,3.093273,3.495542,3.574912,-2.950254,-0.000377,-0.002605,3.093028
51.5900,3.474881,3.593990,-3.801805,-0.000289,-0.002634,3.092887,3.483410,3.575511,-2.950394,-0.000278,-0.002544,3.092790
51.6400,3.459710,3.594726,-3.801745,-0.000256,-0.002445,3.092510,3.465206,3.576403,-2.950296,-0.000305,-0.002430,3.092170
51.6900,3.444536,3.595468,-3.801688,-0.000220,-0.002252,3.092141,3.453068,3.577009,-2.950411,-0.000143,-0.002218,3.092037
51.7400,3.429361,3.596217,-3.801634,-0.000180,-0.002057,3.091779,3.434862,3.577930,-2.950378,0.000126,-0.001918,3.091566
51.7900,3.414187,3.596972,-3.801583,-0.000139,-0.001862,3.091423,3.422722,3.578526,-2.950438,-0.000154,-0.001903,3.091332
51.8400,3.399016,3.597732,-3.801535,-0.000097,-0.001669,3.091073,3.404521,3.579450,-2.950399,-0.000237,-0.001503,3.090984
51.8900,3.383848,3.598499,-3.801491,-0.000054,-0.001478,3.090727,3.392390,3.580074,-2.950498,0.000001,-0.001327,3.090608
51.9400,3.368683,3.599271,-3.801450,-0.000012,-0.001292,3.090387,3.374190,3.581002,-2.950428,0.000016,-0.001211,3.090108
51.9900,3.353521,3.600048,-3.801412,0.000029,-0.001110,3.090050,3.362060,3.581631,-2.950500,-0.000042,-0.001149,3.089919
52.0400,3.338361,3.600831,-3.801378,0.000069,-0.000933,3.089717,3.343870,3.582583,-2.950507,0.000108,-0.000945,3.089472
52.0900,3.323203,3.601619,-3.801347,0.000107,-0.000762,3.089388,3.331741,3.583206,-2.950503,0.000038,-0.000686,3.089386
52.1400,3.308048,3.602412,-3.801319,0.000143,-0.000597,3.089063,3.313557,3.584167,-2.950496,0.000138,-0.000536,3.088976
52.1900,3.292895,3.603211,-3.801294,0.000177,-0.000439,3.088741,3.301438,3.584815,-2.950554,0.000075,-0.000440,3.088551
52.2400,3.277743,3.604014,-3.801272,0.000209,-0.000286,3.088422,3.283252,3.585778,-2.950496,0.000059,-0.000253,3.088227
52.2900,3.262594,3.604822,-3.801252,0.000238,-0.000140,3.088106,3.271133,3.586429,-2.950529,0.000108,-0.000051,3.087904
52.3420,3.247447,3.605636,-3.801236,0.000265,0.000000,3.087794,3.252959,3.587415,-2.950562,0.000228,0.000007,3.087571
52.3900,3.232302,3.606453,-3.801222,0.000289,0.000134,3.087484,3.240841,3.588061,-2.950510,0.000329,0.000212,3.087180
52.4400,3.217158,3.607276,-3.801210,0.000311,0.000262,3.087177,3.222672,3.589059,-2.950525,0.000455,0.000229,3.086846
52.4900,3.202017,3.608103,-3.801201,0.000331,0.000384,3.086873,3.206319,3.589956,-2.950508,0.000381,0.000538,3.086581
52.5400,3.186878,3.608935,-3.801194,0.000348,0.000500,3.086572,3.192390,3.590729,-2.950520,0.000241,0.000331,3.086206
52.5900,3.171741,3.609771,-3.801189,0.000363,0.000611,3.086273,3.180279,3.591408,-2.950530,0.000582,0.000805,3.086159
52.6400,3.156605,3.610612,-3.801186,0.000376,0.000716,3.085977,3.162116,3.592420,-2.950522,0.000457,0.000777,3.085796
52.6900,3.141472,3.611458,-3.801185,0.000387,0.000816,3.085684,3.150009,3.593103,-2.950514,0.000153,0.000901,3.085551
52.7400,3.126340,3.612307,-3.801186,0.000396,0.000911,3.085393,3.131851,3.594136,-2.950555,0.000379,0.000877,3.085067
52.7900,3.111211,3.613161,-3.801188,0.000403,0.001001,3.085105,3.119141,3.594852,-2.950504,0.000392,0.001003,3.084909
52.8400,3.096083,3.614020,-3.801192,0.000408,0.001087,3.084820,3.101593,3.595856,-2.950528,0.000459,0.001198,3.084799
52.8900,3.080957,3.614882,-3.801198,0.000412,0.001168,3.084537,3.089491,3.596554,-2.950522,0.000462,0.001127,3.084395
52.9400,3.065833,3.615749,-3.801205,0.000414,0.001244,3.084257,3.071343,3.597597,-2.950514,0.000645,0.001335,3.083988
52.9900,3.050711,3.616620,-3.801214,0.000415,0.001317,3.083979,3.059246,3.598302,-2.950492,0.000512,0.001286,3.083794
53.0400,3.035590,3.617495,-3.801223,0.000415,0.001386,3.083704,3.041103,3.599370,-2.950545,0.000750,0.001433,3.083544
53.0920,3.020472,3.618374,-3.801234,0.000414,0.001451,3.083431,3.029006,3.600062,-2.950470,0.000299,0.001473,3.083258
53.1400,3.005355,3.619257,-3.801247,0.000411,0.001512,3.083161,3.010866,3.601128,-2.950507,0.000466,0.001501,3.082884
53.1900,2.990240,3.620145,-3.801260,0.000408,0.001570,3.082893,2.998774,3.601846,-2.950492,0.000562,0.001618,3.082778
53.2400,2.975126,3.621036,-3.801275,0.000405,0.001625,3.082628,2.980639,3.602913,-2.950485,0.000423,0.001485,3.082561
53.2900,2.960014,3.621931,-3.801290,0.000400,0.001677,3.082365,2.968550,3.603635,-2.950455,0.000452,0.001902,3.082072
53.3400,2.944904,3.622830,-3.801306,0.000395,0.001726,3.082105,2.950417,3.604728,-2.950521,0.000374,0.001677,3.081958
53.3900,2.929796,3.623733,-3.801324,0.000389,0.001772,3.081847,2.938333,3.605439,-2.950433,0.000380,0.001848,3.081736
53.4400,2.914689,3.624640,-3.801342,0.000383,0.001815,3.081591,2.920204,3.606534,-2.950478,0.000414,0.001659,3.081402
53.5160,2.884480,3.626465,-3.801380,0.000370,0.001894,3.081087,2.908122,3.607270,-2.950458,0.000297,0.002071,3.081164
53.5400,2.884480,3.626465,-3.801380,0.000370,0.001894,3.081087,2.889997,3.608364,-2.950450,0.000512,0.001755,3.080957
53.5900,2.869378,3.627384,-3.801401,0.000363,0.001931,3.080839,2.877917,3.609106,-2.950420,0.000294,0.001878,3.080708
53.6400,2.854278,3.628306,-3.801422,0.000356,0.001964,3.080593,2.859799,3.610228,-2.950493,0.000312,0.001870,3.080471
53.6900,2.839179,3.629231,-3.801444,0.000349,0.001996,3.080349,2.847721,3.610958,-2.950395,0.000530,0.001988,3.080310
53.7400,2.824081,3.630161,-3.801466,0.000342,0.002026,3.080108,2.829606,3.612086,-2.950450,0.000320,0.001908,3.080105
53.7920,2.808985,3.631094,-3.801489,0.000334,0.002054,3.079869,2.814511,3.613019,-2.950391,0.000175,0.002048,3.079628
53.8400,2.793891,3.632030,-3.801512,0.000327,0.002081,3.079632,2.799417,3.613963,-2.950425,0.000438,0.002094,3.079469
53.8900,2.778798,3.632970,-3.801536,0.000320,0.002105,3.079398,2.787345,3.614724,-2.950401,0.000451,0.002118,3.079178
53.9400,2.763707,3.633914,-3.801561,0.000312,0.002128,3.079166,2.769236,3.615858,-2.950416,0.000417,0.002284,3.078855
53.9900,2.748617,3.634861,-3.801586,0.000305,0.002150,3.078936,2.757164,3.616622,-2.950381,0.000345,0.002054,3.079006
54.0400,2.733528,3.635811,-3.801611,0.000298,0.002170,3.078708,2.739059,3.617772,-2.950445,0.000273,0.002083,3.078501
54.0900,2.718441,3.636765,-3.801637,0.000291,0.002189,3.078483,2.726988,3.618531,-2.950373,0.000378,0.002184,3.078536
54.1400,2.703356,3.637723,-3.801663,0.000284,0.002207,3.078259,2.708886,3.619687,-2.950420,0.000509,0.002170,3.078011
54.1900,2.688271,3.638683,-3.801689,0.000278,0.002223,3.078038,2.696819,3.620467,-2.950401,0.000234,0.002342,3.077830
54.2400,2.673188,3.639647,-3.801716,0.000271,0.002238,3.077820,2.678722,3.621622,-2.950412,0.000309,0.002227,3.077720
54.2900,2.658107,3.640615,-3.801743,0.000265,0.002252,3.077603,2.666657,3.622400,-2.950382,0.000202,0.002342,3.077477
54.3400,2.643027,3.641585,-3.801771,0.000259,0.002265,3.077388,2.648562,3.623576,-2.950453,0.000286,0.002191,3.077205
54.3900,2.627948,3.642559,-3.801798,0.000253,0.002278,3.077176,2.636498,3.624351,-2.950377,0.000206,0.002309,3.077192
54.4400,2.612870,3.643536,-3.801826,0.000247,0.002289,3.076965,2.618406,3.625527,-2.950430,0.000199,0.002143,3.076875
54.4900,2.597794,3.644516,-3.801855,0.000242,0.002299,3.076757,2.606345,3.626318,-2.950416,0.000257,0.002402,3.076715
54.5400,2.582719,3.645499,-3.801883,0.000236,0.002309,3.076551,2.588256,3.627495,-2.950422,0.000246,0.002275,3.076203
54.5920,2.567646,3.646485,-3.801912,0.000231,0.002318,3.076347,2.576197,3.628290,-2.950400,0.000277,0.002365,3.076254
54.6400,2.552573,3.647474,-3.801941,0.000226,0.002326,3.076145,2.558110,3.629489,-2.950476,0.000285,0.002394,3.076067
54.6900,2.537502,3.648467,-3.801970,0.000222,0.002333,3.075945,2.546055,3.630273,-2.950397,0.000240,0.002327,3.075823
54.7400,2.522432,3.649462,-3.801999,0.000217,0.002340,3.075747,2.527971,3.631474,-2.950455,0.000298,0.002379,3.075552
54.7900,2.507364,3.650460,-3.802028,0.000213,0.002346,3.075550,2.515916,3.632280,-2.950449,0.000272,0.002406,3.075582
54.8420,2.492296,3.651462,-3.802058,0.000209,0.002352,3.075356,2.497837,3.633475,-2.950448,0.000171,0.002266,3.075152
54.8900,2.477230,3.652466,-3.802088,0.000205,0.002357,3.075164,2.485786,3.634282,-2.950433,0.000133,0.002403,3.074980
54.9400,2.462165,3.653473,-3.802118,0.000201,0.002362,3.074974,2.467106,3.635534,-2.950459,0.000217,0.002377,3.074813
54.9900,2.447101,3.654483,-3.802148,0.000197,0.002366,3.074786,2.467106,3.635534,-2.950459,0.000217,0.002377,3.074813
55.0400,2.432039,3.655495,-3.802178,0.000194,0.002370,3.074599,2.437583,3.637528,-2.950497,0.000200,0.002495,3.074729
55.0900,2.416977,3.656511,-3.802208,0.000191,0.002373,3.074415,2.423727,3.638459,-2.950451,0.000406,0.002246,3.074320
55.1400,2.401917,3.657529,-3.802239,0.000188,0.002376,3.074232,2.407463,3.639565,-2.950493,0.000270,0.002438,3.074046
55.1900,2.386857,3.658550,-3.802269,0.000185,0.002379,3.074051,2.395418,3.640389,-2.950486,0.000002,0.002477,3.074169
55.2400,2.371799,3.659573,-3.802300,0.000182,0.002381,3.073872,2.377348,3.641618,-2.950504,0.000162,0.002536,3.073657
55.2900,2.356742,3.660600,-3.802330,0.000179,0.002383,3.073695,2.365302,3.642444,-2.950488,0.000148,0.002488,3.073498
55.3400,2.341687,3.661628,-3.802361,0.000177,0.002384,3.073519,2.347233,3.643688,-2.950558,0.000168,0.002286,3.073402
55.3900,2.326632,3.662660,-3.802392,0.000175,0.002386,3.073346,2.335190,3.644511,-2.950503,-0.000018,0.002509,3.073233
55.4400,2.311578,3.663694,-3.802423,0.000172,0.002387,3.073174,2.317124,3.645753,-2.950557,0.000381,0.002396,3.072937
55.4900,2.296525,3.664731,-3.802454,0.000170,0.002388,3.073004,2.305080,3.646589,-2.950557,0.000058,0.002399,3.072921
55.5400,2.281474,3.665770,-3.802485,0.000168,0.002388,3.072835,2.287019,3.647834,-2.950570,0.000003,0.002273,3.072677
55.5900,2.266423,3.666811,-3.802516,0.000166,0.002389,3.072669,2.274979,3.648670,-2.950561,0.000376,0.002348,3.072683
55.6400,2.251374,3.667856,-3.802547,0.000165,0.002389,3.072504,2.256919,3.649930,-2.950635,0.000096,0.002126,3.072370
55.6900,2.236325,3.668902,-3.802579,0.000163,0.002389,3.072340,2.244879,3.650763,-2.950575,0.000225,0.002333,3.072194
55.7400,2.221278,3.669951,-3.802610,0.000162,0.002389,3.072178,2.226824,3.652030,-2.950632,0.000364,0.002650,3.072182
55.7900,2.206231,3.671003,-3.802641,0.000160,0.002388,3.072018,2.214787,3.652879,-2.950641,0.000252,0.002262,3.071839
55.8400,2.191186,3.672056,-3.802673,0.000159,0.002388,3.071860,2.196734,3.654136,-2.950645,0.000166,0.002361,3.071763
55.8900,2.176142,3.673113,-3.802704,0.000158,0.002387,3.071703,2.184700,3.654984,-2.950643,0.000060,0.002476,3.071632
55.9400,2.161098,3.674171,-3.802736,0.000156,0.002386,3.071548,2.166652,3.656260,-2.950723,0.000195,0.002280,3.071377
55.9900,2.146056,3.675232,-3.802767,0.000155,0.002386,3.071394,2.154616,3.657106,-2.950661,0.000063,0.002515,3.071429
56.0400,2.131014,3.676295,-3.802799,0.000154,0.002385,3.071242,2.136565,3.658387,-2.950723,0.000121,0.002283,3.071300
56.0900,2.115973,3.677360,-3.802830,0.000153,0.002384,3.071092,2.124532,3.659245,-2.950737,0.000129,0.002433,3.070888
56.1400,2.100934,3.678428,-3.802862,0.000152,0.002382,3.070943,2.106486,3.660527,-2.950736,0.000208,0.002452,3.070919
56.1900,2.085895,3.679497,-3.802893,0.000152,0.002381,3.070796,2.094455,3.661384,-2.950742,0.000137,0.002377,3.070785
56.2400,2.070857,3.680569,-3.802925,0.000151,0.002380,3.070650,2.076410,3.662673,-2.950766,0.000005,0.002342,3.070466
56.2900,2.055820,3.681643,-3.802957,0.000150,0.002378,3.070505,2.064382,3.663535,-2.950760,0.000063,0.002624,3.070385
56.3400,2.040784,3.682719,-3.802988,0.000150,0.002377,3.070362,2.046339,3.664829,-2.950828,0.000223,0.002499,3.070393
56.3900,2.025749,3.683798,-3.803020,0.000149,0.002376,3.070221,2.033712,3.665735,-2.950795,0.000212,0.002336,3.070324
56.4400,2.010715,3.684878,-3.803052,0.000149,0.002374,3.070081,2.016272,3.666993,-2.950845,-0.000085,0.002372,3.069844
56.4920,1.995682,3.685960,-3.803084,0.000148,0.002372,3.069942,2.004245,3.667865,-2.950856,0.000203,0.002170,3.069968
56.5400,1.980649,3.687045,-3.803115,0.000148,0.002371,3.069805,1.986204,3.669165,-2.950870,0.000113,0.002382,3.069839
56.5900,1.965617,3.688131,-3.803147,0.000147,0.002369,3.069669,1.974179,3.670037,-2.950872,0.000013,0.002342,3.069534
56.6400,1.950587,3.689220,-3.803179,0.000147,0.002367,3.069535,1.956144,3.671352,-2.950944,0.000212,0.002367,3.069434
56.6900,1.935557,3.690310,-3.803211,0.000147,0.002365,3.069402,1.944120,3.672221,-2.950904,0.000019,0.002332,3.069378
56.7400,1.920528,3.691403,-3.803242,0.000146,0.002364,3.069270,1.926086,3.673535,-2.950959,-0.000023,0.002389,3.069203
56.7900,1.905499,3.692497,-3.803274,0.000146,0.002362,3.069140,1.914063,3.674413,-2.950977,0.000120,0.002239,3.069196
56.8400,1.890472,3.693593,-3.803306,0.000146,0.002360,3.069011,1.896031,3.675730,-2.950986,0.000089,0.002232,3.068970
56.8920,1.875445,3.694691,-3.803338,0.000146,0.002358,3.068883,1.896031,3.675730,-2.950986,0.000089,0.002232,3.068970
56.9400,1.860420,3.695791,-3.803370,0.000145,0.002356,3.068757,1.865983,3.677937,-2.951070,0.000067,0.002354,3.068638
56.9900,1.845394,3.696893,-3.803402,0.000145,0.002354,3.068632,1.853963,3.678816,-2.951026,0.000093,0.002324,3.068493
57.0440,1.830370,3.697997,-3.803434,0.000145,0.002352,3.068508,1.835933,3.680145,-2.951086,0.000119,0.002256,3.068343
57.0900,1.815347,3.699102,-3.803465,0.000145,0.002351,3.068385,1.835933,3.680145,-2.951086,0.000119,0.002256,3.068343
57.1400,1.800324,3.700210,-3.803497,0.000145,0.002349,3.068264,1.805889,3.682360,-2.951113,0.000269,0.002215,3.068074
57.1900,1.785302,3.701319,-3.803529,0.000145,0.002347,3.068144,1.793874,3.683252,-2.951126,0.000172,0.002193,3.068037
57.2400,1.770281,3.702429,-3.803561,0.000145,0.002345,3.068025,1.775854,3.684589,-2.951207,0.000279,0.002353,3.068101
57.2900,1.755260,3.703542,-3.803593,0.000145,0.002343,3.067908,1.763835,3.685475,-2.951157,0.000140,0.002401,3.067806
57.3400,1.740241,3.704656,-3.803625,0.000145,0.002341,3.067791,1.745811,3.686816,-2.951222,0.000015,0.002260,3.067474
57.3920,1.725222,3.705772,-3.803657,0.000145,0.002339,3.067676,1.730792,3.687935,-2.951207,0.000316,0.002269,3.067464
57.4400,1.710204,3.706890,-3.803689,0.000145,0.002337,3.067562,1.715772,3.689056,-2.951249,0.000101,0.002404,3.067387
57.4900,1.695186,3.708009,-3.803721,0.000145,0.002335,3.067449,1.703756,3.689956,-2.951270,0.000124,0.002385,3.067325
57.5400,1.680169,3.709130,-3.803752,0.000145,0.002333,3.067338,1.685736,3.691301,-2.951290,0.000015,0.002321,3.067164
57.5900,1.665153,3.710253,-3.803784,0.000145,0.002331,3.067227,1.673724,3.692200,-2.951299,0.000033,0.002384,3.067111
57.6400,1.650138,3.711377,-3.803816,0.000145,0.002329,3.067118,1.655707,3.693555,-2.951368,0.000179,0.002329,3.066905
57.6940,1.635123,3.712503,-3.803848,0.000145,0.002327,3.067010,1.643695,3.694455,-2.951343,0.000208,0.002360,3.066920
57.7420,1.620109,3.713630,-3.803880,0.000145,0.002325,3.066903,1.643695,3.694455,-2.951343,0.000208,0.002360,3.066920
57.7900,1.605096,3.714759,-3.803912,0.000145,0.002323,3.066796,1.613670,3.696719,-2.951419,0.000310,0.002275,3.066820
57.8400,1.590083,3.715890,-3.803944,0.000146,0.002322,3.066692,1.595655,3.698071,-2.951433,0.000303,0.002334,3.066664
57.8920,1.575071,3.717022,-3.803976,0.000146,0.002320,3.066588,1.583646,3.698980,-2.951448,0.000175,0.002477,3.066487
57.9400,1.560060,3.718155,-3.804008,0.000146,0.002318,3.066485,1.565633,3.700349,-2.951521,0.000290,0.002388,3.066421
57.9900,1.545049,3.719290,-3.804040,0.000146,0.002316,3.066383,1.553626,3.701249,-2.951491,0.000078,0.002451,3.066278
58.0420,1.530039,3.720427,-3.804072,0.000146,0.002314,3.066282,1.535610,3.702615,-2.951549,0.000173,0.002406,3.066049
58.0940,1.515029,3.721565,-3.804103,0.000146,0.002312,3.066183,1.523599,3.703529,-2.951579,0.000088,0.002323,3.066346
58.1400,1.500021,3.722704,-3.804135,0.000146,0.002310,3.066084,1.505593,3.704898,-2.951586,0.000171,0.002320,3.066000
58.1900,1.485013,3.723845,-3.804167,0.000146,0.002309,3.065986,1.493588,3.705811,-2.951606,0.000113,0.002396,3.065766
58.2400,1.470005,3.724987,-3.804199,0.000147,0.002307,3.065890,1.493588,3.705811,-2.951606,0.000113,0.002396,3.065766
58.2900,1.454998,3.726131,-3.804231,0.000147,0.002305,3.065794,1.463574,3.708099,-2.951646,0.000246,0.002227,3.065936
58.3400,1.439992,3.727276,-3.804263,0.000147,0.002303,3.065699,1.445569,3.709478,-2.951707,-0.000073,0.002210,3.065650
58.3900,1.424986,3.728422,-3.804295,0.000147,0.002302,3.065606,1.433566,3.710399,-2.951740,0.000073,0.002256,3.065574
58.4420,1.409981,3.729570,-3.804327,0.000147,0.002300,3.065513,1.415557,3.711774,-2.951742,0.000109,0.002191,3.065488
58.4900,1.394976,3.730719,-3.804359,0.000147,0.002298,3.065421,1.403554,3.712694,-2.951767,0.000320,0.002272,3.065271
58.5400,1.379972,3.731869,-3.804391,0.000148,0.002296,3.065330,1.384951,3.714122,-2.951794,-0.000086,0.002351,3.065396
58.5900,1.364969,3.733021,-3.804423,0.000148,0.002295,3.065241,1.373548,3.714998,-2.951807,0.000241,0.002135,3.065078
58.6400,1.349966,3.734174,-3.804455,0.000148,0.002293,3.065152,1.355546,3.716384,-2.951872,0.000138,0.002336,3.065091
58.6900,1.334964,3.735328,-3.804487,0.000148,0.002291,3.065063,1.341744,3.717449,-2.951862,0.000180,0.002175,3.064983
58.7400,1.319962,3.736484,-3.804518,0.000148,0.002290,3.064976,1.325544,3.718701,-2.951906,0.000221,0.002169,3.064842
58.7900,1.304961,3.737641,-3.804550,0.000148,0.002288,3.064890,1.313545,3.719632,-2.951934,0.000206,0.002228,3.064901
58.8420,1.289961,3.738799,-3.804582,0.000149,0.002286,3.064805,1.295545,3.721021,-2.951953,0.000166,0.002268,3.064753
58.8900,1.274961,3.739958,-3.804614,0.000149,0.002285,3.064720,1.283545,3.721951,-2.951971,0.000129,0.002255,3.064660
58.9400,1.259961,3.741119,-3.804646,0.000149,0.002283,3.064636,1.265545,3.723348,-2.952041,0.000119,0.002247,3.064440
58.9900,1.244962,3.742281,-3.804678,0.000149,0.002281,3.064554,1.253547,3.724276,-2.952021,-0.000066,0.002276,3.064563
59.0400,1.229964,3.743444,-3.804710,0.000149,0.002280,3.064472,1.235550,3.725671,-2.952072,0.000019,0.002459,3.064384
59.0900,1.214966,3.744608,-3.804742,0.000149,0.002278,3.064391,1.223553,3.726603,-2.952105,0.000221,0.002004,3.064409
59.1400,1.199969,3.745773,-3.804774,0.000150,0.002277,3.064310,1.205555,3.728003,-2.952117,0.000168,0.002349,3.064272
59.1900,1.184972,3.746939,-3.804806,0.000150,0.002275,3.064231,1.193558,3.728937,-2.952140,0.000223,0.002298,3.064169
59.2400,1.169976,3.748107,-3.804838,0.000150,0.002274,3.064152,1.175562,3.730342,-2.952215,0.000333,0.002287,3.064221
59.2920,1.154980,3.749276,-3.804870,0.000150,0.002272,3.064075,1.163566,3.731272,-2.952187,0.000138,0.002297,3.064102
59.3400,1.139984,3.750445,-3.804901,0.000150,0.002271,3.063998,1.145574,3.732679,-2.952244,0.000147,0.002269,3.063886
59.3920,1.124990,3.751616,-3.804933,0.000151,0.002269,3.063921,1.133579,3.733620,-2.952283,0.000288,0.002271,3.063931
59.4400,1.109995,3.752788,-3.804965,0.000151,0.002268,3.063846,1.115587,3.735022,-2.952288,0.000097,0.002253,3.063909
59.4900,1.095001,3.753962,-3.804997,0.000151,0.002266,3.063771,1.103593,3.735961,-2.952314,0.000142,0.002313,3.063759
59.5400,1.080008,3.755136,-3.805029,0.000151,0.002265,3.063697,1.085602,3.737372,-2.952393,0.000152,0.002263,3.063582
59.5900,1.065015,3.756311,-3.805061,0.000151,0.002264,3.063624,1.073606,3.738315,-2.952358,0.000081,0.002303,3.063718
59.6400,1.050023,3.757487,-3.805093,0.000151,0.002262,3.063552,1.055617,3.739730,-2.952419,0.000140,0.002210,3.063461
59.6900,1.035031,3.758665,-3.805125,0.000152,0.002261,3.063480,1.039426,3.741002,-2.952423,0.000265,0.002205,3.063275
59.7400,1.020039,3.759843,-3.805157,0.000152,0.002259,3.063409,1.025634,3.742087,-2.952459,0.000230,0.002204,3.063494
59.7900,1.005048,3.761022,-3.805189,0.000152,0.002258,3.063339,1.013642,3.743032,-2.952490,0.000181,0.002254,3.063284
59.8400,0.990057,3.762203,-3.805221,0.000152,0.002257,3.063270,0.995652,3.744447,-2.952513,0.000098,0.002301,3.063263
59.8900,0.975067,3.763384,-3.805253,0.000152,0.002255,3.063201,0.983660,3.745393,-2.952533,0.000192,0.002345,3.063220
59.9400,0.960077,3.764566,-3.805284,0.000152,0.002254,3.063133,0.965671,3.746816,-2.952600,0.000226,0.002156,3.063217
59.9900,0.945088,3.765750,-3.805316,0.000153,0.002253,3.063065,0.953081,3.747809,-2.952590,0.000186,0.002143,3.063065
60.0400,0.930099,3.766934,-3.805348,0.000153,0.002251,3.062999,0.935695,3.749187,-2.952637,0.000290,0.002388,3.062898
60.0900,0.915111,3.768119,-3.805380,0.000153,0.002250,3.062933,0.923706,3.750140,-2.952673,0.000241,0.002156,3.063041
60.1400,0.900123,3.769305,-3.805412,0.000153,0.002249,3.062868,0.905720,3.751563,-2.952689,0.000215,0.002356,3.062683
60.1900,0.885135,3.770493,-3.805444,0.000153,0.002248,3.062803,0.893729,3.752515,-2.952715,0.000323,0.002281,3.062778
60.2400,0.870148,3.771681,-3.805476,0.000153,0.002246,3.062739,0.875742,3.753945,-2.952787,-0.000060,0.002362,3.062588
60.2900,0.855161,3.772870,-3.805508,0.000153,0.002245,3.062676,0.863756,3.754893,-2.952769,0.000198,0.002390,3.062699
60.3400,0.840175,3.774059,-3.805540,0.000154,0.002244,3.062613,0.845771,3.756325,-2.952825,0.000111,0.002419,3.062516
60.3900,0.825189,3.775250,-3.805572,0.000154,0.002243,3.062551,0.833780,3.757281,-2.952864,0.000050,0.002213,3.062475
60.4400,0.810204,3.776442,-3.805603,0.000154,0.002241,3.062490,0.815799,3.758711,-2.952875,0.000035,0.002304,3.062305
60.4920,0.795219,3.777634,-3.805635,0.000154,0.002240,3.062429,0.803809,3.759666,-2.952903,0.000375,0.002212,3.062232
60.5400,0.780234,3.778828,-3.805667,0.000154,0.002239,3.062369,0.785827,3.761103,-2.952979,0.000260,0.002187,3.062315
60.5920,0.765249,3.780022,-3.805699,0.000154,0.002238,3.062309,0.773840,3.762055,-2.952951,0.000230,0.002089,3.062306
60.6400,0.750265,3.781217,-3.805731,0.000154,0.002237,3.062250,0.755864,3.763494,-2.953008,0.000136,0.002447,3.062200
60.6900,0.735282,3.782413,-3.805763,0.000155,0.002236,3.062192,0.743881,3.764455,-2.953051,0.000163,0.002293,3.062037
60.7400,0.720299,3.783610,-3.805795,0.000155,0.002235,3.062134,0.725898,3.765888,-2.953055,0.000090,0.002099,3.062115
60.7900,0.705316,3.784807,-3.805827,0.000155,0.002233,3.062077,0.713913,3.766846,-2.953086,0.000147,0.002176,3.062019
60.8400,0.690333,3.786005,-3.805859,0.000155,0.002232,3.062021,0.695934,3.768286,-2.953169,0.000186,0.002100,3.062155
60.8900,0.675351,3.787205,-3.805891,0.000155,0.002231,3.061965,0.683951,3.769241,-2.953134,0.000195,0.002150,3.061973
60.9400,0.660370,3.788405,-3.805922,0.000155,0.002230,3.061910,0.665977,3.770684,-2.953198,0.000190,0.002159,3.061879
60.9900,0.645388,3.789605,-3.805954,0.000155,0.002229,3.061855,0.650994,3.771883,-2.953199,0.000265,0.002193,3.061815
61.0420,0.630407,3.790807,-3.805986,0.000156,0.002228,3.061801,0.636012,3.773087,-2.953241,0.000016,0.002176,3.062006
61.0900,0.615426,3.792009,-3.806018,0.000156,0.002227,3.061747,0.624026,3.774049,-2.953275,0.000288,0.002352,3.061754
61.1400,0.600446,3.793212,-3.806050,0.000156,0.002226,3.061694,0.606050,3.775492,-2.953297,0.000273,0.002159,3.061504
61.1940,0.585466,3.794416,-3.806082,0.000156,0.002225,3.061641,0.594067,3.776458,-2.953321,0.000132,0.002278,3.061525
61.2460,0.570487,3.795621,-3.806114,0.000156,0.002224,3.061589,0.576093,3.777911,-2.953389,0.000044,0.002335,3.061550
61.2900,0.555507,3.796826,-3.806146,0.000156,0.002223,3.061538,0.564112,3.778876,-2.953380,0.000300,0.002257,3.061577
61.3400,0.540528,3.798032,-3.806178,0.000156,0.002222,3.061487,0.546137,3.780325,-2.953430,0.000200,0.002216,3.061454
61.3900,0.525550,3.799239,-3.806210,0.000156,0.002221,3.061436,0.534155,3.781293,-2.953469,0.000025,0.002305,3.061384
61.4400,0.510571,3.800446,-3.806241,0.000157,0.002220,3.061386,0.516180,3.782743,-2.953483,0.000223,0.002149,3.061306
61.4900,0.495593,3.801654,-3.806273,0.000157,0.002219,3.061337,0.504199,3.783710,-2.953510,0.000246,0.002432,3.061350
61.5400,0.480616,3.802863,-3.806305,0.000157,0.002218,3.061288,0.486225,3.785164,-2.953584,0.000110,0.002114,3.061252
61.5900,0.465638,3.804072,-3.806337,0.000157,0.002217,3.061240,0.474243,3.786129,-2.953566,0.000112,0.002302,3.061136
61.6400,0.450661,3.805283,-3.806369,0.000157,0.002216,3.061192,0.456268,3.787582,-2.953623,0.000252,0.002245,3.061258
61.6900,0.435685,3.806494,-3.806401,0.000157,0.002215,3.061144,0.444284,3.788551,-2.953665,0.000162,0.002180,3.061106
61.7400,0.420708,3.807705,-3.806433,0.000157,0.002214,3.061097,0.426314,3.790004,-2.953673,0.000062,0.002355,3.061071
61.7900,0.405732,3.808917,-3.806465,0.000157,0.002213,3.061051,0.414332,3.790974,-2.953704,0.000243,0.002196,3.060908
61.8400,0.390756,3.810130,-3.806497,0.000158,0.002212,3.061005,0.396360,3.792434,-2.953781,0.000163,0.002283,3.060976
61.8900,0.375781,3.811344,-3.806528,0.000158,0.002212,3.060959,0.384380,3.793400,-2.953755,0.000069,0.002404,3.061022
61.9420,0.360806,3.812558,-3.806560,0.000158,0.002211,3.060914,0.366408,3.794855,-2.953816,0.000133,0.002475,3.060738
61.9900,0.345831,3.813773,-3.806592,0.000158,0.002210,3.060870,0.354426,3.795829,-2.953863,0.000031,0.002404,3.060782
62.0400,0.330856,3.814988,-3.806624,0.000158,0.002209,3.060826,0.336462,3.797288,-2.953866,0.000219,0.002182,3.060950
62.0900,0.315882,3.816204,-3.806656,0.000158,0.002208,3.060782,0.324482,3.798261,-2.953900,0.000217,0.002081,3.060903
62.1400,0.300908,3.817421,-3.806688,0.000158,0.002207,3.060739,0.305914,3.799768,-2.953926,0.000136,0.002166,3.060654
62.1900,0.285934,3.818638,-3.806720,0.000158,0.002206,3.060696,0.294534,3.800694,-2.953948,0.000133,0.002188,3.060725
62.2400,0.270961,3.819856,-3.806752,0.000158,0.002206,3.060654,0.276568,3.802155,-2.954012,0.000215,0.002325,3.060644
62.2900,0.255987,3.821074,-3.806784,0.000158,0.002205,3.060612,0.262793,3.803278,-2.954013,0.000148,0.002288,3.060747
62.3400,0.241014,3.822294,-3.806815,0.000159,0.002204,3.060570,0.246623,3.804596,-2.954057,0.000360,0.002321,3.060595
62.3900,0.226042,3.823513,-3.806847,0.000159,0.002203,3.060529,0.234644,3.805573,-2.954096,0.000178,0.002238,3.060659
62.4400,0.211069,3.824733,-3.806879,0.000159,0.002202,3.060489,0.216676,3.807035,-2.954113,0.000078,0.002143,3.060403
62.4920,0.196097,3.825954,-3.806911,0.000159,0.002202,3.060449,0.204699,3.808013,-2.954139,0.000172,0.002133,3.060518
62.5400,0.181125,3.827175,-3.806943,0.000159,0.002201,3.060409,0.186735,3.809479,-2.954209,0.000250,0.002276,3.060413
62.5900,0.166154,3.828397,-3.806975,0.000159,0.002200,3.060369,0.174757,3.810456,-2.954197,0.000071,0.002204,3.060358
62.6400,0.151183,3.829620,-3.807007,0.000159,0.002199,3.060330,0.156799,3.811922,-2.954247,0.000187,0.002506,3.060204
62.6900,0.136372,3.830829,-3.807023,0.000157,0.002310,3.060293,0.145132,3.812874,-2.954264,0.000247,0.002353,3.060371
62.7400,0.123287,3.831893,-3.806996,0.000168,0.002736,3.060251,0.131916,3.813877,-2.953587,0.000210,0.003063,3.060168
62.7900,0.113684,3.832662,-3.806896,0.000214,0.003447,3.060171,0.125761,3.814332,-2.953181,0.000335,0.003971,3.060097
62.8400,0.107879,3.833109,-3.806724,0.000295,0.004302,3.060020,0.120915,3.814648,-2.952579,0.000380,0.004823,3.059705
62.8900,0.105168,3.833298,-3.806498,0.000407,0.005192,3.059825,0.119295,3.814775,-2.952532,0.000542,0.005510,3.059673
62.9400,0.104495,3.833325,-3.806247,0.000534,0.006033,3.059629,0.119429,3.814727,-2.952267,0.000797,0.006470,3.059475
62.9900,0.104873,3.833277,-3.806009,0.000659,0.006742,3.059460,0.120204,3.814651,-2.951933,0.000858,0.006931,3.059239
63.0400,0.105584,3.833216,-3.805812,0.000771,0.007283,3.059327,0.120703,3.814621,-2.951928,0.000745,0.007546,3.059235
63.0900,0.106307,3.833154,-3.805665,0.000866,0.007654,3.059204,0.121255,3.814581,-2.951707,0.000957,0.007933,3.059102
63.1400,0.106964,3.833100,-3.805562,0.000940,0.007879,3.059104,0.121980,3.814534,-2.951797,0.000886,0.008092,3.059082
63.1900,0.107505,3.833062,-3.805496,0.000993,0.007990,3.059029,0.122353,3.814513,-2.951376,0.000941,0.008100,3.059070
63.2420,0.107926,3.833037,-3.805458,0.001026,0.008013,3.058967,0.122785,3.814500,-2.951402,0.001068,0.008011,3.059013
63.2900,0.108253,3.833022,-3.805441,0.001042,0.007970,3.058912,0.123085,3.814506,-2.951222,0.000937,0.008010,3.058920
63.3400,0.108520,3.833013,-3.805439,0.001041,0.007875,3.058864,0.123296,3.814514,-2.951302,0.001181,0.007917,3.059001
63.3900,0.108759,3.833005,-3.805445,0.001027,0.007740,3.058822,0.123465,3.814522,-2.951159,0.000816,0.007698,3.058796
63.4400,0.108989,3.832996,-3.805457,0.001002,0.007576,3.058784,0.123734,3.814521,-2.951199,0.000986,0.007342,3.058654
63.4900,0.109218,3.832989,-3.805472,0.000967,0.007390,3.058749,0.123912,3.814523,-2.951039,0.000914,0.007181,3.058853
63.5400,0.109447,3.832982,-3.805488,0.000924,0.007188,3.058718,0.124180,3.814524,-2.951131,0.000917,0.006918,3.058866
63.5920,0.109679,3.832974,-3.805505,0.000874,0.006975,3.058692,0.124374,3.814516,-2.950935,0.000813,0.006874,3.058753
63.6400,0.109912,3.832965,-3.805522,0.000821,0.006755,3.058669,0.124646,3.814508,-2.950975,0.001005,0.006615,3.058698
63.6900,0.110165,3.832951,-3.805541,0.000747,0.006516,3.059085,0.124861,3.814502,-2.950868,0.000654,0.006405,3.060063
63.7400,0.110467,3.832960,-3.805591,0.000628,0.006252,3.062371,0.125734,3.820676,-2.950914,0.000661,0.006171,3.065897
63.7900,0.110783,3.832994,-3.805656,0.000495,0.005980,3.068464,0.126224,3.823925,-2.950857,0.000298,0.005710,3.071307
63.8400,0.111075,3.833021,-3.805715,0.000376,0.005691,3.075821,0.126893,3.828793,-2.950956,0.000365,0.005521,3.080762
63.8900,0.111343,3.833043,-3.805763,0.000282,0.005414,3.084035,0.126994,3.827320,-2.950847,0.000112,0.005358,3.087801
63.9400,0.111589,3.833067,-3.805802,0.000204,0.005157,3.093171,0.127334,3.828298,-2.950886,0.000186,0.005027,3.099122
63.9900,0.111821,3.833096,-3.805834,0.000137,0.004919,3.103140,0.127545,3.828954,-2.950863,0.000198,0.004670,3.107324
64.0400,0.112043,3.833126,-3.805860,0.000089,0.004698,3.113707,0.127821,3.829288,-2.950845,-0.000175,0.004474,3.120179
64.0900,0.112257,3.833151,-3.805882,0.000060,0.004495,3.124698,0.128001,3.829646,-2.950828,0.000128,0.004439,3.129427
64.1400,0.112467,3.833171,-3.805900,0.000049,0.004308,3.136027,0.128258,3.830182,-2.950867,0.000161,0.004208,-3.139943
64.1900,0.112672,3.833188,-3.805915,0.000050,0.004135,-3.135549,0.128427,3.830008,-2.950825,-0.000027,0.003943,-3.130893
64.2400,0.112875,3.833202,-3.805928,0.000060,0.003976,-3.123720,0.128676,3.830166,-2.950853,0.000094,0.004019,-3.116555
64.2900,0.113075,3.833214,-3.805940,0.000077,0.003829,-3.111723,0.128839,3.830273,-2.950882,-0.000053,0.003679,-3.106905
64.3400,0.113272,3.833226,-3.805950,0.000097,0.003694,-3.099597,0.129075,3.830325,-2.950852,0.000201,0.003551,-3.092144
64.3900,0.113466,3.833238,-3.805960,0.000119,0.003569,-3.087370,0.129229,3.830392,-2.950881,0.000079,0.003475,-3.082451
64.4400,0.113658,3.833250,-3.805968,0.000142,0.003454,-3.075062,0.129456,3.830495,-2.950926,0.000152,0.003547,-3.067519
64.4900,0.113847,3.833264,-3.805976,0.000165,0.003347,-3.062692,0.129617,3.830441,-2.950907,0.000127,0.003354,-3.057804
64.5400,0.114033,3.833279,-3.805984,0.000188,0.003248,-3.050274,0.129842,3.830473,-2.950940,0.000341,0.003188,-3.043008
64.5900,0.114217,3.833296,-3.805991,0.000209,0.003157,-3.037819,0.130028,3.830535,-2.950942,0.000166,0.003135,-3.030484
64.6400,0.114399,3.833314,-3.805998,0.000230,0.003073,-3.025336,0.130209,3.830594,-2.950947,0.000215,0.002892,-3.017724
64.6900,0.114578,3.833333,-3.806005,0.000250,0.002996,-3.012830,0.130353,3.830645,-2.950997,0.000392,0.003070,-3.007828
64.7400,0.114755,3.833355,-3.806012,0.000269,0.002925,-3.000307,0.130568,3.830691,-2.950978,0.000370,0.002809,-2.992824
64.7900,0.114929,3.833378,-3.806018,0.000286,0.002859,-2.987771,0.130710,3.830728,-2.951022,0.000115,0.002903,-2.982672
64.8400,0.115102,3.833402,-3.806025,0.000303,0.002798,-2.975225,0.130919,3.830788,-2.951050,0.000189,0.002707,-2.967529
64.8900,0.115272,3.833429,-3.806032,0.000319,0.002742,-2.962671,0.131058,3.830806,-2.951068,0.000180,0.002783,-2.957698
64.9400,0.115440,3.833457,-3.806038,0.000334,0.002690,-2.950112,0.131264,3.830848,-2.951083,0.000223,0.002571,-2.942608
64.9900,0.115605,3.833487,-3.806045,0.000348,0.002643,-2.937547,0.131401,3.830878,-2.951152,0.000263,0.002553,-2.932559
65.0400,0.115769,3.833519,-3.806052,0.000362,0.002598,-2.924980,0.131600,3.830918,-2.951131,0.000309,0.002550,-2.917278
65.0900,0.115930,3.833552,-3.806059,0.000375,0.002557,-2.912410,0.131732,3.830950,-2.951191,0.000547,0.002649,-2.907495
65.1420,0.116089,3.833587,-3.806066,0.000388,0.002519,-2.899839,0.131926,3.831003,-2.951229,0.000483,0.002547,-2.892123
65.1900,0.116246,3.833623,-3.806073,0.000400,0.002484,-2.887267,0.132056,3.831026,-2.951247,0.000291,0.002452,-2.882234
65.2400,0.116401,3.833661,-3.806080,0.000412,0.002451,-2.874694,0.132247,3.831076,-2.951271,0.000572,0.002404,-2.867134
65.2900,0.116554,3.833701,-3.806087,0.000423,0.002421,-2.862120,0.132371,3.831114,-2.951349,0.000416,0.002346,-2.857024
65.3400,0.116704,3.833742,-3.806094,0.000435,0.002393,-2.849547,0.132557,3.831159,-2.951324,0.000454,0.002396,-2.841976
65.3900,0.116853,3.833785,-3.806101,0.000445,0.002366,-2.836973,0.132678,3.831197,-2.951391,0.000505,0.002373,-2.831993
65.4400,0.116999,3.833829,-3.806108,0.000456,0.002342,-2.824400,0.132858,3.831259,-2.951438,0.000432,0.002312,-2.816939
65.4900,0.117144,3.833874,-3.806115,0.000467,0.002319,-2.811827,0.132975,3.831288,-2.951449,0.000699,0.002445,-2.806787
65.5420,0.117286,3.833921,-3.806122,0.000477,0.002297,-2.799254,0.133149,3.831348,-2.951479,0.000378,0.002249,-2.791768
65.5900,0.117426,3.833969,-3.806129,0.000487,0.002277,-2.786682,0.133263,3.831389,-2.951561,0.000532,0.002250,-2.781771
65.6400,0.117564,3.834018,-3.806136,0.000497,0.002258,-2.774110,0.133434,3.831447,-2.951532,0.000583,0.002157,-2.766716
65.6900,0.117700,3.834069,-3.806143,0.000507,0.002240,-2.761539,0.133544,3.831491,-2.951602,0.000464,0.002148,-2.756384
65.7400,0.117833,3.834121,-3.806150,0.000517,0.002224,-2.748969,0.133715,3.831556,-2.951595,0.000405,0.002236,-2.740800
65.7900,0.117965,3.834173,-3.806158,0.000526,0.002208,-2.736399,0.133818,3.831597,-2.951652,0.000700,0.002039,-2.731435
65.8420,0.118095,3.834228,-3.806165,0.000536,0.002193,-2.723830,0.133978,3.831665,-2.951685,0.000567,0.002014,-2.716135
65.8900,0.118223,3.834283,-3.806172,0.000545,0.002179,-2.711261,0.134100,3.831716,-2.951715,0.000381,0.002150,-2.704788
65.9420,0.118348,3.834339,-3.806179,0.000555,0.002166,-2.698693,0.134239,3.831779,-2.951731,0.000592,0.002225,-2.691203
65.9900,0.118472,3.834396,-3.806186,0.000564,0.002154,-2.686126,0.134338,3.831828,-2.951802,0.000421,0.002278,-2.681257
66.0400,0.118593,3.834455,-3.806192,0.000573,0.002142,-2.673559,0.134489,3.831900,-2.951789,0.000669,0.002009,-2.666191
66.0920,0.118713,3.834514,-3.806199,0.000582,0.002131,-2.660993,0.134588,3.831950,-2.951847,0.000451,0.002214,-2.655824
66.1400,0.118831,3.834574,-3.806206,0.000591,0.002120,-2.648427,0.134733,3.832026,-2.951886,0.000699,0.002093,-2.640914
66.1900,0.118946,3.834635,-3.806213,0.000600,0.002110,-2.635863,0.134830,3.832072,-2.951904,0.000568,0.002011,-2.630935
66.2400,0.119060,3.834697,-3.806220,0.000609,0.002100,-2.623299,0.134970,3.832150,-2.951926,0.000663,0.001912,-2.615730
66.2900,0.119171,3.834760,-3.806227,0.000618,0.002091,-2.610735,0.135062,3.832205,-2.951996,0.000562,0.002295,-2.605799
66.3400,0.119281,3.834823,-3.806233,0.000626,0.002082,-2.598172,0.135199,3.832281,-2.951978,0.000592,0.002117,-2.590780
66.3900,0.119389,3.834887,-3.806240,0.000635,0.002074,-2.585610,0.135288,3.832335,-2.952036,0.000555,0.002120,-2.580799
66.4400,0.119495,3.834952,-3.806246,0.000644,0.002066,-2.573048,0.135419,3.832416,-2.952080,0.000587,0.001945,-2.565437
66.4920,0.119598,3.835018,-3.806253,0.000652,0.002058,-2.560487,0.135504,3.832469,-2.952086,0.000658,0.002073,-2.555533
66.5400,0.119700,3.835084,-3.806259,0.000660,0.002051,-2.547927,0.135629,3.832552,-2.952113,0.000733,0.001945,-2.540288
66.5900,0.119800,3.835151,-3.806266,0.000668,0.002044,-2.535367,0.135709,3.832611,-2.952183,0.000600,0.002140,-2.530369
66.6420,0.119899,3.835218,-3.806272,0.000677,0.002037,-2.522808,0.135833,3.832692,-2.952157,0.000587,0.002158,-2.515385
66.6920,0.119995,3.835287,-3.806279,0.000685,0.002030,-2.510249,0.135911,3.832749,-2.952215,0.000763,0.001927,-2.505197
66.7400,0.120089,3.835355,-3.806285,0.000693,0.002024,-2.497691,0.136024,3.832836,-2.952263,0.000700,0.002176,-2.490018
66.7900,0.120182,3.835424,-3.806291,0.000700,0.002018,-2.485133,0.136105,3.832892,-2.952258,0.000702,0.001997,-2.480115
66.8400,0.120273,3.835494,-3.806297,0.000708,0.002012,-2.472577,0.136217,3.832981,-2.952289,0.000767,0.001993,-2.465138
66.8900,0.120361,3.835564,-3.806303,0.000716,0.002006,-2.460020,0.136319,3.833055,-2.952313,0.000999,0.001968,-2.451302
66.9400,0.120449,3.835634,-3.806309,0.000724,0.002000,-2.447464,0.136402,3.833123,-2.952325,0.000676,0.002053,-2.439997
66.9900,0.120534,3.835705,-3.806315,0.000731,0.001995,-2.434909,0.136473,3.833182,-2.952381,0.000862,0.001976,-2.429691
67.0400,0.120617,3.835776,-3.806321,0.000739,0.001990,-2.422354,0.136578,3.833270,-2.952373,0.000884,0.001983,-2.414683
67.0900,0.120699,3.835847,-3.806327,0.000746,0.001984,-2.409800,0.136645,3.833330,-2.952416,0.000730,0.001869,-2.404860
67.1400,0.120779,3.835919,-3.806333,0.000753,0.001979,-2.397247,0.136745,3.833423,-2.952451,0.000765,0.002113,-2.389910
67.1900,0.120857,3.835991,-3.806339,0.000761,0.001974,-2.384694,0.136814,3.833483,-2.952463,0.000934,0.001959,-2.378974
67.2400,0.120934,3.836064,-3.806344,0.000768,0.001970,-2.372141,0.136907,3.833573,-2.952481,0.000903,0.002090,-2.364455
67.2900,0.121009,3.836136,-3.806350,0.000775,0.001965,-2.359589,0.136969,3.833638,-2.952536,0.000736,0.001864,-2.354697
67.3400,0.121082,3.836209,-3.806356,0.000782,0.001960,-2.347037,0.137061,3.833726,-2.952521,0.000789,0.002071,-2.339449
67.3900,0.121153,3.836282,-3.806361,0.000789,0.001956,-2.334486,0.137119,3.833786,-2.952564,0.000696,0.001858,-2.329376
67.4400,0.121223,3.836355,-3.806367,0.000796,0.001952,-2.321936,0.137205,3.833877,-2.952604,0.000794,0.001921,-2.314385
67.4900,0.121291,3.836428,-3.806372,0.000803,0.001947,-2.309386,0.137263,3.833937,-2.952603,0.000909,0.001795,-2.304304
67.5400,0.121358,3.836501,-3.806378,0.000809,0.001943,-2.296836,0.137346,3.834032,-2.952626,0.000923,0.001908,-2.289299
67.5900,0.121422,3.836575,-3.806383,0.000816,0.001939,-2.284287,0.137399,3.834096,-2.952681,0.000818,0.001773,-2.279278
67.6400,0.121486,3.836648,-3.806388,0.000823,0.001935,-2.271739,0.137477,3.834184,-2.952659,0.000864,0.001913,-2.264279
67.6900,0.121547,3.836722,-3.806394,0.000829,0.001931,-2.259191,0.137527,3.834246,-2.952702,0.000805,0.001873,-2.254292
67.7420,0.121607,3.836796,-3.806399,0.000836,0.001927,-2.246643,0.137600,3.834339,-2.952746,0.000560,0.001801,-2.239094
67.7900,0.121666,3.836869,-3.806404,0.000842,0.001923,-2.234096,0.137648,3.834400,-2.952734,0.000648,0.001947,-2.228994
67.8400,0.121723,3.836943,-3.806409,0.000848,0.001919,-2.221550,0.137719,3.834492,-2.952761,0.000811,0.001926,-2.214058
67.8920,0.121778,3.837016,-3.806414,0.000855,0.001915,-2.209003,0.137764,3.834552,-2.952816,0.000972,0.001791,-2.203923
67.9400,0.121832,3.837090,-3.806419,0.000861,0.001911,-2.196458,0.137835,3.834644,-2.952787,0.000933,0.001980,-2.188853
67.9900,0.121885,3.837163,-3.806424,0.000867,0.001908,-2.183912,0.137878,3.834707,-2.952830,0.000759,0.001797,-2.178886
68.0400,0.121936,3.837237,-3.806429,0.000873,0.001904,-2.171368,0.137940,3.834803,-2.952879,0.000862,0.001979,-2.163832
68.0900,0.121985,3.837310,-3.806434,0.000880,0.001900,-2.158823,0.137983,3.834857,-2.952856,0.000915,0.001951,-2.153634
68.1400,0.122033,3.837383,-3.806439,0.000886,0.001897,-2.146279,0.138041,3.834948,-2.952887,0.000696,0.001922,-2.138850
68.1900,0.122080,3.837456,-3.806443,0.000892,0.001893,-2.133736,0.138090,3.835024,-2.952893,0.000928,0.001860,-2.126217
68.2400,0.122125,3.837529,-3.806448,0.000898,0.001889,-2.121193,0.138138,3.835102,-2.952906,0.000697,0.001733,-2.113621
68.2900,0.122169,3.837601,-3.806453,0.000904,0.001886,-2.108650,0.138176,3.835166,-2.952949,0.001023,0.001765,-2.103588
68.3400,0.122212,3.837674,-3.806457,0.000909,0.001882,-2.096108,0.138230,3.835256,-2.952937,0.000943,0.001917,-2.088624
68.3900,0.122253,3.837746,-3.806462,0.000915,0.001878,-2.083566,0.138264,3.835316,-2.952968,0.000865,0.001929,-2.078455
68.4400,0.122293,3.837818,-3.806466,0.000921,0.001875,-2.071025,0.138312,3.835409,-2.953003,0.001081,0.001922,-2.063342
68.4900,0.122331,3.837890,-3.806471,0.000927,0.001871,-2.058484,0.138348,3.835469,-2.952998,0.000795,0.001723,-2.053550
68.5400,0.122368,3.837961,-3.806475,0.000933,0.001868,-2.045943,0.138396,3.835561,-2.953016,0.000922,0.001944,-2.038302
68.5900,0.122404,3.838033,-3.806480,0.000938,0.001864,-2.033403,0.138425,3.835622,-2.953060,0.000755,0.001893,-2.028597
68.6400,0.122439,3.838104,-3.806484,0.000944,0.001861,-2.020863,0.138470,3.835711,-2.953041,0.000921,0.001886,-2.013210
68.6900,0.122472,3.838174,-3.806488,0.000949,0.001857,-2.008324,0.138498,3.835769,-2.953072,0.000886,0.001854,-2.003386
68.7400,0.122504,3.838245,-3.806493,0.000955,0.001854,-1.995785,0.138538,3.835855,-2.953112,0.000944,0.001832,-1.988407
68.7900,0.122535,3.838315,-3.806497,0.000961,0.001850,-1.983247,0.138565,3.835917,-2.953097,0.001029,0.001945,-1.978093
68.8400,0.122564,3.838385,-3.806501,0.000966,0.001847,-1.970708,0.138600,3.836005,-2.953119,0.000988,0.001800,-1.963322
68.8900,0.122593,3.838454,-3.806505,0.000971,0.001843,-1.958171,0.138621,3.836065,-2.953163,0.001089,0.001707,-1.953161
68.9400,0.122620,3.838523,-3.806509,0.000977,0.001840,-1.945633,0.138658,3.836150,-2.953138,0.000919,0.001940,-1.938032
68.9900,0.122646,3.838592,-3.806513,0.000982,0.001836,-1.933096,0.138679,3.836208,-2.953170,0.001013,0.001770,-1.928137
69.0400,0.122671,3.838660,-3.806517,0.000988,0.001833,-1.920559,0.138707,3.836296,-2.953215,0.001057,0.001856,-1.913090
69.0900,0.122695,3.838728,-3.806521,0.000993,0.001830,-1.908023,0.138732,3.836353,-2.953188,0.001026,0.001895,-1.902923
69.1400,0.122718,3.838796,-3.806525,0.000998,0.001826,-1.895487,0.138761,3.836441,-2.953215,0.000924,0.001980,-1.888015
69.1900,0.122739,3.838863,-3.806529,0.001003,0.001823,-1.882952,0.138781,3.836497,-2.953260,0.000815,0.001781,-1.877992
69.2400,0.122760,3.838930,-3.806533,0.001009,0.001819,-1.870416,0.138805,3.836583,-2.953228,0.001120,0.001798,-1.862841
69.2900,0.122779,3.838996,-3.806537,0.001014,0.001816,-1.857881,0.138820,3.836640,-2.953261,0.001146,0.001812,-1.852840
69.3400,0.122798,3.839062,-3.806540,0.001019,0.001812,-1.845347,0.138844,3.836727,-2.953253,0.001101,0.001767,-1.837304
69.3900,0.122815,3.839127,-3.806544,0.001024,0.001809,-1.832813,0.138858,3.836780,-2.953274,0.001106,0.001858,-1.827679
69.4400,0.122831,3.839192,-3.806548,0.001029,0.001805,-1.820279,0.138879,3.836862,-2.953306,0.000952,0.001794,-1.812769
69.4900,0.122847,3.839257,-3.806551,0.001034,0.001802,-1.807745,0.138895,3.836924,-2.953299,0.001018,0.001752,-1.801211
69.5400,0.122861,3.839321,-3.806555,0.001039,0.001798,-1.795212,0.138912,3.836997,-2.953313,0.001079,0.001870,-1.787546
69.5900,0.122875,3.839384,-3.806559,0.001044,0.001794,-1.782679,0.138922,3.837051,-2.953347,0.001025,0.001795,-1.777485
69.6400,0.122887,3.839447,-3.806562,0.001049,0.001791,-1.770147,0.138938,3.837130,-2.953332,0.001039,0.001822,-1.762558
69.6900,0.122899,3.839510,-3.806566,0.001054,0.001787,-1.757614,0.138948,3.837183,-2.953355,0.001051,0.001656,-1.752488
69.7400,0.122909,3.839572,-3.806569,0.001059,0.001784,-1.745082,0.138960,3.837264,-2.953391,0.000967,0.001699,-1.737493
69.7900,0.122919,3.839634,-3.806573,0.001064,0.001780,-1.732551,0.138971,3.837315,-2.953374,0.000972,0.001689,-1.727568
69.8400,0.122928,3.839695,-3.806576,0.001068,0.001777,-1.720020,0.138983,3.837395,-2.953392,0.001061,0.001832,-1.712416
69.8900,0.122936,3.839755,-3.806579,0.001073,0.001773,-1.707489,0.138991,3.837448,-2.953428,0.001108,0.001812,-1.702444
69.9400,0.122943,3.839815,-3.806583,0.001078,0.001770,-1.694958,0.139033,3.837521,-2.953400,0.001067,0.001812,-1.687610
69.9900,0.122956,3.839873,-3.806584,0.001092,0.001769,-1.682825,0.139065,3.837567,-2.953421,0.001129,0.001831,-1.678603
70.0400,0.123026,3.839925,-3.806603,0.001153,0.001768,-1.673546,0.139187,3.837626,-2.953478,0.001079,0.001801,-1.669283
70.0900,0.123137,3.839974,-3.806626,0.001229,0.001755,-1.667049,0.140477,3.837539,-2.953488,0.001024,0.001864,-1.664730
70.1400,0.123233,3.840027,-3.806635,0.001271,0.001721,-1.661801,0.141495,3.837516,-2.953529,0.001723,0.002008,-1.659113
70.1900,0.123310,3.840082,-3.806631,0.001280,0.001686,-1.657562,0.142157,3.837502,-2.953568,0.001328,0.001631,-1.656291
70.2400,0.123376,3.840138,-3.806621,0.001274,0.001654,-1.654357,0.142986,3.837511,-2.953508,0.001182,0.001686,-1.652878
70.2900,0.123436,3.840193,-3.806609,0.001258,0.001625,-1.651999,0.143570,3.837510,-2.953521,0.001333,0.001588,-1.651179
70.3400,0.123485,3.840250,-3.806596,0.001231,0.001595,-1.650247,0.144432,3.837513,-2.953545,0.001037,0.001599,-1.649572
70.3900,0.123525,3.840307,-3.806585,0.001195,0.001566,-1.648960,0.143960,3.837601,-2.953506,0.001087,0.001513,-1.648606
70.4400,0.123556,3.840365,-3.806575,0.001152,0.001538,-1.648055,0.144128,3.837660,-2.953519,0.001017,0.001413,-1.647624
70.4900,0.123581,3.840424,-3.806566,0.001105,0.001510,-1.647455,0.144560,3.837693,-2.953510,0.001128,0.001429,-1.647318
70.5400,0.123600,3.840483,-3.806560,0.001056,0.001483,-1.647090,0.144890,3.837724,-2.953511,0.001059,0.001456,-1.646950
70.5900,0.123615,3.840543,-3.806554,0.001005,0.001457,-1.646909,0.145173,3.837751,-2.953545,0.000800,0.001375,-1.646848
70.6400,0.123626,3.840603,-3.806551,0.000954,0.001431,-1.646872,0.145391,3.837807,-2.953525,0.001056,0.001218,-1.647031
70.6900,0.123633,3.840663,-3.806548,0.000903,0.001406,-1.646949,0.145544,3.837845,-2.953553,0.000761,0.001470,-1.646999
70.7400,0.123639,3.840724,-3.806547,0.000853,0.001383,-1.647113,0.145772,3.837903,-2.953579,0.000764,0.001384,-1.647157
70.7920,0.123642,3.840783,-3.806546,0.000804,0.001360,-1.647347,0.145779,3.837954,-2.953580,0.000750,0.001389,-1.647454
70.8400,0.123645,3.840843,-3.806546,0.000757,0.001338,-1.647633,0.145854,3.838017,-2.953591,0.000614,0.001213,-1.647880
70.8900,0.123646,3.840902,-3.806547,0.000711,0.001316,-1.647959,0.145907,3.838061,-2.953641,0.000817,0.001319,-1.648128
70.9400,0.123646,3.840961,-3.806548,0.000668,0.001296,-1.648317,0.145992,3.838055,-2.953709,0.000821,0.001286,-1.648410
70.9900,0.123628,3.840776,-3.806555,0.000625,0.001180,-1.648783,0.146013,3.837595,-2.953813,0.000589,0.001040,-1.648883
71.0400,0.123453,3.838577,-3.806632,0.000569,0.000797,-1.649484,0.145794,3.833776,-2.954040,0.000509,0.000520,-1.649976
71.0900,0.122979,3.832762,-3.806803,0.000485,0.000179,-1.650276,0.145214,3.827099,-2.954386,0.000443,-0.000009,-1.650670
71.1400,0.122189,3.823182,-3.807041,0.000384,-0.000550,-1.651084,0.144096,3.813577,-2.954845,0.000437,-0.001042,-1.651536
71.1900,0.121146,3.810627,-3.807304,0.000276,-0.001258,-1.651873,0.143154,3.802381,-2.955302,0.000298,-0.001555,-1.652260
71.2420,0.119939,3.796185,-3.807547,0.000164,-0.001890,-1.652600,0.141606,3.784833,-2.955308,0.000023,-0.002079,-1.653119
71.2900,0.118657,3.780819,-3.807740,0.000059,-0.002415,-1.653264,0.140513,3.772309,-2.955566,-0.000153,-0.002499,-1.653433
71.3400,0.117359,3.765202,-3.807877,-0.000031,-0.002814,-1.653876,0.138859,3.753377,-2.955607,-0.000069,-0.003118,-1.654113
71.3900,0.116063,3.749652,-3.807961,-0.000104,-0.003092,-1.654473,0.137896,3.741169,-2.955847,-0.000055,-0.003163,-1.654784
71.4400,0.114773,3.734213,-3.808001,-0.000163,-0.003263,-1.655043,0.136332,3.722725,-2.955822,-0.000205,-0.003322,-1.655240
71.4900,0.113489,3.718890,-3.808008,-0.000208,-0.003347,-1.655573,0.135287,3.710516,-2.956027,-0.000222,-0.003178,-1.655796
71.5400,0.112207,3.703662,-3.807989,-0.000241,-0.003362,-1.656081,0.133758,3.692294,-2.955942,-0.000224,-0.003451,-1.656408
71.5900,0.110927,3.688508,-3.807953,-0.000261,-0.003325,-1.656566,0.132720,3.680204,-2.956121,-0.000199,-0.003298,-1.656833
71.6400,0.109642,3.673397,-3.807905,-0.000271,-0.003246,-1.657021,0.131147,3.662111,-2.956058,-0.000229,-0.003160,-1.657259
71.6900,0.108351,3.658303,-3.807850,-0.000273,-0.003135,-1.657455,0.130139,3.650010,-2.956205,-0.000321,-0.003166,-1.657668
71.7400,0.107052,3.643209,-3.807791,-0.000266,-0.002999,-1.657874,0.128565,3.631899,-2.956155,-0.000376,-0.002943,-1.658208
71.7900,0.105744,3.628105,-3.807731,-0.000251,-0.002845,-1.658282,0.127245,3.616794,-2.956242,-0.000094,-0.002754,-1.658525
71.8400,0.104427,3.612991,-3.807671,-0.000231,-0.002677,-1.658679,0.125908,3.601680,-2.956172,-0.000263,-0.002585,-1.658974
71.8900,0.103103,3.597868,-3.807612,-0.000205,-0.002499,-1.659065,0.124829,3.589583,-2.956302,-0.000113,-0.002372,-1.658979
71.9400,0.101772,3.582740,-3.807555,-0.000176,-0.002315,-1.659443,0.123223,3.571431,-2.956208,-0.000068,-0.002270,-1.659773
71.9900,0.100433,3.567610,-3.807501,-0.000143,-0.002126,-1.659814,0.122140,3.559329,-2.956314,-0.000174,-0.002108,-1.659910
72.0400,0.099089,3.552480,-3.807449,-0.000107,-0.001936,-1.660179,0.120502,3.541177,-2.956280,-0.000335,-0.002001,-1.660126
72.0900,0.097738,3.537352,-3.807400,-0.000071,-0.001745,-1.660537,0.119427,3.529072,-2.956334,-0.000090,-0.001641,-1.660698
72.1400,0.096381,3.522227,-3.807354,-0.000033,-0.001557,-1.660891,0.117784,3.510924,-2.956297,0.000096,-0.001576,-1.661177
72.1900,0.095019,3.507104,-3.807311,0.000005,-0.001371,-1.661239,0.116680,3.498828,-2.956388,0.000017,-0.001351,-1.661436
72.2400,0.093651,3.491985,-3.807272,0.000043,-0.001189,-1.661583,0.115040,3.480683,-2.956322,-0.000184,-0.000946,-1.661806
72.2900,0.092278,3.476868,-3.807236,0.000080,-0.001011,-1.661922,0.113933,3.468589,-2.956388,0.000118,-0.001143,-1.661979
72.3400,0.090899,3.461754,-3.807203,0.000115,-0.000839,-1.662258,0.112260,3.450453,-2.956395,0.000417,-0.000634,-1.662445
72.3900,0.089515,3.446642,-3.807173,0.000149,-0.000672,-1.662589,0.111165,3.438363,-2.956390,0.000170,-0.000494,-1.662669
72.4400,0.088126,3.431533,-3.807147,0.000182,-0.000511,-1.662918,0.109487,3.420232,-2.956384,0.000254,-0.000421,-1.663041
72.4920,0.086732,3.416425,-3.807123,0.000212,-0.000356,-1.663243,0.108362,3.408148,-2.956435,0.000389,-0.000266,-1.663160
72.5400,0.085333,3.401320,-3.807102,0.000240,-0.000207,-1.663564,0.106688,3.390019,-2.956384,0.000184,-0.000076,-1.663689
72.5900,0.083929,3.386217,-3.807084,0.000266,-0.000064,-1.663883,0.105559,3.377936,-2.956412,0.000316,0.000148,-1.663945
72.6400,0.082520,3.371117,-3.807069,0.000290,0.000072,-1.664198,0.103853,3.359815,-2.956445,0.000305,0.000173,-1.664367
72.6900,0.081107,3.356018,-3.807056,0.000311,0.000203,-1.664511,0.102736,3.347737,-2.956392,0.000369,0.000142,-1.664616
72.7400,0.079688,3.340922,-3.807045,0.000331,0.000328,-1.664821,0.101024,3.329624,-2.956408,0.000488,0.000305,-1.665041
72.7900,0.078265,3.325828,-3.807037,0.000348,0.000447,-1.665127,0.099873,3.317553,-2.956428,0.000356,0.000554,-1.665189
72.8400,0.076838,3.310736,-3.807031,0.000362,0.000560,-1.665431,0.098169,3.299438,-2.956383,0.000323,0.000457,-1.665654
72.8900,0.075406,3.295646,-3.807027,0.000375,0.000668,-1.665733,0.097016,3.287370,-2.956385,0.000190,0.000821,-1.665851
72.9400,0.073969,3.280558,-3.807025,0.000386,0.000770,-1.666031,0.095228,3.268661,-2.956381,0.000408,0.001024,-1.666156
72.9900,0.072528,3.265472,-3.807024,0.000395,0.000868,-1.666327,0.094126,3.257195,-2.956370,0.000444,0.000829,-1.666380
73.0400,0.071083,3.250389,-3.807026,0.000402,0.000960,-1.666620,0.092377,3.239094,-2.956411,0.000362,0.000904,-1.666572
73.0920,0.069633,3.235307,-3.807029,0.000408,0.001048,-1.666911,0.091045,3.225218,-2.956360,0.000490,0.001245,-1.667318
73.1400,0.068179,3.220227,-3.807034,0.000412,0.001132,-1.667199,0.089464,3.208932,-2.956384,0.000343,0.001120,-1.667323
73.1920,0.066721,3.205150,-3.807040,0.000414,0.001210,-1.667484,0.088288,3.196869,-2.956374,0.000243,0.001099,-1.667469
73.2400,0.065259,3.190074,-3.807048,0.000415,0.001285,-1.667767,0.086530,3.178776,-2.956367,0.000441,0.001470,-1.668018
73.2900,0.063792,3.175001,-3.807057,0.000415,0.001356,-1.668047,0.085349,3.166716,-2.956344,0.000453,0.001420,-1.668222
73.3400,0.062321,3.159929,-3.807067,0.000414,0.001423,-1.668324,0.083567,3.148627,-2.956397,0.000427,0.001478,-1.668554
73.3900,0.060846,3.144859,-3.807079,0.000412,0.001486,-1.668599,0.082392,3.136571,-2.956324,0.000482,0.001660,-1.668459
73.4400,0.059367,3.129791,-3.807091,0.000409,0.001546,-1.668872,0.080610,3.118488,-2.956360,0.000394,0.001476,-1.668908
73.4900,0.057884,3.114725,-3.807105,0.000406,0.001602,-1.669142,0.079413,3.106435,-2.956341,0.000494,0.001775,-1.669187
73.5400,0.056397,3.099661,-3.807120,0.000401,0.001655,-1.669409,0.077634,3.088359,-2.956339,0.000558,0.001596,-1.669470
73.5900,0.054907,3.084598,-3.807136,0.000396,0.001706,-1.669675,0.076435,3.076309,-2.956309,0.000479,0.001620,-1.669741
73.6400,0.053412,3.069538,-3.807152,0.000391,0.001753,-1.669937,0.074626,3.058234,-2.956371,0.000235,0.001701,-1.670008
73.6900,0.051913,3.054479,-3.807170,0.000385,0.001798,-1.670197,0.073437,3.046188,-2.956285,0.000332,0.001885,-1.670324
73.7400,0.050411,3.039422,-3.807188,0.000378,0.001840,-1.670455,0.071625,3.028120,-2.956329,0.000299,0.001833,-1.670644
73.7900,0.048904,3.024367,-3.807208,0.000372,0.001879,-1.670710,0.070412,3.016076,-2.956310,0.000293,0.001645,-1.670823
73.8400,0.047394,3.009313,-3.807228,0.000365,0.001916,-1.670963,0.068603,2.998011,-2.956301,0.000310,0.002134,-1.671226
73.8900,0.045880,2.994261,-3.807248,0.000358,0.001951,-1.671213,0.067387,2.985969,-2.956272,0.000438,0.002064,-1.671290
73.9400,0.044362,2.979211,-3.807269,0.000351,0.001984,-1.671461,0.065554,2.967907,-2.956343,0.000441,0.001920,-1.671537
73.9900,0.042841,2.964163,-3.807291,0.000343,0.002015,-1.671707,0.064350,2.955870,-2.956247,0.000161,0.002178,-1.671695
74.0400,0.041316,2.949116,-3.807314,0.000336,0.002044,-1.671950,0.062518,2.937814,-2.956299,0.000237,0.002120,-1.672112
74.0900,0.039788,2.934071,-3.807337,0.000329,0.002071,-1.672191,0.060865,2.921565,-2.956244,0.000300,0.002018,-1.672435
74.1400,0.038256,2.919027,-3.807361,0.000321,0.002097,-1.672430,0.059450,2.907725,-2.956276,0.000292,0.002225,-1.672588
74.1900,0.036720,2.903985,-3.807385,0.000314,0.002120,-1.672666,0.058216,2.895691,-2.956251,0.000301,0.001897,-1.672860
74.2400,0.035181,2.888945,-3.807409,0.000307,0.002143,-1.672900,0.056364,2.877642,-2.956267,0.000374,0.002117,-1.672840
74.2900,0.033638,2.873906,-3.807434,0.000300,0.002163,-1.673132,0.055125,2.865612,-2.956231,0.000294,0.002228,-1.673184
74.3420,0.032092,2.858869,-3.807460,0.000293,0.002183,-1.673361,0.053254,2.847568,-2.956295,0.000306,0.002167,-1.673537
74.3900,0.030543,2.843834,-3.807485,0.000286,0.002201,-1.673588,0.051956,2.834938,-2.956227,0.000220,0.002151,-1.673870
74.4400,0.028990,2.828799,-3.807512,0.000279,0.002218,-1.673813,0.050148,2.817500,-2.956270,0.000263,0.002346,-1.674018
74.4900,0.027434,2.813767,-3.807538,0.000272,0.002234,-1.674036,0.048896,2.805475,-2.956251,0.000297,0.002393,-1.674170
74.5400,0.025874,2.798736,-3.807565,0.000266,0.002248,-1.674257,0.047023,2.787439,-2.956264,0.000139,0.002261,-1.674577
74.5900,0.024311,2.783706,-3.807592,0.000260,0.002262,-1.674475,0.045769,2.775416,-2.956233,0.000177,0.002258,-1.674539
74.6400,0.022745,2.768678,-3.807620,0.000254,0.002274,-1.674692,0.043882,2.757385,-2.956301,0.000292,0.002253,-1.674829
74.6900,0.021176,2.753651,-3.807647,0.000248,0.002286,-1.674906,0.042631,2.745363,-2.956228,0.000287,0.002273,-1.674949
74.7400,0.019604,2.738626,-3.807675,0.000242,0.002297,-1.675118,0.040736,2.727334,-2.956279,0.000254,0.002291,-1.675280
74.7900,0.018028,2.723602,-3.807704,0.000237,0.002307,-1.675328,0.039470,2.715316,-2.956264,0.000028,0.002502,-1.675376
74.8400,0.016449,2.708580,-3.807732,0.000232,0.002316,-1.675535,0.037575,2.697290,-2.956272,0.000209,0.002390,-1.675479
74.8900,0.014868,2.693559,-3.807761,0.000227,0.002324,-1.675741,0.036307,2.685274,-2.956248,0.000337,0.002434,-1.675843
74.9400,0.013283,2.678539,-3.807790,0.000222,0.002332,-1.675945,0.034395,2.667250,-2.956324,0.000212,0.002295,-1.676101
74.9900,0.011695,2.663521,-3.807819,0.000217,0.002339,-1.676146,0.033133,2.655238,-2.956246,0.000280,0.002500,-1.676124
75.0400,0.010104,2.648504,-3.807848,0.000213,0.002345,-1.676346,0.031217,2.637219,-2.956303,0.000144,0.002277,-1.676384
75.0900,0.008511,2.633488,-3.807878,0.000209,0.002351,-1.676544,0.029935,2.625208,-2.956296,0.000085,0.002333,-1.676573
75.1400,0.006914,2.618474,-3.807907,0.000205,0.002357,-1.676739,0.028021,2.607190,-2.956299,0.000333,0.002545,-1.676808
75.1900,0.005314,2.603461,-3.807937,0.000201,0.002361,-1.676933,0.026735,2.595178,-2.956283,0.000147,0.002326,-1.677058
75.2400,0.003712,2.588449,-3.807967,0.000197,0.002366,-1.677125,0.024801,2.577163,-2.956364,0.000095,0.002172,-1.677190
75.2900,0.002107,2.573438,-3.807997,0.000194,0.002370,-1.677315,0.023527,2.565159,-2.956283,0.000377,0.002332,-1.677628
75.3400,0.000499,2.558429,-3.808027,0.000190,0.002373,-1.677502,0.021593,2.547150,-2.956345,0.000217,0.002321,-1.677349
75.3900,-0.001112,2.543421,-3.808057,0.000187,0.002376,-1.677688,0.019982,2.532142,-2.956302,0.000172,0.002442,-1.677842
75.4400,-0.002726,2.528415,-3.808087,0.000184,0.002379,-1.677872,0.018364,2.517136,-2.956342,0.000245,0.002497,-1.678015
75.4900,-0.004342,2.513409,-3.808118,0.000181,0.002381,-1.678055,0.017066,2.505131,-2.956334,0.000193,0.002488,-1.678087
75.5400,-0.005961,2.498405,-3.808148,0.000179,0.002383,-1.678235,0.015121,2.487127,-2.956355,0.000093,0.002314,-1.678155
75.5900,-0.007583,2.483402,-3.808179,0.000176,0.002385,-1.678414,0.013822,2.475126,-2.956337,0.000105,0.002395,-1.678416
75.6400,-0.009207,2.468400,-3.808210,0.000174,0.002386,-1.678591,0.011865,2.457126,-2.956404,0.000237,0.002344,-1.678859
75.6900,-0.010834,2.453400,-3.808241,0.000172,0.002388,-1.678765,0.010565,2.445124,-2.956351,0.000340,0.002390,-1.678963
75.7400,-0.012463,2.438400,-3.808272,0.000169,0.002388,-1.678939,0.008600,2.427126,-2.956401,0.000127,0.002371,-1.679015
75.7920,-0.014095,2.423402,-3.808302,0.000167,0.002389,-1.679110,0.007289,2.415130,-2.956400,0.000031,0.002456,-1.679190
75.8400,-0.015730,2.408405,-3.808333,0.000165,0.002390,-1.679280,0.005326,2.397135,-2.956414,0.000292,0.002342,-1.679444
75.8900,-0.017367,2.393409,-3.808365,0.000164,0.002390,-1.679448,0.004012,2.385140,-2.956404,0.000253,0.002304,-1.679333
75.9400,-0.019006,2.378414,-3.808396,0.000162,0.002390,-1.679614,0.002033,2.367151,-2.956476,0.000220,0.002482,-1.679785
75.9900,-0.020648,2.363420,-3.808427,0.000160,0.002390,-1.679779,0.000727,2.355154,-2.956421,0.000198,0.002368,-1.679772
76.0400,-0.022292,2.348427,-3.808458,0.000159,0.002389,-1.679942,-0.001250,2.337165,-2.956475,0.000162,0.002320,-1.679974
76.0900,-0.023939,2.333436,-3.808489,0.000158,0.002389,-1.680103,-0.002574,2.325175,-2.956481,0.000233,0.002539,-1.680222
76.1400,-0.025588,2.318445,-3.808521,0.000156,0.002388,-1.680262,-0.004550,2.307185,-2.956489,0.000176,0.002520,-1.680464
76.1900,-0.027239,2.303456,-3.808552,0.000155,0.002388,-1.680420,-0.005876,2.295194,-2.956488,-0.000047,0.002556,-1.680497
76.2400,-0.028893,2.288467,-3.808583,0.000154,0.002387,-1.680577,-0.007866,2.277206,-2.956565,0.000073,0.002423,-1.680797
76.2900,-0.030549,2.273480,-3.808615,0.000153,0.002386,-1.680732,-0.009188,2.265216,-2.956507,0.000137,0.002501,-1.680792
76.3400,-0.032207,2.258494,-3.808646,0.000152,0.002385,-1.680885,-0.011180,2.247230,-2.956567,0.000125,0.002341,-1.681022
76.3900,-0.033868,2.243508,-3.808678,0.000151,0.002384,-1.681036,-0.012513,2.235241,-2.956580,0.000164,0.002298,-1.681081
76.5640,-0.040532,2.183577,-3.808804,0.000148,0.002378,-1.681628,-0.017907,2.186701,-2.956610,-0.000022,0.002489,-1.681457
76.6140,-0.042203,2.168597,-3.808835,0.000148,0.002377,-1.681772,-0.019178,2.175314,-2.956605,0.000078,0.002346,-1.681537
76.6640,-0.043877,2.153618,-3.808867,0.000147,0.002375,-1.681914,-0.021187,2.157335,-2.956671,0.000244,0.002365,-1.681789
76.7140,-0.045552,2.138639,-3.808899,0.000147,0.002374,-1.682055,-0.022725,2.143555,-2.956643,0.000240,0.002307,-1.682111
76.7660,-0.047230,2.123662,-3.808930,0.000146,0.002372,-1.682195,-0.024538,2.127379,-2.956686,0.000271,0.002322,-1.681988
76.8140,-0.048910,2.108686,-3.808962,0.000146,0.002370,-1.682333,-0.025886,2.115398,-2.956696,0.000220,0.002227,-1.682282
76.8640,-0.050591,2.093710,-3.808994,0.000145,0.002368,-1.682470,-0.027902,2.097422,-2.956711,0.000281,0.002483,-1.682427
76.9140,-0.052275,2.078735,-3.809025,0.000145,0.002367,-1.682605,-0.029251,2.085442,-2.956712,0.000151,0.002383,-1.682606
76.9640,-0.053961,2.063762,-3.809057,0.000145,0.002365,-1.682739,-0.031281,2.067475,-2.956782,0.000140,0.002399,-1.682524
77.0140,-0.055648,2.048789,-3.809089,0.000145,0.002363,-1.682872,-0.032625,2.055496,-2.956745,0.000100,0.002323,-1.682840
77.0640,-0.057338,2.033817,-3.809121,0.000144,0.002361,-1.683003,-0.034654,2.037530,-2.956797,0.000034,0.002495,-1.682850
77.1140,-0.059029,2.018846,-3.809152,0.000144,0.002359,-1.683133,-0.036008,2.025553,-2.956814,0.000066,0.002357,-1.682914
77.1640,-0.060722,2.003876,-3.809184,0.000144,0.002357,-1.683262,-0.038032,2.007590,-2.956827,0.000219,0.002262,-1.683221
77.2140,-0.062417,1.988906,-3.809216,0.000144,0.002355,-1.683389,-0.039390,1.995615,-2.956835,0.000163,0.002380,-1.683393
77.2640,-0.064114,1.973938,-3.809248,0.000144,0.002353,-1.683515,-0.041433,1.977652,-2.956910,0.000119,0.002290,-1.683554
77.3140,-0.065813,1.958970,-3.809279,0.000144,0.002351,-1.683640,-0.042786,1.965678,-2.956869,0.000171,0.002156,-1.683431
77.3640,-0.067514,1.944004,-3.809311,0.000143,0.002349,-1.683763,-0.044829,1.947719,-2.956924,0.000025,0.002251,-1.683881
77.4140,-0.069216,1.929038,-3.809343,0.000143,0.002348,-1.683886,-0.046194,1.935749,-2.956946,0.000146,0.002369,-1.683969
77.4640,-0.070920,1.914073,-3.809375,0.000143,0.002346,-1.684006,-0.048234,1.917787,-2.956953,0.000105,0.002307,-1.684258
77.5140,-0.072626,1.899109,-3.809407,0.000143,0.002344,-1.684126,-0.049602,1.905816,-2.956966,0.000078,0.002386,-1.684010
77.5640,-0.074334,1.884145,-3.809438,0.000143,0.002342,-1.684245,-0.051653,1.887859,-2.957045,0.000217,0.002358,-1.684189
77.6140,-0.076043,1.869182,-3.809470,0.000143,0.002340,-1.684362,-0.053016,1.875889,-2.956998,0.000089,0.002373,-1.684196
77.6640,-0.077754,1.854221,-3.809502,0.000143,0.002338,-1.684478,-0.055069,1.857935,-2.957060,0.000041,0.002439,-1.684371
77.7140,-0.079467,1.839260,-3.809534,0.000143,0.002336,-1.684593,-0.056919,1.841778,-2.957053,0.000139,0.002494,-1.684428
77.7660,-0.081182,1.824299,-3.809566,0.000144,0.002334,-1.684706,-0.058499,1.828013,-2.957090,0.000106,0.002531,-1.684632
77.8140,-0.082898,1.809340,-3.809597,0.000144,0.002332,-1.684819,-0.059872,1.816042,-2.957111,0.000103,0.002482,-1.684623
77.8640,-0.084615,1.794381,-3.809629,0.000144,0.002330,-1.684930,-0.061930,1.798092,-2.957135,0.000019,0.002328,-1.684917
77.9140,-0.086335,1.779423,-3.809661,0.000144,0.002328,-1.685040,-0.063306,1.786126,-2.957143,0.000185,0.002321,-1.685093
77.9640,-0.088055,1.764466,-3.809693,0.000144,0.002326,-1.685149,-0.065374,1.768178,-2.957209,0.000068,0.002135,-1.685076
78.0140,-0.089778,1.749509,-3.809725,0.000144,0.002324,-1.685257,-0.066817,1.755612,-2.957187,0.000281,0.002240,-1.685039
78.0640,-0.091502,1.734553,-3.809757,0.000144,0.002322,-1.685364,-0.068818,1.738264,-2.957235,0.000187,0.002197,-1.685378
78.1140,-0.093227,1.719598,-3.809788,0.000144,0.002320,-1.685470,-0.070201,1.726301,-2.957257,0.000076,0.002332,-1.685306
78.1640,-0.094954,1.704644,-3.809820,0.000144,0.002318,-1.685575,-0.072272,1.708356,-2.957275,0.000165,0.002364,-1.685544
78.2140,-0.096683,1.689690,-3.809852,0.000144,0.002316,-1.685678,-0.073657,1.696392,-2.957289,0.000094,0.002177,-1.685702
78.2640,-0.098413,1.674737,-3.809884,0.000145,0.002314,-1.685781,-0.075739,1.678448,-2.957361,0.000166,0.002414,-1.685778
78.3140,-0.100144,1.659785,-3.809916,0.000145,0.002313,-1.685882,-0.077120,1.666488,-2.957333,0.000265,0.002220,-1.685668
78.3640,-0.101877,1.644834,-3.809948,0.000145,0.002311,-1.685983,-0.079202,1.648547,-2.957386,0.000071,0.002267,-1.686025
78.4160,-0.103612,1.629883,-3.809980,0.000145,0.002309,-1.686082,-0.080591,1.636589,-2.957415,0.000112,0.002592,-1.686103
78.4640,-0.105348,1.614933,-3.810011,0.000145,0.002307,-1.686180,-0.082673,1.618648,-2.957426,0.000301,0.002352,-1.686109
78.5160,-0.107085,1.599983,-3.810043,0.000145,0.002305,-1.686278,-0.084064,1.606687,-2.957445,0.000125,0.002510,-1.686223
78.5640,-0.108823,1.585034,-3.810075,0.000145,0.002303,-1.686374,-0.086153,1.588748,-2.957521,0.000079,0.002305,-1.686163
78.6140,-0.110563,1.570086,-3.810107,0.000146,0.002302,-1.686469,-0.087540,1.576787,-2.957488,0.000280,0.002341,-1.686357
78.6640,-0.112305,1.555139,-3.810139,0.000146,0.002300,-1.686564,-0.089633,1.558847,-2.957546,0.000367,0.002298,-1.686425
78.7140,-0.114047,1.540192,-3.810171,0.000146,0.002298,-1.686657,-0.091032,1.546888,-2.957579,0.000228,0.002413,-1.686643
78.7640,-0.115792,1.525245,-3.810202,0.000146,0.002296,-1.686750,-0.093119,1.528954,-2.957583,0.000304,0.002313,-1.686681
78.8140,-0.117537,1.510300,-3.810234,0.000146,0.002295,-1.686841,-0.094519,1.516999,-2.957607,0.000156,0.002213,-1.686728
78.8640,-0.119284,1.495355,-3.810266,0.000147,0.002293,-1.686932,-0.096623,1.499067,-2.957688,0.000213,0.002338,-1.686905
78.9160,-0.121032,1.480410,-3.810298,0.000147,0.002291,-1.687022,-0.098012,1.487110,-2.957647,0.000027,0.002393,-1.687087
78.9640,-0.122781,1.465467,-3.810330,0.000147,0.002290,-1.687110,-0.100111,1.469174,-2.957712,0.000144,0.002238,-1.686965
79.0140,-0.124531,1.450524,-3.810362,0.000147,0.002288,-1.687198,-0.101860,1.454230,-2.957706,0.000111,0.002172,-1.687300
79.0640,-0.126283,1.435581,-3.810393,0.000147,0.002286,-1.687285,-0.103615,1.439287,-2.957746,0.000264,0.002248,-1.687172
79.1140,-0.128036,1.420639,-3.810425,0.000147,0.002285,-1.687371,-0.105020,1.427334,-2.957774,0.000101,0.002481,-1.687475
79.1660,-0.129790,1.405698,-3.810457,0.000148,0.002283,-1.687456,-0.107123,1.409405,-2.957796,0.000119,0.002297,-1.687268
79.2140,-0.131546,1.390757,-3.810489,0.000148,0.002281,-1.687540,-0.108527,1.397453,-2.957813,0.000147,0.002275,-1.687316
79.2640,-0.133303,1.375817,-3.810521,0.000148,0.002280,-1.687624,-0.110636,1.379526,-2.957880,0.000182,0.002198,-1.687616
79.3140,-0.135060,1.360877,-3.810553,0.000148,0.002278,-1.687706,-0.112041,1.367572,-2.957862,0.000115,0.002229,-1.687727
79.3640,-0.136819,1.345938,-3.810585,0.000148,0.002277,-1.687788,-0.114153,1.349647,-2.957911,0.000167,0.002463,-1.687778
79.4140,-0.138580,1.330999,-3.810616,0.000148,0.002275,-1.687869,-0.115564,1.337697,-2.957946,0.000123,0.002303,-1.687854
79.4640,-0.140341,1.316061,-3.810648,0.000149,0.002273,-1.687949,-0.117676,1.319773,-2.957961,0.000157,0.002271,-1.688079
79.5140,-0.142103,1.301124,-3.810680,0.000149,0.002272,-1.688028,-0.119088,1.307823,-2.957983,-0.000035,0.002263,-1.688040
79.5640,-0.143867,1.286187,-3.810712,0.000149,0.002270,-1.688107,-0.121204,1.289898,-2.958056,-0.000024,0.002418,-1.688115
79.6140,-0.145632,1.271251,-3.810744,0.000149,0.002269,-1.688184,-0.122616,1.277951,-2.958033,0.000157,0.002338,-1.688063
79.6640,-0.147398,1.256315,-3.810776,0.000149,0.002267,-1.688261,-0.124738,1.260027,-2.958089,0.000226,0.002447,-1.688046
79.7140,-0.149165,1.241380,-3.810807,0.000150,0.002266,-1.688337,-0.126152,1.248078,-2.958125,0.000197,0.002238,-1.688114
79.7640,-0.150933,1.226445,-3.810839,0.000150,0.002265,-1.688412,-0.128272,1.230156,-2.958134,0.000002,0.002419,-1.688302
79.8160,-0.152702,1.211511,-3.810871,0.000150,0.002263,-1.688487,-0.129688,1.218207,-2.958160,0.000187,0.002252,-1.688222
79.8640,-0.154472,1.196577,-3.810903,0.000150,0.002262,-1.688560,-0.131813,1.200284,-2.958237,0.000133,0.002317,-1.688500
79.9140,-0.156243,1.181644,-3.810935,0.000150,0.002260,-1.688633,-0.133224,1.188337,-2.958205,0.000078,0.002246,-1.688378
79.9640,-0.158015,1.166711,-3.810967,0.000150,0.002259,-1.688705,-0.135346,1.170417,-2.958266,0.000289,0.002454,-1.688489
80.0140,-0.159788,1.151779,-3.810999,0.000151,0.002257,-1.688777,-0.136762,1.158469,-2.958308,0.000118,0.002249,-1.688661
80.0640,-0.161562,1.136847,-3.811030,0.000151,0.002256,-1.688847,-0.138887,1.140551,-2.958310,0.000091,0.002265,-1.688944
80.1140,-0.163338,1.121916,-3.811062,0.000151,0.002255,-1.688917,-0.140307,1.128605,-2.958340,0.000257,0.002451,-1.688874
80.1640,-0.165114,1.106985,-3.811094,0.000151,0.002253,-1.688987,-0.142507,1.110089,-2.958366,0.000211,0.002254,-1.688804
80.2140,-0.166891,1.092055,-3.811126,0.000151,0.002252,-1.689055,-0.143859,1.098742,-2.958383,0.000139,0.002120,-1.689128
80.2640,-0.168669,1.077125,-3.811158,0.000151,0.002251,-1.689123,-0.145996,1.080828,-2.958448,0.000359,0.002082,-1.689087
80.3140,-0.170448,1.062196,-3.811190,0.000152,0.002249,-1.689190,-0.147631,1.067092,-2.958443,0.000204,0.002185,-1.689248
80.3640,-0.172228,1.047267,-3.811221,0.000152,0.002248,-1.689257,-0.149555,1.050969,-2.958486,0.000277,0.002309,-1.689213
80.4140,-0.174009,1.032338,-3.811253,0.000152,0.002247,-1.689322,-0.150981,1.039028,-2.958520,0.000359,0.002283,-1.689174
80.4640,-0.175791,1.017410,-3.811285,0.000152,0.002246,-1.689388,-0.153115,1.021114,-2.958539,0.000136,0.002263,-1.689286
80.5140,-0.177574,1.002483,-3.811317,0.000152,0.002244,-1.689452,-0.154542,1.009172,-2.958562,0.000055,0.002367,-1.689348
80.5640,-0.179358,0.987556,-3.811349,0.000152,0.002243,-1.689516,-0.156682,0.991258,-2.958633,0.000298,0.002235,-1.689438
80.6140,-0.181143,0.972629,-3.811381,0.000153,0.002242,-1.689579,-0.158107,0.979318,-2.958618,0.000247,0.002317,-1.689612
80.6640,-0.182928,0.957703,-3.811412,0.000153,0.002241,-1.689641,-0.160252,0.961404,-2.958673,0.000120,0.002313,-1.689558
80.7140,-0.184715,0.942777,-3.811444,0.000153,0.002239,-1.689703,-0.161683,0.949460,-2.958710,0.000201,0.002349,-1.689834
80.7640,-0.186502,0.927852,-3.811476,0.000153,0.002238,-1.689764,-0.163826,0.931551,-2.958723,0.000321,0.002255,-1.689727
80.8160,-0.188290,0.912927,-3.811508,0.000153,0.002237,-1.689825,-0.165257,0.919610,-2.958749,0.000215,0.002208,-1.689748
80.8640,-0.190079,0.898002,-3.811540,0.000153,0.002236,-1.689885,-0.167408,0.901699,-2.958823,0.000050,0.002229,-1.689773
80.9140,-0.191869,0.883078,-3.811572,0.000153,0.002235,-1.689944,-0.168835,0.889760,-2.958800,0.000111,0.002284,-1.689779
80.9660,-0.193660,0.868155,-3.811603,0.000154,0.002234,-1.690003,-0.170983,0.871850,-2.958858,0.000306,0.002266,-1.689894
81.0160,-0.195451,0.853231,-3.811635,0.000154,0.002232,-1.690061,-0.172418,0.859910,-2.958899,0.000241,0.002455,-1.690152
81.0640,-0.197243,0.838308,-3.811667,0.000154,0.002231,-1.690119,-0.174565,0.842005,-2.958907,0.000198,0.002208,-1.690137
81.1140,-0.199037,0.823386,-3.811699,0.000154,0.002230,-1.690175,-0.176000,0.830066,-2.958937,0.000158,0.002272,-1.690123
81.1640,-0.200830,0.808464,-3.811731,0.000154,0.002229,-1.690232,-0.178152,0.812156,-2.959018,0.000092,0.002219,-1.690252
81.2140,-0.202625,0.793542,-3.811763,0.000154,0.002228,-1.690288,-0.179587,0.800222,-2.958986,0.000140,0.002128,-1.690276
81.2640,-0.204421,0.778621,-3.811794,0.000154,0.002227,-1.690343,-0.181743,0.782317,-2.959048,0.000160,0.002267,-1.690457
81.3140,-0.206217,0.763700,-3.811826,0.000155,0.002226,-1.690397,-0.183684,0.766206,-2.959057,-0.000024,0.002449,-1.690270
81.3640,-0.208014,0.748779,-3.811858,0.000155,0.002225,-1.690451,-0.185337,0.752478,-2.959095,0.000053,0.002190,-1.690412
81.4140,-0.209812,0.733859,-3.811890,0.000155,0.002224,-1.690505,-0.186779,0.740541,-2.959128,0.000361,0.002363,-1.690512
81.4640,-0.211610,0.718940,-3.811922,0.000155,0.002223,-1.690558,-0.188936,0.722637,-2.959152,0.000085,0.002313,-1.690737
81.5160,-0.213410,0.704020,-3.811954,0.000155,0.002222,-1.690610,-0.190377,0.710701,-2.959175,0.000206,0.002229,-1.690668
81.5640,-0.215210,0.689101,-3.811985,0.000155,0.002221,-1.690662,-0.192542,0.692799,-2.959241,0.000239,0.001970,-1.690661
81.6140,-0.217010,0.674182,-3.812017,0.000155,0.002220,-1.690714,-0.194053,0.680265,-2.959232,0.000129,0.002283,-1.690695
81.6640,-0.218812,0.659264,-3.812049,0.000155,0.002219,-1.690764,-0.196142,0.662959,-2.959281,0.000311,0.002171,-1.690845
81.7140,-0.220614,0.644346,-3.812081,0.000156,0.002218,-1.690815,-0.197584,0.651024,-2.959317,0.000317,0.002191,-1.690921
81.7640,-0.222417,0.629428,-3.812113,0.000156,0.002217,-1.690864,-0.199747,0.633122,-2.959333,0.000161,0.002057,-1.690775
81.8140,-0.224220,0.614511,-3.812145,0.000156,0.002216,-1.690914,-0.201190,0.621189,-2.959359,0.000024,0.002059,-1.690644
81.8660,-0.226025,0.599594,-3.812176,0.000156,0.002215,-1.690962,-0.203352,0.603291,-2.959429,0.000031,0.002242,-1.690976
81.9140,-0.227830,0.584678,-3.812208,0.000156,0.002214,-1.691011,-0.204799,0.591355,-2.959412,0.000146,0.002183,-1.691032
81.9640,-0.229635,0.569761,-3.812240,0.000156,0.002213,-1.691058,-0.206968,0.573457,-2.959466,0.000270,0.002338,-1.691017
82.0140,-0.231442,0.554845,-3.812272,0.000156,0.002212,-1.691106,-0.208416,0.561524,-2.959508,0.000221,0.001984,-1.691024
82.0640,-0.233249,0.539930,-3.812304,0.000156,0.002211,-1.691153,-0.210579,0.543625,-2.959517,0.000314,0.002329,-1.691175
82.1160,-0.235056,0.525014,-3.812336,0.000157,0.002210,-1.691199,-0.212028,0.531692,-2.959547,0.000090,0.002147,-1.691124
82.1640,-0.236864,0.510099,-3.812367,0.000157,0.002209,-1.691245,-0.214201,0.513795,-2.959622,0.000141,0.002172,-1.691136
82.2140,-0.238673,0.495185,-3.812399,0.000157,0.002208,-1.691290,-0.215643,0.501861,-2.959598,0.000057,0.002196,-1.691251
82.2640,-0.240483,0.480270,-3.812431,0.000157,0.002208,-1.691335,-0.217814,0.483964,-2.959657,-0.000120,0.002222,-1.691463
82.3140,-0.242293,0.465356,-3.812463,0.000157,0.002207,-1.691379,-0.219263,0.472032,-2.959702,0.000025,0.002409,-1.691308
82.3640,-0.244104,0.450443,-3.812495,0.000157,0.002206,-1.691423,-0.221437,0.454139,-2.959707,0.000048,0.002215,-1.691353
82.4140,-0.245915,0.435529,-3.812527,0.000157,0.002205,-1.691467,-0.222883,0.442207,-2.959740,0.000295,0.002233,-1.691414
82.4640,-0.247727,0.420616,-3.812558,0.000157,0.002204,-1.691510,-0.225059,0.424310,-2.959823,0.000140,0.002220,-1.691560
82.5140,-0.249539,0.405703,-3.812590,0.000157,0.002203,-1.691553,-0.226506,0.412382,-2.959790,0.000163,0.002228,-1.691620
82.5640,-0.251353,0.390791,-3.812622,0.000158,0.002203,-1.691595,-0.228680,0.394487,-2.959855,0.000095,0.002089,-1.691661
82.6140,-0.253166,0.375879,-3.812654,0.000158,0.002202,-1.691637,-0.230493,0.379573,-2.959858,0.000247,0.002097,-1.691586
82.6640,-0.254981,0.360967,-3.812686,0.000158,0.002201,-1.691678,-0.232308,0.364662,-2.959896,0.000203,0.002219,-1.691653
82.7140,-0.256795,0.346055,-3.812718,0.000158,0.002200,-1.691719,-0.233761,0.352735,-2.959933,0.000133,0.002330,-1.691831
82.7640,-0.258611,0.331144,-3.812749,0.000158,0.002199,-1.691759,-0.235939,0.334842,-2.959955,-0.000192,0.001994,-1.691815
82.8140,-0.260427,0.316233,-3.812781,0.000158,0.002199,-1.691799,-0.237390,0.322915,-2.959979,0.000230,0.002244,-1.691780
82.8640,-0.262244,0.301322,-3.812813,0.000158,0.002198,-1.691839,-0.239567,0.305025,-2.960046,0.000195,0.002227,-1.691812
82.9140,-0.264061,0.286412,-3.812845,0.000158,0.002197,-1.691878,-0.241020,0.293095,-2.960037,0.000179,0.002155,-1.692014
82.9640,-0.265855,0.271689,-3.812862,0.000159,0.002307,-1.691917,-0.243201,0.275211,-2.960083,0.000121,0.002180,-1.691819
83.0140,-0.267424,0.258770,-3.812835,0.000176,0.002727,-1.691961,-0.244612,0.263629,-2.960098,0.000077,0.002498,-1.692064
83.0640,-0.268556,0.249345,-3.812735,0.000226,0.003427,-1.692044,-0.246118,0.250577,-2.959410,0.000250,0.003214,-1.692046
83.1140,-0.269222,0.243655,-3.812563,0.000308,0.004274,-1.692194,-0.246797,0.244559,-2.958983,0.000153,0.003708,-1.692115
83.1640,-0.269518,0.240967,-3.812339,0.000421,0.005159,-1.692386,-0.247278,0.239834,-2.958347,0.000429,0.004840,-1.692254
83.2140,-0.269580,0.240234,-3.812090,0.000548,0.005995,-1.692578,-0.247478,0.238206,-2.958311,0.000562,0.005390,-1.692492
83.2640,-0.269530,0.240510,-3.811856,0.000673,0.006699,-1.692746,-0.247446,0.238200,-2.958058,0.000513,0.006395,-1.692796
83.3140,-0.269450,0.241119,-3.811662,0.000785,0.007239,-1.692894,-0.247353,0.238859,-2.957735,0.000735,0.006960,-1.692653
83.3640,-0.269369,0.241742,-3.811517,0.000880,0.007615,-1.693037,-0.247300,0.239287,-2.957748,0.000805,0.007500,-1.692955
83.4140,-0.269297,0.242316,-3.811415,0.000954,0.007848,-1.693154,-0.247240,0.239757,-2.957541,0.000940,0.007613,-1.693038
83.4640,-0.269241,0.242800,-3.811349,0.001008,0.007968,-1.693240,-0.247165,0.240387,-2.957649,0.000968,0.007873,-1.693205
83.5140,-0.269201,0.243189,-3.811311,0.001041,0.008002,-1.693310,-0.247143,0.240730,-2.957241,0.001209,0.008091,-1.693220
83.5640,-0.269174,0.243503,-3.811292,0.001057,0.007968,-1.693370,-0.247118,0.241135,-2.957276,0.000898,0.008191,-1.693266
83.6140,-0.269153,0.243770,-3.811288,0.001057,0.007880,-1.693423,-0.247109,0.241349,-2.957081,0.000947,0.007794,-1.693303
83.6640,-0.269134,0.244013,-3.811293,0.001044,0.007753,-1.693468,-0.247089,0.241665,-2.957059,0.001043,0.007831,-1.693472
83.7140,-0.269116,0.244247,-3.811304,0.001019,0.007594,-1.693508,-0.247080,0.241849,-2.956875,0.001060,0.007871,-1.693395
83.7640,-0.269099,0.244479,-3.811318,0.000983,0.007413,-1.693544,-0.247073,0.242130,-2.956927,0.001055,0.007330,-1.693570
83.8140,-0.269082,0.244711,-3.811334,0.000940,0.007214,-1.693576,-0.247069,0.242302,-2.956769,0.001054,0.007442,-1.693652
83.8660,-0.269064,0.244945,-3.811351,0.000891,0.007003,-1.693603,-0.247063,0.242575,-2.956864,0.000820,0.007217,-1.693543
83.9140,-0.269044,0.245179,-3.811368,0.000836,0.006784,-1.693628,-0.247049,0.242793,-2.956678,0.000795,0.007100,-1.693694
83.9660,-0.269016,0.245425,-3.811389,0.000764,0.006542,-1.693194,-0.247032,0.243046,-2.956716,0.000903,0.006653,-1.693474
84.0140,-0.269009,0.245704,-3.811443,0.000652,0.006271,-1.689886,-0.247011,0.243248,-2.956613,0.000759,0.006371,-1.692344
84.0640,-0.269041,0.245996,-3.811513,0.000521,0.005993,-1.683821,-0.253084,0.244328,-2.956671,0.000578,0.006089,-1.686469
84.1160,-0.269077,0.246276,-3.811575,0.000396,0.005701,-1.676485,-0.256456,0.244945,-2.956620,0.000435,0.005842,-1.680980
84.1640,-0.269107,0.246539,-3.811626,0.000297,0.005425,-1.668260,-0.261518,0.245816,-2.956726,0.000272,0.005521,-1.671722
84.2140,-0.269137,0.246788,-3.811668,0.000219,0.005170,-1.659106,-0.260375,0.245893,-2.956620,0.000283,0.005257,-1.664889
84.2640,-0.269166,0.247026,-3.811702,0.000158,0.004934,-1.649137,-0.261491,0.246291,-2.956655,-0.000005,0.005037,-1.653234
84.3140,-0.269191,0.247254,-3.811729,0.000119,0.004717,-1.638582,-0.262235,0.246540,-2.956632,0.000032,0.004754,-1.644888
84.3640,-0.269209,0.247474,-3.811752,0.000100,0.004515,-1.627598,-0.262617,0.246841,-2.956618,-0.000144,0.004646,-1.632030
84.4140,-0.269221,0.247688,-3.811771,0.000097,0.004328,-1.616271,-0.263006,0.247043,-2.956602,0.000178,0.004467,-1.622855
84.4640,-0.269229,0.247897,-3.811787,0.000105,0.004154,-1.604664,-0.263587,0.247333,-2.956639,0.000012,0.004075,-1.609412
84.5140,-0.269235,0.248103,-3.811801,0.000120,0.003993,-1.592838,-0.263434,0.247491,-2.956600,0.000018,0.004310,-1.600077
84.5640,-0.269239,0.248305,-3.811812,0.000140,0.003845,-1.580845,-0.263608,0.247743,-2.956625,0.000021,0.003934,-1.585684
84.6140,-0.269242,0.248504,-3.811823,0.000162,0.003708,-1.568722,-0.263725,0.247905,-2.956655,0.000053,0.003809,-1.576091
84.6640,-0.269246,0.248701,-3.811832,0.000186,0.003581,-1.556497,-0.263778,0.248154,-2.956625,0.000290,0.003640,-1.561437
84.7140,-0.269251,0.248895,-3.811841,0.000209,0.003464,-1.544191,-0.263848,0.248314,-2.956653,0.000190,0.003572,-1.551487
84.7640,-0.269256,0.249086,-3.811849,0.000232,0.003356,-1.531823,-0.263957,0.248547,-2.956695,0.000240,0.003397,-1.536727
84.8140,-0.269264,0.249275,-3.811856,0.000254,0.003256,-1.519407,-0.263897,0.248704,-2.956680,0.000208,0.003288,-1.526747
84.8640,-0.269272,0.249461,-3.811863,0.000274,0.003164,-1.506954,-0.263927,0.248932,-2.956710,0.000294,0.003354,-1.511926
84.9140,-0.269283,0.249645,-3.811870,0.000294,0.003079,-1.494472,-0.263987,0.249137,-2.956716,0.000179,0.003025,-1.498255
84.9640,-0.269295,0.249827,-3.811877,0.000312,0.003001,-1.481967,-0.264038,0.249308,-2.956719,0.000289,0.003086,-1.486828
85.0140,-0.269308,0.250006,-3.811883,0.000328,0.002929,-1.469445,-0.264086,0.249456,-2.956769,0.000417,0.002943,-1.477048
85.0640,-0.269324,0.250183,-3.811890,0.000344,0.002862,-1.456909,-0.264123,0.249676,-2.956751,0.000298,0.002861,-1.461967
85.1140,-0.269341,0.250358,-3.811896,0.000358,0.002800,-1.444363,-0.264155,0.249820,-2.956795,0.000303,0.002750,-1.451844
85.1640,-0.269361,0.250531,-3.811903,0.000372,0.002744,-1.431810,-0.264207,0.250036,-2.956820,0.000346,0.002709,-1.436876
85.2140,-0.269382,0.250702,-3.811909,0.000385,0.002691,-1.419250,-0.264218,0.250184,-2.956843,0.000440,0.002688,-1.426271
85.2640,-0.269404,0.250870,-3.811915,0.000397,0.002643,-1.406686,-0.264254,0.250386,-2.956855,0.000344,0.002739,-1.411713
85.3160,-0.269429,0.251037,-3.811922,0.000408,0.002598,-1.394119,-0.264281,0.250520,-2.956924,0.000488,0.002562,-1.401670
85.3640,-0.269455,0.251201,-3.811928,0.000419,0.002557,-1.381549,-0.264311,0.250726,-2.956905,0.000276,0.002545,-1.386549
85.4140,-0.269483,0.251363,-3.811935,0.000429,0.002519,-1.368978,-0.264336,0.250861,-2.956966,0.000448,0.002475,-1.376458
85.4640,-0.269513,0.251523,-3.811941,0.000439,0.002483,-1.356406,-0.264376,0.251063,-2.957002,0.000227,0.002264,-1.361425
85.5140,-0.269545,0.251681,-3.811948,0.000448,0.002450,-1.343833,-0.264399,0.251191,-2.957024,0.000362,0.002644,-1.351285
85.5640,-0.269578,0.251837,-3.811955,0.000457,0.002420,-1.331259,-0.264440,0.251383,-2.957046,0.000458,0.002511,-1.336065
85.6140,-0.269612,0.251991,-3.811962,0.000466,0.002391,-1.318685,-0.264470,0.251509,-2.957124,0.000467,0.002613,-1.326019
85.6640,-0.269649,0.252142,-3.811968,0.000475,0.002365,-1.306112,-0.264510,0.251700,-2.957102,0.000453,0.002572,-1.311159
85.7160,-0.269687,0.252292,-3.811975,0.000484,0.002340,-1.293538,-0.264541,0.251823,-2.957170,0.000343,0.002261,-1.301082
85.7640,-0.269726,0.252440,-3.811982,0.000493,0.002317,-1.280965,-0.264589,0.252006,-2.957214,0.000629,0.002386,-1.286044
85.8160,-0.269767,0.252585,-3.811989,0.000501,0.002296,-1.268392,-0.264618,0.252128,-2.957230,0.000391,0.002378,-1.276002
85.8640,-0.269809,0.252729,-3.811996,0.000510,0.002276,-1.255820,-0.264669,0.252306,-2.957258,0.000387,0.002228,-1.260966
85.9160,-0.269853,0.252870,-3.812002,0.000518,0.002257,-1.243248,-0.264704,0.252422,-2.957341,0.000383,0.002274,-1.250802
85.9640,-0.269897,0.253010,-3.812009,0.000526,0.002239,-1.230677,-0.264758,0.252597,-2.957314,0.000581,0.002435,-1.235717
86.0140,-0.269944,0.253147,-3.812016,0.000535,0.002222,-1.218106,-0.264797,0.252709,-2.957385,0.000418,0.002110,-1.225690
86.0640,-0.269991,0.253282,-3.812023,0.000543,0.002207,-1.205536,-0.264859,0.252874,-2.957436,0.000709,0.002231,-1.210645
86.1140,-0.270040,0.253416,-3.812030,0.000551,0.002192,-1.192967,-0.264893,0.252989,-2.957442,0.000662,0.002107,-1.200362
86.1640,-0.270090,0.253547,-3.812036,0.000560,0.002178,-1.180398,-0.264960,0.253153,-2.957475,0.000398,0.002054,-1.185466
86.2140,-0.270141,0.253676,-3.812043,0.000568,0.002165,-1.167830,-0.265008,0.253289,-2.957510,0.000613,0.002299,-1.172839
86.2640,-0.270194,0.253804,-3.812050,0.000576,0.002153,-1.155262,-0.265062,0.253422,-2.957524,0.000613,0.002267,-1.160251
86.3140,-0.270247,0.253929,-3.812056,0.000584,0.002141,-1.142696,-0.265106,0.253528,-2.957595,0.000481,0.002189,-1.150240
86.3640,-0.270301,0.254052,-3.812063,0.000593,0.002130,-1.130129,-0.265172,0.253685,-2.957584,0.000579,0.002239,-1.135111
86.4140,-0.270357,0.254174,-3.812070,0.000601,0.002120,-1.117564,-0.265216,0.253785,-2.957643,0.000562,0.002137,-1.125096
86.4640,-0.270413,0.254293,-3.812076,0.000609,0.002110,-1.104999,-0.265285,0.253933,-2.957680,0.000695,0.002157,-1.109951
86.5140,-0.270471,0.254410,-3.812083,0.000617,0.002100,-1.092435,-0.265329,0.254035,-2.957703,0.000636,0.002141,-1.100027
86.5640,-0.270529,0.254526,-3.812089,0.000625,0.002091,-1.079871,-0.265402,0.254179,-2.957723,0.000712,0.001940,-1.084823
86.6140,-0.270588,0.254639,-3.812096,0.000633,0.002082,-1.067308,-0.265454,0.254273,-2.957794,0.000805,0.002040,-1.074825
86.6640,-0.270648,0.254751,-3.812102,0.000641,0.002074,-1.054746,-0.265522,0.254416,-2.957778,0.000673,0.002139,-1.059708
86.7140,-0.270709,0.254861,-3.812108,0.000649,0.002066,-1.042184,-0.265572,0.254507,-2.957836,0.000786,0.002056,-1.049858
86.7640,-0.270770,0.254968,-3.812115,0.000657,0.002058,-1.029623,-0.265651,0.254640,-2.957878,0.000689,0.002032,-1.034706
86.8140,-0.270833,0.255074,-3.812121,0.000665,0.002051,-1.017062,-0.265699,0.254731,-2.957889,0.000600,0.001933,-1.024593
86.8640,-0.270896,0.255178,-3.812127,0.000673,0.002044,-1.004502,-0.265779,0.254864,-2.957914,0.000791,0.002075,-1.009257
86.9160,-0.270959,0.255280,-3.812133,0.000681,0.002037,-0.991943,-0.265835,0.254951,-2.957984,0.000661,0.002070,-0.999551
86.9640,-0.271024,0.255380,-3.812139,0.000688,0.002031,-0.979384,-0.265909,0.255077,-2.957961,0.000783,0.002119,-0.984230
87.0140,-0.271089,0.255479,-3.812145,0.000696,0.002024,-0.966826,-0.265961,0.255160,-2.958019,0.000688,0.002065,-0.974211
87.0640,-0.271154,0.255575,-3.812151,0.000704,0.002018,-0.954268,-0.266041,0.255281,-2.958065,0.000533,0.002053,-0.959464
87.1140,-0.271221,0.255670,-3.812157,0.000711,0.002012,-0.941711,-0.266098,0.255362,-2.958064,0.000518,0.002003,-0.949234
87.1640,-0.271287,0.255763,-3.812163,0.000719,0.002006,-0.929155,-0.266182,0.255477,-2.958093,0.000664,0.001922,-0.934253
87.2140,-0.271354,0.255854,-3.812169,0.000726,0.002001,-0.916599,-0.266239,0.255553,-2.958163,0.000711,0.002036,-0.924072
87.2640,-0.271422,0.255943,-3.812175,0.000734,0.001995,-0.904043,-0.266319,0.255667,-2.958133,0.000766,0.002126,-0.909105
87.3140,-0.271490,0.256030,-3.812180,0.000741,0.001990,-0.891488,-0.266375,0.255741,-2.958190,0.000713,0.001814,-0.899081
87.3640,-0.271559,0.256116,-3.812186,0.000748,0.001985,-0.878934,-0.266459,0.255855,-2.958184,0.000935,0.001957,-0.883421
87.4160,-0.271627,0.256200,-3.812192,0.000755,0.001980,-0.866380,-0.266514,0.255922,-2.958227,0.000742,0.001990,-0.873871
87.4640,-0.271697,0.256282,-3.812197,0.000762,0.001975,-0.853827,-0.266604,0.256025,-2.958261,0.000748,0.001794,-0.858908
87.5160,-0.271766,0.256363,-3.812203,0.000770,0.001971,-0.841274,-0.266667,0.256103,-2.958277,0.000698,0.001970,-0.847354
87.5640,-0.271836,0.256441,-3.812208,0.000777,0.001966,-0.828722,-0.266745,0.256194,-2.958292,0.000815,0.001805,-0.833775
87.6140,-0.271906,0.256518,-3.812214,0.000784,0.001961,-0.816171,-0.266804,0.256260,-2.958348,0.000790,0.001995,-0.823585
87.6640,-0.271977,0.256594,-3.812219,0.000790,0.001957,-0.803620,-0.266889,0.256357,-2.958334,0.000728,0.001887,-0.808544
87.7160,-0.272047,0.256667,-3.812224,0.000797,0.001952,-0.791069,-0.266948,0.256420,-2.958378,0.000894,0.001988,-0.798377
87.7640,-0.272118,0.256739,-3.812230,0.000804,0.001948,-0.778519,-0.267040,0.256509,-2.958416,0.000881,0.002008,-0.783729
87.8140,-0.272189,0.256810,-3.812235,0.000811,0.001944,-0.765969,-0.267095,0.256572,-2.958419,0.000798,0.001756,-0.773378
87.8640,-0.272261,0.256879,-3.812240,0.000817,0.001940,-0.753420,-0.267186,0.256661,-2.958440,0.000944,0.001860,-0.758412
87.9140,-0.272332,0.256946,-3.812245,0.000824,0.001936,-0.740871,-0.267248,0.256719,-2.958495,0.000942,0.002093,-0.748305
87.9640,-0.272403,0.257011,-3.812250,0.000831,0.001932,-0.728323,-0.267336,0.256804,-2.958475,0.000779,0.002017,-0.733350
88.0140,-0.272475,0.257075,-3.812255,0.000837,0.001928,-0.715776,-0.267394,0.256858,-2.958518,0.000794,0.002011,-0.723225
88.0640,-0.272547,0.257137,-3.812260,0.000843,0.001924,-0.703228,-0.267481,0.256936,-2.958561,0.000960,0.001856,-0.708247
88.1140,-0.272618,0.257198,-3.812265,0.000850,0.001920,-0.690682,-0.267541,0.256989,-2.958553,0.000713,0.002057,-0.698147
88.1640,-0.272690,0.257257,-3.812270,0.000856,0.001916,-0.678135,-0.267631,0.257064,-2.958577,0.000972,0.001961,-0.683100
88.2140,-0.272762,0.257315,-3.812275,0.000862,0.001912,-0.665590,-0.267691,0.257112,-2.958633,0.000700,0.001737,-0.673000
88.2640,-0.272834,0.257371,-3.812280,0.000869,0.001908,-0.653044,-0.267780,0.257184,-2.958606,0.000892,0.001782,-0.658135
88.3140,-0.272906,0.257426,-3.812284,0.000875,0.001905,-0.640499,-0.267844,0.257230,-2.958649,0.000751,0.001900,-0.647936
88.3660,-0.272977,0.257479,-3.812289,0.000881,0.001901,-0.627955,-0.267941,0.257299,-2.958696,0.000931,0.001829,-0.633085
88.4140,-0.273049,0.257531,-3.812294,0.000887,0.001897,-0.615411,-0.267994,0.257343,-2.958676,0.000924,0.001976,-0.622813
88.4640,-0.273120,0.257581,-3.812298,0.000893,0.001894,-0.602867,-0.268086,0.257407,-2.958705,0.000850,0.001957,-0.607744
88.5160,-0.273192,0.257630,-3.812303,0.000899,0.001890,-0.590324,-0.268165,0.257464,-2.958715,0.000941,0.001755,-0.594313
88.5640,-0.273263,0.257678,-3.812307,0.000905,0.001886,-0.577781,-0.268233,0.257510,-2.958726,0.000800,0.001763,-0.582815
88.6140,-0.273335,0.257724,-3.812312,0.000911,0.001883,-0.565239,-0.268294,0.257550,-2.958769,0.000790,0.001921,-0.572675
88.6640,-0.273406,0.257769,-3.812316,0.000917,0.001879,-0.552697,-0.268383,0.257610,-2.958759,0.000838,0.001788,-0.557697
88.7140,-0.273477,0.257812,-3.812320,0.000923,0.001876,-0.540156,-0.268443,0.257649,-2.958790,0.001026,0.001754,-0.547632
88.7640,-0.273547,0.257854,-3.812325,0.000928,0.001872,-0.527615,-0.268537,0.257703,-2.958824,0.000908,0.001784,-0.532611
88.8140,-0.273618,0.257895,-3.812329,0.000934,0.001869,-0.515074,-0.268595,0.257741,-2.958823,0.000872,0.001772,-0.521940
88.8640,-0.273688,0.257934,-3.812333,0.000940,0.001865,-0.502534,-0.268682,0.257792,-2.958839,0.000789,0.001731,-0.507562
88.9140,-0.273758,0.257972,-3.812337,0.000945,0.001862,-0.489994,-0.268742,0.257828,-2.958882,0.000886,0.001745,-0.497452
88.9640,-0.273828,0.258009,-3.812342,0.000951,0.001858,-0.477455,-0.268830,0.257873,-2.958865,0.001118,0.001715,-0.482484
89.0140,-0.273898,0.258044,-3.812346,0.000957,0.001855,-0.464916,-0.268891,0.257903,-2.958897,0.000816,0.001816,-0.472603
89.0660,-0.273967,0.258078,-3.812350,0.000962,0.001851,-0.452377,-0.268982,0.257946,-2.958935,0.001130,0.001820,-0.457366
89.1160,-0.274036,0.258111,-3.812354,0.000968,0.001848,-0.439839,-0.269038,0.257977,-2.958922,0.000986,0.001906,-0.447227
89.1640,-0.274105,0.258143,-3.812358,0.000973,0.001844,-0.427301,-0.269125,0.258017,-2.958943,0.001099,0.001817,-0.432336
89.2140,-0.274174,0.258174,-3.812362,0.000978,0.001841,-0.414763,-0.269183,0.258041,-2.958987,0.000866,0.001736,-0.422305
89.2640,-0.274242,0.258203,-3.812366,0.000984,0.001837,-0.402226,-0.269270,0.258082,-2.958963,0.000975,0.001871,-0.407222
89.3140,-0.274310,0.258231,-3.812369,0.000989,0.001834,-0.389689,-0.269327,0.258107,-2.958995,0.001100,0.001856,-0.397105
89.3640,-0.274377,0.258258,-3.812373,0.000994,0.001830,-0.377153,-0.269414,0.258139,-2.959038,0.000909,0.001783,-0.382253
89.4140,-0.274445,0.258284,-3.812377,0.001000,0.001827,-0.364617,-0.269469,0.258166,-2.959015,0.001023,0.001782,-0.372127
89.4640,-0.274511,0.258309,-3.812381,0.001005,0.001823,-0.352081,-0.269557,0.258198,-2.959041,0.000896,0.001886,-0.356999
89.5140,-0.274578,0.258333,-3.812384,0.001010,0.001820,-0.339546,-0.269615,0.258220,-2.959085,0.000902,0.001814,-0.347111
89.5640,-0.274644,0.258355,-3.812388,0.001015,0.001816,-0.327011,-0.269698,0.258249,-2.959055,0.001152,0.001854,-0.332160
89.6140,-0.274710,0.258377,-3.812392,0.001021,0.001813,-0.314476,-0.269754,0.258268,-2.959088,0.000953,0.001747,-0.322004
89.6640,-0.274775,0.258397,-3.812395,0.001026,0.001809,-0.301942,-0.269840,0.258293,-2.959136,0.001111,0.001918,-0.307186
89.7140,-0.274840,0.258417,-3.812399,0.001031,0.001806,-0.289408,-0.269891,0.258314,-2.959103,0.000978,0.001929,-0.296876
89.7660,-0.274904,0.258435,-3.812402,0.001036,0.001802,-0.276874,-0.269973,0.258337,-2.959133,0.000960,0.001706,-0.281978
89.8140,-0.274968,0.258453,-3.812406,0.001041,0.001799,-0.264341,-0.270039,0.258357,-2.959129,0.001117,0.001697,-0.269308
89.8640,-0.275032,0.258469,-3.812409,0.001046,0.001795,-0.251808,-0.270108,0.258375,-2.959141,0.001172,0.001767,-0.256784
89.9140,-0.275095,0.258484,-3.812413,0.001051,0.001791,-0.239276,-0.270164,0.258388,-2.959175,0.000933,0.001869,-0.246715
89.9640,-0.275157,0.258499,-3.812416,0.001056,0.001788,-0.226743,-0.270243,0.258407,-2.959162,0.001019,0.001619,-0.231915
90.0140,-0.275220,0.258512,-3.812419,0.001061,0.001784,-0.214211,-0.270297,0.258420,-2.959184,0.001255,0.001884,-0.221594
90.0640,-0.275281,0.258525,-3.812423,0.001066,0.001781,-0.201680,-0.270377,0.258435,-2.959218,0.000837,0.001853,-0.206714
90.1140,-0.275343,0.258537,-3.812426,0.001070,0.001777,-0.189148,-0.270430,0.258445,-2.959205,0.000881,0.001731,-0.196645
90.1660,-0.275403,0.258547,-3.812429,0.001075,0.001774,-0.176617,-0.270509,0.258462,-2.959221,0.001019,0.001832,-0.181545
90.2140,-0.275464,0.258557,-3.812433,0.001080,0.001770,-0.164087,-0.270561,0.258473,-2.959257,0.000868,0.001792,-0.171638
90.2640,-0.275522,0.258573,-3.812434,0.001094,0.001769,-0.151954,-0.270624,0.258556,-2.959229,0.001170,0.001801,-0.156862
90.3140,-0.275565,0.258648,-3.812453,0.001155,0.001769,-0.142626,-0.270665,0.258613,-2.959250,0.001127,0.001740,-0.147799
90.3640,-0.275597,0.258770,-3.812477,0.001234,0.001754,-0.136061,-0.270710,0.258776,-2.959306,0.001251,0.001796,-0.138497
90.4140,-0.275634,0.258880,-3.812487,0.001281,0.001718,-0.130804,-0.270530,0.260258,-2.959323,0.001401,0.001863,-0.133789
90.4640,-0.275677,0.258971,-3.812485,0.001292,0.001682,-0.126568,-0.270424,0.261495,-2.959367,0.001135,0.001442,-0.128152
90.5140,-0.275724,0.259049,-3.812476,0.001285,0.001651,-0.123358,-0.270361,0.262306,-2.959410,0.001024,0.001536,-0.125234
90.5640,-0.275774,0.259116,-3.812465,0.001267,0.001622,-0.120994,-0.270320,0.263208,-2.959350,0.001230,0.001659,-0.122010
90.6140,-0.275827,0.259172,-3.812453,0.001237,0.001594,-0.119239,-0.270286,0.263872,-2.959363,0.001300,0.001591,-0.120299
90.6640,-0.275882,0.259216,-3.812441,0.001198,0.001567,-0.117950,-0.270239,0.264855,-2.959384,0.001279,0.001579,-0.118571
90.7140,-0.275940,0.259251,-3.812431,0.001153,0.001539,-0.117044,-0.270342,0.264416,-2.959349,0.001210,0.001542,-0.117607
90.7640,-0.275999,0.259279,-3.812423,0.001105,0.001513,-0.116443,-0.270393,0.264640,-2.959360,0.001251,0.001531,-0.116584
90.8140,-0.276059,0.259300,-3.812416,0.001054,0.001487,-0.116078,-0.270428,0.264783,-2.959400,0.001172,0.001524,-0.116491
90.8640,-0.276120,0.259316,-3.812411,0.001001,0.001461,-0.115896,-0.270491,0.264878,-2.959356,0.000875,0.001314,-0.116050
90.9140,-0.276181,0.259329,-3.812407,0.000949,0.001436,-0.115860,-0.270531,0.264969,-2.959390,0.001039,0.001564,-0.115940
90.9640,-0.276242,0.259339,-3.812404,0.000898,0.001412,-0.115937,-0.270581,0.265227,-2.959372,0.000820,0.001494,-0.115786
91.0140,-0.276303,0.259347,-3.812403,0.000847,0.001388,-0.116102,-0.270609,0.265382,-2.959399,0.000979,0.001436,-0.116035
91.0640,-0.276364,0.259353,-3.812402,0.000798,0.001366,-0.116336,-0.270651,0.265626,-2.959424,0.000796,0.001398,-0.116447
91.1140,-0.276424,0.259357,-3.812402,0.000750,0.001344,-0.116623,-0.270706,0.265649,-2.959427,0.000608,0.001320,-0.116643
91.1640,-0.276484,0.259360,-3.812403,0.000705,0.001323,-0.116950,-0.270763,0.265727,-2.959436,0.000792,0.001228,-0.116965
91.2140,-0.276544,0.259363,-3.812404,0.000661,0.001302,-0.117309,-0.270805,0.265783,-2.959486,0.000709,0.001253,-0.117149
91.2660,-0.276603,0.259365,-3.812405,0.000619,0.001282,-0.117691,-0.270871,0.265819,-2.959467,0.000487,0.001304,-0.117537
91.3140,-0.276661,0.259366,-3.812407,0.000580,0.001264,-0.118090,-0.270915,0.265849,-2.959507,0.000474,0.001376,-0.117937
91.3660,-0.276720,0.259367,-3.812409,0.000543,0.001245,-0.118503,-0.270978,0.265894,-2.959540,0.000595,0.001251,-0.118440
91.4140,-0.276777,0.259367,-3.812411,0.000508,0.001228,-0.118924,-0.271025,0.265887,-2.959545,0.000390,0.001008,-0.118584
91.4640,-0.276834,0.259367,-3.812414,0.000475,0.001211,-0.119352,-0.271095,0.265900,-2.959561,0.000418,0.001236,-0.119143
91.5140,-0.276891,0.259367,-3.812417,0.000444,0.001195,-0.119783,-0.271141,0.265909,-2.959621,0.000400,0.001003,-0.119400
91.5640,-0.276946,0.259367,-3.812419,0.000415,0.001179,-0.120217,-0.271205,0.265906,-2.959597,0.000527,0.001161,-0.120048
91.6140,-0.277002,0.259366,-3.812422,0.000388,0.001164,-0.120651,-0.271249,0.265909,-2.959647,0.000428,0.001038,-0.120448
91.6640,-0.277057,0.259366,-3.812425,0.000362,0.001150,-0.121085,-0.271315,0.265912,-2.959686,0.000407,0.001211,-0.120865
91.7140,-0.277111,0.259365,-3.812428,0.000337,0.001136,-0.121518,-0.271360,0.265908,-2.959687,0.000407,0.001206,-0.121340
91.7640,-0.277165,0.259364,-3.812431,0.000315,0.001123,-0.121949,-0.271424,0.265906,-2.959709,0.000281,0.001171,-0.121755
91.8140,-0.277218,0.259363,-3.812434,0.000293,0.001110,-0.122377,-0.271467,0.265904,-2.959775,0.000300,0.001067,-0.122209
91.8640,-0.277271,0.259362,-3.812437,0.000274,0.001098,-0.122803,-0.271531,0.265901,-2.959745,0.000411,0.001111,-0.122529
91.9140,-0.277323,0.259361,-3.812440,0.000255,0.001086,-0.123225,-0.271573,0.265897,-2.959800,0.000133,0.001160,-0.123064
91.9640,-0.277375,0.259359,-3.812443,0.000238,0.001075,-0.123644,-0.271635,0.265893,-2.959845,0.000366,0.001165,-0.123435
92.0140,-0.277426,0.259358,-3.812446,0.000223,0.001064,-0.124060,-0.271678,0.265894,-2.959838,0.000282,0.000995,-0.123815
92.0640,-0.277477,0.259357,-3.812449,0.000208,0.001054,-0.124472,-0.271736,0.265891,-2.959866,0.000097,0.001114,-0.124308
92.1160,-0.277527,0.259356,-3.812452,0.000196,0.001043,-0.124880,-0.271774,0.265891,-2.959935,0.000272,0.001086,-0.124586
92.1660,-0.277576,0.259355,-3.812455,0.000184,0.001034,-0.125284,-0.271838,0.265883,-2.959899,0.000172,0.001075,-0.125053
92.2140,-0.277625,0.259354,-3.812458,0.000173,0.001024,-0.125685,-0.271878,0.265879,-2.959957,0.000291,0.000714,-0.125431
92.2640,-0.277674,0.259353,-3.812461,0.000164,0.001016,-0.126081,-0.271937,0.265871,-2.959945,0.000190,0.000976,-0.125930
92.3160,-0.277722,0.259352,-3.812464,0.000155,0.001007,-0.126474,-0.271976,0.265865,-2.959990,0.000350,0.001046,-0.126212
92.3640,-0.277769,0.259350,-3.812467,0.000148,0.000999,-0.126863,-0.272036,0.265854,-2.960022,0.000064,0.001090,-0.126771
92.4140,-0.277816,0.259349,-3.812470,0.000142,0.000991,-0.127248,-0.272076,0.265850,-2.960036,0.000098,0.001095,-0.127161
92.4640,-0.277863,0.259348,-3.812473,0.000136,0.000983,-0.127629,-0.272131,0.265844,-2.960050,-0.000058,0.001123,-0.127530
92.5140,-0.277909,0.259347,-3.812476,0.000131,0.000976,-0.128006,-0.272167,0.265843,-2.960110,0.000092,0.001017,-0.127728
92.5640,-0.277955,0.259346,-3.812479,0.000127,0.000969,-0.128379,-0.272225,0.265835,-2.960091,0.000102,0.001078,-0.128423
92.6140,-0.278000,0.259345,-3.812482,0.000123,0.000963,-0.128749,-0.272261,0.265830,-2.960138,0.000184,0.000851,-0.128306
92.6640,-0.278044,0.259344,-3.812485,0.000121,0.000956,-0.129115,-0.272315,0.265821,-2.960175,-0.000050,0.000895,-0.128920
92.7140,-0.278089,0.259342,-3.812487,0.000118,0.000950,-0.129477,-0.272351,0.265819,-2.960178,0.000090,0.001025,-0.129279
92.7640,-0.278132,0.259341,-3.812490,0.000116,0.000944,-0.129835,-0.272403,0.265814,-2.960197,0.000197,0.000893,-0.129617
92.8140,-0.278176,0.259340,-3.812493,0.000115,0.000939,-0.130190,-0.272440,0.265811,-2.960257,0.000189,0.000984,-0.129979
92.8640,-0.278219,0.259339,-3.812496,0.000113,0.000933,-0.130541,-0.272492,0.265804,-2.960232,0.000105,0.000816,-0.130389
92.9140,-0.278261,0.259338,-3.812498,0.000112,0.000928,-0.130889,-0.272528,0.265801,-2.960280,0.000072,0.000985,-0.130414
92.9640,-0.278303,0.259337,-3.812501,0.000112,0.000923,-0.131233,-0.272580,0.265797,-2.960321,0.000219,0.000795,-0.130920
93.0140,-0.278345,0.259336,-3.812504,0.000111,0.000919,-0.131573,-0.272612,0.265797,-2.960314,0.000133,0.000829,-0.131253
93.0640,-0.278386,0.259334,-3.812506,0.000111,0.000914,-0.131910,-0.272662,0.265796,-2.960338,-0.000062,0.000829,-0.131820
93.1160,-0.278426,0.259333,-3.812509,0.000111,0.000910,-0.132244,-0.272695,0.265796,-2.960399,0.000060,0.000869,-0.132073
93.1640,-0.278467,0.259332,-3.812511,0.000112,0.000906,-0.132574,-0.272744,0.265790,-2.960367,0.000197,0.000842,-0.132588
93.2140,-0.278507,0.259331,-3.812514,0.000112,0.000902,-0.132901,-0.272775,0.265787,-2.960415,0.000141,0.000847,-0.132774
93.2640,-0.278546,0.259330,-3.812517,0.000112,0.000898,-0.133224,-0.272823,0.265783,-2.960461,0.000041,0.000876,-0.133077
93.3140,-0.278585,0.259329,-3.812519,0.000113,0.000894,-0.133544,-0.272854,0.265785,-2.960443,0.000183,0.000880,-0.133490
93.3660,-0.278624,0.259328,-3.812522,0.000114,0.000891,-0.133861,-0.272903,0.265783,-2.960472,0.000143,0.001050,-0.133670
93.4140,-0.278662,0.259327,-3.812524,0.000114,0.000888,-0.134174,-0.272942,0.265777,-2.960483,0.000233,0.000855,-0.134007
93.4640,-0.278700,0.259326,-3.812526,0.000115,0.000885,-0.134484,-0.272980,0.265772,-2.960493,0.000091,0.000863,-0.134267
93.5140,-0.278737,0.259325,-3.812529,0.000116,0.000882,-0.134791,-0.273008,0.265769,-2.960541,0.000150,0.000889,-0.134401
93.5640,-0.278775,0.259324,-3.812531,0.000117,0.000879,-0.135095,-0.273055,0.265761,-2.960527,0.000011,0.000774,-0.135094
93.6140,-0.278811,0.259323,-3.812534,0.000118,0.000876,-0.135396,-0.273086,0.265757,-2.960562,0.000073,0.000867,-0.135162
93.6640,-0.278848,0.259322,-3.812536,0.000118,0.000874,-0.135694,-0.273131,0.265750,-2.960595,0.000161,0.000967,-0.135522
93.7160,-0.278884,0.259321,-3.812538,0.000119,0.000871,-0.135988,-0.273161,0.265748,-2.960595,0.000021,0.000957,-0.135936
93.7640,-0.278919,0.259321,-3.812541,0.000120,0.000869,-0.136280,-0.273203,0.265744,-2.960611,0.000239,0.000886,-0.136250
93.8140,-0.278954,0.259320,-3.812543,0.000121,0.000867,-0.136568,-0.273232,0.265742,-2.960659,0.000067,0.000905,-0.136231
93.8640,-0.278989,0.259319,-3.812545,0.000122,0.000865,-0.136854,-0.273276,0.265737,-2.960638,0.000182,0.000862,-0.136827
93.9160,-0.279024,0.259318,-3.812548,0.000123,0.000863,-0.137137,-0.273304,0.265733,-2.960674,0.000080,0.000833,-0.136895
93.9640,-0.279058,0.259317,-3.812550,0.000124,0.000861,-0.137417,-0.273343,0.265726,-2.960712,0.000113,0.000949,-0.137167
94.0140,-0.279092,0.259316,-3.812552,0.000125,0.000859,-0.137694,-0.273373,0.265727,-2.960701,0.000119,0.000746,-0.137455
94.0640,-0.279125,0.259316,-3.812554,0.000125,0.000857,-0.137968,-0.273413,0.265723,-2.960721,0.000029,0.000858,-0.137946
94.1140,-0.279158,0.259315,-3.812556,0.000126,0.000856,-0.138239,-0.273439,0.265721,-2.960769,0.000197,0.000788,-0.137997
94.1640,-0.279191,0.259314,-3.812558,0.000127,0.000854,-0.138507,-0.273478,0.265718,-2.960741,0.000062,0.000935,-0.138244
94.2140,-0.279224,0.259314,-3.812561,0.000128,0.000853,-0.138773,-0.273503,0.265716,-2.960778,0.000139,0.000752,-0.138629
94.2640,-0.279256,0.259313,-3.812563,0.000129,0.000851,-0.139036,-0.273540,0.265715,-2.960820,-0.000094,0.000957,-0.138922
94.3160,-0.279287,0.259312,-3.812565,0.000129,0.000850,-0.139296,-0.273567,0.265712,-2.960798,0.000219,0.000819,-0.139084
94.3640,-0.279319,0.259312,-3.812567,0.000130,0.000849,-0.139554,-0.273605,0.265712,-2.960823,0.000177,0.000924,-0.139558
94.4140,-0.279350,0.259311,-3.812569,0.000131,0.000848,-0.139809,-0.273630,0.265711,-2.960872,0.000122,0.000912,-0.139577
94.4640,-0.279381,0.259310,-3.812571,0.000132,0.000847,-0.140061,-0.273667,0.265708,-2.960837,0.000047,0.000922,-0.139934
94.5140,-0.279411,0.259310,-3.812573,0.000132,0.000846,-0.140311,-0.273691,0.265707,-2.960874,0.000229,0.000912,-0.140202
94.5640,-0.279441,0.259309,-3.812575,0.000133,0.000845,-0.140558,-0.273729,0.265700,-2.960864,0.000310,0.000971,-0.140469
94.6160,-0.279471,0.259309,-3.812577,0.000134,0.000844,-0.140803,-0.273752,0.265696,-2.960888,0.000235,0.000734,-0.140464
94.6660,-0.279501,0.259308,-3.812579,0.000134,0.000843,-0.141045,-0.273790,0.265690,-2.960918,0.000078,0.000926,-0.140958
94.7140,-0.279530,0.259308,-3.812581,0.000135,0.000842,-0.141284,-0.273818,0.265686,-2.960914,0.000111,0.000802,-0.141295
94.7640,-0.279559,0.259307,-3.812583,0.000135,0.000841,-0.141521,-0.273851,0.265681,-2.960926,0.000145,0.000842,-0.141592
94.8140,-0.279588,0.259307,-3.812585,0.000136,0.000840,-0.141756,-0.273874,0.265678,-2.960964,0.000168,0.000801,-0.141768
94.8640,-0.279616,0.259306,-3.812586,0.000136,0.000840,-0.141988,-0.273907,0.265673,-2.960946,0.000121,0.000899,-0.141908
94.9140,-0.279644,0.259306,-3.812588,0.000137,0.000839,-0.142218,-0.273930,0.265671,-2.960972,0.000097,0.000819,-0.142155
94.9640,-0.279672,0.259305,-3.812590,0.000137,0.000838,-0.142446,-0.273962,0.265666,-2.961006,-0.000044,0.000918,-0.142220
95.0160,-0.279700,0.259305,-3.812592,0.000138,0.000838,-0.142671,-0.273986,0.265664,-2.960991,0.000232,0.000996,-0.142574
95.0640,-0.279727,0.259304,-3.812594,0.000138,0.000837,-0.142894,-0.274018,0.265659,-2.961008,0.000118,0.000806,-0.142937
95.1140,-0.279754,0.259304,-3.812595,0.000139,0.000836,-0.143115,-0.274040,0.265655,-2.961046,0.000180,0.000900,-0.143010
95.1640,-0.279780,0.259303,-3.812597,0.000139,0.000836,-0.143333,-0.274073,0.265653,-2.961022,0.000181,0.000785,-0.143143
95.2140,-0.279807,0.259303,-3.812599,0.000140,0.000835,-0.143549,-0.274096,0.265649,-2.961049,0.000059,0.000726,-0.143509
95.2640,-0.279833,0.259303,-3.812601,0.000140,0.000835,-0.143763,-0.274134,0.265645,-2.961087,0.000201,0.000811,-0.143721
95.3140,-0.279859,0.259302,-3.812602,0.000140,0.000834,-0.143974,-0.274150,0.265646,-2.961063,0.000044,0.000822,-0.143694
95.3640,-0.279884,0.259302,-3.812604,0.000141,0.000834,-0.144184,-0.274182,0.265648,-2.961084,0.000162,0.000819,-0.144071
95.4140,-0.279910,0.259302,-3.812606,0.000141,0.000833,-0.144391,-0.274202,0.265649,-2.961123,-0.000051,0.000963,-0.144483
95.4640,-0.279935,0.259301,-3.812607,0.000141,0.000833,-0.144596,-0.274235,0.265642,-2.961093,0.000186,0.000873,-0.144547
95.5140,-0.279960,0.259301,-3.812609,0.000141,0.000832,-0.144800,-0.274256,0.265640,-2.961120,0.000161,0.000795,-0.144766
95.5640,-0.279984,0.259301,-3.812611,0.000142,0.000832,-0.145001,-0.274285,0.265639,-2.961164,0.000094,0.000815,-0.144731
95.6140,-0.280009,0.259300,-3.812612,0.000142,0.000832,-0.145199,-0.274306,0.265635,-2.961129,0.000059,0.000746,-0.145061
95.6640,-0.280033,0.259300,-3.812614,0.000142,0.000831,-0.145396,-0.274336,0.265633,-2.961155,0.000182,0.000727,-0.145282
95.7140,-0.280056,0.259300,-3.812616,0.000142,0.000831,-0.145591,-0.274362,0.265631,-2.961149,0.000318,0.000891,-0.145507
95.7660,-0.280080,0.259299,-3.812617,0.000143,0.000830,-0.145784,-0.274384,0.265629,-2.961158,0.000009,0.000698,-0.145808
95.8140,-0.280103,0.259299,-3.812619,0.000143,0.000830,-0.145975,-0.274403,0.265627,-2.961186,0.000165,0.000827,-0.145893
95.8640,-0.280126,0.259299,-3.812620,0.000143,0.000830,-0.146164,-0.274430,0.265622,-2.961173,0.000121,0.000725,-0.146094
95.9140,-0.280149,0.259299,-3.812622,0.000143,0.000829,-0.146351,-0.274449,0.265620,-2.961190,0.000115,0.000892,-0.146345
95.9640,-0.280172,0.259299,-3.812623,0.000143,0.000829,-0.146536,-0.274477,0.265615,-2.961220,0.000162,0.000705,-0.146462
96.0140,-0.280194,0.259298,-3.812625,0.000144,0.000829,-0.146719,-0.274494,0.265613,-2.961205,0.000176,0.000793,-0.146696
96.0640,-0.280216,0.259298,-3.812626,0.000144,0.000829,-0.146900,-0.274520,0.265610,-2.961218,0.000128,0.000937,-0.146784
96.1140,-0.280238,0.259298,-3.812628,0.000144,0.000828,-0.147080,-0.274537,0.265609,-2.961248,-0.000014,0.000700,-0.147121
96.1640,-0.280260,0.259298,-3.812629,0.000144,0.000828,-0.147257,-0.274564,0.265605,-2.961228,0.000311,0.000773,-0.147184
96.2140,-0.280282,0.259297,-3.812630,0.000144,0.000828,-0.147433,-0.274583,0.265603,-2.961247,0.000222,0.000833,-0.147380
96.2640,-0.280303,0.259297,-3.812632,0.000145,0.000828,-0.147607,-0.274610,0.265597,-2.961282,0.000077,0.000939,-0.147469
96.3140,-0.280324,0.259297,-3.812633,0.000145,0.000827,-0.147779,-0.274629,0.265597,-2.961257,0.000160,0.000851,-0.147721
96.3640,-0.280345,0.259297,-3.812635,0.000145,0.000827,-0.147949,-0.274653,0.265594,-2.961274,0.000107,0.000868,-0.148010
96.4140,-0.280365,0.259297,-3.812636,0.000145,0.000827,-0.148118,-0.274668,0.265591,-2.961306,-0.000010,0.000911,-0.148087
96.4640,-0.280386,0.259297,-3.812637,0.000145,0.000827,-0.148285,-0.274698,0.265590,-2.961279,0.000260,0.000839,-0.148150
96.5140,-0.280406,0.259297,-3.812639,0.000146,0.000827,-0.148450,-0.274714,0.265588,-2.961299,0.000186,0.000908,-0.148282
96.5640,-0.280426,0.259296,-3.812640,0.000146,0.000826,-0.148614,-0.274740,0.265585,-2.961339,0.000110,0.000854,-0.148455
96.6140,-0.280446,0.259296,-3.812641,0.000146,0.000826,-0.148775,-0.274756,0.265585,-2.961304,0.000114,0.000997,-0.148895
96.6640,-0.280465,0.259296,-3.812643,0.000146,0.000826,-0.148936,-0.274779,0.265585,-2.961327,0.000169,0.000972,-0.148864
96.7140,-0.280485,0.259296,-3.812644,0.000146,0.000826,-0.149094,-0.274793,0.265584,-2.961360,0.000219,0.000920,-0.149150
96.7640,-0.280504,0.259296,-3.812645,0.000147,0.000826,-0.149251,-0.274819,0.265584,-2.961327,0.000297,0.000786,-0.149275
96.8140,-0.280523,0.259296,-3.812646,0.000147,0.000826,-0.149406,-0.274834,0.265581,-2.961348,0.000165,0.001045,-0.149142
96.8640,-0.280542,0.259296,-3.812648,0.000147,0.000825,-0.149560,-0.274855,0.265576,-2.961393,0.000121,0.000649,-0.149430
96.9140,-0.280560,0.259296,-3.812649,0.000147,0.000825,-0.149712,-0.274872,0.265580,-2.961349,0.000255,0.000712,-0.149684
96.9640,-0.280579,0.259295,-3.812650,0.000147,0.000825,-0.149862,-0.274898,0.265581,-2.961376,0.000167,0.000893,-0.149943
97.0140,-0.280597,0.259295,-3.812651,0.000148,0.000825,-0.150011,-0.274917,0.265577,-2.961361,0.000187,0.000792,-0.150023
97.0640,-0.280615,0.259295,-3.812652,0.000148,0.000825,-0.150159,-0.274935,0.265573,-2.961371,-0.000038,0.000748,-0.150134
97.1140,-0.280633,0.259295,-3.812654,0.000148,0.000825,-0.150305,-0.274951,0.265570,-2.961394,0.000040,0.000738,-0.150398
97.1640,-0.280651,0.259295,-3.812655,0.000148,0.000825,-0.150449,-0.274970,0.265566,-2.961378,0.000283,0.000703,-0.150288
97.2140,-0.280668,0.259295,-3.812656,0.000148,0.000825,-0.150592,-0.274986,0.265563,-2.961390,0.000220,0.000714,-0.150244
97.2640,-0.280685,0.259295,-3.812657,0.000149,0.000824,-0.150733,-0.275011,0.265557,-2.961422,0.000003,0.000837,-0.150900
97.3140,-0.280702,0.259295,-3.812658,0.000149,0.000824,-0.150873,-0.275023,0.265558,-2.961398,0.000089,0.000992,-0.150672
97.3640,-0.280719,0.259295,-3.812659,0.000149,0.000824,-0.151012,-0.275041,0.265556,-2.961412,0.000124,0.000735,-0.151010
97.4160,-0.280736,0.259295,-3.812660,0.000149,0.000824,-0.151149,-0.275054,0.265556,-2.961437,0.000167,0.000778,-0.150999
97.4640,-0.280753,0.259295,-3.812661,0.000149,0.000824,-0.151285,-0.275074,0.265553,-2.961415,0.000153,0.000927,-0.151342
97.5140,-0.280769,0.259295,-3.812662,0.000149,0.000824,-0.151419,-0.275088,0.265553,-2.961429,0.000179,0.000960,-0.151428
97.5640,-0.280786,0.259295,-3.812664,0.000150,0.000824,-0.151552,-0.275107,0.265552,-2.961465,0.000193,0.000994,-0.151343
97.6140,-0.280802,0.259295,-3.812665,0.000150,0.000824,-0.151683,-0.275122,0.265551,-2.961432,0.000027,0.000866,-0.151463
97.6640,-0.280818,0.259295,-3.812666,0.000150,0.000824,-0.151814,-0.275140,0.265551,-2.961451,0.000155,0.000922,-0.151999
97.7140,-0.280833,0.259295,-3.812667,0.000150,0.000824,-0.151943,-0.275153,0.265550,-2.961478,0.000092,0.000542,-0.151687
97.7640,-0.280849,0.259295,-3.812668,0.000150,0.000824,-0.152070,-0.275170,0.265550,-2.961449,0.000204,0.000703,-0.152087
97.8140,-0.280865,0.259295,-3.812669,0.000151,0.000824,-0.152196,-0.275181,0.265551,-2.961465,0.000298,0.000868,-0.152146
97.8640,-0.280880,0.259295,-3.812670,0.000151,0.000823,-0.152321,-0.275195,0.265551,-2.961506,0.000141,0.000780,-0.152269
97.9140,-0.280895,0.259295,-3.812671,0.000151,0.000823,-0.152445,-0.275212,0.265549,-2.961464,-0.000086,0.000984,-0.152267
97.9640,-0.280910,0.259295,-3.812672,0.000151,0.000823,-0.152567,-0.275228,0.265549,-2.961487,0.000174,0.000834,-0.152548
98.0160,-0.280925,0.259295,-3.812673,0.000151,0.000823,-0.152688,-0.275238,0.265548,-2.961517,0.000041,0.000908,-0.152614
98.0640,-0.280940,0.259295,-3.812674,0.000151,0.000823,-0.152808,-0.275260,0.265549,-2.961481,0.000245,0.000781,-0.152846
98.1140,-0.280954,0.259295,-3.812675,0.000152,0.000823,-0.152927,-0.275272,0.265548,-2.961499,0.000201,0.000845,-0.152905
98.1640,-0.280968,0.259295,-3.812676,0.000152,0.000823,-0.153044,-0.275290,0.265545,-2.961488,0.000103,0.000896,-0.153043
98.2140,-0.280983,0.259295,-3.812676,0.000152,0.000823,-0.153161,-0.275301,0.265544,-2.961494,0.000194,0.001003,-0.152890
98.2640,-0.280997,0.259295,-3.812677,0.000152,0.000823,-0.153276,-0.275316,0.265541,-2.961522,0.000131,0.000697,-0.153171
98.3140,-0.281011,0.259295,-3.812678,0.000152,0.000823,-0.153389,-0.275329,0.265540,-2.961501,0.000227,0.000975,-0.153226
98.3640,-0.281025,0.259295,-3.812679,0.000152,0.000823,-0.153502,-0.275344,0.265539,-2.961512,0.000164,0.000721,-0.153622
98.4140,-0.281038,0.259295,-3.812680,0.000152,0.000823,-0.153614,-0.275357,0.265539,-2.961532,0.000018,0.000838,-0.153561
98.4640,-0.281052,0.259295,-3.812681,0.000153,0.000823,-0.153724,-0.275370,0.265536,-2.961513,0.000118,0.000828,-0.153730
98.5140,-0.281065,0.259295,-3.812682,0.000153,0.000823,-0.153833,-0.275381,0.265535,-2.961522,0.000064,0.000905,-0.153706
98.5640,-0.281078,0.259295,-3.812683,0.000153,0.000823,-0.153941,-0.275398,0.265537,-2.961555,-0.000094,0.001008,-0.153961
98.6140,-0.281092,0.259295,-3.812684,0.000153,0.000823,-0.154048,-0.275411,0.265532,-2.961524,0.000111,0.000542,-0.154084
98.6640,-0.281105,0.259295,-3.812684,0.000153,0.000823,-0.154154,-0.275430,0.265533,-2.961540,0.000348,0.000863,-0.153915
98.7140,-0.281117,0.259295,-3.812685,0.000153,0.000823,-0.154259,-0.275444,0.265532,-2.961562,0.000232,0.000662,-0.154251
98.7660,-0.281130,0.259295,-3.812686,0.000154,0.000823,-0.154363,-0.275457,0.265532,-2.961538,0.000247,0.000749,-0.154226
98.8140,-0.281143,0.259295,-3.812687,0.000154,0.000823,-0.154465,-0.275467,0.265529,-2.961549,0.000373,0.000747,-0.154393
98.8640,-0.281155,0.259295,-3.812688,0.000154,0.000823,-0.154567,-0.275484,0.265525,-2.961586,0.000056,0.000723,-0.154526
98.9140,-0.281168,0.259295,-3.812689,0.000154,0.000823,-0.154668,-0.275491,0.265526,-2.961547,0.000092,0.001004,-0.154634
98.9640,-0.281180,0.259295,-3.812689,0.000154,0.000823,-0.154767,-0.275505,0.265525,-2.961567,0.000245,0.000840,-0.154612
99.0140,-0.281192,0.259295,-3.812690,0.000154,0.000823,-0.154866,-0.275514,0.265524,-2.961592,0.000209,0.000913,-0.154894
99.0640,-0.281204,0.259295,-3.812691,0.000154,0.000822,-0.154963,-0.275531,0.265525,-2.961561,0.000190,0.000864,-0.154913
99.1140,-0.281216,0.259295,-3.812692,0.000154,0.000822,-0.155060,-0.275540,0.265523,-2.961575,0.000202,0.000664,-0.155143
99.1640,-0.281227,0.259295,-3.812692,0.000155,0.000822,-0.155155,-0.275554,0.265520,-2.961617,0.000236,0.000886,-0.155041
99.2140,-0.281239,0.259295,-3.812693,0.000155,0.000822,-0.155250,-0.275562,0.265521,-2.961569,0.000166,0.000829,-0.155130
99.2640,-0.281250,0.259295,-3.812694,0.000155,0.000822,-0.155343,-0.275575,0.265524,-2.961594,0.000127,0.000789,-0.155389
99.3140,-0.281262,0.259295,-3.812695,0.000155,0.000822,-0.155436,-0.275586,0.265520,-2.961575,0.000192,0.000820,-0.155426
99.3640,-0.281273,0.259295,-3.812695,0.000155,0.000822,-0.155527,-0.275597,0.265519,-2.961583,-0.000020,0.000798,-0.155304
99.4160,-0.281284,0.259295,-3.812696,0.000155,0.000822,-0.155618,-0.275607,0.265519,-2.961599,0.000226,0.000907,-0.155459
99.4640,-0.281295,0.259295,-3.812697,0.000155,0.000822,-0.155708,-0.275620,0.265518,-2.961585,0.000174,0.001017,-0.155799
99.5140,-0.281306,0.259296,-3.812698,0.000155,0.000822,-0.155797,-0.275628,0.265517,-2.961589,0.000047,0.000940,-0.155618
99.5640,-0.281317,0.259296,-3.812698,0.000156,0.000822,-0.155885,-0.275639,0.265515,-2.961619,0.000078,0.000853,-0.155575
99.6140,-0.281328,0.259296,-3.812699,0.000156,0.000822,-0.155972,-0.275650,0.265514,-2.961592,0.000028,0.000790,-0.155914
99.6640,-0.281338,0.259296,-3.812700,0.000156,0.000822,-0.156058,-0.275662,0.265513,-2.961604,0.000200,0.000924,-0.155959
99.7140,-0.281349,0.259296,-3.812700,0.000156,0.000822,-0.156143,-0.275670,0.265511,-2.961623,0.000088,0.000779,-0.156157
99.7640,-0.281359,0.259296,-3.812701,0.000156,0.000822,-0.156227,-0.275684,0.265510,-2.961602,0.000033,0.000826,-0.156162
99.8140,-0.281369,0.259296,-3.812702,0.000156,0.000822,-0.156311,-0.275692,0.265510,-2.961609,0.000172,0.000774,-0.156199
99.8640,-0.281379,0.259296,-3.812702,0.000156,0.000822,-0.156393,-0.275703,0.265510,-2.961643,0.000191,0.000699,-0.156208
99.9140,-0.281389,0.259296,-3.812703,0.000156,0.000822,-0.156475,-0.275711,0.265508,-2.961608,0.000107,0.000869,-0.156543
99.9640,-0.281399,0.259296,-3.812704,0.000156,0.000822,-0.156556,-0.275722,0.265507,-2.961624,0.000120,0.000704,-0.156419
100.0140,-0.281409,0.259296,-3.812704,0.000157,0.000822,-0.156636,-0.275730,0.265507,-2.961646,0.000366,0.000995,-0.156694
100.0640,-0.281419,0.259296,-3.812705,0.000157,0.000822,-0.156715,-0.275742,0.265508,-2.961618,0.000104,0.000908,-0.156776
100.1140,-0.281429,0.259296,-3.812705,0.000157,0.000822,-0.156794,-0.275749,0.265509,-2.961628,0.000186,0.000944,-0.156635
100.1640,-0.281438,0.259296,-3.812706,0.000157,0.000822,-0.156872,-0.275758,0.265509,-2.961667,0.000164,0.000837,-0.156655
100.2140,-0.281448,0.259296,-3.812707,0.000157,0.000822,-0.156948,-0.275768,0.265509,-2.961623,0.000155,0.000834,-0.156831
100.2640,-0.281457,0.259297,-3.812707,0.000157,0.000822,-0.157025,-0.275779,0.265506,-2.961644,0.000231,0.000746,-0.157011
100.3140,-0.281466,0.259297,-3.812708,0.000157,0.000822,-0.157100,-0.275786,0.265504,-2.961668,0.000109,0.000826,-0.157113
100.3640,-0.281475,0.259297,-3.812709,0.000157,0.000822,-0.157174,-0.275796,0.265504,-2.961634,0.000273,0.000649,-0.157267
100.4140,-0.281484,0.259297,-3.812709,0.000157,0.000822,-0.157248,-0.275805,0.265503,-2.961647,0.000050,0.000747,-0.157141
100.4640,-0.281493,0.259297,-3.812710,0.000158,0.000822,-0.157321,-0.275821,0.265501,-2.961691,0.000105,0.000852,-0.157192
100.5140,-0.281502,0.259297,-3.812710,0.000158,0.000822,-0.157393,-0.275823,0.265501,-2.961638,0.000063,0.000873,-0.157258
100.5640,-0.281511,0.259297,-3.812711,0.000158,0.000822,-0.157465,-0.275831,0.265501,-2.961664,0.000246,0.000813,-0.157396
100.6140,-0.281520,0.259297,-3.812711,0.000158,0.000822,-0.157536,-0.275839,0.265500,-2.961641,0.000254,0.000781,-0.157477
100.6640,-0.281528,0.259297,-3.812712,0.000158,0.000822,-0.157606,-0.275849,0.265500,-2.961650,0.000150,0.000812,-0.157634
100.7160,-0.281537,0.259297,-3.812712,0.000158,0.000822,-0.157675,-0.275856,0.265499,-2.961665,0.000247,0.000830,-0.157830
100.7640,-0.281545,0.259297,-3.812713,0.000158,0.000822,-0.157743,-0.275867,0.265499,-2.961648,0.000217,0.000776,-0.157681
100.8140,-0.281554,0.259297,-3.812714,0.000158,0.000822,-0.157811,-0.275875,0.265498,-2.961652,0.000123,0.000882,-0.157991
100.8640,-0.281562,0.259297,-3.812714,0.000158,0.000822,-0.157879,-0.275884,0.265497,-2.961683,0.000170,0.000634,-0.158228
100.9140,-0.281570,0.259298,-3.812715,0.000158,0.000822,-0.157945,-0.275889,0.265497,-2.961652,0.000196,0.000800,-0.158007
100.9640,-0.281578,0.259298,-3.812715,0.000158,0.000822,-0.158011,-0.275899,0.265495,-2.961665,0.000333,0.000692,-0.158050
101.0140,-0.281586,0.259298,-3.812716,0.000159,0.000822,-0.158076,-0.275906,0.265491,-2.961683,0.000181,0.000875,-0.158006
101.0640,-0.281594,0.259298,-3.812716,0.000159,0.000822,-0.158140,-0.275914,0.265492,-2.961660,0.000156,0.000901,-0.158032
101.1140,-0.281602,0.259298,-3.812717,0.000159,0.000822,-0.158204,-0.275919,0.265492,-2.961667,0.000107,0.000801,-0.158309
101.1640,-0.281610,0.259298,-3.812717,0.000159,0.000822,-0.158267,-0.275927,0.265491,-2.961702,0.000064,0.000861,-0.158312
101.2140,-0.281617,0.259298,-3.812718,0.000159,0.000822,-0.158330,-0.275934,0.265491,-2.961663,0.000042,0.000862,-0.158426
101.2640,-0.281625,0.259298,-3.812718,0.000159,0.000822,-0.158392,-0.275944,0.265492,-2.961681,0.000104,0.000916,-0.158472
101.3140,-0.281633,0.259298,-3.812719,0.000159,0.000822,-0.158453,-0.275950,0.265493,-2.961701,0.000136,0.000738,-0.158469
101.3640,-0.281640,0.259298,-3.812719,0.000159,0.000822,-0.158514,-0.275957,0.265490,-2.961671,0.000163,0.000680,-0.158640
101.4140,-0.281647,0.259298,-3.812720,0.000159,0.000822,-0.158574,-0.275963,0.265490,-2.961681,0.000150,0.000719,-0.158595
101.4640,-0.281655,0.259298,-3.812720,0.000159,0.000822,-0.158633,-0.275972,0.265490,-2.961721,0.000037,0.000777,-0.158613
101.5140,-0.281662,0.259298,-3.812721,0.000159,0.000822,-0.158692,-0.275978,0.265490,-2.961673,0.000198,0.000806,-0.158833
101.5640,-0.281669,0.259299,-3.812721,0.000159,0.000822,-0.158750,-0.275985,0.265489,-2.961696,0.000018,0.000648,-0.158677
101.6160,-0.281676,0.259299,-3.812721,0.000160,0.000822,-0.158807,-0.275990,0.265489,-2.961719,0.000085,0.000886,-0.158898
101.6640,-0.281683,0.259299,-3.812722,0.000160,0.000822,-0.158864,-0.276001,0.265489,-2.961683,0.000158,0.000781,-0.158781
101.7160,-0.281690,0.259299,-3.812722,0.000160,0.000822,-0.158921,-0.276009,0.265490,-2.961695,0.000204,0.000782,-0.158908
101.7640,-0.281697,0.259299,-3.812723,0.000160,0.000822,-0.158976,-0.276018,0.265488,-2.961683,0.000190,0.000871,-0.158870
101.8140,-0.281704,0.259299,-3.812723,0.000160,0.000822,-0.159032,-0.276023,0.265488,-2.961684,0.000273,0.000762,-0.158990
101.8640,-0.281711,0.259299,-3.812724,0.000160,0.000822,-0.159086,-0.276032,0.265488,-2.961711,0.000315,0.000799,-0.159064
101.9140,-0.281717,0.259299,-3.812724,0.000160,0.000822,-0.159140,-0.276039,0.265488,-2.961684,0.000164,0.000735,-0.159064
101.9640,-0.281724,0.259299,-3.812724,0.000160,0.000822,-0.159194,-0.276046,0.265488,-2.961695,0.000153,0.000688,-0.159245
102.0140,-0.281730,0.259299,-3.812725,0.000160,0.000822,-0.159247,-0.276053,0.265487,-2.961710,0.000065,0.000750,-0.159170
102.0640,-0.281737,0.259299,-3.812725,0.000160,0.000822,-0.159299,-0.276059,0.265486,-2.961691,0.000195,0.000850,-0.159424
102.1140,-0.281743,0.259299,-3.812726,0.000160,0.000822,-0.159351,-0.276065,0.265486,-2.961694,0.000205,0.000679,-0.159179
102.1640,-0.281749,0.259300,-3.812726,0.000160,0.000822,-0.159402,-0.276074,0.265484,-2.961727,0.000156,0.000979,-0.159407
102.2140,-0.281756,0.259300,-3.812727,0.000160,0.000822,-0.159453,-0.276079,0.265485,-2.961691,0.000063,0.000725,-0.159416
102.2640,-0.281762,0.259300,-3.812727,0.000160,0.000822,-0.159504,-0.276087,0.265485,-2.961706,-0.000013,0.000764,-0.159415
102.3140,-0.281768,0.259300,-3.812727,0.000160,0.000822,-0.159553,-0.276094,0.265487,-2.961724,0.000089,0.000851,-0.159409
102.3640,-0.281774,0.259300,-3.812728,0.000161,0.000822,-0.159603,-0.276101,0.265484,-2.961698,0.000365,0.000780,-0.159555
102.4140,-0.281780,0.259300,-3.812728,0.000161,0.000822,-0.159651,-0.276107,0.265484,-2.961705,0.000124,0.000886,-0.159691
102.4640,-0.281786,0.259300,-3.812728,0.000161,0.000822,-0.159700,-0.276117,0.265483,-2.961742,0.000207,0.000749,-0.159622
102.5140,-0.281792,0.259300,-3.812729,0.000161,0.000822,-0.159747,-0.276119,0.265483,-2.961699,0.000165,0.000843,-0.159638
102.5640,-0.281798,0.259300,-3.812729,0.000161,0.000822,-0.159795,-0.276124,0.265482,-2.961718,0.000165,0.000533,-0.159718
102.6140,-0.281804,0.259300,-3.812730,0.000161,0.000822,-0.159842,-0.276130,0.265482,-2.961739,0.000198,0.000749,-0.159782
102.6640,-0.281809,0.259300,-3.812730,0.000161,0.000822,-0.159888,-0.276134,0.265482,-2.961707,0.000023,0.000766,-0.159802
102.7140,-0.281815,0.259300,-3.812730,0.000161,0.000822,-0.159934,-0.276140,0.265483,-2.961716,0.000137,0.000805,-0.159943
102.7640,-0.281821,0.259301,-3.812731,0.000161,0.000822,-0.159979,-0.276150,0.265485,-2.961758,0.000213,0.000783,-0.160064
102.8140,-0.281826,0.259301,-3.812731,0.000161,0.000822,-0.160024,-0.276152,0.265482,-2.961706,0.000204,0.000909,-0.159958
102.8640,-0.281832,0.259301,-3.812731,0.000161,0.000822,-0.160068,-0.276155,0.265482,-2.961731,0.000160,0.000824,-0.159964
102.9140,-0.281837,0.259301,-3.812732,0.000161,0.000822,-0.160112,-0.276163,0.265481,-2.961708,0.000114,0.000883,-0.160061
102.9640,-0.281842,0.259301,-3.812732,0.000161,0.000822,-0.160156,-0.276169,0.265480,-2.961715,0.000179,0.000860,-0.159945
103.0140,-0.281848,0.259301,-3.812732,0.000161,0.000822,-0.160199,-0.276174,0.265479,-2.961728,0.000055,0.000800,-0.160071
103.0640,-0.281853,0.259301,-3.812733,0.000161,0.000822,-0.160242,-0.276184,0.265478,-2.961713,0.000174,0.000756,-0.160231
103.1140,-0.281858,0.259301,-3.812733,0.000161,0.000822,-0.160284,-0.276189,0.265478,-2.961714,0.000220,0.000853,-0.160047
103.1640,-0.281863,0.259301,-3.812733,0.000162,0.000822,-0.160325,-0.276196,0.265475,-2.961743,0.000382,0.000797,-0.160374
103.2140,-0.281868,0.259301,-3.812734,0.000162,0.000822,-0.160367,-0.276200,0.265476,-2.961713,0.000259,0.000703,-0.160448
103.2640,-0.281873,0.259301,-3.812734,0.000162,0.000822,-0.160408,-0.276208,0.265475,-2.961725,0.000283,0.000873,-0.160448
103.3140,-0.281878,0.259301,-3.812734,0.000162,0.000822,-0.160448,-0.276214,0.265474,-2.961740,0.000248,0.000869,-0.160347
103.3660,-0.281883,0.259302,-3.812735,0.000162,0.000822,-0.160488,-0.276217,0.265474,-2.961719,0.000161,0.000843,-0.160273
103.4140,-0.281888,0.259302,-3.812735,0.000162,0.000822,-0.160528,-0.276221,0.265474,-2.961723,-0.000010,0.000632,-0.160572
103.4660,-0.281893,0.259302,-3.812735,0.000162,0.000822,-0.160567,-0.276229,0.265475,-2.961756,0.000079,0.000800,-0.160602
103.5140,-0.281898,0.259302,-3.812736,0.000162,0.000822,-0.160606,-0.276233,0.265473,-2.961718,0.000101,0.000709,-0.160775
103.5640,-0.281903,0.259302,-3.812736,0.000162,0.000822,-0.160644,-0.276240,0.265473,-2.961734,0.000202,0.000845,-0.160705
103.6160,-0.281907,0.259302,-3.812736,0.000162,0.000822,-0.160683,-0.276245,0.265472,-2.961752,0.000068,0.000746,-0.160683
103.6640,-0.281912,0.259302,-3.812736,0.000162,0.000822,-0.160720,-0.276249,0.265472,-2.961724,0.000137,0.000816,-0.160768
103.7140,-0.281917,0.259302,-3.812737,0.000162,0.000822,-0.160757,-0.276255,0.265471,-2.961731,0.000225,0.000711,-0.160924
103.7640,-0.281921,0.259302,-3.812737,0.000162,0.000822,-0.160794,-0.276267,0.265470,-2.961770,0.000037,0.000858,-0.160687
103.8160,-0.281926,0.259302,-3.812737,0.000162,0.000822,-0.160831,-0.276266,0.265468,-2.961723,0.000134,0.000791,-0.160837
103.8640,-0.281930,0.259302,-3.812738,0.000162,0.000822,-0.160867,-0.276273,0.265469,-2.961744,0.000223,0.000869,-0.160933
103.9140,-0.281935,0.259302,-3.812738,0.000162,0.000822,-0.160903,-0.276279,0.265470,-2.961765,0.000271,0.000842,-0.160943
103.9660,-0.281939,0.259303,-3.812738,0.000162,0.000822,-0.160938,-0.276282,0.265469,-2.961731,-0.000014,0.000857,-0.160948
104.0140,-0.281943,0.259303,-3.812738,0.000162,0.000822,-0.160973,-0.276286,0.265467,-2.961741,0.000065,0.000577,-0.161016
104.0640,-0.281948,0.259303,-3.812739,0.000162,0.000822,-0.161008,-0.276295,0.265464,-2.961784,0.000297,0.000760,-0.161134
104.1140,-0.281952,0.259303,-3.812739,0.000162,0.000822,-0.161042,-0.276294,0.265468,-2.961729,0.000213,0.000794,-0.161153
104.1640,-0.281956,0.259303,-3.812739,0.000162,0.000822,-0.161076,-0.276300,0.265466,-2.961755,0.000169,0.000928,-0.161012
104.2140,-0.281960,0.259303,-3.812739,0.000163,0.000822,-0.161110,-0.276304,0.265466,-2.961729,0.000272,0.000867,-0.161060
104.2640,-0.281964,0.259303,-3.812740,0.000163,0.000822,-0.161143,-0.276308,0.265466,-2.961737,0.000238,0.001043,-0.161198
104.3140,-0.281968,0.259303,-3.812740,0.000163,0.000822,-0.161176,-0.276309,0.265465,-2.961750,0.000064,0.000859,-0.160978
104.3640,-0.281972,0.259303,-3.812740,0.000163,0.000822,-0.161208,-0.276315,0.265464,-2.961733,0.000162,0.001026,-0.161149
104.4140,-0.281976,0.259303,-3.812741,0.000163,0.000822,-0.161241,-0.276317,0.265463,-2.961735,0.000267,0.000732,-0.161319
104.4640,-0.281980,0.259303,-3.812741,0.000163,0.000822,-0.161273,-0.276321,0.265462,-2.961765,0.000286,0.001025,-0.161293
104.5140,-0.281984,0.259303,-3.812741,0.000163,0.000822,-0.161304,-0.276327,0.265464,-2.961732,0.000056,0.000907,-0.161360
104.5640,-0.281988,0.259303,-3.812741,0.000163,0.000822,-0.161335,-0.276331,0.265465,-2.961745,0.000046,0.000830,-0.161418
104.6160,-0.281992,0.259303,-3.812741,0.000163,0.000822,-0.161366,-0.276336,0.265467,-2.961761,0.000293,0.000871,-0.161447
104.6640,-0.281996,0.259304,-3.812742,0.000163,0.000822,-0.161397,-0.276341,0.265466,-2.961737,0.000177,0.000723,-0.161526
104.7140,-0.281999,0.259304,-3.812742,0.000163,0.000822,-0.161427,-0.276345,0.265465,-2.961742,0.000406,0.000828,-0.161363
104.7640,-0.282003,0.259304,-3.812742,0.000163,0.000822,-0.161457,-0.276353,0.265461,-2.961777,0.000184,0.000730,-0.161437
104.8140,-0.282007,0.259304,-3.812742,0.000163,0.000822,-0.161487,-0.276352,0.265464,-2.961735,0.000040,0.000953,-0.161586
104.8640,-0.282010,0.259304,-3.812743,0.000163,0.000822,-0.161516,-0.276356,0.265465,-2.961753,0.000161,0.000750,-0.161578
104.9140,-0.282014,0.259304,-3.812743,0.000163,0.000822,-0.161545,-0.276359,0.265467,-2.961772,0.000233,0.000778,-0.161557
104.9640,-0.282018,0.259304,-3.812743,0.000163,0.000822,-0.161574,-0.276362,0.265465,-2.961742,0.000215,0.000765,-0.161482
105.0160,-0.282021,0.259304,-3.812743,0.000163,0.000822,-0.161603,-0.276365,0.265464,-2.961749,0.000082,0.000794,-0.161620
105.0640,-0.282025,0.259304,-3.812744,0.000163,0.000822,-0.161631,-0.276368,0.265461,-2.961789,0.000205,0.000761,-0.161570
105.1140,-0.282028,0.259304,-3.812744,0.000163,0.000822,-0.161659,-0.276372,0.265463,-2.961739,0.000284,0.000772,-0.161664
105.1640,-0.282031,0.259304,-3.812744,0.000163,0.000822,-0.161686,-0.276378,0.265462,-2.961761,0.000115,0.000747,-0.161643
105.2140,-0.282035,0.259304,-3.812744,0.000163,0.000822,-0.161714,-0.276385,0.265462,-2.961783,-0.000002,0.000727,-0.161693
105.2640,-0.282038,0.259304,-3.812744,0.000163,0.000822,-0.161741,-0.276385,0.265460,-2.961747,0.000142,0.000862,-0.161712
105.3160,-0.282041,0.259304,-3.812745,0.000163,0.000822,-0.161768,-0.276387,0.265461,-2.961757,0.000071,0.000840,-0.161859
105.3640,-0.282045,0.259305,-3.812745,0.000163,0.000822,-0.161794,-0.276391,0.265459,-2.961745,0.000217,0.000852,-0.161807
105.4140,-0.282048,0.259305,-3.812745,0.000163,0.000822,-0.161820,-0.276393,0.265459,-2.961744,0.000072,0.000940,-0.161629
105.4640,-0.282051,0.259305,-3.812745,0.000163,0.000822,-0.161846,-0.276395,0.265461,-2.961771,0.000246,0.000948,-0.161865
105.5140,-0.282054,0.259305,-3.812745,0.000164,0.000822,-0.161872,-0.276399,0.265462,-2.961743,0.000384,0.000891,-0.161789
105.5640,-0.282057,0.259305,-3.812746,0.000164,0.000822,-0.161897,-0.276403,0.265462,-2.961753,0.000072,0.000848,-0.161965
105.6140,-0.282061,0.259305,-3.812746,0.000164,0.000822,-0.161922,-0.276406,0.265462,-2.961766,0.000055,0.000767,-0.161932
105.6640,-0.282064,0.259305,-3.812746,0.000164,0.000822,-0.161947,-0.276408,0.265461,-2.961747,0.000197,0.000927,-0.161881
105.7140,-0.282067,0.259305,-3.812746,0.000164,0.000822,-0.161972,-0.276409,0.265461,-2.961749,0.000159,0.000961,-0.162007
105.7640,-0.282070,0.259305,-3.812746,0.000164,0.000822,-0.161996,-0.276411,0.265461,-2.961781,0.000147,0.000827,-0.162170
105.8140,-0.282073,0.259305,-3.812747,0.000164,0.000822,-0.162021,-0.276414,0.265461,-2.961744,0.000100,0.000835,-0.162104
105.8640,-0.282076,0.259305,-3.812747,0.000164,0.000822,-0.162044,-0.276416,0.265461,-2.961759,0.000218,0.000814,-0.162075
105.9140,-0.282079,0.259305,-3.812747,0.000164,0.000822,-0.162068,-0.276416,0.265460,-2.961775,0.000071,0.000930,-0.161962
105.9640,-0.282082,0.259305,-3.812747,0.000164,0.000822,-0.162092,-0.276424,0.265461,-2.961750,0.000294,0.000976,-0.162183
106.0140,-0.282084,0.259305,-3.812747,0.000164,0.000822,-0.162115,-0.276424,0.265462,-2.961755,0.000030,0.000714,-0.162171
106.0640,-0.282087,0.259305,-3.812747,0.000164,0.000822,-0.162138,-0.276428,0.265465,-2.961792,0.000222,0.000619,-0.162058
106.1140,-0.282090,0.259306,-3.812748,0.000164,0.000822,-0.162160,-0.276427,0.265463,-2.961747,0.000308,0.000876,-0.162057
106.1640,-0.282093,0.259306,-3.812748,0.000164,0.000822,-0.162183,-0.276430,0.265463,-2.961766,0.000199,0.000851,-0.162217
106.2140,-0.282096,0.259306,-3.812748,0.000164,0.000822,-0.162205,-0.276432,0.265462,-2.961786,0.000117,0.000662,-0.162147
106.2640,-0.282098,0.259306,-3.812748,0.000164,0.000822,-0.162227,-0.276434,0.265462,-2.961754,0.000138,0.000749,-0.162298
106.3140,-0.282101,0.259306,-3.812748,0.000164,0.000822,-0.162249,-0.276437,0.265462,-2.961762,0.000288,0.000867,-0.162291
106.3640,-0.282104,0.259306,-3.812748,0.000164,0.000822,-0.162270,-0.276443,0.265462,-2.961804,0.000125,0.000856,-0.162236
106.4140,-0.282106,0.259306,-3.812749,0.000164,0.000822,-0.162292,-0.276444,0.265462,-2.961750,0.000179,0.000711,-0.162322
106.4640,-0.282109,0.259306,-3.812749,0.000164,0.000822,-0.162313,-0.276450,0.265460,-2.961774,0.000186,0.000846,-0.162233
106.5140,-0.282111,0.259306,-3.812749,0.000164,0.000822,-0.162334,-0.276454,0.265459,-2.961751,0.000091,0.000917,-0.162458
106.5640,-0.282114,0.259306,-3.812749,0.000164,0.000822,-0.162354,-0.276458,0.265458,-2.961758,0.000226,0.000846,-0.162305
106.6140,-0.282117,0.259306,-3.812749,0.000164,0.000822,-0.162375,-0.276462,0.265456,-2.961769,0.000217,0.001029,-0.162464
106.6660,-0.282119,0.259306,-3.812749,0.000164,0.000822,-0.162395,-0.276465,0.265455,-2.961754,0.000185,0.000931,-0.162190
106.7160,-0.282122,0.259306,-3.812750,0.000164,0.000822,-0.162415,-0.276466,0.265455,-2.961754,0.000177,0.000799,-0.162391
106.7640,-0.282124,0.259306,-3.812750,0.000164,0.000822,-0.162435,-0.276470,0.265454,-2.961783,0.000166,0.000936,-0.162530
106.8140,-0.282126,0.259306,-3.812750,0.000164,0.000822,-0.162454,-0.276472,0.265456,-2.961752,0.000308,0.000873,-0.162529
106.8640,-0.282129,0.259306,-3.812750,0.000164,0.000822,-0.162474,-0.276475,0.265454,-2.961763,0.000181,0.000760,-0.162460
106.9140,-0.282131,0.259306,-3.812750,0.000164,0.000822,-0.162493,-0.276477,0.265452,-2.961777,-0.000039,0.000835,-0.162528
106.9640,-0.282134,0.259307,-3.812750,0.000164,0.000822,-0.162512,-0.276481,0.265454,-2.961756,-0.000018,0.000898,-0.162448
107.0140,-0.282136,0.259307,-3.812750,0.000164,0.000822,-0.162531,-0.276482,0.265454,-2.961759,0.000314,0.000679,-0.162426
107.0660,-0.282138,0.259307,-3.812751,0.000164,0.000822,-0.162550,-0.276484,0.265451,-2.961793,0.000196,0.000807,-0.162573
107.1140,-0.282141,0.259307,-3.812751,0.000164,0.000822,-0.162568,-0.276486,0.265454,-2.961753,0.000274,0.000763,-0.162524
107.1640,-0.282143,0.259307,-3.812751,0.000164,0.000822,-0.162586,-0.276489,0.265451,-2.961769,0.000183,0.000789,-0.162573
107.2160,-0.282145,0.259307,-3.812751,0.000164,0.000822,-0.162604,-0.276491,0.265449,-2.961786,0.000200,0.000928,-0.162497
107.2660,-0.282147,0.259307,-3.812751,0.000164,0.000822,-0.162622,-0.276493,0.265450,-2.961758,0.000272,0.000940,-0.162615
107.3140,-0.282149,0.259307,-3.812751,0.000164,0.000822,-0.162640,-0.276493,0.265448,-2.961764,0.000178,0.000964,-0.162755
107.3640,-0.282152,0.259307,-3.812751,0.000165,0.000822,-0.162658,-0.276493,0.265445,-2.961803,0.000107,0.000798,-0.162677
107.4140,-0.282154,0.259307,-3.812752,0.000165,0.000822,-0.162675,-0.276497,0.265448,-2.961755,0.000096,0.000879,-0.162714
107.4640,-0.282156,0.259307,-3.812752,0.000165,0.000822,-0.162692,-0.276498,0.265448,-2.961776,0.000205,0.000888,-0.162760
107.5140,-0.282158,0.259307,-3.812752,0.000165,0.000822,-0.162709,-0.276498,0.265447,-2.961796,0.000235,0.000752,-0.162856
107.5660,-0.282160,0.259307,-3.812752,0.000165,0.000822,-0.162726,-0.276503,0.265446,-2.961762,0.000194,0.000721,-0.162720
107.6140,-0.282162,0.259307,-3.812752,0.000165,0.000822,-0.162742,-0.276507,0.265444,-2.961771,0.000102,0.000885,-0.162757
107.6640,-0.282164,0.259307,-3.812752,0.000165,0.000822,-0.162759,-0.276514,0.265441,-2.961814,0.000294,0.000809,-0.162770
107.7140,-0.282166,0.259307,-3.812752,0.000165,0.000822,-0.162775,-0.276511,0.265444,-2.961758,0.000077,0.000770,-0.162804
107.7640,-0.282168,0.259307,-3.812752,0.000165,0.000822,-0.162791,-0.276515,0.265443,-2.961784,0.000185,0.000669,-0.162653
107.8160,-0.282170,0.259307,-3.812753,0.000165,0.000822,-0.162807,-0.276517,0.265443,-2.961757,0.000189,0.000835,-0.162918
107.8640,-0.282172,0.259307,-3.812753,0.000165,0.000822,-0.162823,-0.276518,0.265441,-2.961766,0.000162,0.000786,-0.162812
107.9140,-0.282174,0.259308,-3.812753,0.000165,0.000822,-0.162839,-0.276519,0.265439,-2.961778,0.000212,0.000729,-0.162897
107.9640,-0.282176,0.259308,-3.812753,0.000165,0.000822,-0.162854,-0.276519,0.265439,-2.961761,0.000354,0.000860,-0.162891
108.0140,-0.282178,0.259308,-3.812753,0.000165,0.000822,-0.162870,-0.276521,0.265438,-2.961762,0.000184,0.000800,-0.162900
108.0640,-0.282180,0.259308,-3.812753,0.000165,0.000822,-0.162885,-0.276523,0.265436,-2.961792,0.000087,0.000824,-0.162871
108.1160,-0.282182,0.259308,-3.812753,0.000165,0.000822,-0.162900,-0.276525,0.265435,-2.961758,0.000244,0.000795,-0.162932
108.1640,-0.282184,0.259308,-3.812753,0.000165,0.000822,-0.162915,-0.276527,0.265435,-2.961771,0.000288,0.000811,-0.162872
108.2140,-0.282185,0.259308,-3.812754,0.000165,0.000822,-0.162929,-0.276527,0.265436,-2.961786,0.000299,0.000610,-0.162952
108.2640,-0.282187,0.259308,-3.812754,0.000165,0.000822,-0.162944,-0.276529,0.265436,-2.961762,0.000169,0.000939,-0.162778
108.3140,-0.282189,0.259308,-3.812754,0.000165,0.000822,-0.162958,-0.276529,0.265435,-2.961766,-0.000005,0.000759,-0.162882
108.3660,-0.282191,0.259308,-3.812754,0.000165,0.000822,-0.162972,-0.276530,0.265433,-2.961802,0.000293,0.000803,-0.162846
108.4140,-0.282192,0.259308,-3.812754,0.000165,0.000822,-0.162986,-0.276531,0.265436,-2.961759,0.000233,0.001004,-0.162917
108.4640,-0.282194,0.259308,-3.812754,0.000165,0.000822,-0.163000,-0.276532,0.265434,-2.961777,0.000241,0.000724,-0.162838
108.5140,-0.282196,0.259308,-3.812754,0.000165,0.000822,-0.163014,-0.276534,0.265433,-2.961795,0.000068,0.000837,-0.163000
108.5660,-0.282198,0.259308,-3.812754,0.000165,0.000822,-0.163028,-0.276534,0.265433,-2.961764,0.000437,0.000742,-0.162903
108.6140,-0.282199,0.259308,-3.812754,0.000165,0.000822,-0.163041,-0.276536,0.265432,-2.961772,0.000219,0.000956,-0.163050
108.6640,-0.282201,0.259308,-3.812754,0.000165,0.000822,-0.163055,-0.276538,0.265429,-2.961812,0.000114,0.000951,-0.163116
108.7140,-0.282203,0.259308,-3.812755,0.000165,0.000822,-0.163068,-0.276542,0.265431,-2.961761,0.000090,0.000750,-0.163220
108.7640,-0.282204,0.259308,-3.812755,0.000165,0.000822,-0.163081,-0.276545,0.265434,-2.961783,0.000001,0.000895,-0.163123
108.8140,-0.282206,0.259308,-3.812755,0.000165,0.000822,-0.163094,-0.276546,0.265438,-2.961804,0.000216,0.000901,-0.163173
108.8640,-0.282207,0.259308,-3.812755,0.000165,0.000822,-0.163107,-0.276547,0.265435,-2.961768,0.000239,0.000810,-0.163070
108.9140,-0.282209,0.259308,-3.812755,0.000165,0.000822,-0.163120,-0.276546,0.265437,-2.961778,0.000053,0.000903,-0.163130
108.9660,-0.282211,0.259309,-3.812755,0.000165,0.000822,-0.163132,-0.276546,0.265436,-2.961765,0.000010,0.000682,-0.163234
109.0140,-0.282212,0.259309,-3.812755,0.000165,0.000822,-0.163145,-0.276548,0.265436,-2.961764,0.000193,0.000933,-0.163179
109.0640,-0.282214,0.259309,-3.812755,0.000165,0.000822,-0.163157,-0.276551,0.265435,-2.961791,0.000182,0.000836,-0.163098
109.1140,-0.282215,0.259309,-3.812755,0.000165,0.000822,-0.163169,-0.276550,0.265434,-2.961762,0.000142,0.000811,-0.163119
109.1640,-0.282217,0.259309,-3.812755,0.000165,0.000822,-0.163181,-0.276552,0.265434,-2.961772,0.000169,0.000684,-0.163281
109.2140,-0.282218,0.259309,-3.812756,0.000165,0.000822,-0.163193,-0.276554,0.265434,-2.961785,0.000230,0.000930,-0.163233
109.2640,-0.282220,0.259309,-3.812756,0.000165,0.000822,-0.163205,-0.276556,0.265434,-2.961765,0.000139,0.000783,-0.163314
109.3140,-0.282221,0.259309,-3.812756,0.000165,0.000822,-0.163217,-0.276558,0.265435,-2.961767,0.000163,0.000895,-0.163237
109.3660,-0.282223,0.259309,-3.812756,0.000165,0.000822,-0.163228,-0.276561,0.265437,-2.961799,0.000311,0.000742,-0.163175
109.4140,-0.282224,0.259309,-3.812756,0.000165,0.000822,-0.163240,-0.276560,0.265436,-2.961762,0.000062,0.000867,-0.163048
109.4640,-0.282225,0.259309,-3.812756,0.000165,0.000822,-0.163251,-0.276561,0.265437,-2.961776,0.000258,0.000850,-0.163327
109.5140,-0.282227,0.259309,-3.812756,0.000165,0.000822,-0.163262,-0.276562,0.265437,-2.961792,0.000296,0.000693,-0.163064
109.5640,-0.282228,0.259309,-3.812756,0.000165,0.000822,-0.163274,-0.276564,0.265439,-2.961767,0.000208,0.000907,-0.163294
109.6140,-0.282230,0.259309,-3.812756,0.000165,0.000822,-0.163285,-0.276566,0.265439,-2.961772,0.000023,0.000765,-0.163256
109.6640,-0.282231,0.259309,-3.812756,0.000165,0.000822,-0.163295,-0.276569,0.265440,-2.961808,0.000265,0.000824,-0.163179
109.7160,-0.282232,0.259309,-3.812756,0.000165,0.000822,-0.163306,-0.276569,0.265439,-2.961763,0.000146,0.000891,-0.163208
109.7640,-0.282234,0.259309,-3.812756,0.000165,0.000822,-0.163317,-0.276570,0.265439,-2.961782,0.000042,0.000861,-0.163269
109.8140,-0.282235,0.259309,-3.812757,0.000165,0.000822,-0.163327,-0.276571,0.265440,-2.961801,0.000200,0.000897,-0.163304
109.8640,-0.282236,0.259309,-3.812757,0.000165,0.000822,-0.163338,-0.276572,0.265440,-2.961769,0.000111,0.000734,-0.163237
109.9140,-0.282237,0.259309,-3.812757,0.000165,0.000822,-0.163348,-0.276574,0.265440,-2.961777,0.000219,0.000825,-0.163273
109.9640,-0.282239,0.259309,-3.812757,0.000165,0.000822,-0.163359,-0.276575,0.265440,-2.961819,0.000280,0.000874,-0.163447
110.0140,-0.282240,0.259309,-3.812757,0.000165,0.000822,-0.163369,-0.276577,0.265440,-2.961765,0.000231,0.000933,-0.163421
110.0640,-0.282241,0.259309,-3.812757,0.000165,0.000822,-0.163379,-0.276578,0.265440,-2.961789,0.000213,0.000843,-0.163401
110.1140,-0.282243,0.259309,-3.812757,0.000165,0.000822,-0.163389,-0.276578,0.265442,-2.961765,0.000247,0.000720,-0.163500
110.1640,-0.282244,0.259309,-3.812757,0.000165,0.000822,-0.163398,-0.276580,0.265442,-2.961772,0.000196,0.000853,-0.163429
110.2140,-0.282245,0.259310,-3.812757,0.000165,0.000822,-0.163408,-0.276580,0.265441,-2.961783,0.000097,0.000620,-0.163408
110.2640,-0.282246,0.259310,-3.812757,0.000165,0.000823,-0.163418,-0.276581,0.265441,-2.961768,0.000197,0.000954,-0.163381
110.3140,-0.282247,0.259310,-3.812757,0.000166,0.000823,-0.163427,-0.276581,0.265441,-2.961768,0.000148,0.000803,-0.163304
110.3640,-0.282248,0.259310,-3.812757,0.000166,0.000823,-0.163437,-0.276580,0.265439,-2.961796,0.000285,0.001022,-0.163363
110.4140,-0.282250,0.259310,-3.812757,0.000166,0.000823,-0.163446,-0.276585,0.265442,-2.961765,0.000110,0.000953,-0.163463
110.4640,-0.282251,0.259310,-3.812758,0.000166,0.000823,-0.163455,-0.276585,0.265443,-2.961776,0.000018,0.000793,-0.163339
110.5140,-0.282252,0.259310,-3.812758,0.000166,0.000823,-0.163464,-0.276586,0.265445,-2.961790,0.000140,0.000657,-0.163341
110.5660,-0.282253,0.259310,-3.812758,0.000166,0.000823,-0.163473,-0.276585,0.265441,-2.961769,0.000144,0.000842,-0.163545
110.6140,-0.282254,0.259310,-3.812758,0.000166,0.000823,-0.163482,-0.276586,0.265442,-2.961771,0.000172,0.001034,-0.163585
110.6640,-0.282255,0.259310,-3.812758,0.000166,0.000823,-0.163491,-0.276585,0.265443,-2.961805,0.000109,0.000623,-0.163571
110.7140,-0.282256,0.259310,-3.812758,0.000166,0.000823,-0.163500,-0.276586,0.265443,-2.961765,0.000211,0.000834,-0.163308
110.7640,-0.282257,0.259310,-3.812758,0.000166,0.000823,-0.163509,-0.276587,0.265442,-2.961781,0.000182,0.000940,-0.163362
110.8140,-0.282259,0.259310,-3.812758,0.000166,0.000823,-0.163517,-0.276587,0.265441,-2.961798,0.000020,0.000895,-0.163519
110.8640,-0.282260,0.259310,-3.812758,0.000166,0.000823,-0.163526,-0.276589,0.265440,-2.961770,0.000015,0.000834,-0.163279
110.9140,-0.282261,0.259310,-3.812758,0.000166,0.000823,-0.163534,-0.276589,0.265441,-2.961776,0.000137,0.000814,-0.163469
110.9640,-0.282262,0.259310,-3.812758,0.000166,0.000823,-0.163542,-0.276587,0.265444,-2.961814,0.000404,0.000805,-0.163593
111.0140,-0.282263,0.259310,-3.812758,0.000166,0.000823,-0.163551,-0.276591,0.265445,-2.961766,-0.000010,0.000870,-0.163553
111.0640,-0.282264,0.259310,-3.812758,0.000166,0.000823,-0.163559,-0.276592,0.265447,-2.961787,0.000174,0.001023,-0.163577
111.1140,-0.282265,0.259310,-3.812758,0.000166,0.000823,-0.163567,-0.276592,0.265447,-2.961807,0.000067,0.000767,-0.163593
111.1640,-0.282266,0.259310,-3.812758,0.000166,0.000823,-0.163575,-0.276594,0.265445,-2.961772,0.000301,0.000601,-0.163597
111.2140,-0.282267,0.259310,-3.812758,0.000166,0.000823,-0.163583,-0.276598,0.265444,-2.961781,0.000206,0.000916,-0.163631
111.2640,-0.282268,0.259310,-3.812759,0.000166,0.000823,-0.163591,-0.276605,0.265439,-2.961824,0.000187,0.000798,-0.163659
111.3140,-0.282269,0.259310,-3.812759,0.000166,0.000823,-0.163598,-0.276598,0.265443,-2.961768,0.000152,0.000850,-0.163562
111.3640,-0.282270,0.259310,-3.812759,0.000166,0.000823,-0.163606,-0.276598,0.265443,-2.961794,0.000193,0.000678,-0.163684
111.4140,-0.282271,0.259310,-3.812759,0.000166,0.000823,-0.163614,-0.276599,0.265442,-2.961767,0.000089,0.000842,-0.163336
111.4640,-0.282271,0.259310,-3.812759,0.000166,0.000823,-0.163621,-0.276599,0.265443,-2.961775,0.000285,0.000664,-0.163695
111.5140,-0.282272,0.259310,-3.812759,0.000166,0.000823,-0.163628,-0.276601,0.265444,-2.961787,0.000172,0.000772,-0.163672
111.5640,-0.282273,0.259310,-3.812759,0.000166,0.000823,-0.163636,-0.276602,0.265443,-2.961770,0.000056,0.000781,-0.163676
111.6140,-0.282274,0.259310,-3.812759,0.000166,0.000823,-0.163643,-0.276603,0.265444,-2.961771,0.000252,0.000868,-0.163634
111.6640,-0.282275,0.259310,-3.812759,0.000166,0.000823,-0.163650,-0.276603,0.265446,-2.961801,0.000202,0.000808,-0.163598
111.7160,-0.282276,0.259310,-3.812759,0.000166,0.000823,-0.163657,-0.276606,0.265444,-2.961767,0.000484,0.000957,-0.163509
111.7640,-0.282277,0.259311,-3.812759,0.000166,0.000823,-0.163664,-0.276606,0.265440,-2.961780,0.000157,0.000865,-0.163717
111.8140,-0.282278,0.259311,-3.812759,0.000166,0.000823,-0.163671,-0.276607,0.265437,-2.961795,0.000163,0.000660,-0.163533
111.8640,-0.282279,0.259311,-3.812759,0.000166,0.000823,-0.163678,-0.276608,0.265440,-2.961771,0.000116,0.000933,-0.163635
111.9140,-0.282279,0.259311,-3.812759,0.000166,0.000823,-0.163685,-0.276607,0.265439,-2.961775,0.000193,0.001007,-0.163730
111.9640,-0.282280,0.259311,-3.812759,0.000166,0.000823,-0.163692,-0.276604,0.265436,-2.961810,0.000191,0.000846,-0.163624
112.0140,-0.282281,0.259311,-3.812759,0.000166,0.000823,-0.163699,-0.276607,0.265440,-2.961767,0.000106,0.000639,-0.163758
112.0640,-0.282282,0.259311,-3.812759,0.000166,0.000823,-0.163705,-0.276611,0.265442,-2.961785,0.000240,0.000744,-0.163810
112.1160,-0.282283,0.259311,-3.812759,0.000166,0.000823,-0.163712,-0.276615,0.265445,-2.961803,0.000111,0.000712,-0.163750
112.1640,-0.282284,0.259311,-3.812759,0.000166,0.000823,-0.163718,-0.276613,0.265442,-2.961772,0.000341,0.000999,-0.163745
112.2140,-0.282284,0.259311,-3.812760,0.000166,0.000823,-0.163725,-0.276611,0.265439,-2.961779,0.000174,0.000856,-0.163615
112.2640,-0.282285,0.259311,-3.812760,0.000166,0.000823,-0.163731,-0.276606,0.265435,-2.961819,0.000088,0.000642,-0.163861
112.3140,-0.282286,0.259311,-3.812760,0.000166,0.000823,-0.163737,-0.276610,0.265437,-2.961768,0.000248,0.000675,-0.163763
112.3640,-0.282287,0.259311,-3.812760,0.000166,0.000823,-0.163744,-0.276610,0.265438,-2.961791,0.000183,0.000774,-0.163821
112.4140,-0.282288,0.259311,-3.812760,0.000166,0.000823,-0.163750,-0.276611,0.265438,-2.961811,0.000021,0.000802,-0.163637
112.4640,-0.282288,0.259311,-3.812760,0.000166,0.000823,-0.163756,-0.276611,0.265436,-2.961775,0.000176,0.000967,-0.163757
112.5160,-0.282289,0.259311,-3.812760,0.000166,0.000823,-0.163762,-0.276610,0.265436,-2.961785,0.000088,0.000862,-0.163842
112.5640,-0.282290,0.259311,-3.812760,0.000166,0.000823,-0.163768,-0.276610,0.265436,-2.961772,0.000098,0.000887,-0.163695
112.6140,-0.282291,0.259311,-3.812760,0.000166,0.000823,-0.163774,-0.276610,0.265436,-2.961771,0.000164,0.000926,-0.163778
112.6640,-0.282291,0.259311,-3.812760,0.000166,0.000823,-0.163780,-0.276609,0.265436,-2.961798,0.000104,0.000838,-0.163777
112.7140,-0.282292,0.259311,-3.812760,0.000166,0.000823,-0.163785,-0.276610,0.265437,-2.961769,0.000335,0.000837,-0.163650
112.7640,-0.282293,0.259311,-3.812760,0.000166,0.000823,-0.163791,-0.276612,0.265435,-2.961778,0.000114,0.000591,-0.163910
112.8160,-0.282293,0.259311,-3.812760,0.000166,0.000823,-0.163797,-0.276614,0.265435,-2.961791,0.000077,0.000812,-0.163935
112.8640,-0.282294,0.259311,-3.812760,0.000166,0.000823,-0.163803,-0.276612,0.265435,-2.961772,0.000115,0.000936,-0.163727
112.9140,-0.282295,0.259311,-3.812760,0.000166,0.000823,-0.163808,-0.276612,0.265435,-2.961773,0.000192,0.000596,-0.163713
112.9640,-0.282296,0.259311,-3.812760,0.000166,0.000823,-0.163814,-0.276611,0.265435,-2.961805,0.000006,0.000976,-0.163744
113.0140,-0.282296,0.259311,-3.812760,0.000166,0.000823,-0.163819,-0.276615,0.265434,-2.961768,0.000223,0.000740,-0.163700
113.0640,-0.282297,0.259311,-3.812760,0.000166,0.000823,-0.163824,-0.276618,0.265434,-2.961782,0.000049,0.000835,-0.163864
113.1140,-0.282298,0.259311,-3.812760,0.000166,0.000823,-0.163830,-0.276621,0.265433,-2.961798,0.000166,0.000866,-0.163864
113.1640,-0.282298,0.259311,-3.812760,0.000166,0.000823,-0.163835,-0.276620,0.265436,-2.961773,0.000043,0.000876,-0.163821
113.2140,-0.282299,0.259311,-3.812760,0.000166,0.000823,-0.163840,-0.276620,0.265437,-2.961777,0.000256,0.000731,-0.163863
113.2640,-0.282299,0.259311,-3.812760,0.000166,0.000823,-0.163845,-0.276621,0.265438,-2.961814,0.000079,0.000727,-0.163723
113.3140,-0.282300,0.259311,-3.812760,0.000166,0.000823,-0.163851,-0.276620,0.265435,-2.961769,0.000119,0.000870,-0.163846
113.3640,-0.282301,0.259311,-3.812761,0.000166,0.000823,-0.163856,-0.276619,0.265434,-2.961788,0.000112,0.000881,-0.163900
113.4140,-0.282301,0.259311,-3.812761,0.000166,0.000823,-0.163861,-0.276618,0.265432,-2.961807,-0.000004,0.000734,-0.164021
113.4660,-0.282302,0.259311,-3.812761,0.000166,0.000823,-0.163866,-0.276621,0.265431,-2.961775,0.000044,0.000889,-0.163929
113.5140,-0.282303,0.259311,-3.812761,0.000166,0.000823,-0.163870,-0.276621,0.265431,-2.961782,0.000238,0.000825,-0.163827
113.5640,-0.282303,0.259311,-3.812761,0.000166,0.000823,-0.163875,-0.276622,0.265430,-2.961824,0.000285,0.000749,-0.163929
113.6140,-0.282304,0.259311,-3.812761,0.000166,0.000823,-0.163880,-0.276622,0.265430,-2.961770,0.000212,0.000739,-0.163714
113.6640,-0.282304,0.259311,-3.812761,0.000166,0.000823,-0.163885,-0.276622,0.265432,-2.961794,0.000068,0.000828,-0.163951
113.7140,-0.282305,0.259311,-3.812761,0.000166,0.000823,-0.163890,-0.276623,0.265431,-2.961770,0.000193,0.000846,-0.164037
113.7640,-0.282306,0.259311,-3.812761,0.000166,0.000823,-0.163894,-0.276624,0.265430,-2.961777,0.000178,0.000763,-0.163972
113.8140,-0.282306,0.259312,-3.812761,0.000166,0.000823,-0.163899,-0.276624,0.265429,-2.961788,0.000143,0.000746,-0.163765
113.8640,-0.282307,0.259312,-3.812761,0.000166,0.000823,-0.163903,-0.276625,0.265429,-2.961773,0.000136,0.000828,-0.163894
113.9140,-0.282307,0.259312,-3.812761,0.000166,0.000823,-0.163908,-0.276625,0.265429,-2.961772,0.000078,0.000909,-0.163952
113.9640,-0.282308,0.259312,-3.812761,0.000166,0.000823,-0.163912,-0.276626,0.265428,-2.961801,0.000165,0.000622,-0.163991
114.0140,-0.282308,0.259312,-3.812761,0.000166,0.000823,-0.163917,-0.276624,0.265427,-2.961770,0.000077,0.000859,-0.163854
114.0640,-0.282309,0.259312,-3.812761,0.000166,0.000823,-0.163921,-0.276625,0.265426,-2.961781,0.000222,0.000791,-0.163809
114.1140,-0.282310,0.259312,-3.812761,0.000166,0.000823,-0.163926,-0.276627,0.265425,-2.961795,0.000110,0.000789,-0.163957
114.1640,-0.282310,0.259312,-3.812761,0.000166,0.000823,-0.163930,-0.276630,0.265426,-2.961773,0.000168,0.000883,-0.163981
114.2140,-0.282311,0.259312,-3.812761,0.000166,0.000823,-0.163934,-0.276630,0.265426,-2.961776,0.000220,0.000898,-0.163877
114.2640,-0.282311,0.259312,-3.812761,0.000166,0.000823,-0.163938,-0.276627,0.265425,-2.961809,0.000205,0.000795,-0.164038
114.3140,-0.282312,0.259312,-3.812761,0.000166,0.000823,-0.163943,-0.276628,0.265426,-2.961769,0.000222,0.000750,-0.163963
114.3660,-0.282312,0.259312,-3.812761,0.000166,0.000823,-0.163947,-0.276631,0.265425,-2.961785,0.000166,0.000812,-0.163946
114.4140,-0.282313,0.259312,-3.812761,0.000166,0.000823,-0.163951,-0.276632,0.265424,-2.961802,0.000111,0.000800,-0.163966
114.4640,-0.282313,0.259312,-3.812761,0.000166,0.000823,-0.163955,-0.276631,0.265425,-2.961774,0.000200,0.000971,-0.163870
114.5140,-0.282314,0.259312,-3.812761,0.000166,0.000823,-0.163959,-0.276630,0.265423,-2.961780,0.000148,0.000685,-0.163853
114.5640,-0.282314,0.259312,-3.812761,0.000166,0.000823,-0.163963,-0.276628,0.265421,-2.961818,0.000083,0.000823,-0.164000
114.6140,-0.282315,0.259312,-3.812761,0.000166,0.000823,-0.163967,-0.276631,0.265421,-2.961770,0.000306,0.000739,-0.163924
114.6640,-0.282315,0.259312,-3.812761,0.000166,0.000823,-0.163970,-0.276633,0.265418,-2.961791,0.000288,0.000963,-0.163944
114.7160,-0.282316,0.259312,-3.812761,0.000166,0.000823,-0.163974,-0.276633,0.265415,-2.961810,0.000182,0.000980,-0.164086
114.7640,-0.282316,0.259312,-3.812761,0.000166,0.000823,-0.163978,-0.276636,0.265418,-2.961776,0.000252,0.000784,-0.164125
114.8140,-0.282317,0.259312,-3.812761,0.000166,0.000823,-0.163982,-0.276638,0.265418,-2.961785,0.000173,0.000808,-0.163884
114.8640,-0.282317,0.259312,-3.812761,0.000166,0.000823,-0.163986,-0.276641,0.265417,-2.961828,0.000198,0.000926,-0.163952
114.9140,-0.282318,0.259312,-3.812761,0.000166,0.000823,-0.163989,-0.276641,0.265420,-2.961772,0.000248,0.000859,-0.163970
114.9640,-0.282318,0.259312,-3.812762,0.000166,0.000823,-0.163993,-0.276641,0.265418,-2.961797,0.000224,0.000837,-0.164089
115.0140,-0.282318,0.259312,-3.812762,0.000166,0.000823,-0.163996,-0.276643,0.265420,-2.961771,0.000198,0.001087,-0.163962
115.0640,-0.282319,0.259312,-3.812762,0.000166,0.000823,-0.164000,-0.276643,0.265420,-2.961779,0.000128,0.000730,-0.164065
115.1140,-0.282319,0.259312,-3.812762,0.000166,0.000823,-0.164004,-0.276644,0.265419,-2.961791,0.000076,0.000749,-0.163793
115.1640,-0.282320,0.259312,-3.812762,0.000166,0.000823,-0.164007,-0.276643,0.265420,-2.961773,0.000025,0.000828,-0.163912
115.2140,-0.282320,0.259312,-3.812762,0.000166,0.000823,-0.164011,-0.276643,0.265421,-2.961774,0.000088,0.000812,-0.163856
115.2640,-0.282321,0.259312,-3.812762,0.000166,0.000823,-0.164014,-0.276642,0.265425,-2.961804,0.000098,0.000845,-0.163976
115.3160,-0.282321,0.259312,-3.812762,0.000166,0.000823,-0.164017,-0.276642,0.265424,-2.961770,0.000196,0.000842,-0.164039
115.3640,-0.282321,0.259312,-3.812762,0.000166,0.000823,-0.164021,-0.276643,0.265423,-2.961783,0.000154,0.000747,-0.163926
115.4140,-0.282322,0.259312,-3.812762,0.000166,0.000823,-0.164024,-0.276644,0.265422,-2.961798,0.000093,0.000861,-0.164284
115.4640,-0.282322,0.259312,-3.812762,0.000166,0.000823,-0.164027,-0.276643,0.265420,-2.961774,0.000531,0.001027,-0.164050
115.5140,-0.282323,0.259312,-3.812762,0.000166,0.000823,-0.164031,-0.276643,0.265417,-2.961778,0.000152,0.000920,-0.164224
115.5640,-0.282323,0.259312,-3.812762,0.000166,0.000823,-0.164034,-0.276643,0.265412,-2.961813,0.000091,0.000989,-0.164070
115.6140,-0.282323,0.259312,-3.812762,0.000166,0.000823,-0.164037,-0.276645,0.265415,-2.961770,0.000219,0.000662,-0.164027
115.6640,-0.282324,0.259312,-3.812762,0.000166,0.000823,-0.164040,-0.276647,0.265415,-2.961788,0.000087,0.000935,-0.163966
115.7140,-0.282324,0.259312,-3.812762,0.000166,0.000823,-0.164043,-0.276647,0.265414,-2.961806,0.000044,0.000834,-0.163831
115.7640,-0.282325,0.259312,-3.812762,0.000166,0.000823,-0.164046,-0.276648,0.265415,-2.961775,-0.000006,0.000921,-0.163807
115.8140,-0.282325,0.259312,-3.812762,0.000166,0.000823,-0.164049,-0.276648,0.265415,-2.961782,0.000131,0.000840,-0.164045
115.8640,-0.282325,0.259312,-3.812762,0.000166,0.000823,-0.164052,-0.276647,0.265416,-2.961822,0.000011,0.000935,-0.164080
115.9140,-0.282326,0.259312,-3.812762,0.000166,0.000823,-0.164055,-0.276650,0.265413,-2.961771,0.000090,0.000714,-0.163859
115.9640,-0.282326,0.259312,-3.812762,0.000166,0.000823,-0.164058,-0.276650,0.265415,-2.961793,0.000111,0.000895,-0.164086
116.0140,-0.282327,0.259312,-3.812762,0.000166,0.000823,-0.164061,-0.276649,0.265417,-2.961814,0.000254,0.000800,-0.164106
116.0640,-0.282327,0.259312,-3.812762,0.000166,0.000823,-0.164064,-0.276651,0.265415,-2.961777,0.000269,0.000923,-0.164178
116.1140,-0.282327,0.259312,-3.812762,0.000166,0.000823,-0.164067,-0.276651,0.265413,-2.961787,0.000218,0.000773,-0.164138
116.1640,-0.282328,0.259312,-3.812762,0.000166,0.000823,-0.164070,-0.276652,0.265413,-2.961775,0.000195,0.000699,-0.164094
116.2140,-0.282328,0.259312,-3.812762,0.000166,0.000823,-0.164073,-0.276652,0.265413,-2.961773,0.000274,0.001163,-0.164152
116.2640,-0.282328,0.259312,-3.812762,0.000166,0.000823,-0.164075,-0.276650,0.265411,-2.961800,0.000067,0.000791,-0.163940
116.3140,-0.282329,0.259312,-3.812762,0.000166,0.000823,-0.164078,-0.276651,0.265410,-2.961771,-0.000003,0.000720,-0.164165
116.3640,-0.282329,0.259312,-3.812762,0.000166,0.000823,-0.164081,-0.276650,0.265410,-2.961781,0.000312,0.000980,-0.164129
116.4140,-0.282329,0.259312,-3.812762,0.000166,0.000823,-0.164084,-0.276647,0.265408,-2.961794,0.000054,0.000849,-0.164209
116.4640,-0.282330,0.259312,-3.812762,0.000166,0.000823,-0.164086,-0.276649,0.265409,-2.961774,0.000202,0.000762,-0.164042
116.5140,-0.282330,0.259312,-3.812762,0.000166,0.000823,-0.164089,-0.276650,0.265409,-2.961776,0.000136,0.000671,-0.163996
116.5660,-0.282330,0.259312,-3.812762,0.000166,0.000823,-0.164091,-0.276651,0.265411,-2.961808,0.000161,0.001002,-0.164077
116.6140,-0.282331,0.259312,-3.812762,0.000166,0.000823,-0.164094,-0.276653,0.265409,-2.961770,0.000364,0.000866,-0.164150
116.6640,-0.282331,0.259312,-3.812762,0.000166,0.000823,-0.164097,-0.276654,0.265406,-2.961785,0.000184,0.000619,-0.164216
116.7140,-0.282331,0.259312,-3.812762,0.000166,0.000823,-0.164099,-0.276657,0.265403,-2.961801,0.000121,0.000707,-0.164214
116.7640,-0.282332,0.259312,-3.812762,0.000166,0.000823,-0.164102,-0.276655,0.265405,-2.961775,0.000250,0.000840,-0.164179
116.8140,-0.282332,0.259312,-3.812762,0.000166,0.000823,-0.164104,-0.276654,0.265404,-2.961780,0.000268,0.000795,-0.163963
116.8640,-0.282332,0.259313,-3.812762,0.000166,0.000823,-0.164107,-0.276652,0.265403,-2.961816,0.000027,0.000758,-0.164070
116.9140,-0.282333,0.259313,-3.812762,0.000166,0.000823,-0.164109,-0.276654,0.265403,-2.961771,0.000071,0.000765,-0.164126
116.9640,-0.282333,0.259313,-3.812762,0.000166,0.000823,-0.164111,-0.276657,0.265406,-2.961790,0.000029,0.000916,-0.164056
117.0140,-0.282333,0.259313,-3.812762,0.000166,0.000823,-0.164114,-0.276660,0.265409,-2.961809,0.000192,0.000664,-0.164076
117.0640,-0.282333,0.259313,-3.812762,0.000166,0.000823,-0.164116,-0.276655,0.265406,-2.961777,0.000232,0.000722,-0.164056
117.1140,-0.282334,0.259313,-3.812762,0.000166,0.000823,-0.164119,-0.276655,0.265406,-2.961784,0.000197,0.000804,-0.164076
117.1640,-0.282334,0.259313,-3.812762,0.000166,0.000823,-0.164121,-0.276656,0.265406,-2.961826,0.000114,0.000937,-0.164135
117.2140,-0.282334,0.259313,-3.812762,0.000166,0.000823,-0.164123,-0.276654,0.265406,-2.961772,0.000321,0.000796,-0.164144
117.2640,-0.282335,0.259313,-3.812762,0.000166,0.000823,-0.164125,-0.276655,0.265409,-2.961796,0.000101,0.000750,-0.164222
117.3140,-0.282335,0.259313,-3.812762,0.000166,0.000823,-0.164128,-0.276653,0.265407,-2.961772,0.000107,0.000633,-0.164289
117.3640,-0.282335,0.259313,-3.812763,0.000166,0.000823,-0.164130,-0.276654,0.265409,-2.961779,0.000159,0.000767,-0.164070
117.4140,-0.282335,0.259313,-3.812763,0.000166,0.000823,-0.164132,-0.276655,0.265411,-2.961790,0.000155,0.000883,-0.164120
117.4640,-0.282336,0.259313,-3.812763,0.000166,0.000823,-0.164134,-0.276654,0.265412,-2.961775,0.000053,0.000797,-0.164184
117.5140,-0.282336,0.259313,-3.812763,0.000166,0.000823,-0.164136,-0.276654,0.265412,-2.961774,0.000126,0.000976,-0.164389
117.5640,-0.282336,0.259313,-3.812763,0.000166,0.000823,-0.164138,-0.276653,0.265410,-2.961803,0.000311,0.000846,-0.164309
117.6140,-0.282336,0.259313,-3.812763,0.000166,0.000823,-0.164141,-0.276653,0.265411,-2.961771,0.000182,0.000689,-0.164133
117.6640,-0.282337,0.259313,-3.812763,0.000166,0.000823,-0.164143,-0.276654,0.265411,-2.961783,0.000279,0.000880,-0.164119
117.7160,-0.282337,0.259313,-3.812763,0.000166,0.000823,-0.164145,-0.276655,0.265411,-2.961796,0.000074,0.000609,-0.164169
117.7640,-0.282337,0.259313,-3.812763,0.000166,0.000823,-0.164147,-0.276653,0.265410,-2.961775,0.000314,0.000879,-0.164047
117.8140,-0.282338,0.259313,-3.812763,0.000166,0.000823,-0.164149,-0.276653,0.265410,-2.961778,0.000127,0.000815,-0.164051
117.8640,-0.282338,0.259313,-3.812763,0.000166,0.000823,-0.164151,-0.276652,0.265408,-2.961811,0.000073,0.000781,-0.163999
117.9140,-0.282338,0.259313,-3.812763,0.000166,0.000823,-0.164153,-0.276653,0.265409,-2.961771,0.000183,0.000828,-0.164277
117.9640,-0.282338,0.259313,-3.812763,0.000166,0.000823,-0.164155,-0.276653,0.265408,-2.961787,0.000203,0.000710,-0.164381
118.0140,-0.282339,0.259313,-3.812763,0.000166,0.000823,-0.164157,-0.276654,0.265407,-2.961804,0.000086,0.000884,-0.164217
118.0640,-0.282339,0.259313,-3.812763,0.000166,0.000823,-0.164159,-0.276653,0.265407,-2.961775,0.000343,0.000791,-0.164119
118.1140,-0.282339,0.259313,-3.812763,0.000166,0.000823,-0.164160,-0.276652,0.265406,-2.961781,0.000032,0.000892,-0.164183
118.1640,-0.282339,0.259313,-3.812763,0.000166,0.000823,-0.164162,-0.276650,0.265404,-2.961820,0.000064,0.000810,-0.163977
118.2140,-0.282339,0.259313,-3.812763,0.000166,0.000823,-0.164164,-0.276651,0.265402,-2.961771,0.000270,0.000908,-0.164293
118.2640,-0.282340,0.259313,-3.812763,0.000166,0.000823,-0.164166,-0.276651,0.265401,-2.961792,0.000158,0.000749,-0.164296
118.3140,-0.282340,0.259313,-3.812763,0.000166,0.000823,-0.164168,-0.276652,0.265400,-2.961812,0.000096,0.000931,-0.164250
118.3640,-0.282340,0.259313,-3.812763,0.000166,0.000823,-0.164170,-0.276654,0.265401,-2.961778,0.000114,0.000651,-0.164228
118.4140,-0.282340,0.259313,-3.812763,0.000166,0.000823,-0.164171,-0.276655,0.265401,-2.961786,0.000222,0.000936,-0.164140
118.4640,-0.282341,0.259313,-3.812763,0.000166,0.000823,-0.164173,-0.276657,0.265400,-2.961830,0.000096,0.000725,-0.164052
118.5160,-0.282341,0.259313,-3.812763,0.000166,0.000823,-0.164175,-0.276657,0.265401,-2.961773,0.000186,0.000864,-0.164403
118.5640,-0.282341,0.259313,-3.812763,0.000166,0.000823,-0.164177,-0.276658,0.265398,-2.961799,0.000236,0.000824,-0.164334
118.6140,-0.282341,0.259313,-3.812763,0.000166,0.000823,-0.164178,-0.276658,0.265397,-2.961772,0.000101,0.000820,-0.164262
118.6640,-0.282341,0.259313,-3.812763,0.000166,0.000823,-0.164180,-0.276660,0.265396,-2.961780,0.000298,0.000896,-0.164238
118.7140,-0.282342,0.259313,-3.812763,0.000166,0.000823,-0.164182,-0.276661,0.265394,-2.961792,0.000209,0.000867,-0.164326
118.7640,-0.282342,0.259313,-3.812763,0.000166,0.000823,-0.164183,-0.276662,0.265395,-2.961775,0.000105,0.000836,-0.164265
118.8140,-0.282342,0.259313,-3.812763,0.000166,0.000823,-0.164185,-0.276661,0.265396,-2.961775,0.000306,0.000825,-0.164137
118.8640,-0.282342,0.259313,-3.812763,0.000166,0.000823,-0.164187,-0.276662,0.265395,-2.961806,0.000208,0.000731,-0.164357
118.9140,-0.282343,0.259313,-3.812763,0.000166,0.000823,-0.164188,-0.276661,0.265395,-2.961771,0.000125,0.000928,-0.163990
118.9640,-0.282343,0.259313,-3.812763,0.000166,0.000823,-0.164190,-0.276661,0.265395,-2.961784,0.000182,0.000886,-0.164023
119.0160,-0.282343,0.259313,-3.812763,0.000166,0.000823,-0.164191,-0.276661,0.265395,-2.961799,0.000217,0.000703,-0.164350
119.0640,-0.282343,0.259313,-3.812763,0.000166,0.000823,-0.164193,-0.276660,0.265395,-2.961775,0.000208,0.000929,-0.164174
119.1140,-0.282343,0.259313,-3.812763,0.000166,0.000823,-0.164195,-0.276659,0.265395,-2.961779,0.000272,0.000867,-0.164099
119.1660,-0.282343,0.259313,-3.812763,0.000166,0.000823,-0.164196,-0.276658,0.265394,-2.961814,0.000199,0.000829,-0.164261
119.2140,-0.282344,0.259313,-3.812763,0.000166,0.000823,-0.164198,-0.276660,0.265395,-2.961771,0.000093,0.000775,-0.164347
119.2640,-0.282344,0.259313,-3.812763,0.000166,0.000823,-0.164199,-0.276659,0.265398,-2.961789,0.000089,0.000583,-0.164327
119.3140,-0.282344,0.259313,-3.812763,0.000166,0.000823,-0.164201,-0.276659,0.265401,-2.961807,0.000175,0.000745,-0.164221
119.3640,-0.282344,0.259313,-3.812763,0.000166,0.000823,-0.164202,-0.276658,0.265398,-2.961776,0.000143,0.000961,-0.164261
119.4140,-0.282344,0.259313,-3.812763,0.000166,0.000823,-0.164203,-0.276659,0.265398,-2.961783,0.000130,0.000758,-0.164171
119.4640,-0.282345,0.259313,-3.812763,0.000166,0.000823,-0.164205,-0.276661,0.265396,-2.961823,0.000153,0.000875,-0.164276
119.5140,-0.282345,0.259313,-3.812763,0.000166,0.000823,-0.164206,-0.276662,0.265399,-2.961772,0.000010,0.000886,-0.164333
119.5640,-0.282345,0.259313,-3.812763,0.000166,0.000823,-0.164208,-0.276660,0.265401,-2.961794,-0.000003,0.000877,-0.164361
119.6140,-0.282345,0.259313,-3.812763,0.000166,0.000823,-0.164209,-0.276658,0.265405,-2.961815,0.000253,0.000766,-0.164211
119.6640,-0.282345,0.259313,-3.812763,0.000166,0.000823,-0.164210,-0.276659,0.265401,-2.961779,0.000291,0.000794,-0.164198
119.7140,-0.282345,0.259313,-3.812763,0.000166,0.000823,-0.164212,-0.276660,0.265400,-2.961788,0.000313,0.000803,-0.164159
119.7640,-0.282346,0.259313,-3.812763,0.000166,0.000823,-0.164213,-0.276660,0.265401,-2.961776,0.000143,0.000839,-0.164250
119.8140,-0.282346,0.259313,-3.812763,0.000166,0.000823,-0.164214,-0.276660,0.265401,-2.961774,0.000110,0.000896,-0.164133
119.8640,-0.282346,0.259313,-3.812763,0.000166,0.000823,-0.164216,-0.276657,0.265399,-2.961801,0.000095,0.000726,-0.164323
119.9140,-0.282346,0.259313,-3.812763,0.000166,0.000823,-0.164217,-0.276657,0.265398,-2.961772,0.000246,0.000837,-0.164211
119.9660,-0.282346,0.259313,-3.812763,0.000166,0.000823,-0.164218,-0.276658,0.265397,-2.961782,0.000320,0.000747,-0.164220
120.0140,-0.282346,0.259313,-3.812763,0.000166,0.000823,-0.164220,-0.276661,0.265394,-2.961795,0.000352,0.000789,-0.164232
120.0640,-0.282347,0.259313,-3.812763,0.000167,0.000823,-0.164221,-0.276661,0.265397,-2.961775,0.000334,0.000761,-0.164308
120.1140,-0.282347,0.259313,-3.812763,0.000167,0.000823,-0.164222,-0.276662,0.265395,-2.961777,0.000170,0.000964,-0.164144
120.1640,-0.282347,0.259313,-3.812763,0.000167,0.000823,-0.164223,-0.276662,0.265394,-2.961809,0.000136,0.000870,-0.164219
120.2140,-0.282347,0.259313,-3.812763,0.000167,0.000823,-0.164225,-0.276662,0.265394,-2.961771,0.000295,0.000809,-0.164161
120.2640,-0.282347,0.259313,-3.812763,0.000167,0.000823,-0.164226,-0.276662,0.265393,-2.961786,0.000199,0.000815,-0.164306
120.3140,-0.282347,0.259313,-3.812763,0.000167,0.000823,-0.164227,-0.276661,0.265392,-2.961802,0.000154,0.000764,-0.164145
120.3640,-0.282348,0.259313,-3.812763,0.000167,0.000823,-0.164228,-0.276661,0.265391,-2.961776,0.000129,0.000917,-0.164240
120.4140,-0.282348,0.259313,-3.812763,0.000167,0.000823,-0.164229,-0.276659,0.265392,-2.961780,0.000130,0.000945,-0.164270
120.4640,-0.282348,0.259313,-3.812763,0.000167,0.000823,-0.164231,-0.276654,0.265392,-2.961817,0.000179,0.000907,-0.164308
120.5140,-0.282348,0.259313,-3.812763,0.000167,0.000823,-0.164232,-0.276659,0.265393,-2.961772,0.000326,0.000819,-0.164184
120.5640,-0.282348,0.259313,-3.812763,0.000167,0.000823,-0.164233,-0.276662,0.265392,-2.961791,0.000106,0.000667,-0.164356
120.6140,-0.282348,0.259313,-3.812763,0.000167,0.000823,-0.164234,-0.276665,0.265394,-2.961810,0.000150,0.000885,-0.164196
120.6640,-0.282348,0.259313,-3.812763,0.000167,0.000823,-0.164235,-0.276663,0.265392,-2.961777,-0.000050,0.000760,-0.164163
120.7140,-0.282349,0.259313,-3.812763,0.000167,0.000823,-0.164236,-0.276663,0.265394,-2.961785,0.000170,0.000781,-0.164295
120.7640,-0.282349,0.259313,-3.812763,0.000167,0.000823,-0.164237,-0.276665,0.265399,-2.961827,0.000205,0.000720,-0.164238
120.8140,-0.282349,0.259313,-3.812763,0.000167,0.000823,-0.164238,-0.276663,0.265395,-2.961773,-0.000057,0.000721,-0.164276
120.8640,-0.282349,0.259313,-3.812763,0.000167,0.000823,-0.164240,-0.276666,0.265396,-2.961797,0.000084,0.000951,-0.164159
120.9140,-0.282349,0.259313,-3.812763,0.000167,0.000823,-0.164241,-0.276665,0.265394,-2.961773,0.000160,0.000650,-0.164268
120.9660,-0.282349,0.259313,-3.812763,0.000167,0.000823,-0.164242,-0.276665,0.265396,-2.961780,0.000058,0.000689,-0.164259
121.0140,-0.282349,0.259313,-3.812763,0.000167,0.000823,-0.164243,-0.276667,0.265398,-2.961790,0.000299,0.000663,-0.164235
121.0660,-0.282350,0.259313,-3.812763,0.000167,0.000823,-0.164244,-0.276666,0.265400,-2.961775,0.000279,0.000801,-0.164196
121.1140,-0.282350,0.259313,-3.812763,0.000167,0.000823,-0.164245,-0.276667,0.265399,-2.961775,0.000154,0.000790,-0.164217
121.1640,-0.282350,0.259313,-3.812763,0.000167,0.000823,-0.164246,-0.276668,0.265400,-2.961804,0.000337,0.000867,-0.164129
121.2140,-0.282350,0.259313,-3.812763,0.000167,0.000823,-0.164247,-0.276668,0.265400,-2.961772,0.000021,0.000928,-0.164143
121.2640,-0.282350,0.259313,-3.812763,0.000167,0.000823,-0.164248,-0.276667,0.265401,-2.961783,0.000001,0.000877,-0.164191
121.3140,-0.282350,0.259313,-3.812763,0.000167,0.000823,-0.164249,-0.276666,0.265403,-2.961797,0.000117,0.000841,-0.164431
121.3640,-0.282350,0.259313,-3.812763,0.000167,0.000823,-0.164250,-0.276667,0.265402,-2.961776,0.000201,0.000896,-0.164105
121.4140,-0.282350,0.259313,-3.812763,0.000167,0.000823,-0.164251,-0.276667,0.265401,-2.961778,0.000215,0.000817,-0.164151
121.4640,-0.282351,0.259313,-3.812763,0.000167,0.000823,-0.164252,-0.276667,0.265401,-2.961812,0.000169,0.000938,-0.164136
121.5160,-0.282351,0.259313,-3.812763,0.000167,0.000823,-0.164253,-0.276669,0.265400,-2.961772,0.000324,0.000902,-0.164299
121.5640,-0.282351,0.259313,-3.812763,0.000167,0.000823,-0.164253,-0.276669,0.265397,-2.961788,0.000176,0.000892,-0.164364
121.6140,-0.282351,0.259313,-3.812763,0.000167,0.000823,-0.164254,-0.276670,0.265395,-2.961804,0.000281,0.000801,-0.164190
121.6640,-0.282351,0.259313,-3.812763,0.000167,0.000823,-0.164255,-0.276670,0.265397,-2.961776,0.000080,0.000698,-0.164285
121.7140,-0.282351,0.259313,-3.812763,0.000167,0.000823,-0.164256,-0.276669,0.265399,-2.961782,0.000068,0.000735,-0.164232
121.7640,-0.282351,0.259313,-3.812763,0.000167,0.000823,-0.164257,-0.276670,0.265404,-2.961820,-0.000056,0.000846,-0.164331
121.8140,-0.282351,0.259313,-3.812763,0.000167,0.000823,-0.164258,-0.276670,0.265398,-2.961772,-0.000003,0.000809,-0.164311
121.8640,-0.282351,0.259313,-3.812763,0.000167,0.000823,-0.164259,-0.276670,0.265399,-2.961793,0.000221,0.000886,-0.164293
121.9140,-0.282352,0.259313,-3.812763,0.000167,0.000823,-0.164260,-0.276669,0.265399,-2.961813,0.000153,0.000781,-0.164215
121.9660,-0.282352,0.259313,-3.812763,0.000167,0.000823,-0.164261,-0.276670,0.265399,-2.961778,-0.000016,0.000783,-0.164272
122.0140,-0.282352,0.259313,-3.812763,0.000167,0.000823,-0.164261,-0.276671,0.265399,-2.961787,0.000189,0.000919,-0.164145
122.0640,-0.282352,0.259313,-3.812763,0.000167,0.000823,-0.164262,-0.276671,0.265399,-2.961830,0.000103,0.000750,-0.164168
122.1140,-0.282352,0.259313,-3.812763,0.000167,0.000823,-0.164263,-0.276672,0.265398,-2.961774,0.000174,0.000859,-0.164341
122.1640,-0.282352,0.259313,-3.812763,0.000167,0.000823,-0.164264,-0.276671,0.265397,-2.961799,0.000320,0.000901,-0.164370
122.2140,-0.282352,0.259313,-3.812763,0.000167,0.000823,-0.164265,-0.276672,0.265398,-2.961773,0.000022,0.000883,-0.164355
122.2640,-0.282352,0.259313,-3.812763,0.000167,0.000823,-0.164266,-0.276673,0.265398,-2.961781,0.000131,0.001025,-0.164436
122.3140,-0.282352,0.259313,-3.812763,0.000167,0.000823,-0.164266,-0.276673,0.265399,-2.961793,0.000328,0.000822,-0.164208
122.3640,-0.282352,0.259313,-3.812763,0.000167,0.000823,-0.164267,-0.276673,0.265401,-2.961775,0.000279,0.000746,-0.164344
122.4140,-0.282353,0.259313,-3.812764,0.000167,0.000823,-0.164268,-0.276674,0.265400,-2.961776,0.000214,0.000659,-0.164093
122.4640,-0.282353,0.259313,-3.812764,0.000167,0.000823,-0.164269,-0.276676,0.265398,-2.961806,0.000118,0.000778,-0.164250
122.5140,-0.282353,0.259313,-3.812764,0.000167,0.000823,-0.164269,-0.276677,0.265399,-2.961772,0.000278,0.000813,-0.164295
122.5640,-0.282353,0.259313,-3.812764,0.000167,0.000823,-0.164270,-0.276678,0.265397,-2.961785,0.000060,0.000754,-0.164467
122.6140,-0.282353,0.259313,-3.812764,0.000167,0.000823,-0.164271,-0.276680,0.265395,-2.961799,0.000302,0.000999,-0.164331
122.6640,-0.282353,0.259313,-3.812764,0.000167,0.000823,-0.164272,-0.276680,0.265397,-2.961776,0.000000,0.000909,-0.164196
122.7140,-0.282353,0.259313,-3.812764,0.000167,0.000823,-0.164272,-0.276680,0.265399,-2.961780,0.000104,0.000954,-0.164260
122.7640,-0.282353,0.259313,-3.812764,0.000167,0.000823,-0.164273,-0.276680,0.265401,-2.961815,-0.000043,0.000709,-0.164323
122.8140,-0.282353,0.259313,-3.812764,0.000167,0.000823,-0.164274,-0.276678,0.265397,-2.961772,0.000170,0.000644,-0.164251
122.8640,-0.282353,0.259313,-3.812764,0.000167,0.000823,-0.164275,-0.276681,0.265397,-2.961789,0.000032,0.000724,-0.164318
122.9140,-0.282353,0.259313,-3.812764,0.000167,0.000823,-0.164275,-0.276683,0.265397,-2.961807,0.000199,0.000740,-0.164271
122.9640,-0.282354,0.259313,-3.812764,0.000167,0.000823,-0.164276,-0.276681,0.265396,-2.961777,0.000156,0.000826,-0.164385
123.0140,-0.282354,0.259313,-3.812764,0.000167,0.000823,-0.164277,-0.276683,0.265395,-2.961784,0.000119,0.000830,-0.164239
123.0640,-0.282354,0.259313,-3.812764,0.000167,0.000823,-0.164277,-0.276684,0.265395,-2.961824,0.000360,0.000660,-0.164417
123.1140,-0.282354,0.259313,-3.812764,0.000167,0.000823,-0.164278,-0.276681,0.265395,-2.961772,0.000098,0.000853,-0.164274
123.1640,-0.282354,0.259313,-3.812764,0.000167,0.000823,-0.164279,-0.276680,0.265395,-2.961795,0.000055,0.000903,-0.164359
123.2140,-0.282354,0.259313,-3.812764,0.000167,0.000823,-0.164279,-0.276678,0.265395,-2.961816,0.000086,0.000712,-0.164093
123.2640,-0.282354,0.259313,-3.812764,0.000167,0.000823,-0.164280,-0.276681,0.265392,-2.961779,0.000186,0.000835,-0.164246
123.3140,-0.282354,0.259313,-3.812764,0.000167,0.000823,-0.164281,-0.276682,0.265390,-2.961789,0.000247,0.000769,-0.164355
123.3640,-0.282354,0.259313,-3.812764,0.000167,0.000823,-0.164281,-0.276683,0.265390,-2.961776,-0.000012,0.000780,-0.164329
123.4140,-0.282354,0.259313,-3.812764,0.000167,0.000823,-0.164282,-0.276683,0.265391,-2.961775,0.000268,0.000874,-0.164327
123.4640,-0.282354,0.259314,-3.812764,0.000167,0.000823,-0.164283,-0.276686,0.265391,-2.961802,0.000158,0.000661,-0.164287
123.5140,-0.282354,0.259314,-3.812764,0.000167,0.000823,-0.164283,-0.276682,0.265391,-2.961773,0.000062,0.000916,-0.164352
123.5640,-0.282355,0.259314,-3.812764,0.000167,0.000823,-0.164284,-0.276681,0.265390,-2.961782,0.000158,0.000900,-0.164377
123.6140,-0.282355,0.259314,-3.812764,0.000167,0.000823,-0.164284,-0.276681,0.265389,-2.961795,0.000168,0.000699,-0.164178
123.6660,-0.282355,0.259314,-3.812764,0.000167,0.000823,-0.164285,-0.276683,0.265387,-2.961776,0.000067,0.000714,-0.164297
123.7140,-0.282355,0.259314,-3.812764,0.000167,0.000823,-0.164286,-0.276684,0.265389,-2.961777,0.000035,0.000898,-0.164355
123.7640,-0.282355,0.259314,-3.812764,0.000167,0.000823,-0.164286,-0.276683,0.265392,-2.961809,0.000167,0.000719,-0.164338
123.8140,-0.282355,0.259314,-3.812764,0.000167,0.000823,-0.164287,-0.276681,0.265390,-2.961772,0.000300,0.000645,-0.164326
123.8640,-0.282355,0.259314,-3.812764,0.000167,0.000823,-0.164287,-0.276683,0.265388,-2.961786,-0.000019,0.000689,-0.164092
123.9140,-0.282355,0.259314,-3.812764,0.000167,0.000823,-0.164288,-0.276683,0.265387,-2.961802,0.000145,0.000800,-0.164356
123.9640,-0.282355,0.259314,-3.812764,0.000167,0.000823,-0.164288,-0.276683,0.265388,-2.961776,0.000315,0.000905,-0.164144
124.0140,-0.282355,0.259314,-3.812764,0.000167,0.000823,-0.164289,-0.276682,0.265388,-2.961781,0.000257,0.000860,-0.164357
124.0640,-0.282355,0.259314,-3.812764,0.000167,0.000823,-0.164290,-0.276682,0.265386,-2.961817,0.000222,0.000742,-0.164147
124.1140,-0.282355,0.259314,-3.812764,0.000167,0.000823,-0.164290,-0.276680,0.265388,-2.961772,0.000118,0.001035,-0.164174
124.1640,-0.282355,0.259314,-3.812764,0.000167,0.000823,-0.164291,-0.276679,0.265387,-2.961791,0.000066,0.000784,-0.164325
124.2140,-0.282356,0.259314,-3.812764,0.000167,0.000823,-0.164291,-0.276678,0.265386,-2.961810,0.000026,0.000790,-0.164254
124.2640,-0.282356,0.259314,-3.812764,0.000167,0.000823,-0.164292,-0.276679,0.265386,-2.961778,0.000053,0.000691,-0.164343
124.3140,-0.282356,0.259314,-3.812764,0.000167,0.000823,-0.164292,-0.276681,0.265386,-2.961786,0.000117,0.000749,-0.164161
124.3640,-0.282356,0.259314,-3.812764,0.000167,0.000823,-0.164293,-0.276683,0.265386,-2.961827,0.000200,0.000580,-0.164301
124.4140,-0.282356,0.259314,-3.812764,0.000167,0.000823,-0.164293,-0.276679,0.265385,-2.961773,0.000117,0.000789,-0.164470
124.4640,-0.282356,0.259314,-3.812764,0.000167,0.000823,-0.164294,-0.276679,0.265388,-2.961797,0.000139,0.000894,-0.164317
124.5140,-0.282356,0.259314,-3.812764,0.000167,0.000823,-0.164294,-0.276680,0.265389,-2.961773,0.000193,0.000850,-0.164282
124.5640,-0.282356,0.259314,-3.812764,0.000167,0.000823,-0.164295,-0.276681,0.265390,-2.961780,0.000147,0.000909,-0.164243
124.6160,-0.282356,0.259314,-3.812764,0.000167,0.000823,-0.164295,-0.276682,0.265393,-2.961791,0.000075,0.000789,-0.164418
124.6640,-0.282356,0.259314,-3.812764,0.000167,0.000823,-0.164296,-0.276682,0.265392,-2.961776,0.000038,0.000786,-0.164328
124.7140,-0.282356,0.259314,-3.812764,0.000167,0.000823,-0.164296,-0.276682,0.265393,-2.961775,0.000116,0.000661,-0.164401
124.7640,-0.282356,0.259314,-3.812764,0.000167,0.000823,-0.164297,-0.276687,0.265396,-2.961804,0.000340,0.000785,-0.164331
124.8140,-0.282356,0.259314,-3.812764,0.000167,0.000823,-0.164297,-0.276684,0.265396,-2.961772,0.000204,0.000782,-0.164467
124.8640,-0.282356,0.259314,-3.812764,0.000167,0.000823,-0.164298,-0.276685,0.265395,-2.961784,0.000253,0.000725,-0.164389
124.9140,-0.282356,0.259314,-3.812764,0.000167,0.000823,-0.164298,-0.276686,0.265393,-2.961797,0.000215,0.000822,-0.164437
124.9660,-0.282356,0.259314,-3.812764,0.000167,0.000823,-0.164299,-0.276685,0.265395,-2.961776,0.000170,0.000847,-0.164186
125.0140,-0.282357,0.259314,-3.812764,0.000167,0.000823,-0.164299,-0.276685,0.265395,-2.961778,0.000137,0.000774,-0.164349
125.0660,-0.282357,0.259314,-3.812764,0.000167,0.000823,-0.164300,-0.276685,0.265396,-2.961812,0.000163,0.000605,-0.164200
125.1140,-0.282357,0.259314,-3.812764,0.000167,0.000823,-0.164300,-0.276683,0.265393,-2.961772,0.000442,0.000866,-0.164351
125.1640,-0.282357,0.259314,-3.812764,0.000167,0.000823,-0.164300,-0.276683,0.265389,-2.961788,0.000100,0.000795,-0.164276
125.2140,-0.282357,0.259314,-3.812764,0.000167,0.000823,-0.164301,-0.276683,0.265386,-2.961805,0.000217,0.000720,-0.164440
125.2640,-0.282357,0.259314,-3.812764,0.000167,0.000823,-0.164301,-0.276681,0.265386,-2.961776,0.000046,0.000859,-0.164301
125.3140,-0.282357,0.259314,-3.812764,0.000167,0.000823,-0.164302,-0.276679,0.265386,-2.961782,0.000087,0.000591,-0.164236
125.3640,-0.282357,0.259314,-3.812764,0.000167,0.000823,-0.164302,-0.276678,0.265386,-2.961820,0.000186,0.000922,-0.164332
125.4140,-0.282357,0.259314,-3.812764,0.000167,0.000823,-0.164303,-0.276679,0.265387,-2.961772,0.000218,0.000780,-0.164186
125.4640,-0.282357,0.259314,-3.812764,0.000167,0.000823,-0.164303,-0.276677,0.265389,-2.961793,0.000122,0.000841,-0.164197
125.5140,-0.282357,0.259314,-3.812764,0.000167,0.000823,-0.164303,-0.276677,0.265390,-2.961813,0.000215,0.000692,-0.164387
125.5640,-0.282357,0.259314,-3.812764,0.000167,0.000823,-0.164304,-0.276677,0.265389,-2.961778,0.000127,0.000912,-0.164287
125.6140,-0.282357,0.259314,-3.812764,0.000167,0.000823,-0.164304,-0.276675,0.265391,-2.961787,0.000483,0.000741,-0.164307
125.6640,-0.282357,0.259314,-3.812764,0.000167,0.000823,-0.164305,-0.276674,0.265390,-2.961830,0.000175,0.000755,-0.164164
125.7140,-0.282357,0.259314,-3.812764,0.000167,0.000823,-0.164305,-0.276675,0.265393,-2.961774,0.000217,0.000687,-0.164292
125.7640,-0.282357,0.259314,-3.812764,0.000167,0.000823,-0.164305,-0.276677,0.265392,-2.961800,0.000328,0.000762,-0.164342
125.8140,-0.282357,0.259314,-3.812764,0.000167,0.000823,-0.164306,-0.276676,0.265394,-2.961773,0.000193,0.000723,-0.164359
125.8640,-0.282357,0.259314,-3.812764,0.000167,0.000823,-0.164306,-0.276674,0.265394,-2.961781,0.000022,0.000884,-0.164326
125.9160,-0.282357,0.259314,-3.812764,0.000167,0.000823,-0.164306,-0.276671,0.265395,-2.961793,0.000204,0.000733,-0.164396
125.9640,-0.282358,0.259314,-3.812764,0.000167,0.000823,-0.164307,-0.276671,0.265394,-2.961776,0.000176,0.000879,-0.164249
126.0140,-0.282358,0.259314,-3.812764,0.000167,0.000823,-0.164307,-0.276671,0.265394,-2.961776,0.000218,0.000801,-0.164201
126.0640,-0.282358,0.259314,-3.812764,0.000167,0.000823,-0.164308,-0.276671,0.265394,-2.961806,0.000289,0.000742,-0.164233
126.1140,-0.282358,0.259314,-3.812764,0.000167,0.000823,-0.164308,-0.276670,0.265393,-2.961772,0.000166,0.000850,-0.164163
126.1640,-0.282358,0.259314,-3.812764,0.000167,0.000823,-0.164308,-0.276669,0.265394,-2.961785,0.000196,0.000989,-0.164222
126.2140,-0.282358,0.259314,-3.812764,0.000167,0.000823,-0.164309,-0.276668,0.265393,-2.961800,0.000171,0.000779,-0.164194
126.2640,-0.282358,0.259314,-3.812764,0.000167,0.000823,-0.164309,-0.276667,0.265392,-2.961776,0.000047,0.000795,-0.164251
126.3140,-0.282358,0.259314,-3.812764,0.000167,0.000823,-0.164309,-0.276667,0.265392,-2.961780,0.000288,0.000850,-0.164268
126.3640,-0.282358,0.259314,-3.812764,0.000167,0.000823,-0.164310,-0.276666,0.265391,-2.961815,0.000039,0.000699,-0.164309
126.4140,-0.282358,0.259314,-3.812764,0.000167,0.000823,-0.164310,-0.276666,0.265391,-2.961772,0.000127,0.000958,-0.164336
126.4640,-0.282358,0.259314,-3.812764,0.000167,0.000823,-0.164310,-0.276664,0.265391,-2.961790,0.000099,0.000772,-0.164365
126.5140,-0.282358,0.259314,-3.812764,0.000167,0.000823,-0.164311,-0.276664,0.265392,-2.961807,0.000321,0.000868,-0.164354
126.5640,-0.282358,0.259314,-3.812764,0.000167,0.000823,-0.164311,-0.276664,0.265393,-2.961777,-0.000159,0.000967,-0.164202
126.6140,-0.282358,0.259314,-3.812764,0.000167,0.000823,-0.164311,-0.276662,0.265395,-2.961784,0.000090,0.000822,-0.164349
126.6660,-0.282358,0.259314,-3.812764,0.000167,0.000823,-0.164312,-0.276657,0.265400,-2.961824,0.000147,0.000681,-0.164289
126.7140,-0.282358,0.259314,-3.812764,0.000167,0.000823,-0.164312,-0.276661,0.265395,-2.961773,0.000246,0.000939,-0.164293
126.7660,-0.282358,0.259314,-3.812764,0.000167,0.000823,-0.164312,-0.276659,0.265395,-2.961795,0.000099,0.000632,-0.164350
126.8140,-0.282358,0.259314,-3.812764,0.000167,0.000823,-0.164313,-0.276659,0.265396,-2.961816,0.000315,0.000875,-0.164392
126.8640,-0.282358,0.259314,-3.812764,0.000167,0.000823,-0.164313,-0.276658,0.265395,-2.961779,0.000045,0.000632,-0.164474
126.9140,-0.282358,0.259314,-3.812764,0.000167,0.000823,-0.164313,-0.276658,0.265395,-2.961789,0.000214,0.000769,-0.164371
126.9640,-0.282358,0.259314,-3.812764,0.000167,0.000823,-0.164314,-0.276658,0.265395,-2.961776,0.000262,0.000843,-0.164143
127.0140,-0.282358,0.259314,-3.812764,0.000167,0.000823,-0.164314,-0.276658,0.265395,-2.961775,0.000151,0.000784,-0.164431
127.0640,-0.282358,0.259314,-3.812764,0.000167,0.000823,-0.164314,-0.276658,0.265395,-2.961802,0.000107,0.000899,-0.164317
127.1140,-0.282358,0.259314,-3.812764,0.000167,0.000823,-0.164314,-0.276657,0.265395,-2.961773,0.000191,0.000669,-0.164436
127.1640,-0.282359,0.259314,-3.812764,0.000167,0.000823,-0.164315,-0.276657,0.265394,-2.961782,0.000165,0.000681,-0.164172
127.2140,-0.282359,0.259314,-3.812764,0.000167,0.000823,-0.164315,-0.276659,0.265395,-2.961795,0.000137,0.000804,-0.164351
127.2640,-0.282359,0.259314,-3.812764,0.000167,0.000823,-0.164315,-0.276657,0.265395,-2.961776,-0.000043,0.000821,-0.164356
127.3140,-0.282359,0.259314,-3.812764,0.000167,0.000823,-0.164316,-0.276657,0.265396,-2.961777,0.000214,0.000926,-0.164350
127.3660,-0.282359,0.259314,-3.812764,0.000167,0.000823,-0.164316,-0.276655,0.265398,-2.961809,0.000211,0.000873,-0.164306
127.4140,-0.282359,0.259314,-3.812764,0.000167,0.000823,-0.164316,-0.276655,0.265398,-2.961772,0.000235,0.000734,-0.164277
127.4660,-0.282359,0.259314,-3.812764,0.000167,0.000823,-0.164316,-0.276657,0.265398,-2.961786,0.000140,0.000783,-0.164238
127.5140,-0.282359,0.259314,-3.812764,0.000167,0.000823,-0.164317,-0.276658,0.265399,-2.961802,0.000209,0.000891,-0.164320
127.5640,-0.282359,0.259314,-3.812764,0.000167,0.000823,-0.164317,-0.276658,0.265399,-2.961776,0.000119,0.000987,-0.164298
127.6140,-0.282359,0.259314,-3.812764,0.000167,0.000823,-0.164317,-0.276656,0.265398,-2.961781,0.000054,0.000794,-0.164337
127.6640,-0.282359,0.259314,-3.812764,0.000167,0.000823,-0.164318,-0.276653,0.265397,-2.961818,0.000173,0.000815,-0.164298
127.7140,-0.282359,0.259314,-3.812764,0.000167,0.000823,-0.164318,-0.276655,0.265397,-2.961772,0.000136,0.000773,-0.164480
127.7640,-0.282359,0.259314,-3.812764,0.000167,0.000823,-0.164318,-0.276657,0.265398,-2.961791,-0.000001,0.000813,-0.164312
127.8140,-0.282359,0.259314,-3.812764,0.000167,0.000823,-0.164318,-0.276658,0.265399,-2.961810,0.000047,0.000539,-0.164290
127.8640,-0.282359,0.259314,-3.812764,0.000167,0.000823,-0.164319,-0.276654,0.265396,-2.961778,0.000261,0.000682,-0.164361
127.9140,-0.282359,0.259314,-3.812764,0.000167,0.000823,-0.164319,-0.276653,0.265394,-2.961786,0.000221,0.000810,-0.164442
127.9640,-0.282359,0.259314,-3.812764,0.000167,0.000823,-0.164319,-0.276653,0.265392,-2.961827,0.000281,0.000903,-0.164311
128.0140,-0.282359,0.259314,-3.812764,0.000167,0.000823,-0.164319,-0.276652,0.265396,-2.961773,0.000189,0.000965,-0.164373
128.0640,-0.282359,0.259314,-3.812764,0.000167,0.000823,-0.164320,-0.276653,0.265397,-2.961797,0.000418,0.000701,-0.164325
128.1140,-0.282359,0.259314,-3.812764,0.000167,0.000823,-0.164320,-0.276651,0.265398,-2.961773,0.000200,0.000847,-0.164307
128.1640,-0.282359,0.259314,-3.812764,0.000167,0.000823,-0.164320,-0.276651,0.265397,-2.961780,0.000304,0.000821,-0.164375
128.2140,-0.282359,0.259314,-3.812764,0.000167,0.000823,-0.164320,-0.276652,0.265397,-2.961791,0.000080,0.000828,-0.164145
128.2640,-0.282359,0.259314,-3.812764,0.000167,0.000823,-0.164320,-0.276654,0.265397,-2.961776,0.000133,0.000993,-0.164352
128.3160,-0.282359,0.259314,-3.812764,0.000167,0.000823,-0.164321,-0.276652,0.265397,-2.961775,0.000168,0.000781,-0.164154
128.3640,-0.282359,0.259314,-3.812764,0.000167,0.000823,-0.164321,-0.276650,0.265398,-2.961804,0.000296,0.000924,-0.164316
128.4140,-0.282359,0.259314,-3.812764,0.000167,0.000823,-0.164321,-0.276651,0.265398,-2.961772,0.000208,0.000749,-0.164233
128.4640,-0.282359,0.259314,-3.812764,0.000167,0.000823,-0.164321,-0.276651,0.265398,-2.961784,0.000187,0.000788,-0.164176
128.5140,-0.282359,0.259314,-3.812764,0.000167,0.000823,-0.164322,-0.276650,0.265400,-2.961798,0.000107,0.000941,-0.164453
128.5660,-0.282359,0.259314,-3.812764,0.000167,0.000823,-0.164322,-0.276650,0.265399,-2.961776,0.000086,0.000999,-0.164293
128.6140,-0.282359,0.259314,-3.812764,0.000167,0.000823,-0.164322,-0.276648,0.265400,-2.961779,0.000246,0.000843,-0.164362
128.6640,-0.282359,0.259314,-3.812764,0.000167,0.000823,-0.164322,-0.276643,0.265400,-2.961812,0.000192,0.000911,-0.164285
128.7140,-0.282359,0.259314,-3.812764,0.000167,0.000823,-0.164322,-0.276647,0.265401,-2.961772,0.000388,0.000837,-0.164489
128.7640,-0.282360,0.259314,-3.812764,0.000167,0.000823,-0.164323,-0.276647,0.265399,-2.961788,0.000219,0.000657,-0.164261
128.8140,-0.282360,0.259314,-3.812764,0.000167,0.000823,-0.164323,-0.276649,0.265398,-2.961805,0.000161,0.000786,-0.164362
128.8640,-0.282360,0.259314,-3.812764,0.000167,0.000823,-0.164323,-0.276644,0.265399,-2.961776,0.000325,0.000849,-0.164269
128.9140,-0.282360,0.259314,-3.812764,0.000167,0.000823,-0.164323,-0.276644,0.265397,-2.961782,0.000139,0.000917,-0.164145
128.9640,-0.282360,0.259314,-3.812764,0.000167,0.000823,-0.164323,-0.276641,0.265393,-2.961821,0.000046,0.000824,-0.164239
129.0160,-0.282360,0.259314,-3.812764,0.000167,0.000823,-0.164324,-0.276646,0.265395,-2.961772,0.000166,0.000874,-0.164264
129.0640,-0.282360,0.259314,-3.812764,0.000167,0.000823,-0.164324,-0.276646,0.265394,-2.961793,0.000229,0.000748,-0.164317
129.1140,-0.282360,0.259314,-3.812764,0.000167,0.000823,-0.164324,-0.276647,0.265393,-2.961813,0.000168,0.000962,-0.164345
129.1640,-0.282360,0.259314,-3.812764,0.000167,0.000823,-0.164324,-0.276647,0.265394,-2.961779,0.000415,0.000888,-0.164295
129.2140,-0.282360,0.259314,-3.812764,0.000167,0.000823,-0.164324,-0.276646,0.265393,-2.961787,0.000231,0.000794,-0.164159
129.2660,-0.282360,0.259314,-3.812764,0.000167,0.000823,-0.164325,-0.276647,0.265390,-2.961830,0.000255,0.000826,-0.164349
129.3140,-0.282360,0.259314,-3.812764,0.000167,0.000823,-0.164325,-0.276644,0.265391,-2.961774,0.000157,0.000897,-0.164303
129.3640,-0.282360,0.259314,-3.812764,0.000167,0.000823,-0.164325,-0.276643,0.265388,-2.961800,0.000190,0.000700,-0.164436
129.4140,-0.282360,0.259314,-3.812764,0.000167,0.000823,-0.164325,-0.276643,0.265389,-2.961773,0.000157,0.001074,-0.164328
129.4640,-0.282360,0.259314,-3.812764,0.000167,0.000823,-0.164325,-0.276642,0.265388,-2.961781,0.000161,0.000836,-0.164339
129.5140,-0.282360,0.259314,-3.812764,0.000167,0.000823,-0.164326,-0.276640,0.265387,-2.961793,0.000028,0.000795,-0.164314
129.5640,-0.282360,0.259314,-3.812764,0.000167,0.000823,-0.164326,-0.276641,0.265387,-2.961776,0.000112,0.000802,-0.164448
129.6140,-0.282360,0.259314,-3.812764,0.000167,0.000823,-0.164326,-0.276640,0.265387,-2.961776,0.000006,0.000791,-0.164450
129.6640,-0.282360,0.259314,-3.812764,0.000167,0.000823,-0.164326,-0.276638,0.265390,-2.961807,0.000147,0.000860,-0.164297
129.7140,-0.282360,0.259314,-3.812764,0.000167,0.000823,-0.164326,-0.276640,0.265390,-2.961772,0.000234,0.000839,-0.164315
129.7640,-0.282360,0.259314,-3.812764,0.000167,0.000823,-0.164326,-0.276640,0.265389,-2.961785,0.000180,0.000945,-0.164204
129.8140,-0.282360,0.259314,-3.812764,0.000167,0.000823,-0.164327,-0.276639,0.265386,-2.961800,0.000220,0.000674,-0.164203
129.8640,-0.282360,0.259314,-3.812764,0.000167,0.000823,-0.164327,-0.276639,0.265388,-2.961776,-0.000065,0.000991,-0.164441
129.9140,-0.282360,0.259314,-3.812764,0.000167,0.000823,-0.164327,-0.276638,0.265390,-2.961780,0.000011,0.000970,-0.164176
129.9640,-0.282360,0.259314,-3.812764,0.000167,0.000823,-0.164327,-0.276633,0.265395,-2.961815,-0.000020,0.000824,-0.164306
130.0140,-0.282360,0.259314,-3.812764,0.000167,0.000823,-0.164327,-0.276637,0.265390,-2.961772,0.000139,0.000674,-0.164282
130.0640,-0.282360,0.259314,-3.812764,0.000167,0.000823,-0.164327,-0.276639,0.265389,-2.961790,0.000111,0.000952,-0.164302
130.1140,-0.282360,0.259314,-3.812764,0.000167,0.000823,-0.164328,-0.276641,0.265389,-2.961808,0.000308,0.000821,-0.164405
130.1640,-0.282360,0.259314,-3.812764,0.000167,0.000823,-0.164328,-0.276639,0.265390,-2.961777,0.000232,0.000782,-0.164340
130.2160,-0.282360,0.259314,-3.812764,0.000167,0.000823,-0.164328,-0.276640,0.265391,-2.961784,0.000197,0.000858,-0.164431
130.2640,-0.282360,0.259314,-3.812764,0.000167,0.000823,-0.164328,-0.276642,0.265390,-2.961824,0.000201,0.000782,-0.164301
130.3140,-0.282360,0.259314,-3.812764,0.000167,0.000823,-0.164328,-0.276640,0.265393,-2.961773,0.000099,0.001097,-0.164261
130.3640,-0.282360,0.259314,-3.812764,0.000167,0.000823,-0.164328,-0.276638,0.265395,-2.961795,0.000055,0.000810,-0.164390
130.4140,-0.282360,0.259314,-3.812764,0.000167,0.000823,-0.164329,-0.276636,0.265398,-2.961816,0.000113,0.000754,-0.164300
130.4640,-0.282360,0.259314,-3.812764,0.000167,0.000823,-0.164329,-0.276639,0.265393,-2.961779,0.000252,0.000895,-0.164501
130.5160,-0.282360,0.259314,-3.812764,0.000167,0.000823,-0.164329,-0.276639,0.265393,-2.961789,-0.000037,0.000820,-0.164296
130.5640,-0.282360,0.259314,-3.812764,0.000167,0.000823,-0.164329,-0.276638,0.265393,-2.961776,0.000139,0.000631,-0.164331
130.6140,-0.282360,0.259314,-3.812764,0.000167,0.000823,-0.164329,-0.276639,0.265393,-2.961775,0.000200,0.000824,-0.164399
130.6640,-0.282360,0.259314,-3.812764,0.000167,0.000823,-0.164329,-0.276641,0.265394,-2.961802,0.000031,0.000645,-0.164283
130.7140,-0.282360,0.259314,-3.812764,0.000167,0.000823,-0.164329,-0.276639,0.265394,-2.961773,0.000244,0.000804,-0.164486
130.7640,-0.282360,0.259314,-3.812764,0.000167,0.000823,-0.164330,-0.276640,0.265394,-2.961783,0.000147,0.000822,-0.164325
130.8140,-0.282360,0.259314,-3.812764,0.000167,0.000823,-0.164330,-0.276641,0.265395,-2.961795,0.000266,0.000938,-0.164193
130.8640,-0.282360,0.259314,-3.812764,0.000167,0.000823,-0.164330,-0.276641,0.265397,-2.961776,0.000104,0.000711,-0.164459
130.9140,-0.282360,0.259314,-3.812764,0.000167,0.000823,-0.164330,-0.276641,0.265397,-2.961777,0.000201,0.000564,-0.164283
130.9640,-0.282360,0.259314,-3.812764,0.000167,0.000823,-0.164330,-0.276645,0.265401,-2.961809,0.000245,0.000897,-0.164433
131.0140,-0.282360,0.259314,-3.812764,0.000167,0.000823,-0.164330,-0.276644,0.265401,-2.961772,0.000181,0.000800,-0.164507
131.0640,-0.282361,0.259314,-3.812764,0.000167,0.000823,-0.164330,-0.276645,0.265401,-2.961786,0.000186,0.000929,-0.164454
131.1140,-0.282361,0.259314,-3.812764,0.000167,0.000823,-0.164330,-0.276645,0.265400,-2.961802,0.000190,0.000802,-0.164321
131.1640,-0.282361,0.259314,-3.812764,0.000167,0.000823,-0.164331,-0.276646,0.265400,-2.961776,0.000183,0.000642,-0.164209
131.2140,-0.282361,0.259314,-3.812764,0.000167,0.000823,-0.164331,-0.276648,0.265400,-2.961781,0.000163,0.000722,-0.164191
131.2640,-0.282361,0.259314,-3.812764,0.000167,0.000823,-0.164331,-0.276652,0.265401,-2.961818,0.000171,0.000777,-0.164209
131.3140,-0.282361,0.259314,-3.812764,0.000167,0.000823,-0.164331,-0.276648,0.265397,-2.961772,0.000250,0.001060,-0.164195
131.3640,-0.282361,0.259314,-3.812764,0.000167,0.000823,-0.164331,-0.276644,0.265398,-2.961791,0.000179,0.000815,-0.164363
131.4140,-0.282361,0.259314,-3.812764,0.000167,0.000823,-0.164331,-0.276642,0.265399,-2.961810,0.000214,0.000969,-0.164372
131.4640,-0.282361,0.259314,-3.812764,0.000167,0.000823,-0.164331,-0.276645,0.265398,-2.961778,-0.000003,0.000879,-0.164303
131.5140,-0.282361,0.259314,-3.812764,0.000167,0.000823,-0.164331,-0.276645,0.265398,-2.961786,0.000009,0.000810,-0.164398
131.5640,-0.282361,0.259314,-3.812764,0.000167,0.000823,-0.164332,-0.276643,0.265401,-2.961827,0.000241,0.000883,-0.164355
131.6160,-0.282361,0.259314,-3.812764,0.000167,0.000823,-0.164332,-0.276646,0.265400,-2.961773,0.000292,0.000697,-0.164124
131.6660,-0.282361,0.259314,-3.812764,0.000167,0.000823,-0.164332,-0.276646,0.265396,-2.961797,0.000140,0.000671,-0.164331
131.7140,-0.282361,0.259314,-3.812764,0.000167,0.000823,-0.164332,-0.276647,0.265397,-2.961773,0.000167,0.000913,-0.164300
131.7640,-0.282361,0.259314,-3.812764,0.000167,0.000823,-0.164332,-0.276647,0.265396,-2.961780,0.000220,0.000679,-0.164398
131.8140,-0.282361,0.259314,-3.812764,0.000167,0.000823,-0.164332,-0.276647,0.265395,-2.961791,0.000305,0.000788,-0.164384
131.8640,-0.282361,0.259314,-3.812764,0.000167,0.000823,-0.164332,-0.276648,0.265396,-2.961776,0.000206,0.000803,-0.164342
131.9140,-0.282361,0.259314,-3.812764,0.000167,0.000823,-0.164332,-0.276648,0.265395,-2.961775,0.000221,0.000905,-0.164110
131.9640,-0.282361,0.259314,-3.812764,0.000167,0.000823,-0.164332,-0.276647,0.265396,-2.961804,0.000138,0.000814,-0.164336
132.0140,-0.282361,0.259314,-3.812764,0.000167,0.000823,-0.164333,-0.276646,0.265395,-2.961773,0.000268,0.000840,-0.164202
132.0660,-0.282361,0.259314,-3.812764,0.000167,0.000823,-0.164333,-0.276646,0.265394,-2.961784,0.000129,0.000842,-0.164257
132.1140,-0.282361,0.259314,-3.812764,0.000167,0.000823,-0.164333,-0.276645,0.265392,-2.961798,0.000125,0.000861,-0.164352
132.1640,-0.282361,0.259314,-3.812764,0.000167,0.000823,-0.164333,-0.276647,0.265393,-2.961776,0.000225,0.000784,-0.164230
132.2140,-0.282361,0.259314,-3.812764,0.000167,0.000823,-0.164333,-0.276648,0.265393,-2.961779,0.000296,0.000929,-0.164320
132.2640,-0.282361,0.259314,-3.812764,0.000167,0.000823,-0.164333,-0.276648,0.265388,-2.961812,0.000183,0.000822,-0.164233
132.3140,-0.282361,0.259314,-3.812764,0.000167,0.000823,-0.164333,-0.276648,0.265393,-2.961772,0.000014,0.000713,-0.164218
132.3660,-0.282361,0.259314,-3.812764,0.000167,0.000823,-0.164333,-0.276649,0.265394,-2.961788,0.000158,0.000733,-0.164331
132.4140,-0.282361,0.259314,-3.812764,0.000167,0.000823,-0.164333,-0.276651,0.265395,-2.961805,0.000268,0.000932,-0.164184
132.4640,-0.282361,0.259314,-3.812764,0.000167,0.000823,-0.164333,-0.276649,0.265395,-2.961777,0.000170,0.000782,-0.164398
132.5160,-0.282361,0.259314,-3.812764,0.000167,0.000823,-0.164334,-0.276649,0.265395,-2.961782,0.000007,0.000631,-0.164248
132.5640,-0.282361,0.259314,-3.812764,0.000167,0.000823,-0.164334,-0.276651,0.265396,-2.961821,0.000308,0.000678,-0.164213
132.6140,-0.282361,0.259314,-3.812764,0.000167,0.000823,-0.164334,-0.276648,0.265396,-2.961772,0.000097,0.000953,-0.164189
132.6640,-0.282361,0.259314,-3.812764,0.000167,0.000823,-0.164334,-0.276648,0.265399,-2.961793,0.000208,0.000733,-0.164352
132.7140,-0.282361,0.259314,-3.812764,0.000167,0.000823,-0.164334,-0.276649,0.265402,-2.961813,0.000179,0.000905,-0.164313
132.7640,-0.282361,0.259314,-3.812764,0.000167,0.000823,-0.164334,-0.276649,0.265399,-2.961779,0.000279,0.000855,-0.164408
132.8140,-0.282361,0.259314,-3.812764,0.000167,0.000823,-0.164334,-0.276649,0.265399,-2.961787,0.000310,0.001059,-0.164233
132.8640,-0.282361,0.259314,-3.812764,0.000167,0.000823,-0.164334,-0.276648,0.265396,-2.961831,0.000033,0.000882,-0.164498
132.9140,-0.282361,0.259314,-3.812764,0.000167,0.000823,-0.164334,-0.276648,0.265399,-2.961774,0.000181,0.000898,-0.164494
132.9640,-0.282361,0.259314,-3.812764,0.000167,0.000823,-0.164334,-0.276646,0.265400,-2.961800,0.000086,0.000846,-0.164293
133.0140,-0.282361,0.259314,-3.812764,0.000167,0.000823,-0.164334,-0.276647,0.265399,-2.961773,0.000232,0.000885,-0.164229
133.0640,-0.282361,0.259314,-3.812764,0.000167,0.000823,-0.164335,-0.276647,0.265398,-2.961781,0.000320,0.000934,-0.164364
133.1140,-0.282361,0.259314,-3.812764,0.000167,0.000823,-0.164335,-0.276646,0.265395,-2.961793,0.000120,0.000757,-0.164456
133.1640,-0.282361,0.259314,-3.812764,0.000167,0.000823,-0.164335,-0.276647,0.265394,-2.961776,0.000149,0.000777,-0.164396
133.2140,-0.282361,0.259314,-3.812764,0.000167,0.000823,-0.164335,-0.276648,0.265394,-2.961776,0.000062,0.000883,-0.164263
133.2640,-0.282361,0.259314,-3.812764,0.000167,0.000823,-0.164335,-0.276651,0.265397,-2.961807,0.000068,0.000693,-0.164356
133.3140,-0.282361,0.259314,-3.812764,0.000167,0.000823,-0.164335,-0.276650,0.265393,-2.961772,0.000276,0.000857,-0.164299
133.3660,-0.282361,0.259314,-3.812764,0.000167,0.000823,-0.164335,-0.276650,0.265392,-2.961785,0.000262,0.000680,-0.164237
133.4140,-0.282361,0.259314,-3.812764,0.000167,0.000823,-0.164335,-0.276652,0.265391,-2.961800,0.000162,0.000796,-0.164161
133.4640,-0.282361,0.259314,-3.812764,0.000167,0.000823,-0.164335,-0.276651,0.265393,-2.961776,0.000232,0.000847,-0.164260
133.5140,-0.282361,0.259314,-3.812764,0.000167,0.000823,-0.164335,-0.276651,0.265393,-2.961780,0.000248,0.000737,-0.164378
133.5640,-0.282361,0.259314,-3.812764,0.000167,0.000823,-0.164335,-0.276653,0.265395,-2.961815,0.000139,0.000874,-0.164102
133.6140,-0.282361,0.259314,-3.812764,0.000167,0.000823,-0.164335,-0.276651,0.265393,-2.961772,0.000282,0.000785,-0.164194
133.6640,-0.282361,0.259314,-3.812764,0.000167,0.000823,-0.164336,-0.276652,0.265392,-2.961790,0.000198,0.000878,-0.164338
133.7140,-0.282361,0.259314,-3.812764,0.000167,0.000823,-0.164336,-0.276653,0.265393,-2.961808,0.000061,0.000815,-0.164259
133.7640,-0.282361,0.259314,-3.812764,0.000167,0.000823,-0.164336,-0.276653,0.265390,-2.961777,0.000239,0.000801,-0.164295
133.8140,-0.282361,0.259314,-3.812764,0.000167,0.000823,-0.164336,-0.276654,0.265387,-2.961784,0.000361,0.000702,-0.164306
133.8640,-0.282361,0.259314,-3.812764,0.000167,0.000823,-0.164336,-0.276657,0.265380,-2.961824,0.000144,0.000809,-0.164426
133.9140,-0.282361,0.259314,-3.812764,0.000167,0.000823,-0.164336,-0.276655,0.265387,-2.961773,0.000189,0.000841,-0.164275
133.9640,-0.282361,0.259314,-3.812764,0.000167,0.000823,-0.164336,-0.276655,0.265388,-2.961795,0.000201,0.000538,-0.164199
134.0140,-0.282361,0.259314,-3.812764,0.000167,0.000823,-0.164336,-0.276658,0.265388,-2.961816,0.000248,0.000787,-0.164381
134.0640,-0.282361,0.259314,-3.812764,0.000167,0.000823,-0.164336,-0.276653,0.265388,-2.961779,0.000033,0.000729,-0.164315
134.1140,-0.282361,0.259314,-3.812764,0.000167,0.000823,-0.164336,-0.276653,0.265387,-2.961789,0.000090,0.000650,-0.164386
134.1640,-0.282361,0.259314,-3.812764,0.000167,0.000823,-0.164336,-0.276651,0.265386,-2.961776,0.000338,0.000902,-0.164217
134.2140,-0.282361,0.259314,-3.812764,0.000167,0.000823,-0.164336,-0.276651,0.265385,-2.961775,0.000233,0.000860,-0.164261
134.2660,-0.282361,0.259314,-3.812764,0.000167,0.000823,-0.164336,-0.276652,0.265381,-2.961802,-0.000040,0.000947,-0.164158
134.3140,-0.282361,0.259314,-3.812764,0.000167,0.000823,-0.164336,-0.276654,0.265381,-2.961773,0.000025,0.000777,-0.164288
134.3640,-0.282361,0.259314,-3.812764,0.000167,0.000823,-0.164337,-0.276653,0.265381,-2.961783,0.000234,0.000754,-0.164231
134.4140,-0.282361,0.259314,-3.812764,0.000167,0.000823,-0.164337,-0.276653,0.265381,-2.961795,0.000208,0.000678,-0.164484
134.4640,-0.282361,0.259314,-3.812764,0.000167,0.000823,-0.164337,-0.276650,0.265381,-2.961776,-0.000003,0.000939,-0.164539
134.5140,-0.282361,0.259314,-3.812764,0.000167,0.000823,-0.164337,-0.276649,0.265383,-2.961777,0.000230,0.000758,-0.164175
134.5640,-0.282361,0.259314,-3.812764,0.000167,0.000823,-0.164337,-0.276648,0.265387,-2.961809,0.000404,0.000868,-0.164249
134.6160,-0.282361,0.259314,-3.812764,0.000167,0.000823,-0.164337,-0.276649,0.265387,-2.961772,0.000039,0.000952,-0.164242
134.6640,-0.282361,0.259314,-3.812764,0.000167,0.000823,-0.164337,-0.276647,0.265388,-2.961786,0.000222,0.000760,-0.164235
134.7140,-0.282361,0.259314,-3.812764,0.000167,0.000823,-0.164337,-0.276648,0.265388,-2.961802,0.000072,0.000837,-0.164274
134.7640,-0.282361,0.259314,-3.812764,0.000167,0.000823,-0.164337,-0.276646,0.265387,-2.961776,0.000191,0.000738,-0.164388
134.8140,-0.282361,0.259314,-3.812764,0.000167,0.000823,-0.164337,-0.276645,0.265386,-2.961781,0.000219,0.000787,-0.164130
134.8640,-0.282361,0.259314,-3.812764,0.000167,0.000823,-0.164337,-0.276644,0.265382,-2.961818,-0.000133,0.000870,-0.164363
134.9140,-0.282361,0.259314,-3.812764,0.000167,0.000823,-0.164337,-0.276646,0.265382,-2.961772,0.000187,0.000906,-0.164425
134.9640,-0.282361,0.259314,-3.812764,0.000167,0.000823,-0.164337,-0.276644,0.265380,-2.961792,0.000111,0.000882,-0.164452
135.0140,-0.282361,0.259314,-3.812764,0.000167,0.000823,-0.164337,-0.276641,0.265378,-2.961810,0.000307,0.000835,-0.164281
135.0660,-0.282361,0.259314,-3.812764,0.000167,0.000823,-0.164337,-0.276644,0.265382,-2.961778,0.000176,0.000793,-0.164154
135.1140,-0.282361,0.259314,-3.812764,0.000167,0.000823,-0.164337,-0.276645,0.265382,-2.961786,0.000278,0.000968,-0.164357
135.1640,-0.282361,0.259314,-3.812764,0.000167,0.000823,-0.164337,-0.276647,0.265380,-2.961827,0.000106,0.000852,-0.164405
135.2140,-0.282361,0.259314,-3.812764,0.000167,0.000823,-0.164338,-0.276645,0.265381,-2.961773,0.000371,0.000845,-0.164245
135.2660,-0.282361,0.259314,-3.812764,0.000167,0.000823,-0.164338,-0.276644,0.265381,-2.961797,0.000189,0.000990,-0.164277
135.3140,-0.282361,0.259314,-3.812764,0.000167,0.000823,-0.164338,-0.276644,0.265381,-2.961773,0.000218,0.000768,-0.164320
135.3640,-0.282361,0.259314,-3.812764,0.000167,0.000823,-0.164338,-0.276644,0.265381,-2.961780,0.000140,0.000877,-0.164293
135.4140,-0.282361,0.259314,-3.812764,0.000167,0.000823,-0.164338,-0.276644,0.265383,-2.961791,0.000057,0.000498,-0.164361
135.4640,-0.282361,0.259314,-3.812764,0.000167,0.000823,-0.164338,-0.276645,0.265383,-2.961776,0.000107,0.001055,-0.164425
135.5140,-0.282361,0.259314,-3.812764,0.000167,0.000823,-0.164338,-0.276643,0.265383,-2.961775,0.000054,0.000652,-0.164199
135.5640,-0.282361,0.259314,-3.812764,0.000167,0.000823,-0.164338,-0.276640,0.265383,-2.961804,0.000155,0.000565,-0.164150
135.6140,-0.282361,0.259314,-3.812764,0.000167,0.000823,-0.164338,-0.276638,0.265381,-2.961773,0.000205,0.000688,-0.164322
135.6640,-0.282361,0.259314,-3.812764,0.000167,0.000823,-0.164338,-0.276639,0.265381,-2.961784,0.000355,0.000793,-0.164354
135.7160,-0.282361,0.259314,-3.812764,0.000167,0.000823,-0.164338,-0.276640,0.265379,-2.961798,0.000076,0.000893,-0.164485
135.7640,-0.282362,0.259314,-3.812764,0.000167,0.000823,-0.164338,-0.276640,0.265380,-2.961776,0.000149,0.000781,-0.164231
135.8140,-0.282362,0.259314,-3.812764,0.000167,0.000823,-0.164338,-0.276640,0.265379,-2.961779,0.000101,0.000905,-0.164412
135.8660,-0.282362,0.259314,-3.812764,0.000167,0.000823,-0.164338,-0.276641,0.265379,-2.961812,-0.000001,0.000797,-0.164220
135.9140,-0.282362,0.259314,-3.812764,0.000167,0.000823,-0.164338,-0.276640,0.265376,-2.961772,0.000241,0.000712,-0.164241
135.9640,-0.282362,0.259314,-3.812764,0.000167,0.000823,-0.164338,-0.276640,0.265376,-2.961788,-0.000061,0.000709,-0.164332
136.0140,-0.282362,0.259314,-3.812764,0.000167,0.000823,-0.164338,-0.276640,0.265379,-2.961805,0.000134,0.000619,-0.164366
136.0640,-0.282362,0.259314,-3.812764,0.000167,0.000823,-0.164338,-0.276637,0.265375,-2.961777,0.000119,0.000868,-0.164310
136.1140,-0.282362,0.259314,-3.812764,0.000167,0.000823,-0.164338,-0.276637,0.265374,-2.961782,-0.000028,0.000800,-0.164394
136.1640,-0.282362,0.259314,-3.812764,0.000167,0.000823,-0.164338,-0.276636,0.265373,-2.961821,0.000069,0.000818,-0.164400
136.2140,-0.282362,0.259314,-3.812764,0.000167,0.000823,-0.164339,-0.276637,0.265374,-2.961772,0.000302,0.000735,-0.164414
136.2640,-0.282362,0.259314,-3.812764,0.000167,0.000823,-0.164339,-0.276638,0.265373,-2.961793,0.000142,0.000792,-0.164244
136.3140,-0.282362,0.259314,-3.812764,0.000167,0.000823,-0.164339,-0.276640,0.265371,-2.961813,0.000110,0.000863,-0.164359
136.3640,-0.282362,0.259314,-3.812764,0.000167,0.000823,-0.164339,-0.276637,0.265372,-2.961779,0.000209,0.000842,-0.164301
136.4140,-0.282362,0.259314,-3.812764,0.000167,0.000823,-0.164339,-0.276636,0.265372,-2.961787,0.000205,0.000971,-0.164319
136.4640,-0.282362,0.259314,-3.812764,0.000167,0.000823,-0.164339,-0.276632,0.265371,-2.961831,0.000235,0.000855,-0.164307
136.5140,-0.282362,0.259314,-3.812764,0.000167,0.000823,-0.164339,-0.276637,0.265371,-2.961774,0.000196,0.000780,-0.164551
136.5640,-0.282362,0.259314,-3.812764,0.000167,0.000823,-0.164339,-0.276638,0.265370,-2.961800,0.000419,0.000601,-0.164234
136.6140,-0.282362,0.259314,-3.812764,0.000167,0.000823,-0.164339,-0.276636,0.265372,-2.961773,0.000251,0.000890,-0.164168
136.6640,-0.282362,0.259314,-3.812764,0.000167,0.000823,-0.164339,-0.276637,0.265372,-2.961781,0.000331,0.000880,-0.164342
136.7140,-0.282362,0.259314,-3.812764,0.000167,0.000823,-0.164339,-0.276638,0.265371,-2.961793,0.000264,0.000741,-0.164380
136.7640,-0.282362,0.259314,-3.812764,0.000167,0.000823,-0.164339,-0.276637,0.265373,-2.961776,0.000301,0.000712,-0.164316
136.8140,-0.282362,0.259314,-3.812764,0.000167,0.000823,-0.164339,-0.276638,0.265372,-2.961776,0.000329,0.000930,-0.164321
136.8640,-0.282362,0.259314,-3.812764,0.000167,0.000823,-0.164339,-0.276639,0.265369,-2.961807,0.000151,0.000927,-0.164372
136.9140,-0.282362,0.259314,-3.812764,0.000167,0.000823,-0.164339,-0.276639,0.265372,-2.961772,0.000088,0.000893,-0.164294
136.9660,-0.282362,0.259314,-3.812764,0.000167,0.000823,-0.164339,-0.276638,0.265373,-2.961785,0.000147,0.000922,-0.164238
137.0140,-0.282362,0.259314,-3.812764,0.000167,0.000823,-0.164339,-0.276635,0.265373,-2.961800,0.000157,0.000857,-0.164206
137.0640,-0.282362,0.259314,-3.812764,0.000167,0.000823,-0.164339,-0.276635,0.265373,-2.961776,0.000282,0.000876,-0.164486
137.1140,-0.282362,0.259314,-3.812764,0.000167,0.000823,-0.164339,-0.276636,0.265373,-2.961780,0.000172,0.000865,-0.164124
137.1640,-0.282362,0.259314,-3.812764,0.000167,0.000823,-0.164339,-0.276636,0.265371,-2.961815,0.000111,0.000896,-0.164269
137.2140,-0.282362,0.259314,-3.812764,0.000167,0.000823,-0.164339,-0.276638,0.265372,-2.961772,-0.000068,0.000856,-0.164418
137.2640,-0.282362,0.259314,-3.812764,0.000167,0.000823,-0.164339,-0.276637,0.265374,-2.961790,0.000063,0.000839,-0.164419
137.3140,-0.282362,0.259314,-3.812764,0.000167,0.000823,-0.164339,-0.276636,0.265377,-2.961808,0.000010,0.000809,-0.164505
137.3640,-0.282362,0.259314,-3.812764,0.000167,0.000823,-0.164339,-0.276637,0.265374,-2.961777,0.000136,0.000897,-0.164206
137.4140,-0.282362,0.259314,-3.812764,0.000167,0.000823,-0.164339,-0.276637,0.265375,-2.961784,0.000259,0.000690,-0.164238
137.4640,-0.282362,0.259314,-3.812764,0.000167,0.000823,-0.164340,-0.276637,0.265375,-2.961824,0.000222,0.000677,-0.164262
137.5140,-0.282362,0.259314,-3.812764,0.000167,0.000823,-0.164340,-0.276638,0.265376,-2.961773,0.000112,0.000788,-0.164422
137.5660,-0.282362,0.259314,-3.812764,0.000167,0.000823,-0.164340,-0.276640,0.265375,-2.961795,0.000250,0.000970,-0.164296
137.6140,-0.282362,0.259314,-3.812764,0.000167,0.000823,-0.164340,-0.276641,0.265375,-2.961816,0.000136,0.000865,-0.164446
137.6640,-0.282362,0.259314,-3.812764,0.000167,0.000823,-0.164340,-0.276642,0.265377,-2.961779,0.000316,0.000793,-0.164565
137.7140,-0.282362,0.259314,-3.812764,0.000167,0.000823,-0.164340,-0.276643,0.265377,-2.961789,0.000255,0.000774,-0.164170
137.7640,-0.282362,0.259314,-3.812764,0.000167,0.000823,-0.164340,-0.276643,0.265376,-2.961776,0.000189,0.000848,-0.164176
137.8140,-0.282362,0.259314,-3.812764,0.000167,0.000823,-0.164340,-0.276642,0.265375,-2.961775,0.000132,0.000905,-0.164331
137.8660,-0.282362,0.259314,-3.812764,0.000167,0.000823,-0.164340,-0.276638,0.265373,-2.961802,0.000228,0.000889,-0.164214
137.9140,-0.282362,0.259314,-3.812764,0.000167,0.000823,-0.164340,-0.276638,0.265376,-2.961773,0.000234,0.000806,-0.164212
137.9640,-0.282362,0.259314,-3.812764,0.000167,0.000823,-0.164340,-0.276638,0.265375,-2.961783,-0.000034,0.000852,-0.164346
138.0140,-0.282362,0.259314,-3.812764,0.000167,0.000823,-0.164340,-0.276637,0.265375,-2.961795,0.000232,0.001020,-0.164198
138.0640,-0.282362,0.259314,-3.812764,0.000167,0.000823,-0.164340,-0.276637,0.265375,-2.961776,0.000189,0.000826,-0.164242
138.1140,-0.282362,0.259314,-3.812764,0.000167,0.000823,-0.164340,-0.276637,0.265374,-2.961777,-0.000015,0.000748,-0.164366
138.1640,-0.282362,0.259314,-3.812764,0.000167,0.000823,-0.164340,-0.276639,0.265375,-2.961809,0.000225,0.000837,-0.164286
138.2140,-0.282362,0.259314,-3.812764,0.000167,0.000823,-0.164340,-0.276638,0.265374,-2.961772,0.000234,0.000744,-0.164350
138.2660,-0.282362,0.259314,-3.812764,0.000167,0.000823,-0.164340,-0.276639,0.265373,-2.961786,0.000099,0.000796,-0.164400
138.3140,-0.282362,0.259314,-3.812764,0.000167,0.000823,-0.164340,-0.276640,0.265373,-2.961802,0.000305,0.000687,-0.164354
138.3640,-0.282362,0.259314,-3.812764,0.000167,0.000823,-0.164340,-0.276637,0.265374,-2.961776,0.000183,0.000743,-0.164282
138.4140,-0.282362,0.259314,-3.812764,0.000167,0.000823,-0.164340,-0.276636,0.265374,-2.961781,0.000174,0.000831,-0.164259
138.4640,-0.282362,0.259314,-3.812764,0.000167,0.000823,-0.164340,-0.276635,0.265373,-2.961818,0.000073,0.000942,-0.164312
138.5140,-0.282362,0.259314,-3.812764,0.000167,0.000823,-0.164340,-0.276638,0.265374,-2.961772,0.000119,0.000825,-0.164251
138.5640,-0.282362,0.259314,-3.812764,0.000167,0.000823,-0.164340,-0.276637,0.265374,-2.961792,0.000164,0.000806,-0.164355
138.6140,-0.282362,0.259314,-3.812764,0.000167,0.000823,-0.164340,-0.276637,0.265375,-2.961810,0.000198,0.000817,-0.164249
138.6640,-0.282362,0.259314,-3.812764,0.000167,0.000823,-0.164340,-0.276638,0.265375,-2.961778,0.000199,0.000772,-0.164426
138.7160,-0.282362,0.259314,-3.812764,0.000167,0.000823,-0.164340,-0.276638,0.265375,-2.961786,0.000060,0.000617,-0.164181
138.7640,-0.282362,0.259314,-3.812764,0.000167,0.000823,-0.164340,-0.276643,0.265375,-2.961827,0.000291,0.000880,-0.164530
138.8140,-0.282362,0.259314,-3.812764,0.000167,0.000823,-0.164340,-0.276638,0.265377,-2.961773,0.000056,0.000788,-0.164302
138.8640,-0.282362,0.259314,-3.812764,0.000167,0.000823,-0.164340,-0.276637,0.265378,-2.961797,0.000359,0.000901,-0.164286
138.9140,-0.282362,0.259314,-3.812764,0.000167,0.000823,-0.164340,-0.276638,0.265379,-2.961773,0.000062,0.000762,-0.164412
138.9640,-0.282362,0.259314,-3.812764,0.000167,0.000823,-0.164340,-0.276638,0.265379,-2.961780,0.000146,0.000730,-0.164344
139.0140,-0.282362,0.259314,-3.812764,0.000167,0.000823,-0.164340,-0.276639,0.265379,-2.961791,0.000116,0.000800,-0.164401
139.0640,-0.282362,0.259314,-3.812764,0.000167,0.000823,-0.164340,-0.276638,0.265378,-2.961776,0.000066,0.000938,-0.164341
139.1140,-0.282362,0.259314,-3.812764,0.000167,0.000823,-0.164340,-0.276638,0.265379,-2.961775,0.000178,0.000793,-0.164238
139.1640,-0.282362,0.259314,-3.812764,0.000167,0.000823,-0.164340,-0.276637,0.265379,-2.961804,0.000202,0.000672,-0.164385
139.2140,-0.282362,0.259314,-3.812764,0.000167,0.000823,-0.164341,-0.276636,0.265378,-2.961773,0.000051,0.000880,-0.164462
139.2660,-0.282362,0.259314,-3.812764,0.000167,0.000823,-0.164341,-0.276636,0.265379,-2.961784,0.000303,0.000747,-0.164309
139.3140,-0.282362,0.259314,-3.812764,0.000167,0.000823,-0.164341,-0.276636,0.265379,-2.961798,0.000069,0.000886,-0.164206
139.3640,-0.282362,0.259314,-3.812764,0.000167,0.000823,-0.164341,-0.276637,0.265380,-2.961776,0.000132,0.000804,-0.164346
139.4140,-0.282362,0.259314,-3.812764,0.000167,0.000823,-0.164341,-0.276637,0.265381,-2.961779,0.000189,0.000752,-0.164335
139.4640,-0.282362,0.259314,-3.812764,0.000167,0.000823,-0.164341,-0.276639,0.265381,-2.961812,0.000105,0.000873,-0.164272
139.5140,-0.282362,0.259314,-3.812764,0.000167,0.000823,-0.164341,-0.276639,0.265381,-2.961772,0.000137,0.001017,-0.164173
139.5660,-0.282362,0.259314,-3.812764,0.000167,0.000823,-0.164341,-0.276636,0.265380,-2.961788,0.000237,0.000812,-0.164273
139.6140,-0.282362,0.259314,-3.812764,0.000167,0.000823,-0.164341,-0.276633,0.265380,-2.961805,0.000110,0.000806,-0.164238
139.6660,-0.282362,0.259314,-3.812764,0.000167,0.000823,-0.164341,-0.276635,0.265379,-2.961777,0.000082,0.000692,-0.164410
139.7140,-0.282362,0.259314,-3.812764,0.000167,0.000823,-0.164341,-0.276635,0.265380,-2.961782,0.000243,0.000784,-0.164460
139.7640,-0.282362,0.259314,-3.812764,0.000167,0.000823,-0.164341,-0.276637,0.265381,-2.961821,0.000155,0.000871,-0.164269
139.8140,-0.282362,0.259314,-3.812764,0.000167,0.000823,-0.164341,-0.276637,0.265379,-2.961772,0.000137,0.000929,-0.164306
139.8640,-0.282362,0.259314,-3.812764,0.000167,0.000823,-0.164341,-0.276634,0.265380,-2.961793,0.000212,0.000902,-0.164247
139.9140,-0.282362,0.259314,-3.812764,0.000167,0.000823,-0.164341,-0.276631,0.265381,-2.961813,0.000259,0.000771,-0.164225
139.9640,-0.282362,0.259314,-3.812764,0.000167,0.000823,-0.164341,-0.276634,0.265380,-2.961779,0.000243,0.000741,-0.164334
140.0160,-0.282362,0.259314,-3.812764,0.000167,0.000823,-0.164341,-0.276634,0.265380,-2.961787,0.000357,0.000835,-0.164388
140.0640,-0.282362,0.259314,-3.812764,0.000167,0.000823,-0.164341,-0.276635,0.265374,-2.961831,0.000368,0.000651,-0.164222
140.1160,-0.282362,0.259314,-3.812764,0.000167,0.000823,-0.164341,-0.276633,0.265380,-2.961774,0.000133,0.000661,-0.164317
140.1640,-0.282362,0.259314,-3.812764,0.000167,0.000823,-0.164341,-0.276635,0.265379,-2.961800,0.000139,0.000994,-0.164315
140.2140,-0.282362,0.259314,-3.812764,0.000167,0.000823,-0.164341,-0.276635,0.265378,-2.961773,0.000107,0.000768,-0.164191
140.2640,-0.282362,0.259314,-3.812764,0.000167,0.000823,-0.164341,-0.276635,0.265380,-2.961781,0.000042,0.001006,-0.164145
140.3140,-0.282362,0.259314,-3.812764,0.000167,0.000823,-0.164341,-0.276633,0.265382,-2.961793,0.000219,0.000900,-0.164235
140.3640,-0.282362,0.259314,-3.812764,0.000167,0.000823,-0.164341,-0.276634,0.265381,-2.961776,0.000112,0.000840,-0.164365
140.4140,-0.282362,0.259314,-3.812764,0.000167,0.000823,-0.164341,-0.276634,0.265382,-2.961776,0.000112,0.000739,-0.164322
140.4640,-0.282362,0.259314,-3.812764,0.000167,0.000823,-0.164341,-0.276636,0.265386,-2.961807,0.000132,0.000876,-0.164338
140.5140,-0.282362,0.259314,-3.812764,0.000167,0.000823,-0.164341,-0.276634,0.265384,-2.961772,0.000039,0.000793,-0.164312
140.5640,-0.282362,0.259314,-3.812764,0.000167,0.000823,-0.164341,-0.276635,0.265386,-2.961785,0.000222,0.000907,-0.164309
140.6140,-0.282362,0.259314,-3.812764,0.000167,0.000823,-0.164341,-0.276636,0.265388,-2.961800,0.000235,0.000707,-0.164318
140.6640,-0.282362,0.259314,-3.812764,0.000167,0.000823,-0.164341,-0.276634,0.265388,-2.961776,0.000188,0.000763,-0.164340
140.7140,-0.282362,0.259314,-3.812764,0.000167,0.000823,-0.164341,-0.276634,0.265388,-2.961780,0.000205,0.000854,-0.164271
140.7640,-0.282362,0.259314,-3.812764,0.000167,0.000823,-0.164341,-0.276631,0.265388,-2.961815,0.000290,0.000939,-0.164253
140.8140,-0.282362,0.259314,-3.812764,0.000167,0.000823,-0.164341,-0.276635,0.265389,-2.961772,0.000222,0.000898,-0.164373
140.8640,-0.282362,0.259314,-3.812764,0.000167,0.000823,-0.164341,-0.276634,0.265389,-2.961790,0.000184,0.000860,-0.164239
140.9140,-0.282362,0.259314,-3.812764,0.000167,0.000823,-0.164341,-0.276632,0.265389,-2.961808,0.000230,0.000768,-0.164210
140.9640,-0.282362,0.259314,-3.812764,0.000167,0.000823,-0.164341,-0.276632,0.265389,-2.961777,0.000137,0.000909,-0.164369
141.0140,-0.282362,0.259314,-3.812764,0.000167,0.000823,-0.164341,-0.276629,0.265389,-2.961784,0.000245,0.000850,-0.164354
141.0640,-0.282362,0.259314,-3.812764,0.000167,0.000823,-0.164341,-0.276623,0.265389,-2.961824,0.000065,0.000709,-0.164371
141.1140,-0.282362,0.259314,-3.812764,0.000167,0.000823,-0.164341,-0.276629,0.265387,-2.961773,0.000209,0.000758,-0.164263
141.1640,-0.282362,0.259314,-3.812764,0.000167,0.000823,-0.164341,-0.276629,0.265384,-2.961795,0.000310,0.000980,-0.164167
141.2140,-0.282362,0.259314,-3.812764,0.000167,0.000823,-0.164341,-0.276628,0.265381,-2.961816,0.000056,0.000676,-0.164298
141.2660,-0.282362,0.259314,-3.812764,0.000167,0.000823,-0.164341,-0.276625,0.265385,-2.961779,0.000166,0.000875,-0.164302
141.3160,-0.282362,0.259314,-3.812764,0.000167,0.000823,-0.164341,-0.276624,0.265386,-2.961789,0.000174,0.000877,-0.164472
141.3640,-0.282362,0.259314,-3.812764,0.000167,0.000823,-0.164341,-0.276624,0.265385,-2.961776,0.000262,0.000979,-0.164120
141.4140,-0.282362,0.259314,-3.812764,0.000167,0.000823,-0.164341,-0.276622,0.265384,-2.961775,0.000242,0.000842,-0.164198
141.4640,-0.282362,0.259314,-3.812764,0.000167,0.000823,-0.164341,-0.276619,0.265384,-2.961802,0.000155,0.000880,-0.164454
141.5140,-0.282362,0.259314,-3.812764,0.000167,0.000823,-0.164341,-0.276622,0.265384,-2.961773,0.000150,0.000732,-0.164337
141.5640,-0.282362,0.259314,-3.812764,0.000167,0.000823,-0.164341,-0.276622,0.265385,-2.961783,0.000315,0.000827,-0.164299
