t,gt_x,gt_y,gt_z,gt_roll,gt_pitch,gt_yaw,est_x,est_y,est_z,est_roll,est_pitch,est_yaw
0.0000,-0.006051,-0.002121,-2.810167,0.000053,0.000859,-0.001253,0.000006,0.000443,-1.960994,0.000154,0.000787,-0.001244
0.0000,-0.006051,-0.002121,-2.810167,0.000053,0.000859,-0.001253,0.000006,0.000443,-1.960994,0.000154,0.000787,-0.001244
0.0500,-0.006051,-0.002121,-2.810010,0.000051,0.000862,-0.001253,0.000010,0.000449,-1.960618,-0.000011,0.000900,-0.001180
0.1000,-0.006052,-0.002120,-2.809854,0.000050,0.000865,-0.001253,0.000015,0.000455,-1.960680,0.000106,0.000877,-0.001250
0.1500,-0.006052,-0.002120,-2.809701,0.000048,0.000868,-0.001253,0.000019,0.000464,-1.960311,0.000049,0.000754,-0.001278
0.2000,-0.006053,-0.002120,-2.809548,0.000047,0.000871,-0.001253,0.000023,0.000470,-1.960378,-0.000014,0.000937,-0.001250
0.2500,-0.006053,-0.002120,-2.809398,0.000045,0.000874,-0.001253,0.000023,0.000479,-1.960015,-0.000009,0.000949,-0.001295
0.3000,-0.006054,-0.002120,-2.809248,0.000044,0.000877,-0.001253,0.000025,0.000487,-1.960088,0.000038,0.000920,-0.001259
0.3500,-0.006054,-0.002119,-2.809101,0.000043,0.000879,-0.001252,0.000027,0.000498,-1.959728,0.000042,0.001063,-0.001535
0.4000,-0.006055,-0.002119,-2.808955,0.000042,0.000881,-0.001252,0.000032,0.000506,-1.959807,0.000118,0.000876,-0.001243
0.4500,-0.006055,-0.002119,-2.808810,0.000041,0.000883,-0.001252,0.000035,0.000517,-1.959451,-0.000153,0.000939,-0.001256
0.5000,-0.006056,-0.002119,-2.808667,0.000040,0.000885,-0.001252,0.000038,0.000528,-1.959534,0.000129,0.000952,-0.001435
0.5500,-0.006056,-0.002119,-2.808525,0.000039,0.000887,-0.001252,0.000042,0.000541,-1.959180,-0.000156,0.000934,-0.001404
0.6020,-0.006057,-0.002118,-2.808384,0.000038,0.000889,-0.001252,0.000047,0.000551,-1.959269,-0.000121,0.001041,-0.001238
0.6500,-0.006057,-0.002118,-2.808245,0.000037,0.000891,-0.001252,0.000054,0.000567,-1.958916,-0.000151,0.000924,-0.001189
0.7000,-0.006058,-0.002118,-2.808108,0.000036,0.000892,-0.001252,0.000062,0.000579,-1.959009,-0.000050,0.000976,-0.001144
0.7520,-0.006058,-0.002118,-2.807972,0.000035,0.000894,-0.001252,0.000070,0.000600,-1.958658,-0.000021,0.000858,-0.001288
0.8000,-0.006059,-0.002118,-2.807837,0.000034,0.000895,-0.001252,0.000078,0.000616,-1.958755,-0.000087,0.000634,-0.001179
0.8500,-0.006059,-0.002117,-2.807704,0.000034,0.000897,-0.001252,0.000085,0.000640,-1.958404,-0.000063,0.000988,-0.001344
0.9000,-0.006060,-0.002117,-2.807572,0.000033,0.000898,-0.001252,0.000093,0.000657,-1.958505,0.000049,0.000809,-0.001314
0.9500,-0.006060,-0.002117,-2.807441,0.000032,0.000899,-0.001252,0.000098,0.000682,-1.958156,0.000054,0.000937,-0.001325
1.0000,-0.006061,-0.002117,-2.807312,0.000032,0.000900,-0.001252,0.000103,0.000699,-1.958260,0.000047,0.000991,-0.001203
1.0500,-0.006061,-0.002117,-2.807183,0.000031,0.000901,-0.001251,0.000109,0.000724,-1.957911,0.000025,0.000882,-0.001361
1.1000,-0.006062,-0.002117,-2.807057,0.000030,0.000903,-0.001251,0.000116,0.000743,-1.958019,-0.000133,0.000995,-0.001122
1.1500,-0.006062,-0.002117,-2.806931,0.000030,0.000904,-0.001251,0.000124,0.000771,-1.957671,0.000051,0.000740,-0.001359
1.2000,-0.006063,-0.002116,-2.806807,0.000029,0.000904,-0.001251,0.000129,0.000791,-1.957782,0.000069,0.000916,-0.001280
1.2500,-0.006063,-0.002116,-2.806684,0.000029,0.000905,-0.001251,0.000134,0.000821,-1.957434,0.000156,0.000808,-0.001124
1.3000,-0.006064,-0.002116,-2.806562,0.000029,0.000906,-0.001251,0.000138,0.000841,-1.957548,-0.000049,0.001081,-0.001171
1.3500,-0.006064,-0.002116,-2.806442,0.000028,0.000907,-0.001251,0.000143,0.000868,-1.957201,-0.000140,0.000805,-0.001241
1.4000,-0.006065,-0.002116,-2.806323,0.000028,0.000908,-0.001251,0.000149,0.000886,-1.957318,0.000076,0.000882,-0.001315
1.4500,-0.006065,-0.002116,-2.806205,0.000027,0.000909,-0.001251,0.000154,0.000913,-1.956972,-0.000127,0.000701,-0.001213
1.5000,-0.006066,-0.002116,-2.806088,0.000027,0.000909,-0.001251,0.000158,0.000931,-1.957091,-0.000008,0.001094,-0.001371
1.5500,-0.006066,-0.002115,-2.805972,0.000027,0.000910,-0.001251,0.000163,0.000958,-1.956746,-0.000158,0.000827,-0.001411
1.6000,-0.006067,-0.002115,-2.805858,0.000027,0.000911,-0.001251,0.000169,0.000979,-1.956867,-0.000099,0.001000,-0.001395
1.6500,-0.006067,-0.002115,-2.805744,0.000026,0.000911,-0.001251,0.000175,0.001011,-1.956524,0.000219,0.000932,-0.001150
1.7000,-0.006068,-0.002115,-2.805632,0.000026,0.000912,-0.001251,0.000182,0.001032,-1.956647,-0.000094,0.000978,-0.001179
1.7500,-0.006068,-0.002115,-2.805521,0.000026,0.000913,-0.001251,0.000190,0.001064,-1.956305,0.000036,0.001152,-0.001072
1.8000,-0.006068,-0.002115,-2.805411,0.000025,0.000913,-0.001251,0.000200,0.001085,-1.956430,0.000095,0.000951,-0.001178
1.8500,-0.006069,-0.002115,-2.805303,0.000025,0.000914,-0.001251,0.000214,0.001114,-1.956090,-0.000052,0.000864,-0.001200
1.9000,-0.006069,-0.002115,-2.805195,0.000025,0.000914,-0.001251,0.000227,0.001134,-1.956217,-0.000077,0.000869,-0.000981
1.9500,-0.006070,-0.002115,-2.805088,0.000025,0.000915,-0.001250,0.000241,0.001166,-1.955878,0.000018,0.000695,-0.001104
2.0000,-0.006070,-0.002115,-2.804983,0.000025,0.000915,-0.001250,0.000252,0.001189,-1.956007,-0.000022,0.000838,-0.001292
2.0500,-0.006071,-0.002114,-2.804878,0.000025,0.000916,-0.001250,0.000263,0.001221,-1.955669,-0.000015,0.000885,-0.001187
2.1000,-0.006071,-0.002114,-2.804775,0.000024,0.000916,-0.001250,0.000271,0.001243,-1.955800,-0.000017,0.000825,-0.001285
2.1500,-0.006072,-0.002114,-2.804673,0.000024,0.000917,-0.001250,0.000282,0.001276,-1.955465,-0.000034,0.000766,-0.001304
2.2000,-0.006072,-0.002114,-2.804571,0.000024,0.000917,-0.001250,0.000288,0.001298,-1.955597,-0.000060,0.000933,-0.001339
2.2500,-0.006072,-0.002114,-2.804471,0.000024,0.000917,-0.001250,0.000295,0.001334,-1.955264,0.000101,0.000812,-0.001075
2.3000,-0.006073,-0.002114,-2.804372,0.000024,0.000918,-0.001250,0.000300,0.001359,-1.955398,-0.000029,0.000986,-0.001208
2.3500,-0.006073,-0.002114,-2.804274,0.000024,0.000918,-0.001250,0.000307,0.001395,-1.955066,0.000175,0.000815,-0.001021
2.4000,-0.006074,-0.002114,-2.804176,0.000024,0.000919,-0.001250,0.000310,0.001418,-1.955202,0.000056,0.001013,-0.001216
2.4500,-0.006074,-0.002114,-2.804080,0.000023,0.000919,-0.001250,0.000316,0.001453,-1.954872,0.000008,0.000832,-0.001194
2.5000,-0.006075,-0.002114,-2.803985,0.000023,0.000919,-0.001250,0.000320,0.001476,-1.955009,0.000043,0.000865,-0.001171
2.5500,-0.006075,-0.002114,-2.803891,0.000023,0.000920,-0.001250,0.000325,0.001511,-1.954682,0.000042,0.000956,-0.001247
2.6000,-0.006075,-0.002113,-2.803797,0.000023,0.000920,-0.001250,0.000329,0.001534,-1.954820,-0.000008,0.000872,-0.001199
2.6500,-0.006076,-0.002113,-2.803705,0.000023,0.000920,-0.001250,0.000333,0.001568,-1.954495,-0.000172,0.000978,-0.001267
2.7000,-0.006076,-0.002113,-2.803614,0.000023,0.000921,-0.001250,0.000336,0.001591,-1.954635,0.000015,0.001024,-0.001281
2.7500,-0.006077,-0.002113,-2.803523,0.000023,0.000921,-0.001250,0.000340,0.001627,-1.954311,0.000149,0.000943,-0.001296
2.8000,-0.006077,-0.002113,-2.803433,0.000023,0.000921,-0.001250,0.000344,0.001651,-1.954453,0.000083,0.000884,-0.001262
2.8500,-0.006077,-0.002113,-2.803345,0.000023,0.000922,-0.001250,0.000346,0.001686,-1.954132,0.000062,0.000926,-0.001381
2.9000,-0.006078,-0.002113,-2.803257,0.000023,0.000922,-0.001250,0.000349,0.001709,-1.954274,0.000182,0.000928,-0.001276
2.9500,-0.006078,-0.002113,-2.803170,0.000023,0.000922,-0.001250,0.000352,0.001742,-1.953956,0.000144,0.001195,-0.001392
3.0020,-0.006079,-0.002113,-2.803084,0.000023,0.000922,-0.001250,0.000357,0.001763,-1.954100,-0.000131,0.000963,-0.001255
3.0500,-0.006079,-0.002113,-2.802999,0.000023,0.000923,-0.001250,0.000363,0.001794,-1.953783,-0.000014,0.001020,-0.001260
3.1000,-0.006079,-0.002113,-2.802915,0.000023,0.000923,-0.001250,0.000368,0.001815,-1.953928,0.000016,0.000790,-0.001316
3.1500,-0.006080,-0.002113,-2.802831,0.000023,0.000923,-0.001250,0.000371,0.001847,-1.953614,0.000027,0.001113,-0.001196
3.2000,-0.006080,-0.002113,-2.802749,0.000023,0.000923,-0.001249,0.000376,0.001868,-1.953760,0.000101,0.000908,-0.001335
3.2520,-0.006081,-0.002113,-2.802667,0.000023,0.000924,-0.001249,0.000381,0.001899,-1.953448,0.000116,0.000746,-0.001305
3.3000,-0.006081,-0.002113,-2.802586,0.000022,0.000924,-0.001249,0.000386,0.001919,-1.953596,-0.000006,0.000847,-0.001366
3.3500,-0.006081,-0.002112,-2.802506,0.000022,0.000924,-0.001249,0.000391,0.001949,-1.953285,0.000000,0.000911,-0.001228
3.4000,-0.006082,-0.002112,-2.802427,0.000022,0.000924,-0.001249,0.000397,0.001968,-1.953434,-0.000058,0.000972,-0.001016
3.4500,-0.006082,-0.002112,-2.802348,0.000022,0.000925,-0.001249,0.000405,0.002000,-1.953126,0.000062,0.000883,-0.001362
3.5000,-0.006082,-0.002112,-2.802270,0.000022,0.000925,-0.001249,0.000414,0.002021,-1.953277,0.000081,0.000951,-0.001341
3.5500,-0.006083,-0.002112,-2.802194,0.000022,0.000925,-0.001249,0.000422,0.002052,-1.952970,-0.000078,0.001070,-0.001190
3.6000,-0.006083,-0.002112,-2.802117,0.000022,0.000925,-0.001249,0.000432,0.002073,-1.953122,0.000001,0.000982,-0.001416
3.6500,-0.006083,-0.002112,-2.802042,0.000022,0.000926,-0.001249,0.000442,0.002105,-1.952817,0.000014,0.000993,-0.001174
3.7000,-0.006084,-0.002112,-2.801968,0.000022,0.000926,-0.001249,0.000451,0.002127,-1.952970,-0.000045,0.000953,-0.001144
3.7520,-0.006084,-0.002112,-2.801894,0.000022,0.000926,-0.001249,0.000460,0.002161,-1.952668,-0.000019,0.000885,-0.001400
3.8020,-0.006084,-0.002112,-2.801821,0.000022,0.000926,-0.001249,0.000469,0.002185,-1.952822,-0.000094,0.000831,-0.001175
3.8500,-0.006085,-0.002112,-2.801748,0.000022,0.000927,-0.001249,0.000481,0.002220,-1.952521,-0.000025,0.001043,-0.001295
3.9000,-0.006085,-0.002112,-2.801677,0.000022,0.000927,-0.001249,0.000492,0.002245,-1.952676,-0.000029,0.000972,-0.001174
3.9500,-0.006078,-0.002109,-2.801796,0.000022,0.000891,-0.001248,0.000506,0.002282,-1.952411,0.000074,0.000878,-0.001179
4.0000,-0.006023,-0.002093,-2.802952,0.000012,0.000637,-0.001236,0.000535,0.002311,-1.953005,0.000056,0.000679,-0.001333
4.0500,-0.005893,-0.002059,-2.805712,-0.000048,0.000091,-0.001207,0.000657,0.002376,-1.955218,-0.000130,0.000248,-0.001277
4.1000,-0.005704,-0.002015,-2.810174,-0.000193,-0.000658,-0.001160,0.000796,0.002431,-1.958276,-0.000140,-0.000307,-0.001172
4.1500,-0.005491,-0.001967,-2.816187,-0.000414,-0.001491,-0.001099,0.001053,0.002522,-1.965077,-0.000129,-0.001398,-0.001161
4.2000,-0.005287,-0.001917,-2.823518,-0.000679,-0.002329,-0.001029,0.001237,0.002584,-1.970652,-0.000743,-0.002126,-0.001328
4.2500,-0.005113,-0.001867,-2.831930,-0.000964,-0.003131,-0.000956,0.001401,0.002691,-1.981235,-0.000911,-0.002946,-0.000914
4.3000,-0.004976,-0.001818,-2.841208,-0.001251,-0.003864,-0.000886,0.001550,0.002749,-1.988621,-0.001169,-0.003582,-0.000963
4.3500,-0.004873,-0.001773,-2.851171,-0.001522,-0.004513,-0.000820,0.001452,0.002890,-2.001702,-0.001378,-0.004397,-0.000986
4.4000,-0.004797,-0.001732,-2.861672,-0.001765,-0.005071,-0.000763,0.001555,0.002941,-2.010277,-0.001690,-0.004908,-0.000838
4.4500,-0.004736,-0.001698,-2.872594,-0.001972,-0.005537,-0.000714,0.001210,0.003124,-2.024824,-0.001903,-0.005497,-0.000603
4.5000,-0.004683,-0.001673,-2.883847,-0.002142,-0.005915,-0.000675,0.001293,0.003159,-2.034164,-0.002004,-0.005728,-0.000456
4.5500,-0.004630,-0.001656,-2.895356,-0.002272,-0.006209,-0.000641,0.000845,0.003357,-2.049458,-0.002220,-0.006163,-0.000668
4.6000,-0.004577,-0.001646,-2.907065,-0.002362,-0.006425,-0.000614,0.000925,0.003376,-2.059287,-0.002444,-0.006460,-0.000490
4.6500,-0.004520,-0.001642,-2.918931,-0.002415,-0.006572,-0.000596,0.000575,0.003536,-2.074859,-0.002271,-0.006595,-0.000552
4.7000,-0.004460,-0.001644,-2.930918,-0.002433,-0.006659,-0.000583,0.000658,0.003543,-2.084997,-0.002393,-0.006795,-0.000527
4.7520,-0.004394,-0.001652,-2.943001,-0.002419,-0.006692,-0.000574,0.000597,0.003601,-2.100556,-0.002608,-0.006660,-0.000574
4.8000,-0.004324,-0.001667,-2.955158,-0.002378,-0.006679,-0.000568,0.000684,0.003598,-2.110886,-0.002287,-0.006672,-0.000599
4.8500,-0.004250,-0.001686,-2.967374,-0.002312,-0.006627,-0.000564,0.001036,0.003518,-2.126267,-0.002391,-0.006528,-0.000620
4.9000,-0.004173,-0.001710,-2.979636,-0.002225,-0.006542,-0.000562,0.001132,0.003506,-2.136709,-0.002369,-0.006595,-0.000517
4.9500,-0.004094,-0.001737,-2.991934,-0.002120,-0.006430,-0.000562,0.001935,0.003276,-2.151833,-0.002159,-0.006512,-0.000339
5.0000,-0.004014,-0.001767,-3.004261,-0.002002,-0.006295,-0.000563,0.002040,0.003259,-2.162330,-0.002016,-0.006173,-0.000453
5.0500,-0.003933,-0.001798,-3.016610,-0.001872,-0.006144,-0.000565,0.003231,0.002907,-2.177171,-0.001955,-0.006074,-0.000526
5.1000,-0.003854,-0.001831,-3.028977,-0.001734,-0.005978,-0.000568,0.003346,0.002886,-2.187686,-0.001619,-0.006013,-0.000659
5.1500,-0.003774,-0.001864,-3.041358,-0.001589,-0.005803,-0.000572,0.004810,0.002464,-2.202256,-0.001466,-0.005810,-0.000400
5.2000,-0.003697,-0.001898,-3.053751,-0.001442,-0.005619,-0.000577,0.004936,0.002440,-2.212761,-0.001499,-0.005603,-0.000563
5.2500,-0.003621,-0.001931,-3.066154,-0.001292,-0.005431,-0.000582,0.006529,0.002011,-2.227090,-0.001340,-0.005337,-0.000815
5.3000,-0.003547,-0.001963,-3.078563,-0.001143,-0.005240,-0.000588,0.006661,0.001982,-2.237566,-0.001210,-0.005155,-0.000682
5.3500,-0.003475,-0.001994,-3.090979,-0.000995,-0.005048,-0.000594,0.008239,0.001608,-2.251698,-0.000939,-0.005145,-0.000608
5.4000,-0.003405,-0.002024,-3.103400,-0.000851,-0.004856,-0.000602,0.008378,0.001581,-2.262133,-0.000815,-0.004815,-0.000769
5.4500,-0.003338,-0.002053,-3.115825,-0.000710,-0.004665,-0.000610,0.009824,0.001313,-2.276113,-0.000741,-0.004592,-0.000629
5.5020,-0.003273,-0.002080,-3.128253,-0.000574,-0.004477,-0.000618,0.009966,0.001286,-2.286500,-0.000451,-0.004464,-0.000547
5.5500,-0.003210,-0.002105,-3.140684,-0.000443,-0.004292,-0.000627,0.011187,0.001152,-2.300375,-0.000394,-0.004160,-0.000569
5.6000,-0.003150,-0.002128,-3.153117,-0.000319,-0.004110,-0.000636,0.011334,0.001126,-2.310710,-0.000262,-0.004130,-0.000518
5.6500,-0.003093,-0.002150,-3.165553,-0.000201,-0.003933,-0.000645,0.012281,0.001139,-2.324522,-0.000286,-0.003906,-0.000778
5.7020,-0.003039,-0.002169,-3.177990,-0.000090,-0.003761,-0.000654,0.012432,0.001118,-2.334805,-0.000117,-0.003799,-0.000648
5.7500,-0.002987,-0.002187,-3.190428,0.000015,-0.003593,-0.000664,0.013096,0.001265,-2.348592,0.000048,-0.003449,-0.000514
5.8000,-0.002938,-0.002203,-3.202868,0.000112,-0.003430,-0.000673,0.013244,0.001252,-2.358823,0.000197,-0.003556,-0.000591
5.8500,-0.002891,-0.002216,-3.215309,0.000203,-0.003273,-0.000682,0.013641,0.001518,-2.372616,0.000423,-0.003387,-0.000929
5.9000,-0.002847,-0.002228,-3.227751,0.000287,-0.003121,-0.000691,0.013781,0.001510,-2.382800,0.000194,-0.003308,-0.000518
5.9500,-0.002805,-0.002238,-3.240194,0.000364,-0.002974,-0.000700,0.013940,0.001867,-2.396626,0.000287,-0.003042,-0.000661
6.0000,-0.002766,-0.002247,-3.252638,0.000434,-0.002832,-0.000708,0.014075,0.001868,-2.406767,0.000569,-0.002798,-0.000736
6.0500,-0.002729,-0.002254,-3.265082,0.000498,-0.002695,-0.000717,0.014038,0.002289,-2.420644,0.000418,-0.002603,-0.000688
6.1000,-0.002694,-0.002259,-3.277527,0.000556,-0.002564,-0.000725,0.014167,0.002296,-2.430748,0.000664,-0.002635,-0.000756
6.1500,-0.002661,-0.002263,-3.289973,0.000609,-0.002437,-0.000733,0.013983,0.002749,-2.444691,0.000522,-0.002330,-0.000887
6.2000,-0.002630,-0.002265,-3.302420,0.000656,-0.002316,-0.000741,0.014104,0.002761,-2.454763,0.000511,-0.002191,-0.000637
6.2500,-0.002602,-0.002267,-3.314867,0.000697,-0.002199,-0.000748,0.013820,0.003222,-2.468781,0.000749,-0.002343,-0.000782
6.3000,-0.002575,-0.002267,-3.327314,0.000734,-0.002087,-0.000755,0.013933,0.003243,-2.478827,0.000743,-0.002096,-0.000722
6.3500,-0.002550,-0.002266,-3.339762,0.000766,-0.001980,-0.000763,0.013591,0.003695,-2.492926,0.000842,-0.002000,-0.000697
6.4000,-0.002527,-0.002264,-3.352211,0.000794,-0.001877,-0.000769,0.013695,0.003720,-2.502952,0.000750,-0.001844,-0.000656
6.4500,-0.002505,-0.002261,-3.364660,0.000818,-0.001779,-0.000776,0.013328,0.004147,-2.517134,0.000725,-0.001728,-0.000839
6.5000,-0.002485,-0.002257,-3.377109,0.000838,-0.001684,-0.000783,0.013425,0.004177,-2.527145,0.000767,-0.001593,-0.000926
6.5500,-0.002467,-0.002253,-3.389559,0.000855,-0.001594,-0.000789,0.013057,0.004570,-2.541408,0.000791,-0.001639,-0.000787
6.6000,-0.002450,-0.002248,-3.402009,0.000868,-0.001508,-0.000795,0.013148,0.004604,-2.551409,0.000763,-0.001631,-0.000753
6.6500,-0.002435,-0.002242,-3.414460,0.000879,-0.001425,-0.000801,0.012799,0.004959,-2.565751,0.000936,-0.001514,-0.000917
6.7000,-0.002421,-0.002236,-3.426911,0.000887,-0.001346,-0.000807,0.012882,0.004997,-2.575747,0.000592,-0.001408,-0.000864
6.7500,-0.002408,-0.002229,-3.439363,0.000893,-0.001271,-0.000812,0.012560,0.005313,-2.590163,0.000878,-0.001372,-0.000802
6.8000,-0.002396,-0.002222,-3.451815,0.000896,-0.001199,-0.000818,0.012637,0.005355,-2.600158,0.000898,-0.001347,-0.000921
6.8500,-0.002386,-0.002215,-3.464267,0.000898,-0.001131,-0.000823,0.012346,0.005638,-2.614642,0.000960,-0.001047,-0.001065
6.9000,-0.002377,-0.002207,-3.476720,0.000898,-0.001065,-0.000828,0.012416,0.005681,-2.624638,0.000778,-0.000995,-0.000743
6.9500,-0.002368,-0.002199,-3.489174,0.000896,-0.001003,-0.000833,0.012157,0.005930,-2.639184,0.000894,-0.000977,-0.000952
7.0000,-0.002361,-0.002190,-3.501627,0.000893,-0.000944,-0.000838,0.012226,0.005976,-2.649185,0.000918,-0.000963,-0.000801
7.0500,-0.002355,-0.002182,-3.514081,0.000889,-0.000887,-0.000843,0.011999,0.006197,-2.663786,0.000915,-0.000993,-0.000890
7.1000,-0.002350,-0.002173,-3.526536,0.000883,-0.000833,-0.000848,0.012064,0.006244,-2.673793,0.000939,-0.001042,-0.000859
7.1500,-0.002345,-0.002165,-3.538991,0.000877,-0.000782,-0.000852,0.011865,0.006442,-2.688442,0.000932,-0.000620,-0.000777
7.2000,-0.002342,-0.002156,-3.551446,0.000870,-0.000734,-0.000857,0.011922,0.006491,-2.698458,0.001042,-0.000604,-0.000913
7.2500,-0.002339,-0.002147,-3.563902,0.000862,-0.000688,-0.000861,0.011744,0.006667,-2.713148,0.000727,-0.000789,-0.001015
7.3000,-0.002337,-0.002138,-3.576358,0.000854,-0.000644,-0.000865,0.011800,0.006716,-2.723174,0.000724,-0.000593,-0.000783
7.3500,-0.002335,-0.002129,-3.588814,0.000845,-0.000602,-0.000869,0.011640,0.006875,-2.737898,0.000958,-0.000712,-0.000735
7.4000,-0.002334,-0.002120,-3.601271,0.000836,-0.000563,-0.000874,0.011690,0.006926,-2.747935,0.000978,-0.000640,-0.000752
7.4520,-0.002334,-0.002111,-3.613728,0.000826,-0.000525,-0.000878,0.011541,0.007072,-2.762687,0.000687,-0.000512,-0.000946
7.5000,-0.002335,-0.002103,-3.626186,0.000816,-0.000490,-0.000882,0.011585,0.007121,-2.772736,0.000768,-0.000461,-0.000941
7.5500,-0.002336,-0.002094,-3.638644,0.000806,-0.000457,-0.000886,0.011446,0.007254,-2.787510,0.000922,-0.000453,-0.000883
7.6020,-0.002337,-0.002085,-3.651102,0.000796,-0.000425,-0.000889,0.011490,0.007306,-2.797571,0.000829,-0.000419,-0.000959
7.6500,-0.002339,-0.002076,-3.663560,0.000786,-0.000395,-0.000893,0.011359,0.007427,-2.812363,0.000874,-0.000478,-0.000997
7.7000,-0.002342,-0.002068,-3.676019,0.000776,-0.000366,-0.000897,0.011400,0.007477,-2.822436,0.000888,-0.000419,-0.000817
7.7500,-0.002345,-0.002060,-3.688479,0.000766,-0.000339,-0.000901,0.011276,0.007585,-2.837240,0.000754,-0.000285,-0.001006
7.8000,-0.002348,-0.002051,-3.700939,0.000756,-0.000314,-0.000904,0.011315,0.007634,-2.847324,0.000888,-0.000305,-0.000939
7.8500,-0.002352,-0.002043,-3.713399,0.000746,-0.000290,-0.000908,0.011197,0.007732,-2.862138,0.000628,-0.000478,-0.000763
7.9000,-0.002356,-0.002035,-3.725859,0.000736,-0.000268,-0.000911,0.011235,0.007778,-2.872233,0.000702,-0.000315,-0.000964
7.9500,-0.002366,-0.002029,-3.738179,0.000726,-0.000219,-0.000916,0.011120,0.007865,-2.887032,0.000768,-0.000249,-0.000993
8.0000,-0.002411,-0.002036,-3.749734,0.000705,-0.000008,-0.000927,0.011139,0.007904,-2.896853,0.000973,-0.000266,-0.000871
8.0500,-0.002523,-0.002070,-3.759852,0.000642,0.000480,-0.000949,0.010874,0.007954,-2.909728,0.000606,0.000257,-0.000973
8.1000,-0.002696,-0.002137,-3.768304,0.000504,0.001201,-0.000972,0.010789,0.007949,-2.917375,0.000686,0.000780,-0.001086
8.1500,-0.002902,-0.002229,-3.775172,0.000291,0.002044,-0.000986,0.010108,0.007906,-2.925853,0.000329,0.001862,-0.000957
8.2000,-0.003108,-0.002331,-3.780668,0.000033,0.002915,-0.000990,0.009957,0.007859,-2.930958,0.000040,0.002535,-0.001026
8.2500,-0.003290,-0.002428,-3.785028,-0.000240,0.003761,-0.000987,0.008769,0.007686,-2.935603,-0.000093,0.003508,-0.000924
8.3000,-0.003439,-0.002510,-3.788469,-0.000507,0.004549,-0.000980,0.008636,0.007644,-2.938825,-0.000455,0.004271,-0.001006
8.3500,-0.003553,-0.002574,-3.791176,-0.000754,0.005258,-0.000971,0.006802,0.007306,-2.940899,-0.000675,0.005099,-0.000855
8.4000,-0.003634,-0.002619,-3.793302,-0.000972,0.005879,-0.000961,0.006709,0.007288,-2.942872,-0.000971,0.005700,-0.000924
8.4500,-0.003690,-0.002648,-3.794970,-0.001157,0.006408,-0.000953,0.004181,0.006733,-2.943394,-0.001266,0.006256,-0.000946
8.5000,-0.003727,-0.002664,-3.796280,-0.001306,0.006845,-0.000946,0.004112,0.006738,-2.944561,-0.001217,0.006639,-0.001031
8.5500,-0.003752,-0.002670,-3.797307,-0.001420,0.007194,-0.000942,0.001074,0.005996,-2.944242,-0.001457,0.007284,-0.000930
8.6000,-0.003769,-0.002670,-3.798112,-0.001500,0.007461,-0.000939,0.001003,0.006012,-2.944894,-0.001531,0.007259,-0.000858
8.6500,-0.003781,-0.002666,-3.798745,-0.001549,0.007649,-0.000938,-0.002175,0.005177,-2.944191,-0.001732,0.007711,-0.001030
8.7000,-0.003789,-0.002660,-3.799245,-0.001571,0.007772,-0.000937,-0.002260,0.005197,-2.944519,-0.001610,0.007528,-0.000956
8.7500,-0.003796,-0.002653,-3.799630,-0.001570,0.007851,-0.000938,-0.005169,0.004407,-2.943724,-0.001560,0.007831,-0.001070
8.8000,-0.003801,-0.002647,-3.799919,-0.001548,0.007876,-0.000940,-0.005271,0.004424,-2.943840,-0.001346,0.007814,-0.001064
8.8500,-0.003805,-0.002641,-3.800131,-0.001512,0.007849,-0.000942,-0.007636,0.003786,-2.943079,-0.001474,0.007771,-0.000754
8.9000,-0.003808,-0.002637,-3.800283,-0.001467,0.007778,-0.000945,-0.007754,0.003795,-2.943056,-0.001490,0.007804,-0.000979
8.9500,-0.003810,-0.002633,-3.800390,-0.001416,0.007672,-0.000948,-0.009389,0.003373,-2.942438,-0.001591,0.007709,-0.000936
9.0000,-0.003812,-0.002630,-3.800461,-0.001363,0.007537,-0.000950,-0.009515,0.003378,-2.942340,-0.001460,0.007527,-0.000846
9.0500,-0.003813,-0.002627,-3.800505,-0.001310,0.007378,-0.000953,-0.010395,0.003182,-2.941921,-0.001340,0.007159,-0.001046
9.1000,-0.003814,-0.002625,-3.800527,-0.001256,0.007201,-0.000955,-0.010528,0.003185,-2.941793,-0.001300,0.007380,-0.000932
9.1500,-0.003814,-0.002623,-3.800532,-0.001204,0.007008,-0.000957,-0.010763,0.003181,-2.941585,-0.001097,0.007125,-0.001021
9.2000,-0.003815,-0.002622,-3.800524,-0.001154,0.006805,-0.000958,-0.010896,0.003184,-2.941455,-0.001021,0.006942,-0.000910
9.2500,-0.003815,-0.002621,-3.800506,-0.001107,0.006594,-0.000959,-0.010667,0.003315,-2.941445,-0.001224,0.006658,-0.000977
9.3000,-0.003815,-0.002620,-3.800479,-0.001062,0.006377,-0.000960,-0.010795,0.003320,-2.941334,-0.001224,0.006456,-0.000977
9.3500,-0.003816,-0.002619,-3.800446,-0.001020,0.006158,-0.000961,-0.010312,0.003531,-2.941496,-0.001286,0.006102,-0.000786
9.4000,-0.003817,-0.002618,-3.800407,-0.000981,0.005939,-0.000962,-0.010436,0.003542,-2.941416,-0.001094,0.005936,-0.001135
9.4500,-0.003817,-0.002617,-3.800365,-0.000945,0.005721,-0.000962,-0.009894,0.003782,-2.941715,-0.001019,0.005847,-0.001062
9.5000,-0.003818,-0.002615,-3.800319,-0.000911,0.005505,-0.000963,-0.010014,0.003796,-2.941675,-0.000770,0.005582,-0.000870
9.5500,-0.003819,-0.002614,-3.800271,-0.000880,0.005293,-0.000963,-0.009559,0.004014,-2.942076,-0.000959,0.005476,-0.000774
9.6000,-0.003819,-0.002612,-3.800221,-0.000851,0.005085,-0.000963,-0.009674,0.004030,-2.942079,-0.000797,0.005184,-0.000887
9.6500,-0.003820,-0.002610,-3.800169,-0.000823,0.004883,-0.000964,-0.009383,0.004202,-2.942547,-0.000830,0.004826,-0.001166
9.7000,-0.003821,-0.002608,-3.800117,-0.000798,0.004686,-0.000964,-0.009499,0.004218,-2.942596,-0.000650,0.004738,-0.001003
9.7500,-0.003821,-0.002606,-3.800064,-0.000774,0.004496,-0.000965,-0.009406,0.004341,-2.943099,-0.000885,0.004677,-0.001112
9.8000,-0.003822,-0.002603,-3.800010,-0.000751,0.004313,-0.000966,-0.009517,0.004359,-2.943193,-0.000795,0.004249,-0.000874
9.8500,-0.003822,-0.002601,-3.799956,-0.000729,0.004136,-0.000966,-0.009590,0.004441,-2.943702,-0.000647,0.004102,-0.001005
9.9000,-0.003822,-0.002598,-3.799902,-0.000708,0.003967,-0.000967,-0.009702,0.004460,-2.943839,-0.000848,0.004029,-0.001054
9.9500,-0.003622,-0.002589,-3.799853,-0.000689,0.003696,-0.000995,-0.009869,0.004515,-2.944332,-0.000721,0.003639,-0.000859
10.0020,-0.001511,-0.002567,-3.799875,-0.000683,0.003125,-0.001124,-0.009360,0.004547,-2.944532,-0.000782,0.003424,-0.000934
10.0500,0.004212,-0.002549,-3.799999,-0.000706,0.002281,-0.001353,-0.005263,0.004605,-2.945310,-0.000648,0.002491,-0.001290
10.1020,0.013773,-0.002541,-3.800201,-0.000756,0.001315,-0.001660,0.000655,0.004633,-2.945702,-0.000745,0.001679,-0.001542
10.1500,0.026381,-0.002547,-3.800433,-0.000825,0.000375,-0.001982,0.013142,0.004630,-2.947067,-0.000604,0.000587,-0.001819
10.2000,0.040912,-0.002568,-3.800644,-0.000903,-0.000485,-0.002256,0.023935,0.004637,-2.947555,-0.000768,-0.000138,-0.002337
10.2500,0.056376,-0.002595,-3.800805,-0.000979,-0.001214,-0.002480,0.040398,0.004541,-2.949187,-0.000881,-0.001121,-0.002414
10.3000,0.072092,-0.002626,-3.800906,-0.001042,-0.001792,-0.002669,0.052792,0.004530,-2.949651,-0.000994,-0.001787,-0.002633
10.3500,0.087740,-0.002659,-3.800952,-0.001091,-0.002220,-0.002845,0.069371,0.004423,-2.951223,-0.001150,-0.002113,-0.003042
10.4000,0.103279,-0.002694,-3.800952,-0.001125,-0.002515,-0.002993,0.081710,0.004402,-2.951657,-0.001195,-0.002434,-0.002952
10.4520,0.118705,-0.002730,-3.800916,-0.001146,-0.002702,-0.003102,0.098048,0.004335,-2.952986,-0.001108,-0.002822,-0.003178
10.5000,0.134038,-0.002769,-3.800855,-0.001153,-0.002806,-0.003195,0.110199,0.004309,-2.953418,-0.001175,-0.002803,-0.003084
10.5500,0.149301,-0.002808,-3.800775,-0.001147,-0.002847,-0.003265,0.127103,0.004258,-2.954420,-0.001256,-0.003090,-0.003417
10.6000,0.164521,-0.002850,-3.800683,-0.001129,-0.002837,-0.003311,0.139132,0.004226,-2.954863,-0.001063,-0.002866,-0.003056
10.6500,0.179727,-0.002894,-3.800583,-0.001102,-0.002789,-0.003339,0.157224,0.004184,-2.955517,-0.001184,-0.002697,-0.003311
10.7000,0.194934,-0.002939,-3.800480,-0.001065,-0.002710,-0.003356,0.169226,0.004151,-2.955977,-0.001088,-0.002748,-0.003312
10.7500,0.210151,-0.002986,-3.800375,-0.001021,-0.002608,-0.003365,0.188755,0.004095,-2.956296,-0.001009,-0.002689,-0.003442
10.8000,0.225379,-0.003033,-3.800269,-0.000970,-0.002487,-0.003366,0.200777,0.004059,-2.956762,-0.001059,-0.002671,-0.003453
10.8500,0.240614,-0.003080,-3.800165,-0.000915,-0.002352,-0.003361,0.221616,0.003996,-2.956778,-0.000969,-0.002569,-0.003287
10.9000,0.255855,-0.003129,-3.800063,-0.000855,-0.002206,-0.003351,0.233666,0.003963,-2.957240,-0.000839,-0.002542,-0.003574
10.9500,0.271098,-0.003177,-3.799963,-0.000793,-0.002052,-0.003337,0.255460,0.003915,-2.956985,-0.001102,-0.002089,-0.003223
11.0000,0.286340,-0.003227,-3.799866,-0.000729,-0.001894,-0.003320,0.267529,0.003882,-2.957435,-0.000762,-0.001888,-0.003398
11.0500,0.301581,-0.003276,-3.799772,-0.000664,-0.001732,-0.003301,0.289835,0.003866,-2.956958,-0.000670,-0.001721,-0.003218
11.1000,0.316819,-0.003325,-3.799681,-0.000599,-0.001569,-0.003280,0.301922,0.003834,-2.957388,-0.000738,-0.001584,-0.003284
11.1500,0.332054,-0.003375,-3.799593,-0.000535,-0.001406,-0.003258,0.324311,0.003883,-2.956732,-0.000652,-0.001588,-0.003333
11.2000,0.347287,-0.003425,-3.799509,-0.000471,-0.001245,-0.003234,0.336417,0.003852,-2.957132,-0.000601,-0.001325,-0.003077
11.2500,0.362516,-0.003474,-3.799428,-0.000410,-0.001086,-0.003210,0.358537,0.003994,-2.956339,-0.000634,-0.001116,-0.003139
11.3000,0.377743,-0.003523,-3.799351,-0.000350,-0.000931,-0.003186,0.370658,0.003968,-2.956708,-0.000218,-0.001008,-0.003293
11.3500,0.392968,-0.003572,-3.799277,-0.000294,-0.000780,-0.003161,0.392253,0.004214,-2.955820,-0.000277,-0.000876,-0.003035
11.4000,0.408191,-0.003621,-3.799206,-0.000240,-0.000633,-0.003137,0.404387,0.004189,-2.956155,-0.000334,-0.000794,-0.003086
11.4520,0.423411,-0.003670,-3.799138,-0.000188,-0.000490,-0.003112,0.425303,0.004551,-2.955207,0.000019,-0.000598,-0.003180
11.5000,0.438629,-0.003718,-3.799074,-0.000140,-0.000352,-0.003088,0.437445,0.004527,-2.955505,-0.000266,-0.000475,-0.003221
11.5520,0.453845,-0.003766,-3.799012,-0.000096,-0.000219,-0.003064,0.457639,0.004981,-2.954534,-0.000102,-0.000265,-0.003085
11.6000,0.469059,-0.003814,-3.798954,-0.000054,-0.000091,-0.003040,0.469788,0.004962,-2.954797,-0.000149,-0.000253,-0.003121
11.6500,0.484271,-0.003861,-3.798898,-0.000016,0.000031,-0.003017,0.489258,0.005495,-2.953825,-0.000004,0.000167,-0.002861
11.7000,0.499480,-0.003908,-3.798845,0.000020,0.000149,-0.002994,0.501411,0.005480,-2.954057,0.000167,0.000052,-0.003138
11.7500,0.514688,-0.003954,-3.798794,0.000052,0.000262,-0.002972,0.520221,0.006076,-2.953107,0.000193,0.000393,-0.002924
11.8000,0.529893,-0.004000,-3.798746,0.000081,0.000370,-0.002950,0.532377,0.006063,-2.953309,0.000345,0.000350,-0.002844
11.8500,0.545096,-0.004045,-3.798701,0.000107,0.000473,-0.002929,0.550626,0.006700,-2.952394,0.000185,0.000402,-0.002906
11.9020,0.560297,-0.004091,-3.798657,0.000130,0.000572,-0.002908,0.562781,0.006689,-2.952568,0.000070,0.000439,-0.002730
11.9500,0.575496,-0.004135,-3.798616,0.000151,0.000666,-0.002888,0.580611,0.007313,-2.951701,0.000263,0.000637,-0.002862
12.0000,0.590692,-0.004179,-3.798577,0.000169,0.000756,-0.002868,0.592760,0.007304,-2.951851,0.000016,0.000761,-0.002664
12.0500,0.605887,-0.004223,-3.798540,0.000185,0.000842,-0.002849,0.610283,0.007901,-2.951041,0.000316,0.000750,-0.002982
12.1000,0.621080,-0.004267,-3.798505,0.000199,0.000923,-0.002830,0.622424,0.007895,-2.951172,0.000120,0.000803,-0.003015
12.1500,0.636271,-0.004310,-3.798471,0.000210,0.001001,-0.002812,0.639751,0.008444,-2.950423,0.000240,0.000964,-0.002763
12.2000,0.651459,-0.004353,-3.798440,0.000220,0.001075,-0.002794,0.651882,0.008444,-2.950540,0.000422,0.001039,-0.002838
12.2500,0.666646,-0.004395,-3.798410,0.000228,0.001145,-0.002777,0.669083,0.008941,-2.949855,0.000337,0.001054,-0.002794
12.3000,0.681831,-0.004437,-3.798382,0.000234,0.001212,-0.002760,0.681206,0.008942,-2.949960,0.000203,0.001280,-0.002794
12.3500,0.697014,-0.004479,-3.798355,0.000239,0.001275,-0.002744,0.698354,0.009386,-2.949342,0.000102,0.001186,-0.002720
12.4000,0.712195,-0.004520,-3.798330,0.000242,0.001335,-0.002728,0.710470,0.009393,-2.949439,0.000376,0.001186,-0.002765
12.4500,0.727374,-0.004561,-3.798307,0.000244,0.001392,-0.002713,0.727604,0.009784,-2.948880,0.000212,0.001454,-0.002716
12.5000,0.742552,-0.004602,-3.798284,0.000245,0.001447,-0.002698,0.739712,0.009794,-2.948973,0.000264,0.001527,-0.002730
12.5500,0.757727,-0.004642,-3.798264,0.000245,0.001498,-0.002683,0.756863,0.010130,-2.948473,0.000230,0.001502,-0.002670
12.6020,0.772901,-0.004682,-3.798244,0.000244,0.001547,-0.002669,0.768965,0.010142,-2.948564,0.000322,0.001498,-0.002767
12.6500,0.788073,-0.004722,-3.798226,0.000242,0.001593,-0.002655,0.786163,0.010433,-2.948118,0.000291,0.001551,-0.002560
12.7000,0.803243,-0.004762,-3.798208,0.000240,0.001637,-0.002641,0.798257,0.010448,-2.948208,0.000183,0.001648,-0.002642
12.7500,0.818412,-0.004801,-3.798192,0.000237,0.001678,-0.002628,0.815510,0.010692,-2.947810,0.000123,0.001636,-0.002760
12.8000,0.833579,-0.004840,-3.798177,0.000233,0.001717,-0.002615,0.827595,0.010706,-2.947902,0.000148,0.001602,-0.002550
12.8500,0.848744,-0.004879,-3.798163,0.000229,0.001754,-0.002603,0.844916,0.010919,-2.947551,0.000373,0.001687,-0.002563
12.9000,0.863907,-0.004917,-3.798151,0.000224,0.001789,-0.002590,0.856993,0.010934,-2.947649,0.000090,0.001685,-0.002550
12.9500,0.879069,-0.004956,-3.798139,0.000219,0.001823,-0.002578,0.874365,0.011111,-2.947334,0.000271,0.001748,-0.002642
13.0000,0.894229,-0.004994,-3.798128,0.000214,0.001854,-0.002567,0.886435,0.011127,-2.947437,0.000351,0.001886,-0.002642
13.0500,0.909387,-0.005032,-3.798118,0.000209,0.001884,-0.002555,0.903858,0.011278,-2.947157,0.000134,0.002044,-0.002504
13.1000,0.924544,-0.005069,-3.798109,0.000204,0.001912,-0.002544,0.915923,0.011294,-2.947268,0.000140,0.001859,-0.002522
13.1500,0.939699,-0.005107,-3.798100,0.000198,0.001938,-0.002533,0.933393,0.011421,-2.947017,0.000207,0.001884,-0.002498
13.2000,0.954853,-0.005144,-3.798093,0.000192,0.001963,-0.002523,0.945454,0.011438,-2.947135,-0.000000,0.001856,-0.002567
13.2500,0.970005,-0.005182,-3.798086,0.000186,0.001986,-0.002512,0.962965,0.011541,-2.946905,0.000113,0.001936,-0.002367
13.3000,0.985155,-0.005219,-3.798080,0.000181,0.002008,-0.002502,0.975020,0.011560,-2.947031,0.000056,0.001901,-0.002601
13.3500,1.000304,-0.005255,-3.798075,0.000175,0.002029,-0.002492,0.992569,0.011645,-2.946821,0.000163,0.001975,-0.002526
13.4000,1.015452,-0.005292,-3.798070,0.000169,0.002049,-0.002482,1.004618,0.011664,-2.946956,0.000227,0.002015,-0.002525
13.4500,1.030598,-0.005329,-3.798066,0.000163,0.002067,-0.002472,1.022202,0.011735,-2.946763,0.000113,0.001950,-0.002510
13.5000,1.045742,-0.005365,-3.798063,0.000158,0.002085,-0.002463,1.034248,0.011755,-2.946905,0.000310,0.002001,-0.002522
13.5500,1.060885,-0.005401,-3.798061,0.000152,0.002101,-0.002454,1.051863,0.011811,-2.946721,0.000208,0.002245,-0.002506
13.6000,1.076027,-0.005437,-3.798059,0.000147,0.002117,-0.002445,1.063904,0.011833,-2.946871,0.000087,0.001996,-0.002486
13.6500,1.091167,-0.005473,-3.798057,0.000141,0.002131,-0.002436,1.081551,0.011869,-2.946696,0.000282,0.002140,-0.002316
13.7000,1.106306,-0.005509,-3.798056,0.000136,0.002145,-0.002427,1.093585,0.011890,-2.946855,0.000234,0.002280,-0.002476
13.7500,1.121443,-0.005545,-3.798056,0.000131,0.002157,-0.002419,1.111258,0.011921,-2.946689,0.000269,0.001943,-0.002277
13.8000,1.136579,-0.005580,-3.798057,0.000126,0.002169,-0.002410,1.123289,0.011943,-2.946853,0.000057,0.002305,-0.002439
13.8500,1.151714,-0.005616,-3.798057,0.000121,0.002180,-0.002402,1.140989,0.011960,-2.946690,0.000120,0.002098,-0.002484
13.9000,1.166847,-0.005651,-3.798059,0.000117,0.002191,-0.002394,1.153015,0.011980,-2.946862,0.000110,0.002244,-0.002396
13.9500,1.181979,-0.005686,-3.798061,0.000112,0.002201,-0.002386,1.170742,0.011991,-2.946701,0.000093,0.002168,-0.002364
14.0000,1.197110,-0.005721,-3.798063,0.000108,0.002210,-0.002378,1.182765,0.012014,-2.946880,0.000046,0.002120,-0.002399
14.0500,1.212239,-0.005756,-3.798066,0.000104,0.002218,-0.002370,1.200518,0.012010,-2.946720,0.000151,0.002184,-0.002541
14.1000,1.227367,-0.005791,-3.798069,0.000100,0.002226,-0.002363,1.212537,0.012031,-2.946903,0.000106,0.002228,-0.002426
14.1500,1.242494,-0.005826,-3.798073,0.000096,0.002234,-0.002355,1.230316,0.012024,-2.946743,0.000218,0.002224,-0.002175
14.2000,1.257619,-0.005860,-3.798077,0.000092,0.002241,-0.002348,1.242331,0.012044,-2.946933,0.000170,0.002328,-0.002435
14.2520,1.272743,-0.005895,-3.798081,0.000088,0.002248,-0.002341,1.260129,0.012039,-2.946773,0.000025,0.002136,-0.002379
14.3000,1.287866,-0.005929,-3.798086,0.000085,0.002254,-0.002333,1.272142,0.012056,-2.946967,0.000020,0.002216,-0.002261
14.3500,1.302988,-0.005964,-3.798091,0.000082,0.002259,-0.002326,1.289962,0.012041,-2.946803,0.000102,0.002397,-0.002308
14.4000,1.318108,-0.005998,-3.798097,0.000078,0.002264,-0.002319,1.301972,0.012059,-2.947003,0.000146,0.002235,-0.002369
14.4500,1.333228,-0.006032,-3.798103,0.000075,0.002269,-0.002313,1.319811,0.012038,-2.946836,0.000185,0.002145,-0.002147
14.5000,1.348346,-0.006066,-3.798110,0.000073,0.002274,-0.002306,1.331817,0.012057,-2.947038,0.000265,0.002220,-0.002289
14.5500,1.363463,-0.006100,-3.798116,0.000070,0.002278,-0.002299,1.349678,0.012036,-2.946868,-0.000030,0.002289,-0.002248
14.6000,1.378578,-0.006134,-3.798123,0.000067,0.002282,-0.002293,1.361680,0.012054,-2.947075,0.000194,0.002172,-0.002343
14.6500,1.393693,-0.006167,-3.798131,0.000065,0.002286,-0.002286,1.379560,0.012027,-2.946903,0.000189,0.002311,-0.002309
14.7000,1.408806,-0.006201,-3.798139,0.000062,0.002289,-0.002280,1.391559,0.012043,-2.947114,0.000057,0.002287,-0.002167
14.7500,1.423919,-0.006235,-3.798147,0.000060,0.002292,-0.002274,1.409450,0.012017,-2.946939,-0.000021,0.002175,-0.002325
14.8000,1.439030,-0.006268,-3.798155,0.000058,0.002295,-0.002267,1.421445,0.012030,-2.947151,0.000086,0.002260,-0.002404
14.8500,1.454140,-0.006301,-3.798164,0.000056,0.002297,-0.002261,1.439352,0.012004,-2.946973,-0.000014,0.002238,-0.002433
14.9000,1.469249,-0.006335,-3.798173,0.000054,0.002300,-0.002255,1.451343,0.012019,-2.947188,0.000184,0.002289,-0.002287
14.9500,1.484357,-0.006368,-3.798183,0.000052,0.002302,-0.002249,1.469264,0.011985,-2.947009,0.000111,0.002266,-0.002245
15.0000,1.499463,-0.006401,-3.798192,0.000050,0.002304,-0.002243,1.481253,0.011999,-2.947225,0.000019,0.002242,-0.002129
15.0500,1.514569,-0.006434,-3.798202,0.000048,0.002306,-0.002238,1.499182,0.011970,-2.947042,0.000218,0.002384,-0.002342
15.1000,1.529674,-0.006467,-3.798212,0.000047,0.002307,-0.002232,1.511168,0.011983,-2.947261,0.000088,0.002249,-0.002202
15.1500,1.544777,-0.006500,-3.798223,0.000045,0.002309,-0.002226,1.529103,0.011955,-2.947078,-0.000070,0.002310,-0.002333
15.2020,1.559880,-0.006533,-3.798234,0.000044,0.002310,-0.002221,1.541088,0.011965,-2.947297,-0.000007,0.002260,-0.002391
15.2500,1.574982,-0.006565,-3.798245,0.000043,0.002311,-0.002215,1.559026,0.011940,-2.947109,-0.000015,0.002219,-0.002068
15.3000,1.590082,-0.006598,-3.798256,0.000041,0.002312,-0.002210,1.571005,0.011952,-2.947330,0.000152,0.002182,-0.002280
15.3500,1.605182,-0.006631,-3.798268,0.000040,0.002313,-0.002204,1.588954,0.011925,-2.947141,0.000070,0.002304,-0.002267
15.4000,1.620280,-0.006663,-3.798279,0.000039,0.002314,-0.002199,1.600929,0.011937,-2.947365,0.000076,0.002493,-0.002197
15.4500,1.635378,-0.006696,-3.798292,0.000038,0.002315,-0.002193,1.618874,0.011911,-2.947178,0.000096,0.002303,-0.002224
15.5000,1.650474,-0.006728,-3.798304,0.000037,0.002315,-0.002188,1.630851,0.011922,-2.947402,0.000098,0.002207,-0.002230
15.5500,1.665570,-0.006760,-3.798316,0.000036,0.002316,-0.002183,1.648792,0.011897,-2.947211,-0.000122,0.002374,-0.002019
15.6000,1.680665,-0.006792,-3.798329,0.000035,0.002316,-0.002178,1.660768,0.011907,-2.947435,0.000127,0.002293,-0.002223
15.6500,1.695758,-0.006824,-3.798342,0.000034,0.002317,-0.002173,1.678708,0.011891,-2.947243,-0.000011,0.002634,-0.002030
15.7000,1.710851,-0.006857,-3.798355,0.000033,0.002317,-0.002168,1.690683,0.011901,-2.947470,0.000074,0.002218,-0.002131
15.7500,1.725943,-0.006888,-3.798369,0.000032,0.002317,-0.002163,1.708619,0.011887,-2.947276,0.000080,0.002305,-0.002052
15.8000,1.741034,-0.006920,-3.798383,0.000032,0.002317,-0.002158,1.720592,0.011894,-2.947501,0.000099,0.002207,-0.001998
15.8500,1.756124,-0.006952,-3.798396,0.000031,0.002318,-0.002153,1.738534,0.011878,-2.947307,-0.000122,0.002275,-0.002262
15.9000,1.771213,-0.006984,-3.798411,0.000030,0.002318,-0.002149,1.750504,0.011887,-2.947532,0.000124,0.002295,-0.002122
15.9500,1.786301,-0.007016,-3.798425,0.000030,0.002318,-0.002144,1.768449,0.011865,-2.947338,-0.000012,0.002170,-0.002217
16.0020,1.801389,-0.007047,-3.798439,0.000029,0.002318,-0.002139,1.780414,0.011874,-2.947563,0.000055,0.002347,-0.002011
16.0500,1.816475,-0.007079,-3.798454,0.000029,0.002317,-0.002135,1.798363,0.011852,-2.947369,0.000007,0.002398,-0.002159
16.1000,1.831561,-0.007110,-3.798469,0.000028,0.002317,-0.002130,1.810325,0.011861,-2.947594,-0.000085,0.002290,-0.002190
16.1500,1.846646,-0.007142,-3.798484,0.000028,0.002317,-0.002126,1.828280,0.011842,-2.947403,0.000119,0.002244,-0.002133
16.2000,1.861730,-0.007173,-3.798500,0.000027,0.002317,-0.002121,1.840241,0.011851,-2.947630,0.000157,0.002460,-0.002132
16.2500,1.876813,-0.007205,-3.798515,0.000027,0.002317,-0.002117,1.858180,0.011837,-2.947438,0.000193,0.002365,-0.002175
16.3000,1.891895,-0.007236,-3.798531,0.000026,0.002317,-0.002112,1.870142,0.011844,-2.947665,-0.000026,0.002311,-0.002010
16.3500,1.906977,-0.007267,-3.798547,0.000026,0.002316,-0.002108,1.888074,0.011835,-2.947472,0.000004,0.002299,-0.002120
16.4000,1.922057,-0.007298,-3.798563,0.000026,0.002316,-0.002104,1.900034,0.011846,-2.947697,-0.000108,0.002260,-0.002018
16.4500,1.937137,-0.007329,-3.798579,0.000025,0.002316,-0.002099,1.917971,0.011832,-2.947504,0.000036,0.002211,-0.002080
16.5020,1.952216,-0.007360,-3.798596,0.000025,0.002315,-0.002095,1.929927,0.011845,-2.947730,0.000075,0.002289,-0.002101
16.5500,1.967294,-0.007391,-3.798613,0.000025,0.002315,-0.002091,1.947868,0.011830,-2.947537,-0.000068,0.002213,-0.002196
16.6000,1.982372,-0.007422,-3.798629,0.000025,0.002314,-0.002087,1.959821,0.011844,-2.947764,-0.000001,0.002276,-0.002307
16.6500,1.997448,-0.007453,-3.798646,0.000024,0.002314,-0.002083,1.977759,0.011826,-2.947572,-0.000070,0.002516,-0.002052
16.7000,2.012524,-0.007484,-3.798664,0.000024,0.002314,-0.002079,1.989711,0.011841,-2.947800,0.000067,0.002227,-0.002009
16.7500,2.027600,-0.007514,-3.798681,0.000024,0.002313,-0.002075,2.007643,0.011837,-2.947609,0.000057,0.002271,-0.002145
16.8000,2.042674,-0.007545,-3.798699,0.000024,0.002313,-0.002071,2.019593,0.011850,-2.947836,0.000167,0.002280,-0.002091
16.8500,2.057748,-0.007576,-3.798716,0.000023,0.002312,-0.002067,2.037520,0.011853,-2.947645,0.000238,0.002400,-0.001986
16.9000,2.072821,-0.007606,-3.798734,0.000023,0.002312,-0.002063,2.049469,0.011866,-2.947874,0.000183,0.002392,-0.001963
16.9500,2.087893,-0.007637,-3.798752,0.000023,0.002311,-0.002059,2.067386,0.011886,-2.947684,0.000046,0.002221,-0.002039
17.0000,2.102964,-0.007667,-3.798770,0.000023,0.002311,-0.002056,2.079336,0.011895,-2.947913,-0.000113,0.002351,-0.002142
17.0500,2.118035,-0.007698,-3.798789,0.000023,0.002310,-0.002052,2.097242,0.011915,-2.947722,0.000025,0.002274,-0.001969
17.1000,2.133105,-0.007728,-3.798807,0.000023,0.002310,-0.002048,2.109191,0.011926,-2.947950,0.000091,0.002213,-0.002071
17.1500,2.148175,-0.007758,-3.798826,0.000023,0.002309,-0.002045,2.127102,0.011947,-2.947758,-0.000086,0.002317,-0.001975
17.2000,2.163244,-0.007788,-3.798845,0.000022,0.002309,-0.002041,2.139047,0.011957,-2.947985,0.000080,0.002246,-0.002204
17.2500,2.178312,-0.007819,-3.798864,0.000022,0.002308,-0.002037,2.156969,0.011974,-2.947795,-0.000028,0.002303,-0.001872
17.3000,2.193379,-0.007849,-3.798883,0.000022,0.002308,-0.002034,2.168910,0.011985,-2.948024,0.000105,0.002326,-0.001952
17.3500,2.208446,-0.007879,-3.798902,0.000022,0.002307,-0.002030,2.186831,0.012002,-2.947834,0.000010,0.002236,-0.002169
17.4000,2.223512,-0.007909,-3.798922,0.000022,0.002307,-0.002027,2.198768,0.012012,-2.948062,-0.000022,0.002461,-0.001997
17.4500,2.238577,-0.007939,-3.798941,0.000022,0.002306,-0.002023,2.216690,0.012025,-2.947876,0.000130,0.002185,-0.001860
17.5000,2.253642,-0.007969,-3.798961,0.000022,0.002306,-0.002020,2.228628,0.012035,-2.948105,-0.000074,0.002307,-0.001964
17.5500,2.268706,-0.007999,-3.798981,0.000022,0.002305,-0.002017,2.246539,0.012048,-2.947917,0.000082,0.002347,-0.001915
17.6020,2.283769,-0.008029,-3.799001,0.000022,0.002305,-0.002013,2.258477,0.012059,-2.948147,0.000037,0.002294,-0.002054
17.6500,2.298832,-0.008058,-3.799021,0.000022,0.002304,-0.002010,2.276378,0.012077,-2.947959,-0.000114,0.002395,-0.002168
17.7000,2.313894,-0.008088,-3.799041,0.000022,0.002304,-0.002007,2.288316,0.012086,-2.948188,0.000042,0.002393,-0.002048
17.7500,2.328956,-0.008118,-3.799062,0.000022,0.002303,-0.002003,2.306213,0.012097,-2.948001,0.000041,0.002235,-0.002184
17.8000,2.344017,-0.008147,-3.799082,0.000022,0.002303,-0.002000,2.318149,0.012105,-2.948232,0.000023,0.002502,-0.002065
17.8500,2.359077,-0.008177,-3.799103,0.000022,0.002302,-0.001997,2.336035,0.012124,-2.948046,0.000149,0.002455,-0.001933
17.9000,2.374137,-0.008207,-3.799124,0.000021,0.002302,-0.001994,2.347974,0.012130,-2.948277,0.000099,0.002427,-0.002150
17.9500,2.389196,-0.008236,-3.799145,0.000021,0.002301,-0.001991,2.365847,0.012165,-2.948089,0.000085,0.002190,-0.001891
18.0020,2.404254,-0.008266,-3.799166,0.000021,0.002301,-0.001988,2.377785,0.012169,-2.948318,-0.000084,0.002288,-0.002085
18.0500,2.419312,-0.008295,-3.799187,0.000021,0.002300,-0.001985,2.395675,0.012194,-2.948130,0.000010,0.002357,-0.002127
18.1020,2.434370,-0.008324,-3.799209,0.000021,0.002300,-0.001982,2.407611,0.012198,-2.948361,0.000106,0.002333,-0.001978
18.1500,2.449426,-0.008354,-3.799230,0.000021,0.002299,-0.001979,2.425503,0.012220,-2.948173,0.000024,0.002299,-0.002077
18.2000,2.464483,-0.008383,-3.799252,0.000021,0.002299,-0.001976,2.437437,0.012223,-2.948404,0.000070,0.002462,-0.002110
18.2500,2.479538,-0.008412,-3.799274,0.000021,0.002298,-0.001973,2.455330,0.012243,-2.948218,0.000025,0.002143,-0.002042
18.3000,2.494594,-0.008442,-3.799295,0.000021,0.002298,-0.001970,2.467263,0.012247,-2.948448,-0.000002,0.002144,-0.001935
18.3500,2.509648,-0.008471,-3.799317,0.000021,0.002297,-0.001967,2.485173,0.012254,-2.948262,0.000123,0.002218,-0.001847
18.4000,2.524702,-0.008500,-3.799339,0.000021,0.002297,-0.001964,2.497104,0.012259,-2.948493,0.000105,0.002370,-0.002205
18.4500,2.539756,-0.008529,-3.799362,0.000021,0.002296,-0.001961,2.515003,0.012270,-2.948308,0.000162,0.002285,-0.002030
18.5000,2.554809,-0.008558,-3.799384,0.000021,0.002296,-0.001958,2.526933,0.012272,-2.948539,0.000057,0.002294,-0.001992
18.5500,2.569861,-0.008587,-3.799406,0.000021,0.002295,-0.001956,2.544834,0.012286,-2.948353,-0.000091,0.002167,-0.001877
18.6000,2.584913,-0.008616,-3.799429,0.000021,0.002295,-0.001953,2.556762,0.012289,-2.948583,0.000077,0.002229,-0.001987
18.6500,2.599964,-0.008645,-3.799452,0.000021,0.002294,-0.001950,2.574675,0.012296,-2.948400,-0.000057,0.002412,-0.001974
18.7000,2.615015,-0.008674,-3.799475,0.000021,0.002294,-0.001948,2.586603,0.012299,-2.948632,-0.000127,0.002257,-0.001905
18.7500,2.630066,-0.008703,-3.799497,0.000021,0.002293,-0.001945,2.604499,0.012293,-2.948448,0.000100,0.002352,-0.001876
18.8000,2.645115,-0.008732,-3.799520,0.000021,0.002293,-0.001942,2.616427,0.012299,-2.948680,0.000019,0.002163,-0.001891
18.8500,2.660165,-0.008760,-3.799544,0.000021,0.002292,-0.001940,2.634318,0.012291,-2.948494,0.000012,0.002364,-0.001758
18.9000,2.675214,-0.008789,-3.799567,0.000021,0.002292,-0.001937,2.646244,0.012298,-2.948727,0.000130,0.002507,-0.001849
18.9500,2.690262,-0.008818,-3.799590,0.000021,0.002292,-0.001935,2.664127,0.012285,-2.948542,0.000055,0.002327,-0.001962
19.0000,2.705310,-0.008847,-3.799614,0.000021,0.002291,-0.001932,2.676052,0.012290,-2.948774,0.000189,0.002211,-0.001983
19.1120,2.735405,-0.008904,-3.799661,0.000021,0.002290,-0.001927,2.705872,0.012290,-2.948822,0.000092,0.002338,-0.001961
19.1120,2.735405,-0.008904,-3.799661,0.000021,0.002290,-0.001927,2.705872,0.012290,-2.948822,0.000092,0.002338,-0.001961
19.1500,2.750451,-0.008932,-3.799685,0.000021,0.002290,-0.001925,2.723764,0.012290,-2.948639,-0.000100,0.002320,-0.001978
19.2000,2.765497,-0.008961,-3.799708,0.000021,0.002289,-0.001922,2.735688,0.012294,-2.948872,0.000066,0.002393,-0.001879
19.2500,2.780543,-0.008989,-3.799732,0.000021,0.002289,-0.001920,2.753567,0.012291,-2.948687,-0.000097,0.002159,-0.001879
19.3000,2.795588,-0.009018,-3.799757,0.000021,0.002289,-0.001917,2.765488,0.012297,-2.948920,-0.000065,0.002245,-0.001886
19.3500,2.810632,-0.009046,-3.799781,0.000021,0.002288,-0.001915,2.783382,0.012283,-2.948736,0.000069,0.002409,-0.001987
19.4000,2.825677,-0.009075,-3.799805,0.000021,0.002288,-0.001913,2.795304,0.012287,-2.948970,0.000040,0.002192,-0.001828
19.4500,2.840720,-0.009103,-3.799829,0.000021,0.002287,-0.001910,2.813191,0.012283,-2.948786,0.000154,0.002235,-0.002056
19.5000,2.855764,-0.009131,-3.799854,0.000021,0.002287,-0.001908,2.825111,0.012288,-2.949019,0.000080,0.002224,-0.001964
19.5520,2.870807,-0.009160,-3.799878,0.000021,0.002287,-0.001906,2.842999,0.012290,-2.948836,-0.000133,0.002436,-0.001820
19.6000,2.885849,-0.009188,-3.799903,0.000021,0.002286,-0.001904,2.854917,0.012295,-2.949069,-0.000001,0.002372,-0.001998
19.6500,2.900891,-0.009216,-3.799928,0.000021,0.002286,-0.001901,2.872803,0.012293,-2.948886,0.000158,0.002317,-0.001965
19.7000,2.915933,-0.009244,-3.799952,0.000021,0.002285,-0.001899,2.884720,0.012296,-2.949120,-0.000029,0.002217,-0.001831
19.7500,2.930974,-0.009273,-3.799977,0.000021,0.002285,-0.001897,2.902608,0.012296,-2.948937,-0.000125,0.002312,-0.001795
19.8020,2.946015,-0.009301,-3.800002,0.000021,0.002285,-0.001895,2.914524,0.012301,-2.949171,-0.000189,0.002334,-0.002036
19.8500,2.961055,-0.009329,-3.800028,0.000021,0.002284,-0.001893,2.932405,0.012292,-2.948988,0.000090,0.002449,-0.002081
19.9000,2.976095,-0.009357,-3.800053,0.000021,0.002284,-0.001891,2.944321,0.012297,-2.949223,0.000105,0.002292,-0.001925
19.9500,2.991135,-0.009385,-3.800078,0.000021,0.002284,-0.001889,2.962197,0.012292,-2.949040,-0.000150,0.002431,-0.001761
20.0000,3.006174,-0.009413,-3.800103,0.000021,0.002283,-0.001887,2.974112,0.012301,-2.949274,0.000077,0.002397,-0.001949
20.0500,3.021213,-0.009441,-3.800129,0.000021,0.002283,-0.001884,2.991981,0.012291,-2.949093,0.000068,0.002398,-0.001764
20.1000,3.036252,-0.009469,-3.800154,0.000021,0.002282,-0.001882,3.003898,0.012302,-2.949328,-0.000036,0.002368,-0.001909
20.1500,3.051290,-0.009497,-3.800180,0.000021,0.002282,-0.001880,3.021753,0.012283,-2.949146,0.000020,0.002168,-0.001885
20.2000,3.066327,-0.009525,-3.800206,0.000021,0.002282,-0.001878,3.033669,0.012294,-2.949380,0.000077,0.002322,-0.001650
20.2500,3.081365,-0.009553,-3.800231,0.000021,0.002281,-0.001877,3.051526,0.012299,-2.949198,-0.000077,0.002390,-0.001993
20.3000,3.096402,-0.009581,-3.800257,0.000021,0.002281,-0.001875,3.063442,0.012310,-2.949433,0.000037,0.002382,-0.001738
20.3500,3.111438,-0.009609,-3.800283,0.000021,0.002281,-0.001873,3.081296,0.012311,-2.949253,0.000072,0.002347,-0.001981
20.4000,3.126474,-0.009636,-3.800309,0.000021,0.002280,-0.001871,3.093215,0.012321,-2.949488,-0.000078,0.002377,-0.002039
20.4500,3.141510,-0.009664,-3.800335,0.000021,0.002280,-0.001869,3.111057,0.012322,-2.949305,0.000103,0.002307,-0.001784
20.5000,3.156546,-0.009692,-3.800361,0.000021,0.002280,-0.001867,3.122974,0.012332,-2.949539,-0.000051,0.002248,-0.002020
20.5500,3.171581,-0.009720,-3.800388,0.000021,0.002279,-0.001865,3.140831,0.012345,-2.949357,0.000109,0.002294,-0.001836
20.6000,3.186616,-0.009747,-3.800414,0.000021,0.002279,-0.001863,3.152749,0.012355,-2.949592,-0.000024,0.002192,-0.001885
20.6500,3.201650,-0.009775,-3.800440,0.000021,0.002279,-0.001861,3.170613,0.012385,-2.949409,0.000040,0.002141,-0.001901
20.7000,3.216684,-0.009803,-3.800467,0.000021,0.002278,-0.001860,3.182527,0.012391,-2.949644,0.000041,0.002308,-0.001866
20.7500,3.231718,-0.009830,-3.800493,0.000021,0.002278,-0.001858,3.200402,0.012436,-2.949464,-0.000000,0.002114,-0.001945
20.8000,3.246751,-0.009858,-3.800520,0.000021,0.002278,-0.001856,3.212316,0.012439,-2.949696,-0.000144,0.002280,-0.001881
20.8520,3.261784,-0.009886,-3.800547,0.000021,0.002278,-0.001854,3.230202,0.012486,-2.949516,0.000193,0.002257,-0.002054
20.9000,3.276817,-0.009913,-3.800573,0.000021,0.002277,-0.001853,3.242113,0.012488,-2.949749,-0.000028,0.002339,-0.001909
20.9500,3.291850,-0.009941,-3.800600,0.000021,0.002277,-0.001851,3.260001,0.012533,-2.949570,0.000009,0.002335,-0.001974
21.0000,3.306882,-0.009968,-3.800627,0.000021,0.002277,-0.001849,3.271911,0.012535,-2.949805,-0.000119,0.002234,-0.001849
21.0500,3.321913,-0.009996,-3.800654,0.000021,0.002276,-0.001848,3.289795,0.012564,-2.949625,0.000107,0.002207,-0.001809
21.1000,3.336945,-0.010023,-3.800681,0.000021,0.002276,-0.001846,3.301705,0.012569,-2.949859,-0.000031,0.002194,-0.001871
21.1500,3.351976,-0.010051,-3.800708,0.000021,0.002276,-0.001844,3.319594,0.012591,-2.949681,-0.000044,0.002232,-0.001768
21.2000,3.367007,-0.010078,-3.800736,0.000021,0.002275,-0.001843,3.331504,0.012596,-2.949915,0.000115,0.002291,-0.001829
21.2500,3.382037,-0.010105,-3.800763,0.000021,0.002275,-0.001841,3.349380,0.012615,-2.949735,0.000027,0.002331,-0.001757
21.3000,3.397068,-0.010133,-3.800790,0.000021,0.002275,-0.001839,3.361289,0.012621,-2.949971,0.000092,0.002239,-0.001864
21.3520,3.412098,-0.010160,-3.800817,0.000021,0.002275,-0.001838,3.379159,0.012625,-2.949792,0.000195,0.002118,-0.001940
21.4000,3.427127,-0.010188,-3.800845,0.000021,0.002274,-0.001836,3.391067,0.012630,-2.950025,0.000038,0.002376,-0.001741
21.4500,3.442157,-0.010215,-3.800872,0.000021,0.002274,-0.001835,3.408939,0.012634,-2.949846,-0.000037,0.002259,-0.001865
21.5000,3.457186,-0.010242,-3.800900,0.000021,0.002274,-0.001833,3.420846,0.012641,-2.950082,-0.000001,0.002326,-0.001901
21.5500,3.472214,-0.010269,-3.800928,0.000021,0.002274,-0.001832,3.438714,0.012628,-2.949903,-0.000165,0.002379,-0.001830
21.6000,3.487243,-0.010297,-3.800955,0.000021,0.002273,-0.001830,3.450621,0.012637,-2.950138,0.000029,0.002326,-0.001704
21.6500,3.502271,-0.010324,-3.800983,0.000021,0.002273,-0.001829,3.468485,0.012628,-2.949959,-0.000135,0.002230,-0.001913
21.7000,3.517299,-0.010351,-3.801011,0.000021,0.002273,-0.001827,3.480392,0.012640,-2.950196,-0.000053,0.002321,-0.001852
21.7500,3.532327,-0.010378,-3.801039,0.000021,0.002273,-0.001826,3.498243,0.012611,-2.950015,-0.000017,0.002260,-0.001816
21.8000,3.547354,-0.010405,-3.801067,0.000021,0.002272,-0.001824,3.510149,0.012625,-2.950250,0.000184,0.002059,-0.001765
21.8500,3.562381,-0.010433,-3.801095,0.000021,0.002272,-0.001823,3.528028,0.012616,-2.950070,-0.000108,0.002195,-0.001920
21.9000,3.577408,-0.010460,-3.801123,0.000021,0.002272,-0.001822,3.539930,0.012631,-2.950305,0.000146,0.002146,-0.001667
21.9500,3.592259,-0.010486,-3.801136,0.000022,0.002385,-0.001820,3.557798,0.012621,-2.950123,0.000120,0.002347,-0.001646
22.0000,3.605338,-0.010504,-3.801107,0.000039,0.002814,-0.001825,3.569153,0.012637,-2.950338,0.000155,0.002493,-0.001737
22.0500,3.614917,-0.010503,-3.801003,0.000089,0.003529,-0.001870,3.582849,0.012658,-2.949883,0.000065,0.003329,-0.001856
22.1000,3.620724,-0.010483,-3.800828,0.000173,0.004391,-0.001983,3.588973,0.012700,-2.949989,-0.000091,0.003984,-0.001985
22.1500,3.623485,-0.010454,-3.800599,0.000287,0.005293,-0.002139,3.593237,0.012790,-2.948888,0.000273,0.005138,-0.001960
22.2000,3.624254,-0.010424,-3.800345,0.000416,0.006146,-0.002297,3.594488,0.012850,-2.948884,0.000383,0.005769,-0.002126
22.2500,3.623988,-0.010404,-3.800105,0.000543,0.006864,-0.002438,3.591322,0.013160,-2.947259,0.000490,0.006725,-0.002459
22.3000,3.623379,-0.010397,-3.799905,0.000657,0.007415,-0.002554,3.590803,0.013208,-2.947221,0.000497,0.007354,-0.002534
22.3500,3.622755,-0.010389,-3.799754,0.000753,0.007802,-0.002660,3.582987,0.013914,-2.945470,0.000810,0.007687,-0.002616
22.4000,3.622180,-0.010384,-3.799647,0.000829,0.008042,-0.002739,3.582361,0.013959,-2.945448,0.000842,0.007979,-0.002787
22.4500,3.621697,-0.010384,-3.799576,0.000884,0.008167,-0.002788,3.571971,0.015184,-2.943857,0.000870,0.008122,-0.002667
22.5000,3.621309,-0.010387,-3.799534,0.000919,0.008203,-0.002821,3.571453,0.015225,-2.943841,0.001003,0.008226,-0.002708
22.5500,3.620996,-0.010393,-3.799512,0.000936,0.008169,-0.002845,3.560797,0.016629,-2.942536,0.000943,0.008201,-0.002579
22.6000,3.620731,-0.010400,-3.799504,0.000937,0.008082,-0.002863,3.560370,0.016670,-2.942516,0.000999,0.008035,-0.002692
22.6500,3.620490,-0.010406,-3.799505,0.000923,0.007953,-0.002872,3.551335,0.017968,-2.941536,0.001070,0.008117,-0.002709
22.7000,3.620257,-0.010411,-3.799512,0.000898,0.007793,-0.002878,3.550923,0.018010,-2.941511,0.000952,0.008024,-0.002866
22.7500,3.620027,-0.010417,-3.799522,0.000863,0.007610,-0.002880,3.544442,0.019006,-2.940852,0.000935,0.007615,-0.002914
22.8000,3.619796,-0.010424,-3.799535,0.000819,0.007409,-0.002877,3.544018,0.019050,-2.940828,0.000839,0.007472,-0.002816
22.8500,3.619564,-0.010429,-3.799548,0.000769,0.007197,-0.002871,3.540248,0.019630,-2.940467,0.000666,0.007125,-0.002886
22.9020,3.619331,-0.010434,-3.799561,0.000714,0.006976,-0.002861,3.539809,0.019678,-2.940454,0.000853,0.007186,-0.003029
22.9500,3.619079,-0.010436,-3.799576,0.000639,0.006736,-0.002411,3.538265,0.019896,-2.940351,0.000752,0.006795,-0.002653
23.0020,3.618782,-0.010477,-3.799623,0.000519,0.006470,0.000878,3.537790,0.019936,-2.940373,0.000517,0.006578,-0.000650
23.0500,3.618474,-0.010560,-3.799685,0.000382,0.006192,0.006927,3.537841,0.019796,-2.940567,0.000462,0.006316,0.005539
23.1000,3.618187,-0.010639,-3.799742,0.000258,0.005896,0.014260,3.537349,0.019772,-2.940648,0.000407,0.005848,0.011134
23.1500,3.617923,-0.010704,-3.799789,0.000167,0.005612,0.022484,3.538389,0.019475,-2.941054,0.000102,0.005545,0.020670
23.2000,3.617678,-0.010761,-3.799826,0.000099,0.005347,0.031636,3.537939,0.019462,-2.941160,0.000098,0.005395,0.027996
23.2500,3.617449,-0.010814,-3.799856,0.000050,0.005102,0.041605,3.539052,0.019258,-2.941690,0.000036,0.005103,0.039488
23.3020,3.617231,-0.010860,-3.799880,0.000021,0.004875,0.052166,3.538633,0.019249,-2.941828,0.000015,0.004894,0.047970
23.3500,3.617019,-0.010898,-3.799899,0.000011,0.004664,0.063153,3.539235,0.019209,-2.942417,0.000050,0.004832,0.061010
23.4000,3.616812,-0.010930,-3.799914,0.000016,0.004470,0.074481,3.538830,0.019202,-2.942591,0.000017,0.004549,0.069716
23.4500,3.616609,-0.010957,-3.799927,0.000030,0.004290,0.086090,3.538769,0.019260,-2.943187,-0.000039,0.004311,0.083709
23.5000,3.616408,-0.010983,-3.799937,0.000051,0.004124,0.097918,3.538372,0.019250,-2.943399,0.000039,0.004214,0.093086
23.5500,3.616210,-0.011006,-3.799945,0.000075,0.003971,0.109912,3.537818,0.019340,-2.943965,0.000015,0.004092,0.107440
23.6000,3.616015,-0.011029,-3.799952,0.000102,0.003830,0.122036,3.537426,0.019324,-2.944212,0.000156,0.003707,0.117212
23.6500,3.615822,-0.011052,-3.799958,0.000130,0.003699,0.134262,3.536689,0.019366,-2.944723,0.000334,0.003743,0.131864
23.7000,3.615632,-0.011075,-3.799963,0.000157,0.003578,0.146568,3.536302,0.019338,-2.945000,0.000285,0.003506,0.141558
23.7500,3.615445,-0.011099,-3.799967,0.000183,0.003467,0.158936,3.535713,0.019290,-2.945441,0.000262,0.003459,0.156364
23.8000,3.615260,-0.011124,-3.799972,0.000208,0.003363,0.171352,3.535332,0.019248,-2.945745,0.000298,0.003317,0.166256
23.8500,3.615077,-0.011151,-3.799975,0.000232,0.003268,0.183806,3.535156,0.019106,-2.946108,0.000417,0.003196,0.181203
23.9000,3.614898,-0.011179,-3.799979,0.000254,0.003180,0.196288,3.534779,0.019049,-2.946432,0.000366,0.003146,0.191223
23.9500,3.614720,-0.011208,-3.799982,0.000275,0.003099,0.208793,3.535209,0.018832,-2.946714,0.000334,0.003225,0.206325
24.0000,3.614545,-0.011239,-3.799986,0.000294,0.003024,0.221316,3.534842,0.018761,-2.947054,0.000446,0.003053,0.216617
24.0500,3.614373,-0.011271,-3.799989,0.000312,0.002955,0.233851,3.535947,0.018504,-2.947255,0.000340,0.002917,0.231518
24.1020,3.614203,-0.011305,-3.799992,0.000328,0.002892,0.246397,3.535590,0.018421,-2.947606,0.000403,0.002906,0.241400
24.1520,3.614035,-0.011340,-3.799995,0.000344,0.002833,0.258951,3.537379,0.018146,-2.947729,0.000208,0.002878,0.256514
24.2000,3.613869,-0.011377,-3.799999,0.000359,0.002779,0.271510,3.537035,0.018055,-2.948086,0.000389,0.002887,0.266522
24.2500,3.613705,-0.011415,-3.800002,0.000372,0.002728,0.284074,3.539406,0.017766,-2.948137,0.000380,0.002755,0.281664
24.3000,3.613544,-0.011455,-3.800006,0.000385,0.002682,0.296642,3.539079,0.017666,-2.948496,0.000445,0.002424,0.291638
24.3500,3.613385,-0.011497,-3.800009,0.000397,0.002639,0.309211,3.541961,0.017408,-2.948481,0.000411,0.002777,0.306602
24.4000,3.613229,-0.011540,-3.800013,0.000409,0.002599,0.321783,3.541648,0.017302,-2.948840,0.000240,0.002599,0.316763
24.4520,3.613074,-0.011584,-3.800017,0.000420,0.002562,0.334355,3.544879,0.017069,-2.948767,0.000352,0.002528,0.331862
24.5000,3.612922,-0.011630,-3.800021,0.000431,0.002528,0.346928,3.544579,0.016955,-2.949122,0.000531,0.002586,0.341947
24.5500,3.612772,-0.011678,-3.800025,0.000441,0.002497,0.359502,3.548057,0.016795,-2.948998,0.000436,0.002544,0.357086
24.6000,3.612624,-0.011726,-3.800029,0.000451,0.002467,0.372076,3.547773,0.016675,-2.949347,0.000579,0.002536,0.367051
24.6500,3.612479,-0.011776,-3.800033,0.000461,0.002440,0.384650,3.551317,0.016583,-2.949180,0.000300,0.002585,0.382188
24.7000,3.612335,-0.011828,-3.800037,0.000470,0.002414,0.397223,3.551051,0.016456,-2.949522,0.000448,0.002526,0.392048
24.7500,3.612194,-0.011880,-3.800041,0.000480,0.002390,0.409796,3.554551,0.016441,-2.949319,0.000607,0.002480,0.407255
24.8000,3.612055,-0.011934,-3.800045,0.000489,0.002368,0.422369,3.554304,0.016310,-2.949652,0.000333,0.002407,0.417384
24.8500,3.611918,-0.011989,-3.800049,0.000498,0.002347,0.434942,3.557648,0.016348,-2.949420,0.000555,0.002200,0.432422
24.9000,3.611783,-0.012045,-3.800054,0.000507,0.002327,0.447513,3.557413,0.016214,-2.949744,0.000562,0.002335,0.442534
24.9500,3.611650,-0.012103,-3.800058,0.000516,0.002309,0.460085,3.560585,0.016300,-2.949490,0.000323,0.002395,0.457793
25.0000,3.611520,-0.012161,-3.800062,0.000525,0.002292,0.472655,3.560365,0.016162,-2.949803,0.000654,0.002287,0.467736
25.0500,3.611391,-0.012221,-3.800067,0.000534,0.002276,0.485225,3.563264,0.016292,-2.949532,0.000429,0.002185,0.482737
25.1000,3.611265,-0.012281,-3.800071,0.000543,0.002260,0.497795,3.563058,0.016152,-2.949836,0.000398,0.002428,0.492711
25.1500,3.611141,-0.012343,-3.800075,0.000552,0.002246,0.510364,3.565638,0.016297,-2.949553,0.000541,0.002231,0.507775
25.2020,3.611018,-0.012405,-3.800080,0.000560,0.002232,0.522932,3.565447,0.016159,-2.949847,0.000487,0.002212,0.517965
25.2500,3.610898,-0.012469,-3.800084,0.000569,0.002219,0.535499,3.567694,0.016315,-2.949557,0.000525,0.002199,0.533096
25.3000,3.610780,-0.012533,-3.800088,0.000578,0.002207,0.548066,3.567514,0.016177,-2.949841,0.000574,0.002261,0.542986
25.3500,3.610664,-0.012598,-3.800093,0.000586,0.002196,0.560633,3.569452,0.016314,-2.949547,0.000473,0.002127,0.557953
25.4000,3.610550,-0.012664,-3.800097,0.000595,0.002185,0.573198,3.569283,0.016178,-2.949822,0.000729,0.002219,0.568070
25.4500,3.610438,-0.012731,-3.800101,0.000603,0.002174,0.585763,3.570931,0.016304,-2.949528,0.000707,0.002292,0.583306
25.5000,3.610328,-0.012798,-3.800105,0.000612,0.002165,0.598327,3.570774,0.016166,-2.949794,0.000631,0.002230,0.593232
25.5500,3.610221,-0.012866,-3.800110,0.000620,0.002155,0.610891,3.572131,0.016322,-2.949501,0.000536,0.002291,0.608364
25.6000,3.610115,-0.012935,-3.800114,0.000629,0.002146,0.623454,3.571984,0.016184,-2.949760,0.000537,0.002129,0.618402
25.6500,3.610011,-0.013005,-3.800118,0.000637,0.002137,0.636017,3.573100,0.016322,-2.949470,0.000654,0.002138,0.633547
25.7000,3.609909,-0.013075,-3.800122,0.000645,0.002129,0.648579,3.572962,0.016183,-2.949722,0.000742,0.002092,0.643516
25.7500,3.609809,-0.013146,-3.800126,0.000653,0.002121,0.661140,3.573878,0.016333,-2.949437,0.000707,0.001938,0.658771
25.8000,3.609711,-0.013217,-3.800131,0.000662,0.002114,0.673700,3.573747,0.016191,-2.949682,0.000576,0.002271,0.668650
25.8500,3.609614,-0.013289,-3.800135,0.000670,0.002106,0.686260,3.574487,0.016340,-2.949403,0.000680,0.002134,0.683839
25.9000,3.609520,-0.013361,-3.800139,0.000678,0.002099,0.698820,3.574366,0.016197,-2.949642,0.000676,0.002153,0.693832
25.9500,3.609428,-0.013433,-3.800143,0.000686,0.002092,0.711379,3.574921,0.016361,-2.949369,0.000779,0.002189,0.708904
26.0000,3.609337,-0.013507,-3.800147,0.000694,0.002086,0.723937,3.574810,0.016218,-2.949604,0.000610,0.002181,0.718816
26.0500,3.609249,-0.013580,-3.800151,0.000701,0.002079,0.736495,3.575206,0.016381,-2.949338,0.000753,0.002025,0.733905
26.1000,3.609162,-0.013654,-3.800155,0.000709,0.002073,0.749052,3.575104,0.016234,-2.949569,0.000733,0.002164,0.744044
26.1500,3.609077,-0.013728,-3.800159,0.000717,0.002067,0.761608,3.575407,0.016424,-2.949309,0.000852,0.002006,0.759108
26.2000,3.608994,-0.013803,-3.800163,0.000725,0.002062,0.774164,3.575313,0.016275,-2.949536,0.000692,0.002030,0.769034
26.2500,3.608913,-0.013878,-3.800167,0.000732,0.002056,0.786720,3.575539,0.016448,-2.949283,0.000757,0.002091,0.784343
26.3000,3.608833,-0.013953,-3.800170,0.000740,0.002051,0.799274,3.575454,0.016297,-2.949507,0.000678,0.001957,0.794260
26.3500,3.608756,-0.014028,-3.800174,0.000747,0.002045,0.811829,3.575608,0.016455,-2.949260,0.000760,0.002036,0.809446
26.4000,3.608680,-0.014104,-3.800178,0.000754,0.002040,0.824383,3.575527,0.016303,-2.949481,0.000704,0.001979,0.819440
26.4520,3.608606,-0.014180,-3.800182,0.000762,0.002035,0.836936,3.575637,0.016411,-2.949240,0.000764,0.002023,0.834443
26.5000,3.608533,-0.014256,-3.800185,0.000769,0.002030,0.849489,3.575563,0.016257,-2.949460,0.000731,0.001892,0.844381
26.5500,3.608462,-0.014332,-3.800189,0.000776,0.002025,0.862041,3.575641,0.016353,-2.949224,0.000676,0.002088,0.859534
26.6000,3.608393,-0.014408,-3.800193,0.000783,0.002021,0.874592,3.575571,0.016199,-2.949442,0.000626,0.001979,0.869394
26.6500,3.608326,-0.014484,-3.800196,0.000790,0.002016,0.887144,3.575610,0.016249,-2.949212,0.000809,0.002051,0.884578
26.7000,3.608260,-0.014561,-3.800200,0.000797,0.002011,0.899694,3.575547,0.016098,-2.949429,0.000756,0.002270,0.894670
26.7500,3.608196,-0.014637,-3.800203,0.000804,0.002007,0.912244,3.575516,0.016107,-2.949202,0.000831,0.002167,0.909610
26.8000,3.608134,-0.014713,-3.800207,0.000811,0.002003,0.924794,3.575458,0.015957,-2.949418,0.000662,0.002067,0.919741
26.8500,3.608073,-0.014790,-3.800210,0.000818,0.001998,0.937343,3.575437,0.015966,-2.949196,0.000756,0.002400,0.934676
26.9020,3.608014,-0.014866,-3.800214,0.000825,0.001994,0.949892,3.575386,0.015814,-2.949411,0.000815,0.001989,0.945001
26.9500,3.607956,-0.014943,-3.800217,0.000831,0.001990,0.962440,3.575368,0.015824,-2.949193,0.000934,0.001898,0.959916
27.0000,3.607900,-0.015019,-3.800221,0.000838,0.001986,0.974988,3.575322,0.015670,-2.949407,0.000747,0.001891,0.969984
27.0500,3.607846,-0.015096,-3.800224,0.000845,0.001982,0.987535,3.575312,0.015684,-2.949191,0.000896,0.001932,0.984905
27.1000,3.607793,-0.015172,-3.800227,0.000851,0.001978,1.000082,3.575273,0.015530,-2.949406,0.000793,0.002093,0.995078
27.1500,3.607741,-0.015248,-3.800230,0.000858,0.001974,1.012628,3.575231,0.015540,-2.949192,0.000661,0.002207,1.010128
27.2000,3.607692,-0.015324,-3.800234,0.000864,0.001970,1.025174,3.575198,0.015390,-2.949407,0.000894,0.001960,1.020112
27.2500,3.607643,-0.015400,-3.800237,0.000870,0.001966,1.037719,3.575138,0.015374,-2.949195,0.000837,0.001964,1.035246
27.3000,3.607596,-0.015475,-3.800240,0.000877,0.001962,1.050264,3.646605,0.050434,-3.761527,0.000897,0.002138,1.046902
27.3500,3.607551,-0.015551,-3.800243,0.000883,0.001958,1.062809,3.647128,0.050521,-3.795557,0.000881,0.001976,1.060151
27.4000,3.607506,-0.015626,-3.800246,0.000889,0.001954,1.075353,3.647514,0.050590,-3.835740,0.000818,0.001817,1.070432
27.4500,3.607464,-0.015701,-3.800249,0.000895,0.001951,1.087896,3.648007,0.050727,-3.859226,0.000814,0.001826,1.085363
27.5000,3.607423,-0.015776,-3.800252,0.000901,0.001947,1.100440,3.648369,0.050811,-3.896282,0.000819,0.001955,1.095411
27.5500,3.607383,-0.015851,-3.800256,0.000908,0.001943,1.112982,3.648632,0.051018,-3.890248,0.000932,0.002063,1.110379
27.6000,3.607344,-0.015925,-3.800259,0.000914,0.001939,1.125525,3.648944,0.051116,-3.921859,0.000742,0.002022,1.120572
27.6500,3.607307,-0.015999,-3.800261,0.000920,0.001936,1.138067,3.648879,0.051283,-3.876134,0.000919,0.002023,1.135568
27.7020,3.607271,-0.016073,-3.800264,0.000925,0.001932,1.150608,3.649126,0.051387,-3.900051,0.000920,0.001823,1.145549
27.7500,3.607236,-0.016146,-3.800267,0.000931,0.001928,1.163149,3.648649,0.051572,-3.812659,0.000945,0.001910,1.160519
27.8000,3.607203,-0.016219,-3.800270,0.000937,0.001925,1.175690,3.648816,0.051679,-3.827302,0.001019,0.001989,1.170726
27.8500,3.607171,-0.016292,-3.800273,0.000943,0.001921,1.188230,3.647914,0.051806,-3.707035,0.001051,0.001910,1.185749
27.9000,3.607140,-0.016365,-3.800276,0.000949,0.001917,1.200770,3.647988,0.051905,-3.711936,0.001016,0.001871,1.195895
27.9500,3.607111,-0.016437,-3.800279,0.000955,0.001914,1.213309,3.646929,0.051998,-3.575164,0.001052,0.001907,1.211036
28.0000,3.607083,-0.016509,-3.800281,0.000960,0.001910,1.225848,3.646924,0.052080,-3.571002,0.000917,0.002004,1.220655
28.0500,3.607056,-0.016580,-3.800284,0.000966,0.001907,1.238387,3.645750,0.052175,-3.434994,0.000930,0.002054,1.235919
28.1000,3.607030,-0.016651,-3.800287,0.000972,0.001903,1.250925,3.645673,0.052246,-3.423255,0.000960,0.001943,1.245931
28.1500,3.607005,-0.016722,-3.800290,0.000977,0.001899,1.263463,3.644650,0.052249,-3.300845,0.000920,0.001874,1.260909
28.2000,3.606981,-0.016792,-3.800292,0.000983,0.001896,1.276001,3.644524,0.052300,-3.283358,0.000905,0.001904,1.270875
28.2500,3.606959,-0.016862,-3.800295,0.000988,0.001892,1.288538,3.643662,0.052363,-3.181322,0.000961,0.001875,1.285983
28.3020,3.606938,-0.016931,-3.800297,0.000994,0.001889,1.301075,3.643504,0.052401,-3.159883,0.000863,0.001873,1.296107
28.3500,3.606918,-0.017000,-3.800300,0.000999,0.001885,1.313611,3.642790,0.052479,-3.080045,0.000977,0.001977,1.311195
28.4000,3.606898,-0.017068,-3.800303,0.001004,0.001881,1.326147,3.642609,0.052510,-3.056223,0.001078,0.002005,1.321030
28.4500,3.606880,-0.017136,-3.800305,0.001010,0.001878,1.338683,3.642100,0.052557,-2.997395,0.001167,0.001866,1.336149
28.5000,3.606863,-0.017204,-3.800308,0.001015,0.001874,1.351218,3.641915,0.052582,-2.972463,0.001135,0.001786,1.346155
28.5500,3.606847,-0.017271,-3.800310,0.001021,0.001870,1.363754,3.641599,0.052614,-2.932060,0.000766,0.001833,1.361194
28.6000,3.606832,-0.017337,-3.800313,0.001026,0.001867,1.376288,3.641409,0.052633,-2.907008,0.000910,0.001958,1.371246
28.6500,3.606819,-0.017403,-3.800315,0.001031,0.001863,1.388822,3.641278,0.052645,-2.882050,0.001046,0.001887,1.386284
28.7000,3.606806,-0.017469,-3.800317,0.001036,0.001860,1.401356,3.641096,0.052661,-2.857626,0.001157,0.001729,1.396449
28.7500,3.606794,-0.017534,-3.800320,0.001041,0.001856,1.413890,3.641129,0.052609,-2.845241,0.001185,0.001847,1.411382
28.8000,3.606783,-0.017598,-3.800322,0.001047,0.001852,1.426423,3.640964,0.052624,-2.821992,0.001130,0.001806,1.421322
28.8500,3.606772,-0.017662,-3.800324,0.001052,0.001849,1.438956,3.641181,0.052545,-2.819612,0.001191,0.001937,1.436527
28.9000,3.606763,-0.017726,-3.800327,0.001057,0.001845,1.451489,3.641035,0.052560,-2.797925,0.000940,0.001789,1.446556
28.9500,3.606755,-0.017789,-3.800329,0.001062,0.001841,1.464021,3.641366,0.052435,-2.803328,0.001012,0.001794,1.461526
29.0000,3.606748,-0.017851,-3.800331,0.001067,0.001838,1.476553,3.641236,0.052453,-2.783462,0.000995,0.001797,1.471650
29.0500,3.606741,-0.017913,-3.800334,0.001072,0.001834,1.489085,3.641628,0.052322,-2.794749,0.001145,0.001734,1.486703
29.1000,3.606735,-0.017974,-3.800336,0.001077,0.001830,1.501616,3.641518,0.052339,-2.776857,0.001093,0.001827,1.496500
29.1500,3.606731,-0.018035,-3.800338,0.001082,0.001827,1.514147,3.641967,0.052126,-2.792414,0.001215,0.001930,1.511456
29.2000,3.606727,-0.018095,-3.800340,0.001087,0.001823,1.526678,3.641878,0.052149,-2.776563,0.001042,0.001888,1.521450
29.2500,3.606712,-0.018149,-3.800341,0.001105,0.001820,1.538824,3.642367,0.051990,-2.795023,0.001156,0.001850,1.536567
29.3000,3.606626,-0.018182,-3.800360,0.001178,0.001812,1.548193,3.642268,0.052030,-2.781219,0.001055,0.001917,1.544749
29.3500,3.606494,-0.018211,-3.800384,0.001265,0.001791,1.554783,3.642646,0.051960,-2.801453,0.001158,0.001827,1.553374
29.4000,3.606381,-0.018255,-3.800394,0.001316,0.001749,1.560033,3.642496,0.052015,-2.789639,0.001274,0.001823,1.558159
29.4500,3.606295,-0.018309,-3.800392,0.001326,0.001709,1.564263,3.643122,0.051847,-2.810656,0.001429,0.001794,1.563458
29.5000,3.606226,-0.018368,-3.800382,0.001317,0.001675,1.567474,3.643037,0.051890,-2.800704,0.001438,0.001735,1.566438
29.5500,3.606169,-0.018429,-3.800369,0.001296,0.001645,1.569834,3.643987,0.051531,-2.821756,0.001240,0.001645,1.569496
29.6000,3.606123,-0.018491,-3.800356,0.001265,0.001615,1.571579,3.643949,0.051574,-2.813552,0.001291,0.001452,1.571006
29.6500,3.606089,-0.018553,-3.800344,0.001225,0.001585,1.572860,3.644945,0.051025,-2.834042,0.001111,0.001514,1.572806
29.7000,3.606062,-0.018615,-3.800333,0.001179,0.001556,1.573763,3.644948,0.051067,-2.827443,0.001031,0.001565,1.573344
29.7500,3.606043,-0.018677,-3.800323,0.001130,0.001528,1.574359,3.645793,0.050467,-2.846914,0.001007,0.001447,1.574125
29.8000,3.606029,-0.018740,-3.800316,0.001079,0.001501,1.574719,3.645826,0.050506,-2.841756,0.001238,0.001606,1.574617
29.8500,3.606020,-0.018802,-3.800310,0.001026,0.001474,1.574897,3.646485,0.049856,-2.859873,0.001130,0.001369,1.574888
29.9000,3.606014,-0.018863,-3.800305,0.000973,0.001448,1.574931,3.646544,0.049893,-2.855988,0.001000,0.001542,1.574757
29.9500,3.606010,-0.018925,-3.800301,0.000920,0.001423,1.574851,3.647021,0.049253,-2.872526,0.001047,0.001626,1.574791
30.0000,3.606009,-0.018986,-3.800299,0.000869,0.001399,1.574684,3.647098,0.049287,-2.869745,0.001123,0.001453,1.574827
30.0500,3.606010,-0.019046,-3.800297,0.000819,0.001376,1.574448,3.647350,0.048674,-2.884575,0.000866,0.001405,1.574657
30.1000,3.606012,-0.019106,-3.800296,0.000770,0.001354,1.574160,3.647439,0.048703,-2.882737,0.000850,0.001207,1.574303
30.1520,3.606014,-0.019166,-3.800296,0.000723,0.001332,1.573831,3.647440,0.048068,-2.895807,0.000869,0.001255,1.573902
30.2000,3.606018,-0.019225,-3.800296,0.000679,0.001312,1.573472,3.647537,0.048090,-2.894758,0.000761,0.001340,1.573640
30.2500,3.606019,-0.019055,-3.800302,0.000636,0.001193,1.572964,3.647371,0.047542,-2.906083,0.000661,0.001215,1.573110
30.3000,3.606014,-0.016911,-3.800377,0.000582,0.000808,1.572119,3.647460,0.048227,-2.905706,0.000786,0.000734,1.572390
30.3500,3.606014,-0.011161,-3.800544,0.000500,0.000196,1.571188,3.647094,0.052154,-2.915639,0.000426,0.000252,1.571524
30.4000,3.606027,-0.001649,-3.800779,0.000397,-0.000524,1.570295,3.647191,0.058235,-2.915923,0.000570,-0.000301,1.570445
30.4500,3.606052,0.010855,-3.801039,0.000286,-0.001232,1.569431,3.646703,0.070540,-2.924817,0.000226,-0.001115,1.569576
30.5000,3.606089,0.025279,-3.801279,0.000170,-0.001864,1.568629,3.646830,0.081392,-2.925564,0.000192,-0.001689,1.568794
30.5500,3.606134,0.040652,-3.801471,0.000060,-0.002389,1.567905,3.646231,0.097915,-2.933264,-0.000077,-0.002222,1.568038
30.6000,3.606182,0.056294,-3.801606,-0.000035,-0.002791,1.567241,3.646381,0.110376,-2.934270,-0.000000,-0.002732,1.567495
30.6500,3.606233,0.071874,-3.801689,-0.000113,-0.003074,1.566598,3.645734,0.127329,-2.940627,0.000070,-0.003223,1.566627
30.7000,3.606288,0.087347,-3.801728,-0.000176,-0.003249,1.565988,3.645897,0.139732,-2.941802,-0.000201,-0.003088,1.566205
30.7500,3.606348,0.102712,-3.801734,-0.000225,-0.003337,1.565424,3.645394,0.156478,-2.946814,-0.000253,-0.003524,1.565617
30.8000,3.606415,0.117987,-3.801714,-0.000260,-0.003357,1.564890,3.645577,0.168688,-2.948116,-0.000312,-0.003285,1.564988
30.8500,3.606489,0.133195,-3.801678,-0.000282,-0.003322,1.564393,3.645366,0.185726,-2.951857,-0.000252,-0.003307,1.564733
30.9000,3.606573,0.148365,-3.801629,-0.000295,-0.003245,1.563932,3.645568,0.197812,-2.953244,-0.000178,-0.003337,1.564247
30.9500,3.606664,0.163521,-3.801574,-0.000297,-0.003135,1.563494,3.645734,0.215526,-2.955842,-0.000533,-0.003231,1.563572
31.0000,3.606765,0.178680,-3.801515,-0.000291,-0.003000,1.563073,3.645961,0.227580,-2.957270,-0.000172,-0.003073,1.563239
31.0500,3.606872,0.193848,-3.801454,-0.000277,-0.002846,1.562665,3.646506,0.246123,-2.958867,-0.000257,-0.003051,1.562672
31.1020,3.606987,0.209026,-3.801393,-0.000257,-0.002679,1.562269,3.646757,0.258194,-2.960295,-0.000134,-0.002825,1.562480
31.1500,3.607109,0.224212,-3.801334,-0.000231,-0.002501,1.561885,3.647632,0.277462,-2.961039,-0.000278,-0.002565,1.561954
31.2000,3.607238,0.239403,-3.801276,-0.000200,-0.002317,1.561511,3.647908,0.289557,-2.962432,-0.000351,-0.002357,1.561786
31.2500,3.607373,0.254597,-3.801220,-0.000167,-0.002128,1.561144,3.649025,0.309306,-2.962470,-0.000231,-0.002342,1.561356
31.3000,3.607514,0.269790,-3.801168,-0.000130,-0.001938,1.560784,3.649325,0.321423,-2.963796,-0.000095,-0.001965,1.560774
31.3500,3.607662,0.284981,-3.801118,-0.000092,-0.001747,1.560431,3.650569,0.341379,-2.963267,-0.000173,-0.001734,1.560444
31.4000,3.607815,0.300171,-3.801072,-0.000053,-0.001558,1.560083,3.650896,0.353515,-2.964507,0.000068,-0.001688,1.560381
31.4500,3.607974,0.315358,-3.801028,-0.000014,-0.001372,1.559741,3.652160,0.373411,-2.963536,-0.000035,-0.001476,1.560163
31.5000,3.608139,0.330542,-3.800988,0.000025,-0.001190,1.559403,3.652510,0.385560,-2.964676,0.000116,-0.001324,1.559501
31.5500,3.608310,0.345725,-3.800951,0.000063,-0.001013,1.559069,3.653730,0.405197,-2.963378,0.000040,-0.000974,1.559190
31.6000,3.608486,0.360905,-3.800918,0.000099,-0.000840,1.558740,3.654106,0.417357,-2.964408,-0.000063,-0.000828,1.559095
31.6500,3.608667,0.376083,-3.800888,0.000135,-0.000673,1.558414,3.655221,0.436602,-2.962888,0.000001,-0.000727,1.558247
31.7000,3.608853,0.391259,-3.800860,0.000168,-0.000512,1.558092,3.655620,0.448770,-2.963805,-0.000095,-0.000547,1.558208
31.7500,3.609045,0.406433,-3.800836,0.000199,-0.000357,1.557774,3.656613,0.467554,-2.962146,-0.000003,-0.000349,1.557759
31.8000,3.609242,0.421606,-3.800814,0.000229,-0.000207,1.557458,3.657026,0.479725,-2.962951,0.000055,-0.000285,1.557430
31.8500,3.609444,0.436777,-3.800796,0.000256,-0.000065,1.557146,3.657897,0.498051,-2.961227,0.000309,-0.000074,1.557079
31.9000,3.609650,0.451946,-3.800779,0.000281,0.000072,1.556836,3.658328,0.510220,-2.961925,0.000367,0.000172,1.556948
31.9500,3.609862,0.467113,-3.800766,0.000303,0.000203,1.556530,3.659051,0.528117,-2.960195,0.000135,0.000250,1.556489
32.0000,3.610078,0.482278,-3.800755,0.000323,0.000328,1.556226,3.659498,0.540281,-2.960791,0.000360,0.000209,1.556273
32.0500,3.610299,0.497441,-3.800746,0.000341,0.000447,1.555926,3.660113,0.557841,-2.959098,0.000343,0.000340,1.556047
32.1000,3.610524,0.512603,-3.800739,0.000357,0.000561,1.555627,3.660573,0.569992,-2.959601,0.000262,0.000370,1.555859
32.1500,3.610754,0.527762,-3.800734,0.000370,0.000669,1.555332,3.661120,0.587301,-2.957983,0.000339,0.000761,1.555526
32.2000,3.610989,0.542920,-3.800731,0.000382,0.000771,1.555039,3.661593,0.599439,-2.958404,0.000276,0.000823,1.555059
32.2500,3.611228,0.558076,-3.800731,0.000391,0.000869,1.554749,3.662094,0.616567,-2.956886,0.000390,0.001021,1.554779
32.3000,3.611471,0.573231,-3.800731,0.000399,0.000962,1.554462,3.662582,0.628690,-2.957235,0.000423,0.000856,1.554703
32.3500,3.611719,0.588384,-3.800734,0.000405,0.001050,1.554177,3.663064,0.645725,-2.955835,0.000462,0.000954,1.554260
32.4000,3.611972,0.603535,-3.800738,0.000409,0.001133,1.553895,3.663565,0.657834,-2.956119,0.000217,0.001148,1.553828
32.4520,3.612228,0.618684,-3.800744,0.000412,0.001212,1.553615,3.664045,0.674837,-2.954845,0.000340,0.001291,1.553696
32.5000,3.612489,0.633832,-3.800751,0.000414,0.001287,1.553338,3.664554,0.686931,-2.955078,0.000485,0.001300,1.553263
32.5500,3.612754,0.648978,-3.800760,0.000415,0.001358,1.553063,3.665061,0.703957,-2.953934,0.000564,0.001317,1.553038
32.6000,3.613023,0.664122,-3.800769,0.000414,0.001425,1.552791,3.665585,0.716035,-2.954125,0.000379,0.001443,1.553011
32.6500,3.613297,0.679265,-3.800780,0.000412,0.001488,1.552521,3.666128,0.733123,-2.953113,0.000318,0.001537,1.552656
32.7000,3.613574,0.694406,-3.800793,0.000409,0.001548,1.552254,3.666662,0.745192,-2.953271,0.000415,0.001634,1.552265
32.7500,3.613856,0.709546,-3.800806,0.000406,0.001605,1.551990,3.667246,0.762350,-2.952381,0.000590,0.001619,1.552109
32.8000,3.614142,0.724684,-3.800820,0.000402,0.001658,1.551727,3.667793,0.774408,-2.952514,0.000348,0.001785,1.551980
32.8500,3.614431,0.739820,-3.800835,0.000397,0.001709,1.551467,3.668429,0.791662,-2.951744,0.000194,0.001627,1.551557
32.9000,3.614725,0.754955,-3.800852,0.000392,0.001756,1.551210,3.668988,0.803711,-2.951856,0.000482,0.001725,1.551418
32.9500,3.615023,0.770089,-3.800869,0.000386,0.001801,1.550955,3.669672,0.821063,-2.951195,0.000272,0.001750,1.550890
33.0000,3.615324,0.785221,-3.800887,0.000380,0.001843,1.550702,3.670243,0.833103,-2.951296,0.000415,0.001661,1.550892
33.0540,3.615629,0.800351,-3.800905,0.000373,0.001883,1.550452,3.670976,0.850547,-2.950734,0.000343,0.001899,1.550590
33.1000,3.615938,0.815480,-3.800925,0.000367,0.001920,1.550204,3.671559,0.862580,-2.950829,0.000309,0.001988,1.550303
33.1500,3.616251,0.830608,-3.800945,0.000360,0.001955,1.549958,3.672337,0.880102,-2.950354,0.000351,0.001934,1.549997
33.2040,3.616568,0.845734,-3.800966,0.000353,0.001988,1.549715,3.672931,0.892125,-2.950446,0.000360,0.001865,1.549657
33.2500,3.616888,0.860859,-3.800987,0.000345,0.002019,1.549474,3.673749,0.909721,-2.950049,0.000384,0.002083,1.549509
33.3000,3.617213,0.875982,-3.801010,0.000338,0.002048,1.549236,3.674357,0.921736,-2.950145,0.000255,0.001920,1.549247
33.3500,3.617540,0.891104,-3.801032,0.000331,0.002076,1.548999,3.675210,0.939389,-2.949816,0.000273,0.002010,1.549095
33.4000,3.617872,0.906225,-3.801055,0.000324,0.002101,1.548765,3.675828,0.951398,-2.949915,0.000304,0.002095,1.548681
33.4500,3.618207,0.921344,-3.801079,0.000316,0.002125,1.548534,3.676711,0.969096,-2.949644,0.000483,0.002165,1.548345
33.5000,3.618545,0.936462,-3.801103,0.000309,0.002147,1.548304,3.677344,0.981100,-2.949750,0.000358,0.002060,1.548344
33.5500,3.618887,0.951579,-3.801128,0.000302,0.002168,1.548077,3.678259,0.998833,-2.949525,0.000385,0.002125,1.547931
33.6020,3.619233,0.966694,-3.801153,0.000295,0.002188,1.547852,3.678906,1.010830,-2.949639,0.000266,0.002135,1.547775
33.6500,3.619582,0.981808,-3.801178,0.000288,0.002206,1.547629,3.679849,1.028590,-2.949453,0.000265,0.002279,1.547632
33.7020,3.619934,0.996921,-3.801204,0.000282,0.002223,1.547408,3.680504,1.040583,-2.949578,0.000357,0.002199,1.547492
33.7500,3.620290,1.012032,-3.801230,0.000275,0.002239,1.547190,3.681469,1.058362,-2.949422,0.000204,0.001991,1.547038
33.8000,3.620649,1.027143,-3.801257,0.000269,0.002254,1.546973,3.682133,1.070348,-2.949553,0.000204,0.002213,1.546945
33.8500,3.621011,1.042252,-3.801284,0.000263,0.002267,1.546759,3.683124,1.088141,-2.949423,0.000545,0.002222,1.546722
33.9000,3.621377,1.057359,-3.801311,0.000257,0.002280,1.546547,3.683797,1.100121,-2.949566,0.000186,0.002244,1.546651
33.9500,3.621746,1.072466,-3.801338,0.000251,0.002292,1.546337,3.684808,1.117924,-2.949454,0.000242,0.002401,1.546197
34.0000,3.622118,1.087571,-3.801366,0.000245,0.002303,1.546129,3.685491,1.129900,-2.949609,0.000003,0.002250,1.546196
34.0500,3.622493,1.102675,-3.801394,0.000240,0.002313,1.545923,3.686523,1.147711,-2.949508,0.000288,0.002363,1.545916
34.1000,3.622872,1.117778,-3.801422,0.000235,0.002322,1.545719,3.687214,1.159685,-2.949673,0.000154,0.002468,1.545721
34.1500,3.623253,1.132880,-3.801450,0.000230,0.002330,1.545518,3.688265,1.177503,-2.949581,0.000202,0.002267,1.545521
34.2020,3.623638,1.147981,-3.801479,0.000225,0.002338,1.545318,3.688967,1.189475,-2.949756,0.000167,0.002517,1.545325
34.2500,3.624026,1.163080,-3.801508,0.000220,0.002345,1.545120,3.690034,1.207299,-2.949665,0.000436,0.002148,1.545086
34.3000,3.624416,1.178179,-3.801537,0.000216,0.002352,1.544924,3.690747,1.219268,-2.949848,0.000208,0.002404,1.545132
34.3500,3.624810,1.193276,-3.801566,0.000212,0.002358,1.544730,3.691833,1.237100,-2.949759,0.000120,0.002517,1.544796
34.4000,3.625207,1.208372,-3.801595,0.000208,0.002363,1.544538,3.692555,1.249068,-2.949951,0.000281,0.002510,1.544577
34.4500,3.625606,1.223467,-3.801625,0.000204,0.002368,1.544348,3.693659,1.266905,-2.949860,0.000119,0.002380,1.544549
34.5000,3.626009,1.238561,-3.801654,0.000200,0.002372,1.544160,3.694389,1.278871,-2.950061,0.000347,0.002494,1.544457
34.5500,3.626414,1.253654,-3.801684,0.000197,0.002376,1.543974,3.695509,1.296717,-2.949968,0.000211,0.002329,1.544023
34.6000,3.626823,1.268746,-3.801714,0.000193,0.002380,1.543790,3.696250,1.308682,-2.950174,0.000047,0.002335,1.543885
34.6500,3.627234,1.283837,-3.801744,0.000190,0.002383,1.543607,3.697389,1.326535,-2.950074,0.000268,0.002188,1.543623
34.7000,3.627647,1.298927,-3.801774,0.000187,0.002386,1.543427,3.698139,1.338496,-2.950286,0.000368,0.002426,1.543319
34.7500,3.628064,1.314015,-3.801804,0.000184,0.002388,1.543248,3.699294,1.356357,-2.950181,0.000160,0.002624,1.543221
34.8000,3.628483,1.329103,-3.801834,0.000182,0.002390,1.543071,3.700055,1.368317,-2.950402,0.000247,0.002530,1.543179
34.8500,3.628905,1.344190,-3.801865,0.000179,0.002392,1.542896,3.701223,1.386184,-2.950291,0.000108,0.002295,1.542707
34.9000,3.629330,1.359276,-3.801895,0.000177,0.002394,1.542723,3.701993,1.398142,-2.950513,0.000210,0.002407,1.542712
34.9500,3.629757,1.374360,-3.801926,0.000174,0.002395,1.542551,3.703178,1.416019,-2.950396,0.000420,0.002368,1.542658
35.0000,3.630187,1.389444,-3.801956,0.000172,0.002396,1.542381,3.703958,1.427974,-2.950623,0.000113,0.002477,1.542535
35.0500,3.630619,1.404527,-3.801987,0.000170,0.002396,1.542213,3.705156,1.445857,-2.950501,0.000133,0.002321,1.542386
35.1000,3.631054,1.419609,-3.802018,0.000168,0.002397,1.542046,3.705945,1.457813,-2.950731,0.000084,0.002402,1.542095
35.1500,3.631492,1.434689,-3.802049,0.000166,0.002397,1.541881,3.707157,1.475701,-2.950601,0.000086,0.002453,1.541947
35.2000,3.631932,1.449769,-3.802080,0.000165,0.002397,1.541718,3.707950,1.487655,-2.950836,0.000283,0.002425,1.541882
35.2500,3.632374,1.464848,-3.802111,0.000163,0.002397,1.541557,3.709177,1.505548,-2.950700,0.000202,0.002361,1.541434
35.3000,3.632819,1.479926,-3.802142,0.000162,0.002397,1.541397,3.709984,1.517501,-2.950935,0.000181,0.002418,1.541502
35.3500,3.633267,1.495003,-3.802173,0.000160,0.002397,1.541239,3.711222,1.535400,-2.950793,0.000269,0.002525,1.541213
35.4000,3.633717,1.510080,-3.802204,0.000159,0.002396,1.541082,3.712037,1.547350,-2.951031,0.000231,0.002482,1.541174
35.4500,3.634169,1.525155,-3.802235,0.000158,0.002395,1.540927,3.713286,1.565256,-2.950887,0.000114,0.002386,1.541085
35.5000,3.634623,1.540229,-3.802266,0.000157,0.002395,1.540774,3.714109,1.577207,-2.951126,0.000285,0.002241,1.540808
35.5520,3.635080,1.555303,-3.802297,0.000156,0.002394,1.540622,3.715371,1.595118,-2.950975,0.000317,0.002469,1.540713
35.6000,3.635539,1.570376,-3.802329,0.000155,0.002393,1.540472,3.716202,1.607068,-2.951216,-0.000157,0.002538,1.540697
35.6500,3.636000,1.585447,-3.802360,0.000154,0.002392,1.540323,3.717478,1.624978,-2.951061,0.000120,0.002406,1.540409
35.7000,3.636464,1.600518,-3.802391,0.000153,0.002390,1.540176,3.718313,1.636928,-2.951301,0.000289,0.002393,1.540180
35.7500,3.636930,1.615588,-3.802423,0.000152,0.002389,1.540030,3.719601,1.654845,-2.951142,0.000131,0.002313,1.540044
35.8000,3.637398,1.630658,-3.802454,0.000151,0.002388,1.539886,3.720447,1.666791,-2.951384,0.000073,0.002459,1.539958
35.8500,3.637868,1.645726,-3.802485,0.000151,0.002386,1.539743,3.721741,1.684710,-2.951221,0.000271,0.002285,1.539715
35.9000,3.638340,1.660794,-3.802517,0.000150,0.002385,1.539602,3.722595,1.696654,-2.951463,0.000243,0.002464,1.539865
35.9500,3.638815,1.675861,-3.802548,0.000150,0.002383,1.539462,3.723895,1.714578,-2.951301,0.000308,0.002489,1.539412
36.0000,3.639291,1.690927,-3.802580,0.000149,0.002382,1.539324,3.724755,1.726523,-2.951544,0.000145,0.002363,1.539468
36.0520,3.639770,1.705992,-3.802611,0.000149,0.002380,1.539187,3.726067,1.744444,-2.951375,0.000071,0.002441,1.538999
36.1000,3.640251,1.721056,-3.802643,0.000148,0.002378,1.539051,3.726938,1.756386,-2.951619,0.000105,0.002438,1.539126
36.1500,3.640733,1.736120,-3.802674,0.000148,0.002377,1.538917,3.728257,1.774309,-2.951449,0.000085,0.002427,1.538958
36.2000,3.641218,1.751183,-3.802706,0.000148,0.002375,1.538784,3.729130,1.786250,-2.951692,0.000154,0.002392,1.538966
36.2520,3.641705,1.766245,-3.802738,0.000147,0.002373,1.538652,3.730466,1.804174,-2.951523,0.000152,0.002090,1.538775
36.3000,3.642194,1.781306,-3.802769,0.000147,0.002371,1.538522,3.731346,1.816112,-2.951763,0.000048,0.002370,1.538692
36.3500,3.642684,1.796367,-3.802801,0.000147,0.002370,1.538394,3.732689,1.834042,-2.951593,0.000098,0.002395,1.538468
36.4020,3.643177,1.811426,-3.802832,0.000147,0.002368,1.538266,3.733573,1.845978,-2.951835,0.000287,0.002403,1.538276
36.4500,3.643672,1.826486,-3.802864,0.000146,0.002366,1.538140,3.734924,1.863902,-2.951664,-0.000040,0.002404,1.538128
36.5000,3.644168,1.841544,-3.802896,0.000146,0.002364,1.538015,3.735815,1.875838,-2.951905,0.000028,0.002258,1.538254
36.5500,3.644666,1.856602,-3.802927,0.000146,0.002362,1.537891,3.737175,1.893763,-2.951732,0.000100,0.002386,1.537900
36.6000,3.645166,1.871658,-3.802959,0.000146,0.002360,1.537769,3.738070,1.905694,-2.951973,0.000155,0.002381,1.537871
36.6500,3.645668,1.886715,-3.802991,0.000146,0.002358,1.537648,3.739436,1.923616,-2.951799,0.000048,0.002476,1.537743
36.7000,3.646172,1.901770,-3.803022,0.000146,0.002356,1.537528,3.740335,1.935543,-2.952042,0.000086,0.002386,1.537728
36.7500,3.646678,1.916825,-3.803054,0.000146,0.002354,1.537409,3.741710,1.953464,-2.951869,0.000172,0.002206,1.537300
36.8000,3.647185,1.931879,-3.803086,0.000146,0.002352,1.537292,3.742618,1.965390,-2.952110,0.000122,0.002247,1.537230
36.8500,3.647694,1.946933,-3.803117,0.000146,0.002350,1.537176,3.743993,1.983309,-2.951938,0.000086,0.002246,1.537217
36.9000,3.648205,1.961985,-3.803149,0.000146,0.002348,1.537061,3.744904,1.995232,-2.952178,0.000148,0.002218,1.537084
36.9500,3.648718,1.977037,-3.803181,0.000146,0.002346,1.536947,3.746290,2.013146,-2.952006,0.000071,0.002353,1.537008
37.0000,3.649232,1.992089,-3.803213,0.000146,0.002345,1.536834,3.747204,2.025069,-2.952248,0.000172,0.002418,1.536880
37.0500,3.649748,2.007140,-3.803244,0.000146,0.002343,1.536723,3.748594,2.042973,-2.952076,0.000232,0.002674,1.536681
37.1000,3.650265,2.022190,-3.803276,0.000146,0.002341,1.536613,3.749514,2.054898,-2.952320,0.000095,0.002477,1.536590
37.1500,3.650785,2.037239,-3.803308,0.000146,0.002339,1.536503,3.750908,2.072787,-2.952146,0.000177,0.002438,1.536527
37.2000,3.651305,2.052288,-3.803340,0.000146,0.002337,1.536395,3.751834,2.084713,-2.952388,0.000082,0.002306,1.536374
37.2500,3.651828,2.067336,-3.803371,0.000146,0.002335,1.536288,3.753231,2.102603,-2.952213,0.000149,0.002372,1.536445
37.3000,3.652352,2.082384,-3.803403,0.000146,0.002333,1.536182,3.754160,2.114529,-2.952455,0.000262,0.002359,1.536163
37.3500,3.652878,2.097431,-3.803435,0.000146,0.002331,1.536078,3.755564,2.132416,-2.952281,0.000003,0.002323,1.536074
37.4000,3.653405,2.112477,-3.803467,0.000147,0.002329,1.535974,3.756498,2.144341,-2.952520,0.000236,0.002154,1.535918
37.4500,3.653934,2.127523,-3.803498,0.000147,0.002327,1.535871,3.757912,2.162236,-2.952345,0.000258,0.002332,1.536025
37.5000,3.654464,2.142568,-3.803530,0.000147,0.002325,1.535770,3.758848,2.174157,-2.952585,0.000217,0.002179,1.535962
37.5500,3.654996,2.157613,-3.803562,0.000147,0.002324,1.535669,3.760264,2.192054,-2.952412,-0.000092,0.002178,1.535468
37.6000,3.655529,2.172657,-3.803594,0.000147,0.002322,1.535569,3.761206,2.203972,-2.952651,0.000161,0.002331,1.535409
37.6520,3.656064,2.187700,-3.803625,0.000147,0.002320,1.535471,3.762632,2.221866,-2.952479,0.000079,0.002104,1.535407
37.7000,3.656600,2.202743,-3.803657,0.000147,0.002318,1.535373,3.763578,2.233783,-2.952719,0.000147,0.002195,1.535480
37.7500,3.657137,2.217785,-3.803689,0.000148,0.002316,1.535277,3.765003,2.251674,-2.952544,0.000130,0.002346,1.535391
37.8000,3.657676,2.232827,-3.803721,0.000148,0.002315,1.535181,3.765952,2.263588,-2.952785,0.000100,0.002352,1.535282
37.8500,3.658217,2.247868,-3.803753,0.000148,0.002313,1.535087,3.767382,2.281481,-2.952613,0.000042,0.002232,1.535108
37.9000,3.658759,2.262908,-3.803784,0.000148,0.002311,1.534993,3.768332,2.293394,-2.952852,0.000072,0.002360,1.535194
37.9500,3.659302,2.277948,-3.803816,0.000148,0.002309,1.534901,3.769770,2.311282,-2.952679,-0.000011,0.002428,1.534978
38.0000,3.659847,2.292988,-3.803848,0.000148,0.002307,1.534809,3.770724,2.323192,-2.952919,0.000196,0.002235,1.534821
38.0500,3.660393,2.308027,-3.803880,0.000149,0.002306,1.534718,3.772163,2.341081,-2.952746,0.000160,0.002319,1.534875
38.1020,3.660940,2.323065,-3.803912,0.000149,0.002304,1.534629,3.773122,2.352990,-2.952988,0.000109,0.002200,1.534630
38.1500,3.661489,2.338103,-3.803943,0.000149,0.002302,1.534540,3.774562,2.370874,-2.952815,0.000087,0.002365,1.534483
38.2020,3.662039,2.353140,-3.803975,0.000149,0.002301,1.534452,3.775527,2.382782,-2.953055,0.000122,0.002112,1.534482
38.2500,3.662590,2.368177,-3.804007,0.000149,0.002299,1.534365,3.776973,2.400665,-2.952882,0.000202,0.002214,1.534312
38.3000,3.663143,2.383213,-3.804039,0.000149,0.002297,1.534279,3.777946,2.412569,-2.953121,0.000044,0.002309,1.534025
38.3500,3.663696,2.398249,-3.804071,0.000150,0.002296,1.534193,3.779390,2.430451,-2.952951,-0.000030,0.002224,1.534087
38.4000,3.664252,2.413285,-3.804103,0.000150,0.002294,1.534109,3.780364,2.442355,-2.953191,0.000078,0.002257,1.533993
38.4500,3.664808,2.428319,-3.804134,0.000150,0.002292,1.534025,3.781818,2.460225,-2.953018,0.000159,0.002314,1.534153
38.5000,3.665365,2.443354,-3.804166,0.000150,0.002291,1.533943,3.782795,2.472127,-2.953258,0.000141,0.002381,1.533930
38.5500,3.665924,2.458387,-3.804198,0.000150,0.002289,1.533861,3.784252,2.489994,-2.953086,0.000123,0.002175,1.533806
38.6000,3.666484,2.473421,-3.804230,0.000150,0.002288,1.533780,3.785230,2.501896,-2.953326,0.000172,0.002217,1.533858
38.6500,3.667045,2.488454,-3.804262,0.000151,0.002286,1.533700,3.786690,2.519763,-2.953155,0.000247,0.002443,1.533387
38.7000,3.667608,2.503486,-3.804293,0.000151,0.002285,1.533620,3.787674,2.531665,-2.953395,-0.000001,0.002152,1.533651
38.7500,3.668171,2.518518,-3.804325,0.000151,0.002283,1.533542,3.789147,2.549525,-2.953221,0.000078,0.002192,1.533790
38.8000,3.668736,2.533549,-3.804357,0.000151,0.002282,1.533464,3.790132,2.561424,-2.953461,0.000262,0.002264,1.533508
38.8500,3.669302,2.548580,-3.804389,0.000151,0.002280,1.533387,3.791608,2.579284,-2.953289,0.000103,0.002436,1.533483
38.9000,3.669869,2.563611,-3.804421,0.000151,0.002279,1.533311,3.792595,2.591183,-2.953531,0.000124,0.002178,1.533312
38.9500,3.670437,2.578641,-3.804453,0.000152,0.002277,1.533236,3.794080,2.609035,-2.953357,0.000140,0.002254,1.533103
39.0020,3.671006,2.593670,-3.804485,0.000152,0.002276,1.533161,3.795072,2.620932,-2.953597,0.000094,0.002203,1.533198
39.0500,3.671576,2.608700,-3.804516,0.000152,0.002274,1.533088,3.796558,2.638787,-2.953424,0.000153,0.002241,1.533149
39.1000,3.672148,2.623728,-3.804548,0.000152,0.002273,1.533015,3.797549,2.650683,-2.953664,0.000207,0.002142,1.533016
39.1500,3.672720,2.638757,-3.804580,0.000152,0.002271,1.532942,3.799042,2.668539,-2.953491,-0.000023,0.002370,1.532890
39.2000,3.673294,2.653784,-3.804612,0.000152,0.002270,1.532871,3.800039,2.680434,-2.953732,0.000166,0.002112,1.532956
39.2500,3.673868,2.668812,-3.804644,0.000153,0.002269,1.532800,3.801532,2.698284,-2.953558,-0.000055,0.002126,1.532755
39.3000,3.674444,2.683839,-3.804676,0.000153,0.002267,1.532730,3.802531,2.710176,-2.953797,0.000243,0.002375,1.532586
39.3500,3.675020,2.698866,-3.804707,0.000153,0.002266,1.532660,3.804032,2.728027,-2.953625,0.000061,0.002205,1.532711
39.4000,3.675598,2.713892,-3.804739,0.000153,0.002265,1.532592,3.805034,2.739918,-2.953865,0.000070,0.002313,1.532718
39.4500,3.676177,2.728918,-3.804771,0.000153,0.002263,1.532524,3.806538,2.757766,-2.953693,0.000196,0.002233,1.532735
39.5000,3.676756,2.743943,-3.804803,0.000153,0.002262,1.532457,3.807544,2.769657,-2.953932,0.000108,0.002023,1.532644
39.5500,3.677337,2.758968,-3.804835,0.000154,0.002261,1.532390,3.809040,2.787510,-2.953758,0.000125,0.002400,1.532276
39.6000,3.677918,2.773992,-3.804867,0.000154,0.002259,1.532324,3.810050,2.799398,-2.953998,0.000153,0.002370,1.532400
39.6500,3.678501,2.789017,-3.804899,0.000154,0.002258,1.532259,3.811560,2.817241,-2.953826,0.000076,0.002174,1.532288
39.7000,3.679084,2.804040,-3.804930,0.000154,0.002257,1.532194,3.812573,2.829127,-2.954064,0.000013,0.002241,1.532123
39.7500,3.679669,2.819064,-3.804962,0.000154,0.002255,1.532131,3.814090,2.846979,-2.953893,0.000136,0.002262,1.532001
39.8000,3.680254,2.834087,-3.804994,0.000154,0.002254,1.532067,3.815108,2.858864,-2.954132,0.000080,0.002303,1.532013
39.8500,3.680840,2.849110,-3.805026,0.000155,0.002253,1.532005,3.816626,2.876705,-2.953961,0.000258,0.002203,1.531913
39.9000,3.681428,2.864132,-3.805058,0.000155,0.002252,1.531943,3.817647,2.888589,-2.954199,0.000302,0.002353,1.531829
39.9500,3.682016,2.879154,-3.805090,0.000155,0.002251,1.531882,3.819162,2.906427,-2.954027,0.000059,0.002402,1.531988
40.0000,3.682605,2.894175,-3.805122,0.000155,0.002249,1.531821,3.820184,2.918310,-2.954268,0.000207,0.002297,1.532048
40.0500,3.683194,2.909196,-3.805153,0.000155,0.002248,1.531761,3.821705,2.936141,-2.954095,0.000211,0.002406,1.531882
40.1000,3.683785,2.924217,-3.805185,0.000155,0.002247,1.531702,3.822730,2.948025,-2.954336,0.000085,0.002205,1.531826
40.1500,3.684377,2.939238,-3.805217,0.000155,0.002246,1.531643,3.824255,2.965850,-2.954161,0.000180,0.002224,1.531606
40.2000,3.684969,2.954258,-3.805249,0.000156,0.002245,1.531585,3.825284,2.977733,-2.954402,0.000195,0.002155,1.531579
40.2520,3.685563,2.969278,-3.805281,0.000156,0.002244,1.531527,3.826816,2.995561,-2.954231,-0.000015,0.002454,1.531379
40.3000,3.686157,2.984297,-3.805313,0.000156,0.002243,1.531470,3.827849,3.007446,-2.954471,0.000164,0.002125,1.531429
40.3500,3.686752,2.999316,-3.805345,0.000156,0.002241,1.531414,3.829392,3.025262,-2.954298,0.000301,0.002408,1.531488
40.4000,3.687347,3.014335,-3.805377,0.000156,0.002240,1.531358,3.830424,3.037149,-2.954538,0.000003,0.002258,1.531312
40.4500,3.687944,3.029353,-3.805408,0.000156,0.002239,1.531302,3.831982,3.054959,-2.954365,0.000168,0.002120,1.531220
40.5000,3.688541,3.044371,-3.805440,0.000156,0.002238,1.531248,3.833016,3.066846,-2.954604,0.000125,0.002415,1.531359
40.5500,3.689140,3.059389,-3.805472,0.000157,0.002237,1.531194,3.834578,3.084655,-2.954430,0.000148,0.002166,1.531244
40.6000,3.689739,3.074406,-3.805504,0.000157,0.002236,1.531140,3.835612,3.096541,-2.954669,0.000205,0.002211,1.531126
40.6500,3.690338,3.089423,-3.805536,0.000157,0.002235,1.531087,3.837171,3.114365,-2.954495,0.000011,0.002165,1.531239
40.7000,3.690939,3.104440,-3.805568,0.000157,0.002234,1.531034,3.838207,3.126248,-2.954734,0.000233,0.002216,1.531128
40.7500,3.691540,3.119457,-3.805600,0.000157,0.002233,1.530983,3.839772,3.144075,-2.954561,0.000213,0.002272,1.531028
40.8000,3.692142,3.134473,-3.805632,0.000157,0.002232,1.530931,3.840811,3.155959,-2.954800,-0.000030,0.002116,1.530906
40.8500,3.692745,3.149489,-3.805663,0.000157,0.002231,1.530880,3.842384,3.173791,-2.954627,0.000192,0.002293,1.530971
40.9000,3.693349,3.164504,-3.805695,0.000157,0.002230,1.530830,3.843423,3.185675,-2.954867,0.000242,0.002266,1.530731
40.9500,3.693953,3.179519,-3.805727,0.000158,0.002229,1.530780,3.844993,3.203499,-2.954694,0.000077,0.002189,1.530740
41.0000,3.694558,3.194534,-3.805759,0.000158,0.002228,1.530731,3.846037,3.215382,-2.954932,0.000153,0.002307,1.530660
41.0500,3.695163,3.209549,-3.805791,0.000158,0.002227,1.530682,3.847602,3.233212,-2.954759,0.000110,0.002068,1.530619
41.1000,3.695770,3.224563,-3.805823,0.000158,0.002226,1.530634,3.848645,3.245094,-2.954998,0.000019,0.002315,1.530663
41.1500,3.696377,3.239577,-3.805855,0.000158,0.002225,1.530586,3.850225,3.262925,-2.954825,0.000201,0.002146,1.530523
41.2000,3.696985,3.254591,-3.805887,0.000158,0.002224,1.530538,3.851272,3.274807,-2.955064,0.000272,0.002210,1.530546
41.2500,3.697593,3.269604,-3.805919,0.000158,0.002223,1.530491,3.852841,3.292641,-2.954891,0.000198,0.002238,1.530377
41.3000,3.698202,3.284618,-3.805950,0.000158,0.002222,1.530445,3.853891,3.304523,-2.955130,0.000079,0.002220,1.530397
41.3500,3.698812,3.299630,-3.805982,0.000159,0.002221,1.530399,3.855466,3.322355,-2.954957,0.000278,0.002210,1.530384
41.4000,3.699423,3.314643,-3.806014,0.000159,0.002221,1.530354,3.856520,3.334237,-2.955196,0.000149,0.002331,1.530160
41.4500,3.700034,3.329655,-3.806046,0.000159,0.002220,1.530309,3.858088,3.352068,-2.955023,0.000276,0.002229,1.530232
41.5000,3.700646,3.344667,-3.806078,0.000159,0.002219,1.530264,3.859142,3.363950,-2.955263,0.000103,0.002215,1.530275
41.5500,3.701258,3.359679,-3.806110,0.000159,0.002218,1.530220,3.860721,3.381779,-2.955088,0.000202,0.002157,1.530175
41.6000,3.701871,3.374691,-3.806142,0.000159,0.002217,1.530177,3.861774,3.393660,-2.955327,0.000023,0.002096,1.530162
41.6500,3.702485,3.389702,-3.806174,0.000159,0.002216,1.530134,3.863361,3.411503,-2.955153,0.000097,0.002104,1.530287
41.7000,3.703099,3.404713,-3.806206,0.000159,0.002215,1.530091,3.864411,3.423381,-2.955390,0.000196,0.002271,1.530207
41.7500,3.703714,3.419724,-3.806238,0.000159,0.002215,1.530049,3.866010,3.441229,-2.955219,0.000076,0.002177,1.530283
41.8000,3.704329,3.434734,-3.806269,0.000160,0.002214,1.530007,3.867060,3.453106,-2.955457,0.000259,0.002257,1.530050
41.8500,3.704945,3.449744,-3.806301,0.000160,0.002213,1.529965,3.868661,3.470947,-2.955284,0.000270,0.002116,1.529863
41.9000,3.705562,3.464754,-3.806333,0.000160,0.002212,1.529924,3.869717,3.482822,-2.955523,0.000116,0.002260,1.529781
41.9520,3.706179,3.479764,-3.806365,0.000160,0.002211,1.529884,3.871311,3.500660,-2.955351,-0.000137,0.002184,1.529917
42.0000,3.706797,3.494774,-3.806397,0.000160,0.002211,1.529844,3.872367,3.512535,-2.955590,0.000150,0.002204,1.529815
42.0500,3.707416,3.509783,-3.806429,0.000160,0.002210,1.529804,3.873962,3.530366,-2.955416,0.000083,0.002211,1.529820
42.1000,3.708035,3.524792,-3.806461,0.000160,0.002209,1.529765,3.875017,3.542240,-2.955655,0.000011,0.002277,1.529902
42.1500,3.708654,3.539800,-3.806493,0.000160,0.002208,1.529726,3.876621,3.560074,-2.955483,-0.000046,0.002206,1.529791
42.2000,3.709275,3.554809,-3.806525,0.000160,0.002207,1.529687,3.877674,3.571949,-2.955723,0.000200,0.002029,1.529760
42.2500,3.709894,3.569649,-3.806542,0.000161,0.002321,1.529667,3.879272,3.589756,-2.955547,0.000274,0.002153,1.529644
42.3000,3.710458,3.582739,-3.806517,0.000177,0.002752,1.529697,3.880319,3.601100,-2.955763,0.000079,0.002657,1.529853
42.3520,3.710871,3.592332,-3.806417,0.000227,0.003472,1.529684,3.881757,3.614786,-2.955316,0.000180,0.003326,1.529742
42.4000,3.711116,3.598139,-3.806245,0.000314,0.004340,1.529558,3.882584,3.620912,-2.955426,0.000279,0.004063,1.529699
42.4500,3.711225,3.600889,-3.806019,0.000434,0.005242,1.529370,3.883568,3.625248,-2.954324,0.000321,0.005148,1.529462
42.5000,3.711251,3.601640,-3.805769,0.000569,0.006093,1.529174,3.884181,3.626484,-2.954323,0.000440,0.005799,1.529414
42.5500,3.711242,3.601354,-3.805533,0.000703,0.006808,1.528992,3.884737,3.623992,-2.952698,0.000675,0.006782,1.529180
42.6000,3.711224,3.600729,-3.805338,0.000824,0.007357,1.528840,3.885283,3.623457,-2.952663,0.000896,0.007061,1.528941
42.6500,3.711205,3.600090,-3.805191,0.000927,0.007740,1.528698,3.885339,3.617243,-2.950914,0.001015,0.007667,1.528813
42.7000,3.711188,3.599503,-3.805088,0.001009,0.007976,1.528582,3.885876,3.616605,-2.950895,0.001007,0.008001,1.528708
42.7500,3.711177,3.599009,-3.805022,0.001069,0.008098,1.528496,3.885515,3.608478,-2.949307,0.001128,0.007941,1.528431
42.8000,3.711172,3.598613,-3.804984,0.001108,0.008131,1.528426,3.886058,3.607952,-2.949295,0.001096,0.008058,1.528615
42.8500,3.711170,3.598293,-3.804966,0.001128,0.008095,1.528364,3.885483,3.599786,-2.947994,0.001203,0.008052,1.528225
42.9000,3.711170,3.598023,-3.804963,0.001130,0.008005,1.528311,3.886028,3.599353,-2.947978,0.001032,0.008150,1.528516
42.9500,3.711169,3.597777,-3.804968,0.001118,0.007875,1.528265,3.885587,3.592459,-2.947003,0.001128,0.007746,1.528373
43.0020,3.711168,3.597540,-3.804980,0.001093,0.007713,1.528223,3.886126,3.592041,-2.946982,0.001217,0.007692,1.528362
43.0500,3.711168,3.597306,-3.804994,0.001057,0.007528,1.528186,3.886015,3.587080,-2.946329,0.001153,0.007527,1.528391
43.1000,3.711168,3.597071,-3.805010,0.001013,0.007326,1.528154,3.886552,3.586649,-2.946309,0.000950,0.007469,1.528212
43.1500,3.711167,3.596834,-3.805028,0.000961,0.007112,1.528125,3.886853,3.583682,-2.945954,0.001152,0.007103,1.528177
43.2000,3.711164,3.596596,-3.805045,0.000904,0.006889,1.528100,3.887388,3.583242,-2.945944,0.001122,0.006996,1.528049
43.2500,3.711153,3.596347,-3.805064,0.000826,0.006648,1.528532,3.888042,3.581934,-2.945849,0.000906,0.006753,1.528168
43.3020,3.711159,3.596073,-3.805115,0.000704,0.006384,1.531852,3.888573,3.581471,-2.945875,0.000896,0.006562,1.530177
43.3500,3.711199,3.595795,-3.805180,0.000566,0.006110,1.537940,3.889561,3.581384,-2.946075,0.000690,0.006113,1.536643
43.4000,3.711244,3.595528,-3.805239,0.000435,0.005822,1.545278,3.890144,3.580924,-2.946159,0.000372,0.005947,1.542167
43.4500,3.711287,3.595271,-3.805287,0.000329,0.005549,1.553495,3.891307,3.581575,-2.946565,0.000365,0.005503,1.551726
43.5000,3.711331,3.595024,-3.805326,0.000241,0.005297,1.562647,3.891895,3.581147,-2.946672,0.000210,0.005412,1.558803
43.5500,3.711376,3.594788,-3.805357,0.000172,0.005065,1.572619,3.893025,3.581841,-2.947200,0.000139,0.005139,1.570704
43.6000,3.711417,3.594560,-3.805383,0.000125,0.004849,1.583179,3.893624,3.581443,-2.947338,0.000252,0.004779,1.578951
43.6500,3.711450,3.594338,-3.805404,0.000101,0.004647,1.594165,3.894636,3.581763,-2.947923,0.000121,0.004596,1.591972
43.7000,3.711478,3.594123,-3.805422,0.000094,0.004460,1.605494,3.895233,3.581392,-2.948099,-0.000022,0.004443,1.600888
43.7520,3.711501,3.593912,-3.805438,0.000100,0.004285,1.617104,3.896091,3.581252,-2.948691,0.000007,0.004322,1.614742
43.8000,3.711521,3.593705,-3.805451,0.000113,0.004123,1.628932,3.896684,3.580902,-2.948904,0.000129,0.004238,1.624233
43.8500,3.711539,3.593501,-3.805463,0.000131,0.003972,1.640926,3.897482,3.580427,-2.949468,0.000113,0.003940,1.638557
43.9000,3.711556,3.593299,-3.805474,0.000153,0.003832,1.653050,3.898081,3.580098,-2.949716,0.000177,0.004061,1.648172
43.9500,3.711574,3.593101,-3.805483,0.000176,0.003703,1.665276,3.898910,3.579520,-2.950226,0.000144,0.003782,1.662653
44.0000,3.711593,3.592906,-3.805492,0.000199,0.003582,1.677581,3.899516,3.579209,-2.950505,0.000136,0.003518,1.672700
44.0500,3.711613,3.592713,-3.805500,0.000221,0.003471,1.689949,3.900429,3.578748,-2.950948,0.000241,0.003543,1.687387
44.1000,3.711634,3.592523,-3.805507,0.000243,0.003368,1.702365,3.901045,3.578456,-2.951253,0.000264,0.003382,1.697394
44.1500,3.711656,3.592335,-3.805515,0.000264,0.003273,1.714818,3.902068,3.578323,-2.951619,0.000217,0.003254,1.712216
44.2000,3.711680,3.592150,-3.805522,0.000284,0.003184,1.727300,3.902696,3.578051,-2.951945,0.000333,0.003292,1.722177
44.2500,3.711705,3.591967,-3.805528,0.000302,0.003103,1.739805,3.903819,3.578385,-2.952231,0.000274,0.003088,1.737347
44.3000,3.711732,3.591787,-3.805535,0.000320,0.003027,1.752326,3.904457,3.578136,-2.952573,0.000224,0.003047,1.747172
44.3500,3.711761,3.591609,-3.805542,0.000336,0.002957,1.764862,3.905671,3.578999,-2.952779,0.000278,0.002867,1.762343
44.4000,3.711792,3.591433,-3.805548,0.000352,0.002893,1.777407,3.906315,3.578773,-2.953131,0.000605,0.002942,1.772408
44.4520,3.711824,3.591260,-3.805555,0.000366,0.002833,1.789960,3.907581,3.580180,-2.953261,0.000362,0.002827,1.787549
44.5000,3.711858,3.591089,-3.805561,0.000380,0.002777,1.802520,3.908234,3.579979,-2.953620,0.000446,0.002814,1.797562
44.5520,3.711893,3.590920,-3.805568,0.000393,0.002726,1.815083,3.909530,3.581875,-2.953678,0.000303,0.002825,1.812575
44.6000,3.711930,3.590754,-3.805575,0.000406,0.002678,1.827650,3.910191,3.581703,-2.954039,0.000337,0.002609,1.822678
44.6500,3.711969,3.590590,-3.805581,0.000417,0.002634,1.840219,3.911479,3.584010,-2.954032,0.000374,0.002732,1.837658
44.7020,3.712009,3.590428,-3.805588,0.000429,0.002593,1.852790,3.912143,3.583867,-2.954392,0.000479,0.002449,1.847630
44.7500,3.712051,3.590268,-3.805595,0.000439,0.002555,1.865362,3.913398,3.586479,-2.954327,0.000340,0.002643,1.862974
44.8000,3.712095,3.590111,-3.805602,0.000450,0.002519,1.877935,3.914065,3.586367,-2.954684,0.000536,0.002598,1.872928
44.8500,3.712139,3.589956,-3.805608,0.000460,0.002486,1.890508,3.915282,3.589151,-2.954568,0.000426,0.002526,1.888065
44.9000,3.712186,3.589803,-3.805615,0.000470,0.002456,1.903082,3.915949,3.589071,-2.954920,0.000531,0.002378,1.898024
44.9500,3.712234,3.589652,-3.805622,0.000480,0.002427,1.915655,3.917092,3.591953,-2.954761,0.000495,0.002253,1.913189
45.0000,3.712283,3.589503,-3.805629,0.000490,0.002400,1.928228,3.917761,3.591904,-2.955105,0.000468,0.002450,1.923224
45.0500,3.712334,3.589357,-3.805636,0.000499,0.002375,1.940801,3.918851,3.594804,-2.954910,0.000548,0.002215,1.938354
45.1000,3.712386,3.589213,-3.805643,0.000508,0.002352,1.953374,3.919517,3.594781,-2.955245,0.000493,0.002457,1.948269
45.1500,3.712439,3.589071,-3.805650,0.000518,0.002330,1.965946,3.920565,3.597628,-2.955021,0.000648,0.002219,1.963442
45.2000,3.712493,3.588931,-3.805657,0.000527,0.002309,1.978517,3.921230,3.597634,-2.955348,0.000493,0.002491,1.973432
45.2500,3.712549,3.588794,-3.805664,0.000536,0.002290,1.991088,3.922201,3.600337,-2.955101,0.000520,0.002166,1.988532
45.3000,3.712606,3.588658,-3.805671,0.000545,0.002271,2.003658,3.922862,3.600374,-2.955417,0.000429,0.002314,1.998517
45.3500,3.712664,3.588525,-3.805678,0.000554,0.002254,2.016228,3.923767,3.602910,-2.955154,0.000563,0.002279,2.013761
45.4000,3.712723,3.588394,-3.805685,0.000563,0.002238,2.028797,3.924425,3.602974,-2.955460,0.000577,0.002209,2.023832
45.4500,3.712784,3.588265,-3.805691,0.000572,0.002223,2.041365,3.925266,3.605322,-2.955184,0.000480,0.002188,2.038853
45.5000,3.712845,3.588138,-3.805698,0.000580,0.002208,2.053933,3.925918,3.605412,-2.955481,0.000561,0.002199,2.048936
45.5500,3.712907,3.588013,-3.805705,0.000589,0.002195,2.066500,3.926715,3.607579,-2.955197,0.000671,0.002083,2.063992
45.6000,3.712970,3.587890,-3.805712,0.000598,0.002182,2.079067,3.927366,3.607693,-2.955484,0.000626,0.002292,2.073954
45.6500,3.713034,3.587770,-3.805719,0.000607,0.002169,2.091633,3.928089,3.609653,-2.955196,0.000585,0.002183,2.089058
45.7000,3.713099,3.587651,-3.805725,0.000615,0.002158,2.104198,3.928733,3.609793,-2.955474,0.000708,0.002306,2.099231
45.7520,3.713165,3.587535,-3.805732,0.000624,0.002147,2.116763,3.929419,3.611526,-2.955184,0.000442,0.001928,2.114386
45.8000,3.713232,3.587420,-3.805739,0.000632,0.002136,2.129327,3.930055,3.611690,-2.955454,0.000574,0.002224,2.124297
45.8500,3.713299,3.587308,-3.805745,0.000641,0.002126,2.141890,3.930748,3.613252,-2.955165,0.000583,0.002111,2.139307
45.9000,3.713367,3.587197,-3.805752,0.000649,0.002116,2.154453,3.931378,3.613435,-2.955427,0.000659,0.002131,2.149363
45.9500,3.713436,3.587089,-3.805758,0.000658,0.002107,2.167015,3.932058,3.614866,-2.955141,0.000710,0.002123,2.164599
46.0000,3.713506,3.586983,-3.805765,0.000666,0.002098,2.179576,3.932683,3.615070,-2.955396,0.000545,0.002167,2.174805
46.0500,3.713576,3.586878,-3.805771,0.000674,0.002090,2.192137,3.933331,3.616343,-2.955115,0.000809,0.002131,2.189533
46.1000,3.713647,3.586776,-3.805778,0.000682,0.002082,2.204698,3.933947,3.616570,-2.955363,0.000627,0.001997,2.199545
46.1500,3.713718,3.586676,-3.805784,0.000691,0.002074,2.217257,3.934580,3.617715,-2.955087,0.000597,0.002239,2.214756
46.2000,3.713790,3.586577,-3.805790,0.000699,0.002067,2.229816,3.935189,3.617961,-2.955330,0.000859,0.002147,2.224909
46.2500,3.713862,3.586481,-3.805797,0.000707,0.002059,2.242375,3.935803,3.618990,-2.955060,0.000641,0.002193,2.240031
46.3000,3.713935,3.586386,-3.805803,0.000715,0.002052,2.254933,3.936405,3.619255,-2.955298,0.000655,0.002013,2.249895
46.3500,3.714009,3.586293,-3.805809,0.000722,0.002046,2.267490,3.937018,3.620201,-2.955034,0.000768,0.002132,2.264921
46.4000,3.714083,3.586202,-3.805815,0.000730,0.002039,2.280047,3.937612,3.620485,-2.955268,0.001096,0.002282,2.274994
46.4500,3.714157,3.586114,-3.805821,0.000738,0.002033,2.292603,3.938196,3.621342,-2.955011,0.000761,0.001900,2.290112
46.5000,3.714231,3.586027,-3.805827,0.000746,0.002027,2.305159,3.938784,3.621647,-2.955241,0.000851,0.002131,2.300376
46.5500,3.714306,3.585941,-3.805833,0.000753,0.002021,2.317714,3.939353,3.622457,-2.954990,0.000705,0.001903,2.315162
46.6000,3.714382,3.585858,-3.805839,0.000761,0.002015,2.330269,3.939934,3.622780,-2.955217,0.000836,0.001848,2.325376
46.6500,3.714457,3.585776,-3.805844,0.000768,0.002010,2.342823,3.940497,3.623573,-2.954972,0.000731,0.001841,2.340467
46.7000,3.714533,3.585697,-3.805850,0.000775,0.002004,2.355376,3.941072,3.623911,-2.955196,0.000851,0.002104,2.350297
46.7500,3.714609,3.585619,-3.805856,0.000783,0.001999,2.367929,3.941649,3.624683,-2.954957,0.000685,0.002003,2.365238
46.8000,3.714685,3.585543,-3.805862,0.000790,0.001994,2.380482,3.942214,3.625036,-2.955179,0.000725,0.002024,2.375712
46.8520,3.714762,3.585468,-3.805867,0.000797,0.001989,2.393033,3.942811,3.625770,-2.954945,0.000955,0.001921,2.390642
46.9000,3.714838,3.585395,-3.805873,0.000804,0.001984,2.405585,3.943366,3.626140,-2.955166,0.000648,0.001901,2.400617
46.9500,3.714915,3.585325,-3.805878,0.000811,0.001979,2.418136,3.943964,3.626874,-2.954937,0.000769,0.002063,2.415645
47.0000,3.714992,3.585255,-3.805884,0.000818,0.001974,2.430686,3.944510,3.627259,-2.955156,0.000900,0.001940,2.425585
47.0500,3.715069,3.585188,-3.805889,0.000825,0.001970,2.443236,3.945100,3.627969,-2.954931,0.000627,0.001950,2.440633
47.1000,3.715146,3.585122,-3.805894,0.000832,0.001965,2.455785,3.945636,3.628372,-2.955149,0.000927,0.001931,2.450653
47.1520,3.715223,3.585058,-3.805900,0.000839,0.001961,2.468334,3.946201,3.629076,-2.954929,0.000846,0.002121,2.465956
47.2000,3.715300,3.584995,-3.805905,0.000846,0.001957,2.480883,3.946726,3.629495,-2.955146,0.000937,0.002075,2.475722
47.2500,3.715377,3.584934,-3.805910,0.000852,0.001952,2.493431,3.947290,3.630184,-2.954929,0.000851,0.001928,2.491087
47.3000,3.715454,3.584875,-3.805915,0.000859,0.001948,2.505978,3.947806,3.630620,-2.955145,0.000735,0.001892,2.501075
47.3500,3.715531,3.584817,-3.805920,0.000865,0.001944,2.518525,3.948366,3.631338,-2.954931,0.001048,0.001875,2.516161
47.4000,3.715608,3.584761,-3.805925,0.000872,0.001940,2.531072,3.948869,3.631788,-2.955147,0.000822,0.001993,2.526156
47.4500,3.715685,3.584706,-3.805930,0.000878,0.001936,2.543618,3.949413,3.632503,-2.954936,0.000721,0.001934,2.541121
47.5000,3.715762,3.584653,-3.805935,0.000885,0.001932,2.556163,3.949903,3.632968,-2.955152,0.000702,0.002089,2.551023
47.5500,3.715838,3.584602,-3.805940,0.000891,0.001928,2.568708,3.950464,3.633676,-2.954942,0.000815,0.001980,2.566275
47.6000,3.715915,3.584552,-3.805945,0.000897,0.001924,2.581253,3.950938,3.634153,-2.955158,0.000918,0.001720,2.576355
47.6500,3.715991,3.584503,-3.805950,0.000904,0.001920,2.593797,3.951485,3.634891,-2.954950,0.000883,0.001932,2.591276
47.7020,3.716067,3.584456,-3.805954,0.000910,0.001916,2.606341,3.951947,3.635379,-2.955165,0.000984,0.001750,2.601428
47.7500,3.716144,3.584411,-3.805959,0.000916,0.001912,2.618885,3.952491,3.636146,-2.954959,0.000897,0.001927,2.616453
47.8000,3.716219,3.584367,-3.805964,0.000922,0.001908,2.631427,3.952942,3.636649,-2.955175,0.000820,0.001869,2.626352
47.8520,3.716295,3.584324,-3.805968,0.000928,0.001904,2.643970,3.953452,3.637434,-2.954969,0.001022,0.002048,2.641445
47.9020,3.716370,3.584282,-3.805973,0.000934,0.001901,2.656512,3.953889,3.637950,-2.955185,0.000919,0.001838,2.651496
47.9500,3.716446,3.584243,-3.805977,0.000940,0.001897,2.669054,3.954378,3.638752,-2.954980,0.000923,0.001915,2.666337
48.0000,3.716520,3.584204,-3.805982,0.000946,0.001893,2.681595,3.954801,3.639280,-2.955196,0.000939,0.001779,2.676585
48.0500,3.716595,3.584167,-3.805986,0.000952,0.001890,2.694136,3.955282,3.640109,-2.954992,0.000855,0.001785,2.691616
48.1000,3.716669,3.584131,-3.805991,0.000957,0.001886,2.706676,3.955691,3.640646,-2.955208,0.000841,0.001826,2.701709
48.1500,3.716743,3.584096,-3.805995,0.000963,0.001882,2.719216,3.956177,3.641503,-2.955004,0.000972,0.001960,2.716774
48.2000,3.716817,3.584063,-3.805999,0.000969,0.001879,2.731756,3.956569,3.642049,-2.955220,0.000945,0.001845,2.726692
48.2500,3.716890,3.584031,-3.806003,0.000975,0.001875,2.744295,3.957047,3.642905,-2.955017,0.001033,0.002002,2.741735
48.3000,3.716963,3.584000,-3.806008,0.000980,0.001871,2.756834,3.957424,3.643461,-2.955233,0.001053,0.002048,2.751784
48.3500,3.717036,3.583971,-3.806012,0.000986,0.001868,2.769373,3.957864,3.644298,-2.955030,0.000959,0.001961,2.766812
48.4000,3.717108,3.583943,-3.806016,0.000991,0.001864,2.781911,3.958222,3.644868,-2.955247,0.001032,0.002028,2.776889
48.4500,3.717180,3.583916,-3.806020,0.000997,0.001860,2.794448,3.958619,3.645715,-2.955043,0.000859,0.001918,2.791904
48.5000,3.717252,3.583890,-3.806024,0.001002,0.001857,2.806986,3.958961,3.646298,-2.955260,0.001119,0.002001,2.801954
48.5500,3.717323,3.583865,-3.806028,0.001008,0.001853,2.819523,3.959304,3.647153,-2.955056,0.000925,0.001876,2.816890
48.6000,3.717393,3.583842,-3.806032,0.001013,0.001850,2.832059,3.959629,3.647747,-2.955273,0.001067,0.001837,2.827201
48.6500,3.717464,3.583819,-3.806036,0.001019,0.001846,2.844596,3.959952,3.648630,-2.955070,0.000972,0.001750,2.841969
48.7000,3.717533,3.583798,-3.806040,0.001024,0.001842,2.857131,3.960263,3.649233,-2.955287,0.001118,0.001933,2.852115
48.7500,3.717603,3.583778,-3.806044,0.001029,0.001839,2.869667,3.960553,3.650165,-2.955083,0.001062,0.001843,2.867241
48.8000,3.717672,3.583759,-3.806047,0.001035,0.001835,2.882202,3.960847,3.650776,-2.955300,0.000984,0.001901,2.877422
48.8500,3.717740,3.583741,-3.806051,0.001040,0.001831,2.894737,3.961115,3.651723,-2.955096,0.001184,0.001727,2.892355
48.9000,3.717808,3.583724,-3.806055,0.001045,0.001828,2.907271,3.961393,3.652346,-2.955313,0.001098,0.001897,2.902248
48.9500,3.717875,3.583708,-3.806059,0.001050,0.001824,2.919806,3.961584,3.653324,-2.955109,0.001124,0.001868,2.917230
49.0000,3.717942,3.583693,-3.806062,0.001055,0.001821,2.932339,3.961847,3.653958,-2.955326,0.001135,0.001865,2.927066
49.0500,3.718009,3.583679,-3.806066,0.001060,0.001817,2.944873,3.962008,3.654958,-2.955122,0.001228,0.001834,2.942404
49.1000,3.718075,3.583666,-3.806069,0.001065,0.001813,2.957406,3.962252,3.655600,-2.955339,0.000951,0.001755,2.952442
49.1500,3.718140,3.583655,-3.806073,0.001071,0.001810,2.969939,3.962415,3.656617,-2.955134,0.001013,0.001846,2.967438
49.2000,3.718205,3.583644,-3.806076,0.001076,0.001806,2.982471,3.962642,3.657266,-2.955352,0.000960,0.001817,2.977516
49.2500,3.718270,3.583634,-3.806080,0.001081,0.001802,2.995003,3.962785,3.658277,-2.955147,0.001112,0.001947,2.992429
49.3000,3.718333,3.583625,-3.806083,0.001086,0.001799,3.007535,3.962992,3.658934,-2.955364,0.001109,0.001654,3.002447
49.3500,3.718397,3.583616,-3.806087,0.001090,0.001795,3.020067,3.963102,3.659956,-2.955159,0.001017,0.002026,3.017486
49.4000,3.718459,3.583609,-3.806090,0.001095,0.001791,3.032598,3.963290,3.660617,-2.955376,0.001025,0.001890,3.027511
49.4500,3.718522,3.583603,-3.806093,0.001100,0.001788,3.045129,3.963408,3.661627,-2.955171,0.001090,0.001721,3.042572
49.5000,3.718583,3.583597,-3.806097,0.001105,0.001784,3.057659,3.963576,3.662292,-2.955388,0.001219,0.001751,3.052629
49.5500,3.718643,3.583585,-3.806098,0.001119,0.001783,3.069792,3.963680,3.663329,-2.955182,0.001263,0.001697,3.067375
49.6000,3.718693,3.583514,-3.806119,0.001182,0.001780,3.079120,3.963828,3.663977,-2.955406,0.001042,0.001891,3.075620
49.6500,3.718736,3.583395,-3.806144,0.001261,0.001762,3.085686,3.963886,3.664919,-2.955218,0.001393,0.001855,3.084508
49.7000,3.718784,3.583288,-3.806155,0.001309,0.001723,3.090937,3.964013,3.665502,-2.955450,0.001249,0.002024,3.088936
49.7500,3.718836,3.583202,-3.806155,0.001321,0.001684,3.095164,3.964013,3.666423,-2.955241,0.001272,0.001532,3.094454
49.8000,3.718892,3.583129,-3.806147,0.001314,0.001651,3.098370,3.964141,3.667036,-2.955452,0.001224,0.001566,3.097203
49.8500,3.718950,3.583067,-3.806136,0.001295,0.001621,3.100730,3.964097,3.668034,-2.955247,0.001234,0.001715,3.100197
49.9000,3.719009,3.583018,-3.806124,0.001264,0.001592,3.102479,3.964225,3.668665,-2.955453,0.001255,0.001627,3.101953
49.9500,3.719070,3.582980,-3.806113,0.001224,0.001563,3.103762,3.964158,3.669704,-2.955266,0.001256,0.001424,3.103632
50.0000,3.719131,3.582951,-3.806104,0.001179,0.001535,3.104666,3.964287,3.670353,-2.955475,0.001209,0.001502,3.104415
50.0500,3.719193,3.582929,-3.806096,0.001129,0.001508,3.105266,3.964196,3.671482,-2.955310,0.001298,0.001565,3.105083
50.1000,3.719255,3.582913,-3.806089,0.001078,0.001481,3.105629,3.964325,3.672144,-2.955524,0.001199,0.001470,3.105526
50.1500,3.719318,3.582901,-3.806084,0.001025,0.001456,3.105810,3.964258,3.673334,-2.955380,0.001004,0.001233,3.105772
50.2000,3.719380,3.582892,-3.806080,0.000972,0.001431,3.105846,3.964385,3.674004,-2.955600,0.001153,0.001270,3.105814
50.2500,3.719442,3.582887,-3.806078,0.000920,0.001406,3.105768,3.964368,3.675260,-2.955471,0.000920,0.001231,3.105874
50.3000,3.719504,3.582884,-3.806076,0.000868,0.001383,3.105603,3.964497,3.675936,-2.955696,0.000924,0.001458,3.105584
50.3500,3.719565,3.582882,-3.806075,0.000818,0.001361,3.105368,3.964555,3.677293,-2.955578,0.000876,0.001456,3.105553
50.4000,3.719627,3.582882,-3.806075,0.000770,0.001339,3.105081,3.964683,3.677972,-2.955808,0.000864,0.001451,3.104905
50.4520,3.719687,3.582883,-3.806076,0.000724,0.001318,3.104754,3.964816,3.679371,-2.955695,0.000611,0.001159,3.104903
50.5000,3.719747,3.582885,-3.806077,0.000679,0.001298,3.104395,3.676901,3.601666,-3.657141,0.000743,0.001157,3.104464
50.5520,3.719563,3.582895,-3.806084,0.000636,0.001182,3.103928,3.677330,3.601565,-3.690612,0.000554,0.001199,3.103917
50.6000,3.717362,3.582981,-3.806161,0.000578,0.000800,3.103227,3.676947,3.601524,-3.724991,0.000587,0.001092,3.103583
50.6500,3.711537,3.583213,-3.806331,0.000492,0.000182,3.102452,3.672555,3.601889,-3.742959,0.000468,0.000322,3.102600
50.7000,3.701956,3.583602,-3.806568,0.000390,-0.000549,3.101673,3.666644,3.602145,-3.774565,0.000418,-0.000344,3.102025
50.7500,3.689426,3.584117,-3.806832,0.000282,-0.001265,3.100888,3.652224,3.603728,-3.766192,0.000420,-0.000994,3.101149
50.8000,3.675025,3.584714,-3.807074,0.000169,-0.001905,3.100138,3.641340,3.604353,-3.792923,0.000046,-0.001626,3.100550
50.8500,3.659693,3.585355,-3.807268,0.000062,-0.002436,3.099448,3.618466,3.607686,-3.749976,0.000103,-0.002397,3.099641
50.9000,3.644090,3.586010,-3.807405,-0.000030,-0.002840,3.098815,3.605438,3.608659,-3.769839,0.000202,-0.002812,3.099143
50.9500,3.628546,3.586667,-3.807489,-0.000107,-0.003125,3.098202,3.575252,3.614155,-3.691634,-0.000111,-0.003044,3.098296
51.0000,3.613105,3.587325,-3.807530,-0.000169,-0.003303,3.097615,3.561340,3.615497,-3.703377,0.000035,-0.002986,3.097931
51.0500,3.597769,3.587984,-3.807537,-0.000218,-0.003393,3.097066,3.524123,3.623051,-3.598429,-0.000228,-0.003485,3.097386
51.1000,3.582520,3.588646,-3.807519,-0.000253,-0.003413,3.096543,3.509219,3.624804,-3.601812,-0.000184,-0.003548,3.096828
51.1500,3.567334,3.589314,-3.807483,-0.000276,-0.003379,3.096057,3.466589,3.633888,-3.484486,-0.000107,-0.003416,3.096071
51.2000,3.552184,3.589991,-3.807435,-0.000289,-0.003302,3.095601,3.450569,3.636059,-3.480219,-0.000231,-0.003399,3.095804
51.2500,3.537045,3.590676,-3.807380,-0.000292,-0.003192,3.095166,3.405900,3.645629,-3.364983,-0.000220,-0.003088,3.095411
51.3000,3.521903,3.591370,-3.807321,-0.000286,-0.003057,3.094744,3.388814,3.648160,-3.354407,-0.000132,-0.003184,3.095163
51.3500,3.506751,3.592071,-3.807260,-0.000273,-0.002902,3.094334,3.345597,3.657372,-3.251599,-0.000345,-0.003034,3.094286
51.4000,3.491590,3.592781,-3.807199,-0.000252,-0.002734,3.093937,3.327677,3.660186,-3.236290,-0.000191,-0.002731,3.094174
51.4500,3.476422,3.593498,-3.807139,-0.000227,-0.002555,3.093549,3.287971,3.668437,-3.151124,-0.000174,-0.002547,3.093679
51.5000,3.461249,3.594221,-3.807082,-0.000196,-0.002369,3.093170,3.269495,3.671447,-3.132602,-0.000309,-0.002330,3.093315
51.5500,3.446074,3.594951,-3.807026,-0.000163,-0.002179,3.092799,3.234071,3.678480,-3.066255,-0.000056,-0.002145,3.092858
51.6000,3.430900,3.595688,-3.806973,-0.000126,-0.001987,3.092434,3.215290,3.681614,-3.045831,-0.000098,-0.002094,3.092409
51.6500,3.415728,3.596430,-3.806923,-0.000088,-0.001795,3.092075,3.183787,3.687437,-2.997106,-0.000037,-0.002006,3.092062
51.7000,3.400559,3.597178,-3.806876,-0.000049,-0.001604,3.091722,3.164891,3.690640,-2.975828,0.000182,-0.001619,3.091804
51.7500,3.385392,3.597932,-3.806833,-0.000010,-0.001416,3.091374,3.136305,3.695546,-2.942470,0.000191,-0.001486,3.091429
51.8000,3.370227,3.598692,-3.806792,0.000029,-0.001232,3.091030,3.117395,3.698777,-2.921164,-0.000081,-0.001400,3.091193
51.8500,3.355065,3.599457,-3.806755,0.000067,-0.001053,3.090691,3.090470,3.703119,-2.900643,0.000127,-0.000975,3.090896
51.9000,3.339906,3.600228,-3.806722,0.000104,-0.000879,3.090355,3.071603,3.706360,-2.879919,0.000250,-0.001071,3.090570
51.9500,3.324748,3.601004,-3.806691,0.000140,-0.000710,3.090024,3.045099,3.710506,-2.869835,0.000158,-0.000662,3.090134
52.0000,3.309593,3.601786,-3.806664,0.000173,-0.000547,3.089695,3.026285,3.713750,-2.850141,0.000138,-0.000603,3.089766
52.0500,3.294440,3.602572,-3.806639,0.000205,-0.000391,3.089371,2.999149,3.717958,-2.848359,0.000190,-0.000419,3.089469
52.1000,3.279288,3.603364,-3.806617,0.000234,-0.000240,3.089049,2.980363,3.721207,-2.830016,0.000225,-0.000377,3.089248
52.1500,3.264139,3.604160,-3.806599,0.000261,-0.000096,3.088731,2.951787,3.725773,-2.834682,0.000412,-0.000220,3.088672
52.2000,3.248992,3.604962,-3.806582,0.000286,0.000043,3.088415,2.932999,3.729043,-2.817895,0.000319,-0.000184,3.088495
52.2500,3.233847,3.605768,-3.806569,0.000308,0.000175,3.088103,2.902644,3.734152,-2.827437,0.000281,0.000071,3.088225
52.3000,3.218704,3.606579,-3.806557,0.000329,0.000301,3.087794,2.883810,3.737445,-2.812332,0.000224,0.000331,3.087758
52.3500,3.203562,3.607395,-3.806548,0.000347,0.000422,3.087487,2.851421,3.743031,-2.825406,0.000410,0.000483,3.087470
52.4000,3.188423,3.608216,-3.806542,0.000362,0.000536,3.087183,2.832498,3.746359,-2.812037,0.000274,0.000610,3.087492
52.4520,3.173286,3.609041,-3.806537,0.000376,0.000645,3.086882,2.798149,3.752426,-2.827507,0.000450,0.000736,3.086848
52.5000,3.158151,3.609870,-3.806534,0.000387,0.000749,3.086584,2.779105,3.755798,-2.815866,0.000575,0.000746,3.086582
52.5500,3.143017,3.610705,-3.806534,0.000397,0.000848,3.086288,2.743130,3.762352,-2.832778,0.000436,0.000648,3.086485
52.6000,3.127886,3.611543,-3.806534,0.000405,0.000942,3.085995,2.723944,3.765774,-2.822812,0.000393,0.000888,3.086129
52.6500,3.112756,3.612386,-3.806537,0.000411,0.001030,3.085705,2.686826,3.772692,-2.840374,0.000359,0.001056,3.085697
52.7020,3.097628,3.613233,-3.806541,0.000415,0.001115,3.085417,2.667486,3.776170,-2.831999,0.000319,0.001190,3.085466
52.7500,3.082503,3.614085,-3.806547,0.000418,0.001195,3.085132,2.629640,3.783251,-2.849571,0.000474,0.001336,3.085327
52.8000,3.067378,3.614941,-3.806554,0.000420,0.001270,3.084849,2.610143,3.786785,-2.842675,0.000152,0.001379,3.084805
52.8500,3.052256,3.615801,-3.806563,0.000420,0.001342,3.084569,2.571979,3.793927,-2.859750,0.000354,0.001286,3.084655
52.9000,3.037136,3.616665,-3.806573,0.000419,0.001410,3.084292,2.552329,3.797510,-2.854204,0.000288,0.001450,3.084297
52.9500,3.022017,3.617534,-3.806584,0.000418,0.001474,3.084017,2.514256,3.804552,-2.870400,0.000437,0.001425,3.084044
53.0000,3.006900,3.618407,-3.806596,0.000415,0.001534,3.083744,2.494462,3.808180,-2.866062,0.000372,0.001384,3.083758
53.0500,2.991785,3.619283,-3.806610,0.000411,0.001591,3.083475,2.456833,3.815092,-2.881098,0.000557,0.001517,3.083557
53.1020,2.976671,3.620164,-3.806624,0.000407,0.001645,3.083207,2.436917,3.818761,-2.877826,0.000624,0.001576,3.083131
53.1520,2.961559,3.621049,-3.806640,0.000402,0.001696,3.082942,2.400048,3.825624,-2.891529,0.000502,0.001647,3.083066
53.2000,2.946449,3.621938,-3.806656,0.000397,0.001744,3.082680,2.380027,3.829335,-2.889187,0.000238,0.001686,3.082679
53.2500,2.931341,3.622830,-3.806673,0.000391,0.001790,3.082420,2.343937,3.836019,-2.901453,0.000428,0.001994,3.082258
53.3000,2.916234,3.623727,-3.806692,0.000385,0.001832,3.082162,2.323825,3.839767,-2.899900,0.000321,0.001655,3.082186
53.3500,2.901128,3.624627,-3.806710,0.000378,0.001872,3.081907,2.288590,3.846260,-2.910692,0.000507,0.001843,3.081927
53.4000,2.886025,3.625532,-3.806730,0.000371,0.001910,3.081655,2.268408,3.850038,-2.909800,0.000415,0.001956,3.081765
53.4500,2.870923,3.626440,-3.806750,0.000364,0.001946,3.081404,2.234033,3.856401,-2.919133,0.000414,0.001994,3.081398
53.5000,2.855822,3.627352,-3.806772,0.000357,0.001979,3.081156,2.213796,3.860204,-2.918781,0.000398,0.002088,3.081366
53.5500,2.840723,3.628267,-3.806793,0.000350,0.002010,3.080911,2.180283,3.866396,-2.926717,0.000435,0.001967,3.080773
53.6020,2.825625,3.629187,-3.806815,0.000342,0.002040,3.080668,2.160006,3.870227,-2.926802,0.000209,0.002310,3.080944
53.6520,2.810529,3.630110,-3.806838,0.000335,0.002067,3.080427,2.127226,3.876298,-2.933417,0.000404,0.002023,3.080605
53.7000,2.795435,3.631036,-3.806862,0.000328,0.002093,3.080188,2.106919,3.880143,-2.933839,0.000088,0.002144,3.080209
53.7500,2.780342,3.631967,-3.806886,0.000320,0.002117,3.079952,2.074829,3.886109,-2.939243,0.000446,0.002147,3.080117
53.8000,2.765250,3.632900,-3.806910,0.000313,0.002140,3.079718,2.054505,3.889972,-2.939925,0.000360,0.002257,3.079809
53.8500,2.750160,3.633838,-3.806935,0.000306,0.002161,3.079486,2.022945,3.895889,-2.944230,0.000214,0.001992,3.079350
53.9000,2.735072,3.634778,-3.806960,0.000299,0.002181,3.079257,2.002612,3.899773,-2.945094,0.000223,0.002399,3.079286
53.9500,2.719984,3.635723,-3.806986,0.000292,0.002199,3.079030,1.971490,3.905655,-2.948423,0.000275,0.002109,3.079054
54.0000,2.704899,3.636670,-3.807012,0.000285,0.002216,3.078805,1.951151,3.909551,-2.949414,0.000257,0.002228,3.079007
54.0500,2.689814,3.637621,-3.807038,0.000279,0.002232,3.078582,1.920364,3.915416,-2.951883,0.000307,0.002159,3.078619
54.1000,2.674731,3.638576,-3.807065,0.000272,0.002247,3.078362,1.900025,3.919325,-2.952949,0.000230,0.002483,3.078285
54.1500,2.659649,3.639534,-3.807092,0.000266,0.002261,3.078143,1.869486,3.925204,-2.954682,0.000305,0.002191,3.078046
54.2000,2.644569,3.640495,-3.807119,0.000260,0.002274,3.077927,1.849149,3.929130,-2.955781,0.000282,0.002288,3.077979
54.2500,2.629490,3.641459,-3.807147,0.000254,0.002285,3.077713,1.818784,3.935024,-2.956890,0.000236,0.002114,3.077706
54.3000,2.614412,3.642426,-3.807174,0.000249,0.002296,3.077501,1.798453,3.938965,-2.957989,0.000335,0.002349,3.077474
54.3500,2.599336,3.643397,-3.807203,0.000243,0.002307,3.077291,1.768201,3.944886,-2.958578,0.000155,0.002361,3.077496
54.4000,2.584261,3.644371,-3.807231,0.000238,0.002316,3.077083,1.747875,3.948838,-2.959653,0.000233,0.002402,3.077216
54.4500,2.569187,3.645348,-3.807259,0.000233,0.002325,3.076878,1.717687,3.954782,-2.959820,0.000331,0.002410,3.076974
54.5000,2.554114,3.646328,-3.807288,0.000228,0.002332,3.076674,1.697368,3.958750,-2.960851,0.000234,0.002409,3.076878
54.5500,2.539043,3.647311,-3.807317,0.000223,0.002340,3.076472,1.667209,3.964722,-2.960682,0.000421,0.002263,3.076625
54.6000,2.523973,3.648297,-3.807346,0.000219,0.002346,3.076273,1.646898,3.968705,-2.961655,0.000128,0.002303,3.076482
54.6500,2.508904,3.649286,-3.807376,0.000215,0.002352,3.076075,1.616738,3.974704,-2.961226,0.000247,0.002328,3.076218
54.7000,2.493836,3.650279,-3.807405,0.000210,0.002358,3.075880,1.596437,3.978702,-2.962132,0.000236,0.002431,3.075772
54.7520,2.478770,3.651274,-3.807435,0.000207,0.002363,3.075686,1.566261,3.984739,-2.961512,0.000229,0.002293,3.075837
54.8000,2.463705,3.652272,-3.807465,0.000203,0.002367,3.075494,1.545967,3.988748,-2.962352,0.000069,0.002304,3.075491
54.8520,2.448641,3.653272,-3.807494,0.000199,0.002371,3.075305,1.515770,3.994811,-2.961592,0.000360,0.002314,3.075350
54.9000,2.433578,3.654276,-3.807525,0.000196,0.002375,3.075117,1.495486,3.998835,-2.962361,0.000406,0.002381,3.075066
54.9500,2.418516,3.655283,-3.807555,0.000193,0.002378,3.074931,1.465261,4.004920,-2.961516,0.000143,0.002280,3.074923
55.0000,2.403456,3.656292,-3.807585,0.000190,0.002381,3.074747,1.444984,4.008959,-2.962213,0.000168,0.002422,3.074783
55.0500,2.388396,3.657304,-3.807615,0.000187,0.002383,3.074565,1.414733,4.015062,-2.961317,0.000130,0.002429,3.074590
55.1000,2.373338,3.658319,-3.807646,0.000184,0.002385,3.074384,1.394464,4.019113,-2.961950,0.000179,0.002388,3.074521
55.1500,2.358281,3.659336,-3.807676,0.000182,0.002387,3.074206,1.364190,4.025242,-2.961041,0.000190,0.002447,3.074333
55.2000,2.343224,3.660356,-3.807707,0.000179,0.002388,3.074029,1.343924,4.029305,-2.961610,0.000089,0.002386,3.074033
55.2500,2.328169,3.661379,-3.807738,0.000177,0.002390,3.073854,1.313636,4.035458,-2.960710,0.000249,0.002358,3.073838
55.3020,2.313115,3.662404,-3.807768,0.000175,0.002390,3.073681,1.293374,4.039537,-2.961220,0.000356,0.002538,3.073618
55.3500,2.298063,3.663432,-3.807799,0.000173,0.002391,3.073509,1.263081,4.045700,-2.960344,-0.000008,0.002338,3.073443
55.4000,2.283011,3.664463,-3.807830,0.000171,0.002392,3.073340,1.242822,4.049786,-2.960799,0.000205,0.002409,3.073327
55.4500,2.267960,3.665496,-3.807861,0.000169,0.002392,3.073172,1.212509,4.055975,-2.959968,0.000235,0.002501,3.073163
55.5000,2.252910,3.666532,-3.807892,0.000167,0.002392,3.073005,1.192252,4.060075,-2.960379,0.000213,0.002434,3.073173
55.5500,2.237861,3.667570,-3.807923,0.000166,0.002392,3.072841,1.161935,4.066274,-2.959597,0.000199,0.002371,3.073049
55.6000,2.222814,3.668610,-3.807955,0.000164,0.002392,3.072678,1.141679,4.070386,-2.959964,0.000079,0.002543,3.073054
55.6500,2.207767,3.669653,-3.807986,0.000163,0.002391,3.072517,1.111354,4.076592,-2.959237,0.000187,0.002383,3.072731
55.7000,2.192721,3.670698,-3.808017,0.000161,0.002391,3.072357,1.091102,4.080714,-2.959569,0.000326,0.002267,3.072449
55.7500,2.177676,3.671746,-3.808048,0.000160,0.002390,3.072199,1.060761,4.086935,-2.958904,0.000005,0.002334,3.072347
55.8000,2.162633,3.672796,-3.808080,0.000159,0.002389,3.072043,1.040512,4.091069,-2.959204,0.000067,0.002601,3.072111
55.8500,2.147590,3.673849,-3.808111,0.000158,0.002388,3.071888,1.010172,4.097308,-2.958597,0.000109,0.002399,3.072104
55.9000,2.132548,3.674903,-3.808142,0.000157,0.002387,3.071735,0.989927,4.101454,-2.958873,0.000115,0.002385,3.071707
55.9500,2.117507,3.675960,-3.808174,0.000156,0.002386,3.071583,0.959578,4.107708,-2.958328,0.000178,0.002335,3.071569
56.0000,2.102467,3.677019,-3.808205,0.000155,0.002385,3.071433,0.939337,4.111865,-2.958583,0.000197,0.002491,3.071551
56.0500,2.087428,3.678081,-3.808237,0.000154,0.002384,3.071285,0.908986,4.118125,-2.958095,0.000103,0.002369,3.071230
56.1000,2.072390,3.679145,-3.808268,0.000154,0.002382,3.071138,0.888747,4.122290,-2.958334,0.000292,0.002472,3.071220
56.1500,2.057353,3.680210,-3.808300,0.000153,0.002381,3.070992,0.858398,4.128571,-2.957898,0.000209,0.002397,3.070957
56.2000,2.042317,3.681278,-3.808331,0.000152,0.002379,3.070848,0.838162,4.132748,-2.958125,0.000113,0.002276,3.070915
56.2500,2.027281,3.682348,-3.808363,0.000152,0.002378,3.070706,0.807811,4.139038,-2.957737,0.000045,0.002286,3.070728
56.3000,2.012247,3.683421,-3.808394,0.000151,0.002376,3.070565,0.787580,4.143224,-2.957951,0.000139,0.002472,3.070714
56.3520,1.997213,3.684495,-3.808426,0.000151,0.002375,3.070425,0.757229,4.149522,-2.957611,0.000129,0.002287,3.070390
56.4000,1.982180,3.685571,-3.808458,0.000150,0.002373,3.070287,0.737000,4.153717,-2.957820,0.000222,0.002272,3.070457
56.4500,1.967148,3.686650,-3.808489,0.000150,0.002371,3.070150,0.706651,4.160027,-2.957519,0.000231,0.002395,3.070218
56.5000,1.952117,3.687730,-3.808521,0.000150,0.002369,3.070015,0.686423,4.164231,-2.957725,0.000105,0.002412,3.070019
56.5500,1.937087,3.688813,-3.808553,0.000149,0.002367,3.069881,0.656081,4.170556,-2.957455,0.000102,0.002237,3.069968
56.6000,1.922058,3.689897,-3.808584,0.000149,0.002366,3.069748,0.635856,4.174764,-2.957657,0.000140,0.002217,3.069903
56.6520,1.907029,3.690983,-3.808616,0.000149,0.002364,3.069617,0.605515,4.181099,-2.957414,0.000299,0.002310,3.069686
56.7000,1.892001,3.692072,-3.808648,0.000149,0.002362,3.069487,0.585294,4.185316,-2.957619,0.000047,0.002380,3.069570
56.7500,1.876974,3.693162,-3.808679,0.000149,0.002360,3.069358,0.554957,4.191662,-2.957403,0.000207,0.002466,3.069299
56.8000,1.861948,3.694254,-3.808711,0.000148,0.002358,3.069231,0.534737,4.195890,-2.957608,0.000271,0.002346,3.069457
56.8500,1.846923,3.695348,-3.808743,0.000148,0.002356,3.069105,0.504404,4.202245,-2.957412,0.000163,0.002472,3.069064
56.9000,1.831898,3.696444,-3.808775,0.000148,0.002354,3.068980,0.484185,4.206483,-2.957619,0.000155,0.002489,3.069073
56.9500,1.816874,3.697542,-3.808806,0.000148,0.002352,3.068857,0.453855,4.212848,-2.957437,0.000122,0.002325,3.068750
57.0000,1.801851,3.698641,-3.808838,0.000148,0.002350,3.068735,0.433639,4.217095,-2.957642,0.000045,0.002406,3.068922
57.0500,1.786829,3.699742,-3.808870,0.000148,0.002348,3.068614,0.403309,4.223471,-2.957475,0.000017,0.002308,3.068645
57.1000,1.771807,3.700845,-3.808902,0.000148,0.002346,3.068494,0.383095,4.227723,-2.957684,0.000078,0.002352,3.068353
57.1500,1.756787,3.701950,-3.808933,0.000148,0.002344,3.068376,0.352770,4.234114,-2.957526,0.000091,0.002374,3.068445
57.2000,1.741767,3.703057,-3.808965,0.000148,0.002342,3.068258,0.332558,4.238370,-2.957738,0.000195,0.002191,3.068323
57.2500,1.726747,3.704165,-3.808997,0.000148,0.002340,3.068142,0.302234,4.244770,-2.957588,0.000071,0.002302,3.068099
57.3000,1.711729,3.705275,-3.809029,0.000148,0.002338,3.068028,0.282024,4.249035,-2.957804,0.000204,0.002545,3.068112
57.3500,1.696711,3.706387,-3.809061,0.000148,0.002336,3.067914,0.251705,4.255442,-2.957660,0.000365,0.002301,3.067844
57.4000,1.681694,3.707500,-3.809092,0.000148,0.002335,3.067801,0.231497,4.259717,-2.957879,0.000041,0.002386,3.067821
57.4500,1.666677,3.708615,-3.809124,0.000148,0.002333,3.067690,0.201180,4.266137,-2.957738,0.000210,0.002444,3.067617
57.5000,1.651662,3.709732,-3.809156,0.000148,0.002331,3.067580,0.180971,4.270420,-2.957961,0.000180,0.002217,3.067458
57.5500,1.636647,3.710850,-3.809188,0.000148,0.002329,3.067471,0.150658,4.276849,-2.957816,0.000382,0.002524,3.067471
57.6000,1.621632,3.711970,-3.809220,0.000149,0.002327,3.067363,0.130451,4.281139,-2.958044,0.000177,0.002454,3.067431
57.6500,1.606618,3.713091,-3.809251,0.000149,0.002325,3.067256,0.100139,4.287574,-2.957902,0.000218,0.002183,3.067215
57.7000,1.591605,3.714214,-3.809283,0.000149,0.002323,3.067150,0.079935,4.291873,-2.958127,0.000065,0.002089,3.067218
57.7500,1.576593,3.715338,-3.809315,0.000149,0.002321,3.067046,0.049621,4.298323,-2.957985,0.000120,0.002157,3.067135
57.8000,1.561581,3.716464,-3.809347,0.000149,0.002319,3.066942,0.029422,4.302629,-2.958212,0.000116,0.002462,3.067083
57.8500,1.546570,3.717592,-3.809379,0.000149,0.002317,3.066840,-0.000886,4.309089,-2.958069,0.000149,0.002328,3.066868
57.9000,1.531560,3.718721,-3.809411,0.000149,0.002315,3.066738,-0.021082,4.313401,-2.958299,0.000152,0.002248,3.066859
57.9500,1.516550,3.719852,-3.809442,0.000149,0.002314,3.066638,-0.051391,4.319868,-2.958155,0.000183,0.002426,3.066817
58.0000,1.501541,3.720984,-3.809474,0.000150,0.002312,3.066538,-0.071586,4.324184,-2.958389,0.000201,0.002412,3.066516
58.0500,1.486532,3.722117,-3.809506,0.000150,0.002310,3.066440,-0.101887,4.330666,-2.958244,0.000137,0.002385,3.066556
58.1000,1.471524,3.723252,-3.809538,0.000150,0.002308,3.066343,-0.122081,4.334986,-2.958478,0.000051,0.002295,3.066636
58.1500,1.456517,3.724388,-3.809570,0.000150,0.002306,3.066246,-0.152382,4.341475,-2.958329,0.000085,0.002306,3.066286
58.2000,1.441511,3.725526,-3.809601,0.000150,0.002304,3.066151,-0.172573,4.345802,-2.958567,0.000106,0.002256,3.066129
58.2500,1.426504,3.726665,-3.809633,0.000150,0.002303,3.066057,-0.202869,4.352302,-2.958416,-0.000024,0.002313,3.066063
58.3000,1.411499,3.727805,-3.809665,0.000151,0.002301,3.065963,-0.223059,4.356633,-2.958653,0.000271,0.002411,3.065923
58.3500,1.396494,3.728947,-3.809697,0.000151,0.002299,3.065871,-0.253351,4.363141,-2.958502,0.000121,0.002237,3.065818
58.4000,1.381490,3.730090,-3.809729,0.000151,0.002297,3.065779,-0.273541,4.367480,-2.958739,0.000118,0.002441,3.065805
58.4500,1.366486,3.731235,-3.809761,0.000151,0.002296,3.065689,-0.303829,4.373994,-2.958583,0.000250,0.002387,3.065818
58.5020,1.351483,3.732381,-3.809792,0.000151,0.002294,3.065599,-0.324018,4.378338,-2.958826,0.000149,0.002127,3.065550
58.5500,1.336480,3.733528,-3.809824,0.000151,0.002292,3.065510,-0.354303,4.384859,-2.958664,0.000208,0.002303,3.065565
58.6000,1.321478,3.734676,-3.809856,0.000152,0.002291,3.065422,-0.374491,4.389210,-2.958906,0.000196,0.002503,3.065392
58.6500,1.306477,3.735826,-3.809888,0.000152,0.002289,3.065336,-0.404773,4.395742,-2.958746,0.000148,0.002306,3.065337
58.7000,1.291476,3.736977,-3.809920,0.000152,0.002287,3.065250,-0.424962,4.400099,-2.958987,-0.000026,0.002316,3.065333
58.7500,1.276475,3.738129,-3.809952,0.000152,0.002286,3.065164,-0.455243,4.406636,-2.958822,0.000041,0.002283,3.065137
58.8000,1.261476,3.739282,-3.809983,0.000152,0.002284,3.065080,-0.475432,4.410998,-2.959063,0.000187,0.002352,3.064996
58.8500,1.246476,3.740437,-3.810015,0.000152,0.002282,3.064997,-0.505711,4.417544,-2.958895,0.000083,0.002422,3.065113
58.9000,1.231477,3.741593,-3.810047,0.000153,0.002281,3.064914,-0.525899,4.421909,-2.959138,0.000387,0.002347,3.064996
58.9500,1.216479,3.742750,-3.810079,0.000153,0.002279,3.064833,-0.556180,4.428459,-2.958971,0.000039,0.002369,3.064884
59.0000,1.201481,3.743908,-3.810111,0.000153,0.002278,3.064752,-0.576367,4.432831,-2.959212,0.000142,0.002503,3.064919
59.0500,1.186484,3.745067,-3.810143,0.000153,0.002276,3.064672,-0.606646,4.439389,-2.959045,0.000124,0.002190,3.064482
59.1000,1.171487,3.746228,-3.810174,0.000153,0.002275,3.064593,-0.626833,4.443771,-2.959284,0.000102,0.002392,3.064605
59.1500,1.156491,3.747389,-3.810206,0.000154,0.002273,3.064514,-0.657113,4.450337,-2.959113,0.000206,0.002408,3.064505
59.2000,1.141495,3.748552,-3.810238,0.000154,0.002272,3.064437,-0.677297,4.454721,-2.959355,0.000157,0.002463,3.064458
59.2500,1.126500,3.749716,-3.810270,0.000154,0.002270,3.064360,-0.707577,4.461295,-2.959185,0.000193,0.002189,3.064403
59.3000,1.111505,3.750881,-3.810302,0.000154,0.002269,3.064284,-0.727762,4.465681,-2.959423,0.000339,0.002272,3.064454
59.3500,1.096511,3.752047,-3.810334,0.000154,0.002267,3.064209,-0.758045,4.472260,-2.959248,0.000200,0.002117,3.064064
59.4020,1.081517,3.753214,-3.810365,0.000154,0.002266,3.064134,-0.778222,4.476656,-2.959486,0.000129,0.002465,3.064014
59.4500,1.066524,3.754383,-3.810397,0.000155,0.002264,3.064060,-0.808509,4.483244,-2.959316,-0.000014,0.002422,3.064095
59.5000,1.051531,3.755552,-3.810429,0.000155,0.002263,3.063988,-0.828686,4.487641,-2.959559,0.000279,0.002238,3.064006
59.5500,1.036539,3.756722,-3.810461,0.000155,0.002261,3.063915,-0.858970,4.494237,-2.959388,0.000083,0.002356,3.064079
59.6000,1.021547,3.757894,-3.810493,0.000155,0.002260,3.063844,-0.879148,4.498640,-2.959629,0.000038,0.002194,3.064031
59.6500,1.006555,3.759066,-3.810525,0.000155,0.002259,3.063773,-0.909427,4.505244,-2.959456,0.000250,0.002261,3.063846
59.7000,0.991564,3.760240,-3.810556,0.000155,0.002257,3.063703,-0.929604,4.509650,-2.959697,0.000141,0.002337,3.063679
59.7500,0.976574,3.761414,-3.810588,0.000156,0.002256,3.063634,-0.959880,4.516260,-2.959525,0.000154,0.002262,3.063698
59.8000,0.961584,3.762590,-3.810620,0.000156,0.002255,3.063565,-0.980057,4.520673,-2.959766,0.000358,0.002365,3.063630
59.8500,0.946594,3.763766,-3.810652,0.000156,0.002253,3.063498,-1.010328,4.527290,-2.959595,0.000066,0.002348,3.063558
59.9000,0.931605,3.764943,-3.810684,0.000156,0.002252,3.063431,-1.030506,4.531709,-2.959836,0.000228,0.002260,3.063602
59.9500,0.916616,3.766122,-3.810716,0.000156,0.002251,3.063364,-1.060775,4.538330,-2.959660,-0.000029,0.002216,3.063516
60.0000,0.901628,3.767301,-3.810748,0.000156,0.002249,3.063298,-1.080951,4.542751,-2.959901,0.000055,0.002200,3.063117
60.0500,0.886640,3.768481,-3.810779,0.000157,0.002248,3.063233,-1.111220,4.549386,-2.959724,-0.000039,0.002115,3.063267
60.1000,0.871652,3.769663,-3.810811,0.000157,0.002247,3.063169,-1.131392,4.553813,-2.959962,0.000179,0.002371,3.063074
60.1500,0.856665,3.770845,-3.810843,0.000157,0.002246,3.063105,-1.161665,4.560451,-2.959791,0.000209,0.002346,3.063300
60.2000,0.841678,3.772028,-3.810875,0.000157,0.002244,3.063042,-1.181839,4.564879,-2.960032,0.000169,0.002148,3.063020
60.2500,0.826692,3.773212,-3.810907,0.000157,0.002243,3.062979,-1.212106,4.571528,-2.959855,0.000105,0.002181,3.063139
60.3000,0.811706,3.774397,-3.810939,0.000157,0.002242,3.062918,-1.232277,4.575961,-2.960095,0.000209,0.002298,3.063000
60.3500,0.796720,3.775582,-3.810970,0.000157,0.002241,3.062856,-1.262545,4.582614,-2.959922,0.000061,0.002121,3.062994
60.4020,0.781735,3.776769,-3.811002,0.000158,0.002240,3.062796,-1.282714,4.587050,-2.960160,0.000195,0.002042,3.062833
60.4500,0.766750,3.777957,-3.811034,0.000158,0.002239,3.062736,-1.312986,4.593713,-2.959985,0.000202,0.002408,3.062823
60.5000,0.751766,3.779145,-3.811066,0.000158,0.002237,3.062677,-1.333153,4.598153,-2.960225,0.000188,0.002223,3.062608
60.5500,0.736782,3.780334,-3.811098,0.000158,0.002236,3.062618,-1.363420,4.604819,-2.960053,0.000028,0.002229,3.062612
60.6000,0.721798,3.781524,-3.811130,0.000158,0.002235,3.062560,-1.383585,4.609262,-2.960291,0.000321,0.002139,3.062753
60.6500,0.706815,3.782715,-3.811161,0.000158,0.002234,3.062502,-1.413850,4.615937,-2.960118,0.000353,0.002359,3.062433
60.7000,0.691832,3.783907,-3.811193,0.000158,0.002233,3.062445,-1.434014,4.620385,-2.960359,0.000079,0.002107,3.062497
60.7500,0.676850,3.785099,-3.811225,0.000159,0.002232,3.062389,-1.464273,4.627069,-2.960186,0.000237,0.002225,3.062446
60.8000,0.661868,3.786292,-3.811257,0.000159,0.002231,3.062333,-1.484436,4.631523,-2.960426,0.000041,0.002271,3.062234
60.8500,0.646886,3.787486,-3.811289,0.000159,0.002230,3.062278,-1.514688,4.638207,-2.960252,0.000317,0.002301,3.062354
60.9000,0.631904,3.788681,-3.811321,0.000159,0.002228,3.062223,-1.534849,4.642669,-2.960494,0.000044,0.002216,3.062060
60.9500,0.616923,3.789877,-3.811352,0.000159,0.002227,3.062169,-1.565098,4.649351,-2.960318,0.000297,0.002378,3.062029
61.0000,0.601942,3.791073,-3.811384,0.000159,0.002226,3.062116,-1.585259,4.653814,-2.960560,0.000194,0.002324,3.062057
61.0500,0.586962,3.792271,-3.811416,0.000159,0.002225,3.062063,-1.615505,4.660505,-2.960389,0.000145,0.002207,3.062019
61.1000,0.571982,3.793468,-3.811448,0.000160,0.002224,3.062011,-1.635668,4.664971,-2.960627,0.000098,0.002155,3.061980
61.1500,0.557002,3.794667,-3.811480,0.000160,0.002223,3.061959,-1.665912,4.671668,-2.960454,0.000080,0.002342,3.061978
61.2000,0.542023,3.795867,-3.811512,0.000160,0.002222,3.061907,-1.686076,4.676133,-2.960694,0.000217,0.002312,3.061922
61.2500,0.527044,3.797067,-3.811543,0.000160,0.002221,3.061857,-1.716313,4.682840,-2.960520,0.000227,0.002409,3.061699
61.3000,0.512065,3.798268,-3.811575,0.000160,0.002220,3.061806,-1.736476,4.687312,-2.960760,0.000179,0.002255,3.061760
61.3500,0.497087,3.799469,-3.811607,0.000160,0.002219,3.061756,-1.766714,4.694029,-2.960588,0.000266,0.002219,3.061773
61.4000,0.482109,3.800671,-3.811639,0.000160,0.002218,3.061707,-1.786877,4.698503,-2.960827,0.000118,0.002275,3.061760
61.4500,0.467131,3.801874,-3.811671,0.000160,0.002217,3.061658,-1.817112,4.705219,-2.960650,0.000250,0.002128,3.061742
61.5000,0.452153,3.803078,-3.811703,0.000161,0.002217,3.061610,-1.837273,4.709693,-2.960887,0.000083,0.002053,3.061730
61.5500,0.437176,3.804282,-3.811735,0.000161,0.002216,3.061562,-1.867523,4.716414,-2.960713,-0.000014,0.002359,3.061705
61.6000,0.422199,3.805487,-3.811766,0.000161,0.002215,3.061515,-1.887683,4.720893,-2.960955,0.000210,0.002223,3.061621
61.6500,0.407223,3.806693,-3.811798,0.000161,0.002214,3.061468,-1.917923,4.727619,-2.960780,0.000180,0.002085,3.061443
61.7000,0.392247,3.807900,-3.811830,0.000161,0.002213,3.061422,-1.938082,4.732099,-2.961019,0.000214,0.002185,3.061599
61.7500,0.377271,3.809107,-3.811862,0.000161,0.002212,3.061376,-1.968325,4.738829,-2.960845,0.000331,0.002225,3.061417
61.8000,0.362295,3.810314,-3.811894,0.000161,0.002211,3.061331,-1.988482,4.743313,-2.961083,0.000166,0.002223,3.061361
61.8500,0.347320,3.811523,-3.811926,0.000161,0.002210,3.061286,-2.018730,4.750038,-2.960910,0.000069,0.002240,3.061376
61.9000,0.332345,3.812731,-3.811957,0.000161,0.002209,3.061242,-2.038886,4.754524,-2.961147,0.000272,0.002177,3.061221
61.9500,0.317370,3.813941,-3.811989,0.000162,0.002208,3.061198,-2.069134,4.761259,-2.960973,0.000046,0.002229,3.061267
62.0000,0.302396,3.815151,-3.812021,0.000162,0.002208,3.061154,-2.089286,4.765748,-2.961211,0.000022,0.002385,3.061234
62.0500,0.287421,3.816362,-3.812053,0.000162,0.002207,3.061111,-2.119532,4.772491,-2.961039,0.000272,0.002162,3.061114
62.1000,0.272447,3.817573,-3.812085,0.000162,0.002206,3.061068,-2.139683,4.776982,-2.961278,0.000171,0.002111,3.061147
62.1520,0.257474,3.818785,-3.812117,0.000162,0.002205,3.061026,-2.169930,4.783725,-2.961106,0.000292,0.002142,3.060936
62.2000,0.242500,3.819998,-3.812148,0.000162,0.002204,3.060984,-2.190079,4.788220,-2.961343,0.000254,0.002347,3.061092
62.2500,0.227527,3.821211,-3.812180,0.000162,0.002203,3.060943,-2.220320,4.794965,-2.961173,0.000334,0.002319,3.060982
62.3000,0.212555,3.822425,-3.812212,0.000162,0.002203,3.060902,-2.240471,4.799460,-2.961415,0.000145,0.002034,3.060913
62.3500,0.197582,3.823639,-3.812244,0.000162,0.002202,3.060862,-2.270704,4.806201,-2.961238,0.000085,0.002200,3.060835
62.4000,0.182610,3.824854,-3.812276,0.000163,0.002201,3.060822,-2.290852,4.810698,-2.961474,-0.000079,0.002153,3.061020
62.4500,0.167638,3.826070,-3.812308,0.000163,0.002200,3.060782,-2.321093,4.817457,-2.961300,0.000070,0.002236,3.060725
62.5000,0.152666,3.827286,-3.812340,0.000163,0.002200,3.060743,-2.341238,4.821952,-2.961539,0.000015,0.002252,3.060769
62.5500,0.137882,3.828487,-3.812356,0.000163,0.002310,3.060704,-2.371451,4.828721,-2.961365,0.000271,0.002168,3.060611
62.6020,0.124910,3.829536,-3.812330,0.000180,0.002729,3.060660,-2.391025,4.833170,-2.961582,0.000124,0.002682,3.060565
62.6500,0.115448,3.830293,-3.812230,0.000230,0.003428,3.060569,-2.417017,4.839581,-2.961145,0.000248,0.003350,3.060704
62.7000,0.109740,3.830737,-3.812060,0.000313,0.004269,3.060405,-2.431340,4.843593,-2.961265,0.000367,0.003993,3.060536
62.7500,0.107048,3.830931,-3.811837,0.000425,0.005146,3.060205,-2.448262,4.849225,-2.960207,0.000420,0.004933,3.060361
62.8000,0.106317,3.830968,-3.811591,0.000552,0.005976,3.060007,-2.457758,4.852844,-2.960235,0.000494,0.005821,3.059960
62.8500,0.106597,3.830932,-3.811360,0.000677,0.006674,3.059835,-2.468463,4.857863,-2.958679,0.000556,0.006429,3.060030
62.9000,0.107206,3.830879,-3.811168,0.000789,0.007210,3.059693,-2.476231,4.861356,-2.958687,0.000757,0.007126,3.059713
62.9500,0.107828,3.830824,-3.811024,0.000883,0.007583,3.059559,-2.483932,4.865945,-2.957007,0.000801,0.007393,3.059641
63.0000,0.108400,3.830777,-3.810923,0.000958,0.007814,3.059450,-2.491598,4.869431,-2.957038,0.001049,0.007650,3.059480
63.0500,0.108882,3.830741,-3.810858,0.001012,0.007933,3.059369,-2.497906,4.873696,-2.955506,0.000987,0.008006,3.059347
63.1000,0.109269,3.830718,-3.810821,0.001046,0.007966,3.059304,-2.505685,4.877197,-2.955545,0.001045,0.007769,3.059389
63.1500,0.109582,3.830703,-3.810803,0.001062,0.007931,3.059247,-2.511831,4.881321,-2.954276,0.001128,0.007906,3.059120
63.2000,0.109847,3.830693,-3.810799,0.001062,0.007844,3.059197,-2.519703,4.884835,-2.954308,0.001066,0.008075,3.059202
63.2520,0.110090,3.830685,-3.810805,0.001049,0.007716,3.059155,-2.526618,4.889036,-2.953340,0.001078,0.007933,3.059126
63.3000,0.110324,3.830676,-3.810816,0.001024,0.007558,3.059116,-2.534508,4.892548,-2.953362,0.001219,0.007546,3.059290
63.3500,0.110556,3.830669,-3.810830,0.000989,0.007377,3.059081,-2.542745,4.896988,-2.952695,0.000897,0.007241,3.059178
63.4000,0.110788,3.830661,-3.810846,0.000946,0.007180,3.059051,-2.550622,4.900500,-2.952709,0.000958,0.007162,3.059202
63.4500,0.111022,3.830652,-3.810863,0.000897,0.006970,3.059024,-2.560306,4.905256,-2.952321,0.000970,0.006966,3.059061
63.5000,0.111257,3.830642,-3.810879,0.000843,0.006752,3.059001,-2.568169,4.908764,-2.952340,0.000816,0.006765,3.059087
63.5500,0.111509,3.830628,-3.810898,0.000768,0.006516,3.059419,-2.579081,4.913809,-2.952197,0.000738,0.006670,3.059061
63.6000,0.111807,3.830644,-3.810948,0.000650,0.006255,3.062681,-2.586910,4.917313,-2.952243,0.000610,0.006318,3.060948
63.6500,0.112118,3.830702,-3.811013,0.000514,0.005985,3.068710,-2.598738,4.922611,-2.952385,0.000451,0.006094,3.067362
63.7000,0.112409,3.830759,-3.811072,0.000389,0.005697,3.076029,-2.606577,4.926096,-2.952481,0.000471,0.005784,3.072927
63.7500,0.112678,3.830806,-3.811121,0.000293,0.005420,3.084244,-2.619113,4.931383,-2.952828,0.000294,0.005474,3.082369
63.8000,0.112928,3.830848,-3.811160,0.000220,0.005163,3.093388,-2.627045,4.934733,-2.952937,0.000264,0.005236,3.089565
63.8500,0.113163,3.830887,-3.811193,0.000165,0.004925,3.103348,-2.639826,4.939786,-2.953408,0.000169,0.004987,3.101160
63.9000,0.113388,3.830920,-3.811220,0.000130,0.004704,3.113899,-2.647847,4.942979,-2.953543,0.000072,0.004643,3.109682
63.9500,0.113605,3.830946,-3.811242,0.000116,0.004500,3.124879,-2.660530,4.947689,-2.954075,0.000058,0.004702,3.122688
64.0000,0.113817,3.830966,-3.811260,0.000116,0.004311,3.136205,-2.668632,4.950693,-2.954241,-0.000024,0.004361,3.131728
64.0500,0.114025,3.830981,-3.811276,0.000126,0.004136,-3.135375,-2.681113,4.955028,-2.954788,0.000136,0.004421,-3.137799
64.1000,0.114229,3.830994,-3.811289,0.000142,0.003975,-3.123549,-2.689291,4.957838,-2.954988,0.000280,0.004128,-3.128231
64.1500,0.114430,3.831005,-3.811301,0.000162,0.003826,-3.111556,-2.701636,4.961848,-2.955512,0.000130,0.003888,-3.114016
64.2000,0.114629,3.831016,-3.811311,0.000185,0.003689,-3.099433,-2.709883,4.964461,-2.955742,0.000209,0.003754,-3.104286
64.2500,0.114824,3.831027,-3.811320,0.000208,0.003562,-3.087207,-2.722222,4.968174,-2.956221,0.000074,0.003460,-3.089666
64.3020,0.115017,3.831039,-3.811329,0.000231,0.003444,-3.074901,-2.730533,4.970583,-2.956479,0.000242,0.003553,-3.079982
64.3500,0.115208,3.831052,-3.811337,0.000253,0.003336,-3.062533,-2.743027,4.974035,-2.956899,0.000266,0.003470,-3.065036
64.4000,0.115395,3.831066,-3.811344,0.000274,0.003236,-3.050116,-2.751400,4.976241,-2.957183,0.000306,0.003263,-3.055070
64.4500,0.115580,3.831082,-3.811351,0.000294,0.003144,-3.037662,-2.764191,4.979450,-2.957533,0.000129,0.003175,-3.040367
64.5000,0.115763,3.831099,-3.811358,0.000312,0.003059,-3.025179,-2.772622,4.981448,-2.957837,0.000310,0.003126,-3.030199
64.5500,0.115944,3.831117,-3.811364,0.000329,0.002981,-3.012673,-2.785797,4.984411,-2.958113,0.000323,0.002930,-3.015216
64.6000,0.116122,3.831138,-3.811371,0.000345,0.002909,-3.000149,-2.794282,4.986196,-2.958431,0.000327,0.003086,-3.005153
64.6500,0.116298,3.831160,-3.811377,0.000360,0.002842,-2.987612,-2.807889,4.988900,-2.958635,0.000202,0.002984,-2.990274
64.7000,0.116471,3.831183,-3.811384,0.000374,0.002781,-2.975065,-2.816425,4.990472,-2.958965,0.000366,0.002849,-2.980252
64.7500,0.116643,3.831209,-3.811390,0.000386,0.002725,-2.962510,-2.830458,4.992898,-2.959096,0.000349,0.002713,-2.964988
64.8020,0.116812,3.831236,-3.811396,0.000398,0.002673,-2.949950,-2.839039,4.994256,-2.959433,0.000249,0.002705,-2.954950
64.8500,0.116979,3.831265,-3.811403,0.000409,0.002625,-2.937384,-2.853468,4.996380,-2.959497,0.000243,0.002757,-2.939933
64.9000,0.117143,3.831295,-3.811409,0.000420,0.002581,-2.924816,-2.862089,4.997524,-2.959838,0.000454,0.002532,-2.929854
64.9500,0.117306,3.831327,-3.811416,0.000430,0.002540,-2.912245,-2.876852,4.999315,-2.959839,0.000518,0.002460,-2.914736
65.0000,0.117466,3.831361,-3.811423,0.000439,0.002502,-2.899672,-2.885508,5.000242,-2.960180,0.000215,0.002371,-2.904713
65.0500,0.117625,3.831396,-3.811429,0.000448,0.002467,-2.887098,-2.900530,5.001700,-2.960126,0.000381,0.002296,-2.889689
65.1000,0.117781,3.831433,-3.811436,0.000457,0.002434,-2.874524,-2.909216,5.002410,-2.960466,0.000372,0.002432,-2.879501
65.1500,0.117935,3.831472,-3.811443,0.000466,0.002404,-2.861949,-2.924404,5.003495,-2.960363,0.000563,0.002294,-2.864317
65.2000,0.118087,3.831512,-3.811449,0.000474,0.002376,-2.849374,-2.933115,5.003984,-2.960699,0.000501,0.002387,-2.854380
65.2500,0.118236,3.831554,-3.811456,0.000482,0.002350,-2.836799,-2.948388,5.004691,-2.960555,0.000358,0.002238,-2.839343
65.3000,0.118384,3.831597,-3.811463,0.000490,0.002326,-2.824224,-2.957119,5.004963,-2.960883,0.000592,0.002184,-2.829283
65.3500,0.118530,3.831641,-3.811470,0.000498,0.002303,-2.811650,-2.972413,5.005282,-2.960705,0.000486,0.002282,-2.813965
65.4020,0.118673,3.831687,-3.811477,0.000506,0.002282,-2.799076,-2.981159,5.005331,-2.961027,0.000475,0.002303,-2.804075
65.4500,0.118814,3.831734,-3.811484,0.000514,0.002262,-2.786502,-2.996374,5.005281,-2.960820,0.000394,0.002258,-2.788959
65.5000,0.118954,3.831783,-3.811491,0.000522,0.002244,-2.773929,-3.005129,5.005109,-2.961133,0.000524,0.002530,-2.779004
65.5500,0.119091,3.831833,-3.811497,0.000530,0.002226,-2.761357,-3.020228,5.004670,-2.960903,0.000481,0.002198,-2.763924
65.6000,0.119226,3.831884,-3.811504,0.000538,0.002210,-2.748785,-3.028985,5.004277,-2.961209,0.000446,0.002038,-2.753821
65.6500,0.119359,3.831936,-3.811511,0.000546,0.002195,-2.736214,-3.043943,5.003481,-2.960959,0.000522,0.002330,-2.738617
65.7000,0.119490,3.831989,-3.811518,0.000554,0.002180,-2.723643,-3.052694,5.002862,-2.961257,0.000423,0.002224,-2.728633
65.7500,0.119619,3.832044,-3.811525,0.000562,0.002167,-2.711073,-3.067460,5.001713,-2.960996,0.000874,0.002301,-2.713486
65.8000,0.119746,3.832099,-3.811531,0.000570,0.002154,-2.698504,-3.076203,5.000873,-2.961287,0.000591,0.002074,-2.703451
65.8500,0.119870,3.832156,-3.811538,0.000578,0.002142,-2.685935,-3.090756,4.999335,-2.961016,0.000519,0.002024,-2.688476
65.9000,0.119993,3.832214,-3.811545,0.000586,0.002131,-2.673367,-3.099483,4.998274,-2.961297,0.000583,0.002173,-2.678394
65.9500,0.120114,3.832272,-3.811552,0.000594,0.002120,-2.660800,-3.113828,4.996374,-2.961022,0.000629,0.002119,-2.663427
66.0000,0.120233,3.832332,-3.811558,0.000602,0.002109,-2.648233,-3.122535,4.995092,-2.961294,0.000612,0.002289,-2.653414
66.0500,0.120350,3.832392,-3.811565,0.000610,0.002100,-2.635667,-3.136662,4.992836,-2.961016,0.000499,0.002100,-2.638146
66.1000,0.120465,3.832454,-3.811571,0.000617,0.002090,-2.623102,-3.145340,4.991333,-2.961280,0.000400,0.002028,-2.627933
66.1500,0.120577,3.832516,-3.811578,0.000625,0.002081,-2.610537,-3.159272,4.988745,-2.961001,0.000592,0.002085,-2.612959
66.2000,0.120688,3.832579,-3.811584,0.000633,0.002073,-2.597973,-3.167913,4.987023,-2.961259,0.000453,0.002170,-2.603008
66.2500,0.120797,3.832643,-3.811591,0.000641,0.002065,-2.585410,-3.181637,4.984102,-2.960982,0.000748,0.002107,-2.587853
66.3000,0.120904,3.832707,-3.811597,0.000649,0.002057,-2.572847,-3.190236,4.982162,-2.961234,0.000523,0.002250,-2.577893
66.3500,0.121009,3.832772,-3.811604,0.000657,0.002049,-2.560285,-3.203767,4.978895,-2.960962,0.000548,0.002005,-2.562676
66.4000,0.121112,3.832838,-3.811610,0.000664,0.002042,-2.547723,-3.212320,4.976736,-2.961207,0.000901,0.002115,-2.552693
66.4500,0.121214,3.832905,-3.811616,0.000672,0.002035,-2.535162,-3.225661,4.973124,-2.960940,0.000694,0.002229,-2.537788
66.5000,0.121313,3.832972,-3.811622,0.000680,0.002029,-2.522602,-3.234166,4.970752,-2.961181,0.000587,0.002026,-2.527671
66.5500,0.121410,3.833040,-3.811628,0.000687,0.002022,-2.510042,-3.247314,4.966812,-2.960917,0.000755,0.002038,-2.512459
66.6000,0.121506,3.833108,-3.811635,0.000695,0.002016,-2.497483,-3.255760,4.964229,-2.961152,0.000838,0.002029,-2.502318
66.6500,0.121600,3.833177,-3.811641,0.000703,0.002010,-2.484924,-3.268748,4.959947,-2.960894,0.000740,0.002056,-2.487520
66.7000,0.121691,3.833246,-3.811647,0.000710,0.002004,-2.472366,-3.277130,4.957151,-2.961126,0.000807,0.001889,-2.477433
66.7500,0.121781,3.833316,-3.811652,0.000717,0.001998,-2.459808,-3.289944,4.952577,-2.960874,0.000707,0.001882,-2.462468
66.8000,0.121870,3.833386,-3.811658,0.000725,0.001993,-2.447252,-3.298257,4.949572,-2.961101,0.000853,0.001884,-2.452335
66.8500,0.121956,3.833456,-3.811664,0.000732,0.001988,-2.434695,-3.310909,4.944685,-2.960854,0.000818,0.001897,-2.437353
66.9000,0.122041,3.833527,-3.811670,0.000739,0.001982,-2.422139,-3.319147,4.941475,-2.961079,0.000672,0.002089,-2.427141
66.9500,0.122123,3.833599,-3.811676,0.000747,0.001977,-2.409584,-3.331635,4.936284,-2.960838,0.000613,0.002082,-2.412165
67.0000,0.122205,3.833670,-3.811681,0.000754,0.001973,-2.397030,-3.339792,4.932867,-2.961061,0.000659,0.001991,-2.402047
67.0500,0.122284,3.833742,-3.811687,0.000761,0.001968,-2.384475,-3.352106,4.927389,-2.960825,0.000642,0.002030,-2.387015
67.1000,0.122361,3.833814,-3.811692,0.000768,0.001963,-2.371922,-3.360176,4.923767,-2.961046,0.000783,0.002012,-2.377008
67.1500,0.122437,3.833887,-3.811698,0.000775,0.001958,-2.359369,-3.372328,4.918000,-2.960815,0.000837,0.002019,-2.361861
67.2000,0.122511,3.833959,-3.811703,0.000782,0.001954,-2.346816,-3.380308,4.914176,-2.961035,0.000795,0.001900,-2.351809
67.2500,0.122584,3.834032,-3.811709,0.000788,0.001950,-2.334264,-3.392287,4.908108,-2.960808,0.000846,0.002052,-2.336801
67.3000,0.122655,3.834105,-3.811714,0.000795,0.001945,-2.321713,-3.400171,4.904083,-2.961026,0.000844,0.002047,-2.326657
67.3500,0.122724,3.834178,-3.811719,0.000802,0.001941,-2.309162,-3.411967,4.897734,-2.960804,0.000850,0.001894,-2.311761
67.4000,0.122791,3.834252,-3.811725,0.000809,0.001937,-2.296611,-3.419750,4.893512,-2.961021,0.000522,0.002060,-2.301609
67.4500,0.122857,3.834325,-3.811730,0.000815,0.001933,-2.284061,-3.431378,4.886886,-2.960801,0.000976,0.001961,-2.286635
67.5000,0.122921,3.834399,-3.811735,0.000822,0.001929,-2.271512,-3.439055,4.882469,-2.961018,0.000763,0.002020,-2.276507
67.5500,0.122984,3.834472,-3.811740,0.000828,0.001925,-2.258963,-3.450513,4.875549,-2.960802,0.000675,0.001906,-2.261509
67.6000,0.123045,3.834546,-3.811745,0.000835,0.001921,-2.246415,-3.458078,4.870941,-2.961017,0.000929,0.001885,-2.251559
67.6500,0.123104,3.834619,-3.811750,0.000841,0.001917,-2.233866,-3.469376,4.863732,-2.960804,0.001017,0.002026,-2.236364
67.7000,0.123162,3.834693,-3.811755,0.000848,0.001913,-2.221319,-3.476827,4.858938,-2.961020,0.000835,0.001842,-2.226362
67.7500,0.123219,3.834767,-3.811760,0.000854,0.001909,-2.208772,-3.487941,4.851448,-2.960809,0.001076,0.001969,-2.211347
67.8000,0.123274,3.834840,-3.811765,0.000860,0.001905,-2.196225,-3.495273,4.846468,-2.961025,0.000965,0.002002,-2.201285
67.8500,0.123327,3.834914,-3.811770,0.000866,0.001901,-2.183679,-3.506182,4.838703,-2.960815,0.000992,0.001804,-2.186196
67.9000,0.123379,3.834987,-3.811774,0.000872,0.001898,-2.171134,-3.513387,4.833540,-2.961031,0.000843,0.002014,-2.176150
67.9500,0.123429,3.835060,-3.811779,0.000879,0.001894,-2.158588,-3.524105,4.825510,-2.960823,0.000998,0.001985,-2.161089
68.0000,0.123478,3.835134,-3.811784,0.000885,0.001890,-2.146044,-3.531181,4.820166,-2.961039,0.000763,0.001863,-2.151057
68.0500,0.123526,3.835207,-3.811788,0.000891,0.001887,-2.133499,-3.541702,4.811884,-2.960831,0.001052,0.001831,-2.136039
68.1000,0.123572,3.835280,-3.811793,0.000897,0.001883,-2.120955,-3.548642,4.806364,-2.961046,0.000880,0.001762,-2.126000
68.1500,0.123617,3.835352,-3.811797,0.000902,0.001880,-2.108412,-3.558976,4.797825,-2.960841,0.000933,0.001781,-2.110923
68.2020,0.123660,3.835425,-3.811802,0.000908,0.001876,-2.095869,-3.565777,4.792130,-2.961057,0.000744,0.001915,-2.100782
68.2500,0.123702,3.835498,-3.811806,0.000914,0.001872,-2.083326,-3.575872,4.783357,-2.960851,0.001092,0.001819,-2.085737
68.3000,0.123742,3.835570,-3.811811,0.000920,0.001869,-2.070784,-3.582526,4.777491,-2.961066,0.000867,0.001674,-2.075848
68.3500,0.123782,3.835642,-3.811815,0.000926,0.001865,-2.058242,-3.592430,4.768485,-2.960861,0.001004,0.001904,-2.060821
68.4000,0.123819,3.835713,-3.811819,0.000931,0.001862,-2.045701,-3.598934,4.762455,-2.961077,0.000837,0.001916,-2.050906
68.4500,0.123856,3.835785,-3.811824,0.000937,0.001858,-2.033160,-3.608613,4.753199,-2.960873,0.000900,0.001990,-2.035727
68.5000,0.123891,3.835856,-3.811828,0.000943,0.001855,-2.020620,-3.614965,4.747007,-2.961089,0.000898,0.001763,-2.025718
68.5500,0.123925,3.835927,-3.811832,0.000948,0.001851,-2.008079,-3.624423,4.737507,-2.960885,0.001061,0.001960,-2.010671
68.6000,0.123958,3.835998,-3.811836,0.000954,0.001848,-1.995540,-3.630620,4.731160,-2.961102,0.000865,0.001794,-2.000391
68.6500,0.123990,3.836068,-3.811840,0.000959,0.001844,-1.983000,-3.639847,4.721400,-2.960898,0.001017,0.001821,-1.985468
68.7000,0.124020,3.836138,-3.811844,0.000965,0.001841,-1.970462,-3.645883,4.714899,-2.961114,0.000935,0.001702,-1.975617
68.7500,0.124049,3.836208,-3.811848,0.000970,0.001837,-1.957923,-3.654885,4.704911,-2.960911,0.000868,0.001562,-1.960506
68.8000,0.124077,3.836277,-3.811852,0.000976,0.001834,-1.945385,-3.660757,4.698262,-2.961126,0.000950,0.001855,-1.950478
68.8500,0.124104,3.836346,-3.811856,0.000981,0.001830,-1.932847,-3.669506,4.688074,-2.960923,0.001002,0.001960,-1.935274
68.9000,0.124130,3.836414,-3.811860,0.000986,0.001827,-1.920310,-3.675210,4.681277,-2.961141,0.000983,0.001669,-1.925331
68.9500,0.124154,3.836483,-3.811864,0.000992,0.001823,-1.907773,-3.683693,4.670853,-2.960936,0.001024,0.001852,-1.910198
69.0000,0.124178,3.836551,-3.811868,0.000997,0.001820,-1.895236,-3.689228,4.663917,-2.961154,0.000922,0.001798,-1.900218
69.0500,0.124200,3.836618,-3.811871,0.001002,0.001816,-1.882700,-3.697455,4.653268,-2.960949,0.000874,0.001744,-1.885137
69.1020,0.124221,3.836685,-3.811875,0.001007,0.001813,-1.870164,-3.702815,4.646197,-2.961165,0.001024,0.001972,-1.875219
69.1500,0.124241,3.836752,-3.811879,0.001012,0.001809,-1.857628,-3.710776,4.635354,-2.960963,0.001005,0.001684,-1.860152
69.2000,0.124260,3.836818,-3.811882,0.001018,0.001806,-1.845093,-3.715960,4.628150,-2.961179,0.000893,0.001786,-1.850154
69.2520,0.124278,3.836883,-3.811886,0.001023,0.001802,-1.832558,-3.723655,4.617115,-2.960975,0.001236,0.001743,-1.835016
69.3000,0.124295,3.836949,-3.811890,0.001028,0.001799,-1.820023,-3.728658,4.609783,-2.961193,0.001088,0.001612,-1.825021
69.3500,0.124311,3.837014,-3.811893,0.001033,0.001795,-1.807489,-3.736075,4.598535,-2.960988,0.001109,0.002000,-1.809982
69.4000,0.124326,3.837078,-3.811897,0.001038,0.001792,-1.794955,-3.740896,4.591080,-2.961206,0.001038,0.001905,-1.799892
69.4500,0.124340,3.837142,-3.811900,0.001043,0.001788,-1.782422,-3.748010,4.579651,-2.961001,0.001184,0.001790,-1.785117
69.5000,0.124353,3.837205,-3.811904,0.001048,0.001785,-1.769889,-3.752646,4.572078,-2.961218,0.001043,0.001783,-1.774838
69.5500,0.124365,3.837268,-3.811907,0.001053,0.001781,-1.757356,-3.759493,4.560466,-2.961015,0.001031,0.001766,-1.759835
69.6000,0.124376,3.837330,-3.811910,0.001058,0.001778,-1.744823,-3.763939,4.552777,-2.961231,0.001098,0.001718,-1.749794
69.6500,0.124387,3.837392,-3.811914,0.001062,0.001774,-1.732291,-3.770484,4.541007,-2.961026,0.000923,0.001727,-1.734903
69.7000,0.124396,3.837454,-3.811917,0.001067,0.001771,-1.719759,-3.774735,4.533208,-2.961242,0.001094,0.001729,-1.724643
69.7500,0.124405,3.837515,-3.811920,0.001072,0.001767,-1.707228,-3.780995,4.521301,-2.961037,0.001317,0.001987,-1.709596
69.8000,0.124412,3.837575,-3.811923,0.001077,0.001763,-1.694696,-3.785052,4.513398,-2.961255,0.001110,0.001695,-1.699639
69.8500,0.124430,3.837628,-3.811925,0.001095,0.001760,-1.682551,-3.791002,4.501342,-2.961049,0.000956,0.001808,-1.684804
69.9000,0.124517,3.837655,-3.811946,0.001168,0.001753,-1.673180,-3.794831,4.493325,-2.961272,0.001209,0.001695,-1.676552
69.9500,0.124653,3.837670,-3.811971,0.001256,0.001732,-1.666580,-3.800392,4.481113,-2.961084,0.001232,0.001661,-1.667738
70.0000,0.124773,3.837697,-3.811982,0.001308,0.001690,-1.661312,-3.804019,4.473020,-2.961315,0.001361,0.001765,-1.663167
70.0500,0.124869,3.837737,-3.811981,0.001320,0.001651,-1.657074,-3.809460,4.460723,-2.961107,0.001485,0.001635,-1.658002
70.1000,0.124947,3.837787,-3.811973,0.001311,0.001618,-1.653861,-3.813048,4.452617,-2.961318,0.001293,0.001678,-1.655111
70.1500,0.125011,3.837843,-3.811961,0.001290,0.001589,-1.651493,-3.818435,4.440248,-2.961112,0.001310,0.001395,-1.652167
70.2000,0.125062,3.837903,-3.811949,0.001258,0.001561,-1.649738,-3.822000,4.432132,-2.961316,0.001039,0.001532,-1.650130
70.2500,0.125102,3.837965,-3.811938,0.001217,0.001533,-1.648449,-3.827402,4.419733,-2.961126,0.001100,0.001677,-1.648683
70.3000,0.125132,3.838027,-3.811928,0.001171,0.001506,-1.647542,-3.830953,4.411609,-2.961333,0.001084,0.001430,-1.647736
70.3500,0.125156,3.838089,-3.811919,0.001121,0.001479,-1.646941,-3.836386,4.399218,-2.961167,0.001162,0.001463,-1.646994
70.4000,0.125174,3.838151,-3.811913,0.001069,0.001453,-1.646576,-3.839936,4.391090,-2.961379,0.001239,0.001493,-1.646662
70.4500,0.125188,3.838212,-3.811908,0.001016,0.001428,-1.646395,-3.845405,4.378693,-2.961233,0.001093,0.001447,-1.646340
70.5020,0.125198,3.838274,-3.811904,0.000963,0.001403,-1.646359,-3.848959,4.370563,-2.961450,0.000967,0.001449,-1.646469
70.5500,0.125205,3.838335,-3.811901,0.000911,0.001380,-1.646436,-3.854479,4.358213,-2.961320,0.000733,0.001380,-1.646309
70.6000,0.125210,3.838396,-3.811899,0.000859,0.001357,-1.646602,-3.858035,4.350082,-2.961540,0.000945,0.001333,-1.646562
70.6500,0.125213,3.838457,-3.811899,0.000809,0.001336,-1.646837,-3.863630,4.337805,-2.961422,0.000678,0.001225,-1.646763
70.7000,0.125215,3.838518,-3.811899,0.000761,0.001315,-1.647124,-3.867191,4.329676,-2.961648,0.000840,0.001413,-1.646866
70.7500,0.125216,3.838578,-3.811899,0.000715,0.001295,-1.647453,-3.872834,4.317467,-2.961535,0.000463,0.001148,-1.647489
70.8000,0.125216,3.838638,-3.811900,0.000671,0.001275,-1.647813,-3.876404,4.309339,-2.961764,0.000753,0.001354,-1.647676
70.8500,0.125199,3.838469,-3.811907,0.000628,0.001158,-1.648321,-3.882112,4.297170,-2.961653,0.000686,0.001201,-1.648216
70.9000,0.125033,3.836332,-3.811983,0.000575,0.000774,-1.649166,-3.885739,4.288372,-2.961910,0.000435,0.001038,-1.648822
70.9500,0.124574,3.830594,-3.812151,0.000493,0.000164,-1.650095,-3.891759,4.271735,-2.962085,0.000668,0.000289,-1.649964
71.0000,0.123801,3.821100,-3.812386,0.000390,-0.000553,-1.650988,-3.895844,4.257544,-2.962481,0.000365,-0.000433,-1.650661
71.0500,0.122780,3.808643,-3.812647,0.000280,-0.001261,-1.651853,-3.902261,4.232136,-2.963184,0.000356,-0.001050,-1.651652
71.1000,0.121600,3.794300,-3.812887,0.000165,-0.001896,-1.652666,-3.906772,4.213208,-2.963623,0.000342,-0.001667,-1.652345
71.1500,0.120341,3.779011,-3.813078,0.000056,-0.002422,-1.653399,-3.912778,4.183149,-2.964592,-0.000043,-0.002340,-1.653163
71.2020,0.119057,3.763441,-3.813214,-0.000040,-0.002824,-1.654059,-3.917455,4.162615,-2.964978,0.000042,-0.002612,-1.653969
71.2500,0.117774,3.747930,-3.813297,-0.000118,-0.003108,-1.654697,-3.922715,4.131841,-2.965930,-0.000039,-0.003157,-1.654394
71.3000,0.116494,3.732522,-3.813336,-0.000182,-0.003284,-1.655307,-3.927419,4.111342,-2.966265,-0.000044,-0.003124,-1.655054
71.3500,0.115216,3.717220,-3.813342,-0.000232,-0.003374,-1.655874,-3.932696,4.080910,-2.967057,-0.000180,-0.003329,-1.655784
71.4000,0.113937,3.702005,-3.813324,-0.000269,-0.003394,-1.656407,-3.937423,4.060589,-2.967377,-0.000162,-0.003540,-1.656075
71.4500,0.112654,3.686854,-3.813287,-0.000293,-0.003360,-1.656901,-3.943868,4.030282,-2.967946,-0.000316,-0.003560,-1.656599
71.5000,0.111364,3.671740,-3.813239,-0.000306,-0.003283,-1.657360,-3.948618,4.010071,-2.968265,-0.000261,-0.003173,-1.657229
71.5500,0.110065,3.656638,-3.813184,-0.000310,-0.003173,-1.657796,-3.957027,3.979625,-2.968593,-0.000298,-0.002995,-1.657619
71.6000,0.108756,3.641534,-3.813125,-0.000304,-0.003038,-1.658218,-3.961815,3.959435,-2.968928,-0.000277,-0.003249,-1.658050
71.6500,0.107440,3.626421,-3.813065,-0.000291,-0.002884,-1.658625,-3.972355,3.928707,-2.969014,-0.000344,-0.002887,-1.658605
71.7000,0.106115,3.611299,-3.813004,-0.000271,-0.002716,-1.659021,-3.977178,3.908497,-2.969357,-0.000477,-0.002861,-1.658843
71.7500,0.104782,3.596170,-3.812945,-0.000245,-0.002538,-1.659405,-3.989507,3.877534,-2.969224,-0.000394,-0.002453,-1.659252
71.8000,0.103443,3.581036,-3.812887,-0.000215,-0.002353,-1.659780,-3.994358,3.857296,-2.969569,-0.000305,-0.002552,-1.659664
71.8500,0.102097,3.565901,-3.812832,-0.000181,-0.002164,-1.660147,-4.007802,3.826222,-2.969242,-0.000126,-0.002198,-1.660155
71.9000,0.100745,3.550767,-3.812779,-0.000144,-0.001972,-1.660507,-4.012686,3.805966,-2.969583,-0.000160,-0.002165,-1.660249
71.9500,0.099387,3.535635,-3.812730,-0.000105,-0.001781,-1.660861,-4.026465,3.774884,-2.969096,0.000059,-0.001728,-1.660706
72.0000,0.098023,3.520506,-3.812683,-0.000066,-0.001592,-1.661209,-4.031382,3.754612,-2.969427,-0.000226,-0.001670,-1.660853
72.0500,0.096654,3.505380,-3.812640,-0.000026,-0.001405,-1.661552,-4.044721,3.723615,-2.968809,-0.000016,-0.001398,-1.661464
72.1000,0.095279,3.490256,-3.812600,0.000013,-0.001222,-1.661891,-4.049668,3.703332,-2.969125,-0.000069,-0.001395,-1.661669
72.1500,0.093899,3.475136,-3.812564,0.000052,-0.001043,-1.662225,-4.062058,3.672533,-2.968411,0.000242,-0.001023,-1.662176
72.2000,0.092514,3.460017,-3.812530,0.000089,-0.000870,-1.662555,-4.067037,3.652244,-2.968709,0.000080,-0.000925,-1.662293
72.2500,0.091123,3.444901,-3.812500,0.000125,-0.000702,-1.662881,-4.078077,3.621640,-2.967936,0.000025,-0.000760,-1.662802
72.3000,0.089727,3.429788,-3.812473,0.000159,-0.000541,-1.663204,-4.083080,3.601344,-2.968211,0.000105,-0.000514,-1.663136
72.3500,0.088327,3.414677,-3.812449,0.000191,-0.000385,-1.663523,-4.092611,3.571068,-2.967399,0.000225,-0.000370,-1.663519
72.4000,0.086921,3.399568,-3.812427,0.000221,-0.000235,-1.663839,-4.097643,3.550774,-2.967652,0.000205,-0.000308,-1.663663
72.4500,0.085511,3.384461,-3.812409,0.000249,-0.000091,-1.664152,-4.105743,3.520758,-2.966829,0.000393,-0.000131,-1.663941
72.5000,0.084096,3.369356,-3.812393,0.000274,0.000046,-1.664462,-4.110796,3.500468,-2.967061,0.000208,0.000061,-1.664161
72.5500,0.082676,3.354254,-3.812379,0.000297,0.000177,-1.664770,-4.117561,3.470724,-2.966247,0.000280,0.000224,-1.664787
72.6000,0.081252,3.339154,-3.812368,0.000317,0.000303,-1.665074,-4.122641,3.450443,-2.966458,0.000316,0.000214,-1.665087
72.6500,0.079823,3.324056,-3.812359,0.000336,0.000423,-1.665375,-4.128304,3.420914,-2.965663,0.000424,0.000212,-1.665262
72.7000,0.078389,3.308960,-3.812353,0.000352,0.000537,-1.665674,-4.133402,3.400647,-2.965851,0.000338,0.000432,-1.665582
72.7500,0.076952,3.293867,-3.812348,0.000366,0.000645,-1.665970,-4.138346,3.371317,-2.965092,0.000426,0.000645,-1.665918
72.8000,0.075510,3.278775,-3.812346,0.000378,0.000748,-1.666263,-4.143459,3.351067,-2.965265,0.000449,0.000768,-1.666172
72.8500,0.074063,3.263686,-3.812345,0.000388,0.000846,-1.666554,-4.147881,3.321899,-2.964551,0.000403,0.000798,-1.666304
72.9000,0.072612,3.248599,-3.812346,0.000396,0.000940,-1.666842,-4.153009,3.301667,-2.964710,0.000485,0.000890,-1.666753
72.9520,0.071157,3.233514,-3.812349,0.000402,0.001028,-1.667127,-4.157155,3.272578,-2.964048,0.000372,0.001123,-1.667035
73.0000,0.069698,3.218430,-3.812353,0.000407,0.001112,-1.667410,-4.162304,3.252365,-2.964196,0.000260,0.001120,-1.667370
73.0500,0.068235,3.203349,-3.812359,0.000410,0.001191,-1.667691,-4.166344,3.223383,-2.963584,0.000505,0.001059,-1.667710
73.1000,0.066767,3.188270,-3.812367,0.000412,0.001266,-1.667969,-4.171507,3.203189,-2.963720,0.000459,0.001279,-1.667723
73.1500,0.065296,3.173193,-3.812375,0.000412,0.001338,-1.668244,-4.175648,3.174242,-2.963162,0.000418,0.001102,-1.668227
73.2000,0.063820,3.158118,-3.812385,0.000412,0.001405,-1.668517,-4.180823,3.154069,-2.963291,0.000446,0.001303,-1.668333
73.2500,0.062341,3.143045,-3.812396,0.000410,0.001469,-1.668787,-4.185185,3.125123,-2.962790,0.000267,0.001425,-1.668735
73.3000,0.060857,3.127974,-3.812409,0.000408,0.001529,-1.669055,-4.190372,3.104967,-2.962918,0.000165,0.001249,-1.668838
73.3520,0.059370,3.112904,-3.812422,0.000405,0.001586,-1.669320,-4.194982,3.076025,-2.962465,0.000312,0.001519,-1.669349
73.4000,0.057878,3.097837,-3.812437,0.000400,0.001639,-1.669583,-4.200182,3.055889,-2.962591,0.000355,0.001512,-1.669538
73.4500,0.056383,3.082771,-3.812452,0.000396,0.001690,-1.669843,-4.205056,3.026929,-2.962187,0.000202,0.001797,-1.669891
73.5000,0.054884,3.067707,-3.812469,0.000391,0.001738,-1.670102,-4.210268,3.006809,-2.962315,0.000209,0.001631,-1.669931
73.5500,0.053381,3.052646,-3.812486,0.000385,0.001783,-1.670357,-4.215427,2.977832,-2.961956,0.000292,0.001828,-1.670452
73.6000,0.051875,3.037585,-3.812504,0.000379,0.001825,-1.670610,-4.220650,2.957726,-2.962086,0.000311,0.001777,-1.670525
73.6500,0.050364,3.022527,-3.812523,0.000372,0.001865,-1.670861,-4.226070,2.928707,-2.961769,0.000291,0.001704,-1.670825
73.7000,0.048850,3.007470,-3.812543,0.000366,0.001903,-1.671110,-4.231310,2.908616,-2.961901,0.000249,0.001911,-1.671189
73.7500,0.047332,2.992416,-3.812563,0.000359,0.001938,-1.671356,-4.236978,2.879529,-2.961616,0.000481,0.001877,-1.671316
73.8000,0.045811,2.977362,-3.812584,0.000352,0.001971,-1.671600,-4.242229,2.859451,-2.961757,0.000406,0.001695,-1.671422
73.8500,0.044286,2.962311,-3.812606,0.000344,0.002002,-1.671841,-4.248141,2.830297,-2.961501,0.000406,0.002115,-1.671857
73.9000,0.042758,2.947261,-3.812628,0.000337,0.002032,-1.672080,-4.253410,2.810234,-2.961646,0.000328,0.002107,-1.671951
73.9500,0.041226,2.932213,-3.812651,0.000330,0.002059,-1.672317,-4.259541,2.781039,-2.961419,0.000267,0.002260,-1.672259
74.0000,0.039690,2.917167,-3.812674,0.000323,0.002085,-1.672552,-4.264822,2.760986,-2.961571,0.000170,0.002034,-1.672454
74.0500,0.038151,2.902122,-3.812698,0.000315,0.002109,-1.672784,-4.271168,2.731760,-2.961365,0.000480,0.002212,-1.672685
74.1000,0.036609,2.887079,-3.812723,0.000308,0.002131,-1.673014,-4.276462,2.711719,-2.961525,0.000355,0.002275,-1.672825
74.1500,0.035063,2.872037,-3.812747,0.000301,0.002152,-1.673242,-4.282978,2.682455,-2.961340,0.000462,0.002182,-1.673128
74.2000,0.033514,2.856997,-3.812773,0.000294,0.002172,-1.673467,-4.288285,2.662423,-2.961504,0.000359,0.002139,-1.673371
74.2500,0.031961,2.841959,-3.812798,0.000287,0.002190,-1.673691,-4.294986,2.633133,-2.961333,0.000277,0.002257,-1.673688
74.3000,0.030405,2.826922,-3.812824,0.000281,0.002208,-1.673912,-4.300308,2.613112,-2.961505,0.000466,0.002137,-1.673820
74.3500,0.028846,2.811886,-3.812851,0.000274,0.002223,-1.674131,-4.307174,2.583786,-2.961347,0.000419,0.002355,-1.674088
74.4000,0.027284,2.796852,-3.812877,0.000268,0.002238,-1.674348,-4.312514,2.563774,-2.961526,0.000263,0.002357,-1.674123
74.4520,0.025719,2.781820,-3.812904,0.000262,0.002252,-1.674562,-4.319506,2.534406,-2.961379,0.000115,0.002508,-1.674469
74.5000,0.024150,2.766789,-3.812932,0.000256,0.002265,-1.674775,-4.324860,2.514400,-2.961566,0.000221,0.002261,-1.674753
74.5500,0.022578,2.751760,-3.812959,0.000250,0.002277,-1.674986,-4.331984,2.485021,-2.961423,0.000281,0.002149,-1.674851
74.6000,0.021003,2.736732,-3.812987,0.000244,0.002288,-1.675194,-4.337354,2.465023,-2.961614,0.000360,0.002182,-1.675048
74.6520,0.019425,2.721705,-3.813015,0.000239,0.002298,-1.675400,-4.344613,2.435611,-2.961474,0.000254,0.002164,-1.675387
74.7000,0.017844,2.706680,-3.813043,0.000234,0.002307,-1.675605,-4.349993,2.415622,-2.961669,0.000266,0.002292,-1.675646
74.7500,0.016260,2.691657,-3.813072,0.000229,0.002316,-1.675807,-4.357406,2.386188,-2.961534,0.000263,0.002342,-1.675813
74.8000,0.014673,2.676635,-3.813101,0.000224,0.002323,-1.676007,-4.362798,2.366206,-2.961737,0.000167,0.002235,-1.675987
74.8500,0.013083,2.661614,-3.813130,0.000219,0.002331,-1.676205,-4.370330,2.336764,-2.961601,0.000221,0.002263,-1.676131
74.9000,0.011490,2.646594,-3.813159,0.000215,0.002337,-1.676402,-4.375735,2.316792,-2.961808,0.000194,0.002408,-1.676272
74.9500,0.009894,2.631576,-3.813188,0.000210,0.002343,-1.676596,-4.383392,2.287337,-2.961673,0.000188,0.002261,-1.676473
75.0020,0.008296,2.616559,-3.813217,0.000206,0.002349,-1.676788,-4.388809,2.267372,-2.961885,0.000155,0.002441,-1.676785
75.0500,0.006694,2.601544,-3.813247,0.000203,0.002354,-1.676979,-4.396572,2.237870,-2.961752,0.000270,0.002251,-1.677025
75.1000,0.005090,2.586530,-3.813277,0.000199,0.002358,-1.677167,-4.402001,2.217912,-2.961967,0.000217,0.002616,-1.677078
75.1500,0.003483,2.571517,-3.813307,0.000195,0.002362,-1.677354,-4.409836,2.188371,-2.961835,-0.000056,0.002357,-1.677343
75.2000,0.001873,2.556505,-3.813337,0.000192,0.002366,-1.677539,-4.415279,2.168417,-2.962053,0.000179,0.002176,-1.677470
75.2500,0.000260,2.541495,-3.813367,0.000189,0.002369,-1.677722,-4.423222,2.138851,-2.961916,0.000170,0.002484,-1.677647
75.3000,-0.001355,2.526486,-3.813397,0.000186,0.002372,-1.677903,-4.428673,2.118902,-2.962142,0.000178,0.002422,-1.677794
75.3500,-0.002973,2.511478,-3.813427,0.000183,0.002374,-1.678082,-4.436662,2.089335,-2.962003,0.000195,0.002387,-1.678067
75.4000,-0.004593,2.496472,-3.813458,0.000180,0.002376,-1.678259,-4.442130,2.069389,-2.962229,0.000239,0.002458,-1.678365
75.4500,-0.006216,2.481466,-3.813488,0.000178,0.002378,-1.678435,-4.450182,2.039790,-2.962087,0.000140,0.002380,-1.678369
75.5000,-0.007842,2.466462,-3.813519,0.000175,0.002380,-1.678609,-4.455657,2.019846,-2.962316,0.000175,0.002332,-1.678599
75.5500,-0.009470,2.451459,-3.813549,0.000173,0.002381,-1.678781,-4.463771,1.990225,-2.962169,0.000168,0.002298,-1.678678
75.6000,-0.011101,2.436458,-3.813580,0.000171,0.002382,-1.678951,-4.469258,1.970287,-2.962400,0.000076,0.002438,-1.678949
75.6500,-0.012734,2.421457,-3.813611,0.000169,0.002383,-1.679119,-4.477427,1.940632,-2.962252,0.000140,0.002486,-1.679080
75.7000,-0.014370,2.406458,-3.813642,0.000167,0.002383,-1.679286,-4.482929,1.920696,-2.962486,0.000108,0.002351,-1.679179
75.7500,-0.016008,2.391460,-3.813673,0.000165,0.002383,-1.679452,-4.491136,1.891012,-2.962333,0.000291,0.002369,-1.679506
75.8000,-0.017648,2.376462,-3.813704,0.000163,0.002384,-1.679615,-4.496651,1.871081,-2.962566,0.000168,0.002455,-1.679455
75.8520,-0.019291,2.361467,-3.813735,0.000162,0.002383,-1.679777,-4.504910,1.841362,-2.962407,0.000036,0.002317,-1.679628
75.9000,-0.020936,2.346472,-3.813766,0.000160,0.002383,-1.679937,-4.510431,1.821438,-2.962642,0.000186,0.002373,-1.679954
75.9500,-0.022584,2.331478,-3.813797,0.000159,0.002383,-1.680096,-4.518775,1.791693,-2.962486,0.000160,0.002335,-1.680073
76.0000,-0.024234,2.316485,-3.813828,0.000158,0.002382,-1.680253,-4.524307,1.771774,-2.962722,0.000226,0.002472,-1.680240
76.0500,-0.025886,2.301494,-3.813860,0.000156,0.002382,-1.680408,-4.532679,1.742008,-2.962566,0.000140,0.002274,-1.680204
76.1000,-0.027541,2.286503,-3.813891,0.000155,0.002381,-1.680562,-4.538220,1.722091,-2.962802,0.000170,0.002397,-1.680378
76.1500,-0.029198,2.271514,-3.813922,0.000154,0.002380,-1.680714,-4.546620,1.692302,-2.962640,0.000367,0.002313,-1.680660
76.2000,-0.030856,2.256526,-3.813953,0.000153,0.002379,-1.680864,-4.552177,1.672392,-2.962879,0.000066,0.002308,-1.680834
76.2500,-0.032518,2.241538,-3.813985,0.000152,0.002378,-1.681014,-4.560600,1.642557,-2.962716,0.000055,0.002402,-1.680965
76.3000,-0.034181,2.226552,-3.814016,0.000151,0.002377,-1.681161,-4.566166,1.622651,-2.962956,0.000170,0.002464,-1.681119
76.3500,-0.035846,2.211567,-3.814048,0.000151,0.002375,-1.681307,-4.574598,1.592813,-2.962793,0.000271,0.002391,-1.681231
76.4000,-0.037514,2.196583,-3.814079,0.000150,0.002374,-1.681452,-4.580176,1.572909,-2.963032,0.000207,0.002517,-1.681546
76.4500,-0.039184,2.181599,-3.814111,0.000149,0.002373,-1.681595,-4.588617,1.543073,-2.962868,0.000097,0.002325,-1.681547
76.5000,-0.040855,2.166617,-3.814142,0.000149,0.002371,-1.681737,-4.594204,1.523171,-2.963108,0.000393,0.002449,-1.681718
76.5500,-0.042529,2.151636,-3.814174,0.000148,0.002370,-1.681877,-4.602651,1.493318,-2.962939,0.000150,0.002426,-1.681909
76.6000,-0.044205,2.136656,-3.814205,0.000148,0.002368,-1.682015,-4.608249,1.473421,-2.963183,0.000329,0.002373,-1.681977
76.6500,-0.045883,2.121676,-3.814237,0.000147,0.002367,-1.682153,-4.616712,1.443568,-2.963015,0.000215,0.002464,-1.682214
76.7000,-0.047563,2.106698,-3.814268,0.000147,0.002365,-1.682289,-4.622322,1.423671,-2.963256,0.000034,0.002484,-1.682064
76.7500,-0.049244,2.091721,-3.814300,0.000146,0.002363,-1.682423,-4.630793,1.393836,-2.963087,0.000101,0.002656,-1.682388
76.8020,-0.050928,2.076744,-3.814332,0.000146,0.002361,-1.682556,-4.636410,1.373939,-2.963330,0.000128,0.002419,-1.682437
76.8500,-0.052614,2.061769,-3.814363,0.000146,0.002360,-1.682688,-4.644898,1.344132,-2.963156,0.000139,0.002291,-1.682553
76.9000,-0.054301,2.046794,-3.814395,0.000145,0.002358,-1.682819,-4.650520,1.324240,-2.963395,0.000212,0.002323,-1.682610
76.9500,-0.055991,2.031820,-3.814426,0.000145,0.002356,-1.682948,-4.659060,1.294405,-2.963223,-0.000021,0.002490,-1.683115
77.0000,-0.057682,2.016847,-3.814458,0.000145,0.002354,-1.683076,-4.664692,1.274518,-2.963464,0.000139,0.002451,-1.682957
77.0500,-0.059375,2.001875,-3.814490,0.000145,0.002352,-1.683202,-4.673249,1.244686,-2.963293,0.000226,0.002346,-1.683208
77.1020,-0.061070,1.986904,-3.814521,0.000145,0.002350,-1.683327,-4.678892,1.224802,-2.963533,0.000179,0.002331,-1.683354
77.1520,-0.062767,1.971934,-3.814553,0.000144,0.002348,-1.683451,-4.687457,1.194934,-2.963361,0.000004,0.002262,-1.683378
77.2000,-0.064466,1.956965,-3.814585,0.000144,0.002347,-1.683574,-4.693104,1.175055,-2.963600,0.000074,0.002195,-1.683500
77.2500,-0.066166,1.941996,-3.814616,0.000144,0.002345,-1.683695,-4.701716,1.145198,-2.963428,0.000153,0.002390,-1.683656
77.3000,-0.067868,1.927029,-3.814648,0.000144,0.002343,-1.683815,-4.707373,1.125324,-2.963667,0.000283,0.002299,-1.683780
77.3500,-0.069572,1.912062,-3.814680,0.000144,0.002341,-1.683934,-4.715982,1.095436,-2.963496,-0.000017,0.002239,-1.684013
77.4000,-0.071278,1.897096,-3.814712,0.000144,0.002339,-1.684052,-4.721646,1.075567,-2.963736,0.000054,0.002184,-1.683976
77.4500,-0.072985,1.882131,-3.814743,0.000144,0.002337,-1.684168,-4.730278,1.045698,-2.963562,0.000122,0.002356,-1.684054
77.5000,-0.074694,1.867167,-3.814775,0.000144,0.002335,-1.684284,-4.735946,1.025835,-2.963802,0.000201,0.002511,-1.684324
77.5500,-0.076404,1.852203,-3.814807,0.000144,0.002333,-1.684398,-4.744586,0.995984,-2.963633,0.000192,0.002328,-1.684430
77.6000,-0.078117,1.837240,-3.814838,0.000144,0.002331,-1.684511,-4.750263,0.976123,-2.963874,0.000138,0.002491,-1.684483
77.6500,-0.079831,1.822278,-3.814870,0.000144,0.002329,-1.684622,-4.758901,0.946299,-2.963703,0.000084,0.002258,-1.684611
77.7000,-0.081546,1.807317,-3.814902,0.000144,0.002327,-1.684733,-4.764585,0.926441,-2.963943,0.000025,0.002314,-1.684677
77.7500,-0.083263,1.792357,-3.814934,0.000144,0.002325,-1.684842,-4.773243,0.896622,-2.963770,-0.000010,0.002306,-1.685048
77.8000,-0.084982,1.777397,-3.814965,0.000144,0.002323,-1.684951,-4.778935,0.876769,-2.964012,0.000159,0.002345,-1.684944
77.8500,-0.086702,1.762438,-3.814997,0.000145,0.002321,-1.685058,-4.787577,0.846939,-2.963842,0.000105,0.002414,-1.685095
77.9000,-0.088423,1.747480,-3.815029,0.000145,0.002320,-1.685164,-4.793276,0.827087,-2.964082,0.000011,0.002245,-1.685230
77.9500,-0.090147,1.732523,-3.815061,0.000145,0.002318,-1.685269,-4.801916,0.797261,-2.963911,0.000096,0.002386,-1.685334
78.0000,-0.091871,1.717566,-3.815092,0.000145,0.002316,-1.685373,-4.807620,0.777412,-2.964153,0.000207,0.002343,-1.685353
78.0500,-0.093598,1.702611,-3.815124,0.000145,0.002314,-1.685476,-4.816234,0.747599,-2.963984,0.000222,0.002057,-1.685402
78.1000,-0.095325,1.687655,-3.815156,0.000145,0.002312,-1.685578,-4.821942,0.727751,-2.964223,0.000292,0.002422,-1.685440
78.1500,-0.097054,1.672701,-3.815188,0.000145,0.002310,-1.685679,-4.830546,0.697961,-2.964053,0.000180,0.002400,-1.685588
78.2000,-0.098785,1.657747,-3.815220,0.000145,0.002308,-1.685779,-4.836263,0.678114,-2.964293,0.000010,0.002155,-1.685799
78.2500,-0.100517,1.642794,-3.815251,0.000146,0.002306,-1.685877,-4.844879,0.648312,-2.964117,0.000014,0.002286,-1.685942
78.3000,-0.102250,1.627842,-3.815283,0.000146,0.002305,-1.685975,-4.850602,0.628471,-2.964358,0.000187,0.002308,-1.686038
78.3500,-0.103985,1.612890,-3.815315,0.000146,0.002303,-1.686072,-4.859227,0.598662,-2.964187,-0.000008,0.002096,-1.685992
78.4000,-0.105721,1.597939,-3.815347,0.000146,0.002301,-1.686168,-4.864958,0.578825,-2.964424,0.000153,0.002160,-1.685942
78.4500,-0.107459,1.582989,-3.815378,0.000146,0.002299,-1.686262,-4.873603,0.548992,-2.964254,0.000154,0.002263,-1.686166
78.5000,-0.109198,1.568039,-3.815410,0.000146,0.002298,-1.686356,-4.879338,0.529157,-2.964495,0.000003,0.002304,-1.686285
78.5500,-0.110938,1.553090,-3.815442,0.000146,0.002296,-1.686449,-4.887986,0.499380,-2.964323,0.000205,0.002214,-1.686443
78.6000,-0.112680,1.538142,-3.815474,0.000147,0.002294,-1.686541,-4.893726,0.479547,-2.964562,0.000225,0.002556,-1.686563
78.6500,-0.114422,1.523194,-3.815505,0.000147,0.002292,-1.686632,-4.902353,0.449777,-2.964392,0.000180,0.002294,-1.686634
78.7000,-0.116167,1.508247,-3.815537,0.000147,0.002291,-1.686722,-4.908099,0.429945,-2.964632,0.000200,0.002128,-1.686909
78.7520,-0.117912,1.493301,-3.815569,0.000147,0.002289,-1.686811,-4.916759,0.400169,-2.964457,-0.000043,0.002362,-1.686838
78.8000,-0.119659,1.478355,-3.815601,0.000147,0.002287,-1.686899,-4.922511,0.380342,-2.964697,0.000226,0.002329,-1.686799
78.8500,-0.121407,1.463410,-3.815633,0.000147,0.002286,-1.686986,-4.931179,0.350578,-2.964527,0.000023,0.002379,-1.686965
78.9000,-0.123156,1.448465,-3.815664,0.000148,0.002284,-1.687073,-4.936935,0.330751,-2.964768,0.000154,0.002137,-1.686876
78.9500,-0.124906,1.433521,-3.815696,0.000148,0.002282,-1.687158,-4.945604,0.300999,-2.964593,0.000031,0.002316,-1.687241
79.0000,-0.126658,1.418578,-3.815728,0.000148,0.002281,-1.687243,-4.951367,0.281177,-2.964832,0.000125,0.002201,-1.687392
79.0500,-0.128411,1.403635,-3.815760,0.000148,0.002279,-1.687326,-4.960055,0.251395,-2.964661,0.000073,0.002439,-1.687316
79.1000,-0.130165,1.388693,-3.815791,0.000148,0.002277,-1.687409,-4.965824,0.231575,-2.964903,0.000110,0.002373,-1.687455
79.1500,-0.131920,1.373751,-3.815823,0.000148,0.002276,-1.687491,-4.974490,0.201830,-2.964728,0.000059,0.002347,-1.687628
79.2000,-0.133676,1.358811,-3.815855,0.000149,0.002274,-1.687572,-4.980261,0.182012,-2.964967,-0.000111,0.002187,-1.687621
79.2500,-0.135434,1.343870,-3.815887,0.000149,0.002273,-1.687653,-4.988983,0.152261,-2.964795,0.000236,0.002224,-1.687606
79.3000,-0.137192,1.328930,-3.815919,0.000149,0.002271,-1.687732,-4.994758,0.132446,-2.965035,0.000125,0.002197,-1.687688
79.3500,-0.138952,1.313991,-3.815950,0.000149,0.002270,-1.687811,-5.003457,0.102670,-2.964863,0.000125,0.002183,-1.687859
79.4000,-0.140713,1.299052,-3.815982,0.000149,0.002268,-1.687889,-5.009240,0.082859,-2.965101,0.000017,0.002189,-1.687925
79.4500,-0.142475,1.284114,-3.816014,0.000150,0.002267,-1.687966,-5.017964,0.053095,-2.964929,0.000251,0.002152,-1.688003
79.5000,-0.144238,1.269176,-3.816046,0.000150,0.002265,-1.688042,-5.023754,0.033289,-2.965168,0.000314,0.002246,-1.687870
79.5500,-0.146002,1.254239,-3.816077,0.000150,0.002264,-1.688118,-5.032429,0.003462,-2.964996,0.000041,0.002373,-1.688160
79.6000,-0.147767,1.239303,-3.816109,0.000150,0.002262,-1.688193,-5.038226,-0.016342,-2.965237,0.000224,0.002236,-1.688085
79.6500,-0.149534,1.224367,-3.816141,0.000150,0.002261,-1.688267,-5.046914,-0.046144,-2.965066,0.000153,0.002236,-1.688291
79.7000,-0.151301,1.209431,-3.816173,0.000150,0.002259,-1.688340,-5.052717,-0.065945,-2.965304,0.000067,0.002253,-1.688324
79.7500,-0.153069,1.194496,-3.816205,0.000151,0.002258,-1.688412,-5.061424,-0.095733,-2.965133,0.000030,0.002341,-1.688284
79.8000,-0.154839,1.179562,-3.816236,0.000151,0.002257,-1.688484,-5.067225,-0.115535,-2.965374,0.000186,0.002318,-1.688668
79.8500,-0.156609,1.164628,-3.816268,0.000151,0.002255,-1.688555,-5.075923,-0.145285,-2.965205,0.000116,0.002298,-1.688437
79.9000,-0.158380,1.149694,-3.816300,0.000151,0.002254,-1.688625,-5.081733,-0.165087,-2.965443,0.000070,0.002499,-1.688555
79.9500,-0.160153,1.134762,-3.816332,0.000151,0.002252,-1.688695,-5.090410,-0.194810,-2.965272,0.000176,0.002290,-1.688618
80.0000,-0.161926,1.119829,-3.816363,0.000151,0.002251,-1.688763,-5.096226,-0.214611,-2.965512,0.000010,0.002474,-1.688869
80.0500,-0.163700,1.104897,-3.816395,0.000152,0.002250,-1.688832,-5.104916,-0.244302,-2.965338,0.000219,0.002294,-1.688602
80.1000,-0.165476,1.089966,-3.816427,0.000152,0.002248,-1.688899,-5.110733,-0.264102,-2.965578,0.000097,0.002258,-1.688779
80.1500,-0.167252,1.075035,-3.816459,0.000152,0.002247,-1.688966,-5.119449,-0.293813,-2.965401,0.000134,0.002276,-1.689112
80.2000,-0.169029,1.060104,-3.816491,0.000152,0.002246,-1.689032,-5.125274,-0.313607,-2.965641,0.000107,0.002158,-1.688942
80.2500,-0.170807,1.045174,-3.816522,0.000152,0.002245,-1.689097,-5.134038,-0.343330,-2.965464,-0.000026,0.002316,-1.688975
80.3000,-0.172586,1.030244,-3.816554,0.000152,0.002243,-1.689162,-5.139860,-0.363121,-2.965703,0.000171,0.002292,-1.689162
80.3500,-0.174366,1.015315,-3.816586,0.000152,0.002242,-1.689226,-5.148677,-0.392835,-2.965533,0.000119,0.002052,-1.689041
80.4000,-0.176147,1.000387,-3.816618,0.000153,0.002241,-1.689289,-5.154501,-0.412624,-2.965772,0.000372,0.002308,-1.689424
80.4500,-0.177928,0.985458,-3.816649,0.000153,0.002240,-1.689352,-5.163292,-0.442337,-2.965604,0.000143,0.002122,-1.689393
80.5000,-0.179711,0.970531,-3.816681,0.000153,0.002238,-1.689414,-0.156392,0.927623,-3.780949,0.000332,0.002429,-1.689194
80.5500,-0.181494,0.955603,-3.816713,0.000153,0.002237,-1.689475,-0.154095,0.909453,-3.819805,0.000330,0.002061,-1.689557
80.6020,-0.183279,0.940676,-3.816745,0.000153,0.002236,-1.689536,-0.152568,0.897332,-3.859700,0.000002,0.002424,-1.689601
80.6500,-0.185064,0.925750,-3.816777,0.000153,0.002235,-1.689596,-0.150212,0.879320,-3.880333,0.000266,0.002439,-1.689479
80.7000,-0.186850,0.910824,-3.816808,0.000154,0.002234,-1.689656,-0.148669,0.867240,-3.916841,0.000269,0.002098,-1.689469
80.7500,-0.188637,0.895898,-3.816840,0.000154,0.002233,-1.689715,-0.146183,0.849478,-3.906522,-0.000020,0.002291,-1.689694
80.8000,-0.190424,0.880973,-3.816872,0.000154,0.002231,-1.689773,-0.144620,0.837454,-3.937307,-0.000095,0.002256,-1.689815
80.8500,-0.192213,0.866048,-3.816904,0.000154,0.002230,-1.689831,-0.142221,0.820190,-3.886578,0.000247,0.002245,-1.689750
80.9000,-0.194002,0.851124,-3.816935,0.000154,0.002229,-1.689888,-0.140650,0.808257,-3.909444,0.000252,0.002359,-1.689838
80.9500,-0.195792,0.836200,-3.816967,0.000154,0.002228,-1.689945,-0.138128,0.791464,-3.817590,0.000296,0.002137,-1.689932
81.0000,-0.197583,0.821276,-3.816999,0.000154,0.002227,-1.690001,-0.136546,0.779634,-3.831073,0.000205,0.002121,-1.689903
81.0500,-0.199374,0.806353,-3.817031,0.000155,0.002226,-1.690056,-0.133900,0.762932,-3.708067,0.000193,0.002438,-1.690033
81.1000,-0.201167,0.791431,-3.817063,0.000155,0.002225,-1.690111,-0.132298,0.751186,-3.711845,0.000278,0.002343,-1.690100
81.1500,-0.202960,0.776508,-3.817094,0.000155,0.002224,-1.690165,-0.129645,0.734798,-3.574510,0.000143,0.002215,-1.690224
81.2000,-0.204754,0.761586,-3.817126,0.000155,0.002223,-1.690219,-0.128028,0.723138,-3.569380,0.000036,0.002285,-1.690200
81.2500,-0.206549,0.746665,-3.817158,0.000155,0.002222,-1.690272,-0.125481,0.706736,-3.434645,0.000208,0.002236,-1.690168
81.3000,-0.208344,0.731743,-3.817190,0.000155,0.002221,-1.690325,-0.123860,0.695144,-3.422158,0.000184,0.002202,-1.690312
81.3500,-0.210140,0.716823,-3.817221,0.000155,0.002220,-1.690377,-0.121208,0.678615,-3.302130,0.000293,0.002209,-1.690431
81.4000,-0.211937,0.701902,-3.817253,0.000155,0.002219,-1.690428,-0.119579,0.667076,-3.284122,-0.000083,0.002242,-1.690323
81.4500,-0.213735,0.686982,-3.817285,0.000156,0.002218,-1.690479,-0.117019,0.650281,-3.184886,0.000171,0.002165,-1.690512
81.5000,-0.215533,0.672062,-3.817317,0.000156,0.002217,-1.690530,-0.115382,0.638771,-3.163135,0.000100,0.002144,-1.690473
81.5500,-0.217332,0.657143,-3.817349,0.000156,0.002216,-1.690580,-0.112907,0.621795,-3.086049,0.000158,0.002352,-1.690562
81.6000,-0.219132,0.642224,-3.817380,0.000156,0.002215,-1.690629,-0.111271,0.610299,-3.062087,0.000286,0.002034,-1.690637
81.6500,-0.220932,0.627305,-3.817412,0.000156,0.002214,-1.690678,-0.108798,0.593196,-3.005721,0.000157,0.002216,-1.690651
81.7060,-0.222733,0.612387,-3.817444,0.000156,0.002213,-1.690727,-0.107165,0.581711,-2.980783,0.000275,0.002343,-1.690599
81.7500,-0.224535,0.597469,-3.817476,0.000156,0.002212,-1.690775,-0.104715,0.564487,-2.942472,0.000334,0.002218,-1.690808
81.8000,-0.226337,0.582551,-3.817507,0.000156,0.002211,-1.690822,-0.103088,0.553005,-2.917514,0.000158,0.002173,-1.690809
81.8520,-0.228140,0.567634,-3.817539,0.000157,0.002210,-1.690869,-0.100674,0.535712,-2.894272,0.000047,0.002241,-1.690785
81.9000,-0.229944,0.552717,-3.817571,0.000157,0.002209,-1.690915,-0.099044,0.524225,-2.870017,0.000051,0.002105,-1.690877
81.9500,-0.231748,0.537801,-3.817603,0.000157,0.002208,-1.690961,-0.096606,0.506884,-2.859007,0.000142,0.002328,-1.690831
82.0000,-0.233553,0.522884,-3.817635,0.000157,0.002207,-1.691007,-0.094979,0.495388,-2.835981,0.000189,0.002309,-1.690904
82.0500,-0.235359,0.507969,-3.817666,0.000157,0.002206,-1.691052,-0.092551,0.477949,-2.834679,0.000044,0.002142,-1.691207
82.1000,-0.237165,0.493053,-3.817698,0.000157,0.002205,-1.691097,-0.090930,0.466446,-2.813249,-0.000053,0.002083,-1.691238
82.1500,-0.238972,0.478138,-3.817730,0.000157,0.002205,-1.691141,-0.088484,0.449071,-2.819476,0.000230,0.002137,-1.691160
82.2000,-0.240779,0.463223,-3.817762,0.000157,0.002204,-1.691185,-0.086865,0.437558,-2.799889,0.000136,0.002275,-1.691259
82.2500,-0.242588,0.448308,-3.817794,0.000157,0.002203,-1.691228,-0.084419,0.420152,-2.811788,0.000178,0.002240,-1.691208
82.3000,-0.244396,0.433394,-3.817825,0.000158,0.002202,-1.691271,-0.082803,0.408626,-2.794184,0.000253,0.002300,-1.691202
82.3500,-0.246205,0.418480,-3.817857,0.000158,0.002201,-1.691313,-0.080397,0.391099,-2.810170,0.000077,0.002205,-1.691417
82.4000,-0.248015,0.403566,-3.817889,0.000158,0.002200,-1.691355,-0.078786,0.379561,-2.794607,0.000045,0.002248,-1.691379
82.4500,-0.249826,0.388652,-3.817921,0.000158,0.002200,-1.691396,-0.076331,0.362057,-2.813346,0.000336,0.002085,-1.691191
82.5000,-0.251637,0.373739,-3.817952,0.000158,0.002199,-1.691437,-0.074721,0.350506,-2.799816,0.000183,0.002278,-1.691559
82.5500,-0.253448,0.358826,-3.817984,0.000158,0.002198,-1.691478,-0.072311,0.332973,-2.820184,0.000347,0.002145,-1.691580
82.6000,-0.255260,0.343914,-3.818016,0.000158,0.002197,-1.691518,-0.070707,0.321406,-2.808624,0.000093,0.002097,-1.691475
82.6500,-0.257073,0.329002,-3.818048,0.000158,0.002196,-1.691558,-0.068334,0.303870,-2.829690,0.000083,0.002203,-1.691637
82.7000,-0.258886,0.314090,-3.818080,0.000158,0.002196,-1.691598,-0.066734,0.292293,-2.819998,0.000077,0.002103,-1.691651
82.7500,-0.260700,0.299178,-3.818111,0.000158,0.002195,-1.691637,-0.064343,0.274842,-2.841014,-0.000037,0.002210,-1.691616
82.8000,-0.262514,0.284267,-3.818143,0.000159,0.002194,-1.691675,-0.062745,0.263256,-2.833056,0.000120,0.002287,-1.691675
82.8500,-0.264301,0.269535,-3.818160,0.000158,0.002306,-1.691696,-0.060348,0.245816,-2.853428,0.000213,0.002355,-1.691657
82.9000,-0.265848,0.256584,-3.818134,0.000173,0.002730,-1.691670,-0.058675,0.234772,-2.847028,0.000305,0.002480,-1.691659
82.9500,-0.266946,0.247126,-3.818034,0.000222,0.003441,-1.691687,-0.055885,0.221293,-2.866042,0.000159,0.003367,-1.691681
83.0000,-0.267576,0.241417,-3.817863,0.000304,0.004299,-1.691801,-0.053546,0.215450,-2.860947,0.000414,0.003979,-1.691619
83.0500,-0.267847,0.238725,-3.817638,0.000416,0.005192,-1.691978,-0.049852,0.209244,-2.877911,0.000365,0.005042,-1.692081
83.1000,-0.267896,0.238000,-3.817389,0.000539,0.006035,-1.692167,-0.046943,0.208184,-2.873950,0.000572,0.005783,-1.692194
83.1500,-0.267844,0.238288,-3.817155,0.000659,0.006743,-1.692334,-0.043222,0.204315,-2.888785,0.000515,0.006491,-1.692220
83.2000,-0.267769,0.238905,-3.816961,0.000767,0.007286,-1.692477,-0.040153,0.204903,-2.885869,0.000821,0.007159,-1.692403
83.2500,-0.267692,0.239534,-3.816815,0.000858,0.007665,-1.692610,-0.037053,0.199280,-2.898859,0.000828,0.007534,-1.692503
83.3020,-0.267624,0.240113,-3.816713,0.000930,0.007898,-1.692719,-0.034007,0.199837,-2.896876,0.000840,0.007730,-1.692785
83.3500,-0.267573,0.240599,-3.816648,0.000983,0.008019,-1.692801,-0.031470,0.192230,-2.908266,0.001025,0.007919,-1.692832
83.4000,-0.267536,0.240988,-3.816610,0.001016,0.008052,-1.692867,-0.028480,0.192519,-2.907056,0.000867,0.007999,-1.692972
83.4500,-0.267511,0.241301,-3.816592,0.001032,0.008017,-1.692925,-0.026247,0.183945,-2.916992,0.001153,0.008107,-1.692795
83.5000,-0.267492,0.241566,-3.816588,0.001032,0.007928,-1.692977,-0.023309,0.183980,-2.916406,0.001121,0.007835,-1.692852
83.5500,-0.267475,0.241807,-3.816594,0.001019,0.007799,-1.693022,-0.021147,0.175590,-2.924993,0.001022,0.007718,-1.693004
83.6000,-0.267459,0.242041,-3.816605,0.000995,0.007639,-1.693062,-0.018247,0.175460,-2.924904,0.000970,0.007547,-1.692977
83.6500,-0.267444,0.242272,-3.816620,0.000960,0.007456,-1.693100,-0.015858,0.168052,-2.932241,0.001037,0.007511,-1.693212
83.7000,-0.267429,0.242504,-3.816636,0.000918,0.007256,-1.693132,-0.012989,0.167817,-2.932543,0.001018,0.007411,-1.693110
83.7500,-0.267412,0.242738,-3.816653,0.000869,0.007043,-1.693161,-0.010279,0.161806,-2.938731,0.001070,0.007145,-1.693084
83.8000,-0.267394,0.242973,-3.816670,0.000816,0.006823,-1.693186,-0.007432,0.161493,-2.939336,0.001085,0.006881,-1.693041
83.8500,-0.267372,0.243223,-3.816688,0.000743,0.006583,-1.692798,-0.004326,0.156983,-2.944475,0.000759,0.006529,-1.693017
83.9000,-0.267373,0.243514,-3.816739,0.000626,0.006320,-1.689610,-0.001495,0.156645,-2.945323,0.000707,0.006430,-1.691184
83.9500,-0.267407,0.243810,-3.816804,0.000493,0.006048,-1.683618,0.001957,0.153566,-2.949596,0.000474,0.006181,-1.684932
84.0000,-0.267442,0.244085,-3.816864,0.000368,0.005756,-1.676301,0.004734,0.153229,-2.950640,0.000454,0.006085,-1.679315
84.0500,-0.267470,0.244342,-3.816913,0.000270,0.005478,-1.668090,0.008529,0.151272,-2.954108,0.000397,0.005490,-1.669740
84.1000,-0.267496,0.244585,-3.816953,0.000193,0.005221,-1.658956,0.011314,0.150928,-2.955254,0.000270,0.005279,-1.662772
84.1500,-0.267523,0.244818,-3.816985,0.000132,0.004986,-1.649002,0.015359,0.149833,-2.957973,0.000172,0.005009,-1.650992
84.2000,-0.267545,0.245043,-3.817011,0.000092,0.004768,-1.638452,0.018150,0.149518,-2.959181,0.000161,0.004776,-1.642795
84.2500,-0.267562,0.245262,-3.817032,0.000073,0.004567,-1.627471,0.022333,0.148991,-2.961220,0.000110,0.004683,-1.629653
84.3000,-0.267574,0.245476,-3.817050,0.000068,0.004380,-1.616147,0.025136,0.148725,-2.962458,0.000111,0.004523,-1.620687
84.3500,-0.267582,0.245685,-3.817066,0.000074,0.004207,-1.604542,0.029347,0.148472,-2.963892,0.000056,0.004418,-1.606980
84.4000,-0.267589,0.245891,-3.817079,0.000088,0.004047,-1.592718,0.032161,0.148266,-2.965131,0.000163,0.004092,-1.597235
84.4500,-0.267594,0.246094,-3.817091,0.000107,0.003899,-1.580725,0.036320,0.148042,-2.966039,0.000017,0.003804,-1.582888
84.5000,-0.267599,0.246294,-3.817101,0.000129,0.003761,-1.568601,0.039140,0.147898,-2.967255,0.000094,0.003943,-1.573612
84.5500,-0.267604,0.246491,-3.817110,0.000153,0.003633,-1.556375,0.043204,0.147537,-2.967716,0.000200,0.003770,-1.558843
84.6000,-0.267610,0.246685,-3.817119,0.000177,0.003515,-1.544068,0.046025,0.147454,-2.968890,-0.000050,0.003329,-1.549033
84.6500,-0.267617,0.246876,-3.817127,0.000200,0.003406,-1.531698,0.049989,0.146856,-2.968980,0.000046,0.003506,-1.534051
84.7000,-0.267625,0.247065,-3.817134,0.000223,0.003305,-1.519281,0.052812,0.146836,-2.970098,0.000298,0.003346,-1.524377
84.7500,-0.267635,0.247251,-3.817142,0.000245,0.003211,-1.506825,0.056695,0.145970,-2.969886,0.000296,0.003075,-1.509289
84.8020,-0.267646,0.247435,-3.817149,0.000266,0.003125,-1.494340,0.059514,0.146010,-2.970939,0.000199,0.003036,-1.499227
84.8500,-0.267659,0.247617,-3.817155,0.000285,0.003045,-1.481833,0.063333,0.144891,-2.970490,0.000060,0.003071,-1.484305
84.9000,-0.267674,0.247796,-3.817162,0.000303,0.002972,-1.469308,0.066147,0.144987,-2.971470,0.000284,0.003008,-1.474226
84.9500,-0.267691,0.247973,-3.817169,0.000320,0.002904,-1.456770,0.069950,0.143691,-2.970841,0.000374,0.002792,-1.459170
85.0000,-0.267709,0.248148,-3.817175,0.000336,0.002841,-1.444221,0.072758,0.143839,-2.971745,0.000335,0.002756,-1.449372
85.0500,-0.267729,0.248321,-3.817182,0.000351,0.002783,-1.431665,0.076584,0.142435,-2.970987,0.000517,0.002792,-1.434209
85.1000,-0.267751,0.248491,-3.817188,0.000365,0.002729,-1.419102,0.079382,0.142635,-2.971814,0.000405,0.002917,-1.424192
85.1500,-0.267775,0.248660,-3.817195,0.000378,0.002680,-1.406536,0.083242,0.141212,-2.970969,0.000408,0.002698,-1.409260
85.2000,-0.267800,0.248826,-3.817201,0.000391,0.002634,-1.393966,0.086033,0.141462,-2.971722,0.000436,0.002656,-1.399076
85.2500,-0.267828,0.248990,-3.817208,0.000403,0.002591,-1.381393,0.089936,0.140090,-2.970825,0.000371,0.002457,-1.383950
85.3000,-0.267857,0.249152,-3.817215,0.000414,0.002552,-1.368819,0.092718,0.140388,-2.971506,0.000400,0.002676,-1.373807
85.3500,-0.267888,0.249312,-3.817222,0.000425,0.002515,-1.356244,0.096665,0.139141,-2.970588,0.000384,0.002545,-1.358768
85.4000,-0.267920,0.249470,-3.817228,0.000436,0.002481,-1.343668,0.099438,0.139493,-2.971201,0.000320,0.002526,-1.348579
85.4500,-0.267954,0.249626,-3.817235,0.000446,0.002449,-1.331091,0.103430,0.138407,-2.970286,0.000427,0.002309,-1.333466
85.5000,-0.267990,0.249779,-3.817242,0.000456,0.002420,-1.318515,0.106198,0.138813,-2.970836,0.000443,0.002505,-1.323625
85.5500,-0.268027,0.249931,-3.817249,0.000466,0.002392,-1.305939,0.110223,0.137940,-2.969941,0.000441,0.002469,-1.308332
85.6000,-0.268065,0.250080,-3.817256,0.000475,0.002367,-1.293362,0.112980,0.138400,-2.970434,0.000534,0.002196,-1.298271
85.6500,-0.268106,0.250228,-3.817263,0.000485,0.002343,-1.280787,0.117038,0.137757,-2.969573,0.000470,0.002422,-1.283321
85.7000,-0.268147,0.250373,-3.817270,0.000494,0.002320,-1.268211,0.119785,0.138273,-2.970015,0.000308,0.002342,-1.273097
85.7500,-0.268190,0.250516,-3.817277,0.000503,0.002300,-1.255636,0.123860,0.137882,-2.969199,0.000478,0.002316,-1.258206
85.8000,-0.268235,0.250657,-3.817284,0.000512,0.002280,-1.243062,0.126597,0.138453,-2.969595,0.000532,0.002324,-1.247970
85.8500,-0.268281,0.250797,-3.817291,0.000521,0.002262,-1.230488,0.130691,0.138318,-2.968830,0.000523,0.002465,-1.233080
85.9000,-0.268328,0.250934,-3.817298,0.000530,0.002244,-1.217915,0.133415,0.138946,-2.969186,0.000478,0.002312,-1.222838
85.9500,-0.268376,0.251069,-3.817305,0.000539,0.002228,-1.205342,0.137514,0.139055,-2.968476,0.000474,0.002398,-1.207987
86.0000,-0.268425,0.251202,-3.817312,0.000548,0.002213,-1.192771,0.140224,0.139741,-2.968798,0.000599,0.002332,-1.197861
86.0520,-0.268476,0.251333,-3.817318,0.000557,0.002198,-1.180199,0.144326,0.140077,-2.968144,0.000780,0.002284,-1.182551
86.1000,-0.268528,0.251462,-3.817325,0.000565,0.002185,-1.167629,0.147016,0.140821,-2.968436,0.000595,0.002214,-1.172478
86.1500,-0.268581,0.251589,-3.817332,0.000574,0.002172,-1.155059,0.151112,0.141371,-2.967839,0.000556,0.002239,-1.157647
86.2000,-0.268635,0.251714,-3.817339,0.000583,0.002159,-1.142490,0.153784,0.142174,-2.968108,0.000608,0.002175,-1.147413
86.2500,-0.268690,0.251837,-3.817346,0.000591,0.002148,-1.129921,0.157852,0.142923,-2.967564,0.000643,0.002121,-1.132482
86.3000,-0.268747,0.251958,-3.817352,0.000600,0.002137,-1.117353,0.160505,0.143786,-2.967812,0.000598,0.002167,-1.122380
86.3500,-0.268804,0.252077,-3.817359,0.000608,0.002126,-1.104786,0.164548,0.144722,-2.967320,0.000677,0.002063,-1.107410
86.4020,-0.268862,0.252194,-3.817366,0.000617,0.002116,-1.092219,0.167179,0.145647,-2.967552,0.000601,0.002079,-1.097061
86.4500,-0.268921,0.252309,-3.817372,0.000625,0.002107,-1.079653,0.171187,0.146747,-2.967107,0.000694,0.001871,-1.082342
86.5000,-0.268980,0.252422,-3.817379,0.000633,0.002098,-1.067088,0.173793,0.147735,-2.967326,0.000656,0.002022,-1.071978
86.5500,-0.269041,0.252533,-3.817385,0.000642,0.002089,-1.054523,0.177762,0.148990,-2.966925,0.000539,0.002197,-1.057097
86.6000,-0.269103,0.252643,-3.817392,0.000650,0.002081,-1.041959,0.180342,0.150040,-2.967135,0.000618,0.002132,-1.046896
86.6500,-0.269165,0.252750,-3.817398,0.000658,0.002073,-1.029396,0.184268,0.151442,-2.966772,0.000782,0.001856,-1.032033
86.7000,-0.269228,0.252856,-3.817405,0.000666,0.002065,-1.016833,0.186821,0.152554,-2.966974,0.000754,0.001934,-1.021894
86.7500,-0.269291,0.252959,-3.817411,0.000674,0.002058,-1.004271,0.190704,0.154085,-2.966646,0.000658,0.002076,-1.006757
86.8020,-0.269356,0.253061,-3.817417,0.000682,0.002051,-0.991710,0.193225,0.155257,-2.966844,0.000558,0.001925,-0.996731
86.8500,-0.269421,0.253161,-3.817423,0.000690,0.002044,-0.979149,0.197057,0.156916,-2.966545,0.000666,0.002053,-0.981705
86.9000,-0.269486,0.253259,-3.817430,0.000698,0.002037,-0.966588,0.199548,0.158150,-2.966740,0.000779,0.001973,-0.971505
86.9500,-0.269552,0.253355,-3.817436,0.000705,0.002031,-0.954029,0.203331,0.159927,-2.966467,0.000704,0.002198,-0.956499
87.0000,-0.269619,0.253449,-3.817442,0.000713,0.002025,-0.941470,0.205789,0.161221,-2.966660,0.000810,0.002042,-0.946561
87.0500,-0.269686,0.253542,-3.817448,0.000721,0.002019,-0.928911,0.209521,0.163112,-2.966410,0.000677,0.002178,-0.931433
87.1000,-0.269754,0.253632,-3.817454,0.000728,0.002013,-0.916353,0.211950,0.164462,-2.966602,0.000800,0.002074,-0.921415
87.1500,-0.269822,0.253721,-3.817460,0.000736,0.002008,-0.903796,0.215628,0.166468,-2.966369,0.000755,0.001972,-0.906395
87.2000,-0.269890,0.253808,-3.817466,0.000743,0.002002,-0.891239,0.218023,0.167875,-2.966562,0.000589,0.001848,-0.896271
87.2500,-0.269959,0.253893,-3.817471,0.000751,0.001997,-0.878683,0.221642,0.169981,-2.966344,0.000910,0.002116,-0.881117
87.3000,-0.270029,0.253977,-3.817477,0.000758,0.001992,-0.866127,0.223999,0.171446,-2.966538,0.000883,0.002044,-0.871076
87.3500,-0.270098,0.254059,-3.817483,0.000765,0.001987,-0.853572,0.227564,0.173649,-2.966330,0.000690,0.002068,-0.856049
87.4000,-0.270169,0.254139,-3.817488,0.000772,0.001982,-0.841017,0.229883,0.175167,-2.966526,0.000683,0.001831,-0.846082
87.4500,-0.270239,0.254217,-3.817494,0.000779,0.001977,-0.828463,0.233389,0.177463,-2.966328,0.000780,0.001939,-0.831022
87.5000,-0.270309,0.254294,-3.817499,0.000786,0.001973,-0.815910,0.235669,0.179036,-2.966525,0.000914,0.001834,-0.821029
87.5500,-0.270380,0.254368,-3.817505,0.000793,0.001968,-0.803357,0.239119,0.181418,-2.966334,0.000580,0.002042,-0.805751
87.6000,-0.270451,0.254442,-3.817510,0.000800,0.001964,-0.790804,0.241358,0.183046,-2.966534,0.000567,0.001747,-0.795675
87.6500,-0.270523,0.254513,-3.817516,0.000807,0.001959,-0.778253,0.244735,0.185519,-2.966348,0.000889,0.001929,-0.780773
87.7000,-0.270594,0.254583,-3.817521,0.000814,0.001955,-0.765701,0.246933,0.187204,-2.966549,0.000944,0.002000,-0.770950
87.7500,-0.270666,0.254652,-3.817526,0.000820,0.001951,-0.753150,0.250248,0.189759,-2.966366,0.000913,0.001953,-0.755637
87.8000,-0.270738,0.254718,-3.817532,0.000827,0.001946,-0.740600,0.252401,0.191496,-2.966570,0.000667,0.001794,-0.745603
87.8500,-0.270809,0.254783,-3.817537,0.000834,0.001942,-0.728050,0.255644,0.194131,-2.966388,0.000977,0.002008,-0.730639
87.9000,-0.270881,0.254847,-3.817542,0.000840,0.001938,-0.715501,0.257753,0.195922,-2.966593,0.000903,0.001758,-0.720419
87.9500,-0.270953,0.254909,-3.817547,0.000847,0.001934,-0.702952,0.260930,0.198637,-2.966412,0.000941,0.001871,-0.705478
88.0000,-0.271025,0.254969,-3.817552,0.000853,0.001930,-0.690403,0.262991,0.200477,-2.966619,0.000722,0.001948,-0.695423
88.0500,-0.271098,0.255028,-3.817557,0.000859,0.001926,-0.677855,0.266098,0.203269,-2.966438,0.000890,0.001835,-0.680418
88.1000,-0.271170,0.255085,-3.817562,0.000866,0.001923,-0.665308,0.268111,0.205158,-2.966647,0.000909,0.001745,-0.670293
88.1500,-0.271242,0.255141,-3.817567,0.000872,0.001919,-0.652761,0.271147,0.208021,-2.966465,0.000698,0.002025,-0.655261
88.2000,-0.271314,0.255195,-3.817572,0.000878,0.001915,-0.640214,0.273112,0.209960,-2.966677,0.000988,0.001798,-0.645125
88.2500,-0.271386,0.255248,-3.817576,0.000884,0.001911,-0.627668,0.276070,0.212899,-2.966492,0.000877,0.002011,-0.630149
88.3000,-0.271458,0.255299,-3.817581,0.000890,0.001908,-0.615123,0.277985,0.214884,-2.966705,0.000866,0.001971,-0.620008
88.3500,-0.271530,0.255349,-3.817586,0.000896,0.001904,-0.602578,0.280867,0.217896,-2.966520,0.000921,0.002052,-0.605219
88.4000,-0.271601,0.255398,-3.817590,0.000903,0.001900,-0.590033,0.282734,0.219924,-2.966733,0.001008,0.001869,-0.595013
88.4500,-0.271673,0.255445,-3.817595,0.000908,0.001897,-0.577489,0.285545,0.223008,-2.966546,0.001078,0.001918,-0.579940
88.5000,-0.271745,0.255491,-3.817599,0.000914,0.001893,-0.564945,0.287359,0.225080,-2.966761,0.000942,0.001971,-0.569738
88.5500,-0.271816,0.255535,-3.817604,0.000920,0.001889,-0.552402,0.290092,0.228225,-2.966571,0.000948,0.001968,-0.554753
88.6000,-0.271887,0.255578,-3.817608,0.000926,0.001886,-0.539859,0.291854,0.230337,-2.966787,0.000947,0.001893,-0.544864
88.6520,-0.271958,0.255619,-3.817613,0.000932,0.001882,-0.527316,0.294513,0.233549,-2.966595,0.000662,0.001802,-0.529647
88.7000,-0.272029,0.255660,-3.817617,0.000938,0.001879,-0.514774,0.296222,0.235704,-2.966812,0.000870,0.001936,-0.519655
88.7500,-0.272099,0.255698,-3.817622,0.000943,0.001875,-0.502232,0.298792,0.238977,-2.966619,0.000929,0.001947,-0.504779
88.8000,-0.272170,0.255736,-3.817626,0.000949,0.001871,-0.489691,0.300447,0.241174,-2.966836,0.000990,0.001964,-0.494555
88.8500,-0.272240,0.255772,-3.817630,0.000955,0.001868,-0.477150,0.302935,0.244505,-2.966641,0.000928,0.001849,-0.479796
88.9020,-0.272310,0.255808,-3.817634,0.000960,0.001864,-0.464610,0.304536,0.246740,-2.966858,0.000908,0.001960,-0.469677
88.9500,-0.272379,0.255841,-3.817638,0.000966,0.001861,-0.452070,0.306937,0.250126,-2.966661,0.000901,0.001878,-0.454701
89.0000,-0.272449,0.255874,-3.817642,0.000971,0.001857,-0.439530,0.308482,0.252399,-2.966879,0.001120,0.001769,-0.444563
89.0500,-0.272518,0.255905,-3.817647,0.000977,0.001854,-0.426991,0.310805,0.255840,-2.966680,0.000863,0.001867,-0.429497
89.1000,-0.272586,0.255935,-3.817651,0.000982,0.001850,-0.414452,0.312295,0.258149,-2.966898,0.000979,0.001691,-0.419456
89.1500,-0.272655,0.255964,-3.817655,0.000988,0.001847,-0.401913,0.314526,0.261643,-2.966698,0.000911,0.001799,-0.404301
89.2000,-0.272723,0.255992,-3.817659,0.000993,0.001843,-0.389375,0.315955,0.263989,-2.966917,0.001222,0.002026,-0.394392
89.2520,-0.272790,0.256019,-3.817662,0.000998,0.001840,-0.376838,0.318098,0.267530,-2.966715,0.000893,0.001678,-0.379282
89.3000,-0.272858,0.256044,-3.817666,0.001004,0.001836,-0.364300,0.319467,0.269908,-2.966933,0.000929,0.001727,-0.369354
89.3500,-0.272925,0.256069,-3.817670,0.001009,0.001833,-0.351763,0.321523,0.273487,-2.966731,0.001015,0.001797,-0.354393
89.4000,-0.272991,0.256092,-3.817674,0.001014,0.001829,-0.339227,0.322831,0.275898,-2.966949,0.001026,0.001805,-0.344296
89.4500,-0.273057,0.256114,-3.817678,0.001019,0.001826,-0.326690,0.324795,0.279523,-2.966745,0.001104,0.001800,-0.329093
89.5000,-0.273123,0.256135,-3.817681,0.001025,0.001822,-0.314155,0.326040,0.281963,-2.966963,0.000922,0.001766,-0.319214
89.5500,-0.273188,0.256156,-3.817685,0.001030,0.001819,-0.301619,0.327915,0.285633,-2.966759,0.000944,0.001692,-0.304165
89.6000,-0.273253,0.256175,-3.817689,0.001035,0.001815,-0.289084,0.329098,0.288103,-2.966978,0.001006,0.001793,-0.294001
89.6500,-0.273318,0.256193,-3.817692,0.001040,0.001812,-0.276549,0.330877,0.291812,-2.966773,0.000977,0.001888,-0.278999
89.7000,-0.273382,0.256210,-3.817696,0.001045,0.001808,-0.264015,0.331999,0.294312,-2.966991,0.001139,0.001866,-0.269053
89.7500,-0.273446,0.256226,-3.817699,0.001050,0.001804,-0.251480,0.333682,0.298071,-2.966785,0.001180,0.001857,-0.253980
89.8000,-0.273509,0.256241,-3.817703,0.001055,0.001801,-0.238947,0.334743,0.300595,-2.967003,0.000966,0.001917,-0.243838
89.8500,-0.273572,0.256255,-3.817706,0.001060,0.001797,-0.226413,0.336336,0.304396,-2.966797,0.001154,0.001658,-0.228980
89.9000,-0.273634,0.256268,-3.817710,0.001065,0.001794,-0.213880,0.337333,0.306944,-2.967015,0.000913,0.001829,-0.218884
89.9500,-0.273696,0.256280,-3.817713,0.001070,0.001790,-0.201347,0.338829,0.310776,-2.966809,0.000856,0.001658,-0.203955
90.0000,-0.273757,0.256291,-3.817716,0.001075,0.001787,-0.188815,0.339762,0.313348,-2.967027,0.000967,0.001867,-0.193748
90.0500,-0.273818,0.256302,-3.817720,0.001079,0.001783,-0.176283,0.341156,0.317216,-2.966821,0.001044,0.002035,-0.178688
90.1020,-0.273878,0.256311,-3.817723,0.001084,0.001779,-0.163751,0.342027,0.319810,-2.967039,0.001012,0.001914,-0.168641
90.1500,-0.273936,0.256327,-3.817725,0.001098,0.001779,-0.151617,0.343322,0.323722,-2.966832,0.000964,0.001757,-0.153787
90.2000,-0.273980,0.256401,-3.817745,0.001161,0.001776,-0.142288,0.344137,0.326362,-2.967056,0.001195,0.001728,-0.145597
90.2500,-0.274013,0.256516,-3.817770,0.001240,0.001757,-0.135743,0.345375,0.330408,-2.966867,0.001174,0.001759,-0.137216
90.3000,-0.274053,0.256612,-3.817781,0.001285,0.001718,-0.130526,0.346162,0.333122,-2.967098,0.001171,0.001634,-0.132560
90.3500,-0.274100,0.256688,-3.817780,0.001296,0.001680,-0.126319,0.347358,0.337175,-2.966887,0.001228,0.001564,-0.127004
90.4000,-0.274152,0.256754,-3.817772,0.001290,0.001648,-0.123126,0.348108,0.339865,-2.967097,0.001340,0.001731,-0.124145
90.4500,-0.274206,0.256811,-3.817761,0.001274,0.001618,-0.120777,0.349287,0.343903,-2.966890,0.001198,0.001652,-0.121194
90.5000,-0.274263,0.256859,-3.817749,0.001248,0.001589,-0.119038,0.350019,0.346585,-2.967096,0.001180,0.001497,-0.119637
90.5500,-0.274321,0.256898,-3.817738,0.001212,0.001559,-0.117763,0.351185,0.350602,-2.966906,0.001475,0.001439,-0.117885
90.6000,-0.274379,0.256929,-3.817728,0.001170,0.001531,-0.116865,0.351905,0.353271,-2.967114,0.001292,0.001445,-0.117175
90.6500,-0.274439,0.256954,-3.817720,0.001124,0.001503,-0.116271,0.353080,0.357258,-2.966948,0.001115,0.001527,-0.116411
90.7000,-0.274499,0.256975,-3.817714,0.001075,0.001476,-0.115912,0.353794,0.359919,-2.967162,0.000931,0.001425,-0.116066
90.7500,-0.274560,0.256991,-3.817709,0.001025,0.001450,-0.115735,0.354950,0.363873,-2.967017,0.001060,0.001373,-0.115828
90.8000,-0.274621,0.257004,-3.817705,0.000973,0.001425,-0.115701,0.355660,0.366531,-2.967237,0.000807,0.001510,-0.115709
90.8500,-0.274681,0.257014,-3.817703,0.000922,0.001400,-0.115780,0.356801,0.370450,-2.967108,0.001038,0.001452,-0.115872
90.9000,-0.274742,0.257022,-3.817701,0.000872,0.001377,-0.115946,0.357513,0.373104,-2.967333,0.000742,0.001320,-0.115751
90.9500,-0.274803,0.257028,-3.817700,0.000823,0.001354,-0.116180,0.358637,0.376998,-2.967214,0.000903,0.001197,-0.116048
91.0000,-0.274863,0.257033,-3.817700,0.000775,0.001332,-0.116467,0.359350,0.379651,-2.967444,0.000805,0.001396,-0.116291
91.0500,-0.274922,0.257036,-3.817701,0.000729,0.001311,-0.116794,0.360463,0.383505,-2.967331,0.000808,0.001259,-0.116769
91.1000,-0.274982,0.257039,-3.817702,0.000685,0.001291,-0.117152,0.361178,0.386155,-2.967566,0.000743,0.001097,-0.117071
91.1500,-0.275041,0.257041,-3.817703,0.000642,0.001272,-0.117533,0.362273,0.389974,-2.967454,0.000674,0.001226,-0.117317
91.2000,-0.275099,0.257043,-3.817705,0.000602,0.001253,-0.117932,0.362988,0.392622,-2.967693,0.000691,0.001054,-0.117565
91.2500,-0.275157,0.257044,-3.817707,0.000564,0.001236,-0.118343,0.364067,0.396400,-2.967579,0.000539,0.001311,-0.118253
91.3000,-0.275214,0.257045,-3.817710,0.000528,0.001219,-0.118763,0.364785,0.399047,-2.967822,0.000546,0.001217,-0.118406
91.3500,-0.275271,0.257045,-3.817712,0.000494,0.001202,-0.119189,0.365840,0.402794,-2.967702,0.000359,0.001117,-0.119213
91.4000,-0.275327,0.257046,-3.817715,0.000462,0.001186,-0.119619,0.366561,0.405437,-2.967948,0.000381,0.001160,-0.119416
91.4500,-0.275383,0.257046,-3.817718,0.000432,0.001171,-0.120051,0.367604,0.409151,-2.967821,0.000305,0.001316,-0.119957
91.5000,-0.275438,0.257046,-3.817720,0.000404,0.001157,-0.120484,0.368327,0.411793,-2.968069,0.000564,0.001106,-0.120485
91.5500,-0.275493,0.257045,-3.817723,0.000377,0.001143,-0.120916,0.369356,0.415479,-2.967934,0.000343,0.001303,-0.120922
91.6000,-0.275547,0.257045,-3.817726,0.000352,0.001130,-0.121347,0.370085,0.418117,-2.968183,0.000304,0.001189,-0.121282
91.6500,-0.275601,0.257044,-3.817729,0.000328,0.001117,-0.121777,0.371097,0.421786,-2.968039,0.000412,0.001157,-0.121650
91.7000,-0.275654,0.257044,-3.817732,0.000306,0.001105,-0.122204,0.371831,0.424423,-2.968289,0.000364,0.001190,-0.122058
91.7500,-0.275706,0.257043,-3.817735,0.000285,0.001093,-0.122628,0.372832,0.428073,-2.968136,0.000439,0.001043,-0.122489
91.8000,-0.275758,0.257042,-3.817738,0.000266,0.001082,-0.123049,0.373571,0.430704,-2.968386,0.000440,0.001084,-0.122715
91.8500,-0.275810,0.257042,-3.817741,0.000248,0.001071,-0.123466,0.374572,0.434336,-2.968223,0.000296,0.001035,-0.123392
91.9000,-0.275861,0.257041,-3.817744,0.000232,0.001061,-0.123880,0.375315,0.436962,-2.968473,0.000251,0.001033,-0.123618
91.9500,-0.275911,0.257040,-3.817747,0.000217,0.001051,-0.124291,0.376314,0.440580,-2.968301,0.000080,0.001174,-0.124305
92.0000,-0.275961,0.257039,-3.817750,0.000204,0.001041,-0.124697,0.377061,0.443204,-2.968551,0.000171,0.000960,-0.124612
92.0500,-0.276010,0.257039,-3.817753,0.000191,0.001032,-0.125100,0.378053,0.446806,-2.968372,-0.000014,0.001088,-0.125131
92.1000,-0.276059,0.257038,-3.817757,0.000180,0.001023,-0.125499,0.378803,0.449431,-2.968620,0.000146,0.000950,-0.125364
92.1500,-0.276107,0.257037,-3.817759,0.000170,0.001014,-0.125894,0.379794,0.453021,-2.968433,0.000043,0.001161,-0.125715
92.2000,-0.276155,0.257036,-3.817762,0.000162,0.001006,-0.126285,0.380547,0.455645,-2.968680,-0.000028,0.000999,-0.126195
92.2500,-0.276203,0.257036,-3.817765,0.000154,0.000998,-0.126673,0.381535,0.459236,-2.968486,0.000057,0.000998,-0.126676
92.3000,-0.276250,0.257035,-3.817768,0.000147,0.000990,-0.127056,0.382293,0.461859,-2.968731,0.000211,0.001065,-0.126818
92.3500,-0.276296,0.257034,-3.817771,0.000141,0.000983,-0.127436,0.383295,0.465459,-2.968530,0.000025,0.001123,-0.127321
92.4000,-0.276342,0.257033,-3.817774,0.000136,0.000976,-0.127812,0.384058,0.468079,-2.968774,0.000139,0.000971,-0.127616
92.4500,-0.276387,0.257032,-3.817777,0.000131,0.000969,-0.128184,0.385073,0.471697,-2.968567,0.000161,0.001012,-0.128291
92.5000,-0.276432,0.257032,-3.817780,0.000127,0.000963,-0.128552,0.385842,0.474316,-2.968809,0.000149,0.000964,-0.128293
92.5500,-0.276477,0.257031,-3.817783,0.000124,0.000957,-0.128917,0.386867,0.477952,-2.968598,0.000071,0.000933,-0.128859
92.6000,-0.276521,0.257030,-3.817785,0.000121,0.000951,-0.129277,0.387640,0.480570,-2.968838,0.000092,0.000979,-0.129164
92.6500,-0.276564,0.257029,-3.817788,0.000119,0.000945,-0.129634,0.388679,0.484219,-2.968623,-0.000076,0.000969,-0.129670
92.7000,-0.276608,0.257028,-3.817791,0.000118,0.000940,-0.129988,0.389457,0.486834,-2.968861,0.000161,0.001017,-0.129852
92.7500,-0.276650,0.257027,-3.817794,0.000116,0.000934,-0.130338,0.390521,0.490509,-2.968643,-0.000069,0.000987,-0.130087
92.8000,-0.276693,0.257027,-3.817796,0.000115,0.000929,-0.130684,0.391304,0.493124,-2.968878,0.000127,0.000999,-0.130517
92.8500,-0.276734,0.257026,-3.817799,0.000114,0.000924,-0.131027,0.392388,0.496823,-2.968658,0.000104,0.000938,-0.130936
92.9000,-0.276776,0.257025,-3.817802,0.000114,0.000920,-0.131366,0.393178,0.499437,-2.968892,0.000153,0.000834,-0.131328
92.9500,-0.276817,0.257024,-3.817804,0.000114,0.000915,-0.131702,0.394278,0.503158,-2.968670,0.000083,0.000768,-0.131655
93.0000,-0.276857,0.257023,-3.817807,0.000113,0.000911,-0.132034,0.395069,0.505770,-2.968902,0.000116,0.000907,-0.131991
93.0500,-0.276897,0.257023,-3.817810,0.000114,0.000907,-0.132363,0.396200,0.509496,-2.968679,0.000054,0.000754,-0.132176
93.1000,-0.276937,0.257022,-3.817812,0.000114,0.000903,-0.132688,0.396992,0.512107,-2.968909,-0.000012,0.000937,-0.132468
93.1500,-0.276977,0.257021,-3.817815,0.000114,0.000900,-0.133010,0.398144,0.515848,-2.968685,0.000019,0.000987,-0.133078
93.2000,-0.277015,0.257020,-3.817817,0.000115,0.000896,-0.133329,0.398940,0.518459,-2.968913,0.000141,0.000830,-0.133081
93.2500,-0.277054,0.257019,-3.817820,0.000115,0.000893,-0.133645,0.400112,0.522219,-2.968690,0.000206,0.000847,-0.133747
93.3000,-0.277092,0.257019,-3.817822,0.000116,0.000889,-0.133957,0.400912,0.524829,-2.968916,0.000111,0.000814,-0.133886
93.3500,-0.277130,0.257018,-3.817825,0.000116,0.000886,-0.134266,0.402100,0.528612,-2.968692,0.000168,0.000766,-0.134274
93.4000,-0.277167,0.257017,-3.817827,0.000117,0.000883,-0.134572,0.402902,0.531221,-2.968917,-0.000010,0.000894,-0.134535
93.4500,-0.277204,0.257017,-3.817829,0.000118,0.000881,-0.134875,0.404110,0.535020,-2.968694,0.000257,0.000855,-0.134833
93.5000,-0.277241,0.257016,-3.817832,0.000119,0.000878,-0.135174,0.404914,0.537627,-2.968918,0.000008,0.000773,-0.134911
93.5500,-0.277277,0.257015,-3.817834,0.000120,0.000875,-0.135471,0.406137,0.541445,-2.968695,0.000313,0.000788,-0.135423
93.6000,-0.277313,0.257015,-3.817837,0.000121,0.000873,-0.135764,0.406943,0.544050,-2.968917,-0.000001,0.000746,-0.135702
93.6500,-0.277348,0.257014,-3.817839,0.000121,0.000871,-0.136055,0.408189,0.547876,-2.968696,0.000101,0.000909,-0.135941
93.7020,-0.277383,0.257013,-3.817841,0.000122,0.000869,-0.136342,0.408996,0.550482,-2.968917,0.000122,0.000824,-0.136303
93.7500,-0.277418,0.257013,-3.817843,0.000123,0.000866,-0.136627,0.410246,0.554322,-2.968697,0.000119,0.000879,-0.136617
93.8000,-0.277452,0.257012,-3.817846,0.000124,0.000865,-0.136909,0.411054,0.556930,-2.968917,0.000099,0.000810,-0.136848
93.8500,-0.277486,0.257012,-3.817848,0.000125,0.000863,-0.137187,0.412305,0.560772,-2.968697,0.000091,0.000976,-0.137073
93.9020,-0.277520,0.257011,-3.817850,0.000126,0.000861,-0.137463,0.413117,0.563380,-2.968916,0.000144,0.000935,-0.137468
93.9500,-0.277553,0.257011,-3.817852,0.000127,0.000859,-0.137736,0.414368,0.567250,-2.968697,-0.000011,0.000919,-0.137565
94.0000,-0.277586,0.257010,-3.817854,0.000127,0.000858,-0.138006,0.415182,0.569858,-2.968916,0.000070,0.000879,-0.137867
94.0500,-0.277619,0.257010,-3.817857,0.000128,0.000856,-0.138274,0.416436,0.573728,-2.968698,0.000312,0.000747,-0.138095
94.1000,-0.277651,0.257009,-3.817859,0.000129,0.000855,-0.138539,0.417251,0.576337,-2.968915,-0.000021,0.001045,-0.138462
94.1500,-0.277683,0.257009,-3.817861,0.000130,0.000853,-0.138801,0.418516,0.580215,-2.968698,0.000111,0.000830,-0.138767
94.2000,-0.277715,0.257008,-3.817863,0.000130,0.000852,-0.139060,0.419335,0.582825,-2.968916,0.000254,0.001188,-0.139069
94.2500,-0.277746,0.257008,-3.817865,0.000131,0.000851,-0.139317,0.420598,0.586725,-2.968699,0.000262,0.000930,-0.139351
94.3000,-0.277777,0.257008,-3.817867,0.000132,0.000850,-0.139571,0.421423,0.589333,-2.968916,-0.000018,0.000739,-0.139334
94.3500,-0.277808,0.257007,-3.817869,0.000133,0.000848,-0.139822,0.422690,0.593241,-2.968700,0.000203,0.000838,-0.139934
94.4000,-0.277839,0.257007,-3.817871,0.000133,0.000847,-0.140071,0.423516,0.595849,-2.968916,0.000004,0.000820,-0.139971
94.4500,-0.277869,0.257006,-3.817873,0.000134,0.000846,-0.140317,0.424790,0.599759,-2.968702,0.000356,0.000878,-0.140401
94.5000,-0.277898,0.257006,-3.817875,0.000135,0.000845,-0.140561,0.425617,0.602366,-2.968917,0.000061,0.000849,-0.140487
94.5520,-0.277928,0.257006,-3.817877,0.000135,0.000845,-0.140802,0.426898,0.606284,-2.968703,-0.000002,0.000665,-0.140798
94.6000,-0.277957,0.257005,-3.817879,0.000136,0.000844,-0.141041,0.427725,0.608892,-2.968919,0.000287,0.000769,-0.141013
94.6500,-0.277986,0.257005,-3.817881,0.000136,0.000843,-0.141277,0.429015,0.612803,-2.968705,0.000147,0.000962,-0.141132
94.7000,-0.278014,0.257005,-3.817883,0.000137,0.000842,-0.141511,0.429843,0.615410,-2.968920,0.000106,0.000779,-0.141261
94.7500,-0.278043,0.257005,-3.817884,0.000137,0.000841,-0.141742,0.431135,0.619319,-2.968707,0.000099,0.000740,-0.141718
94.8000,-0.278071,0.257004,-3.817886,0.000138,0.000841,-0.141971,0.431964,0.621925,-2.968922,0.000102,0.000798,-0.141906
94.8500,-0.278098,0.257004,-3.817888,0.000138,0.000840,-0.142198,0.433258,0.625839,-2.968710,0.000254,0.000781,-0.142092
94.9000,-0.278126,0.257004,-3.817890,0.000139,0.000839,-0.142422,0.434086,0.628447,-2.968925,0.000236,0.000840,-0.142287
94.9500,-0.278153,0.257004,-3.817892,0.000139,0.000839,-0.142644,0.435376,0.632361,-2.968712,0.000075,0.000760,-0.142746
95.0020,-0.278180,0.257003,-3.817894,0.000140,0.000838,-0.142864,0.436205,0.634967,-2.968927,0.000049,0.000840,-0.142738
95.0500,-0.278206,0.257003,-3.817895,0.000140,0.000838,-0.143082,0.437495,0.638875,-2.968715,0.000211,0.000766,-0.143052
95.1000,-0.278233,0.257003,-3.817897,0.000140,0.000837,-0.143297,0.438325,0.641480,-2.968930,0.000027,0.000896,-0.143240
95.1500,-0.278259,0.257003,-3.817899,0.000141,0.000837,-0.143510,0.439613,0.645393,-2.968718,0.000218,0.000850,-0.143640
95.2000,-0.278284,0.257003,-3.817900,0.000141,0.000836,-0.143721,0.440444,0.647999,-2.968933,0.000110,0.000724,-0.143590
95.2500,-0.278310,0.257002,-3.817902,0.000141,0.000836,-0.143929,0.441733,0.651918,-2.968722,0.000290,0.000652,-0.143820
95.3020,-0.278335,0.257002,-3.817904,0.000142,0.000835,-0.144136,0.442564,0.654523,-2.968936,0.000228,0.000927,-0.144105
95.3500,-0.278360,0.257002,-3.817905,0.000142,0.000835,-0.144340,0.443851,0.658444,-2.968724,0.000069,0.000649,-0.144306
95.4000,-0.278385,0.257002,-3.817907,0.000142,0.000834,-0.144543,0.444680,0.661048,-2.968939,0.000028,0.000758,-0.144249
95.4500,-0.278409,0.257002,-3.817909,0.000142,0.000834,-0.144743,0.445965,0.664957,-2.968728,0.000091,0.000819,-0.144504
95.5000,-0.278433,0.257002,-3.817910,0.000143,0.000833,-0.144941,0.446796,0.667561,-2.968943,0.000053,0.000938,-0.144958
95.5500,-0.278457,0.257001,-3.817912,0.000143,0.000833,-0.145137,0.448066,0.671478,-2.968732,0.000036,0.000713,-0.145088
95.6020,-0.278481,0.257001,-3.817913,0.000143,0.000833,-0.145332,0.448899,0.674084,-2.968946,0.000062,0.000671,-0.145276
95.6520,-0.278505,0.257001,-3.817915,0.000143,0.000832,-0.145524,0.450172,0.677987,-2.968735,0.000011,0.000965,-0.145294
95.7000,-0.278528,0.257001,-3.817917,0.000144,0.000832,-0.145714,0.451006,0.680594,-2.968950,0.000138,0.000883,-0.145630
95.7500,-0.278551,0.257001,-3.817918,0.000144,0.000832,-0.145902,0.452261,0.684507,-2.968739,0.000073,0.000755,-0.145941
95.8000,-0.278574,0.257001,-3.817920,0.000144,0.000831,-0.146088,0.453098,0.687113,-2.968954,0.000168,0.000728,-0.146093
95.8520,-0.278596,0.257001,-3.817921,0.000144,0.000831,-0.146273,0.454353,0.691026,-2.968743,0.000194,0.000878,-0.146203
95.9000,-0.278618,0.257001,-3.817923,0.000144,0.000831,-0.146455,0.455190,0.693634,-2.968957,0.000194,0.000896,-0.146524
95.9500,-0.278641,0.257001,-3.817924,0.000145,0.000830,-0.146636,0.456450,0.697544,-2.968746,0.000168,0.000870,-0.146626
96.0000,-0.278662,0.257001,-3.817925,0.000145,0.000830,-0.146814,0.457288,0.700150,-2.968960,0.000062,0.001010,-0.146796
96.0500,-0.278684,0.257001,-3.817927,0.000145,0.000830,-0.146991,0.458538,0.704069,-2.968750,0.000283,0.000818,-0.146863
96.1000,-0.278705,0.257001,-3.817928,0.000145,0.000830,-0.147166,0.459378,0.706678,-2.968964,0.000305,0.000637,-0.147108
96.1500,-0.278727,0.257001,-3.817930,0.000145,0.000829,-0.147340,0.460634,0.710589,-2.968752,0.000291,0.000751,-0.147327
96.2000,-0.278748,0.257001,-3.817931,0.000146,0.000829,-0.147511,0.461474,0.713194,-2.968966,0.000154,0.000764,-0.147341
96.2500,-0.278768,0.257001,-3.817932,0.000146,0.000829,-0.147681,0.462741,0.717119,-2.968756,0.000320,0.000836,-0.147688
96.3000,-0.278789,0.257001,-3.817934,0.000146,0.000829,-0.147849,0.463580,0.719723,-2.968969,0.000127,0.000889,-0.147831
96.3500,-0.278809,0.257001,-3.817935,0.000146,0.000829,-0.148015,0.464850,0.723648,-2.968758,0.000178,0.000828,-0.148125
96.4000,-0.278829,0.257001,-3.817937,0.000146,0.000828,-0.148180,0.465691,0.726248,-2.968972,0.000354,0.000832,-0.148176
96.4500,-0.278849,0.257001,-3.817938,0.000147,0.000828,-0.148343,0.466969,0.730188,-2.968761,0.000106,0.000736,-0.148419
96.5020,-0.278869,0.257001,-3.817939,0.000147,0.000828,-0.148504,0.467809,0.732787,-2.968975,0.000066,0.000665,-0.148448
96.5500,-0.278889,0.257001,-3.817940,0.000147,0.000828,-0.148663,0.469091,0.736710,-2.968765,0.000356,0.000747,-0.148633
96.6000,-0.278908,0.257001,-3.817942,0.000147,0.000828,-0.148821,0.469930,0.739309,-2.968979,0.000054,0.000918,-0.148821
96.6500,-0.278927,0.257001,-3.817943,0.000147,0.000828,-0.148977,0.471206,0.743218,-2.968767,0.000319,0.000829,-0.149013
96.7000,-0.278946,0.257001,-3.817944,0.000148,0.000827,-0.149132,0.472044,0.745817,-2.968982,0.000112,0.000804,-0.149030
96.7520,-0.278965,0.257001,-3.817945,0.000148,0.000827,-0.149285,0.473324,0.749720,-2.968770,0.000218,0.000764,-0.149155
96.8020,-0.278983,0.257001,-3.817947,0.000148,0.000827,-0.149437,0.474162,0.752318,-2.968984,0.000104,0.000845,-0.149306
96.8500,-0.279001,0.257001,-3.817948,0.000148,0.000827,-0.149587,0.475431,0.756230,-2.968773,0.000256,0.000775,-0.149421
96.9000,-0.279020,0.257001,-3.817949,0.000148,0.000827,-0.149735,0.476273,0.758826,-2.968987,0.000123,0.000791,-0.149731
96.9500,-0.279038,0.257001,-3.817950,0.000149,0.000827,-0.149882,0.477536,0.762748,-2.968776,0.000199,0.000609,-0.149827
97.0020,-0.279055,0.257001,-3.817951,0.000149,0.000827,-0.150027,0.478379,0.765343,-2.968990,0.000164,0.000775,-0.150066
97.0500,-0.279073,0.257001,-3.817953,0.000149,0.000827,-0.150171,0.479653,0.769247,-2.968778,0.000242,0.000900,-0.150229
97.1000,-0.279090,0.257001,-3.817954,0.000149,0.000826,-0.150313,0.480494,0.771840,-2.968992,0.000235,0.001008,-0.150180
97.1500,-0.279108,0.257001,-3.817955,0.000149,0.000826,-0.150454,0.481769,0.775753,-2.968780,0.000147,0.000780,-0.150314
97.2000,-0.279125,0.257001,-3.817956,0.000150,0.000826,-0.150594,0.482611,0.778344,-2.968994,0.000139,0.000833,-0.150512
97.2520,-0.279142,0.257001,-3.817957,0.000150,0.000826,-0.150732,0.483883,0.782253,-2.968783,0.000074,0.001042,-0.150809
97.3000,-0.279158,0.257001,-3.817958,0.000150,0.000826,-0.150868,0.484727,0.784846,-2.968997,0.000129,0.000976,-0.150840
97.3500,-0.279175,0.257001,-3.817959,0.000150,0.000826,-0.151004,0.485974,0.788742,-2.968786,0.000015,0.000753,-0.151030
97.4000,-0.279191,0.257001,-3.817960,0.000150,0.000826,-0.151138,0.486821,0.791336,-2.969000,0.000254,0.000902,-0.151121
97.4500,-0.279208,0.257001,-3.817961,0.000150,0.000826,-0.151270,0.488072,0.795233,-2.968788,0.000140,0.000768,-0.151265
97.5000,-0.279224,0.257001,-3.817962,0.000151,0.000826,-0.151401,0.488917,0.797827,-2.969002,0.000234,0.000738,-0.151435
97.5500,-0.279239,0.257002,-3.817964,0.000151,0.000826,-0.151531,0.490181,0.801695,-2.968790,0.000121,0.000659,-0.151383
97.6000,-0.279255,0.257002,-3.817965,0.000151,0.000826,-0.151659,0.491023,0.804288,-2.969004,0.000221,0.000900,-0.151708
97.6500,-0.279271,0.257002,-3.817966,0.000151,0.000826,-0.151786,0.492295,0.808163,-2.968792,0.000158,0.000890,-0.151819
97.7000,-0.279286,0.257002,-3.817967,0.000151,0.000825,-0.151912,0.493138,0.810758,-2.969006,0.000224,0.000712,-0.151884
97.7500,-0.279301,0.257002,-3.817968,0.000152,0.000825,-0.152037,0.494405,0.814622,-2.968795,0.000056,0.001050,-0.152160
97.8000,-0.279317,0.257002,-3.817969,0.000152,0.000825,-0.152160,0.495249,0.817218,-2.969009,0.000206,0.000852,-0.152146
97.8500,-0.279331,0.257002,-3.817970,0.000152,0.000825,-0.152282,0.496503,0.821081,-2.968796,0.000166,0.000982,-0.152225
97.9000,-0.279346,0.257002,-3.817971,0.000152,0.000825,-0.152402,0.497348,0.823676,-2.969010,0.000212,0.000924,-0.152278
97.9520,-0.279361,0.257002,-3.817972,0.000152,0.000825,-0.152522,0.498604,0.827548,-2.968798,0.000131,0.000933,-0.152412
98.0020,-0.279375,0.257002,-3.817972,0.000152,0.000825,-0.152640,0.499447,0.830143,-2.969012,0.000138,0.000766,-0.152593
98.0500,-0.279390,0.257002,-3.817973,0.000153,0.000825,-0.152757,0.500719,0.834008,-2.968800,0.000114,0.000890,-0.152835
98.1000,-0.279404,0.257003,-3.817974,0.000153,0.000825,-0.152873,0.501565,0.836603,-2.969014,0.000166,0.000979,-0.152789
98.1500,-0.279418,0.257003,-3.817975,0.000153,0.000825,-0.152987,0.502815,0.840490,-2.968802,0.000121,0.000827,-0.152988
98.2000,-0.279432,0.257003,-3.817976,0.000153,0.000825,-0.153101,0.503663,0.843085,-2.969016,0.000216,0.000839,-0.153022
98.2500,-0.279446,0.257003,-3.817977,0.000153,0.000825,-0.153213,0.504908,0.846974,-2.968804,0.000188,0.000975,-0.153060
98.3000,-0.279459,0.257003,-3.817978,0.000153,0.000825,-0.153324,0.505757,0.849571,-2.969017,0.000222,0.000767,-0.153372
98.3500,-0.279473,0.257003,-3.817979,0.000153,0.000825,-0.153434,0.507001,0.853457,-2.968805,0.000206,0.000738,-0.153397
98.4000,-0.279486,0.257003,-3.817980,0.000154,0.000825,-0.153543,0.507850,0.856052,-2.969019,0.000068,0.000951,-0.153329
98.4500,-0.279499,0.257003,-3.817981,0.000154,0.000825,-0.153651,0.509105,0.859940,-2.968807,0.000097,0.000838,-0.153483
98.5000,-0.279512,0.257003,-3.817981,0.000154,0.000825,-0.153757,0.509956,0.862536,-2.969021,0.000214,0.000857,-0.153686
98.5500,-0.279525,0.257004,-3.817982,0.000154,0.000825,-0.153863,0.511200,0.866425,-2.968808,0.000308,0.000675,-0.153891
98.6000,-0.279538,0.257004,-3.817983,0.000154,0.000825,-0.153967,0.512052,0.869021,-2.969022,0.000268,0.000778,-0.153758
98.6500,-0.279551,0.257004,-3.817984,0.000154,0.000825,-0.154070,0.513314,0.872917,-2.968810,0.000317,0.000833,-0.154085
98.7000,-0.279563,0.257004,-3.817985,0.000154,0.000825,-0.154173,0.514165,0.875513,-2.969023,0.000129,0.000857,-0.154042
98.7500,-0.279576,0.257004,-3.817986,0.000155,0.000825,-0.154274,0.515436,0.879407,-2.968811,0.000041,0.000710,-0.154262
98.8000,-0.279588,0.257004,-3.817986,0.000155,0.000825,-0.154374,0.516286,0.882002,-2.969025,0.000131,0.000697,-0.154332
98.8500,-0.279600,0.257004,-3.817987,0.000155,0.000824,-0.154473,0.517573,0.885889,-2.968812,0.000391,0.000743,-0.154553
98.9000,-0.279612,0.257004,-3.817988,0.000155,0.000824,-0.154571,0.518423,0.888483,-2.969026,-0.000033,0.000921,-0.154382
98.9500,-0.279624,0.257005,-3.817989,0.000155,0.000824,-0.154669,0.519698,0.892376,-2.968814,0.000136,0.000623,-0.154575
99.0000,-0.279636,0.257005,-3.817989,0.000155,0.000824,-0.154765,0.520551,0.894973,-2.969028,0.000206,0.000664,-0.154588
99.0500,-0.279648,0.257005,-3.817990,0.000155,0.000824,-0.154860,0.521821,0.898867,-2.968816,0.000089,0.000942,-0.154758
99.1020,-0.279659,0.257005,-3.817991,0.000156,0.000824,-0.154954,0.522673,0.901467,-2.969029,-0.000073,0.000739,-0.154943
99.1500,-0.279671,0.257005,-3.817992,0.000156,0.000824,-0.155047,0.523938,0.905337,-2.968817,0.000108,0.000655,-0.154980
99.2000,-0.279682,0.257005,-3.817992,0.000156,0.000824,-0.155139,0.524789,0.907938,-2.969031,0.000160,0.000718,-0.155014
99.2500,-0.279693,0.257005,-3.817993,0.000156,0.000824,-0.155231,0.526068,0.911800,-2.968819,0.000419,0.000885,-0.155241
99.3000,-0.279704,0.257005,-3.817994,0.000156,0.000824,-0.155321,0.526919,0.914402,-2.969032,0.000227,0.001040,-0.155375
99.3500,-0.279715,0.257006,-3.817995,0.000156,0.000824,-0.155410,0.528191,0.918294,-2.968820,0.000240,0.000805,-0.155438
99.4000,-0.279726,0.257006,-3.817995,0.000156,0.000824,-0.155499,0.529046,0.920894,-2.969033,0.000312,0.000866,-0.155387
99.4500,-0.279737,0.257006,-3.817996,0.000156,0.000824,-0.155587,0.530319,0.924805,-2.968821,0.000194,0.000819,-0.155814
99.5000,-0.279747,0.257006,-3.817997,0.000156,0.000824,-0.155673,0.531177,0.927404,-2.969034,0.000194,0.000777,-0.155614
99.5500,-0.279758,0.257006,-3.817997,0.000157,0.000824,-0.155759,0.532449,0.931323,-2.968822,0.000185,0.000770,-0.155911
99.6000,-0.279768,0.257006,-3.817998,0.000157,0.000824,-0.155844,0.533305,0.933921,-2.969035,0.000089,0.000799,-0.155988
99.6500,-0.279779,0.257006,-3.817999,0.000157,0.000824,-0.155928,0.534582,0.937838,-2.968823,0.000287,0.000799,-0.155739
99.7000,-0.279789,0.257007,-3.817999,0.000157,0.000824,-0.156011,0.535438,0.940436,-2.969036,0.000358,0.000737,-0.156262
99.7500,-0.279799,0.257007,-3.818000,0.000157,0.000824,-0.156093,0.536736,0.944366,-2.968824,0.000040,0.000899,-0.156063
99.8000,-0.279809,0.257007,-3.818001,0.000157,0.000824,-0.156175,0.537595,0.946962,-2.969037,0.000219,0.000790,-0.156055
99.8500,-0.279819,0.257007,-3.818001,0.000157,0.000824,-0.156256,0.538873,0.950901,-2.968825,0.000091,0.000745,-0.156256
99.9000,-0.279829,0.257007,-3.818002,0.000157,0.000824,-0.156335,0.539732,0.953494,-2.969038,0.000034,0.000794,-0.156264
99.9500,-0.279838,0.257007,-3.818003,0.000157,0.000824,-0.156414,0.541016,0.957431,-2.968826,0.000146,0.000782,-0.156380
100.0000,-0.279848,0.257007,-3.818003,0.000158,0.000824,-0.156492,0.541877,0.960025,-2.969040,-0.000007,0.000878,-0.156380
100.0500,-0.279858,0.257008,-3.818004,0.000158,0.000824,-0.156570,0.543161,0.963951,-2.968828,0.000048,0.000877,-0.156455
100.1020,-0.279867,0.257008,-3.818005,0.000158,0.000824,-0.156646,0.544022,0.966546,-2.969041,0.000073,0.000698,-0.156516
100.1500,-0.279876,0.257008,-3.818005,0.000158,0.000824,-0.156722,0.545306,0.970459,-2.968829,0.000129,0.000908,-0.156638
100.2000,-0.279885,0.257008,-3.818006,0.000158,0.000824,-0.156797,0.546167,0.973054,-2.969042,0.000202,0.000945,-0.156884
100.2500,-0.279895,0.257008,-3.818006,0.000158,0.000824,-0.156871,0.547455,0.976980,-2.968830,0.000142,0.000844,-0.156767
100.3000,-0.279904,0.257008,-3.818007,0.000158,0.000824,-0.156945,0.548317,0.979575,-2.969043,0.000149,0.000809,-0.156880
100.3500,-0.279913,0.257008,-3.818007,0.000158,0.000824,-0.157018,0.549604,0.983494,-2.968831,0.000203,0.000712,-0.156941
100.4000,-0.279921,0.257008,-3.818008,0.000158,0.000824,-0.157090,0.550467,0.986090,-2.969045,0.000115,0.000673,-0.157143
100.4500,-0.279930,0.257009,-3.818009,0.000159,0.000824,-0.157161,0.551763,0.989970,-2.968832,0.000125,0.000858,-0.157233
100.5000,-0.279939,0.257009,-3.818009,0.000159,0.000824,-0.157231,0.552628,0.992567,-2.969046,0.000251,0.000743,-0.157014
100.5500,-0.279947,0.257009,-3.818010,0.000159,0.000824,-0.157301,0.553917,0.996468,-2.968834,0.000015,0.001044,-0.157284
100.6000,-0.279956,0.257009,-3.818010,0.000159,0.000824,-0.157370,0.554784,0.999067,-2.969048,0.000296,0.000845,-0.157411
100.6500,-0.279964,0.257009,-3.818011,0.000159,0.000824,-0.157438,0.556047,1.002953,-2.968835,0.000234,0.000800,-0.157484
100.7000,-0.279973,0.257009,-3.818011,0.000159,0.000824,-0.157506,0.556915,1.005553,-2.969049,0.000135,0.000842,-0.157542
100.7500,-0.279981,0.257009,-3.818012,0.000159,0.000824,-0.157573,0.558190,1.009432,-2.968836,0.000159,0.000767,-0.157587
100.8000,-0.279989,0.257010,-3.818012,0.000159,0.000824,-0.157639,0.559058,1.012030,-2.969049,0.000089,0.000689,-0.157412
100.8500,-0.279997,0.257010,-3.818013,0.000159,0.000824,-0.157705,0.560362,1.015915,-2.968836,0.000197,0.000863,-0.157492
100.9000,-0.280005,0.257010,-3.818013,0.000159,0.000824,-0.157770,0.561226,1.018512,-2.969049,0.000298,0.000885,-0.157700
100.9500,-0.280013,0.257010,-3.818014,0.000159,0.000824,-0.157834,0.562564,1.022412,-2.968837,0.000034,0.000701,-0.157692
101.0000,-0.280021,0.257010,-3.818014,0.000159,0.000824,-0.157898,0.563426,1.025010,-2.969050,0.000112,0.000796,-0.157866
101.0500,-0.280028,0.257010,-3.818015,0.000160,0.000824,-0.157960,0.564775,1.028885,-2.968838,0.000179,0.000842,-0.158170
101.1000,-0.280036,0.257010,-3.818015,0.000160,0.000824,-0.158023,0.565636,1.031480,-2.969051,-0.000025,0.000838,-0.157960
101.1500,-0.280044,0.257010,-3.818016,0.000160,0.000824,-0.158084,0.566977,1.035376,-2.968839,0.000120,0.000805,-0.157870
101.2000,-0.280051,0.257011,-3.818016,0.000160,0.000824,-0.158145,0.567838,1.037973,-2.969052,0.000191,0.000672,-0.158112
101.2500,-0.280059,0.257011,-3.818017,0.000160,0.000824,-0.158206,0.569194,1.041866,-2.968840,0.000197,0.000750,-0.158272
101.3000,-0.280066,0.257011,-3.818017,0.000160,0.000824,-0.158265,0.570053,1.044462,-2.969053,0.000134,0.000788,-0.158062
101.3500,-0.280073,0.257011,-3.818018,0.000160,0.000824,-0.158325,0.571392,1.048345,-2.968841,0.000145,0.000974,-0.158253
101.4000,-0.280080,0.257011,-3.818018,0.000160,0.000824,-0.158383,0.572251,1.050941,-2.969054,0.000162,0.000824,-0.158443
101.4500,-0.280088,0.257011,-3.818019,0.000160,0.000824,-0.158441,0.573578,1.054829,-2.968841,0.000171,0.000813,-0.158433
101.5000,-0.280095,0.257011,-3.818019,0.000160,0.000824,-0.158498,0.574437,1.057424,-2.969054,0.000273,0.000878,-0.158492
101.5500,-0.280102,0.257012,-3.818020,0.000160,0.000824,-0.158555,0.575774,1.061337,-2.968842,-0.000019,0.000763,-0.158406
101.6000,-0.280109,0.257012,-3.818020,0.000160,0.000824,-0.158611,0.576632,1.063930,-2.969055,0.000140,0.000879,-0.158580
101.6500,-0.280115,0.257012,-3.818021,0.000161,0.000824,-0.158667,0.577961,1.067831,-2.968843,0.000077,0.000717,-0.158671
101.7000,-0.280122,0.257012,-3.818021,0.000161,0.000824,-0.158722,0.578818,1.070425,-2.969057,0.000020,0.000736,-0.158720
101.7500,-0.280129,0.257012,-3.818021,0.000161,0.000824,-0.158776,0.580125,1.074305,-2.968845,0.000225,0.001084,-0.158827
101.8000,-0.280136,0.257012,-3.818022,0.000161,0.000824,-0.158830,0.580984,1.076902,-2.969058,0.000037,0.000832,-0.158713
101.8500,-0.280142,0.257012,-3.818022,0.000161,0.000824,-0.158883,0.582262,1.080778,-2.968846,0.000158,0.000812,-0.158805
101.9000,-0.280149,0.257012,-3.818023,0.000161,0.000824,-0.158936,0.583122,1.083376,-2.969059,0.000117,0.000953,-0.159080
101.9500,-0.280155,0.257013,-3.818023,0.000161,0.000824,-0.158988,0.584374,1.087257,-2.968846,0.000078,0.000676,-0.159159
102.0000,-0.280161,0.257013,-3.818023,0.000161,0.000824,-0.159040,0.585236,1.089855,-2.969060,0.000132,0.000771,-0.158815
102.0500,-0.280168,0.257013,-3.818024,0.000161,0.000824,-0.159091,0.586499,1.093730,-2.968847,0.000328,0.000902,-0.159034
102.1000,-0.280174,0.257013,-3.818024,0.000161,0.000824,-0.159142,0.587361,1.096329,-2.969060,0.000228,0.000860,-0.159329
102.1500,-0.280180,0.257013,-3.818025,0.000161,0.000824,-0.159192,0.588619,1.100217,-2.968847,0.000278,0.001006,-0.159268
102.2000,-0.280186,0.257013,-3.818025,0.000161,0.000824,-0.159242,0.589482,1.102814,-2.969061,0.000090,0.000808,-0.159389
102.2500,-0.280192,0.257013,-3.818025,0.000161,0.000824,-0.159291,0.590730,1.106721,-2.968848,0.000187,0.000626,-0.159275
102.3000,-0.280198,0.257013,-3.818026,0.000161,0.000824,-0.159339,0.591594,1.109318,-2.969062,0.000258,0.000843,-0.159316
102.3500,-0.280204,0.257014,-3.818026,0.000161,0.000824,-0.159387,0.592854,1.113225,-2.968849,0.000068,0.000647,-0.159482
102.4000,-0.280210,0.257014,-3.818027,0.000162,0.000824,-0.159435,0.593718,1.115821,-2.969062,0.000423,0.000792,-0.159325
102.4500,-0.280216,0.257014,-3.818027,0.000162,0.000824,-0.159482,0.594994,1.119751,-2.968849,0.000051,0.000718,-0.159373
102.5000,-0.280222,0.257014,-3.818027,0.000162,0.000824,-0.159529,0.595858,1.122348,-2.969063,0.000178,0.000776,-0.159640
102.5500,-0.280227,0.257014,-3.818028,0.000162,0.000824,-0.159575,0.597127,1.126257,-2.968850,0.000015,0.000801,-0.159528
102.6000,-0.280233,0.257014,-3.818028,0.000162,0.000824,-0.159621,0.597989,1.128857,-2.969064,0.000103,0.000689,-0.159547
102.6500,-0.280238,0.257014,-3.818028,0.000162,0.000824,-0.159666,0.599274,1.132729,-2.968851,0.000106,0.000723,-0.159653
102.7000,-0.280244,0.257014,-3.818029,0.000162,0.000824,-0.159710,0.600134,1.135329,-2.969064,0.000247,0.000771,-0.159637
102.7500,-0.280249,0.257015,-3.818029,0.000162,0.000824,-0.159755,0.601441,1.139223,-2.968851,0.000241,0.000912,-0.159814
102.8000,-0.280255,0.257015,-3.818029,0.000162,0.000824,-0.159799,0.602301,1.141822,-2.969065,0.000070,0.000890,-0.159629
102.8500,-0.280260,0.257015,-3.818030,0.000162,0.000824,-0.159842,0.603588,1.145705,-2.968852,0.000296,0.000930,-0.159910
102.9000,-0.280265,0.257015,-3.818030,0.000162,0.000824,-0.159885,0.604449,1.148305,-2.969065,0.000203,0.000917,-0.159902
102.9500,-0.280271,0.257015,-3.818030,0.000162,0.000824,-0.159927,0.605732,1.152200,-2.968852,0.000132,0.000883,-0.159793
103.0000,-0.280276,0.257015,-3.818031,0.000162,0.000824,-0.159969,0.606596,1.154799,-2.969066,0.000374,0.000850,-0.159970
103.0500,-0.280281,0.257015,-3.818031,0.000162,0.000824,-0.160011,0.607861,1.158728,-2.968853,0.000075,0.000747,-0.160012
103.1000,-0.280286,0.257015,-3.818031,0.000162,0.000824,-0.160052,0.608724,1.161327,-2.969066,0.000148,0.000679,-0.159935
103.1500,-0.280291,0.257016,-3.818032,0.000162,0.000824,-0.160093,0.610021,1.165224,-2.968853,0.000226,0.000800,-0.160096
103.2000,-0.280296,0.257016,-3.818032,0.000162,0.000824,-0.160133,0.610882,1.167822,-2.969067,0.000117,0.000786,-0.159993
103.2500,-0.280301,0.257016,-3.818032,0.000163,0.000824,-0.160173,0.612179,1.171730,-2.968854,0.000148,0.000785,-0.160103
103.3000,-0.280306,0.257016,-3.818033,0.000163,0.000824,-0.160213,0.613042,1.174329,-2.969067,0.000135,0.000811,-0.160182
103.3500,-0.280311,0.257016,-3.818033,0.000163,0.000824,-0.160252,0.614316,1.178240,-2.968855,0.000154,0.000738,-0.160260
103.4000,-0.280316,0.257016,-3.818033,0.000163,0.000824,-0.160290,0.615178,1.180840,-2.969068,0.000261,0.000685,-0.160545
103.4500,-0.280320,0.257016,-3.818034,0.000163,0.000824,-0.160329,0.616481,1.184726,-2.968855,0.000399,0.000832,-0.160276
103.5000,-0.280325,0.257016,-3.818034,0.000163,0.000824,-0.160367,0.617342,1.187326,-2.969068,0.000217,0.000690,-0.160291
103.5500,-0.280330,0.257016,-3.818034,0.000163,0.000824,-0.160404,0.618651,1.191234,-2.968856,0.000113,0.000902,-0.160603
103.6000,-0.280334,0.257017,-3.818034,0.000163,0.000824,-0.160441,0.619513,1.193833,-2.969069,0.000117,0.000880,-0.160474
103.6500,-0.280339,0.257017,-3.818035,0.000163,0.000824,-0.160478,0.620804,1.197742,-2.968856,-0.000027,0.000891,-0.160569
103.7020,-0.280343,0.257017,-3.818035,0.000163,0.000824,-0.160514,0.621668,1.200341,-2.969070,0.000202,0.000850,-0.160630
103.7500,-0.280348,0.257017,-3.818035,0.000163,0.000824,-0.160550,0.622933,1.204253,-2.968857,0.000009,0.000897,-0.160604
103.8000,-0.280352,0.257017,-3.818036,0.000163,0.000824,-0.160586,0.623795,1.206853,-2.969070,0.000078,0.000787,-0.160695
103.8500,-0.280356,0.257017,-3.818036,0.000163,0.000824,-0.160621,0.625095,1.210758,-2.968857,0.000182,0.000759,-0.160692
103.9000,-0.280361,0.257017,-3.818036,0.000163,0.000824,-0.160656,0.625958,1.213358,-2.969071,0.000347,0.000863,-0.160598
103.9500,-0.280365,0.257017,-3.818036,0.000163,0.000824,-0.160691,0.627247,1.217270,-2.968858,0.000174,0.000798,-0.160778
104.0000,-0.280369,0.257017,-3.818037,0.000163,0.000824,-0.160725,0.628109,1.219869,-2.969071,0.000121,0.000782,-0.161039
104.0500,-0.280373,0.257017,-3.818037,0.000163,0.000824,-0.160759,0.629416,1.223769,-2.968858,0.000261,0.000697,-0.160859
104.1000,-0.280377,0.257018,-3.818037,0.000163,0.000824,-0.160792,0.630275,1.226368,-2.969071,0.000032,0.000938,-0.160825
104.1500,-0.280382,0.257018,-3.818037,0.000163,0.000824,-0.160825,0.631591,1.230270,-2.968859,0.000230,0.000989,-0.160700
104.2000,-0.280386,0.257018,-3.818038,0.000163,0.000824,-0.160858,0.632451,1.232870,-2.969072,0.000265,0.000788,-0.160909
104.2500,-0.280390,0.257018,-3.818038,0.000163,0.000824,-0.160891,0.633761,1.236784,-2.968859,0.000202,0.000899,-0.160838
104.3000,-0.280394,0.257018,-3.818038,0.000163,0.000824,-0.160923,0.634623,1.239383,-2.969072,0.000195,0.000592,-0.160829
104.3500,-0.280398,0.257018,-3.818038,0.000164,0.000824,-0.160954,0.635930,1.243293,-2.968860,0.000041,0.000894,-0.160918
104.4000,-0.280401,0.257018,-3.818039,0.000164,0.000824,-0.160986,0.636789,1.245893,-2.969073,0.000200,0.000646,-0.160889
104.4500,-0.280405,0.257018,-3.818039,0.000164,0.000824,-0.161017,0.638112,1.249785,-2.968860,0.000270,0.000775,-0.160959
104.5000,-0.280409,0.257018,-3.818039,0.000164,0.000824,-0.161048,0.638968,1.252386,-2.969073,0.000165,0.000783,-0.161169
104.5500,-0.280413,0.257018,-3.818039,0.000164,0.000824,-0.161078,0.640293,1.256266,-2.968860,0.000459,0.000858,-0.161083
104.6000,-0.280417,0.257019,-3.818040,0.000164,0.000824,-0.161109,0.641149,1.258864,-2.969073,0.000235,0.000641,-0.161054
104.6500,-0.280420,0.257019,-3.818040,0.000164,0.000824,-0.161139,0.642489,1.262787,-2.968860,0.000240,0.000897,-0.161036
104.7000,-0.280424,0.257019,-3.818040,0.000164,0.000824,-0.161168,0.643343,1.265382,-2.969073,0.000087,0.000992,-0.161133
104.7500,-0.280428,0.257019,-3.818040,0.000164,0.000824,-0.161197,0.644649,1.269322,-2.968861,0.000100,0.000832,-0.161087
104.8000,-0.280431,0.257019,-3.818041,0.000164,0.000824,-0.161226,0.645506,1.271919,-2.969074,0.000082,0.000821,-0.161283
104.8500,-0.280435,0.257019,-3.818041,0.000164,0.000824,-0.161255,0.646785,1.275832,-2.968862,0.000229,0.000749,-0.161147
104.9000,-0.280438,0.257019,-3.818041,0.000164,0.000824,-0.161283,0.647640,1.278428,-2.969075,0.000176,0.000929,-0.161347
104.9500,-0.280442,0.257019,-3.818041,0.000164,0.000824,-0.161311,0.648927,1.282341,-2.968862,0.000171,0.000932,-0.161335
105.0000,-0.280445,0.257019,-3.818041,0.000164,0.000824,-0.161339,0.649783,1.284938,-2.969075,0.000113,0.000714,-0.161168
105.0500,-0.280448,0.257019,-3.818042,0.000164,0.000824,-0.161367,0.651069,1.288829,-2.968863,0.000016,0.000884,-0.161515
105.1000,-0.280452,0.257020,-3.818042,0.000164,0.000824,-0.161394,0.651923,1.291429,-2.969076,0.000298,0.000759,-0.161430
105.1500,-0.280455,0.257020,-3.818042,0.000164,0.000824,-0.161421,0.653204,1.295307,-2.968863,0.000221,0.000831,-0.161457
105.2000,-0.280458,0.257020,-3.818042,0.000164,0.000824,-0.161448,0.654060,1.297905,-2.969076,0.000238,0.000986,-0.161389
105.2500,-0.280462,0.257020,-3.818043,0.000164,0.000824,-0.161474,0.655306,1.301820,-2.968863,0.000313,0.000688,-0.161372
105.3000,-0.280465,0.257020,-3.818043,0.000164,0.000824,-0.161500,0.656163,1.304416,-2.969076,0.000075,0.000901,-0.161451
105.3500,-0.280468,0.257020,-3.818043,0.000164,0.000824,-0.161526,0.657416,1.308335,-2.968863,0.000218,0.000779,-0.161505
105.4000,-0.280471,0.257020,-3.818043,0.000164,0.000824,-0.161552,0.658271,1.310931,-2.969077,0.000140,0.000899,-0.161743
105.4500,-0.280474,0.257020,-3.818043,0.000164,0.000824,-0.161577,0.659540,1.314847,-2.968864,0.000209,0.001057,-0.161579
105.5000,-0.280478,0.257020,-3.818044,0.000164,0.000824,-0.161602,0.660399,1.317442,-2.969077,0.000300,0.000699,-0.161646
105.5500,-0.280481,0.257020,-3.818044,0.000164,0.000824,-0.161627,0.661633,1.321373,-2.968864,0.000091,0.001035,-0.161600
105.6000,-0.280484,0.257020,-3.818044,0.000164,0.000824,-0.161651,0.662494,1.323967,-2.969078,0.000230,0.000781,-0.161515
105.6500,-0.280487,0.257021,-3.818044,0.000164,0.000824,-0.161676,0.663711,1.327894,-2.968865,0.000095,0.000777,-0.161537
105.7000,-0.280490,0.257021,-3.818044,0.000164,0.000824,-0.161700,0.664574,1.330489,-2.969078,0.000215,0.000760,-0.161592
105.7500,-0.280493,0.257021,-3.818044,0.000165,0.000824,-0.161723,0.665798,1.334404,-2.968865,0.000098,0.000893,-0.161693
105.8000,-0.280496,0.257021,-3.818045,0.000165,0.000824,-0.161747,0.666659,1.336998,-2.969078,0.000155,0.000682,-0.161781
105.8500,-0.280498,0.257021,-3.818045,0.000165,0.000824,-0.161770,0.667907,1.340893,-2.968866,0.000212,0.000739,-0.161897
105.9000,-0.280501,0.257021,-3.818045,0.000165,0.000824,-0.161793,0.668765,1.343488,-2.969078,0.000061,0.000884,-0.161822
105.9500,-0.280504,0.257021,-3.818045,0.000165,0.000824,-0.161816,0.670055,1.347376,-2.968866,0.000043,0.000843,-0.161612
106.0000,-0.280507,0.257021,-3.818045,0.000165,0.000824,-0.161839,0.670911,1.349972,-2.969079,0.000221,0.000836,-0.161834
106.0500,-0.280510,0.257021,-3.818046,0.000165,0.000824,-0.161861,0.672221,1.353848,-2.968866,0.000411,0.000880,-0.161852
106.1000,-0.280512,0.257021,-3.818046,0.000165,0.000824,-0.161883,0.673078,1.356439,-2.969079,0.000126,0.000777,-0.162050
106.1500,-0.280515,0.257021,-3.818046,0.000165,0.000824,-0.161905,0.674380,1.360354,-2.968866,0.000261,0.001017,-0.161888
106.2020,-0.280518,0.257021,-3.818046,0.000165,0.000824,-0.161927,0.675238,1.362944,-2.969079,0.000266,0.000867,-0.162045
106.2500,-0.280520,0.257021,-3.818046,0.000165,0.000824,-0.161948,0.676515,1.366882,-2.968866,0.000109,0.000814,-0.162039
106.3000,-0.280523,0.257022,-3.818046,0.000165,0.000824,-0.161970,0.677375,1.369472,-2.969080,0.000179,0.000813,-0.161865
106.3500,-0.280526,0.257022,-3.818047,0.000165,0.000824,-0.161991,0.678642,1.373382,-2.968867,0.000037,0.000842,-0.161902
106.4000,-0.280528,0.257022,-3.818047,0.000165,0.000824,-0.162012,0.679503,1.375973,-2.969080,0.000066,0.000927,-0.162038
106.4500,-0.280531,0.257022,-3.818047,0.000165,0.000824,-0.162032,0.680758,1.379868,-2.968868,0.000121,0.000826,-0.161913
106.5000,-0.280533,0.257022,-3.818047,0.000165,0.000824,-0.162053,0.681620,1.382460,-2.969081,0.000221,0.000847,-0.162136
106.5500,-0.280536,0.257022,-3.818047,0.000165,0.000824,-0.162073,0.682871,1.386340,-2.968868,0.000326,0.000760,-0.162144
106.6000,-0.280538,0.257022,-3.818047,0.000165,0.000824,-0.162093,0.683733,1.388930,-2.969081,0.000163,0.000748,-0.162022
106.6520,-0.280541,0.257022,-3.818047,0.000165,0.000824,-0.162112,0.684994,1.392833,-2.968868,0.000015,0.000888,-0.162134
106.7000,-0.280543,0.257022,-3.818048,0.000165,0.000824,-0.162132,0.685857,1.395425,-2.969081,0.000165,0.000796,-0.162146
106.7500,-0.280546,0.257022,-3.818048,0.000165,0.000824,-0.162151,0.687121,1.399283,-2.968869,0.000298,0.000820,-0.162084
106.8000,-0.280548,0.257022,-3.818048,0.000165,0.000824,-0.162170,0.687984,1.401874,-2.969081,0.000084,0.000867,-0.162267
106.8500,-0.280550,0.257022,-3.818048,0.000165,0.000824,-0.162189,0.689248,1.405756,-2.968869,-0.000017,0.000902,-0.162140
106.9000,-0.280553,0.257022,-3.818048,0.000165,0.000824,-0.162208,0.690112,1.408348,-2.969082,0.000150,0.000940,-0.162200
106.9500,-0.280555,0.257023,-3.818048,0.000165,0.000824,-0.162227,0.691368,1.412194,-2.968869,0.000066,0.000807,-0.162187
107.0000,-0.280557,0.257023,-3.818048,0.000165,0.000824,-0.162245,0.692233,1.414787,-2.969082,0.000096,0.000895,-0.162291
107.0500,-0.280559,0.257023,-3.818049,0.000165,0.000824,-0.162263,0.693492,1.418628,-2.968869,0.000184,0.000739,-0.162307
107.1000,-0.280562,0.257023,-3.818049,0.000165,0.000824,-0.162281,0.694356,1.421221,-2.969083,-0.000013,0.000824,-0.162294
107.1500,-0.280564,0.257023,-3.818049,0.000165,0.000824,-0.162299,0.695643,1.425045,-2.968870,-0.000012,0.000632,-0.162412
107.2000,-0.280566,0.257023,-3.818049,0.000165,0.000824,-0.162317,0.696507,1.427640,-2.969083,0.000011,0.000932,-0.162473
107.2500,-0.280568,0.257023,-3.818049,0.000165,0.000824,-0.162334,0.697793,1.431456,-2.968870,0.000077,0.000937,-0.162364
107.3000,-0.280570,0.257023,-3.818049,0.000165,0.000824,-0.162352,0.698657,1.434054,-2.969083,0.000221,0.000797,-0.162477
107.3500,-0.280573,0.257023,-3.818049,0.000165,0.000824,-0.162369,0.699953,1.437870,-2.968870,0.000047,0.000598,-0.162321
107.4000,-0.280575,0.257023,-3.818050,0.000165,0.000824,-0.162386,0.700817,1.440470,-2.969084,0.000210,0.000874,-0.162371
107.4500,-0.280577,0.257023,-3.818050,0.000165,0.000824,-0.162402,0.702122,1.444272,-2.968870,0.000076,0.000938,-0.162553
107.5000,-0.280579,0.257023,-3.818050,0.000165,0.000824,-0.162419,0.702986,1.446872,-2.969084,0.000158,0.000880,-0.162340
107.5500,-0.280581,0.257023,-3.818050,0.000165,0.000824,-0.162435,0.704286,1.450707,-2.968870,0.000350,0.000826,-0.162474
107.6000,-0.280583,0.257023,-3.818050,0.000165,0.000824,-0.162452,0.705150,1.453307,-2.969083,0.000191,0.000961,-0.162404
107.6500,-0.280585,0.257023,-3.818050,0.000165,0.000824,-0.162468,0.706476,1.457171,-2.968870,0.000148,0.000981,-0.162550
107.7000,-0.280587,0.257024,-3.818050,0.000165,0.000824,-0.162483,0.707340,1.459771,-2.969083,0.000175,0.000703,-0.162629
107.7500,-0.280589,0.257024,-3.818050,0.000166,0.000824,-0.162499,0.708673,1.463648,-2.968870,0.000218,0.000840,-0.162578
107.8000,-0.280591,0.257024,-3.818051,0.000166,0.000824,-0.162515,0.709537,1.466247,-2.969083,0.000074,0.000746,-0.162704
107.8500,-0.280593,0.257024,-3.818051,0.000166,0.000824,-0.162530,0.710869,1.470138,-2.968870,0.000095,0.000777,-0.162580
107.9000,-0.280594,0.257024,-3.818051,0.000166,0.000824,-0.162545,0.711733,1.472737,-2.969083,0.000387,0.000702,-0.162626
107.9500,-0.280596,0.257024,-3.818051,0.000166,0.000824,-0.162561,0.713074,1.476682,-2.968870,0.000020,0.000929,-0.162585
108.0000,-0.280598,0.257024,-3.818051,0.000166,0.000824,-0.162576,0.713936,1.479281,-2.969084,0.000310,0.000765,-0.162631
108.0500,-0.280600,0.257024,-3.818051,0.000166,0.000824,-0.162590,0.715298,1.483198,-2.968871,0.000113,0.000820,-0.162447
108.1000,-0.280602,0.257024,-3.818051,0.000166,0.000824,-0.162605,0.716160,1.485796,-2.969083,0.000140,0.000825,-0.162565
108.1500,-0.280604,0.257024,-3.818051,0.000166,0.000824,-0.162619,0.717497,1.489732,-2.968871,0.000099,0.000810,-0.162516
108.2000,-0.280605,0.257024,-3.818051,0.000166,0.000824,-0.162634,0.718357,1.492331,-2.969084,0.000213,0.000872,-0.162689
108.2500,-0.280607,0.257024,-3.818052,0.000166,0.000824,-0.162648,0.719709,1.496243,-2.968871,0.000291,0.000755,-0.162589
108.3000,-0.280609,0.257024,-3.818052,0.000166,0.000824,-0.162662,0.720569,1.498840,-2.969084,0.000329,0.000837,-0.162544
108.3500,-0.280611,0.257024,-3.818052,0.000166,0.000824,-0.162676,0.721892,1.502807,-2.968871,0.000119,0.000723,-0.162846
108.4000,-0.280612,0.257024,-3.818052,0.000166,0.000824,-0.162690,0.722753,1.505404,-2.969084,0.000364,0.000930,-0.162754
108.4500,-0.280614,0.257024,-3.818052,0.000166,0.000824,-0.162703,0.724073,1.509367,-2.968871,0.000246,0.000829,-0.162850
108.5000,-0.280616,0.257025,-3.818052,0.000166,0.000824,-0.162717,0.724936,1.511962,-2.969084,-0.000008,0.000868,-0.162784
108.5520,-0.280617,0.257025,-3.818052,0.000166,0.000824,-0.162730,0.726206,1.515908,-2.968872,0.000110,0.000858,-0.162709
108.6000,-0.280619,0.257025,-3.818052,0.000166,0.000824,-0.162743,0.727072,1.518504,-2.969085,0.000077,0.000663,-0.162695
108.6500,-0.280621,0.257025,-3.818052,0.000166,0.000824,-0.162756,0.728338,1.522450,-2.968872,0.000121,0.000882,-0.162713
108.7000,-0.280622,0.257025,-3.818052,0.000166,0.000824,-0.162769,0.729203,1.525047,-2.969085,0.000191,0.000687,-0.162583
108.7500,-0.280624,0.257025,-3.818053,0.000166,0.000824,-0.162782,0.730475,1.528961,-2.968872,0.000273,0.000609,-0.162887
108.8000,-0.280625,0.257025,-3.818053,0.000166,0.000824,-0.162795,0.731337,1.531558,-2.969085,-0.000071,0.000919,-0.162795
108.8500,-0.280627,0.257025,-3.818053,0.000166,0.000824,-0.162807,0.732647,1.535449,-2.968873,0.000352,0.000770,-0.162642
108.9000,-0.280629,0.257025,-3.818053,0.000166,0.000824,-0.162820,0.733508,1.538047,-2.969086,0.000092,0.000607,-0.162779
108.9500,-0.280630,0.257025,-3.818053,0.000166,0.000824,-0.162832,0.734830,1.541930,-2.968872,0.000064,0.000857,-0.162749
109.0000,-0.280632,0.257025,-3.818053,0.000166,0.000824,-0.162844,0.735689,1.544528,-2.969086,0.000181,0.000674,-0.162712
109.0500,-0.280633,0.257025,-3.818053,0.000166,0.000824,-0.162856,0.737027,1.548420,-2.968873,0.000063,0.000775,-0.162699
109.1020,-0.280635,0.257025,-3.818053,0.000166,0.000824,-0.162868,0.737886,1.551018,-2.969086,0.000052,0.000615,-0.162811
109.1500,-0.280636,0.257025,-3.818053,0.000166,0.000824,-0.162880,0.739216,1.554897,-2.968873,0.000090,0.000753,-0.162870
109.2020,-0.280637,0.257025,-3.818053,0.000166,0.000824,-0.162892,0.740074,1.557497,-2.969086,0.000210,0.000671,-0.162795
109.2500,-0.280639,0.257025,-3.818053,0.000166,0.000824,-0.162903,0.741400,1.561375,-2.968873,0.000082,0.000862,-0.162996
109.3000,-0.280640,0.257025,-3.818054,0.000166,0.000824,-0.162914,0.742257,1.563976,-2.969087,0.000188,0.000827,-0.162994
109.3500,-0.280642,0.257025,-3.818054,0.000166,0.000824,-0.162926,0.743554,1.567842,-2.968873,0.000271,0.000904,-0.163001
109.4000,-0.280643,0.257025,-3.818054,0.000166,0.000824,-0.162937,0.744411,1.570440,-2.969086,0.000049,0.000786,-0.162851
109.4500,-0.280645,0.257026,-3.818054,0.000166,0.000824,-0.162948,0.745725,1.574340,-2.968874,0.000191,0.000768,-0.162847
109.5000,-0.280646,0.257026,-3.818054,0.000166,0.000824,-0.162959,0.746579,1.576940,-2.969087,0.000124,0.000730,-0.163076
109.5500,-0.280647,0.257026,-3.818054,0.000166,0.000824,-0.162970,0.747902,1.580795,-2.968874,0.000217,0.000958,-0.163116
109.6000,-0.280649,0.257026,-3.818054,0.000166,0.000824,-0.162981,0.748756,1.583396,-2.969087,0.000191,0.000922,-0.162892
109.6500,-0.280650,0.257026,-3.818054,0.000166,0.000824,-0.162991,0.750042,1.587282,-2.968874,0.000203,0.000929,-0.163004
109.7000,-0.280651,0.257026,-3.818054,0.000166,0.000824,-0.163002,0.750897,1.589882,-2.969087,0.000159,0.000754,-0.162830
109.7500,-0.280652,0.257026,-3.818054,0.000166,0.000824,-0.163012,0.752190,1.593791,-2.968874,0.000080,0.000759,-0.162969
109.8000,-0.280654,0.257026,-3.818054,0.000166,0.000824,-0.163022,0.753045,1.596391,-2.969087,0.000053,0.000910,-0.162942
109.8500,-0.280655,0.257026,-3.818054,0.000166,0.000824,-0.163033,0.754277,1.600298,-2.968874,0.000114,0.000815,-0.162828
109.9000,-0.280656,0.257026,-3.818055,0.000166,0.000824,-0.163043,0.755134,1.602898,-2.969087,-0.000006,0.000984,-0.162972
109.9500,-0.280658,0.257026,-3.818055,0.000166,0.000824,-0.163053,0.756344,1.606816,-2.968875,0.000096,0.000925,-0.163161
110.0000,-0.280659,0.257026,-3.818055,0.000166,0.000824,-0.163063,0.757203,1.609419,-2.969088,0.000272,0.000835,-0.163048
110.0500,-0.280660,0.257026,-3.818055,0.000166,0.000824,-0.163072,0.758418,1.613313,-2.968875,0.000066,0.000835,-0.163026
110.1000,-0.280661,0.257026,-3.818055,0.000166,0.000824,-0.163082,0.759275,1.615918,-2.969088,0.000213,0.000971,-0.163154
110.1500,-0.280662,0.257026,-3.818055,0.000166,0.000824,-0.163092,0.760484,1.619777,-2.968875,0.000053,0.000827,-0.163174
110.2000,-0.280664,0.257026,-3.818055,0.000166,0.000825,-0.163101,0.761342,1.622383,-2.969088,0.000233,0.000659,-0.162891
110.3920,-0.280668,0.257026,-3.818055,0.000166,0.000825,-0.163138,0.765554,1.635287,-2.969088,0.000309,0.000908,-0.163205
110.4420,-0.280668,0.257026,-3.818055,0.000166,0.000825,-0.163138,0.766821,1.639155,-2.968875,0.000131,0.000807,-0.163207
110.4920,-0.280670,0.257026,-3.818055,0.000166,0.000825,-0.163156,-0.281933,0.305146,-3.747935,0.000192,0.000886,-0.163105
110.5440,-0.280671,0.257027,-3.818055,0.000166,0.000825,-0.163165,-0.282869,0.304929,-3.785036,0.000108,0.000873,-0.163167
110.5920,-0.280671,0.257027,-3.818055,0.000166,0.000825,-0.163165,-0.283488,0.304784,-3.823142,0.000323,0.000946,-0.163263
110.6420,-0.280674,0.257027,-3.818056,0.000166,0.000825,-0.163182,-0.284525,0.304582,-3.842829,0.000119,0.000873,-0.163123
110.6920,-0.280675,0.257027,-3.818056,0.000166,0.000825,-0.163191,-0.285172,0.304443,-3.877699,0.000127,0.000706,-0.163091
110.7420,-0.280676,0.257027,-3.818056,0.000166,0.000825,-0.163199,-0.286293,0.304315,-3.867809,0.000022,0.000814,-0.163293
110.7920,-0.280677,0.257027,-3.818056,0.000166,0.000825,-0.163208,-0.286966,0.304183,-3.897211,0.000131,0.000718,-0.163263
110.8420,-0.280678,0.257027,-3.818056,0.000166,0.000825,-0.163216,-0.288184,0.304130,-3.848703,0.000141,0.000747,-0.163171
110.8920,-0.280679,0.257027,-3.818056,0.000166,0.000825,-0.163224,-0.288879,0.304016,-3.870537,0.000322,0.000874,-0.163282
110.9420,-0.280680,0.257027,-3.818056,0.000166,0.000825,-0.163232,-0.290314,0.304149,-3.782729,0.000151,0.000850,-0.163295
110.9920,-0.280681,0.257027,-3.818056,0.000166,0.000825,-0.163240,-0.291046,0.304062,-3.795598,0.000380,0.000659,-0.163350
111.0420,-0.280681,0.257027,-3.818056,0.000166,0.000825,-0.163240,-0.292509,0.304327,-3.678014,0.000222,0.000802,-0.163431
111.0920,-0.280682,0.257027,-3.818056,0.000166,0.000825,-0.163248,-0.293272,0.304268,-3.681609,0.000223,0.000706,-0.163384
111.1420,-0.280684,0.257027,-3.818056,0.000166,0.000825,-0.163264,-0.294764,0.304579,-3.550327,0.000190,0.000938,-0.163187
111.1920,-0.280685,0.257027,-3.818056,0.000167,0.000825,-0.163272,-0.295550,0.304546,-3.545409,0.000089,0.000807,-0.163328
111.2420,-0.280685,0.257027,-3.818056,0.000167,0.000825,-0.163272,-0.297138,0.304793,-3.416608,0.000128,0.000813,-0.163307
111.2920,-0.280687,0.257027,-3.818056,0.000167,0.000825,-0.163287,-0.297948,0.304778,-3.404659,0.000146,0.000730,-0.163136
111.3420,-0.280688,0.257027,-3.818056,0.000167,0.000825,-0.163294,-0.299522,0.304986,-3.289911,0.000275,0.000925,-0.163475
111.3920,-0.280689,0.257027,-3.818057,0.000167,0.000825,-0.163302,-0.300354,0.304980,-3.272687,0.000212,0.001019,-0.163051
111.4420,-0.280689,0.257027,-3.818057,0.000167,0.000825,-0.163309,-0.301824,0.305186,-3.177806,0.000302,0.001000,-0.163339
111.4920,-0.280690,0.257027,-3.818057,0.000167,0.000825,-0.163316,-0.302665,0.305186,-3.157004,0.000111,0.000899,-0.163224
111.5420,-0.280691,0.257027,-3.818057,0.000167,0.000825,-0.163323,-0.304095,0.305351,-3.083290,0.000204,0.001004,-0.163412
111.5920,-0.280691,0.257027,-3.818057,0.000167,0.000825,-0.163323,-0.304941,0.305356,-3.060374,-0.000057,0.001014,-0.163388
111.6420,-0.280693,0.257027,-3.818057,0.000167,0.000825,-0.163337,-0.306317,0.305439,-3.006462,0.000135,0.000938,-0.163347
111.6920,-0.280693,0.257027,-3.818057,0.000167,0.000825,-0.163337,-0.307165,0.305450,-2.982614,0.000095,0.000843,-0.163385
111.7420,-0.280695,0.257027,-3.818057,0.000167,0.000825,-0.163351,-0.308441,0.305474,-2.945953,0.000203,0.000840,-0.163344
111.7920,-0.280696,0.257027,-3.818057,0.000167,0.000825,-0.163358,-0.309291,0.305485,-2.922087,0.000092,0.000609,-0.163439
111.8420,-0.280696,0.257027,-3.818057,0.000167,0.000825,-0.163365,-0.310507,0.305489,-2.899828,0.000216,0.000815,-0.163244
111.8920,-0.280697,0.257028,-3.818057,0.000167,0.000825,-0.163372,-0.311356,0.305500,-2.876634,0.000215,0.000624,-0.163273
111.9420,-0.280698,0.257028,-3.818057,0.000167,0.000825,-0.163378,-0.312555,0.305486,-2.866064,0.000198,0.000882,-0.163309
111.9920,-0.280699,0.257028,-3.818057,0.000167,0.000825,-0.163385,-0.313400,0.305495,-2.844043,0.000179,0.000789,-0.163247
112.0420,-0.280700,0.257028,-3.818057,0.000167,0.000825,-0.163391,-0.314576,0.305446,-2.842751,0.000249,0.000708,-0.163562
112.0940,-0.280701,0.257028,-3.818057,0.000167,0.000825,-0.163398,-0.315419,0.305455,-2.822257,0.000167,0.000885,-0.163434
112.1420,-0.280701,0.257028,-3.818057,0.000167,0.000825,-0.163404,-0.316574,0.305480,-2.828161,0.000152,0.000813,-0.163434
112.1920,-0.280702,0.257028,-3.818057,0.000167,0.000825,-0.163410,-0.317412,0.305488,-2.809427,0.000092,0.000799,-0.163621
112.2420,-0.280703,0.257028,-3.818057,0.000167,0.000825,-0.163416,-0.318647,0.305520,-2.820749,0.000099,0.000793,-0.163525
112.2920,-0.280704,0.257028,-3.818057,0.000167,0.000825,-0.163422,-0.319483,0.305527,-2.803910,0.000268,0.001000,-0.163496
112.3420,-0.280704,0.257028,-3.818057,0.000167,0.000825,-0.163429,-0.320692,0.305490,-2.819139,0.000169,0.000840,-0.163214
112.3920,-0.280704,0.257028,-3.818057,0.000167,0.000825,-0.163429,-0.321522,0.305493,-2.804252,0.000307,0.000724,-0.163560
112.4420,-0.280706,0.257028,-3.818058,0.000167,0.000825,-0.163441,-0.322740,0.305429,-2.822111,0.000132,0.000951,-0.163490
112.4920,-0.280707,0.257028,-3.818058,0.000167,0.000825,-0.163446,-0.323564,0.305431,-2.809166,0.000122,0.000754,-0.163470
112.5420,-0.280707,0.257028,-3.818058,0.000167,0.000825,-0.163452,-0.324691,0.305469,-2.828582,-0.000002,0.000749,-0.163452
112.5940,-0.280708,0.257028,-3.818058,0.000167,0.000825,-0.163458,-0.325507,0.305472,-2.817520,0.000161,0.000928,-0.163383
112.6420,-0.280709,0.257028,-3.818058,0.000167,0.000825,-0.163464,-0.326494,0.305519,-2.837606,0.000232,0.000790,-0.163402
112.6920,-0.280709,0.257028,-3.818058,0.000167,0.000825,-0.163464,-0.327303,0.305521,-2.828329,0.000093,0.000883,-0.163319
112.7420,-0.280710,0.257028,-3.818058,0.000167,0.000825,-0.163475,-0.328370,0.305577,-2.848366,0.000280,0.000834,-0.163558
112.7920,-0.280711,0.257028,-3.818058,0.000167,0.000825,-0.163481,-0.329173,0.305580,-2.840745,0.000059,0.000567,-0.163543
112.8420,-0.280712,0.257028,-3.818058,0.000167,0.000825,-0.163486,-0.330347,0.305716,-2.860170,0.000051,0.000860,-0.163550
112.8920,-0.280712,0.257028,-3.818058,0.000167,0.000825,-0.163491,-0.331148,0.305724,-2.854058,0.000133,0.000842,-0.163475
112.9420,-0.280713,0.257028,-3.818058,0.000167,0.000825,-0.163497,-0.332305,0.305873,-2.872443,0.000193,0.000988,-0.163561
112.9920,-0.280714,0.257028,-3.818058,0.000167,0.000825,-0.163502,-0.333101,0.305882,-2.867682,0.000212,0.000776,-0.163420
113.0420,-0.280714,0.257028,-3.818058,0.000167,0.000825,-0.163507,-0.334236,0.305977,-2.884724,0.000274,0.000864,-0.163473
113.0920,-0.280715,0.257028,-3.818058,0.000167,0.000825,-0.163513,-0.335029,0.305984,-2.881154,0.000198,0.000682,-0.163485
113.1420,-0.280716,0.257028,-3.818058,0.000167,0.000825,-0.163518,-0.336177,0.305992,-2.896655,0.000113,0.000873,-0.163688
113.1920,-0.280716,0.257028,-3.818058,0.000167,0.000825,-0.163523,-0.336968,0.306000,-2.894115,0.000155,0.000745,-0.163378
113.2440,-0.280717,0.257028,-3.818058,0.000167,0.000825,-0.163528,-0.338120,0.306017,-2.907967,0.000034,0.000912,-0.163445
113.2920,-0.280717,0.257028,-3.818058,0.000167,0.000825,-0.163533,-0.338909,0.306024,-2.906304,0.000368,0.000660,-0.163500
113.3420,-0.280718,0.257028,-3.818058,0.000167,0.000825,-0.163538,-0.340104,0.305985,-2.918470,0.000115,0.000763,-0.163467
113.3920,-0.280719,0.257028,-3.818058,0.000167,0.000825,-0.163543,-0.340892,0.305987,-2.917539,0.000206,0.000947,-0.163444
113.4420,-0.280719,0.257028,-3.818058,0.000167,0.000825,-0.163548,-0.342056,0.305907,-2.928043,0.000121,0.000904,-0.163715
113.4920,-0.280720,0.257028,-3.818058,0.000167,0.000825,-0.163552,-0.342841,0.305906,-2.927710,0.000120,0.000954,-0.163572
113.5420,-0.280720,0.257028,-3.818058,0.000167,0.000825,-0.163557,-0.343972,0.305848,-2.936618,0.000196,0.000846,-0.163535
113.5940,-0.280721,0.257028,-3.818058,0.000167,0.000825,-0.163562,-0.344755,0.305845,-2.936765,0.000297,0.000756,-0.163475
113.6420,-0.280722,0.257029,-3.818058,0.000167,0.000825,-0.163566,-0.345917,0.305793,-2.944175,0.000024,0.000748,-0.163497
113.6920,-0.280722,0.257029,-3.818059,0.000167,0.000825,-0.163571,-0.346703,0.305789,-2.944694,0.000204,0.001079,-0.163479
113.7420,-0.280723,0.257029,-3.818059,0.000167,0.000825,-0.163576,-0.347882,0.305752,-2.950726,0.000171,0.000747,-0.163553
113.7920,-0.280723,0.257029,-3.818059,0.000167,0.000825,-0.163576,-0.348665,0.305747,-2.951523,0.000024,0.000740,-0.163641
113.8420,-0.280724,0.257029,-3.818059,0.000167,0.000825,-0.163585,-0.349835,0.305721,-2.956310,0.000047,0.000944,-0.163592
113.8920,-0.280724,0.257029,-3.818059,0.000167,0.000825,-0.163589,-0.350617,0.305716,-2.957306,0.000071,0.000970,-0.163557
113.9420,-0.280725,0.257029,-3.818059,0.000167,0.000825,-0.163593,-0.351769,0.305712,-2.960987,0.000175,0.000715,-0.163553
113.9920,-0.280726,0.257029,-3.818059,0.000167,0.000825,-0.163598,-0.352548,0.305710,-2.962114,0.000157,0.000949,-0.163476
114.0420,-0.280726,0.257029,-3.818059,0.000167,0.000825,-0.163602,-0.353710,0.305710,-2.964828,0.000138,0.000717,-0.163541
114.0920,-0.280726,0.257029,-3.818059,0.000167,0.000825,-0.163602,-0.354489,0.305709,-2.966030,0.000335,0.000787,-0.163572
114.1420,-0.280727,0.257029,-3.818059,0.000167,0.000825,-0.163610,-0.355658,0.305706,-2.967913,0.000148,0.000806,-0.163454
114.1920,-0.280728,0.257029,-3.818059,0.000167,0.000825,-0.163614,-0.356436,0.305703,-2.969144,0.000083,0.000876,-0.163569
114.2420,-0.280728,0.257029,-3.818059,0.000167,0.000825,-0.163619,-0.357607,0.305699,-2.970325,0.000073,0.000766,-0.163703
114.2940,-0.280729,0.257029,-3.818059,0.000167,0.000825,-0.163623,-0.358386,0.305696,-2.971550,0.000274,0.000783,-0.163578
114.3420,-0.280729,0.257029,-3.818059,0.000167,0.000825,-0.163627,-0.359558,0.305693,-2.972147,0.000180,0.000861,-0.163625
114.3920,-0.280730,0.257029,-3.818059,0.000167,0.000825,-0.163631,-0.360340,0.305690,-2.973337,0.000196,0.000807,-0.163607
114.4420,-0.280730,0.257029,-3.818059,0.000167,0.000825,-0.163635,-0.361511,0.305687,-2.973461,0.000118,0.000844,-0.163566
114.4920,-0.280731,0.257029,-3.818059,0.000167,0.000825,-0.163638,-0.362290,0.305684,-2.974597,0.000110,0.000977,-0.163755
114.5420,-0.280731,0.257029,-3.818059,0.000167,0.000825,-0.163642,-0.363470,0.305680,-2.974344,0.000175,0.000853,-0.163743
114.5920,-0.280731,0.257029,-3.818059,0.000167,0.000825,-0.163642,-0.364248,0.305679,-2.975412,0.000275,0.000752,-0.163520
114.6420,-0.280732,0.257029,-3.818059,0.000167,0.000825,-0.163650,-0.365427,0.305674,-2.974870,0.000146,0.000751,-0.163574
114.6920,-0.280733,0.257029,-3.818059,0.000167,0.000825,-0.163654,-0.366206,0.305672,-2.975861,0.000069,0.000834,-0.163505
114.7420,-0.280733,0.257029,-3.818059,0.000167,0.000825,-0.163657,-0.367385,0.305666,-2.975105,0.000174,0.000875,-0.163679
114.7920,-0.280733,0.257029,-3.818059,0.000167,0.000825,-0.163661,-0.368164,0.305664,-2.976013,0.000316,0.000802,-0.163571
114.8420,-0.280734,0.257029,-3.818059,0.000167,0.000825,-0.163665,-0.369336,0.305668,-2.975107,0.000151,0.000772,-0.163812
114.8920,-0.280734,0.257029,-3.818059,0.000167,0.000825,-0.163668,-0.370117,0.305665,-2.975931,-0.000046,0.000718,-0.163608
114.9420,-0.280734,0.257029,-3.818059,0.000167,0.000825,-0.163668,-0.371288,0.305662,-2.974929,0.000158,0.000677,-0.163603
114.9920,-0.280735,0.257029,-3.818059,0.000167,0.000825,-0.163675,-0.372069,0.305662,-2.975672,0.000155,0.000753,-0.163685
115.0420,-0.280736,0.257029,-3.818059,0.000167,0.000825,-0.163679,-0.373241,0.305656,-2.974618,0.000332,0.000798,-0.163665
115.0920,-0.280736,0.257029,-3.818059,0.000167,0.000825,-0.163682,-0.374021,0.305655,-2.975282,0.000239,0.000805,-0.163473
115.1420,-0.280737,0.257029,-3.818059,0.000167,0.000825,-0.163686,-0.375195,0.305657,-2.974213,0.000194,0.000889,-0.163985
115.1920,-0.280737,0.257029,-3.818059,0.000167,0.000825,-0.163689,-0.375976,0.305657,-2.974803,0.000202,0.000745,-0.163695
115.2420,-0.280737,0.257029,-3.818059,0.000167,0.000825,-0.163692,-0.377155,0.305651,-2.973747,0.000072,0.000714,-0.163595
115.2920,-0.280738,0.257029,-3.818059,0.000167,0.000825,-0.163696,-0.377936,0.305651,-2.974269,0.000379,0.000800,-0.163589
115.3420,-0.280738,0.257029,-3.818059,0.000167,0.000825,-0.163699,-0.379111,0.305654,-2.973247,0.000301,0.000661,-0.163541
115.3920,-0.280739,0.257029,-3.818059,0.000167,0.000825,-0.163702,-0.379895,0.305650,-2.973707,0.000161,0.000971,-0.163795
115.4420,-0.280739,0.257029,-3.818059,0.000167,0.000825,-0.163705,-0.381069,0.305660,-2.972735,0.000241,0.000881,-0.163656
115.4920,-0.280739,0.257029,-3.818059,0.000167,0.000825,-0.163705,-0.381853,0.305656,-2.973141,0.000073,0.000771,-0.163825
115.5420,-0.280739,0.257029,-3.818060,0.000167,0.000825,-0.163709,-0.383025,0.305662,-2.972228,0.000197,0.000854,-0.163821
115.5920,-0.280740,0.257029,-3.818060,0.000167,0.000825,-0.163715,-0.383808,0.305657,-2.972587,0.000103,0.000791,-0.163645
115.6420,-0.280740,0.257029,-3.818060,0.000167,0.000825,-0.163715,-0.384983,0.305662,-2.971740,0.000190,0.000709,-0.163734
115.6920,-0.280741,0.257029,-3.818060,0.000167,0.000825,-0.163718,-0.385766,0.305658,-2.972058,0.000151,0.000845,-0.163731
115.7420,-0.280741,0.257029,-3.818060,0.000167,0.000825,-0.163721,-0.386943,0.305659,-2.971281,0.000228,0.001027,-0.163673
115.7920,-0.280741,0.257029,-3.818060,0.000167,0.000825,-0.163724,-0.387725,0.305656,-2.971564,0.000060,0.000869,-0.163799
115.8420,-0.280742,0.257029,-3.818060,0.000167,0.000825,-0.163727,-0.388910,0.305653,-2.970857,0.000052,0.000837,-0.163575
115.8920,-0.280742,0.257029,-3.818060,0.000167,0.000825,-0.163733,-0.389690,0.305649,-2.971111,0.000147,0.000984,-0.163812
115.9420,-0.280743,0.257029,-3.818060,0.000167,0.000825,-0.163736,-0.390875,0.305648,-2.970473,0.000122,0.000969,-0.163778
115.9920,-0.280743,0.257029,-3.818060,0.000167,0.000825,-0.163738,-0.391653,0.305645,-2.970703,0.000108,0.000734,-0.163724
116.0420,-0.280743,0.257029,-3.818060,0.000167,0.000825,-0.163738,-0.392833,0.305641,-2.970130,0.000241,0.000970,-0.163748
116.0920,-0.280744,0.257030,-3.818060,0.000167,0.000825,-0.163744,-0.393611,0.305638,-2.970342,0.000010,0.000602,-0.163707
116.1420,-0.280744,0.257030,-3.818060,0.000167,0.000825,-0.163747,-0.394787,0.305634,-2.969829,0.000301,0.000957,-0.163728
116.1920,-0.280744,0.257030,-3.818060,0.000167,0.000825,-0.163747,-0.395564,0.305630,-2.970027,0.000008,0.000902,-0.163680
116.2440,-0.280745,0.257030,-3.818060,0.000167,0.000825,-0.163752,-0.396741,0.305626,-2.969569,0.000249,0.000841,-0.163785
116.2920,-0.280745,0.257030,-3.818060,0.000167,0.000825,-0.163755,-0.397520,0.305621,-2.969756,0.000295,0.000633,-0.163612
116.3420,-0.280746,0.257030,-3.818060,0.000167,0.000825,-0.163758,-0.398689,0.305619,-2.969349,0.000252,0.000971,-0.163828
116.3920,-0.280746,0.257030,-3.818060,0.000167,0.000825,-0.163760,-0.399469,0.305611,-2.969528,0.000114,0.000674,-0.163720
116.4420,-0.280746,0.257030,-3.818060,0.000167,0.000825,-0.163763,-0.400639,0.305607,-2.969165,0.000221,0.000779,-0.163896
116.4920,-0.280746,0.257030,-3.818060,0.000167,0.000825,-0.163763,-0.401421,0.305600,-2.969340,0.000011,0.000850,-0.163787
116.5420,-0.280747,0.257030,-3.818060,0.000167,0.000825,-0.163768,-0.402592,0.305592,-2.969015,0.000160,0.000810,-0.163848
116.5920,-0.280747,0.257030,-3.818060,0.000167,0.000825,-0.163771,-0.403373,0.305586,-2.969187,0.000039,0.000761,-0.163791
116.6440,-0.280748,0.257030,-3.818060,0.000167,0.000825,-0.163773,-0.404544,0.305577,-2.968894,0.000341,0.000897,-0.163737
116.6920,-0.280748,0.257030,-3.818060,0.000167,0.000825,-0.163773,-0.405325,0.305570,-2.969066,0.000053,0.000874,-0.163778
116.7420,-0.280748,0.257030,-3.818060,0.000167,0.000825,-0.163778,-0.406497,0.305561,-2.968801,0.000163,0.000832,-0.163758
116.7920,-0.280748,0.257030,-3.818060,0.000167,0.000825,-0.163778,-0.407277,0.305556,-2.968973,0.000332,0.000559,-0.163818
116.8420,-0.280749,0.257030,-3.818060,0.000167,0.000825,-0.163783,-0.408447,0.305546,-2.968731,0.000087,0.000687,-0.163877
116.8920,-0.280749,0.257030,-3.818060,0.000167,0.000825,-0.163785,-0.409232,0.305542,-2.968905,0.000148,0.000838,-0.163904
116.9420,-0.280749,0.257030,-3.818060,0.000167,0.000825,-0.163787,-0.410403,0.305531,-2.968682,0.000200,0.000751,-0.163814
116.9960,-0.280750,0.257030,-3.818060,0.000167,0.000825,-0.163790,-0.411190,0.305526,-2.968858,0.000021,0.000899,-0.163730
117.0420,-0.280750,0.257030,-3.818060,0.000167,0.000825,-0.163792,-0.412362,0.305515,-2.968649,0.000184,0.000752,-0.163765
117.0940,-0.280750,0.257030,-3.818060,0.000167,0.000825,-0.163794,-0.413149,0.305511,-2.968828,0.000188,0.000888,-0.163947
117.1420,-0.280750,0.257030,-3.818060,0.000167,0.000825,-0.163797,-0.414326,0.305500,-2.968630,0.000030,0.000684,-0.163677
117.1920,-0.280751,0.257030,-3.818060,0.000167,0.000825,-0.163799,-0.415114,0.305496,-2.968812,0.000257,0.000774,-0.163923
117.2420,-0.280751,0.257030,-3.818060,0.000167,0.000825,-0.163799,-0.416292,0.305487,-2.968623,0.000103,0.000567,-0.163645
117.2920,-0.280751,0.257030,-3.818060,0.000167,0.000825,-0.163803,-0.417084,0.305484,-2.968809,0.000232,0.000840,-0.163952
117.3420,-0.280752,0.257030,-3.818060,0.000167,0.000825,-0.163805,-0.418264,0.305475,-2.968625,0.000244,0.000774,-0.163743
117.3920,-0.280752,0.257030,-3.818060,0.000167,0.000825,-0.163808,-0.419059,0.305470,-2.968814,0.000243,0.000699,-0.163853
117.4420,-0.280752,0.257030,-3.818060,0.000167,0.000825,-0.163810,-0.420240,0.305463,-2.968634,0.000205,0.000820,-0.163777
117.4920,-0.280752,0.257030,-3.818060,0.000167,0.000825,-0.163812,-0.421035,0.305457,-2.968826,0.000375,0.000890,-0.163763
117.5420,-0.280753,0.257030,-3.818060,0.000167,0.000825,-0.163814,-0.422222,0.305454,-2.968647,0.000207,0.000889,-0.163748
117.5920,-0.280753,0.257030,-3.818060,0.000167,0.000825,-0.163814,-0.423015,0.305449,-2.968842,0.000109,0.000898,-0.163866
117.6420,-0.280753,0.257030,-3.818060,0.000167,0.000825,-0.163818,-0.424207,0.305440,-2.968664,0.000195,0.000851,-0.163796
117.6920,-0.280753,0.257030,-3.818060,0.000167,0.000825,-0.163820,-0.425000,0.305435,-2.968863,0.000044,0.000688,-0.163738
117.7420,-0.280754,0.257030,-3.818060,0.000167,0.000825,-0.163822,-0.426191,0.305426,-2.968684,0.000158,0.000918,-0.163981
117.7940,-0.280754,0.257030,-3.818060,0.000167,0.000825,-0.163824,-0.426983,0.305422,-2.968885,0.000294,0.000729,-0.163816
117.8420,-0.280754,0.257030,-3.818060,0.000167,0.000825,-0.163826,-0.428176,0.305415,-2.968705,0.000161,0.000799,-0.163632
117.8920,-0.280754,0.257030,-3.818060,0.000167,0.000825,-0.163828,-0.428968,0.305411,-2.968908,0.000103,0.000803,-0.163738
117.9420,-0.280755,0.257030,-3.818060,0.000167,0.000825,-0.163830,-0.430163,0.305403,-2.968726,0.000139,0.000859,-0.163753
117.9920,-0.280755,0.257030,-3.818060,0.000167,0.000825,-0.163830,-0.430955,0.305401,-2.968931,0.000023,0.000844,-0.163888
118.0420,-0.280755,0.257030,-3.818060,0.000167,0.000825,-0.163833,-0.432151,0.305394,-2.968746,0.000128,0.000962,-0.163781
118.0920,-0.280755,0.257030,-3.818060,0.000167,0.000825,-0.163835,-0.432941,0.305394,-2.968954,0.000095,0.000880,-0.163729
118.1420,-0.280756,0.257030,-3.818060,0.000167,0.000825,-0.163837,-0.434140,0.305385,-2.968766,0.000056,0.000440,-0.163902
118.1920,-0.280756,0.257030,-3.818060,0.000167,0.000825,-0.163839,-0.434934,0.305386,-2.968975,0.000293,0.000714,-0.163721
118.2420,-0.280756,0.257030,-3.818060,0.000167,0.000825,-0.163841,-0.436128,0.305380,-2.968785,0.000060,0.000795,-0.163746
118.2920,-0.280756,0.257030,-3.818060,0.000167,0.000825,-0.163841,-0.436923,0.305379,-2.968995,0.000034,0.000700,-0.163912
118.3420,-0.280756,0.257030,-3.818061,0.000167,0.000825,-0.163844,-0.438117,0.305375,-2.968802,0.000205,0.000588,-0.163937
118.3920,-0.280756,0.257030,-3.818061,0.000167,0.000825,-0.163844,-0.438916,0.305377,-2.969014,0.000260,0.000894,-0.163935
118.4420,-0.280757,0.257030,-3.818061,0.000167,0.000825,-0.163848,-0.440110,0.305374,-2.968817,0.000225,0.000930,-0.163777
118.4960,-0.280757,0.257030,-3.818061,0.000167,0.000825,-0.163849,-0.440911,0.305375,-2.969030,0.000099,0.000799,-0.163856
118.5420,-0.280757,0.257030,-3.818061,0.000167,0.000825,-0.163851,-0.442107,0.305375,-2.968831,0.000241,0.000505,-0.163860
118.5920,-0.280757,0.257030,-3.818061,0.000167,0.000825,-0.163851,-0.442910,0.305377,-2.969044,-0.000059,0.000873,-0.163791
118.6420,-0.280758,0.257030,-3.818061,0.000167,0.000825,-0.163853,-0.444107,0.305379,-2.968843,0.000244,0.000879,-0.163819
118.6920,-0.280758,0.257030,-3.818061,0.000167,0.000825,-0.163856,-0.444911,0.305384,-2.969057,0.000212,0.000889,-0.163835
118.7420,-0.280758,0.257030,-3.818061,0.000167,0.000825,-0.163858,-0.446111,0.305387,-2.968853,0.000220,0.000686,-0.164015
118.7920,-0.280758,0.257030,-3.818061,0.000167,0.000825,-0.163859,-0.446913,0.305392,-2.969067,0.000186,0.000811,-0.163765
118.8420,-0.280759,0.257030,-3.818061,0.000167,0.000825,-0.163861,-0.448117,0.305397,-2.968862,0.000288,0.000718,-0.163848
118.8920,-0.280759,0.257030,-3.818061,0.000167,0.000825,-0.163862,-0.448923,0.305401,-2.969077,0.000170,0.000906,-0.163797
118.9420,-0.280759,0.257030,-3.818061,0.000167,0.000825,-0.163864,-0.450127,0.305409,-2.968869,0.000220,0.000931,-0.163772
118.9920,-0.280759,0.257030,-3.818061,0.000167,0.000825,-0.163866,-0.450931,0.305411,-2.969084,0.000086,0.000801,-0.163813
119.0420,-0.280759,0.257030,-3.818061,0.000167,0.000825,-0.163867,-0.452142,0.305419,-2.968875,0.000191,0.000720,-0.163994
119.0920,-0.280760,0.257030,-3.818061,0.000167,0.000825,-0.163869,-0.452948,0.305421,-2.969090,0.000062,0.000801,-0.163977
119.1420,-0.280760,0.257030,-3.818061,0.000167,0.000825,-0.163870,-0.454157,0.305431,-2.968880,0.000241,0.000798,-0.163978
119.1920,-0.280760,0.257030,-3.818061,0.000167,0.000825,-0.163872,-0.454965,0.305434,-2.969095,0.000318,0.000957,-0.163960
119.2420,-0.280760,0.257030,-3.818061,0.000167,0.000825,-0.163872,-0.456176,0.305449,-2.968883,0.000211,0.000876,-0.163983
119.2920,-0.280760,0.257030,-3.818061,0.000167,0.000825,-0.163873,-0.456982,0.305450,-2.969098,0.000098,0.000910,-0.164048
119.3420,-0.280760,0.257030,-3.818061,0.000167,0.000825,-0.163876,-0.458201,0.305462,-2.968886,0.000209,0.000745,-0.163857
119.3920,-0.280761,0.257030,-3.818061,0.000167,0.000825,-0.163877,-0.459003,0.305462,-2.969100,0.000328,0.000736,-0.163797
119.4420,-0.280761,0.257030,-3.818061,0.000167,0.000825,-0.163879,-0.460224,0.305476,-2.968888,0.000151,0.000842,-0.163773
119.4920,-0.280761,0.257030,-3.818061,0.000167,0.000825,-0.163880,-0.461028,0.305474,-2.969102,0.000084,0.000944,-0.163771
119.5420,-0.280761,0.257030,-3.818061,0.000167,0.000825,-0.163881,-0.462249,0.305488,-2.968889,0.000106,0.001118,-0.163898
119.5940,-0.280761,0.257030,-3.818061,0.000167,0.000825,-0.163883,-0.463050,0.305485,-2.969103,0.000016,0.000994,-0.163811
119.6420,-0.280762,0.257030,-3.818061,0.000167,0.000825,-0.163884,-0.464275,0.305495,-2.968890,0.000196,0.000888,-0.163793
119.6920,-0.280762,0.257030,-3.818061,0.000167,0.000825,-0.163884,-0.465072,0.305494,-2.969104,0.000375,0.000969,-0.163982
119.7420,-0.280762,0.257030,-3.818061,0.000167,0.000825,-0.163887,-0.466297,0.305504,-2.968890,-0.000003,0.000881,-0.164040
119.7920,-0.280762,0.257030,-3.818061,0.000167,0.000825,-0.163888,-0.467093,0.305502,-2.969104,0.000353,0.000810,-0.163948
119.8420,-0.280762,0.257030,-3.818061,0.000167,0.000825,-0.163889,-0.468312,0.305506,-2.968890,0.000172,0.000891,-0.163928
119.8920,-0.280762,0.257030,-3.818061,0.000167,0.000825,-0.163891,-0.469108,0.305503,-2.969104,0.000228,0.000940,-0.163843
119.9420,-0.280762,0.257030,-3.818061,0.000167,0.000825,-0.163892,-0.470326,0.305505,-2.968889,0.000282,0.000807,-0.163977
119.9940,-0.280763,0.257030,-3.818061,0.000167,0.000825,-0.163893,-0.471121,0.305504,-2.969103,-0.000001,0.000789,-0.163839
120.0440,-0.280763,0.257030,-3.818061,0.000167,0.000825,-0.163894,-0.472331,0.305499,-2.968889,0.000232,0.000849,-0.163828
120.0920,-0.280763,0.257030,-3.818061,0.000167,0.000825,-0.163894,-0.473126,0.305498,-2.969103,0.000201,0.000801,-0.163963
120.1440,-0.280763,0.257030,-3.818061,0.000167,0.000825,-0.163897,-0.474331,0.305498,-2.968888,0.000250,0.000846,-0.163897
120.1920,-0.280763,0.257030,-3.818061,0.000167,0.000825,-0.163898,-0.475125,0.305497,-2.969102,0.000234,0.000897,-0.163935
120.2420,-0.280763,0.257030,-3.818061,0.000167,0.000825,-0.163899,-0.476331,0.305499,-2.968887,0.000292,0.001105,-0.163813
120.2920,-0.280763,0.257030,-3.818061,0.000167,0.000825,-0.163899,-0.477123,0.305496,-2.969101,0.000074,0.001003,-0.163884
120.3420,-0.280764,0.257030,-3.818061,0.000167,0.000825,-0.163902,-0.478330,0.305493,-2.968886,0.000222,0.000908,-0.163973
120.3920,-0.280764,0.257030,-3.818061,0.000167,0.000825,-0.163902,-0.479120,0.305494,-2.969100,0.000176,0.000861,-0.164121
120.4440,-0.280764,0.257031,-3.818061,0.000167,0.000825,-0.163904,-0.480323,0.305487,-2.968886,0.000142,0.000840,-0.163768
120.4920,-0.280764,0.257031,-3.818061,0.000167,0.000825,-0.163905,-0.481114,0.305489,-2.969099,0.000144,0.000738,-0.163907
120.5420,-0.280764,0.257031,-3.818061,0.000167,0.000825,-0.163906,-0.482300,0.305480,-2.968885,-0.000074,0.000636,-0.163783
120.5920,-0.280764,0.257031,-3.818061,0.000167,0.000825,-0.163907,-0.483093,0.305484,-2.969098,0.000225,0.001080,-0.163975
120.6440,-0.280765,0.257031,-3.818061,0.000167,0.000825,-0.163908,-0.484282,0.305475,-2.968884,0.000130,0.000895,-0.163932
120.6920,-0.280765,0.257031,-3.818061,0.000167,0.000825,-0.163909,-0.485073,0.305481,-2.969097,0.000323,0.000636,-0.163881
120.7420,-0.280765,0.257031,-3.818061,0.000167,0.000825,-0.163910,-0.486255,0.305473,-2.968884,0.000254,0.000905,-0.163915
120.7920,-0.280765,0.257031,-3.818061,0.000167,0.000825,-0.163911,-0.487046,0.305477,-2.969097,0.000055,0.000840,-0.164041
120.8420,-0.280765,0.257031,-3.818061,0.000167,0.000825,-0.163913,-0.488234,0.305473,-2.968883,0.000077,0.000849,-0.163767
120.8920,-0.280765,0.257031,-3.818061,0.000167,0.000825,-0.163914,-0.489023,0.305478,-2.969096,0.000253,0.000896,-0.163995
120.9420,-0.280765,0.257031,-3.818061,0.000167,0.000825,-0.163915,-0.490212,0.305478,-2.968882,0.000221,0.000740,-0.163730
120.9920,-0.280765,0.257031,-3.818061,0.000167,0.000825,-0.163916,-0.491001,0.305483,-2.969095,0.000154,0.001037,-0.163899
121.0420,-0.280765,0.257031,-3.818061,0.000167,0.000825,-0.163916,-0.492186,0.305484,-2.968882,0.000113,0.000809,-0.163757
121.0920,-0.280766,0.257031,-3.818061,0.000167,0.000825,-0.163917,-0.492972,0.305489,-2.969095,0.000145,0.000910,-0.163872
121.2780,-0.280766,0.257031,-3.818061,0.000167,0.000825,-0.163921,-0.496118,0.305501,-2.968881,-0.000003,0.000916,-0.163916
121.3280,-0.280766,0.257031,-3.818061,0.000167,0.000825,-0.163921,-0.496904,0.305508,-2.969094,0.000186,0.000908,-0.163869
121.3780,-0.280766,0.257031,-3.818061,0.000167,0.000825,-0.163922,-0.498082,0.305511,-2.968880,0.000300,0.000655,-0.164011
121.4300,-0.280766,0.257031,-3.818061,0.000167,0.000825,-0.163923,-0.498867,0.305518,-2.969093,0.000173,0.000798,-0.163874
121.4780,-0.280767,0.257031,-3.818061,0.000167,0.000825,-0.163924,-0.500039,0.305529,-2.968880,0.000201,0.001008,-0.163867
121.5280,-0.280767,0.257031,-3.818061,0.000167,0.000825,-0.163925,-0.500821,0.305536,-2.969093,0.000013,0.000992,-0.163986
121.5780,-0.280767,0.257031,-3.818061,0.000167,0.000825,-0.163926,-0.502004,0.305543,-2.968880,0.000012,0.000833,-0.163856
121.6280,-0.280767,0.257031,-3.818061,0.000167,0.000825,-0.163927,-0.502785,0.305549,-2.969093,0.000087,0.000864,-0.163861
121.6780,-0.280767,0.257031,-3.818061,0.000167,0.000825,-0.163928,-0.503963,0.305564,-2.968880,0.000185,0.000920,-0.163931
121.7280,-0.280767,0.257031,-3.818061,0.000167,0.000825,-0.163929,-0.504744,0.305569,-2.969093,0.000205,0.001012,-0.163901
121.7780,-0.280767,0.257031,-3.818061,0.000167,0.000825,-0.163930,-0.505918,0.305586,-2.968880,-0.000005,0.000743,-0.163941
121.8280,-0.280767,0.257031,-3.818061,0.000167,0.000825,-0.163931,-0.506698,0.305591,-2.969093,-0.000090,0.000813,-0.163899
121.8780,-0.280767,0.257031,-3.818061,0.000167,0.000825,-0.163931,-0.507868,0.305600,-2.968880,0.000013,0.000890,-0.163962
121.9280,-0.280768,0.257031,-3.818061,0.000167,0.000825,-0.163932,-0.508646,0.305609,-2.969092,0.000127,0.000821,-0.164084
121.9780,-0.280768,0.257031,-3.818061,0.000167,0.000825,-0.163933,-0.509817,0.305622,-2.968879,0.000140,0.000812,-0.163874
122.0280,-0.280768,0.257031,-3.818061,0.000167,0.000825,-0.163934,-0.510593,0.305633,-2.969092,0.000301,0.000661,-0.163893
122.0780,-0.280768,0.257031,-3.818061,0.000167,0.000825,-0.163935,-0.511756,0.305646,-2.968880,0.000430,0.000886,-0.163852
122.1300,-0.280768,0.257031,-3.818061,0.000167,0.000825,-0.163935,-0.512533,0.305655,-2.969092,0.000307,0.000934,-0.163999
122.1780,-0.280768,0.257031,-3.818061,0.000167,0.000825,-0.163936,-0.513701,0.305676,-2.968879,-0.000003,0.000652,-0.164047
122.2280,-0.280768,0.257031,-3.818061,0.000167,0.000825,-0.163937,-0.514476,0.305684,-2.969092,0.000290,0.000908,-0.164012
122.2780,-0.280768,0.257031,-3.818061,0.000167,0.000825,-0.163938,-0.515638,0.305705,-2.968880,0.000296,0.000749,-0.163933
122.3280,-0.280768,0.257031,-3.818061,0.000167,0.000825,-0.163939,-0.516414,0.305712,-2.969093,0.000088,0.000931,-0.163875
122.3780,-0.280768,0.257031,-3.818061,0.000167,0.000825,-0.163939,-0.517572,0.305737,-2.968880,0.000101,0.000712,-0.164021
122.4280,-0.280769,0.257031,-3.818061,0.000167,0.000825,-0.163940,-0.518348,0.305745,-2.969093,0.000197,0.000818,-0.164104
122.4780,-0.280769,0.257031,-3.818061,0.000167,0.000825,-0.163941,-0.519502,0.305766,-2.968880,-0.000019,0.000622,-0.163967
122.5280,-0.280769,0.257031,-3.818061,0.000167,0.000825,-0.163942,-0.520278,0.305776,-2.969093,0.000131,0.000860,-0.164052
122.5780,-0.280769,0.257031,-3.818061,0.000167,0.000825,-0.163942,-0.521430,0.305783,-2.968880,0.000075,0.000960,-0.163897
122.6280,-0.280769,0.257031,-3.818061,0.000167,0.000825,-0.163943,-0.522205,0.305794,-2.969093,0.000208,0.000907,-0.164028
122.6780,-0.280769,0.257031,-3.818061,0.000167,0.000825,-0.163944,-0.523364,0.305808,-2.968880,0.000162,0.000807,-0.164091
122.7280,-0.280769,0.257031,-3.818061,0.000167,0.000825,-0.163945,-0.524138,0.305815,-2.969093,0.000267,0.000908,-0.163800
122.7780,-0.280769,0.257031,-3.818061,0.000167,0.000825,-0.163945,-0.525293,0.305844,-2.968880,0.000180,0.000954,-0.163895
122.8280,-0.280769,0.257031,-3.818061,0.000167,0.000825,-0.163946,-0.526066,0.305852,-2.969093,0.000115,0.000972,-0.164028
122.8780,-0.280769,0.257031,-3.818061,0.000167,0.000825,-0.163947,-0.527229,0.305874,-2.968880,-0.000001,0.000853,-0.163938
122.9280,-0.280769,0.257031,-3.818061,0.000167,0.000825,-0.163947,-0.527998,0.305881,-2.969093,0.000031,0.000853,-0.163927
122.9780,-0.280770,0.257031,-3.818061,0.000167,0.000825,-0.163948,-0.529160,0.305899,-2.968880,0.000273,0.000835,-0.164036
123.0280,-0.280770,0.257031,-3.818061,0.000167,0.000825,-0.163949,-0.529929,0.305907,-2.969093,0.000193,0.000747,-0.164129
123.0780,-0.280770,0.257031,-3.818061,0.000167,0.000825,-0.163949,-0.531079,0.305927,-2.968880,0.000312,0.000854,-0.164084
123.1280,-0.280770,0.257031,-3.818061,0.000167,0.000825,-0.163950,-0.531849,0.305933,-2.969093,0.000156,0.000757,-0.164020
123.1780,-0.280770,0.257031,-3.818061,0.000167,0.000825,-0.163951,-0.533001,0.305954,-2.968880,0.000249,0.000642,-0.164120
123.2280,-0.280770,0.257031,-3.818061,0.000167,0.000825,-0.163951,-0.533771,0.305958,-2.969093,0.000127,0.000741,-0.163953
123.2780,-0.280770,0.257031,-3.818061,0.000167,0.000825,-0.163952,-0.534920,0.305983,-2.968880,0.000073,0.000750,-0.163942
123.3300,-0.280770,0.257031,-3.818061,0.000167,0.000825,-0.163953,-0.535691,0.305987,-2.969093,0.000163,0.000869,-0.163923
123.3780,-0.280770,0.257031,-3.818061,0.000167,0.000825,-0.163953,-0.536833,0.306004,-2.968880,0.000205,0.000734,-0.163680
123.4280,-0.280770,0.257031,-3.818061,0.000167,0.000825,-0.163954,-0.537606,0.306007,-2.969093,0.000096,0.000816,-0.163868
123.4780,-0.280770,0.257031,-3.818061,0.000167,0.000825,-0.163954,-0.538744,0.306025,-2.968880,0.000293,0.001044,-0.163897
123.5280,-0.280770,0.257031,-3.818061,0.000167,0.000825,-0.163955,-0.539514,0.306026,-2.969093,0.000377,0.000782,-0.163850
123.5780,-0.280771,0.257031,-3.818061,0.000167,0.000825,-0.163956,-0.540665,0.306054,-2.968880,0.000055,0.000550,-0.163905
123.6280,-0.280771,0.257031,-3.818061,0.000167,0.000825,-0.163956,-0.541437,0.306054,-2.969093,0.000136,0.000892,-0.163998
123.6780,-0.280771,0.257031,-3.818061,0.000167,0.000825,-0.163957,-0.542583,0.306070,-2.968880,0.000164,0.000748,-0.164012
123.7280,-0.280771,0.257031,-3.818061,0.000167,0.000825,-0.163957,-0.543353,0.306071,-2.969093,0.000108,0.000761,-0.163787
123.7780,-0.280771,0.257031,-3.818061,0.000167,0.000825,-0.163958,-0.544501,0.306081,-2.968880,0.000120,0.000889,-0.163897
123.8280,-0.280771,0.257031,-3.818061,0.000167,0.000825,-0.163959,-0.545272,0.306084,-2.969093,0.000055,0.000927,-0.163725
123.8800,-0.280771,0.257031,-3.818061,0.000167,0.000825,-0.163959,-0.546423,0.306077,-2.968880,0.000179,0.000817,-0.164029
123.9280,-0.280771,0.257031,-3.818061,0.000167,0.000825,-0.163960,-0.547192,0.306081,-2.969093,-0.000022,0.000794,-0.163986
123.9780,-0.280771,0.257031,-3.818061,0.000167,0.000825,-0.163960,-0.548344,0.306071,-2.968880,0.000143,0.001086,-0.163865
124.0280,-0.280771,0.257031,-3.818061,0.000167,0.000825,-0.163961,-0.549111,0.306076,-2.969093,-0.000021,0.000748,-0.164019
124.0780,-0.280771,0.257031,-3.818061,0.000167,0.000825,-0.163961,-0.550270,0.306063,-2.968880,0.000054,0.000871,-0.163820
124.1280,-0.280771,0.257031,-3.818061,0.000167,0.000825,-0.163962,-0.551036,0.306068,-2.969093,0.000141,0.000930,-0.164049
124.1800,-0.280771,0.257031,-3.818061,0.000167,0.000825,-0.163962,-0.552198,0.306066,-2.968880,0.000041,0.000844,-0.164051
124.2280,-0.280771,0.257031,-3.818061,0.000167,0.000825,-0.163963,-0.552964,0.306071,-2.969093,0.000103,0.000856,-0.163916
124.2800,-0.280772,0.257031,-3.818061,0.000167,0.000825,-0.163963,-0.554120,0.306065,-2.968880,0.000276,0.000906,-0.164070
124.3280,-0.280772,0.257031,-3.818061,0.000167,0.000825,-0.163964,-0.554886,0.306069,-2.969093,0.000190,0.000942,-0.163794
124.3780,-0.280772,0.257031,-3.818061,0.000167,0.000825,-0.163964,-0.556041,0.306070,-2.968880,0.000197,0.000910,-0.163956
124.4280,-0.280772,0.257031,-3.818061,0.000167,0.000825,-0.163965,-0.556805,0.306075,-2.969093,0.000276,0.000781,-0.163979
124.4780,-0.280772,0.257031,-3.818061,0.000167,0.000825,-0.163965,-0.557959,0.306085,-2.968880,0.000090,0.000948,-0.163831
124.5300,-0.280772,0.257031,-3.818061,0.000167,0.000825,-0.163966,-0.558722,0.306089,-2.969093,0.000220,0.000900,-0.164004
124.5780,-0.280772,0.257031,-3.818061,0.000167,0.000825,-0.163966,-0.559881,0.306090,-2.968880,0.000104,0.000741,-0.163947
124.6280,-0.280772,0.257031,-3.818061,0.000167,0.000825,-0.163967,-0.560642,0.306095,-2.969093,0.000088,0.000940,-0.163996
124.6780,-0.280772,0.257031,-3.818061,0.000167,0.000825,-0.163967,-0.561803,0.306087,-2.968880,0.000118,0.000981,-0.163963
124.7280,-0.280772,0.257031,-3.818061,0.000167,0.000825,-0.163968,-0.562560,0.306095,-2.969093,0.000145,0.000710,-0.164233
124.7780,-0.280772,0.257031,-3.818061,0.000167,0.000825,-0.163968,-0.563722,0.306088,-2.968880,0.000099,0.000788,-0.164030
124.8280,-0.280772,0.257031,-3.818061,0.000167,0.000825,-0.163969,-0.564480,0.306096,-2.969093,0.000222,0.000772,-0.163874
124.8800,-0.280772,0.257031,-3.818061,0.000167,0.000825,-0.163969,-0.565624,0.306094,-2.968880,0.000093,0.000716,-0.164080
124.9280,-0.280772,0.257031,-3.818061,0.000167,0.000825,-0.163970,-0.566385,0.306100,-2.969093,0.000309,0.000774,-0.164003
124.9780,-0.280772,0.257031,-3.818061,0.000167,0.000825,-0.163970,-0.567514,0.306110,-2.968880,0.000203,0.000631,-0.163843
125.0280,-0.280772,0.257031,-3.818061,0.000167,0.000825,-0.163971,-0.568275,0.306114,-2.969093,0.000189,0.000820,-0.163914
125.0780,-0.280773,0.257031,-3.818061,0.000167,0.000825,-0.163971,-0.569402,0.306129,-2.968880,0.000086,0.000885,-0.163899
125.1280,-0.280773,0.257031,-3.818061,0.000167,0.000825,-0.163971,-0.570164,0.306131,-2.969093,0.000310,0.000721,-0.164118
125.1780,-0.280773,0.257031,-3.818061,0.000167,0.000825,-0.163972,-0.571289,0.306151,-2.968880,0.000274,0.000647,-0.164149
125.2280,-0.280773,0.257031,-3.818061,0.000167,0.000825,-0.163972,-0.572053,0.306153,-2.969093,0.000324,0.000660,-0.163923
125.2780,-0.280773,0.257031,-3.818061,0.000167,0.000825,-0.163973,-0.573159,0.306176,-2.968880,0.000367,0.000808,-0.164066
125.3280,-0.280773,0.257031,-3.818061,0.000167,0.000825,-0.163973,-0.573925,0.306175,-2.969093,0.000096,0.000744,-0.163911
125.3780,-0.280773,0.257031,-3.818061,0.000167,0.000825,-0.163974,-0.575038,0.306195,-2.968880,0.000179,0.000942,-0.163915
125.4280,-0.280773,0.257031,-3.818061,0.000167,0.000825,-0.163974,-0.575805,0.306195,-2.969093,0.000204,0.000877,-0.164050
125.4780,-0.280773,0.257031,-3.818061,0.000167,0.000825,-0.163974,-0.576929,0.306213,-2.968880,0.000201,0.000954,-0.163908
125.5280,-0.280773,0.257031,-3.818061,0.000167,0.000825,-0.163975,-0.577694,0.306213,-2.969093,0.000031,0.000945,-0.164019
125.5780,-0.280773,0.257031,-3.818061,0.000167,0.000825,-0.163975,-0.578836,0.306223,-2.968880,0.000332,0.000735,-0.163965
125.6280,-0.280773,0.257031,-3.818061,0.000167,0.000825,-0.163976,-0.579599,0.306221,-2.969093,0.000128,0.000993,-0.163922
125.6780,-0.280773,0.257031,-3.818061,0.000167,0.000825,-0.163976,-0.580752,0.306232,-2.968880,0.000112,0.000803,-0.164171
125.7280,-0.280773,0.257031,-3.818061,0.000167,0.000825,-0.163976,-0.581515,0.306231,-2.969093,0.000211,0.000882,-0.164010
125.7780,-0.280773,0.257031,-3.818061,0.000167,0.000825,-0.163977,-0.582661,0.306241,-2.968880,0.000183,0.000765,-0.163960
125.8280,-0.280773,0.257031,-3.818061,0.000167,0.000825,-0.163977,-0.583425,0.306240,-2.969093,0.000234,0.000846,-0.163929
125.8780,-0.280773,0.257031,-3.818061,0.000167,0.000825,-0.163977,-0.584563,0.306244,-2.968880,0.000075,0.001046,-0.164073
125.9280,-0.280773,0.257031,-3.818061,0.000167,0.000825,-0.163978,-0.585324,0.306245,-2.969093,0.000155,0.000782,-0.164082
125.9780,-0.280773,0.257031,-3.818061,0.000167,0.000825,-0.163978,-0.586477,0.306232,-2.968880,0.000157,0.000896,-0.163917
126.0280,-0.280773,0.257031,-3.818061,0.000167,0.000825,-0.163979,-0.587238,0.306235,-2.969093,0.000115,0.000779,-0.163820
126.0780,-0.280774,0.257031,-3.818061,0.000167,0.000825,-0.163979,-0.588389,0.306209,-2.968880,0.000210,0.000789,-0.163901
126.1280,-0.280774,0.257031,-3.818061,0.000167,0.000825,-0.163979,-0.589151,0.306212,-2.969093,0.000284,0.000999,-0.163785
126.1780,-0.280774,0.257031,-3.818061,0.000167,0.000825,-0.163980,-0.590300,0.306204,-2.968880,0.000359,0.000707,-0.164000
126.2280,-0.280774,0.257031,-3.818061,0.000167,0.000825,-0.163980,-0.591061,0.306205,-2.969093,0.000182,0.000853,-0.163877
126.2780,-0.280774,0.257031,-3.818061,0.000167,0.000825,-0.163980,-0.592209,0.306203,-2.968880,0.000164,0.000767,-0.164058
126.3280,-0.280774,0.257031,-3.818061,0.000167,0.000825,-0.163981,-0.592969,0.306203,-2.969093,0.000229,0.000863,-0.164106
126.3780,-0.280774,0.257031,-3.818061,0.000167,0.000825,-0.163981,-0.594124,0.306202,-2.968880,0.000264,0.000724,-0.163952
126.4280,-0.280774,0.257031,-3.818061,0.000167,0.000825,-0.163981,-0.594885,0.306199,-2.969093,0.000264,0.000941,-0.163788
126.4780,-0.280774,0.257031,-3.818061,0.000167,0.000825,-0.163982,-0.596028,0.306218,-2.968880,0.000032,0.000592,-0.164074
126.5280,-0.280774,0.257031,-3.818061,0.000167,0.000825,-0.163982,-0.596789,0.306214,-2.969093,0.000223,0.000901,-0.164004
126.5780,-0.280774,0.257031,-3.818061,0.000167,0.000825,-0.163982,-0.597926,0.306221,-2.968880,0.000176,0.000825,-0.164083
126.6280,-0.280774,0.257031,-3.818061,0.000167,0.000825,-0.163983,-0.598689,0.306216,-2.969093,0.000158,0.000760,-0.163825
126.6780,-0.280774,0.257031,-3.818061,0.000167,0.000825,-0.163983,-0.599826,0.306219,-2.968880,0.000131,0.000723,-0.163949
126.7280,-0.280774,0.257031,-3.818061,0.000167,0.000825,-0.163983,-0.600590,0.306215,-2.969093,0.000153,0.000938,-0.163992
126.7780,-0.280774,0.257031,-3.818061,0.000167,0.000825,-0.163984,-0.601729,0.306210,-2.968880,0.000138,0.000878,-0.163834
126.8280,-0.280774,0.257031,-3.818061,0.000167,0.000825,-0.163984,-0.602491,0.306209,-2.969093,0.000073,0.000825,-0.163962
126.8780,-0.280774,0.257031,-3.818061,0.000167,0.000825,-0.163984,-0.603637,0.306182,-2.968880,0.000098,0.000706,-0.163849
126.9300,-0.280774,0.257031,-3.818061,0.000167,0.000825,-0.163984,-0.604399,0.306182,-2.969093,0.000151,0.000769,-0.163972
126.9780,-0.280774,0.257031,-3.818062,0.000167,0.000825,-0.163985,-0.605531,0.306154,-2.968880,0.000117,0.000839,-0.163905
127.0300,-0.280774,0.257031,-3.818062,0.000167,0.000825,-0.163985,-0.606294,0.306155,-2.969093,0.000266,0.000766,-0.164079
127.0780,-0.280774,0.257031,-3.818062,0.000167,0.000825,-0.163985,-0.607434,0.306132,-2.968880,0.000182,0.000847,-0.163861
127.1280,-0.280774,0.257031,-3.818062,0.000167,0.000825,-0.163986,-0.608196,0.306133,-2.969093,0.000245,0.000784,-0.163872
127.1780,-0.280774,0.257031,-3.818062,0.000167,0.000825,-0.163986,-0.609338,0.306119,-2.968880,0.000060,0.001039,-0.164063
127.2280,-0.280774,0.257031,-3.818062,0.000167,0.000825,-0.163986,-0.610099,0.306118,-2.969093,0.000048,0.000806,-0.163992
127.2780,-0.280774,0.257031,-3.818062,0.000167,0.000825,-0.163986,-0.611258,0.306111,-2.968880,0.000232,0.000848,-0.164032
127.3280,-0.280775,0.257031,-3.818062,0.000167,0.000825,-0.163987,-0.612019,0.306110,-2.969093,0.000131,0.000687,-0.163788
127.3780,-0.280775,0.257031,-3.818062,0.000167,0.000825,-0.163987,-0.613155,0.306104,-2.968880,0.000156,0.000847,-0.164011
127.4280,-0.280775,0.257031,-3.818062,0.000167,0.000825,-0.163987,-0.613918,0.306103,-2.969093,0.000142,0.000678,-0.164069
127.4780,-0.280775,0.257031,-3.818062,0.000167,0.000825,-0.163988,-0.615047,0.306102,-2.968880,0.000312,0.000875,-0.164040
127.5280,-0.280775,0.257031,-3.818062,0.000167,0.000825,-0.163988,-0.615811,0.306100,-2.969093,0.000139,0.000780,-0.163859
127.5780,-0.280775,0.257031,-3.818062,0.000167,0.000825,-0.163988,-0.616950,0.306098,-2.968880,0.000125,0.000669,-0.164040
127.6280,-0.280775,0.257031,-3.818062,0.000167,0.000825,-0.163988,-0.617715,0.306096,-2.969093,0.000216,0.000856,-0.163869
127.6780,-0.280775,0.257031,-3.818062,0.000167,0.000825,-0.163989,-0.618847,0.306099,-2.968880,0.000144,0.000650,-0.164040
127.7280,-0.280775,0.257031,-3.818062,0.000167,0.000825,-0.163989,-0.619613,0.306097,-2.969093,0.000216,0.000885,-0.163807
127.7780,-0.280775,0.257031,-3.818062,0.000167,0.000825,-0.163989,-0.620750,0.306100,-2.968880,0.000154,0.000816,-0.164042
127.8280,-0.280775,0.257031,-3.818062,0.000167,0.000825,-0.163989,-0.621515,0.306098,-2.969093,0.000103,0.000652,-0.164172
127.8780,-0.280775,0.257031,-3.818062,0.000167,0.000825,-0.163990,-0.622654,0.306093,-2.968880,0.000104,0.000759,-0.164002
127.9280,-0.280775,0.257031,-3.818062,0.000167,0.000825,-0.163990,-0.623420,0.306096,-2.969093,0.000178,0.000907,-0.163997
127.9780,-0.280775,0.257031,-3.818062,0.000167,0.000825,-0.163990,-0.624565,0.306070,-2.968880,0.000172,0.000759,-0.163945
128.0300,-0.280775,0.257031,-3.818062,0.000167,0.000825,-0.163990,-0.625332,0.306072,-2.969093,0.000116,0.000710,-0.163898
128.0780,-0.280775,0.257031,-3.818062,0.000167,0.000825,-0.163991,-0.626462,0.306057,-2.968880,0.000092,0.000881,-0.163886
128.1280,-0.280775,0.257031,-3.818062,0.000167,0.000825,-0.163991,-0.627229,0.306060,-2.969093,0.000060,0.000780,-0.164001
128.1780,-0.280775,0.257031,-3.818062,0.000167,0.000825,-0.163991,-0.628376,0.306037,-2.968880,0.000167,0.000750,-0.163980
128.2280,-0.280775,0.257031,-3.818062,0.000167,0.000825,-0.163991,-0.629144,0.306040,-2.969093,0.000119,0.000726,-0.164130
128.2780,-0.280775,0.257031,-3.818062,0.000167,0.000825,-0.163992,-0.630289,0.306028,-2.968880,0.000256,0.000850,-0.163988
128.3280,-0.280775,0.257031,-3.818062,0.000167,0.000825,-0.163992,-0.631057,0.306030,-2.969093,0.000149,0.001021,-0.163840
128.3780,-0.280775,0.257031,-3.818062,0.000167,0.000825,-0.163992,-0.632230,0.306033,-2.968880,-0.000015,0.000675,-0.164089
128.4280,-0.280775,0.257031,-3.818062,0.000167,0.000825,-0.163992,-0.632995,0.306037,-2.969093,0.000409,0.000693,-0.163899
128.4780,-0.280775,0.257031,-3.818062,0.000167,0.000825,-0.163992,-0.634152,0.306038,-2.968880,0.000443,0.000689,-0.164029
128.5280,-0.280775,0.257031,-3.818062,0.000167,0.000825,-0.163993,-0.634921,0.306039,-2.969093,0.000242,0.000652,-0.164133
128.5780,-0.280775,0.257031,-3.818062,0.000167,0.000825,-0.163993,-0.636059,0.306066,-2.968880,0.000136,0.000725,-0.163935
128.6280,-0.280775,0.257031,-3.818062,0.000167,0.000825,-0.163993,-0.636831,0.306066,-2.969093,0.000211,0.000752,-0.163910
128.6780,-0.280775,0.257031,-3.818062,0.000167,0.000825,-0.163993,-0.637961,0.306083,-2.968880,0.000043,0.000665,-0.163905
128.7280,-0.280775,0.257031,-3.818062,0.000167,0.000825,-0.163993,-0.638734,0.306082,-2.969093,0.000315,0.000781,-0.164060
128.7780,-0.280775,0.257031,-3.818062,0.000167,0.000825,-0.163994,-0.639871,0.306107,-2.968880,0.000188,0.000934,-0.163977
128.8280,-0.280775,0.257031,-3.818062,0.000167,0.000825,-0.163994,-0.640641,0.306104,-2.969093,0.000188,0.000786,-0.163729
128.8780,-0.280775,0.257031,-3.818062,0.000167,0.000825,-0.163994,-0.641806,0.306137,-2.968880,0.000229,0.000728,-0.164030
128.9280,-0.280775,0.257031,-3.818062,0.000167,0.000825,-0.163994,-0.642576,0.306134,-2.969093,0.000232,0.000919,-0.164088
128.9780,-0.280775,0.257031,-3.818062,0.000167,0.000825,-0.163994,-0.643755,0.306170,-2.968880,0.000247,0.000859,-0.163940
129.0300,-0.280776,0.257031,-3.818062,0.000167,0.000825,-0.163995,-0.644527,0.306166,-2.969093,0.000199,0.000839,-0.164150
129.0780,-0.280776,0.257031,-3.818062,0.000167,0.000825,-0.163995,-0.645688,0.306194,-2.968880,0.000154,0.000793,-0.163979
129.1300,-0.280776,0.257031,-3.818062,0.000167,0.000825,-0.163995,-0.646459,0.306190,-2.969093,0.000222,0.000637,-0.164150
129.1780,-0.280776,0.257031,-3.818062,0.000167,0.000825,-0.163995,-0.647623,0.306204,-2.968880,0.000147,0.000830,-0.164211
129.2280,-0.280776,0.257031,-3.818062,0.000167,0.000825,-0.163995,-0.648394,0.306199,-2.969093,0.000184,0.000728,-0.163873
129.2780,-0.280776,0.257031,-3.818062,0.000167,0.000825,-0.163996,-0.649567,0.306212,-2.968880,0.000263,0.000896,-0.164060
129.3280,-0.280776,0.257031,-3.818062,0.000167,0.000825,-0.163996,-0.650339,0.306207,-2.969093,0.000066,0.000789,-0.163831
129.3780,-0.280776,0.257031,-3.818062,0.000167,0.000825,-0.163996,-0.651507,0.306204,-2.968880,0.000030,0.000734,-0.163997
129.4280,-0.280776,0.257031,-3.818062,0.000167,0.000825,-0.163996,-0.652278,0.306202,-2.969093,0.000191,0.001071,-0.163999
129.4780,-0.280776,0.257031,-3.818062,0.000167,0.000825,-0.163996,-0.653472,0.306182,-2.968880,0.000124,0.000957,-0.164059
129.5280,-0.280776,0.257031,-3.818062,0.000167,0.000825,-0.163996,-0.654237,0.306181,-2.969093,0.000121,0.000980,-0.163882
129.5780,-0.280776,0.257031,-3.818062,0.000167,0.000825,-0.163997,-0.655460,0.306156,-2.968880,0.000237,0.000990,-0.163944
129.6280,-0.280776,0.257031,-3.818062,0.000167,0.000825,-0.163997,-0.656223,0.306155,-2.969093,0.000219,0.000830,-0.163971
129.6780,-0.280776,0.257031,-3.818062,0.000167,0.000825,-0.163997,-0.657435,0.306142,-2.968880,0.000377,0.000833,-0.163887
129.7280,-0.280776,0.257031,-3.818062,0.000167,0.000825,-0.163997,-0.658196,0.306139,-2.969093,0.000098,0.000907,-0.164067
129.7800,-0.280776,0.257031,-3.818062,0.000167,0.000825,-0.163997,-0.659416,0.306128,-2.968880,0.000233,0.000788,-0.163991
129.8280,-0.280776,0.257031,-3.818062,0.000167,0.000825,-0.163997,-0.660174,0.306127,-2.969093,0.000225,0.000860,-0.163885
129.8780,-0.280776,0.257031,-3.818062,0.000167,0.000825,-0.163998,-0.661385,0.306110,-2.968880,0.000027,0.000842,-0.164064
129.9280,-0.280776,0.257031,-3.818062,0.000167,0.000825,-0.163998,-0.662145,0.306110,-2.969093,0.000084,0.000850,-0.163881
129.9780,-0.280776,0.257031,-3.818062,0.000167,0.000825,-0.163998,-0.663325,0.306071,-2.968880,0.000348,0.001025,-0.164076
130.0280,-0.280776,0.257031,-3.818062,0.000167,0.000825,-0.163998,-0.664084,0.306072,-2.969093,0.000146,0.000888,-0.163789
130.0800,-0.280776,0.257031,-3.818062,0.000167,0.000825,-0.163998,-0.665259,0.306062,-2.968880,0.000237,0.000940,-0.164052
130.1280,-0.280776,0.257031,-3.818062,0.000167,0.000825,-0.163998,-0.666015,0.306059,-2.969093,0.000040,0.000818,-0.164072
130.1800,-0.280776,0.257031,-3.818062,0.000167,0.000825,-0.163999,-0.667187,0.306060,-2.968880,0.000241,0.000689,-0.163920
130.2280,-0.280776,0.257031,-3.818062,0.000167,0.000825,-0.163999,-0.667945,0.306058,-2.969093,0.000285,0.000918,-0.164100
130.2780,-0.280776,0.257031,-3.818062,0.000167,0.000825,-0.163999,-0.669086,0.306057,-2.968880,0.000145,0.000711,-0.164207
130.3280,-0.280776,0.257031,-3.818062,0.000167,0.000825,-0.163999,-0.669846,0.306055,-2.969093,0.000205,0.000868,-0.164120
130.3780,-0.280776,0.257031,-3.818062,0.000167,0.000825,-0.163999,-0.670968,0.306050,-2.968880,0.000135,0.000933,-0.164188
130.4280,-0.280776,0.257031,-3.818062,0.000167,0.000825,-0.163999,-0.671726,0.306049,-2.969093,0.000208,0.000715,-0.164024
130.4780,-0.280776,0.257031,-3.818062,0.000167,0.000825,-0.163999,-0.672848,0.306036,-2.968880,0.000270,0.000812,-0.163932
130.5280,-0.280776,0.257031,-3.818062,0.000167,0.000825,-0.164000,-0.673606,0.306036,-2.969093,0.000274,0.000789,-0.163891
130.5780,-0.280776,0.257031,-3.818062,0.000167,0.000825,-0.164000,-0.674720,0.306033,-2.968880,0.000143,0.000688,-0.164089
130.6280,-0.280776,0.257031,-3.818062,0.000167,0.000825,-0.164000,-0.675479,0.306031,-2.969093,0.000158,0.000803,-0.163855
130.6780,-0.280776,0.257031,-3.818062,0.000167,0.000825,-0.164000,-0.676586,0.306040,-2.968880,0.000082,0.000663,-0.163876
130.7280,-0.280776,0.257031,-3.818062,0.000167,0.000825,-0.164000,-0.677346,0.306037,-2.969094,0.000495,0.001013,-0.164136
130.7800,-0.280776,0.257031,-3.818062,0.000167,0.000825,-0.164000,-0.678445,0.306057,-2.968881,0.000169,0.000718,-0.163968
130.8280,-0.280776,0.257031,-3.818062,0.000167,0.000825,-0.164000,-0.679206,0.306051,-2.969094,0.000360,0.000593,-0.163938
130.8780,-0.280776,0.257031,-3.818062,0.000167,0.000825,-0.164001,-0.680277,0.306081,-2.968881,0.000192,0.000856,-0.163899
130.9280,-0.280776,0.257031,-3.818062,0.000167,0.000825,-0.164001,-0.681040,0.306075,-2.969094,0.000266,0.000836,-0.164005
130.9780,-0.280776,0.257031,-3.818062,0.000167,0.000825,-0.164001,-0.682128,0.306093,-2.968881,0.000196,0.000784,-0.164009
131.0280,-0.280776,0.257031,-3.818062,0.000167,0.000825,-0.164001,-0.682892,0.306087,-2.969094,0.000121,0.000723,-0.163963
131.0780,-0.280776,0.257031,-3.818062,0.000167,0.000825,-0.164001,-0.683978,0.306088,-2.968881,0.000164,0.000859,-0.164169
131.1280,-0.280776,0.257031,-3.818062,0.000167,0.000825,-0.164001,-0.684742,0.306081,-2.969094,0.000145,0.000915,-0.164106
131.1780,-0.280776,0.257031,-3.818062,0.000167,0.000825,-0.164001,-0.685848,0.306097,-2.968880,0.000196,0.000793,-0.164086
131.2300,-0.280776,0.257031,-3.818062,0.000167,0.000825,-0.164001,-0.686612,0.306090,-2.969093,0.000151,0.000832,-0.164048
131.2780,-0.280776,0.257031,-3.818062,0.000167,0.000825,-0.164002,-0.687734,0.306087,-2.968880,0.000161,0.000722,-0.163931
131.3280,-0.280776,0.257031,-3.818062,0.000167,0.000825,-0.164002,-0.688496,0.306082,-2.969093,0.000174,0.000704,-0.163983
131.3780,-0.280776,0.257031,-3.818062,0.000167,0.000825,-0.164002,-0.689619,0.306063,-2.968880,0.000117,0.000888,-0.163912
131.4280,-0.280776,0.257031,-3.818062,0.000167,0.000825,-0.164002,-0.690384,0.306057,-2.969094,0.000171,0.000816,-0.164116
131.4780,-0.280776,0.257031,-3.818062,0.000167,0.000825,-0.164002,-0.691498,0.306042,-2.968880,0.000185,0.000919,-0.164023
131.5280,-0.280776,0.257031,-3.818062,0.000167,0.000825,-0.164002,-0.692261,0.306036,-2.969093,0.000031,0.000865,-0.163925
131.5780,-0.280776,0.257031,-3.818062,0.000167,0.000825,-0.164002,-0.693411,0.306015,-2.968880,-0.000017,0.000861,-0.163963
131.6280,-0.280777,0.257031,-3.818062,0.000167,0.000825,-0.164002,-0.694174,0.306011,-2.969093,0.000213,0.000755,-0.164075
131.6780,-0.280777,0.257031,-3.818062,0.000167,0.000825,-0.164003,-0.695316,0.305982,-2.968880,0.000202,0.000631,-0.163981
131.7280,-0.280777,0.257031,-3.818062,0.000167,0.000825,-0.164003,-0.696081,0.305977,-2.969093,0.000249,0.000809,-0.163744
131.7780,-0.280777,0.257031,-3.818062,0.000167,0.000825,-0.164003,-0.697211,0.305950,-2.968880,0.000154,0.000938,-0.163937
131.8280,-0.280777,0.257031,-3.818062,0.000167,0.000825,-0.164003,-0.697973,0.305944,-2.969093,0.000166,0.000901,-0.163885
131.8780,-0.280777,0.257031,-3.818062,0.000167,0.000825,-0.164003,-0.699133,0.305929,-2.968880,0.000084,0.000751,-0.163941
131.9280,-0.280777,0.257031,-3.818062,0.000167,0.000825,-0.164003,-0.699896,0.305922,-2.969093,0.000127,0.000864,-0.164075
131.9780,-0.280777,0.257031,-3.818062,0.000167,0.000825,-0.164003,-0.701050,0.305916,-2.968880,0.000191,0.001080,-0.163997
132.0280,-0.280777,0.257031,-3.818062,0.000167,0.000825,-0.164003,-0.701811,0.305908,-2.969093,0.000220,0.000617,-0.163954
132.0780,-0.280777,0.257031,-3.818062,0.000167,0.000825,-0.164003,-0.702976,0.305919,-2.968880,0.000217,0.000876,-0.163957
132.1280,-0.280777,0.257031,-3.818062,0.000167,0.000825,-0.164003,-0.703737,0.305911,-2.969093,0.000129,0.000795,-0.163905
132.1800,-0.280777,0.257031,-3.818062,0.000167,0.000825,-0.164004,-0.704910,0.305905,-2.968880,0.000187,0.000789,-0.163896
132.2280,-0.280777,0.257031,-3.818062,0.000167,0.000825,-0.164004,-0.705672,0.305898,-2.969093,0.000140,0.000852,-0.163911
132.2780,-0.280777,0.257031,-3.818062,0.000167,0.000825,-0.164004,-0.706836,0.305871,-2.968880,0.000211,0.000732,-0.164109
132.3280,-0.280777,0.257031,-3.818062,0.000167,0.000825,-0.164004,-0.707598,0.305866,-2.969093,0.000137,0.000882,-0.163943
132.3780,-0.280777,0.257031,-3.818062,0.000167,0.000825,-0.164004,-0.708760,0.305820,-2.968880,0.000253,0.000958,-0.163938
132.4280,-0.280777,0.257031,-3.818062,0.000167,0.000825,-0.164004,-0.709522,0.305816,-2.969093,0.000204,0.000832,-0.164103
132.4780,-0.280777,0.257031,-3.818062,0.000167,0.000825,-0.164004,-0.710675,0.305779,-2.968880,0.000195,0.000725,-0.163984
132.5280,-0.280777,0.257031,-3.818062,0.000167,0.000825,-0.164004,-0.711438,0.305775,-2.969093,0.000227,0.000788,-0.163888
132.5780,-0.280777,0.257031,-3.818062,0.000167,0.000825,-0.164004,-0.712571,0.305736,-2.968880,0.000137,0.000712,-0.163851
132.6280,-0.280777,0.257031,-3.818062,0.000167,0.000825,-0.164004,-0.713335,0.305734,-2.969093,0.000146,0.000781,-0.163843
132.6780,-0.280777,0.257031,-3.818062,0.000167,0.000825,-0.164005,-0.714475,0.305699,-2.968880,0.000148,0.000939,-0.164062
132.7280,-0.280777,0.257031,-3.818062,0.000167,0.000825,-0.164005,-0.715235,0.305697,-2.969093,0.000245,0.000849,-0.164016
132.7780,-0.280777,0.257031,-3.818062,0.000167,0.000825,-0.164005,-0.716402,0.305670,-2.968880,0.000196,0.000950,-0.164023
132.8280,-0.280777,0.257031,-3.818062,0.000167,0.000825,-0.164005,-0.717162,0.305666,-2.969093,0.000209,0.000815,-0.164179
132.8800,-0.280777,0.257031,-3.818062,0.000167,0.000825,-0.164005,-0.718343,0.305674,-2.968880,0.000195,0.000774,-0.164000
132.9280,-0.280777,0.257031,-3.818062,0.000167,0.000825,-0.164005,-0.719102,0.305669,-2.969093,0.000328,0.000692,-0.163967
132.9780,-0.280777,0.257031,-3.818062,0.000167,0.000825,-0.164005,-0.720248,0.305683,-2.968880,0.000015,0.000793,-0.164111
133.0280,-0.280777,0.257031,-3.818062,0.000167,0.000825,-0.164005,-0.721008,0.305680,-2.969093,0.000062,0.000792,-0.163924
133.0780,-0.280777,0.257031,-3.818062,0.000167,0.000825,-0.164005,-0.722156,0.305649,-2.968880,0.000355,0.000740,-0.164080
133.1280,-0.280777,0.257031,-3.818062,0.000167,0.000825,-0.164005,-0.722917,0.305647,-2.969093,0.000256,0.000879,-0.163923
133.1780,-0.280777,0.257031,-3.818062,0.000167,0.000825,-0.164005,-0.724052,0.305647,-2.968880,0.000167,0.000996,-0.163878
133.2280,-0.280777,0.257031,-3.818062,0.000167,0.000825,-0.164005,-0.724813,0.305642,-2.969093,0.000160,0.000962,-0.163865
133.2780,-0.280777,0.257031,-3.818062,0.000167,0.000825,-0.164006,-0.725972,0.305646,-2.968880,0.000196,0.000856,-0.164116
133.3280,-0.280777,0.257031,-3.818062,0.000167,0.000825,-0.164006,-0.726731,0.305643,-2.969093,0.000149,0.000758,-0.164066
133.3780,-0.280777,0.257031,-3.818062,0.000167,0.000825,-0.164006,-0.727880,0.305627,-2.968880,0.000303,0.000859,-0.163881
133.4300,-0.280777,0.257031,-3.818062,0.000167,0.000825,-0.164006,-0.728641,0.305624,-2.969093,-0.000008,0.000809,-0.164080
133.4780,-0.280777,0.257031,-3.818062,0.000167,0.000825,-0.164006,-0.729784,0.305603,-2.968880,0.000104,0.000847,-0.163936
133.5280,-0.280777,0.257031,-3.818062,0.000167,0.000825,-0.164006,-0.730543,0.305603,-2.969093,0.000215,0.000715,-0.164034
133.5780,-0.280777,0.257031,-3.818062,0.000167,0.000825,-0.164006,-0.731686,0.305582,-2.968880,0.000318,0.000602,-0.163912
133.6280,-0.280777,0.257031,-3.818062,0.000167,0.000825,-0.164006,-0.732447,0.305583,-2.969093,0.000063,0.000861,-0.163977
133.6780,-0.280777,0.257031,-3.818062,0.000167,0.000825,-0.164006,-0.733583,0.305552,-2.968880,0.000146,0.000783,-0.163839
133.7280,-0.280777,0.257031,-3.818062,0.000167,0.000825,-0.164006,-0.734343,0.305554,-2.969093,0.000168,0.000762,-0.163956
133.7780,-0.280777,0.257031,-3.818062,0.000167,0.000825,-0.164006,-0.735478,0.305533,-2.968880,0.000143,0.000997,-0.164031
133.8280,-0.280777,0.257031,-3.818062,0.000167,0.000825,-0.164006,-0.736238,0.305535,-2.969093,0.000153,0.000730,-0.163873
133.8780,-0.280777,0.257031,-3.818062,0.000167,0.000825,-0.164006,-0.737371,0.305517,-2.968880,0.000023,0.000826,-0.164028
133.9280,-0.280777,0.257031,-3.818062,0.000167,0.000825,-0.164007,-0.738130,0.305520,-2.969093,0.000198,0.000734,-0.164111
133.9780,-0.280777,0.257031,-3.818062,0.000167,0.000825,-0.164007,-0.739268,0.305515,-2.968880,0.000334,0.000915,-0.163945
134.0280,-0.280777,0.257031,-3.818062,0.000167,0.000825,-0.164007,-0.740029,0.305517,-2.969093,0.000148,0.000876,-0.164227
134.0780,-0.280777,0.257031,-3.818062,0.000167,0.000825,-0.164007,-0.741164,0.305526,-2.968880,0.000214,0.000798,-0.163935
134.1300,-0.280777,0.257031,-3.818062,0.000167,0.000825,-0.164007,-0.741925,0.305529,-2.969093,0.000388,0.000743,-0.163921
134.1780,-0.280777,0.257031,-3.818062,0.000167,0.000825,-0.164007,-0.743038,0.305557,-2.968880,0.000329,0.000859,-0.164039
134.2280,-0.280777,0.257031,-3.818062,0.000167,0.000825,-0.164007,-0.743800,0.305559,-2.969093,0.000177,0.000851,-0.163884
134.2780,-0.280777,0.257031,-3.818062,0.000167,0.000825,-0.164007,-0.744916,0.305565,-2.968880,0.000183,0.000671,-0.163868
134.3280,-0.280777,0.257031,-3.818062,0.000167,0.000825,-0.164007,-0.745679,0.305569,-2.969094,0.000211,0.000742,-0.163903
134.3800,-0.280777,0.257031,-3.818062,0.000167,0.000825,-0.164007,-0.746778,0.305562,-2.968881,0.000245,0.000866,-0.164096
134.4280,-0.280777,0.257031,-3.818062,0.000167,0.000825,-0.164007,-0.747543,0.305566,-2.969094,0.000181,0.001076,-0.163877
134.4780,-0.280777,0.257031,-3.818062,0.000167,0.000825,-0.164007,-0.748672,0.305582,-2.968880,0.000141,0.000961,-0.164008
134.5280,-0.280777,0.257031,-3.818062,0.000167,0.000825,-0.164007,-0.749435,0.305585,-2.969093,0.000257,0.000965,-0.163967
134.5780,-0.280777,0.257031,-3.818062,0.000167,0.000825,-0.164007,-0.750577,0.305618,-2.968880,0.000171,0.000927,-0.164074
134.6280,-0.280777,0.257031,-3.818062,0.000167,0.000825,-0.164007,-0.751339,0.305617,-2.969093,0.000106,0.000732,-0.163947
134.6780,-0.280777,0.257031,-3.818062,0.000167,0.000825,-0.164008,-0.752479,0.305692,-2.968880,0.000184,0.000888,-0.164018
134.7280,-0.280777,0.257031,-3.818062,0.000167,0.000825,-0.164008,-0.753241,0.305689,-2.969093,0.000088,0.000740,-0.163919
134.7780,-0.280777,0.257031,-3.818062,0.000167,0.000825,-0.164008,-0.754400,0.305759,-2.968880,0.000124,0.000726,-0.163995
134.8280,-0.280777,0.257031,-3.818062,0.000167,0.000825,-0.164008,-0.755160,0.305757,-2.969093,-0.000022,0.000896,-0.163985
134.8780,-0.280777,0.257031,-3.818062,0.000167,0.000825,-0.164008,-0.756332,0.305796,-2.968880,0.000244,0.000845,-0.164014
134.9280,-0.280777,0.257031,-3.818062,0.000167,0.000825,-0.164008,-0.757092,0.305795,-2.969093,0.000034,0.000847,-0.164186
134.9780,-0.280777,0.257031,-3.818062,0.000167,0.000825,-0.164008,-0.758269,0.305824,-2.968880,0.000191,0.000614,-0.163960
135.0280,-0.280777,0.257031,-3.818062,0.000167,0.000825,-0.164008,-0.759030,0.305823,-2.969093,0.000158,0.000762,-0.164028
135.0780,-0.280777,0.257031,-3.818062,0.000167,0.000825,-0.164008,-0.760177,0.305851,-2.968880,-0.000019,0.000976,-0.164028
135.1280,-0.280777,0.257031,-3.818062,0.000167,0.000825,-0.164008,-0.760939,0.305851,-2.969093,-0.000016,0.000886,-0.164266
135.1780,-0.280777,0.257031,-3.818062,0.000167,0.000825,-0.164008,-0.762085,0.305840,-2.968880,0.000096,0.000987,-0.163941
135.2280,-0.280777,0.257031,-3.818062,0.000167,0.000825,-0.164008,-0.762844,0.305842,-2.969093,0.000202,0.000844,-0.163910
135.2780,-0.280777,0.257031,-3.818062,0.000167,0.000825,-0.164008,-0.764023,0.305840,-2.968880,0.000104,0.000854,-0.163862
135.3280,-0.280777,0.257031,-3.818062,0.000167,0.000825,-0.164008,-0.764780,0.305841,-2.969093,0.000175,0.000876,-0.164012
135.3780,-0.280777,0.257031,-3.818062,0.000167,0.000825,-0.164008,-0.765969,0.305851,-2.968880,0.000349,0.000932,-0.163957
135.4280,-0.280777,0.257031,-3.818062,0.000167,0.000825,-0.164008,-0.766727,0.305850,-2.969093,0.000211,0.000989,-0.163955
135.4780,-0.280777,0.257031,-3.818062,0.000167,0.000825,-0.164008,-0.767914,0.305877,-2.968880,0.000290,0.000808,-0.163999
135.5280,-0.280777,0.257031,-3.818062,0.000167,0.000825,-0.164008,-0.768671,0.305874,-2.969093,0.000113,0.000873,-0.164153
135.5780,-0.280777,0.257031,-3.818062,0.000167,0.000825,-0.164008,-0.769834,0.305909,-2.968880,0.000006,0.000767,-0.164098
135.6280,-0.280777,0.257031,-3.818062,0.000167,0.000825,-0.164009,-0.770592,0.305907,-2.969093,0.000052,0.000835,-0.163911
135.6780,-0.280777,0.257031,-3.818062,0.000167,0.000825,-0.164009,-0.771728,0.305900,-2.968880,0.000122,0.000889,-0.164056
135.7280,-0.280777,0.257031,-3.818062,0.000167,0.000825,-0.164009,-0.772487,0.305898,-2.969093,0.000234,0.000898,-0.163808
135.7780,-0.280777,0.257031,-3.818062,0.000167,0.000825,-0.164009,-0.773604,0.305904,-2.968880,0.000161,0.000940,-0.163971
135.8280,-0.280777,0.257031,-3.818062,0.000167,0.000825,-0.164009,-0.774362,0.305902,-2.969093,0.000210,0.000904,-0.163913
135.8780,-0.280777,0.257031,-3.818062,0.000167,0.000825,-0.164009,-0.775507,0.305908,-2.968880,0.000151,0.000870,-0.163987
135.9280,-0.280777,0.257031,-3.818062,0.000167,0.000825,-0.164009,-0.776264,0.305905,-2.969093,0.000115,0.000816,-0.164044
135.9780,-0.280777,0.257031,-3.818062,0.000167,0.000825,-0.164009,-0.777412,0.305906,-2.968880,0.000069,0.000780,-0.163785
136.0280,-0.280777,0.257031,-3.818062,0.000167,0.000825,-0.164009,-0.778169,0.305905,-2.969093,0.000263,0.000913,-0.163954
136.0780,-0.280777,0.257031,-3.818062,0.000167,0.000825,-0.164009,-0.779313,0.305885,-2.968880,0.000184,0.000799,-0.164111
136.1280,-0.280777,0.257031,-3.818062,0.000167,0.000825,-0.164009,-0.780068,0.305883,-2.969093,0.000103,0.000832,-0.163857
136.1780,-0.280777,0.257031,-3.818062,0.000167,0.000825,-0.164009,-0.781209,0.305864,-2.968880,0.000088,0.000830,-0.163959
136.2280,-0.280777,0.257031,-3.818062,0.000167,0.000825,-0.164009,-0.781965,0.305862,-2.969093,0.000080,0.000708,-0.163895
136.2780,-0.280777,0.257031,-3.818062,0.000167,0.000825,-0.164009,-0.783087,0.305849,-2.968880,0.000095,0.000843,-0.163944
136.3280,-0.280777,0.257031,-3.818062,0.000167,0.000825,-0.164009,-0.783845,0.305849,-2.969093,0.000318,0.000799,-0.164134
136.3780,-0.280777,0.257031,-3.818062,0.000167,0.000825,-0.164009,-0.784958,0.305825,-2.968880,0.000175,0.000732,-0.163901
136.4280,-0.280777,0.257031,-3.818062,0.000167,0.000825,-0.164009,-0.785717,0.305826,-2.969094,0.000077,0.000832,-0.163903
136.4780,-0.280777,0.257031,-3.818062,0.000167,0.000825,-0.164009,-0.786809,0.305782,-2.968880,0.000122,0.000677,-0.164117
136.5280,-0.280777,0.257031,-3.818062,0.000167,0.000825,-0.164009,-0.787569,0.305783,-2.969094,0.000211,0.000680,-0.163937
136.5780,-0.280777,0.257031,-3.818062,0.000167,0.000825,-0.164009,-0.788638,0.305751,-2.968881,0.000302,0.000774,-0.164084
136.6280,-0.280777,0.257031,-3.818062,0.000167,0.000825,-0.164009,-0.789400,0.305751,-2.969094,0.000031,0.000732,-0.163825
136.6780,-0.280777,0.257031,-3.818062,0.000167,0.000825,-0.164009,-0.790471,0.305720,-2.968880,0.000106,0.000665,-0.164000
136.7280,-0.280777,0.257031,-3.818062,0.000167,0.000825,-0.164010,-0.791234,0.305720,-2.969094,0.000015,0.000857,-0.163976
136.7780,-0.280777,0.257031,-3.818062,0.000167,0.000825,-0.164010,-0.792314,0.305686,-2.968881,-0.000079,0.000807,-0.164002
136.8280,-0.280777,0.257031,-3.818062,0.000167,0.000825,-0.164010,-0.793078,0.305689,-2.969094,0.000037,0.000722,-0.163940
136.8780,-0.280777,0.257031,-3.818062,0.000167,0.000825,-0.164010,-0.794176,0.305626,-2.968881,0.000178,0.000791,-0.164040
136.9280,-0.280777,0.257031,-3.818062,0.000167,0.000825,-0.164010,-0.794940,0.305630,-2.969093,0.000182,0.000775,-0.164139
136.9780,-0.280777,0.257031,-3.818062,0.000167,0.000825,-0.164010,-0.796051,0.305586,-2.968880,0.000125,0.000754,-0.163974
137.0280,-0.280777,0.257031,-3.818062,0.000167,0.000825,-0.164010,-0.796815,0.305592,-2.969093,0.000224,0.000859,-0.163760
137.0780,-0.280777,0.257031,-3.818062,0.000167,0.000825,-0.164010,-0.797951,0.305552,-2.968880,0.000288,0.000941,-0.163858
137.1280,-0.280777,0.257031,-3.818062,0.000167,0.000825,-0.164010,-0.798714,0.305556,-2.969093,0.000101,0.000829,-0.163996
137.1780,-0.280777,0.257031,-3.818062,0.000167,0.000825,-0.164010,-0.799852,0.305540,-2.968880,0.000246,0.000890,-0.163970
137.2280,-0.280777,0.257031,-3.818062,0.000167,0.000825,-0.164010,-0.800615,0.305544,-2.969093,0.000287,0.000880,-0.164055
137.2780,-0.280777,0.257031,-3.818062,0.000167,0.000825,-0.164010,-0.801763,0.305581,-2.968880,0.000044,0.000660,-0.164112
137.3280,-0.280777,0.257031,-3.818062,0.000167,0.000825,-0.164010,-0.802527,0.305585,-2.969093,0.000005,0.000760,-0.164018
137.3800,-0.280777,0.257031,-3.818062,0.000167,0.000825,-0.164010,-0.803664,0.305596,-2.968880,0.000093,0.000962,-0.163925
137.4280,-0.280777,0.257031,-3.818062,0.000167,0.000825,-0.164010,-0.804427,0.305601,-2.969093,-0.000025,0.000839,-0.164013
137.4780,-0.280777,0.257031,-3.818062,0.000167,0.000825,-0.164010,-0.805608,0.305572,-2.968880,0.000385,0.000815,-0.163882
137.5280,-0.280777,0.257031,-3.818062,0.000167,0.000825,-0.164010,-0.806371,0.305578,-2.969093,0.000217,0.000793,-0.164044
137.5780,-0.280777,0.257031,-3.818062,0.000167,0.000825,-0.164010,-0.807530,0.305600,-2.968880,0.000164,0.000734,-0.163910
137.6280,-0.280778,0.257031,-3.818062,0.000167,0.000825,-0.164010,-0.808293,0.305606,-2.969093,0.000294,0.000917,-0.163888
137.6780,-0.280778,0.257031,-3.818062,0.000167,0.000825,-0.164010,-0.809459,0.305629,-2.968880,0.000253,0.000709,-0.163984
137.7300,-0.280778,0.257031,-3.818062,0.000167,0.000825,-0.164010,-0.810222,0.305635,-2.969093,0.000145,0.000750,-0.164037
137.7780,-0.280778,0.257031,-3.818062,0.000167,0.000825,-0.164010,-0.811397,0.305653,-2.968880,0.000274,0.000800,-0.163892
137.8280,-0.280778,0.257031,-3.818062,0.000167,0.000825,-0.164010,-0.812160,0.305657,-2.969093,0.000320,0.000803,-0.163970
137.8780,-0.280778,0.257031,-3.818062,0.000167,0.000825,-0.164010,-0.813324,0.305713,-2.968880,0.000181,0.000727,-0.163992
137.9300,-0.280778,0.257031,-3.818062,0.000167,0.000825,-0.164010,-0.814089,0.305718,-2.969093,0.000246,0.000825,-0.163983
137.9780,-0.280778,0.257031,-3.818062,0.000167,0.000825,-0.164010,-0.815225,0.305783,-2.968880,0.000169,0.000812,-0.164064
138.0300,-0.280778,0.257031,-3.818062,0.000167,0.000825,-0.164010,-0.815991,0.305786,-2.969093,0.000244,0.000852,-0.164058
138.0780,-0.280778,0.257031,-3.818062,0.000167,0.000825,-0.164010,-0.817130,0.305848,-2.968880,0.000153,0.000715,-0.164166
138.1280,-0.280778,0.257031,-3.818062,0.000167,0.000825,-0.164010,-0.817897,0.305851,-2.969093,0.000186,0.000909,-0.164000
138.1780,-0.280778,0.257031,-3.818062,0.000167,0.000825,-0.164011,-0.819025,0.305898,-2.968880,0.000217,0.000638,-0.164030
138.2280,-0.280778,0.257031,-3.818062,0.000167,0.000825,-0.164011,-0.819792,0.305902,-2.969093,0.000162,0.000888,-0.164071
138.2780,-0.280778,0.257031,-3.818062,0.000167,0.000825,-0.164011,-0.820929,0.305958,-2.968880,0.000194,0.000849,-0.164053
138.3280,-0.280778,0.257031,-3.818062,0.000167,0.000825,-0.164011,-0.821696,0.305961,-2.969093,0.000271,0.000888,-0.163918
138.3780,-0.280778,0.257031,-3.818062,0.000167,0.000825,-0.164011,-0.822852,0.306023,-2.968880,0.000273,0.000749,-0.163918
138.4280,-0.280778,0.257031,-3.818062,0.000167,0.000825,-0.164011,-0.823620,0.306024,-2.969093,0.000083,0.000838,-0.164159
138.4780,-0.280778,0.257031,-3.818062,0.000167,0.000825,-0.164011,-0.824760,0.306064,-2.968880,-0.000106,0.000797,-0.164082
138.5280,-0.280778,0.257031,-3.818062,0.000167,0.000825,-0.164011,-0.825526,0.306068,-2.969093,0.000354,0.000826,-0.164006
138.5780,-0.280778,0.257031,-3.818062,0.000167,0.000825,-0.164011,-0.826711,0.306095,-2.968880,0.000017,0.000963,-0.163847
138.6280,-0.280778,0.257031,-3.818062,0.000167,0.000825,-0.164011,-0.827474,0.306097,-2.969093,0.000159,0.000762,-0.164032
138.6780,-0.280778,0.257031,-3.818062,0.000167,0.000825,-0.164011,-0.828690,0.306101,-2.968880,0.000051,0.000694,-0.164013
138.7280,-0.280778,0.257031,-3.818062,0.000167,0.000825,-0.164011,-0.829451,0.306104,-2.969093,0.000186,0.000739,-0.164113
138.7780,-0.280778,0.257031,-3.818062,0.000167,0.000825,-0.164011,-0.830668,0.306109,-2.968880,0.000129,0.000665,-0.164059
138.8280,-0.280778,0.257031,-3.818062,0.000167,0.000825,-0.164011,-0.831430,0.306114,-2.969093,0.000252,0.000746,-0.164186
138.8780,-0.280778,0.257031,-3.818062,0.000167,0.000825,-0.164011,-0.832617,0.306101,-2.968880,0.000057,0.000754,-0.164113
138.9280,-0.280778,0.257031,-3.818062,0.000167,0.000825,-0.164011,-0.833380,0.306106,-2.969093,0.000061,0.000696,-0.163945
138.9780,-0.280778,0.257031,-3.818062,0.000167,0.000825,-0.164011,-0.834546,0.306072,-2.968880,0.000030,0.000934,-0.164063
139.0280,-0.280778,0.257031,-3.818062,0.000167,0.000825,-0.164011,-0.835310,0.306076,-2.969093,0.000258,0.000857,-0.164045
139.0800,-0.280778,0.257031,-3.818062,0.000167,0.000825,-0.164011,-0.836499,0.306091,-2.968880,0.000334,0.000798,-0.163889
139.1280,-0.280778,0.257031,-3.818062,0.000167,0.000825,-0.164011,-0.837263,0.306091,-2.969093,0.000045,0.000600,-0.163892
139.1780,-0.280778,0.257031,-3.818062,0.000167,0.000825,-0.164011,-0.838407,0.306120,-2.968880,0.000211,0.000753,-0.163918
139.2280,-0.280778,0.257031,-3.818062,0.000167,0.000825,-0.164011,-0.839173,0.306122,-2.969093,0.000203,0.000764,-0.164126
139.2780,-0.280778,0.257031,-3.818062,0.000167,0.000825,-0.164011,-0.840300,0.306120,-2.968880,0.000056,0.000617,-0.163973
139.3280,-0.280778,0.257031,-3.818062,0.000167,0.000825,-0.164011,-0.841066,0.306123,-2.969093,0.000199,0.000972,-0.163976
139.3800,-0.280778,0.257031,-3.818062,0.000167,0.000825,-0.164011,-0.842227,0.306138,-2.968880,0.000214,0.000838,-0.163995
139.4280,-0.280778,0.257031,-3.818062,0.000167,0.000825,-0.164011,-0.842990,0.306140,-2.969093,-0.000081,0.000860,-0.163782
139.4780,-0.280778,0.257031,-3.818062,0.000167,0.000825,-0.164011,-0.844161,0.306117,-2.968880,0.000113,0.000788,-0.164087
139.5280,-0.280778,0.257031,-3.818062,0.000167,0.000825,-0.164011,-0.844925,0.306122,-2.969093,0.000189,0.000969,-0.164024
139.5780,-0.280778,0.257031,-3.818062,0.000167,0.000825,-0.164011,-0.846072,0.306078,-2.968880,0.000141,0.000852,-0.163929
139.6280,-0.280778,0.257031,-3.818062,0.000167,0.000825,-0.164011,-0.846836,0.306085,-2.969093,0.000130,0.000780,-0.163946
139.6780,-0.280778,0.257031,-3.818062,0.000167,0.000825,-0.164011,-0.847988,0.306020,-2.968880,0.000210,0.000808,-0.164090
139.7280,-0.280778,0.257031,-3.818062,0.000167,0.000825,-0.164011,-0.848754,0.306027,-2.969093,0.000203,0.000774,-0.163919
139.7780,-0.280778,0.257031,-3.818062,0.000167,0.000825,-0.164011,-0.849888,0.306015,-2.968880,0.000092,0.000787,-0.163925
139.8280,-0.280778,0.257031,-3.818062,0.000167,0.000825,-0.164011,-0.850655,0.306021,-2.969093,0.000056,0.000744,-0.164064
139.8780,-0.280778,0.257031,-3.818062,0.000167,0.000825,-0.164011,-0.851774,0.305987,-2.968880,0.000282,0.000858,-0.163781
139.9280,-0.280778,0.257031,-3.818062,0.000167,0.000825,-0.164011,-0.852540,0.305994,-2.969093,0.000256,0.000764,-0.163977
139.9780,-0.280778,0.257031,-3.818062,0.000167,0.000825,-0.164011,-0.853645,0.305990,-2.968880,0.000126,0.000818,-0.163984
140.0280,-0.280778,0.257031,-3.818062,0.000167,0.000825,-0.164011,-0.854412,0.305995,-2.969093,0.000091,0.000966,-0.164165
140.0800,-0.280778,0.257031,-3.818062,0.000167,0.000825,-0.164011,-0.855553,0.306006,-2.968880,0.000320,0.000827,-0.164061
140.1280,-0.280778,0.257031,-3.818062,0.000167,0.000825,-0.164011,-0.856320,0.306011,-2.969093,0.000192,0.000898,-0.164010
140.1780,-0.280778,0.257031,-3.818062,0.000167,0.000825,-0.164011,-0.857438,0.306052,-2.968880,0.000024,0.000649,-0.164009
140.2280,-0.280778,0.257031,-3.818062,0.000167,0.000825,-0.164011,-0.858207,0.306057,-2.969094,0.000059,0.001006,-0.163973
140.3360,-0.280778,0.257031,-3.818062,0.000167,0.000825,-0.164012,-0.861192,0.306074,-2.968881,0.000062,0.000889,-0.163942
140.3360,-0.280778,0.257031,-3.818062,0.000167,0.000825,-0.164012,-0.861192,0.306074,-2.968881,0.000062,0.000889,-0.163942
140.3780,-0.280778,0.257031,-3.818062,0.000167,0.000825,-0.164012,-0.861192,0.306074,-2.968881,0.000062,0.000889,-0.163942
140.4280,-0.280778,0.257031,-3.818062,0.000167,0.000825,-0.164012,-0.861963,0.306083,-2.969094,0.000155,0.000848,-0.164020
140.4780,-0.280778,0.257031,-3.818062,0.000167,0.000825,-0.164012,-0.863074,0.306055,-2.968880,0.000084,0.000724,-0.164072
