t,gt_x,gt_y,gt_z,gt_roll,gt_pitch,gt_yaw,est_x,est_y,est_z,est_roll,est_pitch,est_yaw
0.0000,-0.006239,-0.002199,-2.805334,0.000058,0.000780,-0.001294,0.002761,0.003458,-1.954910,0.000217,0.000718,-0.001218
0.0000,-0.006239,-0.002199,-2.805334,0.000058,0.000780,-0.001294,0.002761,0.003458,-1.954910,0.000217,0.000718,-0.001218
0.0520,-0.006239,-0.002199,-2.805175,0.000056,0.000784,-0.001294,0.002757,0.003458,-1.954720,-0.000053,0.000812,-0.001327
0.1000,-0.006240,-0.002198,-2.805019,0.000054,0.000788,-0.001294,0.002759,0.003458,-1.954565,-0.000004,0.000615,-0.001272
0.1500,-0.006240,-0.002198,-2.804863,0.000053,0.000791,-0.001294,0.002756,0.003460,-1.954369,-0.000028,0.000828,-0.001247
0.2000,-0.006241,-0.002198,-2.804710,0.000051,0.000794,-0.001294,0.002754,0.003462,-1.954267,0.000038,0.000832,-0.001226
0.2500,-0.006241,-0.002198,-2.804558,0.000049,0.000797,-0.001294,0.002754,0.003462,-1.954037,0.000052,0.000828,-0.001313
0.3000,-0.006242,-0.002198,-2.804407,0.000048,0.000800,-0.001294,0.002754,0.003462,-1.953926,-0.000051,0.000590,-0.001383
0.3500,-0.006243,-0.002197,-2.804258,0.000047,0.000803,-0.001294,0.002752,0.003461,-1.953755,0.000126,0.000840,-0.001277
0.4000,-0.006243,-0.002197,-2.804111,0.000045,0.000806,-0.001294,0.010113,0.004770,-1.953605,0.000035,0.000878,-0.001265
0.4500,-0.006244,-0.002197,-2.803965,0.000044,0.000808,-0.001294,0.010113,0.004771,-1.953422,0.000014,0.000956,-0.001345
0.5000,-0.006244,-0.002197,-2.803820,0.000043,0.000810,-0.001294,0.010115,0.004772,-1.953330,0.000034,0.000701,-0.001287
0.5500,-0.006245,-0.002196,-2.803677,0.000042,0.000813,-0.001294,0.010114,0.004772,-1.953107,-0.000035,0.000731,-0.001155
0.6020,-0.006245,-0.002196,-2.803535,0.000040,0.000815,-0.001294,0.010113,0.004774,-1.953006,-0.000014,0.000950,-0.001223
0.6500,-0.006246,-0.002196,-2.803395,0.000039,0.000817,-0.001293,0.010112,0.004776,-1.952852,0.000132,0.000746,-0.001397
0.7000,-0.006247,-0.002196,-2.803256,0.000038,0.000818,-0.001293,0.010114,0.004776,-1.952701,-0.000030,0.000964,-0.001139
0.7500,-0.006247,-0.002196,-2.803119,0.000037,0.000820,-0.001293,0.010114,0.004779,-1.952535,0.000110,0.000737,-0.001418
0.8000,-0.006248,-0.002196,-2.802983,0.000037,0.000822,-0.001293,0.010114,0.004780,-1.952453,-0.000077,0.000799,-0.001221
0.8500,-0.006248,-0.002195,-2.802849,0.000036,0.000823,-0.001293,0.010112,0.004779,-1.952236,-0.000021,0.000923,-0.001442
0.9000,-0.006249,-0.002195,-2.802715,0.000035,0.000825,-0.001293,0.010112,0.004778,-1.952145,0.000196,0.000886,-0.001363
0.9500,-0.006249,-0.002195,-2.802583,0.000034,0.000826,-0.001293,0.010111,0.004776,-1.951940,0.000024,0.000826,-0.001215
1.0000,-0.006250,-0.002195,-2.802453,0.000033,0.000828,-0.001293,0.010110,0.004777,-1.951855,0.000023,0.000881,-0.001306
1.0500,-0.006250,-0.002195,-2.802324,0.000033,0.000829,-0.001293,0.010108,0.004781,-1.951705,-0.000047,0.000907,-0.001098
1.1000,-0.006251,-0.002195,-2.802196,0.000032,0.000830,-0.001293,0.010109,0.004780,-1.951558,0.000019,0.000551,-0.001435
1.1500,-0.006252,-0.002194,-2.802069,0.000032,0.000831,-0.001293,0.010106,0.004779,-1.951421,0.000064,0.000748,-0.001409
1.2000,-0.006252,-0.002194,-2.801944,0.000031,0.000832,-0.001293,0.010101,0.004780,-1.951339,0.000195,0.000775,-0.001311
1.2500,-0.006253,-0.002194,-2.801820,0.000031,0.000833,-0.001293,0.010102,0.004780,-1.951154,0.000077,0.000884,-0.001354
1.3000,-0.006253,-0.002194,-2.801697,0.000030,0.000834,-0.001293,0.010102,0.004780,-1.951063,-0.000034,0.000913,-0.001273
1.3500,-0.006254,-0.002194,-2.801575,0.000030,0.000835,-0.001293,0.010103,0.004780,-1.950928,0.000003,0.000700,-0.001466
1.4000,-0.006254,-0.002194,-2.801455,0.000029,0.000836,-0.001293,0.018984,0.006154,-1.950806,0.000032,0.000951,-0.001234
1.4500,-0.006255,-0.002194,-2.801336,0.000029,0.000837,-0.001293,0.018985,0.006154,-1.950658,0.000231,0.000935,-0.001276
1.5020,-0.006255,-0.002193,-2.801218,0.000028,0.000838,-0.001293,0.018987,0.006153,-1.950586,0.000187,0.000779,-0.001208
1.5500,-0.006256,-0.002193,-2.801102,0.000028,0.000838,-0.001293,0.018985,0.006153,-1.950405,0.000081,0.000848,-0.001433
1.6000,-0.006256,-0.002193,-2.800986,0.000028,0.000839,-0.001293,0.018984,0.006153,-1.950323,-0.000018,0.000842,-0.001395
1.6500,-0.006257,-0.002193,-2.800872,0.000027,0.000840,-0.001293,0.018984,0.006155,-1.950202,0.000099,0.000820,-0.001209
1.7000,-0.006257,-0.002193,-2.800759,0.000027,0.000841,-0.001292,0.018983,0.006154,-1.950077,0.000045,0.000927,-0.001297
1.7520,-0.006258,-0.002193,-2.800647,0.000027,0.000841,-0.001292,0.018983,0.006154,-1.949944,-0.000191,0.000784,-0.001403
1.8000,-0.006258,-0.002193,-2.800536,0.000026,0.000842,-0.001292,0.018983,0.006155,-1.949880,0.000059,0.000737,-0.001126
1.8500,-0.006259,-0.002193,-2.800426,0.000026,0.000842,-0.001292,0.018983,0.006153,-1.949702,0.000123,0.000927,-0.001222
1.9000,-0.006259,-0.002193,-2.800317,0.000026,0.000843,-0.001292,0.018982,0.006153,-1.949628,0.000063,0.000942,-0.001138
1.9500,-0.006260,-0.002192,-2.800210,0.000026,0.000843,-0.001292,0.018983,0.006151,-1.949522,0.000010,0.000892,-0.001146
2.0000,-0.006260,-0.002192,-2.800103,0.000025,0.000844,-0.001292,0.018980,0.006153,-1.949393,0.000133,0.000835,-0.001403
2.0500,-0.006261,-0.002192,-2.799998,0.000025,0.000844,-0.001292,0.018979,0.006154,-1.949274,-0.000114,0.000960,-0.001509
2.1000,-0.006261,-0.002192,-2.799894,0.000025,0.000845,-0.001292,0.018979,0.006155,-1.949218,-0.000061,0.000918,-0.001106
2.1500,-0.006262,-0.002192,-2.799790,0.000025,0.000845,-0.001292,0.018975,0.006152,-1.949043,0.000039,0.000767,-0.001326
2.2000,-0.006262,-0.002192,-2.799688,0.000025,0.000846,-0.001292,0.018974,0.006150,-1.948977,0.000083,0.000782,-0.001211
2.2500,-0.006263,-0.002192,-2.799587,0.000025,0.000846,-0.001292,0.018975,0.006152,-1.948825,-0.000102,0.000821,-0.001394
2.3000,-0.006263,-0.002192,-2.799487,0.000024,0.000847,-0.001292,0.018974,0.006152,-1.948753,0.000039,0.000946,-0.001339
2.3500,-0.006264,-0.002192,-2.799388,0.000024,0.000847,-0.001292,0.018973,0.006151,-1.948647,-0.000025,0.000859,-0.001307
2.4000,-0.006264,-0.002192,-2.799290,0.000024,0.000848,-0.001292,0.006363,0.002458,-1.948533,-0.000016,0.000923,-0.001389
2.4500,-0.006265,-0.002192,-2.799193,0.000024,0.000848,-0.001292,0.006361,0.002458,-1.948424,-0.000026,0.000700,-0.001353
2.5000,-0.006265,-0.002191,-2.799096,0.000024,0.000848,-0.001292,0.006360,0.002458,-1.948367,0.000102,0.000740,-0.001282
2.5500,-0.006265,-0.002191,-2.799001,0.000024,0.000849,-0.001292,0.006363,0.002459,-1.948219,0.000130,0.000878,-0.001208
2.6000,-0.006266,-0.002191,-2.798907,0.000024,0.000849,-0.001292,0.006362,0.002458,-1.948152,0.000076,0.000755,-0.001300
2.6500,-0.006266,-0.002191,-2.798814,0.000024,0.000849,-0.001292,0.006361,0.002457,-1.948058,0.000091,0.001042,-0.001432
2.7000,-0.006267,-0.002191,-2.798722,0.000024,0.000850,-0.001292,0.006360,0.002458,-1.947954,-0.000069,0.000940,-0.001377
2.7500,-0.006267,-0.002191,-2.798630,0.000023,0.000850,-0.001292,0.006362,0.002459,-1.947846,-0.000027,0.000770,-0.001328
2.8000,-0.006268,-0.002191,-2.798540,0.000023,0.000850,-0.001292,0.006363,0.002461,-1.947796,-0.000022,0.000815,-0.001376
2.8500,-0.006268,-0.002191,-2.798450,0.000023,0.000851,-0.001292,0.006361,0.002459,-1.947650,0.000019,0.000816,-0.001406
2.9000,-0.006269,-0.002191,-2.798362,0.000023,0.000851,-0.001292,0.006360,0.002458,-1.947590,-0.000097,0.000845,-0.001399
2.9500,-0.006269,-0.002191,-2.798274,0.000023,0.000851,-0.001292,0.006360,0.002458,-1.947508,0.000218,0.000785,-0.001476
3.0000,-0.006269,-0.002191,-2.798187,0.000023,0.000852,-0.001292,0.006359,0.002460,-1.947401,-0.000037,0.000810,-0.001311
3.0500,-0.006270,-0.002191,-2.798101,0.000023,0.000852,-0.001292,0.006359,0.002461,-1.947304,0.000019,0.000895,-0.001289
3.1000,-0.006270,-0.002191,-2.798016,0.000023,0.000852,-0.001292,0.006359,0.002461,-1.947262,0.000009,0.000825,-0.001347
3.1500,-0.006271,-0.002191,-2.797932,0.000023,0.000852,-0.001292,0.006358,0.002460,-1.947116,0.000011,0.000829,-0.001306
3.2000,-0.006271,-0.002190,-2.797849,0.000023,0.000853,-0.001292,0.006357,0.002459,-1.947064,-0.000058,0.000752,-0.001220
3.2500,-0.006272,-0.002190,-2.797766,0.000023,0.000853,-0.001292,0.006353,0.002460,-1.946993,0.000077,0.000851,-0.001247
3.3000,-0.006272,-0.002190,-2.797685,0.000023,0.000853,-0.001292,0.006356,0.002460,-1.946882,-0.000035,0.000866,-0.001158
3.3500,-0.006272,-0.002190,-2.797604,0.000023,0.000854,-0.001292,0.006356,0.002459,-1.946796,0.000046,0.000846,-0.001206
3.4000,-0.006273,-0.002190,-2.797524,0.000023,0.000854,-0.001291,0.006686,0.000128,-1.946693,0.000075,0.000824,-0.001118
3.4500,-0.006273,-0.002190,-2.797445,0.000023,0.000854,-0.001291,0.006685,0.000126,-1.946616,-0.000006,0.000860,-0.001213
3.5000,-0.006274,-0.002190,-2.797367,0.000023,0.000854,-0.001291,0.006685,0.000124,-1.946570,0.000034,0.000850,-0.001483
3.5500,-0.006274,-0.002190,-2.797289,0.000023,0.000855,-0.001291,0.006685,0.000124,-1.946451,-0.000112,0.000920,-0.001368
3.6000,-0.006274,-0.002190,-2.797212,0.000023,0.000855,-0.001291,0.006685,0.000125,-1.946395,0.000057,0.000776,-0.001332
3.6500,-0.006275,-0.002190,-2.797136,0.000023,0.000855,-0.001291,0.006684,0.000127,-1.946321,0.000141,0.000941,-0.001174
3.7000,-0.006275,-0.002190,-2.797061,0.000023,0.000855,-0.001291,0.006683,0.000126,-1.946233,-0.000055,0.000700,-0.001193
3.7500,-0.006275,-0.002190,-2.796986,0.000023,0.000855,-0.001291,0.006681,0.000126,-1.946147,0.000123,0.000921,-0.001071
3.8000,-0.006276,-0.002190,-2.796913,0.000023,0.000856,-0.001291,0.006678,0.000125,-1.946109,-0.000039,0.000667,-0.001434
3.8500,-0.006276,-0.002190,-2.796840,0.000023,0.000856,-0.001291,0.006680,0.000126,-1.945988,0.000101,0.000714,-0.001393
3.9000,-0.006277,-0.002190,-2.796768,0.000023,0.000856,-0.001291,0.006678,0.000125,-1.945940,0.000122,0.001060,-0.001248
3.9500,-0.006277,-0.002190,-2.796696,0.000023,0.000856,-0.001291,0.006677,0.000122,-1.945876,0.000054,0.000967,-0.001259
4.0000,-0.006270,-0.002187,-2.796815,0.000022,0.000820,-0.001290,0.006698,0.000124,-1.946052,0.000223,0.000660,-0.001240
4.0500,-0.006214,-0.002171,-2.797971,0.000012,0.000566,-0.001278,0.006760,0.000135,-1.947182,0.000130,0.000514,-0.001278
4.1000,-0.006084,-0.002137,-2.800732,-0.000048,0.000019,-0.001249,0.006858,0.000156,-1.949113,0.000043,0.000083,-0.001297
4.1500,-0.005894,-0.002093,-2.805193,-0.000193,-0.000730,-0.001201,0.007143,0.000145,-1.954669,-0.000280,-0.000800,-0.001084
4.2000,-0.005680,-0.002044,-2.811208,-0.000416,-0.001566,-0.001139,0.007355,0.000157,-1.959529,-0.000345,-0.001527,-0.001153
4.2500,-0.005475,-0.001993,-2.818542,-0.000687,-0.002411,-0.001069,0.007678,0.000176,-1.968636,-0.000688,-0.002270,-0.001065
4.3000,-0.005300,-0.001942,-2.826957,-0.000977,-0.003217,-0.000996,0.007742,0.000245,-1.974921,-0.000889,-0.002956,-0.000976
4.3500,-0.005162,-0.001893,-2.836237,-0.001266,-0.003956,-0.000925,0.007915,0.000299,-1.986197,-0.001181,-0.004085,-0.000896
4.4000,-0.005059,-0.001848,-2.846203,-0.001538,-0.004610,-0.000859,0.000711,-0.019581,-1.994183,-0.001427,-0.004297,-0.000889
4.4500,-0.004983,-0.001807,-2.856707,-0.001782,-0.005172,-0.000800,0.000816,-0.019370,-2.006784,-0.001791,-0.005178,-0.000744
4.5000,-0.004921,-0.001774,-2.867632,-0.001991,-0.005642,-0.000752,0.000859,-0.019337,-2.015481,-0.001992,-0.005470,-0.000874
4.5500,-0.004867,-0.001749,-2.878886,-0.002161,-0.006021,-0.000712,0.000882,-0.019267,-2.030407,-0.002073,-0.006130,-0.000684
4.6000,-0.004813,-0.001732,-2.890396,-0.002291,-0.006317,-0.000678,0.000893,-0.019236,-2.038122,-0.002271,-0.006264,-0.000610
4.6500,-0.004759,-0.001722,-2.902106,-0.002382,-0.006534,-0.000651,0.000919,-0.019194,-2.052345,-0.002273,-0.006489,-0.000697
4.7000,-0.004701,-0.001718,-2.913973,-0.002435,-0.006682,-0.000633,0.000955,-0.019166,-2.064104,-0.002457,-0.006597,-0.000719
4.7500,-0.004639,-0.001720,-2.925961,-0.002453,-0.006769,-0.000621,0.000996,-0.019146,-2.076363,-0.002467,-0.006797,-0.000497
4.8000,-0.004572,-0.001729,-2.938044,-0.002440,-0.006802,-0.000612,0.001032,-0.019132,-2.085973,-0.002216,-0.006826,-0.000683
4.8500,-0.004501,-0.001743,-2.950202,-0.002398,-0.006789,-0.000606,0.001101,-0.019129,-2.100803,-0.002519,-0.006873,-0.000645
4.9000,-0.004426,-0.001763,-2.962418,-0.002331,-0.006736,-0.000603,0.001148,-0.019133,-2.110526,-0.002382,-0.006789,-0.000580
4.9520,-0.004347,-0.001787,-2.974680,-0.002244,-0.006651,-0.000601,0.001222,-0.019144,-2.125521,-0.002259,-0.006711,-0.000647
5.0000,-0.004267,-0.001814,-2.986978,-0.002139,-0.006538,-0.000601,0.001288,-0.019167,-2.135321,-0.002218,-0.006593,-0.000619
5.0500,-0.004186,-0.001844,-2.999305,-0.002020,-0.006403,-0.000602,0.001377,-0.019195,-2.150395,-0.001852,-0.006296,-0.000611
5.1000,-0.004104,-0.001876,-3.011654,-0.001889,-0.006250,-0.000604,0.001436,-0.019214,-2.160275,-0.001905,-0.006322,-0.000606
5.1500,-0.004023,-0.001909,-3.024021,-0.001750,-0.006084,-0.000607,0.001531,-0.019252,-2.175348,-0.001939,-0.005998,-0.000606
5.2000,-0.003943,-0.001943,-3.036402,-0.001605,-0.005907,-0.000611,0.001593,-0.019276,-2.185251,-0.001599,-0.006030,-0.000597
5.2500,-0.003864,-0.001977,-3.048795,-0.001456,-0.005723,-0.000616,0.001682,-0.019308,-2.200383,-0.001428,-0.005627,-0.000508
5.3000,-0.003786,-0.002010,-3.061197,-0.001306,-0.005534,-0.000621,0.001748,-0.019341,-2.210272,-0.001396,-0.005503,-0.000498
5.3500,-0.003711,-0.002042,-3.073607,-0.001155,-0.005341,-0.000627,0.001836,-0.019377,-2.225389,-0.001361,-0.005456,-0.000797
5.4000,-0.003637,-0.002074,-3.086023,-0.001007,-0.005148,-0.000633,0.023654,-0.024598,-2.235339,-0.000902,-0.005170,-0.000872
5.4500,-0.003566,-0.002104,-3.098443,-0.000861,-0.004955,-0.000641,0.023653,-0.024614,-2.250396,-0.001022,-0.004947,-0.000516
5.5000,-0.003497,-0.002133,-3.110868,-0.000719,-0.004763,-0.000649,0.023707,-0.024635,-2.260349,-0.000860,-0.004840,-0.000701
5.5500,-0.003431,-0.002160,-3.123296,-0.000582,-0.004574,-0.000657,0.023781,-0.024661,-2.275456,-0.000399,-0.004591,-0.000615
5.6000,-0.003367,-0.002186,-3.135727,-0.000451,-0.004387,-0.000666,0.023841,-0.024689,-2.285357,-0.000332,-0.004330,-0.000723
5.6500,-0.003306,-0.002209,-3.148160,-0.000326,-0.004205,-0.000675,0.023913,-0.024717,-2.300426,-0.000438,-0.004307,-0.000685
5.7000,-0.003248,-0.002231,-3.160596,-0.000207,-0.004027,-0.000684,0.023985,-0.024747,-2.314845,-0.000188,-0.003871,-0.000619
5.7500,-0.003192,-0.002251,-3.173033,-0.000095,-0.003853,-0.000694,0.024033,-0.024766,-2.325404,-0.000121,-0.003809,-0.000962
5.8000,-0.003139,-0.002269,-3.185471,0.000011,-0.003685,-0.000703,0.024076,-0.024779,-2.335377,-0.000162,-0.003712,-0.000514
5.8500,-0.003089,-0.002284,-3.197911,0.000109,-0.003521,-0.000712,0.024142,-0.024806,-2.350877,0.000031,-0.003439,-0.000760
5.9000,-0.003041,-0.002298,-3.210352,0.000200,-0.003363,-0.000721,0.024180,-0.024818,-2.360344,0.000254,-0.003360,-0.000562
5.9500,-0.002996,-0.002310,-3.222794,0.000284,-0.003210,-0.000730,0.024235,-0.024837,-2.375367,0.000183,-0.003236,-0.000673
6.0000,-0.002953,-0.002321,-3.235236,0.000362,-0.003062,-0.000739,0.024278,-0.024850,-2.386798,0.000479,-0.003156,-0.000652
6.0500,-0.002912,-0.002329,-3.247680,0.000433,-0.002919,-0.000748,0.024323,-0.024861,-2.400291,0.000307,-0.002820,-0.000546
6.1000,-0.002874,-0.002336,-3.260124,0.000497,-0.002782,-0.000756,0.024355,-0.024868,-2.410272,0.000423,-0.002845,-0.000805
6.1500,-0.002838,-0.002341,-3.272569,0.000556,-0.002650,-0.000764,0.024403,-0.024883,-2.425215,0.000551,-0.002714,-0.000794
6.2000,-0.002804,-0.002345,-3.285015,0.000609,-0.002523,-0.000772,0.024431,-0.024887,-2.435186,0.000613,-0.002440,-0.000750
6.2500,-0.002773,-0.002348,-3.297461,0.000656,-0.002401,-0.000780,0.024468,-0.024890,-2.450167,0.000776,-0.002267,-0.000883
6.3000,-0.002743,-0.002349,-3.309908,0.000698,-0.002283,-0.000788,0.024495,-0.024890,-2.460096,0.000653,-0.002378,-0.000822
6.3500,-0.002715,-0.002350,-3.322355,0.000735,-0.002171,-0.000795,0.024528,-0.024892,-2.475046,0.000732,-0.002271,-0.000822
6.4000,-0.002689,-0.002349,-3.334803,0.000767,-0.002063,-0.000802,0.066558,0.006593,-2.485021,0.000780,-0.002060,-0.000908
6.4500,-0.002665,-0.002347,-3.347252,0.000795,-0.001959,-0.000809,0.066492,0.006520,-2.499921,0.000958,-0.001993,-0.000805
6.5000,-0.002642,-0.002344,-3.359701,0.000819,-0.001860,-0.000816,0.066509,0.006521,-2.509895,0.000919,-0.001859,-0.000898
6.5500,-0.002621,-0.002340,-3.372150,0.000839,-0.001765,-0.000822,0.066532,0.006523,-2.524848,0.000988,-0.001842,-0.000774
6.6000,-0.002602,-0.002336,-3.384600,0.000856,-0.001675,-0.000829,0.066552,0.006529,-2.534771,0.000925,-0.001740,-0.000882
6.6500,-0.002584,-0.002331,-3.397050,0.000870,-0.001588,-0.000835,0.066572,0.006533,-2.549698,0.000838,-0.001593,-0.000806
6.7000,-0.002567,-0.002325,-3.409501,0.000881,-0.001505,-0.000841,0.066582,0.006535,-2.559686,0.000962,-0.001340,-0.000927
6.7500,-0.002552,-0.002319,-3.421952,0.000889,-0.001425,-0.000847,0.066602,0.006544,-2.574556,0.001032,-0.001410,-0.000975
6.8020,-0.002539,-0.002312,-3.434403,0.000895,-0.001350,-0.000852,0.066614,0.006548,-2.584534,0.000903,-0.001449,-0.000866
6.8500,-0.002526,-0.002305,-3.446855,0.000898,-0.001277,-0.000858,0.066626,0.006554,-2.599471,0.000816,-0.001304,-0.001045
6.9000,-0.002515,-0.002297,-3.459308,0.000900,-0.001209,-0.000863,0.066641,0.006562,-2.609386,0.000934,-0.001270,-0.000821
6.9500,-0.002504,-0.002290,-3.471760,0.000900,-0.001143,-0.000868,0.066652,0.006570,-2.624301,0.001035,-0.000948,-0.000920
7.0000,-0.002495,-0.002281,-3.484214,0.000898,-0.001080,-0.000873,0.066661,0.006579,-2.637739,0.000790,-0.000965,-0.000712
7.0500,-0.002487,-0.002273,-3.496667,0.000895,-0.001021,-0.000878,0.066670,0.006586,-2.649150,0.000825,-0.001134,-0.000747
7.1000,-0.002480,-0.002265,-3.509121,0.000891,-0.000964,-0.000883,0.066679,0.006594,-2.659135,0.000921,-0.000973,-0.000812
7.1500,-0.002474,-0.002256,-3.521576,0.000885,-0.000910,-0.000888,0.066688,0.006605,-2.674010,0.000877,-0.000950,-0.000832
7.2000,-0.002468,-0.002247,-3.534030,0.000879,-0.000858,-0.000892,0.066693,0.006611,-2.683983,0.000808,-0.000941,-0.000985
7.2500,-0.002464,-0.002238,-3.546486,0.000872,-0.000810,-0.000897,0.066698,0.006621,-2.698899,0.000808,-0.000827,-0.000946
7.3000,-0.002460,-0.002230,-3.558941,0.000864,-0.000763,-0.000901,0.066703,0.006627,-2.709339,0.000717,-0.000638,-0.000945
7.3520,-0.002457,-0.002221,-3.571397,0.000856,-0.000719,-0.000906,0.066707,0.006638,-2.723737,0.000748,-0.000739,-0.000844
7.4000,-0.002454,-0.002212,-3.583853,0.000847,-0.000677,-0.000910,0.079259,-0.038077,-2.733722,0.000843,-0.000803,-0.000964
7.4500,-0.002453,-0.002203,-3.596310,0.000838,-0.000638,-0.000914,0.079246,-0.038014,-2.748584,0.000867,-0.000838,-0.000847
7.5000,-0.002452,-0.002194,-3.608767,0.000828,-0.000600,-0.000918,0.079247,-0.038007,-2.758561,0.000853,-0.000614,-0.000826
7.5500,-0.002451,-0.002185,-3.621225,0.000818,-0.000564,-0.000922,0.079243,-0.037997,-2.773478,0.000569,-0.000562,-0.000860
7.6000,-0.002451,-0.002176,-3.633682,0.000808,-0.000531,-0.000926,0.079246,-0.037991,-2.783412,0.000801,-0.000564,-0.000924
7.6520,-0.002452,-0.002168,-3.646140,0.000798,-0.000499,-0.000930,0.079246,-0.037981,-2.798311,0.000453,-0.000361,-0.000871
7.7000,-0.002453,-0.002159,-3.658599,0.000788,-0.000469,-0.000934,0.079244,-0.037974,-2.808303,0.000882,-0.000521,-0.001122
7.7500,-0.002455,-0.002150,-3.671058,0.000778,-0.000440,-0.000938,0.079246,-0.037963,-2.823158,0.000827,-0.000264,-0.000884
7.8000,-0.002457,-0.002142,-3.683517,0.000768,-0.000413,-0.000941,0.079245,-0.037957,-2.833139,0.000938,-0.000280,-0.001084
7.8500,-0.002459,-0.002134,-3.695977,0.000758,-0.000387,-0.000945,0.079247,-0.037949,-2.848060,0.000756,-0.000341,-0.000917
7.9000,-0.002462,-0.002125,-3.708437,0.000748,-0.000363,-0.000948,0.079240,-0.037938,-2.857988,0.000749,-0.000495,-0.000975
7.9500,-0.002465,-0.002117,-3.720897,0.000738,-0.000341,-0.000952,0.079239,-0.037927,-2.872892,0.000708,-0.000302,-0.001009
8.0000,-0.002474,-0.002111,-3.733217,0.000727,-0.000291,-0.000957,0.079234,-0.037922,-2.882867,0.000629,-0.000312,-0.000958
8.0520,-0.002518,-0.002118,-3.744772,0.000706,-0.000081,-0.000968,0.079137,-0.037926,-2.896421,0.000836,-0.000268,-0.001182
8.1000,-0.002629,-0.002152,-3.754891,0.000644,0.000407,-0.000989,0.079041,-0.037945,-2.904721,0.000518,0.000267,-0.001166
8.1500,-0.002802,-0.002219,-3.763343,0.000506,0.001128,-0.001011,0.078731,-0.038078,-2.915481,0.000452,0.001265,-0.000893
8.2000,-0.003007,-0.002311,-3.770211,0.000293,0.001970,-0.001025,0.078538,-0.038169,-2.919969,0.000341,0.001731,-0.000950
8.2520,-0.003212,-0.002413,-3.775709,0.000038,0.002838,-0.001027,0.078180,-0.038340,-2.926144,0.000084,0.003066,-0.001012
8.3000,-0.003395,-0.002510,-3.780071,-0.000231,0.003679,-0.001022,0.078042,-0.038433,-2.930718,-0.000292,0.003846,-0.000856
8.3500,-0.003544,-0.002593,-3.783514,-0.000494,0.004462,-0.001014,0.077906,-0.038525,-2.934012,-0.000618,0.004760,-0.000818
8.4000,-0.003657,-0.002657,-3.786225,-0.000738,0.005166,-0.001004,0.102442,-0.041424,-2.936267,-0.000820,0.004946,-0.001141
8.4520,-0.003739,-0.002702,-3.788354,-0.000953,0.005779,-0.000995,0.102372,-0.041463,-2.938818,-0.000950,0.005815,-0.000897
8.5000,-0.003795,-0.002731,-3.790026,-0.001136,0.006302,-0.000987,0.102349,-0.041479,-2.940303,-0.001136,0.006145,-0.000844
8.5500,-0.003834,-0.002748,-3.791339,-0.001283,0.006735,-0.000980,0.102335,-0.041485,-2.941772,-0.001257,0.006768,-0.001012
8.6000,-0.003859,-0.002754,-3.792368,-0.001395,0.007081,-0.000975,0.102324,-0.041483,-2.942671,-0.001382,0.007041,-0.001081
8.6500,-0.003876,-0.002754,-3.793174,-0.001475,0.007347,-0.000972,0.102327,-0.041472,-2.943452,-0.001526,0.007408,-0.000936
8.7000,-0.003888,-0.002751,-3.793808,-0.001524,0.007534,-0.000971,0.102333,-0.041459,-2.944053,-0.001573,0.007593,-0.000855
8.7500,-0.003896,-0.002745,-3.794308,-0.001547,0.007657,-0.000971,0.102337,-0.041446,-2.944393,-0.001530,0.007717,-0.000995
8.8000,-0.003902,-0.002738,-3.794694,-0.001546,0.007737,-0.000972,0.102344,-0.041432,-2.944774,-0.001455,0.007850,-0.000932
8.8500,-0.003907,-0.002732,-3.794983,-0.001525,0.007763,-0.000973,0.102359,-0.041415,-2.944903,-0.001711,0.007669,-0.000843
8.9000,-0.003912,-0.002726,-3.795195,-0.001489,0.007737,-0.000976,0.102356,-0.041414,-2.945063,-0.001486,0.007867,-0.000818
8.9500,-0.003915,-0.002722,-3.795347,-0.001445,0.007667,-0.000978,0.102364,-0.041405,-2.944989,-0.001289,0.007810,-0.000966
9.0000,-0.003917,-0.002718,-3.795454,-0.001395,0.007562,-0.000981,0.102371,-0.041402,-2.945127,-0.001428,0.007588,-0.001105
9.0500,-0.003918,-0.002715,-3.795525,-0.001343,0.007428,-0.000984,0.102372,-0.041396,-2.944907,-0.001235,0.007556,-0.000895
9.1000,-0.003920,-0.002712,-3.795568,-0.001290,0.007270,-0.000986,0.102377,-0.041393,-2.944975,-0.001101,0.007310,-0.000868
9.1500,-0.003921,-0.002710,-3.795590,-0.001237,0.007094,-0.000989,0.102385,-0.041394,-2.944781,-0.001230,0.006985,-0.001030
9.2000,-0.003921,-0.002709,-3.795595,-0.001186,0.006903,-0.000991,0.102378,-0.041389,-2.944737,-0.001193,0.007003,-0.000960
9.2680,-0.003922,-0.002707,-3.795587,-0.001137,0.006701,-0.000992,0.102376,-0.041388,-2.944498,-0.000965,0.006679,-0.001131
9.3000,-0.003922,-0.002706,-3.795568,-0.001090,0.006491,-0.000994,0.102379,-0.041388,-2.944474,-0.001087,0.006516,-0.001084
9.3500,-0.003922,-0.002705,-3.795541,-0.001046,0.006276,-0.000995,0.102381,-0.041389,-2.944233,-0.001027,0.006295,-0.000990
9.4020,-0.003923,-0.002704,-3.795507,-0.001005,0.006059,-0.000996,0.116961,-0.078242,-2.944232,-0.001117,0.006159,-0.001024
9.4500,-0.003923,-0.002703,-3.795469,-0.000967,0.005841,-0.000996,0.116960,-0.078243,-2.943966,-0.000920,0.005754,-0.000971
9.5000,-0.003924,-0.002702,-3.795426,-0.000931,0.005624,-0.000997,0.116960,-0.078243,-2.943938,-0.001058,0.005588,-0.001083
9.5500,-0.003925,-0.002700,-3.795380,-0.000898,0.005409,-0.000998,0.116958,-0.078240,-2.943729,-0.000639,0.005382,-0.000824
9.6000,-0.003925,-0.002698,-3.795331,-0.000868,0.005198,-0.000998,0.116955,-0.078238,-2.943657,-0.000964,0.005037,-0.000957
9.6500,-0.003926,-0.002697,-3.795281,-0.000839,0.004992,-0.000999,0.116952,-0.078237,-2.943451,-0.000878,0.005133,-0.001141
9.7000,-0.003927,-0.002695,-3.795229,-0.000812,0.004791,-0.000999,0.116949,-0.078236,-2.943425,-0.000713,0.004757,-0.001058
9.7500,-0.003927,-0.002692,-3.795176,-0.000787,0.004596,-0.001000,0.116946,-0.078233,-2.943198,-0.000786,0.004712,-0.000824
9.8020,-0.003928,-0.002690,-3.795123,-0.000764,0.004407,-0.001001,0.116945,-0.078232,-2.943157,-0.000848,0.004437,-0.000977
9.8520,-0.003928,-0.002688,-3.795069,-0.000741,0.004225,-0.001001,0.116945,-0.078229,-2.943000,-0.000841,0.004208,-0.001030
9.9000,-0.003928,-0.002685,-3.795014,-0.000720,0.004049,-0.001002,0.116943,-0.078228,-2.942923,-0.000535,0.004173,-0.000980
9.9500,-0.003929,-0.002683,-3.794960,-0.000700,0.003880,-0.001003,0.116942,-0.078227,-2.942772,-0.000674,0.003687,-0.001097
10.0000,-0.003736,-0.002681,-3.794911,-0.000678,0.003612,-0.001010,0.116967,-0.078226,-2.942746,-0.000846,0.003806,-0.000987
10.0500,-0.001656,-0.002687,-3.794935,-0.000669,0.003043,-0.001066,0.119657,-0.078137,-2.943243,-0.000509,0.002966,-0.001105
10.1020,0.004004,-0.002703,-3.795060,-0.000689,0.002194,-0.001212,0.123725,-0.078105,-2.943612,-0.000690,0.002309,-0.001258
10.1500,0.013452,-0.002729,-3.795263,-0.000734,0.001215,-0.001451,0.134439,-0.078071,-2.944273,-0.000707,0.001175,-0.001518
10.2000,0.025934,-0.002763,-3.795497,-0.000797,0.000258,-0.001739,0.144058,-0.078103,-2.944125,-0.000851,0.000358,-0.001766
10.2500,0.040372,-0.002805,-3.795709,-0.000868,-0.000616,-0.002022,0.161376,-0.078131,-2.944461,-0.000906,-0.000633,-0.002135
10.3020,0.055789,-0.002847,-3.795870,-0.000935,-0.001356,-0.002258,0.173974,-0.078158,-2.944595,-0.000758,-0.001371,-0.002256
10.3500,0.071490,-0.002885,-3.795973,-0.000991,-0.001944,-0.002434,0.192373,-0.078295,-2.944664,-0.001013,-0.002011,-0.002280
10.4000,0.087130,-0.002922,-3.796019,-0.001033,-0.002382,-0.002599,0.150052,-0.097774,-2.944610,-0.001043,-0.002386,-0.002463
10.4500,0.102665,-0.002959,-3.796019,-0.001061,-0.002683,-0.002742,0.168647,-0.097909,-2.944696,-0.000986,-0.002739,-0.002567
10.5000,0.118091,-0.002996,-3.795982,-0.001077,-0.002875,-0.002851,0.181039,-0.097874,-2.944704,-0.001085,-0.002755,-0.002892
10.5500,0.133427,-0.003032,-3.795918,-0.001081,-0.002981,-0.002946,0.199440,-0.097935,-2.944813,-0.000940,-0.003022,-0.002833
10.6000,0.148693,-0.003068,-3.795835,-0.001072,-0.003023,-0.003018,0.215911,-0.098012,-2.944605,-0.000971,-0.003103,-0.002883
10.6500,0.163920,-0.003104,-3.795740,-0.001054,-0.003013,-0.003064,0.229899,-0.098079,-2.944646,-0.001056,-0.003075,-0.002978
10.7000,0.179132,-0.003140,-3.795638,-0.001026,-0.002964,-0.003094,0.242048,-0.098139,-2.944512,-0.001112,-0.002947,-0.003069
10.7500,0.194346,-0.003178,-3.795531,-0.000990,-0.002884,-0.003113,0.260295,-0.098198,-2.944509,-0.000928,-0.003009,-0.003100
10.8000,0.209569,-0.003218,-3.795423,-0.000947,-0.002780,-0.003124,0.272463,-0.098239,-2.944391,-0.000873,-0.002819,-0.002951
10.8500,0.224802,-0.003258,-3.795314,-0.000899,-0.002656,-0.003128,0.290726,-0.098302,-2.944410,-0.000943,-0.002539,-0.003150
10.9000,0.240043,-0.003300,-3.795207,-0.000846,-0.002518,-0.003125,0.303528,-0.098336,-2.944291,-0.000715,-0.002515,-0.003201
10.9500,0.255288,-0.003342,-3.795102,-0.000789,-0.002369,-0.003117,0.321210,-0.098395,-2.944318,-0.000799,-0.002359,-0.003320
11.0000,0.270535,-0.003385,-3.794999,-0.000729,-0.002211,-0.003106,0.333406,-0.098437,-2.944246,-0.000793,-0.002030,-0.002907
11.0500,0.285782,-0.003429,-3.794898,-0.000668,-0.002049,-0.003091,0.351699,-0.098490,-2.944231,-0.000818,-0.001973,-0.002973
11.1000,0.301027,-0.003473,-3.794801,-0.000606,-0.001883,-0.003075,0.363895,-0.098525,-2.944159,-0.000515,-0.002069,-0.003058
11.1500,0.316269,-0.003517,-3.794707,-0.000544,-0.001717,-0.003056,0.382187,-0.098578,-2.944188,-0.000477,-0.001806,-0.003075
11.2000,0.331509,-0.003561,-3.794617,-0.000482,-0.001550,-0.003036,0.394378,-0.098613,-2.944081,-0.000401,-0.001596,-0.003139
11.2500,0.346746,-0.003605,-3.794530,-0.000422,-0.001385,-0.003015,0.412661,-0.098668,-2.944082,-0.000561,-0.001524,-0.003037
11.3000,0.361980,-0.003649,-3.794446,-0.000363,-0.001223,-0.002994,0.424846,-0.098703,-2.944041,-0.000545,-0.001263,-0.003013
11.3500,0.377211,-0.003693,-3.794366,-0.000306,-0.001064,-0.002972,0.443128,-0.098761,-2.943985,-0.000350,-0.000891,-0.002915
11.4000,0.392440,-0.003737,-3.794289,-0.000252,-0.000909,-0.002950,0.381268,-0.117431,-2.943935,-0.000072,-0.000870,-0.002999
11.4500,0.407667,-0.003781,-3.794216,-0.000200,-0.000758,-0.002928,0.399466,-0.117506,-2.943945,-0.000069,-0.000632,-0.002903
11.5000,0.422891,-0.003825,-3.794146,-0.000151,-0.000613,-0.002905,0.411699,-0.117523,-2.943842,-0.000144,-0.000579,-0.002811
11.5520,0.438114,-0.003868,-3.794079,-0.000105,-0.000472,-0.002884,0.429965,-0.117575,-2.943821,-0.000213,-0.000452,-0.002794
11.6000,0.453334,-0.003911,-3.794015,-0.000063,-0.000336,-0.002862,0.442140,-0.117608,-2.943803,-0.000035,-0.000308,-0.002959
11.6500,0.468552,-0.003954,-3.793954,-0.000023,-0.000205,-0.002841,0.460403,-0.117660,-2.943713,0.000032,-0.000340,-0.002717
11.7000,0.483767,-0.003996,-3.793896,0.000013,-0.000079,-0.002820,0.472576,-0.117694,-2.943685,0.000056,-0.000382,-0.002609
11.7500,0.498981,-0.004038,-3.793841,0.000047,0.000041,-0.002799,0.492661,-0.117747,-2.943614,0.000164,0.000160,-0.003025
11.8000,0.514192,-0.004079,-3.793788,0.000077,0.000156,-0.002779,0.503006,-0.117776,-2.943587,0.000123,0.000376,-0.002813
11.8500,0.529401,-0.004121,-3.793738,0.000105,0.000267,-0.002760,0.521260,-0.117828,-2.943560,0.000139,0.000238,-0.002813
11.9000,0.544608,-0.004162,-3.793690,0.000130,0.000372,-0.002741,0.536469,-0.117867,-2.943496,0.000072,0.000301,-0.002681
11.9500,0.559812,-0.004202,-3.793645,0.000152,0.000473,-0.002722,0.551675,-0.117907,-2.943448,0.000127,0.000452,-0.002923
12.0000,0.575015,-0.004242,-3.793602,0.000171,0.000570,-0.002704,0.563838,-0.117939,-2.943438,0.000283,0.000683,-0.002682
12.0500,0.590215,-0.004282,-3.793561,0.000188,0.000661,-0.002687,0.582080,-0.117987,-2.943351,0.000205,0.000691,-0.002684
12.1000,0.605414,-0.004322,-3.793522,0.000203,0.000749,-0.002670,0.594240,-0.118019,-2.943333,0.000249,0.000666,-0.002662
12.1500,0.620610,-0.004361,-3.793485,0.000215,0.000832,-0.002653,0.612477,-0.118066,-2.943291,0.000268,0.000838,-0.002637
12.2000,0.635805,-0.004399,-3.793450,0.000226,0.000911,-0.002637,0.624634,-0.118096,-2.943236,0.000229,0.000904,-0.002464
12.2500,0.650997,-0.004438,-3.793416,0.000235,0.000987,-0.002622,0.642866,-0.118142,-2.943173,0.000280,0.000838,-0.002397
12.3020,0.666187,-0.004476,-3.793385,0.000242,0.001058,-0.002607,0.655020,-0.118173,-2.943173,-0.000003,0.001078,-0.002636
12.3500,0.681376,-0.004514,-3.793355,0.000247,0.001126,-0.002592,0.673247,-0.118219,-2.943069,0.000335,0.001060,-0.002766
12.4000,0.696562,-0.004552,-3.793327,0.000251,0.001191,-0.002578,0.592838,-0.136022,-2.943055,0.000295,0.001204,-0.002681
12.4500,0.711746,-0.004589,-3.793300,0.000253,0.001252,-0.002564,0.610997,-0.136080,-2.943010,0.000285,0.001265,-0.002849
12.5000,0.726929,-0.004626,-3.793275,0.000255,0.001311,-0.002551,0.623182,-0.136101,-2.942953,0.000204,0.001247,-0.002643
12.5500,0.742110,-0.004663,-3.793251,0.000255,0.001366,-0.002538,0.641399,-0.136144,-2.942888,0.000211,0.001341,-0.002540
12.6000,0.757289,-0.004699,-3.793228,0.000254,0.001418,-0.002526,0.653541,-0.136171,-2.942898,0.000333,0.001363,-0.002439
12.6500,0.772466,-0.004735,-3.793207,0.000253,0.001468,-0.002513,0.671756,-0.136215,-2.942786,0.000165,0.001478,-0.002461
12.7000,0.787641,-0.004771,-3.793187,0.000250,0.001515,-0.002501,0.683898,-0.136241,-2.942784,0.000139,0.001737,-0.002370
12.7500,0.802814,-0.004807,-3.793169,0.000247,0.001559,-0.002490,0.702110,-0.136282,-2.942742,0.000299,0.001673,-0.002414
12.8000,0.817986,-0.004843,-3.793151,0.000244,0.001601,-0.002479,0.714245,-0.136312,-2.942684,0.000382,0.001456,-0.002324
12.8500,0.833156,-0.004878,-3.793135,0.000240,0.001641,-0.002468,0.732450,-0.136358,-2.942624,0.000346,0.001685,-0.002287
12.9000,0.848324,-0.004913,-3.793119,0.000235,0.001679,-0.002457,0.750048,-0.136395,-2.942594,0.000273,0.001522,-0.002412
12.9500,0.863490,-0.004949,-3.793105,0.000230,0.001715,-0.002447,0.762789,-0.136423,-2.942526,0.000168,0.001698,-0.002565
13.0000,0.878655,-0.004983,-3.793092,0.000225,0.001748,-0.002437,0.774922,-0.136448,-2.942534,0.000232,0.001847,-0.002553
13.0520,0.893818,-0.005018,-3.793079,0.000220,0.001780,-0.002427,0.793725,-0.136490,-2.942444,0.000186,0.001789,-0.002288
13.1000,0.908979,-0.005053,-3.793068,0.000214,0.001810,-0.002418,0.805248,-0.136516,-2.942443,0.000146,0.001823,-0.002521
13.1500,0.924139,-0.005087,-3.793057,0.000208,0.001839,-0.002408,0.823442,-0.136556,-2.942394,0.000107,0.001880,-0.002343
13.2000,0.939297,-0.005121,-3.793047,0.000202,0.001866,-0.002399,0.837387,-0.136588,-2.942365,0.000096,0.002081,-0.002393
13.2500,0.954454,-0.005155,-3.793038,0.000196,0.001891,-0.002390,0.853756,-0.136626,-2.942300,0.000220,0.001840,-0.002452
13.3000,0.969609,-0.005189,-3.793030,0.000190,0.001915,-0.002382,0.865880,-0.136653,-2.942314,0.000366,0.001887,-0.002382
13.3500,0.984762,-0.005223,-3.793023,0.000184,0.001937,-0.002373,0.884065,-0.136692,-2.942221,0.000087,0.001998,-0.002281
13.4000,0.999914,-0.005257,-3.793016,0.000178,0.001958,-0.002365,0.786150,-0.153556,-2.942217,0.000324,0.001939,-0.002271
13.4500,1.015064,-0.005290,-3.793010,0.000172,0.001978,-0.002357,0.804299,-0.153601,-2.942178,0.000165,0.002170,-0.002194
13.5020,1.030213,-0.005324,-3.793005,0.000166,0.001997,-0.002349,0.816431,-0.153624,-2.942145,0.000292,0.001968,-0.002281
13.5500,1.045360,-0.005357,-3.793001,0.000160,0.002015,-0.002342,0.834607,-0.153664,-2.942089,0.000238,0.002103,-0.002143
13.6000,1.060506,-0.005390,-3.792997,0.000155,0.002031,-0.002334,0.846723,-0.153691,-2.942109,0.000140,0.002083,-0.002370
13.6500,1.075650,-0.005423,-3.792994,0.000149,0.002047,-0.002327,0.864898,-0.153729,-2.942015,0.000097,0.002044,-0.002335
13.7000,1.090793,-0.005456,-3.792991,0.000144,0.002061,-0.002320,0.877012,-0.153754,-2.942024,0.000308,0.001770,-0.002335
13.7500,1.105934,-0.005489,-3.792989,0.000138,0.002075,-0.002313,0.895177,-0.153791,-2.941991,0.000009,0.002118,-0.002289
13.8000,1.121074,-0.005522,-3.792987,0.000133,0.002088,-0.002306,0.907294,-0.153818,-2.941953,0.000148,0.002181,-0.002317
13.8500,1.136213,-0.005555,-3.792986,0.000128,0.002100,-0.002299,0.925463,-0.153858,-2.941909,0.000233,0.002126,-0.002329
13.9020,1.151350,-0.005588,-3.792986,0.000123,0.002111,-0.002292,0.937575,-0.153885,-2.941936,0.000012,0.002110,-0.002372
13.9520,1.166486,-0.005620,-3.792986,0.000118,0.002122,-0.002286,0.955735,-0.153925,-2.941842,0.000198,0.002113,-0.002174
14.0000,1.181620,-0.005653,-3.792986,0.000114,0.002132,-0.002279,0.967843,-0.153952,-2.941857,0.000173,0.002077,-0.002328
14.0500,1.196753,-0.005685,-3.792987,0.000109,0.002141,-0.002273,0.986000,-0.153990,-2.941836,0.000055,0.002212,-0.002174
14.1000,1.211885,-0.005717,-3.792989,0.000105,0.002150,-0.002267,0.998108,-0.154016,-2.941791,-0.000030,0.002014,-0.002174
14.1500,1.227015,-0.005750,-3.792991,0.000101,0.002158,-0.002261,1.016261,-0.154053,-2.941756,0.000057,0.002270,-0.002223
14.2000,1.242144,-0.005782,-3.792993,0.000097,0.002166,-0.002255,1.032602,-0.154089,-2.941742,-0.000026,0.002158,-0.002299
14.2500,1.257272,-0.005814,-3.792996,0.000093,0.002173,-0.002249,1.046519,-0.154120,-2.941695,0.000161,0.002143,-0.002117
14.3000,1.272399,-0.005846,-3.792999,0.000089,0.002179,-0.002243,1.058620,-0.154147,-2.941716,0.000302,0.002166,-0.002360
14.3500,1.287524,-0.005878,-3.793003,0.000086,0.002185,-0.002238,1.076773,-0.154186,-2.941648,0.000127,0.002217,-0.002371
14.4000,1.302648,-0.005910,-3.793007,0.000082,0.002191,-0.002232,0.962324,-0.170083,-2.941644,0.000092,0.002083,-0.002314
14.4500,1.317771,-0.005942,-3.793011,0.000079,0.002196,-0.002227,0.980462,-0.170123,-2.941621,-0.000027,0.002066,-0.002134
14.5000,1.332892,-0.005973,-3.793016,0.000076,0.002201,-0.002221,0.993169,-0.170147,-2.941600,0.000126,0.002227,-0.002099
14.5500,1.348012,-0.006005,-3.793021,0.000073,0.002206,-0.002216,1.010710,-0.170185,-2.941565,-0.000028,0.002415,-0.002228
14.6000,1.363131,-0.006037,-3.793027,0.000070,0.002210,-0.002211,1.022808,-0.170212,-2.941593,0.000050,0.001988,-0.002177
14.6500,1.378249,-0.006068,-3.793033,0.000068,0.002214,-0.002206,1.040948,-0.170249,-2.941526,-0.000055,0.002257,-0.002094
14.7000,1.393366,-0.006100,-3.793039,0.000065,0.002218,-0.002200,1.053042,-0.170272,-2.941540,-0.000024,0.002183,-0.002029
14.7500,1.408482,-0.006131,-3.793046,0.000063,0.002221,-0.002195,1.071182,-0.170305,-2.941530,0.000062,0.002173,-0.002410
14.8000,1.423596,-0.006163,-3.793053,0.000060,0.002224,-0.002191,1.083273,-0.170334,-2.941503,0.000132,0.002241,-0.002362
14.8560,1.438709,-0.006194,-3.793060,0.000058,0.002227,-0.002186,1.101409,-0.170373,-2.941477,0.000096,0.002248,-0.002294
14.9000,1.453821,-0.006225,-3.793067,0.000056,0.002229,-0.002181,1.113498,-0.170400,-2.941507,0.000097,0.002138,-0.002148
14.9500,1.468932,-0.006256,-3.793075,0.000054,0.002232,-0.002176,1.131634,-0.170436,-2.941439,-0.000028,0.002218,-0.002213
15.0000,1.484042,-0.006288,-3.793083,0.000052,0.002234,-0.002171,1.143722,-0.170462,-2.941458,0.000101,0.002410,-0.002175
15.0520,1.499151,-0.006319,-3.793092,0.000050,0.002236,-0.002167,1.161855,-0.170503,-2.941459,0.000176,0.002423,-0.002063
15.1000,1.514259,-0.006350,-3.793100,0.000049,0.002238,-0.002162,1.173937,-0.170527,-2.941427,-0.000102,0.002124,-0.002172
15.1520,1.529365,-0.006381,-3.793109,0.000047,0.002239,-0.002158,1.192063,-0.170560,-2.941410,0.000100,0.002268,-0.002147
15.2000,1.544471,-0.006412,-3.793119,0.000046,0.002241,-0.002153,1.204145,-0.170582,-2.941444,-0.000013,0.002394,-0.002296
15.2520,1.559575,-0.006443,-3.793128,0.000044,0.002242,-0.002149,1.222272,-0.170626,-2.941378,0.000275,0.002066,-0.002096
15.3000,1.574679,-0.006473,-3.793138,0.000043,0.002243,-0.002145,1.234354,-0.170653,-2.941400,0.000085,0.002187,-0.002053
15.3500,1.589781,-0.006504,-3.793148,0.000041,0.002244,-0.002141,1.254288,-0.170694,-2.941360,0.000191,0.002226,-0.002223
15.4000,1.604883,-0.006535,-3.793159,0.000040,0.002245,-0.002136,1.122630,-0.185601,-2.941353,0.000098,0.002210,-0.002239
15.4500,1.619983,-0.006566,-3.793169,0.000039,0.002246,-0.002132,1.140751,-0.185640,-2.941349,0.000227,0.002230,-0.002073
15.5000,1.635082,-0.006596,-3.793180,0.000038,0.002247,-0.002128,1.155852,-0.185667,-2.941339,0.000116,0.002119,-0.002115
15.5500,1.650181,-0.006627,-3.793191,0.000037,0.002248,-0.002124,1.170948,-0.185700,-2.941316,-0.000068,0.002414,-0.002216
15.6000,1.665278,-0.006657,-3.793203,0.000036,0.002248,-0.002120,1.183024,-0.185726,-2.941345,0.000032,0.002204,-0.002096
15.6500,1.680375,-0.006688,-3.793214,0.000035,0.002248,-0.002116,1.201141,-0.185759,-2.941302,0.000172,0.002074,-0.002158
15.7000,1.695470,-0.006718,-3.793226,0.000034,0.002249,-0.002112,1.213216,-0.185786,-2.941316,0.000040,0.001941,-0.002209
15.7500,1.710565,-0.006749,-3.793238,0.000033,0.002249,-0.002108,1.231323,-0.185826,-2.941321,-0.000007,0.002254,-0.002164
15.8000,1.725658,-0.006779,-3.793250,0.000033,0.002249,-0.002104,1.243400,-0.185849,-2.941304,0.000002,0.002119,-0.002083
15.8500,1.740751,-0.006809,-3.793263,0.000032,0.002249,-0.002101,1.261510,-0.185885,-2.941295,0.000236,0.002352,-0.002218
15.9000,1.755843,-0.006840,-3.793275,0.000031,0.002250,-0.002097,1.273583,-0.185911,-2.941327,0.000022,0.002343,-0.002002
15.9500,1.770933,-0.006870,-3.793288,0.000031,0.002250,-0.002093,1.291691,-0.185945,-2.941285,0.000023,0.002245,-0.002158
16.0000,1.786023,-0.006900,-3.793302,0.000030,0.002250,-0.002090,1.303764,-0.185970,-2.941305,0.000166,0.002208,-0.002086
16.0500,1.801112,-0.006930,-3.793315,0.000029,0.002250,-0.002086,1.321870,-0.186008,-2.941320,0.000122,0.002429,-0.001967
16.1000,1.816201,-0.006960,-3.793328,0.000029,0.002249,-0.002082,1.333939,-0.186028,-2.941297,-0.000054,0.002123,-0.002168
16.1500,1.831288,-0.006991,-3.793342,0.000028,0.002249,-0.002079,1.352043,-0.186064,-2.941296,0.000062,0.002338,-0.002056
16.2000,1.846374,-0.007021,-3.793356,0.000028,0.002249,-0.002075,1.364110,-0.186088,-2.941333,0.000016,0.002193,-0.002129
16.2520,1.861460,-0.007051,-3.793370,0.000027,0.002249,-0.002072,1.382214,-0.186125,-2.941286,-0.000059,0.002155,-0.002180
16.3000,1.876544,-0.007080,-3.793385,0.000027,0.002249,-0.002068,1.394281,-0.186146,-2.941309,0.000050,0.002190,-0.001903
16.3500,1.891628,-0.007110,-3.793399,0.000027,0.002248,-0.002065,1.412376,-0.186177,-2.941331,0.000097,0.002315,-0.002090
16.4020,1.906711,-0.007140,-3.793414,0.000026,0.002248,-0.002062,1.268270,-0.200110,-2.941279,-0.000043,0.002236,-0.002008
16.4500,1.921793,-0.007170,-3.793429,0.000026,0.002248,-0.002058,1.286371,-0.200145,-2.941289,0.000167,0.002218,-0.002041
16.5000,1.936875,-0.007200,-3.793444,0.000026,0.002247,-0.002055,1.303866,-0.200178,-2.941291,0.000034,0.002210,-0.001869
16.5500,1.951955,-0.007230,-3.793459,0.000025,0.002247,-0.002052,1.316533,-0.200201,-2.941280,-0.000059,0.002188,-0.002210
16.6000,1.967035,-0.007259,-3.793475,0.000025,0.002247,-0.002049,1.328596,-0.200224,-2.941309,-0.000154,0.002307,-0.002113
16.6500,1.982114,-0.007289,-3.793491,0.000025,0.002246,-0.002045,1.347293,-0.200262,-2.941288,0.000170,0.002321,-0.002123
16.7000,1.997192,-0.007319,-3.793506,0.000024,0.002246,-0.002042,1.358753,-0.200286,-2.941304,0.000136,0.002311,-0.001939
16.7500,2.012269,-0.007348,-3.793522,0.000024,0.002245,-0.002039,1.376844,-0.200323,-2.941321,0.000009,0.002265,-0.002164
16.8000,2.027346,-0.007378,-3.793539,0.000024,0.002245,-0.002036,1.390715,-0.200351,-2.941314,0.000104,0.002272,-0.002157
16.8500,2.042422,-0.007407,-3.793555,0.000024,0.002244,-0.002033,1.406996,-0.200383,-2.941314,0.000231,0.002061,-0.002066
16.9000,2.057497,-0.007437,-3.793572,0.000024,0.002244,-0.002030,1.419054,-0.200408,-2.941346,0.000130,0.002235,-0.002131
16.9500,2.072571,-0.007466,-3.793588,0.000023,0.002243,-0.002027,1.437146,-0.200444,-2.941320,0.000104,0.002300,-0.002085
17.0000,2.087645,-0.007496,-3.793605,0.000023,0.002243,-0.002024,1.449205,-0.200468,-2.941342,0.000130,0.002392,-0.002000
17.0500,2.102718,-0.007525,-3.793622,0.000023,0.002242,-0.002021,1.467295,-0.200503,-2.941370,0.000043,0.002158,-0.002034
17.1000,2.117790,-0.007554,-3.793639,0.000023,0.002242,-0.002018,1.479353,-0.200523,-2.941353,-0.000067,0.002341,-0.002212
17.1500,2.132861,-0.007584,-3.793657,0.000023,0.002241,-0.002015,1.497439,-0.200559,-2.941363,-0.000157,0.002124,-0.002002
17.2000,2.147932,-0.007613,-3.793674,0.000023,0.002241,-0.002013,1.509495,-0.200579,-2.941399,0.000080,0.002323,-0.002048
17.2500,2.163002,-0.007642,-3.793692,0.000023,0.002240,-0.002010,1.527578,-0.200616,-2.941372,0.000070,0.002134,-0.001991
17.3000,2.178071,-0.007671,-3.793710,0.000023,0.002240,-0.002007,1.539633,-0.200642,-2.941396,-0.000099,0.002243,-0.001908
17.3500,2.193140,-0.007700,-3.793728,0.000022,0.002239,-0.002004,1.557713,-0.200679,-2.941429,0.000058,0.002210,-0.002009
17.4000,2.208208,-0.007730,-3.793746,0.000022,0.002239,-0.002001,1.400468,-0.213647,-2.941380,-0.000089,0.002253,-0.001913
17.4500,2.223275,-0.007759,-3.793764,0.000022,0.002238,-0.001999,1.418547,-0.213679,-2.941399,0.000079,0.002380,-0.001987
17.5000,2.238342,-0.007788,-3.793783,0.000022,0.002238,-0.001996,1.430601,-0.213702,-2.941441,-0.000019,0.002256,-0.001977
17.5500,2.253408,-0.007817,-3.793801,0.000022,0.002237,-0.001993,1.448679,-0.213735,-2.941411,0.000067,0.002267,-0.002035
17.6000,2.268473,-0.007846,-3.793820,0.000022,0.002237,-0.001991,1.460732,-0.213758,-2.941440,0.000024,0.002222,-0.001991
17.6500,2.283537,-0.007875,-3.793839,0.000022,0.002236,-0.001988,1.478811,-0.213794,-2.941483,0.000145,0.002356,-0.002119
17.7000,2.298601,-0.007904,-3.793858,0.000022,0.002235,-0.001986,1.490859,-0.213819,-2.941452,-0.000046,0.002300,-0.001843
17.7500,2.313665,-0.007933,-3.793877,0.000022,0.002235,-0.001983,1.508934,-0.213850,-2.941478,-0.000191,0.002202,-0.001929
17.8000,2.328727,-0.007962,-3.793896,0.000022,0.002234,-0.001981,1.525203,-0.213879,-2.941481,0.000127,0.002122,-0.001883
17.8500,2.343790,-0.007990,-3.793916,0.000022,0.002234,-0.001978,1.539058,-0.213905,-2.941485,0.000045,0.002225,-0.002181
17.9000,2.358851,-0.008019,-3.793935,0.000022,0.002233,-0.001976,1.551104,-0.213930,-2.941518,0.000108,0.002204,-0.001865
17.9500,2.373912,-0.008048,-3.793955,0.000022,0.002233,-0.001973,1.569179,-0.213965,-2.941506,0.000109,0.002247,-0.002030
18.0000,2.388972,-0.008077,-3.793975,0.000022,0.002232,-0.001971,1.581228,-0.213990,-2.941529,-0.000116,0.002377,-0.001852
18.0500,2.404032,-0.008106,-3.793995,0.000022,0.002232,-0.001968,1.599303,-0.214025,-2.941562,0.000134,0.002236,-0.002211
18.1000,2.419091,-0.008134,-3.794015,0.000022,0.002231,-0.001966,1.611953,-0.214047,-2.941554,-0.000025,0.002174,-0.001841
18.1500,2.434149,-0.008163,-3.794035,0.000022,0.002231,-0.001964,1.629419,-0.214078,-2.941569,0.000025,0.002308,-0.002004
18.2000,2.449207,-0.008192,-3.794056,0.000022,0.002230,-0.001961,1.641464,-0.214100,-2.941607,0.000041,0.002221,-0.001940
18.2500,2.464264,-0.008220,-3.794076,0.000022,0.002230,-0.001959,1.659534,-0.214135,-2.941592,-0.000062,0.002235,-0.002041
18.3000,2.479321,-0.008249,-3.794097,0.000021,0.002229,-0.001957,1.671579,-0.214156,-2.941618,0.000004,0.002201,-0.001940
18.3500,2.494377,-0.008277,-3.794117,0.000021,0.002229,-0.001954,1.689648,-0.214189,-2.941658,0.000089,0.002422,-0.001895
18.4000,2.509433,-0.008306,-3.794138,0.000021,0.002228,-0.001952,1.520355,-0.226227,-2.941615,-0.000030,0.002172,-0.001802
18.4500,2.524488,-0.008334,-3.794159,0.000021,0.002228,-0.001950,1.538420,-0.226262,-2.941641,-0.000068,0.002035,-0.001888
18.5000,2.539542,-0.008363,-3.794180,0.000021,0.002227,-0.001948,1.550463,-0.226283,-2.941680,0.000178,0.002154,-0.002079
18.5500,2.554596,-0.008391,-3.794201,0.000021,0.002227,-0.001946,1.568530,-0.226320,-2.941661,0.000100,0.002250,-0.001851
18.6000,2.569650,-0.008420,-3.794223,0.000021,0.002226,-0.001944,1.580573,-0.226342,-2.941690,0.000057,0.002325,-0.001914
18.6500,2.584703,-0.008448,-3.794244,0.000021,0.002226,-0.001941,1.598636,-0.226376,-2.941738,-0.000240,0.002229,-0.001967
18.7000,2.599755,-0.008477,-3.794266,0.000021,0.002225,-0.001939,1.610678,-0.226399,-2.941715,-0.000014,0.002407,-0.002175
18.7500,2.614807,-0.008505,-3.794287,0.000021,0.002225,-0.001937,1.628742,-0.226434,-2.941748,0.000017,0.002262,-0.001896
18.8000,2.629858,-0.008533,-3.794309,0.000021,0.002224,-0.001935,1.640784,-0.226458,-2.941792,0.000001,0.002217,-0.002111
18.8520,2.644909,-0.008562,-3.794331,0.000021,0.002224,-0.001933,1.658844,-0.226491,-2.941770,-0.000075,0.002122,-0.001850
18.9000,2.659959,-0.008590,-3.794353,0.000021,0.002223,-0.001931,1.670883,-0.226515,-2.941801,0.000130,0.002218,-0.001947
18.9500,2.675009,-0.008618,-3.794375,0.000021,0.002223,-0.001929,1.690751,-0.226553,-2.941804,0.000030,0.002237,-0.001960
19.0000,2.690059,-0.008647,-3.794397,0.000021,0.002222,-0.001927,1.700984,-0.226572,-2.941822,0.000081,0.002146,-0.001857
19.0500,2.705107,-0.008675,-3.794420,0.000021,0.002222,-0.001925,1.719040,-0.226607,-2.941860,0.000038,0.002279,-0.001852
19.1000,2.720156,-0.008703,-3.794442,0.000021,0.002221,-0.001923,1.734091,-0.226633,-2.941862,0.000042,0.002047,-0.001935
19.1500,2.735204,-0.008731,-3.794465,0.000021,0.002221,-0.001921,1.749139,-0.226662,-2.941880,0.000078,0.002347,-0.001851
19.2020,2.750251,-0.008759,-3.794487,0.000021,0.002221,-0.001919,1.761178,-0.226683,-2.941917,-0.000015,0.002214,-0.001859
19.2500,2.765298,-0.008787,-3.794510,0.000021,0.002220,-0.001917,1.779235,-0.226721,-2.941914,0.000166,0.002211,-0.001937
19.3000,2.780344,-0.008816,-3.794533,0.000021,0.002220,-0.001916,1.791271,-0.226744,-2.941939,-0.000018,0.002301,-0.001863
19.3500,2.795390,-0.008844,-3.794556,0.000021,0.002219,-0.001914,1.809327,-0.226779,-2.941984,0.000091,0.002074,-0.002018
19.4000,2.810436,-0.008872,-3.794579,0.000021,0.002219,-0.001912,1.629171,-0.237920,-2.941944,-0.000024,0.002135,-0.001994
19.4500,2.825481,-0.008900,-3.794602,0.000021,0.002218,-0.001910,1.647224,-0.237954,-2.941973,-0.000101,0.002383,-0.001992
19.5000,2.840525,-0.008928,-3.794625,0.000021,0.002218,-0.001908,1.659260,-0.237978,-2.942015,0.000017,0.002308,-0.001855
19.5500,2.855570,-0.008956,-3.794649,0.000021,0.002218,-0.001907,1.677311,-0.238012,-2.942010,-0.000015,0.002223,-0.001912
19.6020,2.870613,-0.008984,-3.794672,0.000021,0.002217,-0.001905,1.689346,-0.238035,-2.942038,0.000074,0.002023,-0.001875
19.6500,2.885657,-0.009012,-3.794695,0.000021,0.002217,-0.001903,1.707397,-0.238072,-2.942090,0.000128,0.002182,-0.001890
19.7000,2.900700,-0.009040,-3.794719,0.000021,0.002216,-0.001901,1.719432,-0.238092,-2.942073,-0.000031,0.002337,-0.001950
19.7500,2.915742,-0.009068,-3.794743,0.000021,0.002216,-0.001900,1.737484,-0.238127,-2.942109,-0.000130,0.002122,-0.001947
19.8000,2.930784,-0.009095,-3.794767,0.000021,0.002216,-0.001898,1.749519,-0.238149,-2.942152,0.000051,0.002265,-0.001916
19.8500,2.945826,-0.009123,-3.794790,0.000021,0.002215,-0.001896,1.767567,-0.238183,-2.942140,0.000026,0.002179,-0.001658
19.9000,2.960867,-0.009151,-3.794814,0.000021,0.002215,-0.001895,1.779599,-0.238205,-2.942172,-0.000043,0.002379,-0.001851
19.9500,2.975908,-0.009179,-3.794839,0.000021,0.002214,-0.001893,1.797649,-0.238238,-2.942231,-0.000078,0.002209,-0.001982
20.0000,2.990948,-0.009207,-3.794863,0.000021,0.002214,-0.001891,1.809680,-0.238261,-2.942207,-0.000121,0.002233,-0.001882
20.0500,3.005988,-0.009235,-3.794887,0.000021,0.002214,-0.001890,1.827728,-0.238292,-2.942248,0.000053,0.002228,-0.001898
20.1000,3.021027,-0.009262,-3.794911,0.000022,0.002213,-0.001888,1.845174,-0.238325,-2.942261,-0.000086,0.002174,-0.001870
20.1500,3.036067,-0.009290,-3.794936,0.000022,0.002213,-0.001886,1.857808,-0.238350,-2.942279,-0.000009,0.002227,-0.001836
20.2000,3.051105,-0.009318,-3.794960,0.000022,0.002213,-0.001885,1.869840,-0.238371,-2.942315,-0.000032,0.002124,-0.001888
20.2500,3.066144,-0.009346,-3.794985,0.000022,0.002212,-0.001883,1.888487,-0.238403,-2.942323,0.000007,0.002254,-0.001810
20.3000,3.081182,-0.009373,-3.795009,0.000022,0.002212,-0.001882,1.899916,-0.238424,-2.942346,0.000052,0.002243,-0.002046
20.3500,3.096219,-0.009401,-3.795034,0.000022,0.002211,-0.001880,1.917962,-0.238459,-2.942393,0.000166,0.002000,-0.001958
20.4000,3.111257,-0.009429,-3.795059,0.000022,0.002211,-0.001879,2.029521,-0.187740,-2.942408,0.000059,0.002121,-0.001908
20.4500,3.126294,-0.009456,-3.795084,0.000022,0.002211,-0.001877,2.045759,-0.187771,-2.942433,-0.000082,0.002218,-0.001720
20.5000,3.141330,-0.009484,-3.795109,0.000022,0.002210,-0.001876,2.057786,-0.187791,-2.942473,0.000170,0.002151,-0.001850
20.5500,3.156366,-0.009512,-3.795134,0.000022,0.002210,-0.001874,2.075831,-0.187824,-2.942473,0.000008,0.002347,-0.001871
20.6000,3.171402,-0.009539,-3.795159,0.000022,0.002210,-0.001873,2.087861,-0.187846,-2.942502,-0.000028,0.002249,-0.001916
20.6500,3.186437,-0.009567,-3.795184,0.000022,0.002209,-0.001872,2.105906,-0.187881,-2.942553,-0.000008,0.002049,-0.001958
20.7000,3.201473,-0.009594,-3.795210,0.000022,0.002209,-0.001870,2.117934,-0.187904,-2.942543,0.000012,0.002229,-0.001772
20.7500,3.216507,-0.009622,-3.795235,0.000022,0.002209,-0.001869,2.135976,-0.187936,-2.942578,0.000108,0.002261,-0.001822
20.8000,3.231542,-0.009650,-3.795260,0.000022,0.002208,-0.001867,2.148003,-0.187956,-2.942620,0.000025,0.002348,-0.001788
20.8520,3.246576,-0.009677,-3.795286,0.000022,0.002208,-0.001866,2.166043,-0.187987,-2.942617,-0.000015,0.002281,-0.002002
20.9000,3.261609,-0.009705,-3.795311,0.000022,0.002208,-0.001865,2.178070,-0.188008,-2.942649,-0.000177,0.002046,-0.001651
20.9500,3.276643,-0.009732,-3.795337,0.000022,0.002208,-0.001863,2.196112,-0.188033,-2.942707,-0.000114,0.002169,-0.001930
21.0020,3.291676,-0.009759,-3.795363,0.000022,0.002207,-0.001862,2.208137,-0.188062,-2.942690,0.000044,0.002262,-0.001814
21.0500,3.306709,-0.009787,-3.795389,0.000022,0.002207,-0.001861,2.226177,-0.188094,-2.942731,0.000100,0.002144,-0.001799
21.1000,3.321741,-0.009814,-3.795414,0.000022,0.002207,-0.001859,2.238204,-0.188116,-2.942778,-0.000007,0.002166,-0.001874
21.1500,3.336773,-0.009842,-3.795440,0.000022,0.002206,-0.001858,2.256241,-0.188150,-2.942768,-0.000133,0.002098,-0.001747
21.2000,3.351805,-0.009869,-3.795466,0.000022,0.002206,-0.001857,2.268266,-0.188169,-2.942803,0.000204,0.002229,-0.001955
21.2500,3.366836,-0.009897,-3.795492,0.000022,0.002206,-0.001855,2.286306,-0.188201,-2.942866,0.000123,0.002167,-0.001995
21.3000,3.381867,-0.009924,-3.795519,0.000022,0.002205,-0.001854,2.298329,-0.188224,-2.942842,0.000050,0.002246,-0.001809
21.3500,3.396898,-0.009951,-3.795545,0.000022,0.002205,-0.001853,2.316368,-0.188252,-2.942888,-0.000061,0.002243,-0.001835
21.4000,3.411929,-0.009979,-3.795571,0.000022,0.002205,-0.001852,2.420480,-0.155691,-2.942915,0.000128,0.002264,-0.001712
21.4500,3.426959,-0.010006,-3.795597,0.000022,0.002205,-0.001850,2.434308,-0.155715,-2.942938,-0.000019,0.002140,-0.001954
21.5000,3.441989,-0.010033,-3.795624,0.000022,0.002204,-0.001849,2.446333,-0.155737,-2.942975,0.000061,0.002181,-0.001828
21.5500,3.457018,-0.010061,-3.795650,0.000022,0.002204,-0.001848,2.464371,-0.155772,-2.942981,-0.000020,0.002243,-0.001784
21.6020,3.472048,-0.010088,-3.795677,0.000022,0.002204,-0.001847,2.476394,-0.155793,-2.943006,-0.000091,0.002297,-0.001884
21.6500,3.487077,-0.010115,-3.795703,0.000022,0.002203,-0.001846,2.494427,-0.155824,-2.943057,-0.000015,0.002319,-0.001841
21.7000,3.502105,-0.010142,-3.795730,0.000022,0.002203,-0.001844,2.507052,-0.155849,-2.943055,0.000017,0.002319,-0.001844
21.7500,3.517134,-0.010170,-3.795757,0.000022,0.002203,-0.001843,2.524486,-0.155880,-2.943090,0.000068,0.002254,-0.001787
21.8000,3.532162,-0.010197,-3.795784,0.000022,0.002203,-0.001842,2.536511,-0.155901,-2.943132,-0.000115,0.002233,-0.001740
21.8500,3.547190,-0.010224,-3.795810,0.000022,0.002202,-0.001841,2.554544,-0.155933,-2.943133,0.000147,0.002122,-0.001832
21.9000,3.562217,-0.010251,-3.795837,0.000022,0.002202,-0.001840,2.566564,-0.155955,-2.943164,-0.000048,0.002200,-0.001948
21.9500,3.577245,-0.010279,-3.795864,0.000022,0.002202,-0.001839,2.584595,-0.155988,-2.943219,0.000068,0.002134,-0.001822
22.0000,3.592097,-0.010305,-3.795876,0.000023,0.002315,-0.001838,2.596403,-0.156008,-2.942921,0.000194,0.002189,-0.001973
22.0500,3.605176,-0.010323,-3.795846,0.000040,0.002743,-0.001843,2.612796,-0.156036,-2.942672,-0.000035,0.002820,-0.001952
22.1000,3.614755,-0.010322,-3.795742,0.000092,0.003456,-0.001888,2.621319,-0.156041,-2.942486,0.000125,0.003182,-0.001853
22.1500,3.620557,-0.010307,-3.795566,0.000177,0.004316,-0.002013,2.628442,-0.155855,-2.942054,0.000235,0.004273,-0.001896
22.2000,3.623289,-0.010285,-3.795336,0.000292,0.005212,-0.002191,2.630725,-0.155761,-2.941791,0.000153,0.005108,-0.002033
22.2500,3.624012,-0.010262,-3.795081,0.000421,0.006058,-0.002362,2.631353,-0.155617,-2.941218,0.000355,0.005875,-0.002107
22.3020,3.623711,-0.010247,-3.794841,0.000548,0.006773,-0.002502,2.631748,-0.155724,-2.941217,0.000548,0.006482,-0.002414
22.3500,3.623084,-0.010239,-3.794641,0.000663,0.007322,-0.002612,2.630904,-0.155737,-2.940851,0.000654,0.007352,-0.002656
22.4000,3.622447,-0.010230,-3.794490,0.000760,0.007705,-0.002714,2.685009,-0.172933,-2.940817,0.000600,0.007643,-0.002602
22.4500,3.621863,-0.010224,-3.794384,0.000837,0.007941,-0.002790,2.684253,-0.172886,-2.940525,0.000894,0.007898,-0.002844
22.5000,3.621375,-0.010223,-3.794313,0.000892,0.008063,-0.002838,2.683862,-0.172899,-2.940556,0.000990,0.008028,-0.002876
22.5520,3.620986,-0.010225,-3.794271,0.000927,0.008097,-0.002870,2.683375,-0.172941,-2.940415,0.001196,0.008179,-0.002747
22.6000,3.620674,-0.010231,-3.794249,0.000944,0.008062,-0.002894,2.683184,-0.172966,-2.940503,0.001156,0.007971,-0.003001
22.6500,3.620412,-0.010238,-3.794241,0.000944,0.007974,-0.002910,2.682910,-0.173016,-2.940437,0.000994,0.007925,-0.003051
22.7000,3.620174,-0.010244,-3.794243,0.000931,0.007844,-0.002918,2.682672,-0.173028,-2.940445,0.000943,0.007836,-0.003052
22.7500,3.619945,-0.010249,-3.794250,0.000905,0.007684,-0.002923,2.682453,-0.173045,-2.940274,0.001008,0.007717,-0.002989
22.8000,3.619717,-0.010256,-3.794260,0.000870,0.007501,-0.002925,2.682279,-0.173061,-2.940341,0.000950,0.007373,-0.002721
22.8500,3.619489,-0.010262,-3.794272,0.000826,0.007302,-0.002923,2.682009,-0.173079,-2.940148,0.000789,0.007352,-0.002878
22.9000,3.619259,-0.010268,-3.794285,0.000775,0.007090,-0.002916,2.681830,-0.173091,-2.940184,0.000674,0.007073,-0.003098
22.9500,3.619028,-0.010272,-3.794298,0.000720,0.006869,-0.002906,2.681557,-0.173104,-2.940071,0.000680,0.007004,-0.002849
23.0000,3.618785,-0.010270,-3.794313,0.000646,0.006632,-0.002498,2.681363,-0.174317,-2.940092,0.000572,0.006763,-0.002723
23.0500,3.618510,-0.010291,-3.794359,0.000528,0.006370,0.000659,2.681042,-0.175459,-2.940040,0.000621,0.006405,0.000777
23.1000,3.618224,-0.010354,-3.794421,0.000394,0.006100,0.006603,2.680814,-0.176258,-2.940142,0.000359,0.006150,0.005267
23.1500,3.617951,-0.010423,-3.794477,0.000264,0.005810,0.013897,2.680499,-0.178072,-2.940072,0.000434,0.005845,0.013913
23.2000,3.617694,-0.010485,-3.794522,0.000162,0.005532,0.022093,2.680311,-0.179181,-2.940131,0.000233,0.005738,0.020345
23.2500,3.617452,-0.010543,-3.794558,0.000083,0.005275,0.031213,2.680062,-0.180841,-2.940134,0.000025,0.005310,0.031081
23.3000,3.617223,-0.010598,-3.794586,0.000025,0.005038,0.041158,2.679868,-0.180787,-2.940093,-0.000005,0.005191,0.039105
23.3500,3.617004,-0.010645,-3.794609,-0.000010,0.004817,0.051706,2.679628,-0.181531,-2.940058,0.000016,0.004743,0.051824
23.4000,3.616792,-0.010684,-3.794627,-0.000022,0.004613,0.062688,2.763264,-0.137361,-2.940112,-0.000289,0.004901,0.060449
23.4500,3.616586,-0.010716,-3.794642,-0.000019,0.004423,0.074014,2.762814,-0.137667,-2.940041,0.000032,0.004438,0.073866
23.5000,3.616383,-0.010743,-3.794654,-0.000005,0.004247,0.085619,2.762664,-0.137915,-2.940054,-0.000003,0.004261,0.083099
23.5500,3.616183,-0.010768,-3.794664,0.000016,0.004084,0.097445,2.762449,-0.138288,-2.940062,0.000121,0.004112,0.097302
23.6000,3.615986,-0.010791,-3.794672,0.000040,0.003934,0.109439,2.762271,-0.138138,-2.940029,-0.000071,0.003956,0.107209
23.6500,3.615792,-0.010813,-3.794679,0.000067,0.003795,0.121565,2.762040,-0.138244,-2.940040,0.000112,0.003828,0.121700
23.7000,3.615600,-0.010836,-3.794685,0.000095,0.003666,0.133793,2.761831,-0.138442,-2.940012,0.000193,0.003569,0.135529
23.7500,3.615411,-0.010859,-3.794690,0.000123,0.003547,0.146101,2.761682,-0.138582,-2.940006,-0.000002,0.003415,0.146080
23.8000,3.615225,-0.010884,-3.794695,0.000150,0.003437,0.158471,2.761542,-0.138717,-2.940012,0.000118,0.003331,0.156094
23.8500,3.615041,-0.010909,-3.794699,0.000176,0.003335,0.170890,2.761321,-0.138839,-2.939995,0.000325,0.003364,0.171552
23.9000,3.614860,-0.010935,-3.794703,0.000201,0.003241,0.183347,2.761188,-0.138918,-2.939991,0.000345,0.003310,0.180884
23.9500,3.614681,-0.010963,-3.794707,0.000224,0.003155,0.195833,2.760981,-0.139048,-2.940020,0.000296,0.003113,0.195918
24.0000,3.614505,-0.010992,-3.794710,0.000246,0.003075,0.208341,2.760815,-0.139080,-2.939995,0.000267,0.002991,0.207329
24.0520,3.614331,-0.011023,-3.794714,0.000267,0.003001,0.220867,2.760627,-0.139142,-2.940021,0.000390,0.003002,0.220888
24.1000,3.614159,-0.011055,-3.794717,0.000286,0.002932,0.233406,2.760492,-0.139191,-2.940037,0.000260,0.002850,0.230927
24.1500,3.613990,-0.011089,-3.794720,0.000304,0.002869,0.245956,2.760284,-0.139242,-2.940039,0.000328,0.002897,0.245720
24.2000,3.613823,-0.011124,-3.794724,0.000321,0.002811,0.258513,2.760149,-0.139282,-2.940044,0.000255,0.002820,0.255929
24.2520,3.613658,-0.011161,-3.794727,0.000336,0.002757,0.271077,2.759953,-0.139346,-2.940101,0.000420,0.002869,0.270998
24.3000,3.613496,-0.011199,-3.794731,0.000351,0.002707,0.283644,2.759814,-0.139371,-2.940072,0.000373,0.002793,0.281149
24.3500,3.613336,-0.011239,-3.794734,0.000365,0.002661,0.296215,2.759619,-0.139426,-2.940119,0.000293,0.002621,0.296235
24.4000,3.613178,-0.011280,-3.794738,0.000378,0.002619,0.308789,2.795483,-0.173602,-2.940152,0.000358,0.002421,0.306294
24.4500,3.613022,-0.011323,-3.794742,0.000391,0.002579,0.321364,2.795233,-0.173598,-2.940161,0.000505,0.002631,0.321389
24.5000,3.612868,-0.011367,-3.794746,0.000403,0.002542,0.333940,2.795108,-0.173637,-2.940173,0.000432,0.002661,0.331326
24.5500,3.612717,-0.011413,-3.794750,0.000415,0.002508,0.346517,2.794925,-0.173699,-2.940246,0.000341,0.002746,0.346623
24.6000,3.612568,-0.011460,-3.794754,0.000426,0.002477,0.359094,2.794795,-0.173734,-2.940212,0.000503,0.002444,0.356566
24.6500,3.612421,-0.011509,-3.794758,0.000437,0.002447,0.371672,2.794613,-0.173796,-2.940271,0.000375,0.002509,0.371543
24.7000,3.612276,-0.011559,-3.794762,0.000447,0.002420,0.384249,2.794493,-0.173840,-2.940299,0.000422,0.002399,0.381730
24.7500,3.612133,-0.011610,-3.794766,0.000458,0.002394,0.396826,2.794317,-0.173899,-2.940308,0.000422,0.002529,0.396709
24.8000,3.611993,-0.011662,-3.794770,0.000468,0.002370,0.409403,2.794203,-0.173945,-2.940325,0.000613,0.002473,0.406886
24.8500,3.611855,-0.011716,-3.794775,0.000478,0.002348,0.421979,2.794037,-0.174018,-2.940407,0.000501,0.002405,0.422081
24.9000,3.611718,-0.011771,-3.794779,0.000488,0.002327,0.434555,2.793919,-0.174056,-2.940365,0.000447,0.002466,0.432055
24.9500,3.611584,-0.011827,-3.794783,0.000497,0.002308,0.447130,2.793757,-0.174129,-2.940432,0.000481,0.002290,0.447219
25.0000,3.611452,-0.011884,-3.794787,0.000507,0.002289,0.459704,2.793608,-0.174190,-2.940417,0.000463,0.002322,0.460591
25.0500,3.611323,-0.011942,-3.794792,0.000516,0.002272,0.472278,2.793486,-0.174245,-2.940465,0.000489,0.002517,0.472372
25.1000,3.611195,-0.012001,-3.794796,0.000525,0.002256,0.484852,2.793384,-0.174294,-2.940484,0.000483,0.002228,0.482381
25.1500,3.611069,-0.012062,-3.794801,0.000534,0.002241,0.497424,2.793226,-0.174367,-2.940511,0.000597,0.002269,0.497283
25.2000,3.610946,-0.012123,-3.794805,0.000544,0.002226,0.509997,2.793124,-0.174417,-2.940519,0.000557,0.002215,0.507333
25.2500,3.610824,-0.012185,-3.794809,0.000553,0.002213,0.522568,2.792973,-0.174497,-2.940588,0.000507,0.002459,0.522516
25.3000,3.610705,-0.012248,-3.794814,0.000562,0.002200,0.535139,2.792868,-0.174549,-2.940566,0.000636,0.002121,0.533051
25.3500,3.610587,-0.012312,-3.794818,0.000570,0.002188,0.547709,2.792726,-0.174626,-2.940619,0.000654,0.002316,0.547593
25.4000,3.610472,-0.012377,-3.794822,0.000579,0.002176,0.560278,2.855855,-0.185540,-2.940657,0.000696,0.002109,0.557717
25.4500,3.610359,-0.012443,-3.794827,0.000588,0.002165,0.572847,2.855664,-0.185607,-2.940675,0.000555,0.002215,0.572914
25.5000,3.610248,-0.012509,-3.794831,0.000597,0.002155,0.585415,2.855571,-0.185662,-2.940687,0.000720,0.002193,0.582947
25.5500,3.610138,-0.012576,-3.794835,0.000605,0.002145,0.597982,2.855436,-0.185750,-2.940759,0.000644,0.002169,0.597996
25.6000,3.610031,-0.012644,-3.794840,0.000614,0.002135,0.610549,2.855345,-0.185802,-2.940730,0.000584,0.002100,0.608187
25.6500,3.609926,-0.012713,-3.794844,0.000622,0.002126,0.623115,2.855213,-0.185887,-2.940784,0.000558,0.002099,0.623076
25.7000,3.609822,-0.012782,-3.794848,0.000631,0.002118,0.635680,2.855125,-0.185944,-2.940811,0.000631,0.002219,0.633213
25.7500,3.609721,-0.012852,-3.794852,0.000639,0.002109,0.648245,2.854998,-0.186030,-2.940820,0.000548,0.002268,0.648302
25.8000,3.609622,-0.012922,-3.794857,0.000648,0.002101,0.660809,2.854915,-0.186088,-2.940836,0.000739,0.002100,0.658322
25.8500,3.609524,-0.012993,-3.794861,0.000656,0.002094,0.673372,2.854794,-0.186176,-2.940910,0.000676,0.002281,0.673344
25.9000,3.609428,-0.013064,-3.794865,0.000664,0.002086,0.685935,2.854710,-0.186234,-2.940872,0.000619,0.002091,0.683363
25.9500,3.609335,-0.013136,-3.794869,0.000672,0.002079,0.698497,2.854592,-0.186324,-2.940929,0.000695,0.002041,0.698430
26.0000,3.609243,-0.013208,-3.794873,0.000680,0.002073,0.711059,2.854515,-0.186385,-2.940959,0.000630,0.002185,0.708475
26.0500,3.609153,-0.013281,-3.794877,0.000688,0.002066,0.723620,2.854403,-0.186474,-2.940959,0.000702,0.002061,0.723685
26.1000,3.609065,-0.013354,-3.794881,0.000696,0.002060,0.736180,2.854332,-0.186536,-2.940978,0.000849,0.002223,0.733670
26.1500,3.608979,-0.013428,-3.794885,0.000704,0.002053,0.748740,2.854211,-0.186636,-2.941001,0.000684,0.002149,0.750337
26.2020,3.608894,-0.013502,-3.794889,0.000711,0.002048,0.761299,2.854151,-0.186688,-2.941007,0.000597,0.001977,0.758617
26.2500,3.608812,-0.013576,-3.794893,0.000719,0.002042,0.773858,2.854049,-0.186781,-2.941065,0.000897,0.001978,0.773840
26.3020,3.608731,-0.013650,-3.794897,0.000726,0.002036,0.786416,2.853965,-0.186855,-2.941049,0.000766,0.001846,0.786377
26.3520,3.608652,-0.013725,-3.794901,0.000734,0.002031,0.798973,2.853885,-0.186933,-2.941088,0.000689,0.001960,0.798874
26.4000,3.608575,-0.013800,-3.794905,0.000741,0.002025,0.811530,2.973207,-0.176731,-2.941135,0.000685,0.001978,0.809042
26.4520,3.608499,-0.013875,-3.794909,0.000749,0.002020,0.824086,2.973074,-0.176825,-2.941147,0.000860,0.002011,0.824063
26.5000,3.608426,-0.013951,-3.794912,0.000756,0.002015,0.836642,2.973012,-0.176888,-2.941157,0.000716,0.001949,0.834140
26.5500,3.608353,-0.014026,-3.794916,0.000763,0.002010,0.849197,2.972922,-0.176986,-2.941215,0.000780,0.002096,0.849131
26.6000,3.608283,-0.014102,-3.794920,0.000770,0.002006,0.861752,2.972861,-0.177049,-2.941191,0.000945,0.001955,0.859126
26.6500,3.608215,-0.014178,-3.794923,0.000777,0.002001,0.874306,2.972777,-0.177145,-2.941232,0.000769,0.001955,0.874388
26.7000,3.608148,-0.014254,-3.794927,0.000784,0.001996,0.886860,2.972723,-0.177209,-2.941256,0.000832,0.002047,0.884236
26.7520,3.608082,-0.014330,-3.794931,0.000791,0.001992,0.899413,2.972638,-0.177302,-2.941260,0.000866,0.002061,0.899361
26.8000,3.608019,-0.014406,-3.794934,0.000798,0.001987,0.911965,2.972586,-0.177365,-2.941273,0.000882,0.001906,0.909341
26.8500,3.607957,-0.014482,-3.794938,0.000805,0.001983,0.924517,2.972514,-0.177463,-2.941333,0.000630,0.002175,0.924433
26.9000,3.607896,-0.014558,-3.794941,0.000812,0.001979,0.937068,2.972458,-0.177526,-2.941300,0.000718,0.001850,0.934692
26.9500,3.607838,-0.014634,-3.794945,0.000819,0.001974,0.949619,2.972382,-0.177623,-2.941343,0.000866,0.002002,0.949674
27.0000,3.607780,-0.014710,-3.794948,0.000825,0.001970,0.962170,2.972335,-0.177688,-2.941371,0.000890,0.001780,0.959630
27.0500,3.607725,-0.014786,-3.794952,0.000832,0.001966,0.974720,2.972262,-0.177779,-2.941365,0.000698,0.002032,0.974751
27.1000,3.607670,-0.014862,-3.794955,0.000838,0.001962,0.987269,2.972216,-0.177843,-2.941381,0.000842,0.001877,0.984751
27.1500,3.607618,-0.014938,-3.794958,0.000845,0.001958,0.999818,2.972150,-0.177940,-2.941443,0.000876,0.001803,0.999735
27.2020,3.607567,-0.015014,-3.794962,0.000851,0.001954,1.012367,2.972106,-0.177999,-2.941402,0.000802,0.002060,1.009813
27.2500,3.607517,-0.015089,-3.794965,0.000858,0.001950,1.024915,2.972043,-0.178097,-2.941447,0.000866,0.001813,1.025011
27.3000,3.607469,-0.015165,-3.794968,0.000864,0.001946,1.037462,2.972002,-0.178163,-2.941478,0.001012,0.002042,1.035037
27.3500,3.607422,-0.015240,-3.794971,0.000870,0.001943,1.050009,2.971940,-0.178254,-2.941463,0.000856,0.002025,1.050060
27.4020,3.607377,-0.015315,-3.794975,0.000876,0.001939,1.062556,2.992376,-0.236878,-2.941483,0.000818,0.001973,1.060032
27.4500,3.607333,-0.015390,-3.794978,0.000883,0.001935,1.075102,2.992318,-0.236972,-2.941491,0.000934,0.001871,1.075649
27.5000,3.607291,-0.015464,-3.794981,0.000889,0.001931,1.087647,2.992284,-0.237032,-2.941498,0.000911,0.002076,1.085220
27.5500,3.607250,-0.015539,-3.794984,0.000895,0.001927,1.100193,2.992236,-0.237124,-2.941545,0.000736,0.001885,1.100140
27.6000,3.607210,-0.015613,-3.794987,0.000901,0.001924,1.112737,2.992196,-0.237194,-2.941526,0.000908,0.001920,1.111774
27.6500,3.607172,-0.015687,-3.794990,0.000907,0.001920,1.125282,2.992154,-0.237277,-2.941555,0.000847,0.001934,1.125328
27.7000,3.607135,-0.015761,-3.794993,0.000913,0.001916,1.137826,2.992125,-0.237338,-2.941577,0.001076,0.001887,1.135260
27.7500,3.607099,-0.015834,-3.794996,0.000919,0.001913,1.150369,2.992078,-0.237429,-2.941576,0.000990,0.001869,1.150305
27.8000,3.607065,-0.015907,-3.794999,0.000924,0.001909,1.162912,2.992049,-0.237492,-2.941586,0.000912,0.001988,1.160215
27.8500,3.607032,-0.015980,-3.795002,0.000930,0.001906,1.175455,2.992006,-0.237586,-2.941636,0.001034,0.001751,1.175459
27.9000,3.607000,-0.016052,-3.795005,0.000936,0.001902,1.187997,2.991978,-0.237644,-2.941608,0.001122,0.001988,1.185507
27.9500,3.606970,-0.016125,-3.795007,0.000942,0.001898,1.200538,2.991941,-0.237735,-2.941640,0.001039,0.001970,1.200460
28.0000,3.606940,-0.016196,-3.795010,0.000947,0.001895,1.213080,2.991919,-0.237794,-2.941665,0.000854,0.001937,1.210431
28.0520,3.606912,-0.016268,-3.795013,0.000953,0.001891,1.225621,2.991881,-0.237886,-2.941656,0.001035,0.001883,1.225526
28.1000,3.606885,-0.016339,-3.795016,0.000959,0.001888,1.238161,2.991857,-0.237947,-2.941669,0.000933,0.001776,1.235501
28.1500,3.606860,-0.016409,-3.795019,0.000964,0.001884,1.250701,2.991822,-0.238039,-2.941721,0.001048,0.002185,1.250783
28.2000,3.606835,-0.016480,-3.795021,0.000970,0.001880,1.263241,2.991802,-0.238100,-2.941685,0.000854,0.001791,1.260715
28.2500,3.606812,-0.016549,-3.795024,0.000975,0.001877,1.275780,2.991770,-0.238191,-2.941720,0.000934,0.001990,1.275603
28.3000,3.606790,-0.016619,-3.795027,0.000981,0.001873,1.288319,2.991749,-0.238251,-2.941748,0.001086,0.001857,1.286002
28.3500,3.606768,-0.016688,-3.795029,0.000986,0.001870,1.300858,2.991722,-0.238337,-2.941731,0.001031,0.002048,1.300959
28.4000,3.606748,-0.016756,-3.795032,0.000992,0.001866,1.313396,3.043253,-0.209977,-2.941757,0.000882,0.001840,1.310806
28.4500,3.606729,-0.016824,-3.795034,0.000997,0.001863,1.325934,3.043297,-0.210025,-2.941811,0.000937,0.001688,1.325844
28.5000,3.606712,-0.016892,-3.795037,0.001002,0.001859,1.338471,3.043221,-0.210117,-2.941767,0.000898,0.001799,1.335855
28.5520,3.606695,-0.016959,-3.795040,0.001008,0.001855,1.351008,3.043197,-0.210203,-2.941805,0.001015,0.001766,1.350911
28.6000,3.606679,-0.017026,-3.795042,0.001013,0.001852,1.363545,3.043177,-0.210277,-2.941790,0.001037,0.001866,1.364346
28.6500,3.606664,-0.017092,-3.795045,0.001018,0.001848,1.376081,3.043162,-0.210342,-2.941809,0.000948,0.001888,1.376109
28.7000,3.606650,-0.017158,-3.795047,0.001023,0.001845,1.388617,3.043151,-0.210398,-2.941829,0.001028,0.001821,1.386177
28.7500,3.606637,-0.017223,-3.795049,0.001028,0.001841,1.401152,3.043134,-0.210481,-2.941827,0.001103,0.001775,1.401246
28.8000,3.606625,-0.017288,-3.795052,0.001034,0.001837,1.413688,3.043124,-0.210537,-2.941834,0.000897,0.001866,1.411126
28.8500,3.606615,-0.017352,-3.795054,0.001039,0.001834,1.426223,3.043109,-0.210620,-2.941874,0.001021,0.001847,1.426206
28.9000,3.606605,-0.017415,-3.795056,0.001044,0.001830,1.438757,3.043101,-0.210677,-2.941852,0.001197,0.001800,1.436643
28.9500,3.606595,-0.017478,-3.795059,0.001049,0.001827,1.451291,3.043091,-0.210756,-2.941875,0.001039,0.001893,1.451214
29.0000,3.606587,-0.017541,-3.795061,0.001054,0.001823,1.463825,3.043087,-0.210810,-2.941897,0.001019,0.001617,1.461470
29.0500,3.606580,-0.017603,-3.795063,0.001059,0.001819,1.476359,3.043075,-0.210888,-2.941887,0.001010,0.001744,1.476488
29.1000,3.606573,-0.017665,-3.795066,0.001064,0.001816,1.488892,3.043069,-0.210941,-2.941898,0.000977,0.001818,1.486466
29.1500,3.606568,-0.017726,-3.795068,0.001069,0.001812,1.501425,3.043061,-0.211023,-2.941941,0.000983,0.001889,1.501566
29.2020,3.606563,-0.017786,-3.795070,0.001074,0.001808,1.513957,3.043056,-0.211072,-2.941910,0.001076,0.001884,1.511575
29.2500,3.606559,-0.017846,-3.795072,0.001078,0.001805,1.526489,3.043051,-0.211149,-2.941937,0.000976,0.001716,1.526352
29.3000,3.606549,-0.017904,-3.795073,0.001093,0.001804,1.538624,3.043045,-0.211199,-2.941962,0.001207,0.001738,1.536302
29.3500,3.606478,-0.017955,-3.795090,0.001156,0.001807,1.547953,3.037138,-0.211050,-2.941952,0.001246,0.001821,1.548017
29.4000,3.606363,-0.017995,-3.795110,0.001238,0.001797,1.554486,3.077905,-0.167304,-2.941990,0.001107,0.001896,1.553290
29.4500,3.606263,-0.018036,-3.795117,0.001287,0.001765,1.559682,3.073846,-0.167252,-2.942044,0.001412,0.001784,1.559732
29.5000,3.606184,-0.018081,-3.795112,0.001300,0.001731,1.563880,3.075857,-0.167353,-2.941998,0.001224,0.001643,1.562922
29.5500,3.606117,-0.018131,-3.795100,0.001294,0.001702,1.567072,3.075197,-0.167408,-2.942010,0.001382,0.001717,1.567175
29.6020,3.606060,-0.018185,-3.795085,0.001277,0.001675,1.569422,3.074765,-0.167448,-2.942024,0.001283,0.001762,1.569227
29.6500,3.606013,-0.018242,-3.795071,0.001250,0.001648,1.571162,3.074348,-0.167519,-2.941985,0.001451,0.001644,1.571142
29.7000,3.605976,-0.018302,-3.795058,0.001213,0.001621,1.572438,3.074023,-0.167568,-2.941990,0.001212,0.001699,1.572344
29.7500,3.605948,-0.018364,-3.795046,0.001170,0.001593,1.573337,3.073166,-0.167650,-2.941977,0.001178,0.001649,1.573653
29.8000,3.605927,-0.018426,-3.795037,0.001122,0.001566,1.573933,3.072720,-0.167693,-2.941974,0.001236,0.001629,1.573718
29.8500,3.605911,-0.018488,-3.795029,0.001072,0.001539,1.574293,3.071942,-0.167768,-2.942006,0.001100,0.001614,1.574312
29.9020,3.605901,-0.018550,-3.795022,0.001020,0.001512,1.574471,3.071805,-0.167832,-2.941980,0.001083,0.001564,1.574231
29.9500,3.605895,-0.018612,-3.795018,0.000968,0.001486,1.574505,3.071573,-0.167894,-2.942003,0.000971,0.001398,1.574589
30.0000,3.605891,-0.018673,-3.795014,0.000916,0.001461,1.574426,3.071389,-0.167943,-2.942019,0.000935,0.001489,1.574393
30.0500,3.605889,-0.018734,-3.795012,0.000865,0.001436,1.574260,3.071258,-0.168016,-2.942020,0.000912,0.001128,1.574302
30.1000,3.605889,-0.018794,-3.795010,0.000816,0.001412,1.574025,3.071161,-0.168067,-2.942025,0.000839,0.001479,1.574175
30.1500,3.605891,-0.018854,-3.795009,0.000767,0.001388,1.573738,3.071017,-0.168142,-2.942079,0.000900,0.001373,1.573680
30.2020,3.605893,-0.018913,-3.795009,0.000721,0.001366,1.573411,3.071025,-0.168187,-2.942051,0.000646,0.001476,1.573481
30.2500,3.605897,-0.018972,-3.795010,0.000677,0.001344,1.573053,3.070980,-0.168257,-2.942092,0.000563,0.001419,1.573231
30.3000,3.605906,-0.018811,-3.795016,0.000634,0.001222,1.572572,3.070950,-0.168272,-2.942115,0.000762,0.001365,1.572842
30.3500,3.605929,-0.016698,-3.795091,0.000580,0.000829,1.571806,3.070484,-0.165561,-2.942740,0.000628,0.000768,1.571932
30.4000,3.605969,-0.010976,-3.795259,0.000498,0.000203,1.570961,3.139432,-0.174314,-2.943146,0.000521,0.000308,1.570979
30.4500,3.606022,-0.001475,-3.795494,0.000400,-0.000533,1.570131,3.139153,-0.163496,-2.943926,0.000420,-0.000592,1.570208
30.5000,3.606077,0.011008,-3.795755,0.000296,-0.001256,1.569310,3.139405,-0.153916,-2.943827,0.000307,-0.001296,1.569525
30.5500,3.606134,0.025397,-3.795996,0.000188,-0.001904,1.568521,3.139496,-0.136698,-2.944255,0.000259,-0.001891,1.568535
30.6000,3.606190,0.040742,-3.796188,0.000087,-0.002439,1.567793,3.139567,-0.124190,-2.944415,0.000240,-0.002399,1.568021
30.6500,3.606243,0.056367,-3.796324,-0.000001,-0.002848,1.567138,3.139718,-0.105827,-2.944581,0.000079,-0.003044,1.567041
30.7000,3.606298,0.071935,-3.796407,-0.000073,-0.003138,1.566508,3.139821,-0.093357,-2.944573,-0.000189,-0.003162,1.566682
30.7500,3.606356,0.087399,-3.796446,-0.000132,-0.003319,1.565906,3.139990,-0.074773,-2.944745,-0.000170,-0.003283,1.565896
30.8000,3.606418,0.102758,-3.796452,-0.000178,-0.003411,1.565346,3.139978,-0.062499,-2.944764,0.000022,-0.003102,1.565450
30.8500,3.606485,0.118030,-3.796432,-0.000212,-0.003433,1.564817,3.140088,-0.044173,-2.944942,-0.000053,-0.003425,1.564803
30.9000,3.606558,0.133239,-3.796395,-0.000234,-0.003399,1.564327,3.140239,-0.026549,-2.944789,-0.000193,-0.003370,1.564456
30.9500,3.606640,0.148411,-3.796346,-0.000246,-0.003323,1.563871,3.140358,-0.013823,-2.944900,-0.000285,-0.003211,1.563753
31.0000,3.606731,0.163571,-3.796289,-0.000249,-0.003213,1.563437,3.140482,-0.001715,-2.944812,-0.000215,-0.003312,1.563553
31.0500,3.606829,0.178734,-3.796229,-0.000244,-0.003077,1.563017,3.140620,0.017076,-2.944874,-0.000160,-0.003068,1.562949
31.1000,3.606935,0.193905,-3.796167,-0.000231,-0.002922,1.562610,3.140717,0.028598,-2.944801,-0.000246,-0.003110,1.562682
31.1500,3.607048,0.209087,-3.796105,-0.000212,-0.002753,1.562215,3.140885,0.046800,-2.944886,-0.000244,-0.002796,1.562171
31.2000,3.607169,0.224276,-3.796045,-0.000188,-0.002574,1.561831,3.140995,0.060774,-2.944803,-0.000325,-0.002551,1.561821
31.2500,3.607296,0.239470,-3.795986,-0.000160,-0.002387,1.561456,3.141146,0.077180,-2.944893,-0.000210,-0.002359,1.561551
31.3000,3.607430,0.254665,-3.795929,-0.000128,-0.002196,1.561089,3.141265,0.089334,-2.944861,-0.000097,-0.002226,1.561065
31.3500,3.607570,0.269861,-3.795875,-0.000093,-0.002003,1.560729,3.141436,0.107567,-2.944906,-0.000107,-0.001853,1.560598
31.4000,3.607716,0.285054,-3.795825,-0.000057,-0.001810,1.560375,3.107744,0.187903,-2.944870,-0.000022,-0.001959,1.560385
31.4500,3.607869,0.300246,-3.795777,-0.000020,-0.001619,1.560027,3.107941,0.206153,-2.944955,0.000029,-0.001795,1.560048
31.5000,3.608027,0.315435,-3.795733,0.000017,-0.001430,1.559683,3.108058,0.218297,-2.944887,0.000133,-0.001438,1.559601
31.5500,3.608191,0.330621,-3.795692,0.000054,-0.001245,1.559345,3.108265,0.236521,-2.944942,0.000094,-0.001241,1.559327
31.6000,3.608360,0.345806,-3.795654,0.000090,-0.001065,1.559010,3.108413,0.248669,-2.944940,0.000017,-0.001201,1.559083
31.6500,3.608535,0.360988,-3.795620,0.000126,-0.000890,1.558680,3.108615,0.266891,-2.944938,0.000163,-0.000693,1.558726
31.7000,3.608715,0.376168,-3.795589,0.000159,-0.000721,1.558353,3.108763,0.279038,-2.944931,0.000221,-0.000767,1.558453
31.7500,3.608901,0.391346,-3.795561,0.000191,-0.000557,1.558030,3.108998,0.297255,-2.944990,0.000093,-0.000358,1.557885
31.8000,3.609091,0.406522,-3.795536,0.000221,-0.000400,1.557710,3.109142,0.309393,-2.944928,0.000109,-0.000344,1.557676
31.8500,3.609287,0.421697,-3.795514,0.000249,-0.000248,1.557393,3.109383,0.327605,-2.944957,0.000304,-0.000136,1.557321
31.9000,3.609488,0.436870,-3.795494,0.000275,-0.000103,1.557080,3.109551,0.339748,-2.944974,0.000301,-0.000030,1.557036
31.9500,3.609694,0.452040,-3.795477,0.000299,0.000036,1.556769,3.109790,0.357950,-2.944935,0.000404,-0.000003,1.556854
32.0000,3.609904,0.467209,-3.795463,0.000320,0.000168,1.556462,3.109964,0.370086,-2.944941,0.000247,0.000073,1.556612
32.0500,3.610120,0.482376,-3.795452,0.000339,0.000295,1.556157,3.110236,0.388285,-2.944975,0.000472,0.000196,1.556355
32.1000,3.610340,0.497541,-3.795442,0.000356,0.000416,1.555855,3.110394,0.400420,-2.944911,0.000304,0.000497,1.555736
32.1500,3.610565,0.512705,-3.795435,0.000370,0.000531,1.555556,3.110670,0.418615,-2.944917,0.000198,0.000511,1.555518
32.2000,3.610794,0.527866,-3.795430,0.000383,0.000641,1.555259,3.110917,0.434992,-2.944902,0.000470,0.000512,1.555347
32.2500,3.611028,0.543026,-3.795427,0.000394,0.000745,1.554965,3.111139,0.448940,-2.944891,0.000499,0.000538,1.555015
32.3000,3.611267,0.558184,-3.795426,0.000403,0.000844,1.554674,3.111337,0.461066,-2.944913,0.000533,0.000831,1.554639
32.3500,3.611510,0.573340,-3.795426,0.000410,0.000939,1.554386,3.111628,0.479256,-2.944874,0.000346,0.000885,1.554199
32.4000,3.611757,0.588495,-3.795428,0.000415,0.001028,1.554100,3.149931,0.529319,-2.944889,0.000533,0.001042,1.554276
32.4500,3.612009,0.603647,-3.795432,0.000419,0.001112,1.553816,3.150246,0.547505,-2.944893,0.000528,0.001081,1.553801
32.5020,3.612265,0.618798,-3.795438,0.000421,0.001193,1.553535,3.150456,0.560232,-2.944874,0.000307,0.001221,1.553561
32.5500,3.612525,0.633948,-3.795445,0.000422,0.001269,1.553257,3.150763,0.577807,-2.944854,0.000527,0.001267,1.553199
32.6020,3.612790,0.649095,-3.795453,0.000422,0.001340,1.552981,3.150983,0.589927,-2.944887,0.000498,0.001167,1.552929
32.6520,3.613059,0.664241,-3.795463,0.000421,0.001408,1.552708,3.151303,0.608105,-2.944827,0.000476,0.001442,1.552709
32.7000,3.613332,0.679386,-3.795473,0.000419,0.001473,1.552437,3.151526,0.620221,-2.944850,0.000527,0.001584,1.552432
32.7500,3.613610,0.694529,-3.795485,0.000415,0.001534,1.552169,3.151871,0.638397,-2.944849,0.000456,0.001671,1.552003
32.8000,3.613891,0.709670,-3.795499,0.000412,0.001591,1.551903,3.152086,0.650507,-2.944826,0.000348,0.001525,1.552043
32.8520,3.614176,0.724809,-3.795513,0.000407,0.001645,1.551640,3.152432,0.668674,-2.944803,0.000417,0.001682,1.551642
32.9000,3.614466,0.739947,-3.795528,0.000402,0.001696,1.551379,3.152671,0.680785,-2.944841,0.000390,0.001691,1.551282
32.9500,3.614759,0.755084,-3.795544,0.000396,0.001744,1.551120,3.153019,0.698950,-2.944772,0.000376,0.001619,1.551069
33.0000,3.615057,0.770219,-3.795561,0.000390,0.001790,1.550864,3.153261,0.711058,-2.944799,0.000609,0.001821,1.551087
33.0500,3.615358,0.785352,-3.795579,0.000384,0.001832,1.550610,3.153634,0.729217,-2.944797,0.000248,0.001804,1.550734
33.1000,3.615664,0.800484,-3.795597,0.000377,0.001873,1.550359,3.153866,0.741325,-2.944769,0.000513,0.001922,1.550286
33.1500,3.615973,0.815615,-3.795617,0.000370,0.001911,1.550110,3.154245,0.759483,-2.944751,0.000364,0.001955,1.550230
33.2000,3.616286,0.830744,-3.795637,0.000363,0.001946,1.549864,3.154503,0.771589,-2.944796,0.000323,0.002071,1.549956
33.2500,3.616603,0.845872,-3.795658,0.000355,0.001980,1.549619,3.154874,0.789739,-2.944721,0.000348,0.002017,1.549650
33.3000,3.616923,0.860998,-3.795679,0.000348,0.002011,1.549377,3.155135,0.801841,-2.944756,0.000580,0.001952,1.549415
33.3500,3.617247,0.876123,-3.795701,0.000340,0.002041,1.549138,3.155564,0.821807,-2.944710,0.000089,0.001909,1.549031
33.4020,3.617575,0.891246,-3.795724,0.000333,0.002068,1.548901,3.189326,0.890378,-2.944734,0.000166,0.002145,1.548892
33.4520,3.617907,0.906368,-3.795747,0.000325,0.002094,1.548666,3.189732,0.908527,-2.944723,0.000339,0.002151,1.548713
33.5000,3.618242,0.921489,-3.795771,0.000318,0.002118,1.548433,3.190066,0.923651,-2.944727,0.000269,0.001862,1.548388
33.5500,3.618581,0.936608,-3.795795,0.000310,0.002141,1.548202,3.190409,0.938770,-2.944694,0.000273,0.002149,1.548289
33.6000,3.618923,0.951726,-3.795819,0.000303,0.002162,1.547974,3.190689,0.950865,-2.944734,0.000377,0.002013,1.547977
33.6500,3.619269,0.966843,-3.795844,0.000296,0.002182,1.547748,3.191103,0.969007,-2.944680,0.000178,0.002298,1.547645
33.7000,3.619618,0.981958,-3.795870,0.000289,0.002201,1.547524,3.191385,0.981101,-2.944710,0.000276,0.002311,1.547433
33.7500,3.619971,0.997072,-3.795896,0.000282,0.002218,1.547303,3.191817,0.999243,-2.944708,0.000140,0.002201,1.547160
33.8000,3.620327,1.012185,-3.795922,0.000276,0.002234,1.547083,3.192099,1.011333,-2.944701,0.000301,0.002055,1.547231
33.8500,3.620686,1.027296,-3.795948,0.000269,0.002249,1.546866,3.192534,1.029466,-2.944681,0.000165,0.002409,1.546937
33.9000,3.621049,1.042407,-3.795975,0.000263,0.002263,1.546651,3.192829,1.041555,-2.944725,0.000390,0.002182,1.546415
33.9500,3.621415,1.057516,-3.796002,0.000257,0.002275,1.546438,3.193267,1.059687,-2.944670,0.000218,0.002168,1.546521
34.0000,3.621785,1.072623,-3.796030,0.000251,0.002287,1.546227,3.193566,1.071773,-2.944702,0.000278,0.002221,1.546205
34.0500,3.622157,1.087730,-3.796057,0.000245,0.002298,1.546018,3.194021,1.089901,-2.944707,0.000116,0.002152,1.545999
34.1000,3.622533,1.102835,-3.796085,0.000240,0.002309,1.545811,3.194317,1.101986,-2.944693,0.000313,0.002241,1.546063
34.1500,3.622912,1.117939,-3.796113,0.000234,0.002318,1.545607,3.194774,1.120111,-2.944682,0.000318,0.002389,1.545564
34.2000,3.623295,1.133042,-3.796142,0.000229,0.002327,1.545404,3.195084,1.132193,-2.944732,0.000153,0.002499,1.545385
34.2500,3.623680,1.148144,-3.796170,0.000224,0.002334,1.545203,3.195542,1.150313,-2.944677,0.000324,0.002467,1.545288
34.3000,3.624068,1.163245,-3.796199,0.000220,0.002342,1.545005,3.195856,1.162396,-2.944715,0.000148,0.002076,1.545093
34.3520,3.624460,1.178344,-3.796228,0.000215,0.002348,1.544808,3.196336,1.180517,-2.944727,0.000094,0.002297,1.544816
34.4020,3.624854,1.193443,-3.796257,0.000211,0.002354,1.544614,3.208480,1.208999,-2.944709,0.000213,0.002281,1.544388
34.4500,3.625251,1.208540,-3.796287,0.000207,0.002360,1.544421,3.208960,1.227115,-2.944707,0.000257,0.002566,1.544584
34.5000,3.625652,1.223636,-3.796316,0.000203,0.002365,1.544230,3.209424,1.244626,-2.944728,0.000051,0.002352,1.544176
34.5520,3.626055,1.238731,-3.796346,0.000199,0.002369,1.544041,3.209766,1.257305,-2.944701,0.000031,0.002501,1.543872
34.6000,3.626461,1.253825,-3.796375,0.000196,0.002373,1.543854,3.210096,1.269379,-2.944742,0.000111,0.002400,1.543928
34.6500,3.626870,1.268918,-3.796405,0.000192,0.002377,1.543669,3.210606,1.288093,-2.944712,0.000200,0.002356,1.543609
34.7000,3.627282,1.284010,-3.796435,0.000189,0.002380,1.543486,3.210921,1.299563,-2.944739,0.000186,0.002341,1.543661
34.7500,3.627697,1.299101,-3.796465,0.000186,0.002383,1.543305,3.211425,1.317670,-2.944750,0.000039,0.002555,1.543309
34.8000,3.628114,1.314191,-3.796496,0.000183,0.002385,1.543125,3.211807,1.331552,-2.944757,0.000195,0.002433,1.543401
34.8500,3.628534,1.329279,-3.796526,0.000180,0.002387,1.542947,3.212266,1.347847,-2.944746,0.000132,0.002450,1.542928
34.9000,3.628957,1.344367,-3.796556,0.000178,0.002389,1.542771,3.212609,1.359916,-2.944791,0.000187,0.002409,1.542794
34.9500,3.629383,1.359454,-3.796587,0.000175,0.002391,1.542597,3.213119,1.378020,-2.944757,0.000208,0.002369,1.542556
35.0000,3.629811,1.374540,-3.796617,0.000173,0.002392,1.542425,3.213465,1.390088,-2.944790,0.000220,0.002487,1.542413
35.0500,3.630242,1.389624,-3.796648,0.000171,0.002393,1.542254,3.213987,1.408190,-2.944809,0.000259,0.002347,1.542006
35.1000,3.630675,1.404708,-3.796679,0.000169,0.002394,1.542085,3.214330,1.420257,-2.944803,0.000274,0.002264,1.542065
35.1500,3.631111,1.419791,-3.796710,0.000167,0.002394,1.541918,3.214857,1.438356,-2.944806,0.000085,0.002414,1.542057
35.2020,3.631550,1.434872,-3.796740,0.000165,0.002395,1.541753,3.215214,1.450421,-2.944854,0.000117,0.002164,1.541745
35.2500,3.631991,1.449953,-3.796771,0.000163,0.002395,1.541589,3.215736,1.468517,-2.944818,0.000178,0.002498,1.541673
35.3000,3.632435,1.465033,-3.796802,0.000162,0.002395,1.541427,3.216092,1.480581,-2.944855,0.000215,0.002531,1.541382
35.3500,3.632881,1.480112,-3.796833,0.000160,0.002394,1.541266,3.216631,1.498679,-2.944884,0.000100,0.002451,1.541102
35.4000,3.633329,1.495190,-3.796864,0.000159,0.002394,1.541108,3.233280,1.507642,-2.944872,0.000020,0.002217,1.541180
35.4500,3.633780,1.510267,-3.796896,0.000158,0.002394,1.540950,3.233822,1.525733,-2.944884,0.000109,0.002433,1.540954
35.5000,3.634233,1.525343,-3.796927,0.000156,0.002393,1.540795,3.234186,1.537793,-2.944935,0.000042,0.002378,1.540662
35.5500,3.634689,1.540419,-3.796958,0.000155,0.002392,1.540641,3.234734,1.555884,-2.944897,0.000261,0.002304,1.540712
35.6000,3.635147,1.555493,-3.796989,0.000154,0.002391,1.540488,3.235103,1.567942,-2.944935,0.000288,0.002186,1.540498
35.6500,3.635607,1.570567,-3.797021,0.000153,0.002390,1.540337,3.235664,1.586024,-2.944969,0.000029,0.002285,1.540361
35.7000,3.636070,1.585639,-3.797052,0.000152,0.002389,1.540188,3.236025,1.598089,-2.944948,0.000308,0.002671,1.540218
35.7500,3.636535,1.600711,-3.797083,0.000152,0.002388,1.540040,3.236589,1.616176,-2.944971,0.000294,0.002344,1.540055
35.8000,3.637002,1.615782,-3.797115,0.000151,0.002387,1.539894,3.237094,1.632455,-2.944986,0.000058,0.002292,1.539768
35.8500,3.637471,1.630852,-3.797146,0.000150,0.002385,1.539749,3.237527,1.646318,-2.944982,0.000049,0.002425,1.539746
35.9000,3.637943,1.645921,-3.797177,0.000149,0.002384,1.539606,3.237904,1.658371,-2.945025,0.000149,0.002350,1.539446
35.9500,3.638416,1.660990,-3.797209,0.000149,0.002382,1.539464,3.238474,1.676453,-2.945011,-0.000069,0.002623,1.539549
36.0000,3.638892,1.676057,-3.797240,0.000148,0.002381,1.539323,3.238855,1.688509,-2.945043,0.000138,0.002478,1.539331
36.0500,3.639370,1.691124,-3.797272,0.000148,0.002379,1.539184,3.239428,1.706591,-2.945072,0.000292,0.002568,1.539295
36.1000,3.639850,1.706190,-3.797303,0.000147,0.002378,1.539047,3.239829,1.719246,-2.945075,-0.000032,0.002343,1.539150
36.1500,3.640332,1.721255,-3.797335,0.000147,0.002376,1.538910,3.240389,1.736721,-2.945088,0.000112,0.002231,1.538965
36.2000,3.640816,1.736319,-3.797366,0.000146,0.002374,1.538776,3.240777,1.748771,-2.945134,0.000307,0.002360,1.538616
36.2500,3.641303,1.751383,-3.797398,0.000146,0.002372,1.538642,3.241358,1.766848,-2.945116,0.000122,0.002228,1.538654
36.3000,3.641791,1.766446,-3.797430,0.000146,0.002371,1.538510,3.241749,1.778897,-2.945148,0.000183,0.002355,1.538582
36.3500,3.642281,1.781508,-3.797461,0.000146,0.002369,1.538380,3.242341,1.796968,-2.945188,-0.000066,0.002354,1.538288
36.4000,3.642773,1.796569,-3.797493,0.000145,0.002367,1.538250,3.256917,1.781386,-2.945177,0.000286,0.002236,1.538354
36.4500,3.643267,1.811630,-3.797524,0.000145,0.002365,1.538122,3.257514,1.799457,-2.945200,-0.000048,0.002433,1.538063
36.5000,3.643763,1.826690,-3.797556,0.000145,0.002363,1.537995,3.257915,1.811504,-2.945249,0.000021,0.002499,1.537972
36.5500,3.644261,1.841749,-3.797588,0.000145,0.002361,1.537870,3.258512,1.829575,-2.945229,0.000062,0.002507,1.537665
36.6000,3.644761,1.856807,-3.797619,0.000145,0.002359,1.537746,3.258917,1.841621,-2.945267,0.000108,0.002318,1.537814
36.6500,3.645263,1.871864,-3.797651,0.000145,0.002357,1.537623,3.259526,1.859690,-2.945312,0.000187,0.002525,1.537691
36.7020,3.645766,1.886921,-3.797683,0.000144,0.002356,1.537501,3.259921,1.871735,-2.945298,0.000190,0.002500,1.537332
36.7500,3.646272,1.901978,-3.797714,0.000144,0.002354,1.537381,3.260531,1.889803,-2.945329,0.000180,0.002320,1.537208
36.8000,3.646779,1.917033,-3.797746,0.000144,0.002352,1.537262,3.260943,1.901848,-2.945382,0.000222,0.002393,1.537261
36.8500,3.647288,1.932088,-3.797778,0.000144,0.002350,1.537144,3.261547,1.919912,-2.945359,0.000197,0.002233,1.537222
36.9000,3.647798,1.947142,-3.797809,0.000144,0.002348,1.537027,3.261957,1.931955,-2.945399,0.000284,0.002543,1.537116
36.9500,3.648311,1.962195,-3.797841,0.000144,0.002346,1.536912,3.262635,1.951824,-2.945406,0.000165,0.002547,1.537019
37.0000,3.648825,1.977248,-3.797873,0.000144,0.002344,1.536798,3.262985,1.962060,-2.945431,0.000282,0.002404,1.536747
37.0500,3.649341,1.992300,-3.797905,0.000144,0.002342,1.536685,3.263609,1.980123,-2.945469,0.000286,0.002449,1.536749
37.1000,3.649858,2.007351,-3.797936,0.000144,0.002340,1.536573,3.264126,1.995175,-2.945481,-0.000008,0.002224,1.536575
37.1500,3.650378,2.022402,-3.797968,0.000145,0.002338,1.536462,3.264646,2.010225,-2.945495,0.000373,0.002471,1.536550
37.2000,3.650899,2.037452,-3.798000,0.000145,0.002336,1.536352,3.265066,2.022265,-2.945539,0.000226,0.002397,1.536482
37.2500,3.651421,2.052502,-3.798032,0.000145,0.002334,1.536244,3.265691,2.040324,-2.945537,0.000215,0.002600,1.536322
37.3000,3.651945,2.067550,-3.798063,0.000145,0.002332,1.536136,3.266113,2.052365,-2.945571,0.000359,0.002438,1.536201
37.3500,3.652471,2.082599,-3.798095,0.000145,0.002330,1.536030,3.266751,2.070427,-2.945615,0.000220,0.002183,1.535858
37.4000,3.652999,2.097646,-3.798127,0.000145,0.002328,1.535925,3.279351,2.032321,-2.945606,0.000067,0.002401,1.535920
37.4500,3.653528,2.112693,-3.798159,0.000145,0.002327,1.535820,3.279988,2.050378,-2.945636,0.000096,0.002404,1.535774
37.5000,3.654058,2.127739,-3.798190,0.000145,0.002325,1.535717,3.280414,2.062417,-2.945683,0.000125,0.002341,1.535778
37.5500,3.654590,2.142785,-3.798222,0.000145,0.002323,1.535615,3.281053,2.080470,-2.945675,0.000247,0.002452,1.535616
37.6020,3.655124,2.157830,-3.798254,0.000145,0.002321,1.535514,3.281482,2.092506,-2.945713,0.000109,0.002344,1.535647
37.6520,3.655659,2.172875,-3.798286,0.000146,0.002319,1.535414,3.282128,2.110562,-2.945764,0.000225,0.002201,1.535453
37.7000,3.656195,2.187918,-3.798317,0.000146,0.002317,1.535315,3.282550,2.122596,-2.945754,0.000149,0.002180,1.535186
37.7500,3.656733,2.202962,-3.798349,0.000146,0.002315,1.535217,3.283201,2.140645,-2.945787,0.000166,0.002228,1.535209
37.8000,3.657273,2.218004,-3.798381,0.000146,0.002314,1.535121,3.283636,2.152675,-2.945836,0.000232,0.002282,1.535010
37.8500,3.657814,2.233047,-3.798413,0.000146,0.002312,1.535025,3.284281,2.170730,-2.945825,0.000098,0.002349,1.535044
37.9000,3.658356,2.248088,-3.798445,0.000146,0.002310,1.534930,3.284716,2.182765,-2.945865,-0.000004,0.002188,1.534831
37.9500,3.658900,2.263129,-3.798476,0.000147,0.002308,1.534836,3.285370,2.200816,-2.945921,0.000102,0.002456,1.534983
38.0000,3.659445,2.278170,-3.798508,0.000147,0.002306,1.534743,3.285804,2.212846,-2.945903,0.000171,0.002344,1.534718
38.0500,3.659992,2.293210,-3.798540,0.000147,0.002305,1.534651,3.286461,2.230892,-2.945944,0.000259,0.002416,1.534645
38.1000,3.660540,2.308249,-3.798572,0.000147,0.002303,1.534560,3.287098,2.248338,-2.945967,0.000170,0.002223,1.534541
38.1500,3.661089,2.323288,-3.798604,0.000147,0.002301,1.534469,3.287561,2.260971,-2.945982,0.000186,0.002174,1.534337
38.2000,3.661639,2.338326,-3.798635,0.000147,0.002300,1.534380,3.288004,2.273000,-2.946023,0.000119,0.002282,1.534215
38.2500,3.662191,2.353364,-3.798667,0.000148,0.002298,1.534292,3.288691,2.291645,-2.946034,0.000053,0.002300,1.534185
38.3000,3.662745,2.368401,-3.798699,0.000148,0.002296,1.534205,3.289114,2.303073,-2.946062,0.000327,0.002371,1.534246
38.3500,3.663299,2.383438,-3.798731,0.000148,0.002295,1.534118,3.289783,2.321115,-2.946110,0.000116,0.002379,1.534069
38.4000,3.663855,2.398474,-3.798763,0.000148,0.002293,1.534032,3.300579,2.264165,-2.946108,0.000131,0.002345,1.533863
38.4500,3.664412,2.413510,-3.798794,0.000148,0.002291,1.533948,3.301183,2.280402,-2.946135,-0.000092,0.002431,1.534049
38.5000,3.664970,2.428545,-3.798826,0.000148,0.002290,1.533864,3.301630,2.292430,-2.946181,0.000183,0.002179,1.533812
38.5520,3.665530,2.443580,-3.798858,0.000149,0.002288,1.533781,3.302302,2.310472,-2.946184,0.000160,0.002360,1.533883
38.6000,3.666091,2.458614,-3.798890,0.000149,0.002286,1.533699,3.302751,2.322500,-2.946218,0.000359,0.002211,1.533682
38.6500,3.666653,2.473648,-3.798922,0.000149,0.002285,1.533617,3.303429,2.340541,-2.946270,0.000178,0.002395,1.533814
38.7000,3.667216,2.488681,-3.798953,0.000149,0.002283,1.533537,3.303876,2.352567,-2.946266,0.000156,0.002348,1.533495
38.7500,3.667780,2.503714,-3.798985,0.000149,0.002282,1.533457,3.304557,2.370607,-2.946305,0.000138,0.002481,1.533542
38.8000,3.668346,2.518746,-3.799017,0.000150,0.002280,1.533378,3.305012,2.382634,-2.946353,0.000272,0.002467,1.533391
38.8500,3.668913,2.533778,-3.799049,0.000150,0.002279,1.533300,3.305688,2.400668,-2.946354,0.000108,0.002155,1.533236
38.9020,3.669480,2.548809,-3.799081,0.000150,0.002277,1.533223,3.306143,2.412693,-2.946390,0.000150,0.002260,1.533307
38.9500,3.670050,2.563840,-3.799113,0.000150,0.002276,1.533147,3.306826,2.430729,-2.946449,0.000256,0.002283,1.533133
39.0000,3.670620,2.578871,-3.799144,0.000150,0.002274,1.533071,3.307277,2.442754,-2.946437,0.000187,0.002424,1.533230
39.0500,3.671191,2.593901,-3.799176,0.000150,0.002273,1.532996,3.307963,2.460792,-2.946482,0.000047,0.002199,1.533074
39.1000,3.671763,2.608930,-3.799208,0.000151,0.002271,1.532922,3.308422,2.472818,-2.946534,0.000090,0.002366,1.532912
39.1500,3.672337,2.623959,-3.799240,0.000151,0.002270,1.532849,3.309111,2.490849,-2.946526,0.000126,0.002187,1.532887
39.2000,3.672911,2.638988,-3.799272,0.000151,0.002268,1.532776,3.309571,2.502871,-2.946566,0.000295,0.002357,1.532840
39.2500,3.673487,2.654016,-3.799303,0.000151,0.002267,1.532704,3.310264,2.520903,-2.946632,0.000101,0.002242,1.532780
39.3000,3.674064,2.669044,-3.799335,0.000151,0.002266,1.532633,3.310722,2.532926,-2.946611,0.000042,0.002294,1.532551
39.3500,3.674641,2.684071,-3.799367,0.000151,0.002264,1.532563,3.311416,2.550961,-2.946662,0.000040,0.002199,1.532457
39.4000,3.675220,2.699098,-3.799399,0.000152,0.002263,1.532493,3.320546,2.477478,-2.946666,0.000189,0.002327,1.532544
39.4500,3.675800,2.714125,-3.799431,0.000152,0.002262,1.532424,3.321080,2.491302,-2.946691,0.000327,0.002109,1.532375
39.5000,3.676381,2.729151,-3.799463,0.000152,0.002260,1.532356,3.321548,2.503323,-2.946734,0.000035,0.002437,1.532473
39.5500,3.676962,2.744177,-3.799494,0.000152,0.002259,1.532289,3.322244,2.521351,-2.946748,0.000227,0.002099,1.532229
39.6000,3.677545,2.759202,-3.799526,0.000152,0.002258,1.532222,3.322713,2.533370,-2.946777,0.000245,0.002279,1.532308
39.6500,3.678129,2.774227,-3.799558,0.000152,0.002256,1.532156,3.323417,2.551397,-2.946832,0.000029,0.002311,1.532161
39.7000,3.678714,2.789251,-3.799590,0.000153,0.002255,1.532090,3.323908,2.564020,-2.946834,0.000167,0.002113,1.532242
39.7500,3.679299,2.804275,-3.799622,0.000153,0.002254,1.532025,3.324588,2.581447,-2.946871,-0.000032,0.002356,1.532055
39.8020,3.679886,2.819299,-3.799654,0.000153,0.002252,1.531961,3.325060,2.593466,-2.946917,-0.000045,0.002199,1.531899
39.8500,3.680474,2.834322,-3.799685,0.000153,0.002251,1.531898,3.325768,2.611495,-2.946922,0.000250,0.002188,1.531804
39.9020,3.681062,2.849345,-3.799717,0.000153,0.002250,1.531835,3.326241,2.623512,-2.946957,0.000173,0.002374,1.531882
39.9500,3.681651,2.864368,-3.799749,0.000153,0.002249,1.531773,3.326953,2.641539,-2.947018,0.000187,0.002234,1.531786
40.0000,3.682242,2.879390,-3.799781,0.000154,0.002248,1.531711,3.327422,2.653556,-2.947010,0.000215,0.002199,1.531558
40.0500,3.682833,2.894412,-3.799813,0.000154,0.002246,1.531650,3.328136,2.671582,-2.947054,0.000195,0.002230,1.531535
40.1000,3.683425,2.909433,-3.799845,0.000154,0.002245,1.531590,3.328613,2.683599,-2.947104,0.000150,0.002204,1.531527
40.1500,3.684018,2.924454,-3.799876,0.000154,0.002244,1.531530,3.329322,2.701625,-2.947103,0.000198,0.002300,1.531331
40.2000,3.684612,2.939475,-3.799908,0.000154,0.002243,1.531471,3.329800,2.713641,-2.947140,0.000247,0.002183,1.531409
40.2500,3.685207,2.954496,-3.799940,0.000154,0.002242,1.531413,3.330519,2.731663,-2.947206,0.000264,0.002103,1.531347
40.3000,3.685802,2.969516,-3.799972,0.000154,0.002241,1.531355,3.330990,2.743681,-2.947190,0.000391,0.002138,1.531407
40.3500,3.686399,2.984535,-3.800004,0.000155,0.002239,1.531298,3.331709,2.761703,-2.947239,0.000133,0.002254,1.531550
40.4000,3.686996,2.999555,-3.800036,0.000155,0.002238,1.531241,3.339049,2.666269,-2.947274,0.000175,0.002110,1.531192
40.4500,3.687594,3.014573,-3.800068,0.000155,0.002237,1.531185,3.339740,2.684674,-2.947271,0.000113,0.002307,1.531094
40.5020,3.688193,3.029592,-3.800099,0.000155,0.002236,1.531130,3.340221,2.696691,-2.947312,0.000200,0.002093,1.531234
40.5520,3.688793,3.044610,-3.800131,0.000155,0.002235,1.531075,3.341011,2.716515,-2.947334,0.000212,0.002182,1.531172
40.6000,3.689393,3.059628,-3.800163,0.000155,0.002234,1.531020,3.341419,2.726728,-2.947360,0.000142,0.002299,1.531149
40.6500,3.689995,3.074646,-3.800195,0.000155,0.002233,1.530967,3.342144,2.744750,-2.947414,0.000234,0.002124,1.530976
40.7000,3.690597,3.089663,-3.800227,0.000155,0.002232,1.530913,3.342745,2.759766,-2.947426,0.000106,0.002263,1.530805
40.7500,3.691200,3.104680,-3.800259,0.000156,0.002231,1.530861,3.343349,2.774784,-2.947459,0.000273,0.002328,1.530833
40.8000,3.691803,3.119697,-3.800291,0.000156,0.002230,1.530808,3.343830,2.786798,-2.947503,0.000054,0.002160,1.530926
40.8520,3.692408,3.134713,-3.800322,0.000156,0.002229,1.530757,3.344555,2.804819,-2.947515,0.000066,0.002216,1.530859
40.9000,3.693013,3.149729,-3.800354,0.000156,0.002228,1.530706,3.345038,2.816832,-2.947547,0.000077,0.002054,1.530710
40.9500,3.693619,3.164745,-3.800386,0.000156,0.002227,1.530655,3.345765,2.834848,-2.947605,0.000257,0.002171,1.530681
41.0000,3.694225,3.179761,-3.800418,0.000156,0.002226,1.530605,3.346249,2.846861,-2.947604,0.000265,0.002108,1.530676
41.0500,3.694833,3.194776,-3.800450,0.000156,0.002225,1.530556,3.346980,2.864879,-2.947647,0.000235,0.002200,1.530762
41.1000,3.695441,3.209790,-3.800482,0.000157,0.002224,1.530507,3.347467,2.876890,-2.947694,0.000035,0.002073,1.530461
41.1520,3.696049,3.224805,-3.800514,0.000157,0.002223,1.530458,3.348196,2.894908,-2.947701,0.000114,0.002101,1.530549
41.2000,3.696659,3.239819,-3.800545,0.000157,0.002222,1.530410,3.348682,2.906919,-2.947735,0.000105,0.002171,1.530468
41.2500,3.697269,3.254833,-3.800577,0.000157,0.002221,1.530362,3.349411,2.924934,-2.947801,0.000295,0.002164,1.530393
41.3000,3.697880,3.269847,-3.800609,0.000157,0.002220,1.530315,3.349900,2.936946,-2.947791,0.000239,0.002239,1.530120
41.3500,3.698492,3.284860,-3.800641,0.000157,0.002219,1.530269,3.350638,2.954962,-2.947838,0.000048,0.002136,1.530215
41.4000,3.699104,3.299873,-3.800673,0.000157,0.002218,1.530223,3.356422,2.843699,-2.947869,0.000211,0.002345,1.530253
41.4500,3.699717,3.314886,-3.800705,0.000157,0.002217,1.530177,3.357140,2.862010,-2.947872,0.000202,0.002268,1.530156
41.5000,3.700330,3.329898,-3.800737,0.000157,0.002217,1.530132,3.357634,2.874020,-2.947911,0.000215,0.002213,1.530241
41.5500,3.700944,3.344911,-3.800768,0.000158,0.002216,1.530087,3.358375,2.892037,-2.947981,0.000202,0.002096,1.529930
41.6000,3.701559,3.359923,-3.800800,0.000158,0.002215,1.530043,3.358862,2.904046,-2.947962,0.000107,0.002132,1.530047
41.6500,3.702175,3.374934,-3.800832,0.000158,0.002214,1.529999,3.359600,2.922059,-2.948017,0.000302,0.002246,1.529885
41.7020,3.702791,3.389946,-3.800864,0.000158,0.002213,1.529956,3.360315,2.939470,-2.948040,0.000164,0.002404,1.529947
41.7500,3.703408,3.404957,-3.800896,0.000158,0.002212,1.529913,3.360833,2.952080,-2.948068,0.000262,0.002208,1.529996
41.8020,3.704025,3.419968,-3.800928,0.000158,0.002211,1.529871,3.361327,2.964091,-2.948111,0.000264,0.002172,1.529804
41.8500,3.704643,3.434978,-3.800960,0.000158,0.002211,1.529829,3.362094,2.982705,-2.948131,0.000121,0.002190,1.529853
41.9000,3.705261,3.449989,-3.800992,0.000158,0.002210,1.529787,3.362565,2.994112,-2.948160,0.000240,0.002185,1.529707
41.9500,3.705881,3.464999,-3.801023,0.000158,0.002209,1.529746,3.363314,3.012123,-2.948216,0.000137,0.002280,1.529785
42.0000,3.706500,3.480009,-3.801055,0.000159,0.002208,1.529705,3.363881,3.025934,-2.948223,0.000129,0.002125,1.529750
42.0500,3.707121,3.495018,-3.801087,0.000159,0.002207,1.529665,3.364552,3.042144,-2.948260,0.000139,0.002233,1.529689
42.1000,3.707742,3.510028,-3.801119,0.000159,0.002207,1.529625,3.365051,3.054149,-2.948305,0.000149,0.002360,1.529669
42.1500,3.708363,3.525037,-3.801151,0.000159,0.002206,1.529586,3.365796,3.072160,-2.948319,0.000227,0.002105,1.529564
42.2000,3.708985,3.540046,-3.801183,0.000159,0.002205,1.529547,3.366295,3.084166,-2.948351,0.000257,0.002237,1.529702
42.2500,3.709608,3.555054,-3.801215,0.000159,0.002204,1.529508,3.367045,3.102174,-2.948415,0.000118,0.002184,1.529520
42.3000,3.710224,3.569888,-3.801232,0.000160,0.002317,1.529470,3.367531,3.113906,-2.948096,0.000214,0.002218,1.529356
42.3500,3.710761,3.582951,-3.801206,0.000176,0.002742,1.529427,3.368207,3.130234,-2.947817,0.000233,0.002771,1.529370
42.4000,3.711142,3.592504,-3.801107,0.000225,0.003449,1.529345,3.372391,3.001223,-2.947584,0.000149,0.003235,1.529313
42.4500,3.711354,3.598277,-3.800937,0.000306,0.004299,1.529195,3.372511,3.008638,-2.947179,0.000369,0.004274,1.529057
42.5000,3.711431,3.600992,-3.800713,0.000418,0.005184,1.528990,3.372510,3.010914,-2.946917,0.000368,0.004994,1.529021
42.5500,3.711424,3.601711,-3.800466,0.000543,0.006019,1.528775,3.372389,3.011545,-2.946356,0.000454,0.006051,1.528834
42.6000,3.711390,3.601407,-3.800232,0.000666,0.006722,1.528590,3.372488,3.011902,-2.946377,0.000739,0.006562,1.528518
42.6500,3.711357,3.600775,-3.800038,0.000775,0.007260,1.528436,3.372469,3.011070,-2.946045,0.000703,0.007411,1.528526
42.7000,3.711325,3.600132,-3.799893,0.000867,0.007635,1.528291,3.372455,3.010452,-2.946017,0.000713,0.007427,1.528333
42.7520,3.711298,3.599543,-3.799791,0.000939,0.007866,1.528174,3.372463,3.009878,-2.945754,0.000709,0.007889,1.528364
42.8020,3.711281,3.599049,-3.799725,0.000991,0.007985,1.528087,3.372467,3.009487,-2.945799,0.000960,0.008038,1.527984
42.8500,3.711273,3.598655,-3.799687,0.001023,0.008016,1.528018,3.372481,3.009022,-2.945664,0.000977,0.008135,1.527813
42.9000,3.711271,3.598337,-3.799670,0.001038,0.007980,1.527957,3.372462,3.008746,-2.945529,0.001027,0.008056,1.527799
42.9500,3.711271,3.598070,-3.799666,0.001038,0.007891,1.527904,3.372467,3.008431,-2.945333,0.001031,0.007902,1.527969
43.0000,3.711272,3.597826,-3.799671,0.001024,0.007762,1.527859,3.372486,3.008177,-2.945384,0.000819,0.007720,1.527906
43.0520,3.711272,3.597591,-3.799682,0.000999,0.007602,1.527819,3.372498,3.007972,-2.945233,0.001002,0.007721,1.527748
43.1000,3.711274,3.597359,-3.799697,0.000964,0.007419,1.527783,3.372509,3.007797,-2.945304,0.001050,0.007418,1.527855
43.1500,3.711275,3.597126,-3.799713,0.000921,0.007220,1.527752,3.372521,3.007523,-2.945140,0.001124,0.007258,1.527876
43.2000,3.711276,3.596892,-3.799729,0.000872,0.007009,1.527726,3.372531,3.007340,-2.945179,0.000950,0.007170,1.527820
43.2500,3.711275,3.596656,-3.799746,0.000818,0.006789,1.527702,3.372547,3.007066,-2.945088,0.000868,0.006752,1.527621
43.3020,3.711266,3.596398,-3.799765,0.000744,0.006550,1.528109,3.374175,3.006779,-2.945128,0.000775,0.006609,1.527946
43.3500,3.711275,3.596087,-3.799813,0.000625,0.006286,1.531440,3.375698,3.006367,-2.945102,0.000583,0.006387,1.531395
43.4000,3.711313,3.595776,-3.799876,0.000491,0.006014,1.537609,3.379971,2.879269,-2.945176,0.000654,0.006024,1.536452
43.4500,3.711345,3.595500,-3.799930,0.000372,0.005721,1.544940,3.381367,2.878991,-2.945124,0.000337,0.005726,1.545024
43.5000,3.711371,3.595252,-3.799974,0.000276,0.005440,1.553111,3.382325,2.878771,-2.945182,0.000397,0.005567,1.551152
43.5500,3.711403,3.595020,-3.800009,0.000192,0.005180,1.562231,3.383768,2.878477,-2.945201,0.000080,0.004960,1.562073
43.6000,3.711440,3.594798,-3.800038,0.000120,0.004943,1.572188,3.383971,2.878287,-2.945157,0.000186,0.004982,1.570089
43.6500,3.711477,3.594581,-3.800060,0.000068,0.004726,1.582734,3.384795,2.878022,-2.945132,-0.000046,0.004615,1.582658
43.7000,3.711511,3.594368,-3.800079,0.000036,0.004527,1.593706,3.385343,2.877853,-2.945156,-0.000049,0.004643,1.591454
43.7500,3.711540,3.594157,-3.800095,0.000023,0.004344,1.605024,3.385569,2.877598,-2.945104,-0.000074,0.004361,1.604976
43.8000,3.711565,3.593950,-3.800108,0.000022,0.004175,1.616626,3.385845,2.877434,-2.945116,0.000095,0.004160,1.614244
43.8500,3.711587,3.593745,-3.800120,0.000031,0.004018,1.628448,3.386257,2.877195,-2.945139,-0.000097,0.003927,1.628410
43.9000,3.711608,3.593542,-3.800130,0.000047,0.003872,1.640438,3.386125,2.877027,-2.945110,0.000068,0.003864,1.638190
43.9500,3.711628,3.593343,-3.800140,0.000068,0.003738,1.652558,3.386251,2.876788,-2.945137,0.000247,0.003663,1.652554
44.0000,3.711648,3.593147,-3.800149,0.000091,0.003613,1.664782,3.386337,2.876631,-2.945167,0.000060,0.003784,1.662374
44.0500,3.711669,3.592954,-3.800157,0.000114,0.003497,1.677086,3.386389,2.876395,-2.945147,-0.000128,0.003634,1.677112
44.1000,3.711691,3.592764,-3.800165,0.000138,0.003389,1.689453,3.386443,2.876241,-2.945164,-0.000048,0.003280,1.687069
44.1500,3.711714,3.592576,-3.800173,0.000162,0.003290,1.701869,3.386574,2.875994,-2.945165,0.000209,0.003519,1.703346
44.2000,3.711738,3.592391,-3.800180,0.000185,0.003198,1.714322,3.386645,2.875871,-2.945164,0.000289,0.003175,1.711754
44.2500,3.711764,3.592208,-3.800187,0.000207,0.003114,1.726804,3.386776,2.875658,-2.945208,0.000245,0.003150,1.726807
44.3020,3.711791,3.592028,-3.800194,0.000227,0.003035,1.739309,3.386817,2.875473,-2.945187,0.000267,0.003082,1.739251
44.3500,3.711820,3.591850,-3.800201,0.000247,0.002963,1.751832,3.386877,2.875294,-2.945227,0.000308,0.002938,1.751792
44.4000,3.711850,3.591675,-3.800208,0.000266,0.002896,1.764368,3.389241,2.759198,-2.945212,0.000161,0.003011,1.761898
44.4500,3.711883,3.591502,-3.800215,0.000284,0.002834,1.776914,3.389292,2.759021,-2.945233,0.000106,0.002808,1.776839
44.5000,3.711917,3.591331,-3.800221,0.000301,0.002777,1.789468,3.389331,2.758882,-2.945239,0.000203,0.002834,1.786898
44.5500,3.711952,3.591163,-3.800228,0.000318,0.002724,1.802028,3.389397,2.758678,-2.945310,0.000328,0.002621,1.802016
44.6020,3.711989,3.590997,-3.800235,0.000333,0.002675,1.814593,3.389419,2.758539,-2.945287,0.000297,0.002664,1.812146
44.6520,3.712028,3.590833,-3.800242,0.000348,0.002630,1.827161,3.389472,2.758337,-2.945348,0.000249,0.002752,1.827206
44.7000,3.712068,3.590671,-3.800249,0.000362,0.002587,1.839731,3.389509,2.758205,-2.945372,0.000484,0.002667,1.837098
44.7500,3.712110,3.590512,-3.800256,0.000376,0.002548,1.852303,3.389558,2.758005,-2.945399,0.000385,0.002643,1.852456
44.8000,3.712153,3.590355,-3.800263,0.000389,0.002512,1.864876,3.389596,2.757877,-2.945412,0.000323,0.002453,1.862420
44.8500,3.712198,3.590200,-3.800270,0.000402,0.002478,1.877450,3.389656,2.757688,-2.945498,0.000298,0.002515,1.877505
44.9000,3.712245,3.590047,-3.800277,0.000414,0.002447,1.890024,3.389690,2.757560,-2.945468,0.000341,0.002431,1.887538
44.9500,3.712292,3.589897,-3.800284,0.000426,0.002418,1.902598,3.389750,2.757374,-2.945540,0.000394,0.002321,1.902407
45.0000,3.712342,3.589749,-3.800291,0.000438,0.002390,1.915173,3.389792,2.757253,-2.945570,0.000450,0.002446,1.912439
45.0520,3.712392,3.589603,-3.800299,0.000449,0.002365,1.927747,3.389851,2.757069,-2.945595,0.000539,0.002361,1.927677
45.1000,3.712444,3.589459,-3.800306,0.000460,0.002341,1.940321,3.389896,2.756952,-2.945612,0.000430,0.002371,1.937787
45.1500,3.712497,3.589317,-3.800313,0.000471,0.002319,1.952894,3.389968,2.756779,-2.945707,0.000461,0.002366,1.952832
45.2020,3.712552,3.589178,-3.800320,0.000482,0.002298,1.965467,3.390005,2.756660,-2.945669,0.000333,0.002182,1.963028
45.2500,3.712607,3.589040,-3.800327,0.000492,0.002278,1.978039,3.390073,2.756490,-2.945747,0.000495,0.002290,1.977993
45.3000,3.712664,3.588905,-3.800335,0.000503,0.002260,1.990611,3.390136,2.756326,-2.945738,0.000675,0.002235,1.992678
45.3500,3.712722,3.588772,-3.800342,0.000513,0.002242,2.003182,3.390185,2.756211,-2.945796,0.000511,0.002144,2.003152
45.4000,3.712781,3.588641,-3.800349,0.000523,0.002226,2.015753,3.461435,2.861416,-2.945843,0.000494,0.002031,2.013243
45.4500,3.712841,3.588512,-3.800356,0.000533,0.002211,2.028323,3.461509,2.861252,-2.945883,0.000411,0.002196,2.028805
45.5000,3.712902,3.588386,-3.800363,0.000543,0.002196,2.040892,3.461556,2.861151,-2.945892,0.000735,0.002118,2.038385
45.5500,3.712964,3.588261,-3.800370,0.000552,0.002183,2.053461,3.461634,2.860995,-2.945970,0.000583,0.002232,2.053470
45.6000,3.713027,3.588138,-3.800377,0.000562,0.002170,2.066029,3.461691,2.860878,-2.945954,0.000748,0.002128,2.065063
45.6500,3.713091,3.588018,-3.800384,0.000571,0.002157,2.078597,3.461763,2.860743,-2.946015,0.000594,0.002117,2.078699
45.7000,3.713156,3.587900,-3.800391,0.000581,0.002146,2.091163,3.461818,2.860645,-2.946039,0.000658,0.002213,2.088709
45.7500,3.713221,3.587783,-3.800398,0.000590,0.002135,2.103729,3.461894,2.860500,-2.946070,0.000526,0.002145,2.103818
45.8000,3.713288,3.587669,-3.800405,0.000599,0.002124,2.116295,3.461949,2.860404,-2.946083,0.000654,0.002020,2.113739
45.8500,3.713355,3.587557,-3.800412,0.000608,0.002114,2.128860,3.462036,2.860262,-2.946164,0.000636,0.001990,2.128832
45.9000,3.713423,3.587447,-3.800419,0.000617,0.002104,2.141424,3.462087,2.860171,-2.946139,0.000626,0.002028,2.138867
45.9520,3.713492,3.587339,-3.800426,0.000626,0.002095,2.153988,3.462173,2.860036,-2.946202,0.000706,0.002231,2.153972
46.0000,3.713561,3.587232,-3.800432,0.000635,0.002087,2.166551,3.462231,2.859949,-2.946230,0.000536,0.002211,2.163846
46.0500,3.713631,3.587128,-3.800439,0.000643,0.002078,2.179113,3.462316,2.859814,-2.946251,0.000592,0.002034,2.179053
46.1000,3.713702,3.587026,-3.800445,0.000652,0.002070,2.191675,3.462375,2.859728,-2.946268,0.000524,0.002222,2.189207
46.1500,3.713773,3.586926,-3.800452,0.000660,0.002063,2.204236,3.462464,2.859602,-2.946350,0.000781,0.002180,2.204402
46.2000,3.713844,3.586827,-3.800459,0.000669,0.002055,2.216796,3.462522,2.859518,-2.946317,0.000716,0.002060,2.214294
46.2500,3.713917,3.586731,-3.800465,0.000677,0.002048,2.229356,3.462611,2.859398,-2.946381,0.000601,0.002054,2.229467
46.3000,3.713989,3.586637,-3.800471,0.000685,0.002041,2.241915,3.462673,2.859320,-2.946412,0.000708,0.002004,2.239592
46.3520,3.714063,3.586544,-3.800478,0.000693,0.002035,2.254474,3.462761,2.859202,-2.946423,0.000599,0.001978,2.254362
46.4000,3.714136,3.586453,-3.800484,0.000701,0.002028,2.267032,3.470342,2.926003,-2.946457,0.000650,0.002055,2.264646
46.4500,3.714210,3.586365,-3.800490,0.000709,0.002022,2.279590,3.470446,2.925982,-2.946539,0.000929,0.001919,2.279548
46.5000,3.714285,3.586278,-3.800496,0.000717,0.002016,2.292147,3.470495,2.925831,-2.946498,0.000653,0.002004,2.289654
46.5500,3.714359,3.586193,-3.800503,0.000725,0.002010,2.304703,3.470588,2.925724,-2.946562,0.000740,0.001995,2.304487
46.6000,3.714434,3.586109,-3.800509,0.000732,0.002005,2.317259,3.470671,2.925631,-2.946551,0.000653,0.001919,2.318390
46.6500,3.714510,3.586028,-3.800515,0.000740,0.001999,2.329814,3.470742,2.925554,-2.946596,0.000666,0.002007,2.329798
46.7000,3.714585,3.585948,-3.800521,0.000748,0.001994,2.342369,3.470804,2.925490,-2.946618,0.000640,0.001946,2.339871
46.7500,3.714661,3.585871,-3.800527,0.000755,0.001989,2.354923,3.470897,2.925389,-2.946641,0.000874,0.002080,2.354790
46.8000,3.714737,3.585794,-3.800532,0.000762,0.001984,2.367477,3.470960,2.925326,-2.946652,0.000860,0.001987,2.364881
46.8500,3.714813,3.585720,-3.800538,0.000770,0.001979,2.380030,3.471057,2.925238,-2.946717,0.000984,0.002138,2.380022
46.9000,3.714890,3.585648,-3.800544,0.000777,0.001974,2.392583,3.471121,2.925169,-2.946697,0.000728,0.002129,2.390712
46.9500,3.714966,3.585577,-3.800550,0.000784,0.001970,2.405135,3.471212,2.925083,-2.946744,0.000768,0.002139,2.405181
47.0000,3.715043,3.585508,-3.800555,0.000791,0.001965,2.417686,3.471274,2.925026,-2.946769,0.000660,0.001973,2.415443
47.0500,3.715120,3.585440,-3.800561,0.000798,0.001961,2.430237,3.471371,2.924940,-2.946782,0.000921,0.001969,2.430348
47.1000,3.715196,3.585374,-3.800566,0.000805,0.001956,2.442788,3.471435,2.924885,-2.946795,0.000878,0.001762,2.440298
47.1500,3.715273,3.585310,-3.800572,0.000811,0.001952,2.455338,3.471535,2.924803,-2.946862,0.000951,0.001819,2.455415
47.2000,3.715350,3.585248,-3.800577,0.000818,0.001948,2.467888,3.471595,2.924750,-2.946833,0.000839,0.001917,2.465240
47.2500,3.715427,3.585187,-3.800583,0.000825,0.001944,2.480437,3.471692,2.924673,-2.946881,0.000732,0.001824,2.480348
47.3000,3.715504,3.585128,-3.800588,0.000832,0.001939,2.492985,3.471758,2.924621,-2.946910,0.000754,0.002089,2.490571
47.3500,3.715581,3.585070,-3.800593,0.000838,0.001935,2.505533,3.471853,2.924549,-2.946913,0.000870,0.001938,2.505378
47.4000,3.715657,3.585014,-3.800598,0.000845,0.001931,2.518081,3.542473,2.977643,-2.946937,0.000855,0.001888,2.515493
47.4500,3.715734,3.584959,-3.800604,0.000851,0.001927,2.530628,3.542632,2.977626,-2.947004,0.000813,0.001944,2.530715
47.5000,3.715811,3.584906,-3.800609,0.000857,0.001924,2.543175,3.542650,2.977543,-2.946967,0.000780,0.001905,2.540552
47.5500,3.715887,3.584855,-3.800614,0.000864,0.001920,2.555721,3.542746,2.977478,-2.947017,0.000929,0.001856,2.555704
47.6000,3.715964,3.584805,-3.800619,0.000870,0.001916,2.568267,3.542811,2.977436,-2.947048,0.000811,0.001901,2.565623
47.6500,3.716040,3.584757,-3.800624,0.000876,0.001912,2.580812,3.542904,2.977375,-2.947041,0.001024,0.002118,2.580922
47.7000,3.716116,3.584710,-3.800629,0.000882,0.001908,2.593357,3.542967,2.977336,-2.947061,0.000761,0.001971,2.591016
47.7520,3.716192,3.584664,-3.800634,0.000889,0.001905,2.605901,3.543072,2.977272,-2.947078,0.000781,0.001992,2.607358
47.8000,3.716267,3.584620,-3.800638,0.000895,0.001901,2.618445,3.543126,2.977240,-2.947085,0.000760,0.001892,2.616100
47.8500,3.716343,3.584577,-3.800643,0.000901,0.001897,2.630989,3.543223,2.977186,-2.947136,0.000939,0.001876,2.631103
47.9000,3.716418,3.584536,-3.800648,0.000907,0.001894,2.643532,3.543300,2.977141,-2.947121,0.000978,0.001963,2.643651
47.9500,3.716493,3.584496,-3.800653,0.000913,0.001890,2.656074,3.543379,2.977100,-2.947153,0.000919,0.001874,2.656062
48.0000,3.716568,3.584457,-3.800657,0.000918,0.001887,2.668617,3.543444,2.977071,-2.947175,0.000986,0.001802,2.666172
48.0500,3.716642,3.584420,-3.800662,0.000924,0.001883,2.681158,3.543534,2.977022,-2.947182,0.001084,0.001808,2.681188
48.1000,3.716716,3.584384,-3.800666,0.000930,0.001879,2.693700,3.543597,2.976993,-2.947193,0.001048,0.002096,2.691240
48.1500,3.716790,3.584350,-3.800671,0.000936,0.001876,2.706241,3.543692,2.976953,-2.947246,0.000933,0.001872,2.706070
48.2000,3.716863,3.584317,-3.800675,0.000941,0.001872,2.718781,3.543753,2.976923,-2.947222,0.000947,0.002039,2.716335
48.2500,3.716937,3.584285,-3.800680,0.000947,0.001869,2.731322,3.543845,2.976883,-2.947257,0.000792,0.001754,2.731364
48.3020,3.717009,3.584254,-3.800684,0.000953,0.001865,2.743861,3.543907,2.976857,-2.947283,0.000831,0.001803,2.741282
48.3500,3.717082,3.584225,-3.800688,0.000958,0.001862,2.756401,3.543998,2.976819,-2.947281,0.000986,0.001893,2.756193
48.4000,3.717154,3.584196,-3.800693,0.000964,0.001858,2.768940,3.562316,3.021998,-2.947301,0.001075,0.002008,2.766427
48.4500,3.717226,3.584169,-3.800697,0.000969,0.001855,2.781478,3.562416,3.021989,-2.947356,0.001026,0.001729,2.781593
48.5000,3.717297,3.584143,-3.800701,0.000975,0.001851,2.794017,3.562468,3.021950,-2.947324,0.001088,0.001957,2.791524
48.5500,3.717368,3.584119,-3.800705,0.000980,0.001848,2.806554,3.562556,3.021922,-2.947361,0.000954,0.001926,2.806679
48.6000,3.717438,3.584095,-3.800709,0.000986,0.001844,2.819092,3.562613,3.021905,-2.947389,0.000989,0.001668,2.816519
48.6500,3.717508,3.584073,-3.800713,0.000991,0.001841,2.831629,3.562704,3.021873,-2.947378,0.000930,0.002000,2.831525
48.7000,3.717578,3.584052,-3.800717,0.000996,0.001837,2.844166,3.562763,3.021855,-2.947395,0.000854,0.001928,2.841790
48.7500,3.717647,3.584031,-3.800721,0.001002,0.001834,2.856702,3.562848,3.021832,-2.947452,0.001094,0.001643,2.856755
48.8000,3.717716,3.584012,-3.800725,0.001007,0.001830,2.869238,3.562908,3.021812,-2.947412,0.000842,0.001863,2.866777
48.8500,3.717784,3.583994,-3.800729,0.001012,0.001827,2.881774,3.562994,3.021789,-2.947452,0.001042,0.001777,2.881691
48.9000,3.717852,3.583978,-3.800733,0.001017,0.001823,2.894309,3.563076,3.021767,-2.947441,0.000986,0.001750,2.896398
48.9500,3.717919,3.583962,-3.800737,0.001023,0.001820,2.906844,3.563136,3.021754,-2.947463,0.001117,0.001693,2.906761
49.0000,3.717986,3.583947,-3.800741,0.001028,0.001816,2.919379,3.563195,3.021744,-2.947483,0.001155,0.001627,2.916873
49.0500,3.718052,3.583933,-3.800744,0.001033,0.001813,2.931913,3.563283,3.021726,-2.947487,0.000746,0.002075,2.932422
49.1000,3.718118,3.583920,-3.800748,0.001038,0.001809,2.944447,3.563335,3.021714,-2.947495,0.001106,0.001792,2.941947
49.1500,3.718184,3.583908,-3.800752,0.001043,0.001806,2.956980,3.563417,3.021697,-2.947537,0.001195,0.001699,2.957015
49.2000,3.718248,3.583897,-3.800755,0.001048,0.001802,2.969514,3.563479,3.021686,-2.947519,0.000795,0.001923,2.968531
49.2500,3.718313,3.583887,-3.800759,0.001053,0.001798,2.982046,3.563552,3.021674,-2.947544,0.001123,0.001999,2.982316
49.3000,3.718376,3.583878,-3.800762,0.001058,0.001795,2.994579,3.563604,3.021666,-2.947566,0.001113,0.001847,2.992096
49.3500,3.718439,3.583870,-3.800766,0.001063,0.001791,3.007111,3.563685,3.021653,-2.947561,0.001107,0.001742,3.007048
49.4000,3.718502,3.583863,-3.800769,0.001068,0.001788,3.019643,3.555226,3.021481,-2.947573,0.001166,0.001815,3.017147
49.4500,3.718564,3.583856,-3.800773,0.001073,0.001784,3.032175,3.555304,3.021476,-2.947618,0.001038,0.001876,3.031975
49.5000,3.718626,3.583851,-3.800776,0.001077,0.001781,3.044706,3.555360,3.021468,-2.947591,0.001008,0.001766,3.042050
49.5500,3.718687,3.583846,-3.800780,0.001082,0.001777,3.057237,3.555439,3.021461,-2.947619,0.001174,0.001733,3.057087
49.6000,3.718741,3.583831,-3.800782,0.001100,0.001774,3.069383,3.555491,3.021457,-2.947644,0.001040,0.001797,3.067197
49.6500,3.718771,3.583744,-3.800802,0.001174,0.001767,3.078688,3.555050,3.015052,-2.947655,0.001175,0.001766,3.078765
49.7000,3.718792,3.583616,-3.800826,0.001263,0.001745,3.085176,3.554879,3.011946,-2.947693,0.001255,0.001809,3.083960
49.7500,3.718828,3.583521,-3.800836,0.001307,0.001703,3.090407,3.554660,3.007304,-2.947762,0.001240,0.001590,3.090415
49.8000,3.718877,3.583453,-3.800832,0.001311,0.001665,3.094645,3.554824,3.009317,-2.947709,0.001303,0.001733,3.094050
49.8500,3.718933,3.583397,-3.800822,0.001301,0.001633,3.097856,3.554861,3.008533,-2.947721,0.001334,0.001640,3.097842
49.9000,3.718993,3.583347,-3.800809,0.001284,0.001603,3.100214,3.554891,3.008016,-2.947732,0.001404,0.001773,3.099611
49.9500,3.719056,3.583306,-3.800795,0.001257,0.001574,3.101963,3.554948,3.007566,-2.947702,0.001262,0.001715,3.101894
50.0000,3.719119,3.583273,-3.800783,0.001221,0.001545,3.103249,3.554985,3.007193,-2.947706,0.001184,0.001423,3.102901
50.0500,3.719182,3.583246,-3.800773,0.001179,0.001517,3.104154,3.555044,3.006640,-2.947751,0.001279,0.001584,3.104263
50.1000,3.719245,3.583225,-3.800764,0.001132,0.001489,3.104755,3.555103,3.006921,-2.947697,0.001111,0.001447,3.104629
50.1500,3.719307,3.583209,-3.800757,0.001083,0.001462,3.105119,3.555174,3.006800,-2.947732,0.000979,0.001525,3.105152
50.2000,3.719369,3.583197,-3.800752,0.001032,0.001436,3.105300,3.555231,3.006498,-2.947708,0.000885,0.001275,3.105168
50.2500,3.719432,3.583189,-3.800748,0.000981,0.001411,3.105336,3.555281,3.006264,-2.947734,0.001146,0.001426,3.105421
50.3000,3.719493,3.583184,-3.800745,0.000929,0.001387,3.105259,3.555324,3.006063,-2.947748,0.000759,0.001484,3.105220
50.3500,3.719555,3.583182,-3.800743,0.000879,0.001364,3.105094,3.555391,3.005912,-2.947756,0.000880,0.001543,3.105043
50.4020,3.719616,3.583181,-3.800743,0.000829,0.001342,3.104860,3.556281,3.037850,-2.947764,0.000644,0.001393,3.104904
50.4500,3.719677,3.583181,-3.800743,0.000781,0.001320,3.104574,3.556347,3.037697,-2.947819,0.000646,0.001203,3.104473
50.5000,3.719737,3.583182,-3.800743,0.000734,0.001300,3.104247,3.556397,3.037696,-2.947794,0.000612,0.001347,3.104238
50.5500,3.719797,3.583185,-3.800745,0.000690,0.001280,3.103889,3.556464,3.037647,-2.947837,0.000707,0.001287,3.103742
50.6000,3.719613,3.583195,-3.800752,0.000646,0.001165,3.103423,3.556473,3.037616,-2.947859,0.000688,0.001283,3.103441
50.6500,3.717412,3.583282,-3.800829,0.000588,0.000783,3.102722,3.553675,3.037328,-2.948502,0.000511,0.000636,3.102618
50.7000,3.711583,3.583520,-3.801000,0.000503,0.000165,3.101940,3.549396,3.037285,-2.948922,0.000563,0.000326,3.102160
50.7520,3.701995,3.583920,-3.801238,0.000401,-0.000565,3.101146,3.538379,3.037424,-2.949735,0.000457,-0.000568,3.100980
50.8000,3.689454,3.584444,-3.801501,0.000293,-0.001278,3.100364,3.528815,3.038031,-2.949638,0.000280,-0.001264,3.100305
50.8500,3.675039,3.585047,-3.801744,0.000179,-0.001918,3.099630,3.511589,3.038798,-2.950054,0.000179,-0.001903,3.099760
50.9000,3.659693,3.585694,-3.801938,0.000072,-0.002447,3.098939,3.499102,3.039361,-2.950207,0.000023,-0.002374,3.098892
50.9500,3.644078,3.586357,-3.802075,-0.000021,-0.002850,3.098304,3.480719,3.040205,-2.950362,-0.000169,-0.002924,3.098244
51.0000,3.628522,3.587021,-3.802159,-0.000099,-0.003133,3.097694,3.468271,3.040786,-2.950343,-0.000018,-0.003129,3.097879
51.0500,3.613071,3.587685,-3.802199,-0.000162,-0.003307,3.097112,3.449720,3.041670,-2.950499,-0.000251,-0.003306,3.097057
51.1000,3.597728,3.588351,-3.802206,-0.000212,-0.003395,3.096569,3.437449,3.042164,-2.950513,-0.000112,-0.003631,3.096601
51.1500,3.582475,3.589021,-3.802188,-0.000247,-0.003414,3.096052,3.419153,3.043003,-2.950681,-0.000248,-0.003393,3.095957
51.2020,3.567288,3.589697,-3.802151,-0.000271,-0.003378,3.095567,3.407017,3.043574,-2.950645,-0.000238,-0.003337,3.095638
51.2500,3.552138,3.590381,-3.802103,-0.000284,-0.003300,3.095112,3.388827,3.044394,-2.950747,-0.000232,-0.003364,3.095220
51.3000,3.537002,3.591074,-3.802048,-0.000287,-0.003189,3.094677,3.376729,3.044966,-2.950698,-0.000352,-0.003132,3.094738
51.3500,3.521863,3.591776,-3.801989,-0.000282,-0.003053,3.094257,3.356759,3.045914,-2.950749,-0.000284,-0.002911,3.094159
51.4000,3.506714,3.592485,-3.801928,-0.000269,-0.002899,3.093848,3.262548,3.120651,-2.950691,-0.000425,-0.002751,3.094041
51.4500,3.491555,3.593202,-3.801868,-0.000249,-0.002730,3.093451,3.244369,3.121538,-2.950774,-0.000352,-0.002820,3.093529
51.5020,3.476388,3.593927,-3.801808,-0.000223,-0.002551,3.093065,3.229205,3.122265,-2.950685,-0.000432,-0.002490,3.093069
51.5520,3.461216,3.594658,-3.801750,-0.000193,-0.002365,3.092686,3.214035,3.123009,-2.950775,-0.000150,-0.002275,3.092476
51.6000,3.446043,3.595396,-3.801695,-0.000160,-0.002175,3.092315,3.201898,3.123613,-2.950744,-0.000074,-0.002338,3.092420
51.6500,3.430870,3.596140,-3.801642,-0.000124,-0.001982,3.091951,3.183689,3.124504,-2.950784,-0.000079,-0.002036,3.092035
51.7000,3.415698,3.596889,-3.801593,-0.000086,-0.001790,3.091593,3.171553,3.125111,-2.950749,-0.000114,-0.001772,3.091702
51.7500,3.400529,3.597645,-3.801546,-0.000047,-0.001600,3.091241,3.153351,3.126037,-2.950829,-0.000004,-0.001801,3.091300
51.8000,3.385363,3.598407,-3.801503,-0.000009,-0.001412,3.090893,3.141213,3.126638,-2.950764,-0.000141,-0.001591,3.090973
51.8500,3.370200,3.599174,-3.801463,0.000030,-0.001228,3.090550,3.123019,3.127565,-2.950813,-0.000044,-0.001148,3.090710
51.9000,3.355039,3.599947,-3.801426,0.000068,-0.001049,3.090211,3.110893,3.128189,-2.950811,0.000039,-0.000995,3.090478
51.9500,3.339880,3.600725,-3.801392,0.000105,-0.000875,3.089876,3.092699,3.129120,-2.950811,0.000203,-0.000892,3.089933
52.0000,3.324724,3.601509,-3.801362,0.000140,-0.000707,3.089545,3.080574,3.129751,-2.950802,0.000250,-0.000615,3.089685
52.0500,3.309569,3.602297,-3.801335,0.000173,-0.000544,3.089217,3.062389,3.130712,-2.950857,0.000076,-0.000555,3.089373
52.1000,3.294417,3.603091,-3.801311,0.000204,-0.000387,3.088893,3.050265,3.131334,-2.950799,0.000178,-0.000504,3.088866
52.1500,3.279267,3.603890,-3.801289,0.000233,-0.000237,3.088571,3.032085,3.132302,-2.950820,0.000308,-0.000135,3.088582
52.2000,3.264118,3.604694,-3.801271,0.000260,-0.000093,3.088253,3.019966,3.132953,-2.950837,0.000034,-0.000049,3.088453
52.2500,3.248972,3.605503,-3.801255,0.000285,0.000045,3.087939,3.001788,3.133917,-2.950798,0.000269,0.000152,3.088015
52.3000,3.233828,3.606317,-3.801241,0.000307,0.000177,3.087627,2.989671,3.134572,-2.950807,0.000283,0.000077,3.087678
52.3500,3.218686,3.607135,-3.801230,0.000327,0.000303,3.087318,2.971499,3.135568,-2.950837,0.000189,0.000277,3.087350
52.4000,3.203545,3.607959,-3.801221,0.000345,0.000423,3.087011,2.976176,3.223435,-2.950785,0.000286,0.000373,3.087109
52.4500,3.188407,3.608786,-3.801215,0.000360,0.000538,3.086708,2.958009,3.224435,-2.950788,0.000371,0.000632,3.086696
52.5000,3.173271,3.609619,-3.801210,0.000374,0.000647,3.086407,2.940451,3.225406,-2.950779,0.000305,0.000777,3.086274
52.5520,3.158136,3.610456,-3.801208,0.000385,0.000751,3.086109,2.927736,3.226115,-2.950765,0.000302,0.000771,3.086080
52.6000,3.143004,3.611297,-3.801207,0.000394,0.000849,3.085814,2.915627,3.226796,-2.950789,0.000274,0.000983,3.085923
52.6500,3.127873,3.612143,-3.801209,0.000402,0.000943,3.085521,2.896862,3.227845,-2.950752,0.000220,0.000872,3.085541
52.7000,3.112745,3.612993,-3.801211,0.000408,0.001031,3.085231,2.885363,3.228495,-2.950765,0.000386,0.001048,3.085285
52.7500,3.097618,3.613848,-3.801216,0.000412,0.001115,3.084944,2.867211,3.229531,-2.950764,0.000376,0.001013,3.084841
52.8000,3.082493,3.614707,-3.801222,0.000415,0.001195,3.084659,2.853294,3.230316,-2.950750,0.000487,0.001268,3.084677
52.8500,3.067370,3.615570,-3.801229,0.000417,0.001271,3.084377,2.836960,3.231255,-2.950724,0.000275,0.001520,3.084338
52.9000,3.052249,3.616438,-3.801238,0.000417,0.001342,3.084097,2.824862,3.231958,-2.950758,0.000452,0.001348,3.084279
52.9500,3.037129,3.617309,-3.801248,0.000416,0.001410,3.083820,2.806718,3.233000,-2.950701,0.000540,0.001544,3.083929
53.0000,3.022011,3.618185,-3.801259,0.000414,0.001474,3.083545,2.794622,3.233705,-2.950722,0.000303,0.001455,3.083486
53.0500,3.006895,3.619065,-3.801272,0.000411,0.001534,3.083273,2.776482,3.234774,-2.950717,0.000487,0.001732,3.083295
53.1000,2.991781,3.619949,-3.801285,0.000408,0.001591,3.083004,2.764392,3.235473,-2.950699,0.000358,0.001448,3.083153
53.1500,2.976668,3.620837,-3.801300,0.000404,0.001645,3.082737,2.746258,3.236542,-2.950671,0.000505,0.001790,3.082960
53.2000,2.961557,3.621729,-3.801316,0.000399,0.001696,3.082472,2.734170,3.237263,-2.950711,0.000460,0.001717,3.082423
53.2500,2.946448,3.622625,-3.801332,0.000393,0.001744,3.082210,2.716037,3.238335,-2.950640,0.000475,0.001790,3.082192
53.3000,2.931340,3.623525,-3.801350,0.000387,0.001789,3.081950,2.703952,3.239059,-2.950669,0.000252,0.001839,3.082018
53.3500,2.916234,3.624429,-3.801368,0.000381,0.001831,3.081693,2.685823,3.240157,-2.950665,0.000223,0.001759,3.081670
53.4000,2.901130,3.625336,-3.801387,0.000374,0.001871,3.081438,2.764327,3.229032,-2.950638,0.000354,0.001946,3.081262
53.4500,2.886027,3.626248,-3.801407,0.000368,0.001909,3.081186,2.746203,3.230130,-2.950614,0.000370,0.001777,3.081187
53.5000,2.870926,3.627163,-3.801427,0.000361,0.001945,3.080936,2.734124,3.230866,-2.950657,0.000343,0.002066,3.080982
53.5500,2.855826,3.628082,-3.801448,0.000353,0.001978,3.080688,2.716003,3.231962,-2.950580,0.000406,0.001950,3.080726
53.6000,2.840728,3.629005,-3.801470,0.000346,0.002009,3.080443,2.703926,3.232704,-2.950613,0.000211,0.001931,3.080423
53.6500,2.825631,3.629931,-3.801493,0.000339,0.002038,3.080200,2.685815,3.233824,-2.950610,0.000219,0.002038,3.080047
53.7000,2.810536,3.630862,-3.801516,0.000331,0.002066,3.079960,2.673731,3.234559,-2.950581,0.000315,0.001975,3.080132
53.7500,2.795442,3.631795,-3.801539,0.000324,0.002092,3.079721,2.655621,3.235682,-2.950562,0.000318,0.002318,3.079863
53.8000,2.780350,3.632733,-3.801563,0.000317,0.002116,3.079485,2.639322,3.236694,-2.950575,0.000317,0.002199,3.079464
53.8500,2.765259,3.633674,-3.801588,0.000309,0.002138,3.079252,2.625439,3.237562,-2.950538,0.000329,0.002138,3.079413
53.9000,2.750170,3.634618,-3.801613,0.000302,0.002159,3.079020,2.613368,3.238323,-2.950577,0.000468,0.002123,3.079095
53.9500,2.735082,3.635566,-3.801638,0.000295,0.002179,3.078791,2.595260,3.239461,-2.950524,0.000309,0.002011,3.078673
54.0000,2.719996,3.636517,-3.801664,0.000288,0.002198,3.078564,2.583191,3.240227,-2.950552,0.000319,0.002155,3.078613
54.0500,2.704911,3.637472,-3.801690,0.000282,0.002215,3.078340,2.565091,3.241384,-2.950546,0.000291,0.002253,3.078226
54.1000,2.689827,3.638430,-3.801716,0.000275,0.002231,3.078117,2.552420,3.242185,-2.950545,0.000274,0.002098,3.078104
54.1500,2.674745,3.639392,-3.801743,0.000269,0.002245,3.077897,2.534924,3.243304,-2.950522,0.000348,0.002293,3.077875
54.2000,2.659664,3.640357,-3.801770,0.000262,0.002259,3.077679,2.522857,3.244081,-2.950568,0.000073,0.002323,3.077737
54.2500,2.644585,3.641325,-3.801798,0.000256,0.002272,3.077463,2.504763,3.245239,-2.950514,0.000352,0.002213,3.077311
54.3000,2.629507,3.642296,-3.801825,0.000250,0.002284,3.077249,2.492701,3.246022,-2.950545,0.000312,0.002124,3.077457
54.3500,2.614430,3.643271,-3.801853,0.000245,0.002295,3.077038,2.474611,3.247204,-2.950546,0.000294,0.002366,3.076992
54.4000,2.599354,3.644248,-3.801881,0.000239,0.002305,3.076828,2.438282,3.237313,-2.950538,0.000341,0.002608,3.076842
54.4500,2.584280,3.645229,-3.801910,0.000234,0.002314,3.076621,2.420189,3.238497,-2.950527,0.000319,0.002205,3.076525
54.5000,2.569207,3.646213,-3.801938,0.000229,0.002323,3.076415,2.408128,3.239293,-2.950574,0.000403,0.002322,3.076427
54.5500,2.554135,3.647200,-3.801967,0.000224,0.002331,3.076212,2.390042,3.240471,-2.950518,0.000143,0.002128,3.076292
54.6020,2.539065,3.648191,-3.801996,0.000220,0.002338,3.076010,2.377987,3.241264,-2.950553,0.000246,0.002477,3.076200
54.6520,2.523995,3.649184,-3.802026,0.000215,0.002344,3.075811,2.359904,3.242460,-2.950565,0.000341,0.002393,3.075737
54.7020,2.508927,3.650180,-3.802055,0.000211,0.002350,3.075614,2.347850,3.243248,-2.950548,0.000133,0.002363,3.075593
54.7500,2.493860,3.651179,-3.802085,0.000207,0.002356,3.075418,2.329769,3.244451,-2.950545,0.000240,0.002454,3.075459
54.8000,2.478795,3.652181,-3.802114,0.000203,0.002361,3.075225,2.317716,3.245259,-2.950598,0.000189,0.002368,3.075263
54.8520,2.463730,3.653186,-3.802144,0.000199,0.002365,3.075034,2.299640,3.246457,-2.950542,0.000048,0.002250,3.074922
54.9000,2.448667,3.654194,-3.802174,0.000196,0.002369,3.074844,2.287589,3.247266,-2.950581,0.000117,0.002409,3.074895
54.9500,2.433605,3.655205,-3.802204,0.000192,0.002373,3.074656,2.267707,3.248605,-2.950554,0.000137,0.002184,3.074591
55.0000,2.418544,3.656218,-3.802234,0.000189,0.002376,3.074471,2.257466,3.249295,-2.950578,0.000133,0.002559,3.074377
55.0500,2.403484,3.657235,-3.802265,0.000186,0.002379,3.074287,2.239393,3.250522,-2.950588,0.000242,0.002425,3.074377
55.1000,2.388426,3.658254,-3.802295,0.000183,0.002381,3.074105,2.224335,3.251538,-2.950599,0.000392,0.002489,3.074065
55.1500,2.373368,3.659275,-3.802326,0.000180,0.002383,3.073925,2.209277,3.252562,-2.950584,0.000238,0.002441,3.073987
55.2000,2.358312,3.660300,-3.802356,0.000178,0.002385,3.073746,2.197232,3.253383,-2.950628,0.000026,0.002318,3.073825
55.2500,2.343256,3.661327,-3.802387,0.000175,0.002386,3.073570,2.179166,3.254616,-2.950595,0.000192,0.002325,3.073602
55.3000,2.328202,3.662357,-3.802418,0.000173,0.002388,3.073395,2.167123,3.255444,-2.950626,0.000229,0.002352,3.073496
55.3500,2.313149,3.663389,-3.802449,0.000171,0.002389,3.073222,2.149063,3.256688,-2.950641,0.000099,0.002227,3.073193
55.4000,2.298097,3.664424,-3.802480,0.000169,0.002389,3.073051,2.155072,3.239842,-2.950635,0.000227,0.002286,3.072907
55.4500,2.283046,3.665462,-3.802511,0.000167,0.002390,3.072882,2.137012,3.241092,-2.950635,0.000041,0.002447,3.072775
55.5000,2.267996,3.666502,-3.802542,0.000165,0.002390,3.072714,2.124974,3.241926,-2.950682,-0.000010,0.002330,3.072665
55.5500,2.252947,3.667544,-3.802573,0.000164,0.002390,3.072548,2.106913,3.243177,-2.950647,0.000132,0.002306,3.072349
55.6000,2.237899,3.668589,-3.802604,0.000162,0.002390,3.072383,2.094877,3.244015,-2.950681,0.000202,0.002489,3.072414
55.6500,2.222852,3.669637,-3.802635,0.000160,0.002390,3.072221,2.076823,3.245275,-2.950707,0.000205,0.002224,3.072332
55.7000,2.207806,3.670687,-3.802667,0.000159,0.002389,3.072060,2.064783,3.246112,-2.950696,0.000148,0.002290,3.072157
55.7500,2.192761,3.671739,-3.802698,0.000158,0.002389,3.071900,2.046729,3.247376,-2.950706,-0.000050,0.002294,3.071922
55.8000,2.177717,3.672793,-3.802729,0.000157,0.002388,3.071743,2.034696,3.248222,-2.950755,0.000313,0.002328,3.071779
55.8500,2.162674,3.673850,-3.802761,0.000155,0.002387,3.071586,2.016642,3.249488,-2.950718,0.000032,0.002309,3.071528
55.9000,2.147632,3.674910,-3.802792,0.000154,0.002386,3.071432,2.004609,3.250338,-2.950758,0.000276,0.002531,3.071395
55.9500,2.132591,3.675971,-3.802823,0.000153,0.002385,3.071279,1.986559,3.251620,-2.950792,0.000245,0.002295,3.071315
56.0000,2.117551,3.677035,-3.802855,0.000152,0.002384,3.071127,1.974526,3.252462,-2.950775,0.000128,0.002494,3.071190
56.0500,2.102511,3.678101,-3.802886,0.000152,0.002383,3.070978,1.956477,3.253743,-2.950795,0.000085,0.002435,3.070956
56.1000,2.087473,3.679170,-3.802918,0.000151,0.002382,3.070829,1.944445,3.254601,-2.950849,0.000096,0.002224,3.070767
56.1500,2.072436,3.680240,-3.802950,0.000150,0.002380,3.070682,1.926401,3.255883,-2.950810,0.000075,0.002359,3.070639
56.2000,2.057399,3.681313,-3.802981,0.000149,0.002379,3.070537,1.914372,3.256743,-2.950851,0.000314,0.002451,3.070552
56.2500,2.042364,3.682388,-3.803013,0.000149,0.002377,3.070393,1.895726,3.258074,-2.950839,0.000251,0.002449,3.070278
56.3000,2.027329,3.683465,-3.803044,0.000148,0.002376,3.070251,1.884299,3.258897,-2.950868,0.000105,0.002321,3.070284
56.3500,2.012295,3.684544,-3.803076,0.000148,0.002374,3.070110,1.866257,3.260199,-2.950898,0.000140,0.002276,3.069984
56.4020,1.997262,3.685625,-3.803108,0.000147,0.002373,3.069971,1.863593,3.295872,-2.950905,0.000103,0.002325,3.069953
56.4500,1.982230,3.686708,-3.803139,0.000147,0.002371,3.069833,1.847359,3.297042,-2.950913,0.000026,0.002393,3.069938
56.5000,1.967199,3.687794,-3.803171,0.000147,0.002369,3.069696,1.835334,3.297912,-2.950958,0.000127,0.002545,3.069686
56.5500,1.952169,3.688881,-3.803203,0.000146,0.002367,3.069561,1.817296,3.299215,-2.950942,0.000131,0.002253,3.069562
56.6000,1.937139,3.689970,-3.803234,0.000146,0.002366,3.069427,1.805274,3.300088,-2.950975,0.000130,0.002464,3.069318
56.6500,1.922111,3.691062,-3.803266,0.000146,0.002364,3.069294,1.787241,3.301403,-2.951011,0.000090,0.002314,3.069291
56.7000,1.907083,3.692155,-3.803298,0.000145,0.002362,3.069163,1.775218,3.302275,-2.951007,0.000084,0.002300,3.069206
56.7500,1.892056,3.693250,-3.803330,0.000145,0.002360,3.069033,1.757186,3.303591,-2.951027,0.000130,0.002363,3.068821
56.8000,1.877030,3.694347,-3.803361,0.000145,0.002358,3.068905,1.745165,3.304472,-2.951075,0.000181,0.002389,3.068711
56.8500,1.862004,3.695446,-3.803393,0.000145,0.002356,3.068778,1.727134,3.305791,-2.951057,0.000135,0.002405,3.068826
56.9000,1.846979,3.696547,-3.803425,0.000145,0.002354,3.068652,1.715114,3.306673,-2.951093,0.000068,0.002277,3.068682
56.9500,1.831956,3.697650,-3.803457,0.000145,0.002352,3.068528,1.697088,3.308003,-2.951135,0.000041,0.002355,3.068576
57.0000,1.816932,3.698754,-3.803489,0.000145,0.002350,3.068404,1.685067,3.308881,-2.951123,0.000214,0.002329,3.068272
57.0520,1.801910,3.699860,-3.803520,0.000145,0.002348,3.068282,1.667040,3.310214,-2.951152,0.000087,0.002357,3.068294
57.1000,1.786889,3.700969,-3.803552,0.000144,0.002347,3.068162,1.655022,3.311103,-2.951204,0.000214,0.002447,3.068259
57.1500,1.771868,3.702078,-3.803584,0.000144,0.002345,3.068042,1.636998,3.312430,-2.951181,0.000041,0.002362,3.068063
57.2000,1.756848,3.703190,-3.803616,0.000144,0.002343,3.067924,1.624984,3.313319,-2.951221,0.000299,0.002200,3.068046
57.2500,1.741828,3.704303,-3.803648,0.000144,0.002341,3.067807,1.606963,3.314653,-2.951271,0.000263,0.002229,3.067603
57.3000,1.726810,3.705419,-3.803679,0.000144,0.002339,3.067691,1.594944,3.315543,-2.951252,0.000222,0.002165,3.067698
57.3500,1.711792,3.706535,-3.803711,0.000145,0.002337,3.067576,1.576921,3.316887,-2.951287,0.000110,0.002471,3.067626
57.4000,1.696775,3.707654,-3.803743,0.000145,0.002335,3.067463,1.666474,3.361749,-2.951290,0.000045,0.002209,3.067611
57.4500,1.681758,3.708774,-3.803775,0.000145,0.002333,3.067350,1.652658,3.362782,-2.951302,0.000176,0.002207,3.067229
57.5000,1.666743,3.709896,-3.803807,0.000145,0.002331,3.067239,1.640646,3.363682,-2.951344,0.000132,0.002461,3.067366
57.5500,1.651728,3.711019,-3.803839,0.000145,0.002329,3.067129,1.622629,3.365030,-2.951345,0.000147,0.002309,3.067242
57.6000,1.636713,3.712144,-3.803870,0.000145,0.002327,3.067020,1.610618,3.365931,-2.951375,0.000023,0.002329,3.066941
57.6500,1.621700,3.713271,-3.803902,0.000145,0.002325,3.066912,1.592603,3.367286,-2.951418,0.000328,0.002381,3.066826
57.7000,1.606687,3.714399,-3.803934,0.000145,0.002323,3.066806,1.579994,3.368231,-2.951422,0.000322,0.002251,3.066698
57.7500,1.591674,3.715529,-3.803966,0.000145,0.002321,3.066700,1.562581,3.369544,-2.951447,0.000142,0.002379,3.066799
57.8000,1.576663,3.716660,-3.803998,0.000145,0.002319,3.066596,1.550572,3.370451,-2.951495,0.000183,0.002470,3.066613
57.8500,1.561652,3.717793,-3.804030,0.000145,0.002317,3.066492,1.532561,3.371811,-2.951491,-0.000094,0.002422,3.066371
57.9000,1.546641,3.718927,-3.804062,0.000146,0.002316,3.066390,1.520552,3.372720,-2.951526,0.000051,0.002347,3.066402
57.9500,1.531631,3.720063,-3.804093,0.000146,0.002314,3.066288,1.502541,3.374085,-2.951575,0.000141,0.002241,3.066426
58.0000,1.516622,3.721200,-3.804125,0.000146,0.002312,3.066188,1.490532,3.374992,-2.951567,0.000074,0.002340,3.066222
58.0500,1.501614,3.722339,-3.804157,0.000146,0.002310,3.066089,1.472521,3.376358,-2.951602,0.000058,0.002440,3.066105
58.1020,1.486606,3.723479,-3.804189,0.000146,0.002308,3.065991,1.460513,3.377269,-2.951652,0.000036,0.002262,3.066041
58.1500,1.471599,3.724621,-3.804221,0.000146,0.002306,3.065893,1.442505,3.378639,-2.951642,0.000150,0.002472,3.065799
58.2000,1.456592,3.725764,-3.804253,0.000146,0.002305,3.065797,1.430500,3.379556,-2.951680,0.000275,0.002376,3.065784
58.2520,1.441586,3.726909,-3.804285,0.000147,0.002303,3.065702,1.412492,3.380935,-2.951736,0.000222,0.002330,3.065690
58.3000,1.426581,3.728054,-3.804316,0.000147,0.002301,3.065608,1.400488,3.381847,-2.951721,0.000286,0.002258,3.065719
58.3500,1.411576,3.729202,-3.804348,0.000147,0.002299,3.065514,1.382483,3.383226,-2.951761,0.000061,0.002449,3.065455
58.4020,1.396572,3.730350,-3.804380,0.000147,0.002297,3.065422,1.390782,3.381837,-2.951813,0.000040,0.002391,3.065445
58.4500,1.381568,3.731500,-3.804412,0.000147,0.002296,3.065331,1.372709,3.383224,-2.951798,0.000154,0.002415,3.065293
58.5000,1.366565,3.732651,-3.804444,0.000148,0.002294,3.065240,1.360708,3.384146,-2.951839,0.000103,0.002345,3.065183
58.5500,1.351563,3.733804,-3.804476,0.000148,0.002292,3.065151,1.340906,3.385671,-2.951854,0.000076,0.002196,3.065109
58.6000,1.336561,3.734958,-3.804508,0.000148,0.002291,3.065062,1.330705,3.386456,-2.951880,-0.000006,0.002245,3.065191
58.6500,1.321559,3.736113,-3.804539,0.000148,0.002289,3.064974,1.312702,3.387842,-2.951927,-0.000007,0.002458,3.065006
58.7020,1.306559,3.737269,-3.804571,0.000148,0.002287,3.064888,1.297703,3.388999,-2.951940,0.000159,0.002275,3.064963
58.7500,1.291558,3.738427,-3.804603,0.000148,0.002286,3.064802,1.282702,3.390159,-2.951965,-0.000059,0.002263,3.064857
58.8020,1.276559,3.739586,-3.804635,0.000149,0.002284,3.064717,1.270700,3.391089,-2.952010,0.000129,0.002228,3.064701
58.8500,1.261559,3.740746,-3.804667,0.000149,0.002282,3.064632,1.252702,3.392480,-2.952015,0.000080,0.002360,3.064694
58.9000,1.246561,3.741907,-3.804699,0.000149,0.002281,3.064549,1.240702,3.393409,-2.952049,0.000030,0.002316,3.064448
58.9500,1.231563,3.743070,-3.804731,0.000149,0.002279,3.064467,1.222700,3.394804,-2.952103,0.000097,0.002302,3.064495
59.0000,1.216565,3.744234,-3.804762,0.000149,0.002278,3.064385,1.210703,3.395736,-2.952100,0.000128,0.002270,3.064330
59.0500,1.201568,3.745398,-3.804794,0.000149,0.002276,3.064304,1.192706,3.397136,-2.952137,0.000165,0.002286,3.064347
59.1000,1.186571,3.746565,-3.804826,0.000150,0.002275,3.064225,1.180707,3.398070,-2.952184,0.000175,0.002471,3.064291
59.1500,1.171575,3.747732,-3.804858,0.000150,0.002273,3.064145,1.162714,3.399471,-2.952185,0.000107,0.002256,3.064113
59.2020,1.156580,3.748900,-3.804890,0.000150,0.002271,3.064067,1.150717,3.400406,-2.952221,0.000092,0.001940,3.064009
59.2500,1.141585,3.750070,-3.804922,0.000150,0.002270,3.063990,1.132726,3.401811,-2.952276,0.000253,0.002188,3.064004
59.3000,1.126590,3.751240,-3.804953,0.000150,0.002269,3.063913,1.120727,3.402744,-2.952266,0.000219,0.002215,3.063956
59.3500,1.111596,3.752412,-3.804985,0.000150,0.002267,3.063837,1.102736,3.404151,-2.952307,0.000004,0.002212,3.063899
59.4000,1.096602,3.753585,-3.805017,0.000151,0.002266,3.063762,1.164056,3.364398,-2.952345,0.000016,0.002153,3.063848
59.4500,1.081609,3.754759,-3.805049,0.000151,0.002264,3.063688,1.145888,3.365905,-2.952342,0.000000,0.002244,3.063819
59.5000,1.066617,3.755934,-3.805081,0.000151,0.002263,3.063614,1.133892,3.366848,-2.952380,0.000027,0.002112,3.063607
59.5500,1.051624,3.757110,-3.805113,0.000151,0.002261,3.063541,1.115900,3.368265,-2.952444,0.000346,0.002096,3.063604
59.6000,1.036633,3.758287,-3.805145,0.000151,0.002260,3.063469,1.103906,3.369200,-2.952426,0.000111,0.002257,3.063560
59.6520,1.021641,3.759465,-3.805176,0.000152,0.002259,3.063398,1.085914,3.370613,-2.952474,0.000084,0.002375,3.063438
59.7000,1.006651,3.760644,-3.805208,0.000152,0.002257,3.063327,1.068526,3.371979,-2.952497,0.000315,0.002285,3.063343
59.7500,0.991660,3.761824,-3.805240,0.000152,0.002256,3.063257,1.055934,3.372973,-2.952518,0.000078,0.002048,3.063284
59.8000,0.976670,3.763006,-3.805272,0.000152,0.002254,3.063188,1.043944,3.373921,-2.952559,0.000079,0.002343,3.063237
59.8500,0.961681,3.764188,-3.805304,0.000152,0.002253,3.063120,1.025359,3.375386,-2.952577,0.000023,0.002262,3.063026
59.9000,0.946692,3.765371,-3.805336,0.000152,0.002252,3.063052,1.013967,3.376286,-2.952607,0.000224,0.002108,3.063118
59.9500,0.931703,3.766555,-3.805368,0.000153,0.002250,3.062985,0.995980,3.377709,-2.952660,0.000036,0.002291,3.063067
60.0000,0.916715,3.767740,-3.805399,0.000153,0.002249,3.062919,0.982192,3.378798,-2.952667,0.000146,0.002293,3.062937
60.0500,0.901727,3.768926,-3.805431,0.000153,0.002248,3.062853,0.966006,3.380079,-2.952700,0.000212,0.002238,3.062795
60.1000,0.886740,3.770113,-3.805463,0.000153,0.002247,3.062788,0.954016,3.381033,-2.952745,-0.000046,0.002351,3.062839
60.1500,0.871753,3.771301,-3.805495,0.000153,0.002245,3.062723,0.936032,3.382457,-2.952753,0.000281,0.001957,3.062850
60.2000,0.856766,3.772490,-3.805527,0.000153,0.002244,3.062660,0.924045,3.383409,-2.952785,0.000309,0.002330,3.062773
60.2500,0.841780,3.773680,-3.805559,0.000153,0.002243,3.062597,0.906065,3.384842,-2.952844,0.000139,0.002337,3.062777
60.3000,0.826795,3.774870,-3.805591,0.000154,0.002242,3.062534,0.894074,3.385790,-2.952839,0.000218,0.002305,3.062579
60.3500,0.811809,3.776062,-3.805622,0.000154,0.002241,3.062473,0.876092,3.387223,-2.952881,0.000320,0.002198,3.062345
60.4000,0.796824,3.777254,-3.805654,0.000154,0.002239,3.062412,0.843733,3.421598,-2.952933,0.000105,0.002338,3.062303
60.4500,0.781840,3.778448,-3.805686,0.000154,0.002238,3.062351,0.825781,3.422980,-2.952934,-0.000065,0.002230,3.062401
60.5000,0.766856,3.779642,-3.805718,0.000154,0.002237,3.062291,0.813794,3.423934,-2.952970,0.000184,0.002116,3.062204
60.5500,0.751872,3.780837,-3.805750,0.000154,0.002236,3.062232,0.795817,3.425367,-2.953033,0.000280,0.002229,3.062304
60.6000,0.736889,3.782033,-3.805782,0.000154,0.002235,3.062173,0.783828,3.426321,-2.953021,0.000062,0.002388,3.062306
60.6500,0.721906,3.783229,-3.805814,0.000155,0.002234,3.062115,0.765847,3.427756,-2.953069,0.000126,0.002330,3.062202
60.7000,0.706923,3.784427,-3.805845,0.000155,0.002232,3.062058,0.753860,3.428714,-2.953121,0.000211,0.002335,3.062015
60.7500,0.691941,3.785625,-3.805877,0.000155,0.002231,3.062001,0.735883,3.430152,-2.953118,0.000155,0.002185,3.062046
60.8000,0.676959,3.786824,-3.805909,0.000155,0.002230,3.061945,0.723897,3.431112,-2.953157,-0.000081,0.002040,3.062033
60.8500,0.661977,3.788024,-3.805941,0.000155,0.002229,3.061889,0.705920,3.432551,-2.953225,0.000137,0.002257,3.061799
60.9000,0.646996,3.789225,-3.805973,0.000155,0.002228,3.061834,0.693934,3.433512,-2.953205,0.000245,0.002302,3.061936
60.9520,0.632015,3.790427,-3.806005,0.000155,0.002227,3.061779,0.675956,3.434954,-2.953258,0.000177,0.002240,3.061864
61.0000,0.617035,3.791629,-3.806036,0.000156,0.002226,3.061725,0.659777,3.436254,-2.953275,-0.000000,0.002187,3.061628
61.0500,0.602055,3.792832,-3.806068,0.000156,0.002225,3.061672,0.645996,3.437362,-2.953302,0.000123,0.002260,3.061667
61.1000,0.587075,3.794036,-3.806100,0.000156,0.002224,3.061619,0.634012,3.438327,-2.953345,0.000218,0.002088,3.061618
61.1500,0.572096,3.795240,-3.806132,0.000156,0.002223,3.061567,0.616037,3.439776,-2.953359,0.000075,0.002071,3.061709
61.2000,0.557117,3.796446,-3.806164,0.000156,0.002222,3.061515,0.604055,3.440741,-2.953390,0.000044,0.002199,3.061627
61.2500,0.542138,3.797652,-3.806196,0.000156,0.002221,3.061464,0.586080,3.442186,-2.953449,0.000179,0.002000,3.061463
61.3000,0.527159,3.798859,-3.806228,0.000156,0.002220,3.061413,0.573497,3.443200,-2.953449,0.000108,0.002280,3.061518
61.3500,0.512181,3.800066,-3.806259,0.000156,0.002219,3.061363,0.556123,3.444601,-2.953488,0.000083,0.002228,3.061445
61.4020,0.497203,3.801274,-3.806291,0.000157,0.002218,3.061313,0.543159,3.453329,-2.953535,0.000288,0.002181,3.061286
61.4500,0.482226,3.802483,-3.806323,0.000157,0.002217,3.061264,0.525186,3.454775,-2.953542,0.000303,0.002179,3.061232
61.5020,0.467249,3.803693,-3.806355,0.000157,0.002216,3.061215,0.513205,3.455743,-2.953576,0.000228,0.002216,3.061214
61.5520,0.452272,3.804903,-3.806387,0.000157,0.002215,3.061167,0.495235,3.457202,-2.953638,0.000183,0.002248,3.061199
61.6000,0.437296,3.806114,-3.806419,0.000157,0.002214,3.061119,0.483252,3.458166,-2.953631,0.000281,0.002126,3.061250
61.6500,0.422319,3.807326,-3.806450,0.000157,0.002213,3.061072,0.465282,3.459623,-2.953677,0.000223,0.002294,3.061015
61.7000,0.407343,3.808538,-3.806482,0.000157,0.002212,3.061025,0.453301,3.460595,-2.953727,0.000193,0.002301,3.061096
61.7500,0.392368,3.809751,-3.806514,0.000157,0.002211,3.060979,0.435332,3.462048,-2.953730,0.000166,0.002236,3.061131
61.8000,0.377393,3.810965,-3.806546,0.000158,0.002210,3.060933,0.423350,3.463018,-2.953769,0.000206,0.002206,3.060762
61.8500,0.362418,3.812179,-3.806578,0.000158,0.002210,3.060888,0.405378,3.464476,-2.953836,0.000140,0.002229,3.060804
61.9000,0.347443,3.813394,-3.806610,0.000158,0.002209,3.060843,0.393400,3.465451,-2.953821,0.000173,0.002291,3.060774
61.9500,0.332468,3.814610,-3.806642,0.000158,0.002208,3.060799,0.375428,3.466914,-2.953875,0.000091,0.002344,3.060654
62.0020,0.317494,3.815826,-3.806673,0.000158,0.002207,3.060755,0.363444,3.467888,-2.953928,-0.000069,0.002040,3.060791
62.0500,0.302520,3.817043,-3.806705,0.000158,0.002206,3.060711,0.345479,3.469350,-2.953924,0.000067,0.002341,3.060747
62.1000,0.287547,3.818260,-3.806737,0.000158,0.002205,3.060668,0.333498,3.470325,-2.953966,0.000325,0.002267,3.060794
62.1500,0.272574,3.819479,-3.806769,0.000158,0.002204,3.060626,0.313734,3.471930,-2.953991,0.000128,0.002242,3.060657
62.2000,0.257601,3.820697,-3.806801,0.000158,0.002204,3.060584,0.303552,3.472759,-2.954016,0.000121,0.002222,3.060422
62.2520,0.242628,3.821916,-3.806833,0.000159,0.002203,3.060542,0.285582,3.474224,-2.954074,0.000150,0.002306,3.060466
62.3000,0.227655,3.823136,-3.806864,0.000159,0.002202,3.060501,0.270610,3.475445,-2.954086,0.000149,0.002218,3.060485
62.3500,0.212683,3.824357,-3.806896,0.000159,0.002201,3.060460,0.255638,3.476666,-2.954119,0.000107,0.002147,3.060424
62.4000,0.197711,3.825578,-3.806928,0.000159,0.002200,3.060419,0.209856,3.496298,-2.954169,-0.000024,0.002189,3.060486
62.4500,0.182739,3.826799,-3.806960,0.000159,0.002200,3.060379,0.191899,3.497758,-2.954181,0.000232,0.002237,3.060401
62.5000,0.167768,3.828021,-3.806992,0.000159,0.002199,3.060340,0.179921,3.498737,-2.954214,0.000060,0.002081,3.060370
62.5500,0.152797,3.829244,-3.807024,0.000159,0.002198,3.060300,0.161957,3.500205,-2.954274,0.000115,0.002391,3.060388
62.6000,0.138014,3.830452,-3.807041,0.000160,0.002308,3.060262,0.150339,3.501154,-2.953940,0.000107,0.002231,3.060315
62.6500,0.125041,3.831507,-3.807014,0.000177,0.002728,3.060219,0.134143,3.502473,-2.953626,0.000113,0.002747,3.060206
62.7000,0.115575,3.832264,-3.806914,0.000227,0.003429,3.060138,0.125766,3.503149,-2.953390,0.000216,0.003420,3.060136
62.7500,0.109860,3.832705,-3.806742,0.000309,0.004277,3.059990,0.118558,3.503561,-2.952976,0.000260,0.004208,3.059963
62.8020,0.107165,3.832898,-3.806517,0.000422,0.005161,3.059787,0.116296,3.503649,-2.952705,0.000390,0.005043,3.059828
62.8500,0.106446,3.832938,-3.806268,0.000549,0.005996,3.059575,0.115654,3.503562,-2.952130,0.000546,0.006023,3.059314
62.9000,0.106746,3.832905,-3.806033,0.000674,0.006698,3.059398,0.115335,3.503701,-2.952169,0.000472,0.006544,3.059492
62.9500,0.107370,3.832854,-3.805839,0.000786,0.007236,3.059255,0.116134,3.503673,-2.951857,0.000663,0.007215,3.059427
63.0000,0.108006,3.832801,-3.805693,0.000882,0.007610,3.059120,0.116732,3.503650,-2.951842,0.001020,0.007343,3.059180
63.0500,0.108589,3.832755,-3.805591,0.000957,0.007841,3.059009,0.117317,3.503630,-2.951594,0.000963,0.007897,3.058995
63.1000,0.109078,3.832721,-3.805525,0.001012,0.007959,3.058926,0.117702,3.503626,-2.951649,0.001270,0.007922,3.059126
63.1500,0.109470,3.832698,-3.805487,0.001046,0.007991,3.058859,0.118158,3.503637,-2.951530,0.000962,0.007954,3.058854
63.2000,0.109785,3.832683,-3.805469,0.001063,0.007954,3.058801,0.118433,3.503602,-2.951402,0.001203,0.007964,3.059002
63.2500,0.110051,3.832673,-3.805465,0.001063,0.007866,3.058750,0.118746,3.503596,-2.951211,0.001162,0.007728,3.058691
63.3020,0.110292,3.832664,-3.805471,0.001050,0.007737,3.058707,0.119016,3.503603,-2.951270,0.001063,0.007737,3.058773
63.3500,0.110526,3.832655,-3.805482,0.001025,0.007577,3.058668,0.119202,3.503607,-2.951113,0.000971,0.007625,3.058916
63.4000,0.110757,3.832647,-3.805496,0.000990,0.007395,3.058633,0.093494,3.543906,-2.951194,0.001036,0.007498,3.058743
63.4500,0.110988,3.832640,-3.805512,0.000947,0.007196,3.058602,0.093775,3.543911,-2.951035,0.000861,0.007149,3.058621
63.5020,0.111221,3.832631,-3.805529,0.000897,0.006986,3.058576,0.093948,3.543913,-2.951072,0.000878,0.006958,3.058361
63.5500,0.111456,3.832621,-3.805546,0.000843,0.006767,3.058552,0.094226,3.543914,-2.950979,0.000900,0.006835,3.058515
63.6000,0.111702,3.832602,-3.805565,0.000768,0.006530,3.058984,0.094625,3.546056,-2.951026,0.000909,0.006489,3.058726
63.6500,0.111980,3.832605,-3.805615,0.000649,0.006270,3.062289,0.095068,3.547921,-2.950993,0.000574,0.006345,3.062416
63.7000,0.112270,3.832648,-3.805681,0.000510,0.006002,3.068397,0.095405,3.549336,-2.951104,0.000684,0.006159,3.067130
63.7500,0.112548,3.832697,-3.805741,0.000378,0.005720,3.075803,0.095858,3.551020,-2.951046,0.000309,0.005590,3.075826
63.8000,0.112810,3.832738,-3.805789,0.000276,0.005450,3.084057,0.096143,3.552193,-2.951100,0.000253,0.005620,3.082443
63.8500,0.113057,3.832775,-3.805828,0.000197,0.005199,3.093214,0.096539,3.553952,-2.951109,0.000153,0.005200,3.093163
63.9000,0.113292,3.832812,-3.805860,0.000136,0.004968,3.103194,0.096739,3.554152,-2.951079,0.000168,0.004882,3.100954
63.9500,0.113517,3.832844,-3.805886,0.000095,0.004752,3.113772,0.097052,3.555061,-2.951053,0.000140,0.004711,3.113876
64.0000,0.113735,3.832870,-3.805908,0.000076,0.004552,3.124772,0.097248,3.555664,-2.951080,0.000218,0.004519,3.122507
64.0500,0.113947,3.832890,-3.805927,0.000073,0.004366,3.136108,0.097511,3.555907,-2.951028,0.000066,0.004314,3.136212
64.1000,0.114155,3.832905,-3.805942,0.000081,0.004194,-3.135465,0.097684,3.556195,-2.951040,0.000008,0.004299,-3.137892
64.1500,0.114359,3.832918,-3.805956,0.000097,0.004034,-3.123634,0.097932,3.556625,-2.951058,0.000303,0.004059,-3.123506
64.2000,0.114560,3.832930,-3.805968,0.000117,0.003886,-3.111638,0.098098,3.556505,-2.951030,0.000071,0.003779,-3.114168
64.2500,0.114759,3.832941,-3.805978,0.000140,0.003749,-3.099513,0.098341,3.556634,-2.951050,0.000107,0.003822,-3.099473
64.3000,0.114954,3.832953,-3.805988,0.000164,0.003622,-3.087287,0.098498,3.556723,-2.951078,-0.000051,0.003640,-3.089682
64.3500,0.115147,3.832965,-3.805996,0.000188,0.003504,-3.074981,0.098736,3.556775,-2.951056,0.000203,0.003349,-3.074897
64.4000,0.115338,3.832978,-3.806005,0.000211,0.003395,-3.062614,0.096766,3.552200,-2.951071,0.000220,0.003382,-3.065118
64.4500,0.115525,3.832993,-3.806012,0.000234,0.003295,-3.050199,0.096995,3.552286,-2.951129,0.000260,0.003226,-3.050076
64.5000,0.115711,3.833009,-3.806019,0.000256,0.003201,-3.037747,0.097149,3.552255,-2.951092,0.000166,0.003070,-3.040186
64.5500,0.115894,3.833026,-3.806026,0.000276,0.003115,-3.025265,0.097377,3.552289,-2.951145,0.000263,0.003116,-3.025291
64.6000,0.116074,3.833045,-3.806033,0.000295,0.003036,-3.012762,0.097574,3.552343,-2.951123,0.000290,0.002906,-3.011754
64.6520,0.116252,3.833066,-3.806040,0.000313,0.002962,-3.000241,0.097739,3.552391,-2.951156,0.000295,0.003112,-3.000211
64.7000,0.116428,3.833088,-3.806047,0.000330,0.002894,-2.987707,0.097881,3.552435,-2.951171,0.000287,0.002946,-2.990251
64.7500,0.116602,3.833112,-3.806053,0.000345,0.002832,-2.975163,0.098094,3.552480,-2.951189,0.000494,0.002708,-2.975469
64.8020,0.116773,3.833138,-3.806060,0.000360,0.002774,-2.962611,0.098235,3.552514,-2.951193,0.000176,0.002874,-2.965126
64.8500,0.116942,3.833166,-3.806066,0.000374,0.002720,-2.950054,0.098440,3.552569,-2.951257,0.000358,0.002833,-2.950179
64.9000,0.117109,3.833195,-3.806073,0.000387,0.002670,-2.937491,0.098586,3.552591,-2.951235,0.000352,0.002677,-2.939478
64.9500,0.117274,3.833226,-3.806080,0.000399,0.002624,-2.924926,0.098783,3.552634,-2.951290,0.000444,0.002620,-2.924852
65.0000,0.117437,3.833259,-3.806087,0.000410,0.002582,-2.912358,0.098917,3.552667,-2.951312,0.000235,0.002552,-2.914795
65.0500,0.117597,3.833293,-3.806093,0.000421,0.002542,-2.899789,0.099115,3.552709,-2.951336,0.000346,0.002503,-2.899890
65.1000,0.117755,3.833329,-3.806100,0.000432,0.002505,-2.887218,0.099246,3.552740,-2.951348,0.000461,0.002568,-2.889642
65.1500,0.117912,3.833366,-3.806107,0.000442,0.002471,-2.874647,0.099440,3.552791,-2.951428,0.000561,0.002493,-2.874738
65.2000,0.118066,3.833405,-3.806114,0.000452,0.002439,-2.862075,0.099566,3.552818,-2.951400,0.000614,0.002408,-2.864670
65.2500,0.118217,3.833446,-3.806121,0.000462,0.002410,-2.849503,0.099753,3.552872,-2.951467,0.000365,0.002415,-2.849637
65.3000,0.118367,3.833488,-3.806128,0.000471,0.002382,-2.836931,0.099874,3.552911,-2.951494,0.000563,0.002527,-2.839370
65.3500,0.118515,3.833532,-3.806135,0.000481,0.002357,-2.824359,0.100061,3.552959,-2.951518,0.000501,0.002206,-2.824356
65.4000,0.118660,3.833577,-3.806142,0.000490,0.002333,-2.811788,0.161312,3.574281,-2.951519,0.000534,0.002199,-2.814441
65.4500,0.118804,3.833623,-3.806148,0.000499,0.002310,-2.799217,0.161545,3.574363,-2.951609,0.000402,0.002212,-2.799158
65.5000,0.118945,3.833670,-3.806155,0.000508,0.002289,-2.786646,0.161622,3.574381,-2.951574,0.000537,0.002366,-2.789157
65.5500,0.119084,3.833719,-3.806162,0.000517,0.002270,-2.774076,0.161794,3.574442,-2.951647,0.000620,0.002424,-2.774043
65.6020,0.119221,3.833770,-3.806169,0.000525,0.002251,-2.761506,0.161904,3.574486,-2.951680,0.000494,0.002338,-2.763938
65.6500,0.119356,3.833821,-3.806176,0.000534,0.002234,-2.748937,0.162077,3.574546,-2.951698,0.000351,0.002219,-2.748984
65.7000,0.119489,3.833874,-3.806183,0.000543,0.002217,-2.736369,0.162186,3.574589,-2.951718,0.000631,0.002344,-2.738880
65.7500,0.119620,3.833927,-3.806190,0.000551,0.002202,-2.723801,0.162364,3.574659,-2.951759,0.000575,0.001969,-2.722321
65.8000,0.119749,3.833982,-3.806197,0.000560,0.002188,-2.711234,0.162455,3.574698,-2.951766,0.000525,0.002228,-2.713869
65.8500,0.119876,3.834038,-3.806204,0.000568,0.002174,-2.698668,0.162612,3.574772,-2.951841,0.000646,0.002163,-2.698760
65.9000,0.120001,3.834095,-3.806211,0.000577,0.002161,-2.686102,0.162743,3.574828,-2.951828,0.000451,0.002187,-2.686050
65.9500,0.120123,3.834153,-3.806218,0.000585,0.002149,-2.673536,0.162871,3.574886,-2.951885,0.000579,0.002202,-2.673722
66.0000,0.120244,3.834212,-3.806225,0.000594,0.002137,-2.660972,0.162971,3.574933,-2.951908,0.000752,0.002061,-2.663523
66.0500,0.120363,3.834272,-3.806231,0.000602,0.002126,-2.648408,0.163121,3.575003,-2.951940,0.000681,0.002152,-2.648319
66.1000,0.120479,3.834333,-3.806238,0.000611,0.002115,-2.635844,0.163217,3.575054,-2.951951,0.000697,0.002105,-2.638383
66.1500,0.120594,3.834395,-3.806245,0.000619,0.002105,-2.623282,0.163357,3.575134,-2.952029,0.000596,0.002027,-2.623255
66.2000,0.120707,3.834457,-3.806251,0.000627,0.002096,-2.610719,0.163453,3.575181,-2.952007,0.000753,0.002154,-2.613346
66.2500,0.120818,3.834521,-3.806258,0.000635,0.002087,-2.598158,0.163590,3.575260,-2.952067,0.000699,0.001950,-2.598043
66.3000,0.120927,3.834585,-3.806264,0.000643,0.002078,-2.585597,0.163679,3.575316,-2.952094,0.000591,0.002033,-2.588115
66.3500,0.121033,3.834650,-3.806271,0.000652,0.002069,-2.573036,0.163813,3.575392,-2.952117,0.000631,0.001984,-2.573034
66.4000,0.121138,3.834715,-3.806277,0.000660,0.002061,-2.560477,0.139592,3.594488,-2.952137,0.000635,0.001955,-2.562965
66.4500,0.121241,3.834781,-3.806284,0.000668,0.002054,-2.547918,0.139710,3.594583,-2.952216,0.000573,0.001997,-2.548019
66.5000,0.121342,3.834848,-3.806290,0.000676,0.002046,-2.535359,0.139801,3.594628,-2.952186,0.000792,0.002143,-2.537821
66.5500,0.121442,3.834916,-3.806296,0.000683,0.002039,-2.522801,0.139922,3.594713,-2.952247,0.000594,0.001894,-2.522870
66.6000,0.121539,3.834984,-3.806303,0.000691,0.002032,-2.510244,0.140001,3.594771,-2.952277,0.000776,0.001910,-2.512793
66.6500,0.121634,3.835052,-3.806309,0.000699,0.002026,-2.497687,0.140122,3.594852,-2.952289,0.000837,0.001996,-2.497798
66.7020,0.121728,3.835121,-3.806315,0.000707,0.002019,-2.485130,0.140198,3.594911,-2.952307,0.000926,0.001880,-2.487558
66.7500,0.121820,3.835191,-3.806321,0.000714,0.002013,-2.472575,0.140311,3.595001,-2.952388,0.000679,0.002071,-2.472658
66.8000,0.121910,3.835261,-3.806327,0.000722,0.002007,-2.460020,0.140388,3.595056,-2.952349,0.000765,0.002005,-2.462445
66.8500,0.121998,3.835331,-3.806333,0.000729,0.002002,-2.447465,0.140496,3.595145,-2.952411,0.000671,0.001946,-2.447614
66.9000,0.122084,3.835402,-3.806339,0.000737,0.001996,-2.434911,0.140600,3.595227,-2.952403,0.000744,0.001820,-2.432847
66.9500,0.122168,3.835473,-3.806345,0.000744,0.001991,-2.422357,0.140674,3.595290,-2.952446,0.000637,0.002149,-2.422315
67.0000,0.122251,3.835545,-3.806351,0.000751,0.001985,-2.409804,0.140743,3.595349,-2.952466,0.000723,0.001933,-2.412308
67.0500,0.122332,3.835617,-3.806356,0.000759,0.001980,-2.397252,0.140848,3.595441,-2.952492,0.000706,0.002073,-2.396664
67.1000,0.122411,3.835689,-3.806362,0.000766,0.001975,-2.384700,0.140911,3.595497,-2.952501,0.000584,0.001881,-2.387323
67.1500,0.122488,3.835761,-3.806368,0.000773,0.001970,-2.372148,0.141008,3.595587,-2.952563,0.000719,0.002074,-2.372251
67.2000,0.122564,3.835834,-3.806373,0.000780,0.001965,-2.359597,0.141083,3.595657,-2.952547,0.000733,0.002138,-2.360741
67.2500,0.122638,3.835907,-3.806379,0.000787,0.001961,-2.347047,0.141166,3.595738,-2.952591,0.000845,0.002011,-2.347056
67.3000,0.122710,3.835980,-3.806384,0.000794,0.001956,-2.334497,0.141225,3.595801,-2.952615,0.000836,0.002038,-2.336992
67.3500,0.122781,3.836053,-3.806390,0.000801,0.001952,-2.321948,0.141317,3.595889,-2.952630,0.000681,0.002074,-2.321928
67.4000,0.122850,3.836126,-3.806395,0.000807,0.001947,-2.309399,0.111007,3.662402,-2.952646,0.000755,0.001946,-2.311870
67.4500,0.122917,3.836200,-3.806400,0.000814,0.001943,-2.296850,0.111082,3.662514,-2.952710,0.000877,0.001877,-2.296787
67.5000,0.122983,3.836273,-3.806406,0.000821,0.001938,-2.284302,0.111144,3.662564,-2.952684,0.000740,0.002041,-2.286976
67.5500,0.123047,3.836347,-3.806411,0.000827,0.001934,-2.271755,0.111225,3.662654,-2.952731,0.000847,0.001902,-2.271687
67.6000,0.123110,3.836421,-3.806416,0.000834,0.001930,-2.259208,0.111280,3.662715,-2.952757,0.000823,0.001915,-2.261644
67.6500,0.123170,3.836495,-3.806421,0.000840,0.001926,-2.246661,0.111355,3.662806,-2.952762,0.000720,0.001951,-2.246686
67.7000,0.123230,3.836568,-3.806426,0.000847,0.001922,-2.234115,0.111407,3.662868,-2.952777,0.000936,0.001937,-2.236664
67.7500,0.123288,3.836642,-3.806431,0.000853,0.001918,-2.221569,0.111481,3.662963,-2.952843,0.000928,0.001912,-2.221604
67.8000,0.123344,3.836716,-3.806436,0.000860,0.001914,-2.209024,0.111529,3.663020,-2.952809,0.000874,0.001857,-2.211307
67.8500,0.123398,3.836790,-3.806441,0.000866,0.001910,-2.196479,0.111599,3.663113,-2.952857,0.001020,0.001858,-2.196303
67.9000,0.123452,3.836863,-3.806446,0.000872,0.001906,-2.183935,0.111644,3.663177,-2.952887,0.000819,0.001829,-2.186165
67.9500,0.123503,3.836937,-3.806451,0.000878,0.001903,-2.171391,0.111710,3.663266,-2.952882,0.001084,0.002003,-2.171455
68.0000,0.123554,3.837011,-3.806456,0.000884,0.001899,-2.158848,0.111752,3.663328,-2.952900,0.001009,0.001788,-2.161300
68.0500,0.123602,3.837084,-3.806461,0.000891,0.001895,-2.146305,0.111810,3.663424,-2.952967,0.000873,0.002002,-2.146094
68.1000,0.123650,3.837157,-3.806465,0.000897,0.001891,-2.133762,0.111856,3.663483,-2.952925,0.000666,0.001828,-2.136366
68.1500,0.123696,3.837230,-3.806470,0.000903,0.001888,-2.121220,0.111917,3.663576,-2.952974,0.001054,0.002085,-2.121353
68.2000,0.123740,3.837303,-3.806474,0.000908,0.001884,-2.108678,0.111968,3.663658,-2.952962,0.000816,0.001975,-2.107537
68.2500,0.123783,3.837376,-3.806479,0.000914,0.001880,-2.096137,0.112011,3.663728,-2.952993,0.000893,0.001741,-2.096266
68.3000,0.123825,3.837448,-3.806484,0.000920,0.001877,-2.083596,0.112048,3.663791,-2.953014,0.001039,0.002066,-2.086225
68.3500,0.123866,3.837521,-3.806488,0.000926,0.001873,-2.071056,0.112102,3.663880,-2.953023,0.000879,0.001900,-2.071182
68.4000,0.123905,3.837593,-3.806492,0.000932,0.001870,-2.058516,0.116044,3.693774,-2.953030,0.000892,0.001889,-2.060896
68.4500,0.123942,3.837665,-3.806497,0.000937,0.001866,-2.045976,0.116089,3.693866,-2.953082,0.001014,0.001884,-2.045868
68.5000,0.123979,3.837736,-3.806501,0.000943,0.001862,-2.033437,0.116125,3.693931,-2.953061,0.001084,0.001861,-2.035416
68.5520,0.124014,3.837808,-3.806505,0.000949,0.001859,-2.020898,0.116167,3.694017,-2.953094,0.000954,0.002066,-2.020712
68.6000,0.124048,3.837879,-3.806510,0.000954,0.001855,-2.008359,0.116193,3.694075,-2.953119,0.000972,0.001983,-2.010927
68.6500,0.124081,3.837949,-3.806514,0.000960,0.001852,-1.995821,0.116236,3.694165,-2.953119,0.001014,0.001787,-1.995720
68.7000,0.124112,3.838020,-3.806518,0.000965,0.001848,-1.983283,0.116262,3.694226,-2.953131,0.001146,0.001861,-1.985753
68.7500,0.124142,3.838090,-3.806522,0.000971,0.001845,-1.970746,0.116297,3.694318,-2.953184,0.001072,0.001737,-1.970613
68.8000,0.124171,3.838160,-3.806526,0.000976,0.001841,-1.958209,0.116326,3.694373,-2.953155,0.000932,0.001903,-1.960712
68.8500,0.124199,3.838229,-3.806530,0.000982,0.001838,-1.945672,0.116361,3.694461,-2.953191,0.000889,0.001706,-1.945661
68.9000,0.124225,3.838298,-3.806534,0.000987,0.001834,-1.933136,0.116384,3.694522,-2.953218,0.001155,0.001765,-1.935777
68.9500,0.124251,3.838367,-3.806538,0.000993,0.001831,-1.920600,0.116416,3.694606,-2.953209,0.001048,0.001764,-1.920550
69.0000,0.124275,3.838435,-3.806542,0.000998,0.001827,-1.908065,0.116436,3.694664,-2.953224,0.000822,0.001811,-1.910721
69.0500,0.124298,3.838503,-3.806546,0.001003,0.001824,-1.895529,0.116464,3.694749,-2.953280,0.000960,0.001892,-1.895728
69.1000,0.124321,3.838571,-3.806550,0.001008,0.001820,-1.882995,0.116485,3.694810,-2.953243,0.001037,0.001642,-1.885608
69.1500,0.124342,3.838638,-3.806554,0.001014,0.001817,-1.870460,0.116512,3.694896,-2.953281,0.001025,0.001813,-1.870500
69.2000,0.124362,3.838704,-3.806557,0.001019,0.001813,-1.857926,0.116529,3.694954,-2.953312,0.000964,0.001644,-1.860661
69.2520,0.124380,3.838771,-3.806561,0.001024,0.001809,-1.845392,0.116554,3.695036,-2.953294,0.001145,0.001751,-1.845286
69.3000,0.124398,3.838836,-3.806565,0.001029,0.001806,-1.832859,0.116567,3.695093,-2.953313,0.000839,0.001787,-1.835337
69.3500,0.124415,3.838902,-3.806568,0.001034,0.001802,-1.820325,0.116592,3.695187,-2.953319,0.001260,0.001837,-1.818783
69.4000,0.124431,3.838967,-3.806572,0.001039,0.001799,-1.807793,0.129051,3.795766,-2.953318,0.000997,0.001981,-1.810288
69.4500,0.124446,3.839031,-3.806576,0.001044,0.001795,-1.795260,0.129068,3.795846,-2.953359,0.000968,0.001691,-1.795192
69.5000,0.124460,3.839095,-3.806579,0.001049,0.001792,-1.782728,0.129084,3.795916,-2.953343,0.001023,0.001760,-1.782700
69.5500,0.124473,3.839158,-3.806583,0.001054,0.001788,-1.770196,0.129099,3.795984,-2.953367,0.001112,0.001921,-1.770229
69.6000,0.124485,3.839221,-3.806586,0.001059,0.001785,-1.757664,0.129108,3.796039,-2.953388,0.001029,0.001643,-1.760302
69.6500,0.124496,3.839284,-3.806590,0.001064,0.001781,-1.745133,0.129123,3.796119,-2.953386,0.000973,0.001923,-1.745131
69.7000,0.124506,3.839346,-3.806593,0.001069,0.001777,-1.732602,0.129132,3.796171,-2.953396,0.001043,0.001726,-1.735185
69.7500,0.124515,3.839407,-3.806596,0.001074,0.001774,-1.720072,0.129143,3.796249,-2.953440,0.001141,0.001829,-1.719972
69.8000,0.124523,3.839468,-3.806600,0.001078,0.001770,-1.707541,0.129153,3.796301,-2.953416,0.001048,0.001832,-1.710040
69.8500,0.124531,3.839529,-3.806603,0.001083,0.001767,-1.695011,0.129163,3.796379,-2.953443,0.001158,0.001695,-1.695141
69.9000,0.124544,3.839587,-3.806605,0.001096,0.001766,-1.682828,0.129169,3.796429,-2.953466,0.001158,0.001796,-1.685172
69.9500,0.124608,3.839629,-3.806624,0.001155,0.001765,-1.673373,0.135612,3.795745,-2.953476,0.001114,0.001766,-1.673403
70.0020,0.124718,3.839656,-3.806649,0.001230,0.001749,-1.666739,0.138884,3.795442,-2.953510,0.001127,0.001728,-1.667837
70.0520,0.124818,3.839690,-3.806660,0.001277,0.001714,-1.661444,0.143800,3.795021,-2.953578,0.001349,0.001683,-1.661365
70.1000,0.124903,3.839734,-3.806659,0.001291,0.001679,-1.657176,0.142071,3.795237,-2.953534,0.001238,0.001679,-1.657916
70.1500,0.124979,3.839784,-3.806651,0.001287,0.001649,-1.653934,0.143034,3.795224,-2.953548,0.001247,0.001798,-1.653774
70.2000,0.125044,3.839839,-3.806640,0.001272,0.001622,-1.651549,0.143668,3.795220,-2.953561,0.001238,0.001708,-1.651863
70.2500,0.125098,3.839897,-3.806628,0.001244,0.001594,-1.649784,0.144187,3.795253,-2.953533,0.001300,0.001549,-1.649699
70.3000,0.125140,3.839957,-3.806617,0.001207,0.001566,-1.648488,0.144623,3.795270,-2.953537,0.001120,0.001700,-1.648762
70.3500,0.125173,3.840018,-3.806607,0.001163,0.001539,-1.647575,0.145267,3.795294,-2.953580,0.001205,0.001316,-1.647408
70.4000,0.125198,3.840079,-3.806599,0.001115,0.001512,-1.646969,0.170799,3.812132,-2.953525,0.000971,0.001356,-1.647144
70.4500,0.125217,3.840140,-3.806593,0.001065,0.001486,-1.646602,0.170968,3.812198,-2.953559,0.001050,0.001476,-1.646578
70.5020,0.125232,3.840201,-3.806588,0.001013,0.001461,-1.646420,0.171301,3.812241,-2.953537,0.001090,0.001221,-1.646304
70.5520,0.125243,3.840263,-3.806584,0.000961,0.001436,-1.646384,0.171530,3.812275,-2.953562,0.001016,0.001505,-1.646547
70.6000,0.125250,3.840324,-3.806582,0.000909,0.001411,-1.646463,0.171745,3.812308,-2.953576,0.000845,0.001346,-1.646514
70.6500,0.125256,3.840385,-3.806580,0.000859,0.001388,-1.646630,0.171923,3.812371,-2.953586,0.000876,0.001320,-1.646638
70.7000,0.125259,3.840445,-3.806579,0.000809,0.001365,-1.646866,0.172032,3.812410,-2.953589,0.001103,0.001471,-1.646676
70.7500,0.125262,3.840506,-3.806579,0.000762,0.001343,-1.647156,0.172200,3.812469,-2.953643,0.000701,0.001228,-1.647260
70.8000,0.125263,3.840566,-3.806580,0.000716,0.001322,-1.647487,0.172216,3.812523,-2.953621,0.000794,0.001366,-1.647586
70.8500,0.125263,3.840625,-3.806581,0.000672,0.001302,-1.647849,0.172266,3.812584,-2.953662,0.000704,0.001253,-1.647930
70.9000,0.125248,3.840475,-3.806588,0.000629,0.001180,-1.648311,0.172301,3.812600,-2.953682,0.000711,0.001316,-1.648247
70.9500,0.125084,3.838399,-3.806664,0.000573,0.000783,-1.649012,0.172511,3.809936,-2.954357,0.000519,0.000721,-1.648808
71.0000,0.124627,3.832736,-3.806832,0.000489,0.000147,-1.649789,0.172413,3.805752,-2.954808,0.000536,0.000206,-1.649784
71.0500,0.123854,3.823291,-3.807069,0.000387,-0.000601,-1.650552,0.171874,3.794870,-2.955666,0.000394,-0.000640,-1.650369
71.1000,0.122827,3.810838,-3.807332,0.000279,-0.001332,-1.651315,0.170936,3.785404,-2.955569,0.000308,-0.001211,-1.651234
71.1500,0.121643,3.796471,-3.807575,0.000165,-0.001986,-1.652056,0.169510,3.768257,-2.955976,0.000047,-0.001932,-1.652108
71.2000,0.120382,3.781158,-3.807769,0.000059,-0.002528,-1.652743,0.168469,3.755802,-2.956120,0.000214,-0.002419,-1.652534
71.2500,0.119101,3.765570,-3.807906,-0.000033,-0.002942,-1.653367,0.166875,3.737437,-2.956265,-0.000045,-0.003145,-1.653402
71.3000,0.117823,3.750044,-3.807989,-0.000108,-0.003233,-1.653971,0.165795,3.725023,-2.956230,0.000023,-0.003284,-1.653910
71.3500,0.116549,3.734622,-3.808028,-0.000169,-0.003413,-1.654550,0.164171,3.706525,-2.956367,-0.000234,-0.003427,-1.654501
71.4000,0.115279,3.719309,-3.808033,-0.000217,-0.003505,-1.655090,0.164202,3.718500,-2.956371,-0.000169,-0.003524,-1.655055
71.4500,0.114009,3.704085,-3.808013,-0.000251,-0.003526,-1.655608,0.162644,3.700241,-2.956528,-0.000249,-0.003693,-1.655618
71.5000,0.112738,3.688930,-3.807975,-0.000274,-0.003491,-1.656095,0.161599,3.688133,-2.956479,-0.000331,-0.003494,-1.656040
71.5500,0.111460,3.673814,-3.807925,-0.000285,-0.003412,-1.656553,0.160061,3.669983,-2.956583,-0.000173,-0.003507,-1.656540
71.6000,0.110174,3.658712,-3.807867,-0.000288,-0.003300,-1.656990,0.159014,3.657912,-2.956526,-0.000278,-0.003385,-1.656992
71.6500,0.108880,3.643609,-3.807806,-0.000282,-0.003163,-1.657415,0.157423,3.639813,-2.956656,-0.000297,-0.003018,-1.657443
71.7000,0.107577,3.628496,-3.807743,-0.000268,-0.003006,-1.657827,0.156417,3.627702,-2.956578,-0.000137,-0.003087,-1.657681
71.7500,0.106266,3.613373,-3.807680,-0.000247,-0.002834,-1.658228,0.154833,3.609557,-2.956697,-0.000186,-0.002956,-1.658221
71.8000,0.104947,3.598242,-3.807618,-0.000221,-0.002652,-1.658619,0.153401,3.593220,-2.956593,-0.000226,-0.002687,-1.658783
71.8520,0.103621,3.583106,-3.807559,-0.000191,-0.002463,-1.659002,0.152169,3.579299,-2.956685,-0.000172,-0.002438,-1.659105
71.9000,0.102289,3.567969,-3.807501,-0.000157,-0.002269,-1.659378,0.151087,3.567194,-2.956649,-0.000181,-0.002339,-1.659273
71.9500,0.100950,3.552832,-3.807447,-0.000120,-0.002073,-1.659747,0.149477,3.549034,-2.956693,-0.000158,-0.002156,-1.659749
72.0000,0.099605,3.537698,-3.807395,-0.000082,-0.001878,-1.660110,0.148393,3.536928,-2.956655,-0.000304,-0.001959,-1.660090
72.0500,0.098254,3.522566,-3.807347,-0.000043,-0.001683,-1.660467,0.146757,3.518774,-2.956729,-0.000147,-0.001723,-1.660515
72.1000,0.096897,3.507437,-3.807302,-0.000004,-0.001492,-1.660820,0.145622,3.506063,-2.956667,0.000023,-0.001547,-1.660751
72.1520,0.095534,3.492311,-3.807260,0.000035,-0.001304,-1.661168,0.144033,3.488518,-2.956716,-0.000058,-0.001286,-1.661232
72.2000,0.094167,3.477188,-3.807222,0.000074,-0.001122,-1.661512,0.142928,3.476420,-2.956712,0.000045,-0.001127,-1.661475
72.2500,0.092793,3.462067,-3.807187,0.000111,-0.000944,-1.661852,0.141284,3.458272,-2.956712,0.000269,-0.000839,-1.661905
72.3000,0.091415,3.446949,-3.807156,0.000146,-0.000772,-1.662188,0.140173,3.446176,-2.956703,0.000200,-0.000731,-1.662259
72.3500,0.090031,3.431833,-3.807127,0.000180,-0.000606,-1.662520,0.138494,3.428035,-2.956755,0.000420,-0.000694,-1.662611
72.4000,0.088642,3.416720,-3.807102,0.000211,-0.000446,-1.662849,0.091382,3.396671,-2.956700,0.000275,-0.000452,-1.662797
72.4500,0.087248,3.401609,-3.807079,0.000240,-0.000293,-1.663175,0.089701,3.378537,-2.956718,0.000333,-0.000323,-1.663207
72.5000,0.085848,3.386500,-3.807059,0.000268,-0.000145,-1.663498,0.088572,3.366450,-2.956734,0.000300,-0.000114,-1.663404
72.5500,0.084445,3.371393,-3.807042,0.000292,-0.000004,-1.663818,0.086893,3.348319,-2.956696,0.000267,-0.000091,-1.663853
72.6000,0.083036,3.356289,-3.807028,0.000315,0.000131,-1.664134,0.085762,3.336233,-2.956702,0.000426,0.000268,-1.664036
72.6500,0.081622,3.341186,-3.807016,0.000335,0.000259,-1.664448,0.084053,3.318107,-2.956729,0.000316,0.000253,-1.664571
72.7000,0.080204,3.326086,-3.807006,0.000353,0.000382,-1.664759,0.082933,3.306027,-2.956675,0.000310,0.000503,-1.664673
72.7500,0.078781,3.310988,-3.806999,0.000368,0.000499,-1.665067,0.081218,3.287908,-2.956674,0.000490,0.000659,-1.664932
72.8000,0.077354,3.295893,-3.806994,0.000381,0.000610,-1.665372,0.080068,3.275830,-2.956703,0.000570,0.000559,-1.665466
72.8500,0.075922,3.280799,-3.806991,0.000393,0.000716,-1.665675,0.078361,3.257718,-2.956636,0.000326,0.000765,-1.665771
72.9000,0.074485,3.265708,-3.806989,0.000402,0.000817,-1.665974,0.077206,3.245643,-2.956656,0.000372,0.000833,-1.665997
72.9500,0.073044,3.250619,-3.806990,0.000410,0.000912,-1.666271,0.075301,3.225722,-2.956618,0.000268,0.000899,-1.666445
73.0000,0.071599,3.235532,-3.806992,0.000416,0.001003,-1.666566,0.074314,3.215463,-2.956629,0.000406,0.000766,-1.666532
73.0500,0.070149,3.220447,-3.806996,0.000420,0.001089,-1.666858,0.072562,3.197362,-2.956625,0.000361,0.001215,-1.666908
73.1000,0.068696,3.205364,-3.807001,0.000423,0.001170,-1.667147,0.071109,3.182277,-2.956615,0.000263,0.001041,-1.667153
73.1500,0.067237,3.190283,-3.807008,0.000424,0.001248,-1.667433,0.069646,3.167195,-2.956586,0.000297,0.001369,-1.667434
73.2000,0.065775,3.175204,-3.807017,0.000424,0.001321,-1.667717,0.068471,3.155130,-2.956618,0.000260,0.001228,-1.667733
73.2520,0.064308,3.160127,-3.807026,0.000423,0.001390,-1.667998,0.066709,3.137035,-2.956559,0.000469,0.001362,-1.668033
73.3000,0.062838,3.145052,-3.807037,0.000421,0.001455,-1.668277,0.065528,3.124975,-2.956578,0.000300,0.001420,-1.668256
73.3500,0.061363,3.129979,-3.807049,0.000418,0.001517,-1.668553,0.063749,3.106889,-2.956568,0.000313,0.001558,-1.668543
73.4000,0.059884,3.114908,-3.807062,0.000415,0.001575,-1.668827,0.071892,3.072168,-2.956551,0.000329,0.001559,-1.668803
73.4500,0.058401,3.099839,-3.807077,0.000410,0.001630,-1.669098,0.070108,3.054084,-2.956522,0.000389,0.001551,-1.669084
73.5000,0.056914,3.084771,-3.807092,0.000405,0.001682,-1.669367,0.068912,3.042028,-2.956560,0.000384,0.001795,-1.669472
73.5500,0.055423,3.069706,-3.807108,0.000399,0.001731,-1.669633,0.067127,3.023950,-2.956492,0.000436,0.001902,-1.669494
73.6000,0.053928,3.054642,-3.807125,0.000393,0.001777,-1.669896,0.065926,3.011897,-2.956520,0.000479,0.001743,-1.669763
73.6500,0.052429,3.039580,-3.807143,0.000387,0.001821,-1.670158,0.064114,2.993821,-2.956510,0.000347,0.001774,-1.670068
73.7000,0.050927,3.024520,-3.807162,0.000380,0.001862,-1.670416,0.062923,2.981772,-2.956488,0.000282,0.001899,-1.670518
73.7500,0.049420,3.009462,-3.807181,0.000373,0.001900,-1.670672,0.061110,2.963703,-2.956460,0.000439,0.001888,-1.670765
73.8000,0.047910,2.994406,-3.807202,0.000366,0.001936,-1.670926,0.059896,2.951659,-2.956503,0.000393,0.001983,-1.671010
73.8500,0.046396,2.979351,-3.807223,0.000358,0.001970,-1.671178,0.058085,2.933591,-2.956428,0.000486,0.002062,-1.671054
73.9000,0.044878,2.964298,-3.807244,0.000351,0.002002,-1.671427,0.056865,2.921547,-2.956462,0.000408,0.001971,-1.671336
73.9500,0.043357,2.949247,-3.807266,0.000343,0.002032,-1.671673,0.055026,2.903482,-2.956457,0.000411,0.002033,-1.671590
74.0000,0.041831,2.934197,-3.807289,0.000336,0.002060,-1.671917,0.053820,2.891444,-2.956430,0.000392,0.002047,-1.671865
74.0500,0.040303,2.919149,-3.807313,0.000328,0.002087,-1.672159,0.051983,2.873389,-2.956409,0.000175,0.001946,-1.672221
74.1000,0.038770,2.904103,-3.807336,0.000321,0.002111,-1.672399,0.050754,2.861354,-2.956456,0.000508,0.002182,-1.672240
74.1500,0.037235,2.889058,-3.807361,0.000313,0.002134,-1.672636,0.048920,2.843297,-2.956376,0.000246,0.002063,-1.672830
74.2000,0.035695,2.874015,-3.807386,0.000306,0.002156,-1.672871,0.047684,2.831265,-2.956413,0.000106,0.002122,-1.672968
74.2520,0.034152,2.858974,-3.807411,0.000299,0.002176,-1.673104,0.045768,2.812614,-2.956363,0.000224,0.002193,-1.672994
74.3000,0.032606,2.843934,-3.807436,0.000292,0.002195,-1.673334,0.044590,2.801184,-2.956389,0.000311,0.002213,-1.673369
74.3500,0.031056,2.828896,-3.807462,0.000285,0.002212,-1.673562,0.042720,2.783138,-2.956379,0.000102,0.002228,-1.673581
74.4000,0.029503,2.813859,-3.807489,0.000278,0.002229,-1.673788,0.001116,2.791731,-2.956382,0.000304,0.002104,-1.673984
74.4500,0.027947,2.798824,-3.807515,0.000271,0.002244,-1.674012,-0.000572,2.775493,-2.956354,0.000254,0.002212,-1.673934
74.5000,0.026387,2.783790,-3.807542,0.000265,0.002258,-1.674233,-0.001826,2.763465,-2.956396,-0.000047,0.002280,-1.674242
74.5500,0.024824,2.768758,-3.807570,0.000259,0.002271,-1.674452,-0.003701,2.745427,-2.956342,0.000186,0.002272,-1.674451
74.6000,0.023258,2.753727,-3.807597,0.000253,0.002283,-1.674669,-0.004956,2.733401,-2.956374,0.000250,0.002160,-1.674623
74.6500,0.021688,2.738698,-3.807625,0.000247,0.002294,-1.674884,-0.006847,2.715367,-2.956371,0.000210,0.002369,-1.674894
74.7000,0.020116,2.723670,-3.807653,0.000241,0.002305,-1.675097,-0.008100,2.703343,-2.956364,0.000085,0.002298,-1.675266
74.7500,0.018540,2.708644,-3.807682,0.000236,0.002314,-1.675308,-0.009994,2.685313,-2.956347,0.000241,0.002525,-1.675346
74.8000,0.016961,2.693619,-3.807710,0.000231,0.002323,-1.675516,-0.011262,2.673293,-2.956394,0.000364,0.002416,-1.675367
74.8500,0.015379,2.678596,-3.807739,0.000226,0.002331,-1.675723,-0.013156,2.655264,-2.956339,0.000301,0.002454,-1.675831
74.9000,0.013794,2.663574,-3.807768,0.000221,0.002338,-1.675927,-0.014429,2.643246,-2.956375,0.000197,0.002337,-1.675842
74.9520,0.012206,2.648553,-3.807797,0.000217,0.002345,-1.676129,-0.016348,2.625220,-2.956383,0.000362,0.002504,-1.676260
75.0000,0.010615,2.633534,-3.807827,0.000212,0.002351,-1.676330,-0.017610,2.613207,-2.956369,0.000043,0.002303,-1.676239
75.0500,0.009021,2.618516,-3.807856,0.000208,0.002357,-1.676528,-0.019522,2.595187,-2.956362,0.000243,0.002471,-1.676456
75.1000,0.007424,2.603499,-3.807886,0.000204,0.002362,-1.676725,-0.020802,2.583174,-2.956413,0.000230,0.002555,-1.676823
75.1500,0.005824,2.588484,-3.807916,0.000200,0.002366,-1.676919,-0.022721,2.565157,-2.956358,0.000385,0.002400,-1.677011
75.2000,0.004221,2.573470,-3.807946,0.000197,0.002371,-1.677111,-0.024010,2.553146,-2.956397,0.000159,0.002339,-1.676854
75.2500,0.002615,2.558457,-3.807976,0.000193,0.002374,-1.677302,-0.025951,2.535132,-2.956413,0.000200,0.002276,-1.677199
75.3000,0.001007,2.543446,-3.808006,0.000190,0.002377,-1.677490,-0.027221,2.523119,-2.956392,0.000316,0.002299,-1.677536
75.3500,-0.000604,2.528436,-3.808036,0.000187,0.002380,-1.677677,-0.029161,2.505107,-2.956395,0.000082,0.002229,-1.677885
75.4000,-0.002218,2.513427,-3.808066,0.000184,0.002383,-1.677862,-0.036575,2.430242,-2.956416,0.000233,0.002484,-1.677812
75.4500,-0.003835,2.498420,-3.808097,0.000181,0.002385,-1.678045,-0.038066,2.416435,-2.956396,0.000023,0.002257,-1.678175
75.5000,-0.005454,2.483413,-3.808128,0.000179,0.002387,-1.678226,-0.039366,2.404431,-2.956438,0.000149,0.002484,-1.677949
75.5500,-0.007076,2.468408,-3.808158,0.000176,0.002388,-1.678405,-0.041311,2.386422,-2.956405,0.000029,0.002277,-1.678341
75.6000,-0.008701,2.453405,-3.808189,0.000174,0.002389,-1.678582,-0.042613,2.374420,-2.956436,0.000187,0.002216,-1.678418
75.6500,-0.010328,2.438402,-3.808220,0.000172,0.002390,-1.678758,-0.044573,2.356419,-2.956449,0.000181,0.002469,-1.678735
75.7000,-0.011958,2.423400,-3.808251,0.000169,0.002391,-1.678932,-0.045938,2.343819,-2.956452,0.000120,0.002545,-1.679060
75.7500,-0.013590,2.408400,-3.808282,0.000167,0.002392,-1.679104,-0.047835,2.326417,-2.956450,0.000171,0.002494,-1.679041
75.8000,-0.015225,2.393401,-3.808313,0.000166,0.002392,-1.679274,-0.049146,2.314417,-2.956496,0.000182,0.002345,-1.679306
75.8500,-0.016863,2.378403,-3.808344,0.000164,0.002392,-1.679443,-0.051113,2.296421,-2.956463,0.000203,0.002214,-1.679482
75.9000,-0.018503,2.363406,-3.808375,0.000162,0.002392,-1.679610,-0.052429,2.284425,-2.956496,-0.000039,0.002470,-1.679592
75.9500,-0.020145,2.348411,-3.808406,0.000161,0.002392,-1.679775,-0.054404,2.266433,-2.956519,0.000184,0.002292,-1.679594
76.0000,-0.021790,2.333416,-3.808437,0.000159,0.002391,-1.679938,-0.055715,2.254435,-2.956511,0.000178,0.002396,-1.679840
76.0500,-0.023437,2.318423,-3.808469,0.000158,0.002391,-1.680100,-0.057694,2.236443,-2.956518,0.000270,0.002371,-1.680173
76.1000,-0.025086,2.303430,-3.808500,0.000157,0.002390,-1.680260,-0.059019,2.224449,-2.956568,0.000086,0.002333,-1.680238
76.1500,-0.026738,2.288439,-3.808531,0.000156,0.002389,-1.680419,-0.060999,2.206461,-2.956532,0.000111,0.002418,-1.680481
76.2000,-0.028392,2.273449,-3.808563,0.000154,0.002388,-1.680576,-0.062324,2.194470,-2.956569,0.000104,0.002482,-1.680444
76.2500,-0.030049,2.258460,-3.808594,0.000153,0.002387,-1.680731,-0.064315,2.176485,-2.956600,0.000161,0.002222,-1.680768
76.3000,-0.031708,2.243472,-3.808626,0.000153,0.002386,-1.680885,-0.065639,2.164491,-2.956583,0.000241,0.002300,-1.680681
76.3500,-0.033369,2.228485,-3.808657,0.000152,0.002385,-1.681037,-0.067637,2.146510,-2.956599,0.000069,0.002566,-1.681159
76.4000,-0.035032,2.213499,-3.808689,0.000151,0.002384,-1.681188,-0.031884,2.166129,-2.956647,0.000141,0.002289,-1.681094
76.4520,-0.036697,2.198514,-3.808720,0.000150,0.002382,-1.681337,-0.034009,2.148034,-2.956609,0.000100,0.002283,-1.681398
76.5000,-0.038365,2.183530,-3.808752,0.000149,0.002381,-1.681484,-0.035346,2.136050,-2.956648,0.000280,0.002237,-1.681381
76.5500,-0.040034,2.168547,-3.808783,0.000149,0.002379,-1.681630,-0.037552,2.116271,-2.956638,0.000054,0.002446,-1.681631
76.6000,-0.041706,2.153565,-3.808815,0.000148,0.002378,-1.681775,-0.038690,2.106083,-2.956664,0.000194,0.002409,-1.681571
76.6500,-0.043380,2.138584,-3.808847,0.000148,0.002376,-1.681918,-0.040701,2.088105,-2.956689,0.000380,0.002632,-1.681825
76.7000,-0.045056,2.123604,-3.808878,0.000147,0.002374,-1.682059,-0.042377,2.073127,-2.956703,0.000038,0.002472,-1.681992
76.7500,-0.046734,2.108625,-3.808910,0.000147,0.002373,-1.682200,-0.044057,2.058149,-2.956705,0.000229,0.002457,-1.682104
76.8000,-0.048414,2.093647,-3.808942,0.000147,0.002371,-1.682338,-0.045406,2.046168,-2.956750,0.000018,0.002180,-1.682416
76.8500,-0.050097,2.078670,-3.808973,0.000146,0.002369,-1.682476,-0.047426,2.028192,-2.956733,0.000162,0.002379,-1.682457
76.9000,-0.051781,2.063694,-3.809005,0.000146,0.002367,-1.682611,-0.048776,2.016212,-2.956763,0.000081,0.002394,-1.682652
76.9500,-0.053467,2.048718,-3.809037,0.000146,0.002365,-1.682746,-0.050807,1.998246,-2.956797,-0.000012,0.002562,-1.682697
77.0000,-0.055155,2.033744,-3.809069,0.000145,0.002364,-1.682879,-0.052155,1.986265,-2.956796,0.000081,0.002335,-1.682898
77.0500,-0.056845,2.018771,-3.809100,0.000145,0.002362,-1.683011,-0.054187,1.968296,-2.956816,0.000365,0.002294,-1.683009
77.1000,-0.058537,2.003798,-3.809132,0.000145,0.002360,-1.683141,-0.055546,1.956316,-2.956863,0.000189,0.002330,-1.683094
77.1500,-0.060231,1.988826,-3.809164,0.000145,0.002358,-1.683270,-0.057575,1.938352,-2.956846,0.000184,0.002429,-1.683412
77.2000,-0.061926,1.973856,-3.809196,0.000145,0.002356,-1.683398,-0.058936,1.926376,-2.956882,0.000055,0.002412,-1.683364
77.2500,-0.063624,1.958886,-3.809227,0.000145,0.002354,-1.683525,-0.060979,1.908411,-2.956924,-0.000013,0.002358,-1.683484
77.3000,-0.065323,1.943917,-3.809259,0.000144,0.002352,-1.683650,-0.062335,1.896437,-2.956915,0.000141,0.002484,-1.683802
77.3500,-0.067024,1.928949,-3.809291,0.000144,0.002350,-1.683774,-0.064381,1.878474,-2.956941,0.000149,0.002441,-1.683734
77.4000,-0.068727,1.913981,-3.809323,0.000144,0.002348,-1.683896,-0.045752,1.847313,-2.956994,0.000053,0.002343,-1.683930
77.4500,-0.070432,1.899015,-3.809354,0.000144,0.002346,-1.684017,-0.047845,1.829400,-2.956974,0.000151,0.002304,-1.683959
77.5000,-0.072138,1.884049,-3.809386,0.000144,0.002344,-1.684138,-0.049213,1.817427,-2.957011,0.000236,0.002431,-1.684157
77.5500,-0.073846,1.869085,-3.809418,0.000144,0.002342,-1.684256,-0.051271,1.799470,-2.957061,0.000140,0.002403,-1.684377
77.6000,-0.075556,1.854121,-3.809450,0.000144,0.002340,-1.684374,-0.052631,1.787499,-2.957044,0.000191,0.002403,-1.684380
77.6500,-0.077268,1.839157,-3.809482,0.000144,0.002338,-1.684490,-0.054688,1.769543,-2.957077,0.000145,0.002218,-1.684578
77.7000,-0.078981,1.824195,-3.809513,0.000144,0.002336,-1.684606,-0.056676,1.752183,-2.957097,0.000213,0.002129,-1.684549
77.7500,-0.080696,1.809233,-3.809545,0.000145,0.002334,-1.684720,-0.058118,1.739616,-2.957102,0.000090,0.002532,-1.684883
77.8000,-0.082413,1.794273,-3.809577,0.000145,0.002332,-1.684833,-0.059492,1.727649,-2.957145,0.000092,0.002336,-1.684737
77.8500,-0.084131,1.779313,-3.809609,0.000145,0.002330,-1.684944,-0.061623,1.709099,-2.957147,0.000167,0.002510,-1.685010
77.9000,-0.085851,1.764353,-3.809641,0.000145,0.002328,-1.685055,-0.062933,1.697729,-2.957178,0.000086,0.002157,-1.685122
77.9500,-0.087572,1.749395,-3.809673,0.000145,0.002326,-1.685164,-0.065002,1.679777,-2.957218,0.000107,0.002424,-1.685436
78.0000,-0.089295,1.734437,-3.809704,0.000145,0.002324,-1.685273,-0.066589,1.666016,-2.957225,0.000225,0.002370,-1.685345
78.0500,-0.091020,1.719480,-3.809736,0.000145,0.002322,-1.685380,-0.068454,1.649863,-2.957246,-0.000015,0.002427,-1.685364
78.1000,-0.092746,1.704524,-3.809768,0.000145,0.002320,-1.685486,-0.069839,1.637897,-2.957292,0.000175,0.002344,-1.685520
78.1500,-0.094473,1.689568,-3.809800,0.000145,0.002318,-1.685591,-0.071911,1.619952,-2.957289,0.000089,0.002371,-1.685745
78.2000,-0.096202,1.674614,-3.809832,0.000145,0.002316,-1.685695,-0.073296,1.607988,-2.957322,0.000097,0.002431,-1.685720
78.2500,-0.097933,1.659660,-3.809864,0.000146,0.002315,-1.685798,-0.075377,1.590042,-2.957370,0.000003,0.002523,-1.685806
78.3020,-0.099665,1.644706,-3.809895,0.000146,0.002313,-1.685900,-0.076760,1.578081,-2.957366,0.000234,0.002251,-1.685890
78.3520,-0.101399,1.629754,-3.809927,0.000146,0.002311,-1.686001,-0.078844,1.560139,-2.957396,0.000096,0.002322,-1.685927
78.4000,-0.103134,1.614802,-3.809959,0.000146,0.002309,-1.686100,-0.122994,1.568118,-2.957443,0.000058,0.002255,-1.686024
78.4500,-0.104870,1.599850,-3.809991,0.000146,0.002307,-1.686199,-0.125016,1.550145,-2.957433,0.000234,0.002295,-1.686300
78.5000,-0.106608,1.584900,-3.810023,0.000146,0.002305,-1.686297,-0.126409,1.538187,-2.957468,0.000015,0.002470,-1.686249
78.5500,-0.108347,1.569950,-3.810055,0.000147,0.002303,-1.686393,-0.128501,1.520250,-2.957524,0.000147,0.002419,-1.686367
78.6000,-0.110088,1.555000,-3.810086,0.000147,0.002302,-1.686489,-0.129890,1.508290,-2.957512,0.000030,0.002247,-1.686465
78.6500,-0.111830,1.540052,-3.810118,0.000147,0.002300,-1.686584,-0.131981,1.490353,-2.957549,0.000233,0.002161,-1.686576
78.7000,-0.113573,1.525104,-3.810150,0.000147,0.002298,-1.686678,-0.133376,1.478397,-2.957599,0.000325,0.002231,-1.686758
78.7500,-0.115318,1.510157,-3.810182,0.000147,0.002296,-1.686770,-0.135468,1.460456,-2.957586,0.000172,0.002245,-1.686652
78.8000,-0.117064,1.495210,-3.810214,0.000147,0.002295,-1.686862,-0.136865,1.448498,-2.957626,0.000363,0.002408,-1.686713
78.8500,-0.118811,1.480264,-3.810246,0.000148,0.002293,-1.686953,-0.138967,1.430561,-2.957686,0.000202,0.002282,-1.687043
78.9000,-0.120559,1.465319,-3.810277,0.000148,0.002291,-1.687043,-0.140360,1.418605,-2.957666,0.000141,0.002262,-1.687107
78.9500,-0.122309,1.450374,-3.810309,0.000148,0.002289,-1.687132,-0.142465,1.400672,-2.957709,0.000265,0.002213,-1.687145
79.0000,-0.124060,1.435430,-3.810341,0.000148,0.002288,-1.687220,-0.144356,1.384531,-2.957725,0.000056,0.002291,-1.687193
79.0500,-0.125813,1.420486,-3.810373,0.000148,0.002286,-1.687307,-0.145969,1.370783,-2.957744,0.000094,0.002301,-1.687458
79.1000,-0.127567,1.405543,-3.810405,0.000148,0.002284,-1.687394,-0.147376,1.358830,-2.957787,0.000083,0.002325,-1.687505
79.1500,-0.129321,1.390601,-3.810437,0.000149,0.002283,-1.687479,-0.149484,1.340902,-2.957796,0.000286,0.002626,-1.687616
79.2000,-0.131077,1.375659,-3.810468,0.000149,0.002281,-1.687564,-0.150892,1.328946,-2.957830,0.000102,0.002352,-1.687609
79.2500,-0.132835,1.360718,-3.810500,0.000149,0.002280,-1.687647,-0.153008,1.311013,-2.957879,0.000258,0.002058,-1.687674
79.3000,-0.134593,1.345777,-3.810532,0.000149,0.002278,-1.687730,-0.154482,1.298461,-2.957880,0.000306,0.002075,-1.687684
79.3500,-0.136353,1.330837,-3.810564,0.000149,0.002276,-1.687812,-0.156527,1.281133,-2.957911,0.000492,0.002403,-1.687868
79.4000,-0.138114,1.315898,-3.810596,0.000150,0.002275,-1.687893,-0.156104,1.367173,-2.957943,0.000041,0.002258,-1.687755
79.4500,-0.139876,1.300959,-3.810628,0.000150,0.002273,-1.687974,-0.158220,1.349170,-2.957945,0.000056,0.002223,-1.687910
79.5000,-0.141639,1.286021,-3.810660,0.000150,0.002272,-1.688053,-0.159630,1.337220,-2.957978,0.000170,0.002190,-1.687957
79.5500,-0.143403,1.271083,-3.810691,0.000150,0.002270,-1.688132,-0.161745,1.319298,-2.958034,0.000153,0.002360,-1.688117
79.6000,-0.145168,1.256146,-3.810723,0.000150,0.002269,-1.688210,-0.163158,1.307347,-2.958027,0.000272,0.002133,-1.688243
79.6500,-0.146935,1.241209,-3.810755,0.000150,0.002267,-1.688287,-0.165281,1.289424,-2.958067,0.000207,0.002127,-1.688402
79.7000,-0.148702,1.226273,-3.810787,0.000151,0.002266,-1.688363,-0.166698,1.277477,-2.958116,0.000117,0.002193,-1.688284
79.7500,-0.150471,1.211338,-3.810819,0.000151,0.002264,-1.688439,-0.168819,1.259551,-2.958111,0.000215,0.002236,-1.688617
79.8000,-0.152241,1.196402,-3.810851,0.000151,0.002263,-1.688513,-0.170238,1.247604,-2.958148,0.000216,0.002137,-1.688508
79.8500,-0.154011,1.181468,-3.810882,0.000151,0.002261,-1.688587,-0.172368,1.229685,-2.958210,0.000033,0.002262,-1.688517
79.9000,-0.155783,1.166534,-3.810914,0.000151,0.002260,-1.688660,-0.173783,1.217736,-2.958195,0.000110,0.002358,-1.688596
79.9500,-0.157556,1.151600,-3.810946,0.000151,0.002259,-1.688733,-0.175912,1.199815,-2.958242,0.000045,0.002323,-1.688726
80.0000,-0.159330,1.136667,-3.810978,0.000152,0.002257,-1.688804,-0.177332,1.187868,-2.958294,0.000254,0.002094,-1.688692
80.0500,-0.161105,1.121735,-3.811010,0.000152,0.002256,-1.688875,-0.179460,1.169949,-2.958284,0.000182,0.002367,-1.688889
80.1000,-0.162881,1.106803,-3.811042,0.000152,0.002254,-1.688946,-0.180881,1.158003,-2.958327,0.000240,0.002364,-1.689006
80.1500,-0.164657,1.091871,-3.811073,0.000152,0.002253,-1.689015,-0.183226,1.138295,-2.958348,0.000329,0.002201,-1.689125
80.2000,-0.166435,1.076940,-3.811105,0.000152,0.002252,-1.689084,-0.184436,1.128142,-2.958373,0.000027,0.002282,-1.689301
80.2500,-0.168214,1.062010,-3.811137,0.000152,0.002250,-1.689152,-0.186574,1.110226,-2.958424,0.000051,0.002349,-1.689027
80.3000,-0.169994,1.047080,-3.811169,0.000153,0.002249,-1.689219,-0.188354,1.095296,-2.958437,0.000190,0.002091,-1.689356
80.3500,-0.171775,1.032150,-3.811201,0.000153,0.002248,-1.689286,-0.190136,1.080368,-2.958465,0.000220,0.002180,-1.689364
80.4000,-0.173556,1.017221,-3.811233,0.000153,0.002246,-1.689352,-0.156455,1.025099,-2.958514,0.000160,0.002388,-1.689090
80.4500,-0.175339,1.002292,-3.811264,0.000153,0.002245,-1.689417,-0.158602,1.007198,-2.958525,0.000061,0.002385,-1.689516
80.5000,-0.177122,0.987364,-3.811296,0.000153,0.002244,-1.689482,-0.160029,0.995254,-2.958557,0.000203,0.002365,-1.689573
80.5500,-0.178907,0.972436,-3.811328,0.000153,0.002243,-1.689546,-0.162173,0.977340,-2.958615,-0.000080,0.002146,-1.689427
80.6000,-0.180692,0.957509,-3.811360,0.000154,0.002241,-1.689609,-0.163601,0.965398,-2.958612,0.000148,0.002226,-1.689463
80.6520,-0.182478,0.942582,-3.811392,0.000154,0.002240,-1.689672,-0.165745,0.947486,-2.958653,0.000369,0.002258,-1.689546
80.7000,-0.184265,0.927656,-3.811423,0.000154,0.002239,-1.689734,-0.167177,0.935544,-2.958700,0.000130,0.002197,-1.689653
80.7500,-0.186053,0.912730,-3.811455,0.000154,0.002238,-1.689796,-0.169319,0.917632,-2.958704,0.000173,0.002261,-1.689795
80.8000,-0.187842,0.897804,-3.811487,0.000154,0.002237,-1.689856,-0.170750,0.905692,-2.958739,0.000218,0.002363,-1.689818
80.8500,-0.189632,0.882879,-3.811519,0.000154,0.002235,-1.689916,-0.172900,0.887781,-2.958803,0.000321,0.002326,-1.689951
80.9000,-0.191422,0.867954,-3.811551,0.000155,0.002234,-1.689976,-0.174329,0.875843,-2.958794,0.000126,0.002311,-1.690092
80.9500,-0.193214,0.853030,-3.811583,0.000155,0.002233,-1.690035,-0.176479,0.857934,-2.958840,0.000220,0.002252,-1.690020
81.0000,-0.195006,0.838106,-3.811614,0.000155,0.002232,-1.690093,-0.177914,0.845993,-2.958891,0.000035,0.002167,-1.690190
81.0500,-0.196799,0.823182,-3.811646,0.000155,0.002231,-1.690151,-0.180066,0.828086,-2.958889,0.000159,0.002167,-1.690196
81.1000,-0.198593,0.808259,-3.811678,0.000155,0.002230,-1.690208,-0.181502,0.816148,-2.958926,0.000006,0.002294,-1.690324
81.1500,-0.200387,0.793337,-3.811710,0.000155,0.002229,-1.690265,-0.183656,0.798243,-2.958994,0.000159,0.002333,-1.690297
81.2000,-0.202183,0.778414,-3.811742,0.000155,0.002228,-1.690321,-0.185093,0.786305,-2.958978,0.000225,0.002425,-1.690447
81.2500,-0.203979,0.763492,-3.811774,0.000155,0.002227,-1.690376,-0.187249,0.768394,-2.959030,0.000087,0.002146,-1.690379
81.3000,-0.205776,0.748571,-3.811805,0.000156,0.002225,-1.690431,-0.189334,0.751086,-2.959052,0.000077,0.002133,-1.690259
81.3500,-0.207573,0.733650,-3.811837,0.000156,0.002224,-1.690485,-0.190845,0.738553,-2.959075,0.000144,0.002299,-1.690212
81.4000,-0.209372,0.718729,-3.811869,0.000156,0.002223,-1.690539,-0.115293,0.726351,-2.959115,-0.000042,0.002085,-1.690455
81.4500,-0.211171,0.703809,-3.811901,0.000156,0.002222,-1.690592,-0.117524,0.707850,-2.959132,0.000136,0.002298,-1.690717
81.5000,-0.212971,0.688889,-3.811933,0.000156,0.002221,-1.690644,-0.118893,0.696510,-2.959163,0.000237,0.002237,-1.690530
81.5500,-0.214772,0.673969,-3.811964,0.000156,0.002220,-1.690696,-0.121057,0.678602,-2.959220,0.000355,0.002305,-1.690815
81.6000,-0.216573,0.659050,-3.811996,0.000156,0.002219,-1.690748,-0.122712,0.664878,-2.959228,0.000093,0.002200,-1.690760
81.6500,-0.218375,0.644131,-3.812028,0.000157,0.002218,-1.690799,-0.124660,0.648766,-2.959262,0.000251,0.001936,-1.691160
81.7000,-0.220178,0.629213,-3.812060,0.000157,0.002217,-1.690849,-0.126106,0.636835,-2.959305,0.000219,0.002152,-1.690680
81.7500,-0.221982,0.614294,-3.812092,0.000157,0.002216,-1.690899,-0.128268,0.618931,-2.959314,0.000123,0.002336,-1.690939
81.8000,-0.223786,0.599377,-3.812124,0.000157,0.002215,-1.690949,-0.129713,0.606996,-2.959348,0.000133,0.002320,-1.690967
81.8520,-0.225591,0.584459,-3.812155,0.000157,0.002214,-1.690998,-0.131883,0.589093,-2.959409,0.000258,0.002242,-1.690910
81.9000,-0.227397,0.569542,-3.812187,0.000157,0.002213,-1.691046,-0.133325,0.577158,-2.959404,0.000100,0.002248,-1.691129
81.9500,-0.229203,0.554625,-3.812219,0.000157,0.002212,-1.691094,-0.135492,0.559258,-2.959447,0.000132,0.002101,-1.691000
82.0000,-0.231010,0.539709,-3.812251,0.000157,0.002212,-1.691142,-0.136935,0.547327,-2.959493,0.000025,0.002195,-1.691132
82.0500,-0.232818,0.524793,-3.812283,0.000158,0.002211,-1.691189,-0.139104,0.529424,-2.959496,0.000327,0.001983,-1.691265
82.1000,-0.234626,0.509877,-3.812315,0.000158,0.002210,-1.691235,-0.140552,0.517493,-2.959532,0.000134,0.002532,-1.691147
82.1500,-0.236435,0.494961,-3.812346,0.000158,0.002209,-1.691281,-0.142727,0.499596,-2.959599,0.000108,0.002198,-1.691397
82.2000,-0.238244,0.480046,-3.812378,0.000158,0.002208,-1.691327,-0.144173,0.487664,-2.959587,0.000112,0.002191,-1.691307
82.2500,-0.240054,0.465131,-3.812410,0.000158,0.002207,-1.691372,-0.146345,0.469768,-2.959635,0.000077,0.002203,-1.691379
82.3000,-0.241865,0.450217,-3.812442,0.000158,0.002206,-1.691416,-0.147794,0.457838,-2.959686,0.000012,0.002313,-1.691255
82.3500,-0.243677,0.435303,-3.812474,0.000158,0.002205,-1.691460,-0.149969,0.439941,-2.959687,0.000127,0.002148,-1.691454
82.4000,-0.245489,0.420389,-3.812505,0.000158,0.002204,-1.691504,-0.087474,0.392407,-2.959730,0.000046,0.002364,-1.691470
82.4500,-0.247301,0.405475,-3.812537,0.000158,0.002204,-1.691547,-0.089571,0.374460,-2.959802,0.000219,0.002113,-1.691675
82.5000,-0.249115,0.390562,-3.812569,0.000159,0.002203,-1.691590,-0.091091,0.362575,-2.959781,0.000263,0.002252,-1.691583
82.5500,-0.250929,0.375649,-3.812601,0.000159,0.002202,-1.691632,-0.093275,0.344681,-2.959835,0.000218,0.002158,-1.691528
82.6000,-0.252743,0.360737,-3.812633,0.000159,0.002201,-1.691674,-0.095234,0.328573,-2.959851,0.000154,0.002026,-1.691829
82.6500,-0.254558,0.345824,-3.812665,0.000159,0.002200,-1.691716,-0.096903,0.314853,-2.959881,0.000059,0.002365,-1.691683
82.7000,-0.256374,0.330912,-3.812696,0.000159,0.002200,-1.691757,-0.098356,0.302921,-2.959925,0.000179,0.002196,-1.691785
82.7500,-0.258190,0.316001,-3.812728,0.000159,0.002199,-1.691797,-0.100537,0.285028,-2.959942,-0.000082,0.002174,-1.691804
82.8000,-0.260006,0.301089,-3.812760,0.000159,0.002198,-1.691838,-0.101988,0.273098,-2.959974,0.000339,0.002104,-1.691689
82.8500,-0.261824,0.286178,-3.812792,0.000159,0.002197,-1.691877,-0.104170,0.255203,-2.960032,0.000165,0.002127,-1.691896
82.9020,-0.263620,0.271441,-3.812809,0.000160,0.002309,-1.691917,-0.105648,0.243075,-2.959664,0.000001,0.002309,-1.692078
82.9500,-0.265198,0.258463,-3.812783,0.000176,0.002735,-1.691962,-0.107542,0.227515,-2.959313,0.000182,0.002697,-1.692212
83.0000,-0.266344,0.248962,-3.812684,0.000226,0.003444,-1.692054,-0.108555,0.219151,-2.959043,0.000277,0.003073,-1.692078
83.0500,-0.267025,0.243207,-3.812513,0.000309,0.004297,-1.692220,-0.109267,0.211826,-2.958635,0.000383,0.004354,-1.692282
83.1000,-0.267333,0.240475,-3.812289,0.000422,0.005187,-1.692423,-0.109448,0.209520,-2.958360,0.000304,0.005073,-1.692260
83.1500,-0.267403,0.239718,-3.812040,0.000550,0.006028,-1.692624,-0.109386,0.208809,-2.957784,0.000458,0.006152,-1.692693
83.2000,-0.267357,0.239986,-3.811806,0.000677,0.006736,-1.692800,-0.109520,0.208512,-2.957836,0.000597,0.006760,-1.692923
83.2500,-0.267279,0.240591,-3.811612,0.000791,0.007281,-1.692945,-0.109457,0.209265,-2.957546,0.000817,0.007034,-1.693067
83.3000,-0.267199,0.241211,-3.811466,0.000887,0.007661,-1.693082,-0.109409,0.209838,-2.957545,0.000973,0.007567,-1.693106
83.3500,-0.267128,0.241783,-3.811364,0.000963,0.007897,-1.693194,-0.109372,0.210424,-2.957313,0.001053,0.007936,-1.693046
83.4000,-0.267072,0.242266,-3.811298,0.001018,0.008019,-1.693278,-0.150779,0.215941,-2.957380,0.001070,0.007908,-1.693034
83.4500,-0.267033,0.242656,-3.811259,0.001053,0.008053,-1.693345,-0.150808,0.216401,-2.957276,0.001109,0.008057,-1.693257
83.5000,-0.267005,0.242973,-3.811242,0.001069,0.008018,-1.693404,-0.150736,0.216669,-2.957157,0.001159,0.008006,-1.693370
83.5500,-0.266984,0.243242,-3.811238,0.001070,0.007931,-1.693456,-0.150721,0.216984,-2.956971,0.000987,0.007905,-1.693581
83.6020,-0.266964,0.243487,-3.811243,0.001056,0.007802,-1.693500,-0.150713,0.217169,-2.957029,0.001106,0.007948,-1.693570
83.6520,-0.266946,0.243724,-3.811254,0.001031,0.007642,-1.693540,-0.150690,0.217463,-2.956797,0.001116,0.007599,-1.693643
83.7000,-0.266928,0.243959,-3.811268,0.000996,0.007460,-1.693576,-0.150679,0.217647,-2.956840,0.001013,0.007481,-1.693582
83.7500,-0.266910,0.244193,-3.811285,0.000952,0.007260,-1.693607,-0.150671,0.217951,-2.956690,0.001031,0.007159,-1.693591
83.8000,-0.266892,0.244429,-3.811302,0.000902,0.007047,-1.693634,-0.150666,0.218109,-2.956724,0.001063,0.007119,-1.693712
83.8500,-0.266872,0.244666,-3.811319,0.000848,0.006827,-1.693658,-0.150659,0.218391,-2.956633,0.000732,0.006873,-1.693796
83.9000,-0.266838,0.244918,-3.811337,0.000772,0.006587,-1.693238,-0.153213,0.218959,-2.956695,0.000890,0.006676,-1.693402
83.9500,-0.266811,0.245214,-3.811387,0.000649,0.006325,-1.689977,-0.155247,0.219497,-2.956662,0.000620,0.006292,-1.690006
84.0000,-0.266821,0.245524,-3.811452,0.000507,0.006056,-1.683949,-0.156904,0.219941,-2.956776,0.000655,0.006097,-1.685266
84.1220,-0.266864,0.246088,-3.811557,0.000258,0.005492,-1.668410,-0.159943,0.220835,-2.956782,0.000345,0.005460,-1.669956
84.1220,-0.266864,0.246088,-3.811557,0.000258,0.005492,-1.668410,-0.159943,0.220835,-2.956782,0.000345,0.005460,-1.669956
84.1500,-0.266891,0.246341,-3.811596,0.000166,0.005235,-1.659267,-0.161838,0.221314,-2.956794,0.000025,0.005110,-1.659340
84.2020,-0.266920,0.246579,-3.811628,0.000093,0.004998,-1.649309,-0.162100,0.221533,-2.956764,0.000243,0.005156,-1.651369
84.2500,-0.266946,0.246807,-3.811655,0.000044,0.004778,-1.638759,-0.163068,0.221887,-2.956736,0.000089,0.004855,-1.638673
84.3000,-0.266965,0.247028,-3.811676,0.000018,0.004574,-1.627780,-0.163713,0.222108,-2.956760,-0.000140,0.004708,-1.630096
84.3500,-0.266978,0.247242,-3.811695,0.000011,0.004386,-1.616455,-0.164025,0.222392,-2.956710,-0.000072,0.004325,-1.616474
84.4000,-0.266986,0.247453,-3.811710,0.000017,0.004211,-1.604850,-0.135307,0.239093,-2.956712,0.000011,0.004358,-1.607166
84.4520,-0.266992,0.247660,-3.811724,0.000031,0.004050,-1.593026,-0.135762,0.239375,-2.956729,0.000243,0.003990,-1.592945
84.5000,-0.266996,0.247863,-3.811735,0.000052,0.003901,-1.581033,-0.135661,0.239531,-2.956703,0.000027,0.003768,-1.583443
84.5500,-0.267000,0.248064,-3.811746,0.000076,0.003764,-1.568910,-0.135805,0.239782,-2.956723,0.000188,0.003754,-1.568932
84.6000,-0.267003,0.248262,-3.811755,0.000101,0.003636,-1.556685,-0.135904,0.239946,-2.956748,0.000137,0.003844,-1.559309
84.6520,-0.267008,0.248458,-3.811764,0.000127,0.003518,-1.544379,-0.135950,0.240188,-2.956730,0.000157,0.003511,-1.544282
84.7000,-0.267014,0.248650,-3.811772,0.000153,0.003409,-1.532010,-0.136006,0.240347,-2.956744,0.000047,0.003425,-1.534494
84.7500,-0.267021,0.248841,-3.811779,0.000177,0.003308,-1.519593,-0.136094,0.240582,-2.956802,0.000268,0.003262,-1.519591
84.8000,-0.267030,0.249028,-3.811786,0.000201,0.003215,-1.507139,-0.136057,0.240736,-2.956766,0.000090,0.003070,-1.509688
84.8520,-0.267041,0.249214,-3.811793,0.000224,0.003129,-1.494655,-0.136087,0.240965,-2.956820,0.000240,0.003139,-1.494726
84.9000,-0.267053,0.249397,-3.811800,0.000245,0.003049,-1.482149,-0.136139,0.241181,-2.956800,0.000262,0.003019,-1.480097
84.9500,-0.267068,0.249577,-3.811807,0.000265,0.002976,-1.469626,-0.136178,0.241336,-2.956835,0.000113,0.002913,-1.469528
85.0000,-0.267084,0.249756,-3.811813,0.000284,0.002908,-1.457089,-0.136216,0.241482,-2.956849,0.000135,0.002889,-1.459525
85.0500,-0.267102,0.249932,-3.811820,0.000302,0.002845,-1.444542,-0.136256,0.241706,-2.956870,0.000406,0.002909,-1.444092
85.1000,-0.267121,0.250106,-3.811826,0.000319,0.002787,-1.431987,-0.136284,0.241842,-2.956873,0.000220,0.002683,-1.434536
85.1500,-0.267143,0.250278,-3.811833,0.000335,0.002734,-1.419426,-0.136331,0.242053,-2.956938,0.000380,0.002774,-1.419471
85.2000,-0.267166,0.250447,-3.811840,0.000350,0.002684,-1.406860,-0.136352,0.242214,-2.956918,0.000206,0.002629,-1.407914
85.2520,-0.267191,0.250615,-3.811846,0.000364,0.002638,-1.394292,-0.136386,0.242402,-2.956973,0.000364,0.002635,-1.394202
85.3000,-0.267218,0.250780,-3.811853,0.000378,0.002596,-1.381721,-0.136414,0.242540,-2.956994,0.000378,0.002628,-1.384113
85.3500,-0.267247,0.250944,-3.811860,0.000391,0.002556,-1.369148,-0.136448,0.242743,-2.957023,0.000542,0.002536,-1.369336
85.4000,-0.267278,0.251105,-3.811867,0.000404,0.002520,-1.356574,-0.154126,0.315313,-2.957014,0.000508,0.002689,-1.359088
85.4500,-0.267310,0.251264,-3.811873,0.000416,0.002485,-1.344000,-0.154179,0.315525,-2.957096,0.000395,0.002634,-1.343755
85.5000,-0.267343,0.251421,-3.811880,0.000428,0.002454,-1.331425,-0.154199,0.315648,-2.957070,0.000431,0.002304,-1.334095
85.5500,-0.267379,0.251576,-3.811887,0.000439,0.002424,-1.318850,-0.154246,0.315841,-2.957138,0.000449,0.002562,-1.318856
85.6000,-0.267416,0.251729,-3.811894,0.000451,0.002397,-1.306275,-0.154283,0.315967,-2.957165,0.000354,0.002410,-1.308721
85.6500,-0.267454,0.251879,-3.811901,0.000462,0.002371,-1.293700,-0.154324,0.316155,-2.957193,0.000384,0.002441,-1.293722
85.7000,-0.267494,0.252028,-3.811908,0.000472,0.002347,-1.281125,-0.154356,0.316276,-2.957208,0.000443,0.002263,-1.283727
85.7500,-0.267536,0.252174,-3.811915,0.000483,0.002325,-1.268551,-0.154408,0.316457,-2.957298,0.000549,0.002458,-1.268671
85.8000,-0.267579,0.252319,-3.811922,0.000493,0.002304,-1.255978,-0.154441,0.316578,-2.957266,0.000453,0.002298,-1.258516
85.8500,-0.267623,0.252461,-3.811929,0.000503,0.002284,-1.243405,-0.154497,0.316754,-2.957340,0.000466,0.002136,-1.243448
85.9000,-0.267668,0.252602,-3.811936,0.000513,0.002266,-1.230832,-0.154538,0.316869,-2.957371,0.000465,0.002180,-1.233302
85.9500,-0.267715,0.252740,-3.811943,0.000523,0.002248,-1.218260,-0.154589,0.317040,-2.957393,0.000704,0.002247,-1.218164
86.0000,-0.267764,0.252876,-3.811950,0.000533,0.002232,-1.205689,-0.154629,0.317152,-2.957412,0.000570,0.002224,-1.208298
86.0500,-0.267813,0.253010,-3.811957,0.000542,0.002217,-1.193119,-0.154693,0.317318,-2.957507,0.000502,0.002365,-1.192956
86.1000,-0.267864,0.253142,-3.811964,0.000552,0.002202,-1.180549,-0.154731,0.317430,-2.957466,0.000346,0.002179,-1.183190
86.1500,-0.267916,0.253272,-3.811971,0.000561,0.002188,-1.167979,-0.154793,0.317593,-2.957543,0.000469,0.002145,-1.167971
86.2020,-0.267969,0.253401,-3.811977,0.000571,0.002175,-1.155411,-0.154850,0.317738,-2.957532,0.000673,0.002279,-1.154325
86.2500,-0.268023,0.253527,-3.811984,0.000580,0.002163,-1.142843,-0.154901,0.317858,-2.957589,0.000351,0.002187,-1.142865
86.3000,-0.268078,0.253651,-3.811991,0.000589,0.002152,-1.130275,-0.154945,0.317960,-2.957611,0.000610,0.002204,-1.132913
86.3500,-0.268134,0.253773,-3.811998,0.000598,0.002140,-1.117708,-0.155014,0.318116,-2.957647,0.000558,0.002302,-1.117648
86.4000,-0.268191,0.253893,-3.812004,0.000607,0.002130,-1.105142,-0.255959,0.361026,-2.957649,0.000676,0.002121,-1.107774
86.4500,-0.268249,0.254011,-3.812011,0.000616,0.002120,-1.092577,-0.256038,0.361174,-2.957727,0.000620,0.002230,-1.092636
86.5000,-0.268308,0.254127,-3.812018,0.000625,0.002110,-1.080012,-0.256087,0.361279,-2.957708,0.000486,0.002112,-1.081978
86.5500,-0.268368,0.254242,-3.812024,0.000634,0.002101,-1.067448,-0.256160,0.361417,-2.957768,0.000551,0.001997,-1.067392
86.6000,-0.268429,0.254354,-3.812031,0.000642,0.002092,-1.054885,-0.256214,0.361510,-2.957793,0.000526,0.002194,-1.057462
86.6500,-0.268490,0.254464,-3.812037,0.000651,0.002084,-1.042322,-0.256287,0.361648,-2.957820,0.000636,0.001988,-1.042332
86.7000,-0.268552,0.254572,-3.812044,0.000659,0.002076,-1.029760,-0.256340,0.361739,-2.957834,0.000946,0.002169,-1.032308
86.7500,-0.268615,0.254679,-3.812050,0.000668,0.002068,-1.017198,-0.256425,0.361871,-2.957913,0.000524,0.001968,-1.017216
86.8000,-0.268679,0.254784,-3.812057,0.000676,0.002061,-1.004637,-0.256471,0.361957,-2.957885,0.000687,0.002017,-1.007103
86.8500,-0.268744,0.254886,-3.812063,0.000684,0.002054,-0.992076,-0.256553,0.362085,-2.957946,0.000731,0.002250,-0.992030
86.9000,-0.268809,0.254987,-3.812069,0.000692,0.002047,-0.979517,-0.256610,0.362167,-2.957975,0.000736,0.002086,-0.982168
86.9500,-0.268874,0.255086,-3.812075,0.000700,0.002041,-0.966957,-0.256686,0.362294,-2.957991,0.000613,0.002073,-0.967165
87.0000,-0.268941,0.255183,-3.812081,0.000708,0.002034,-0.954399,-0.256742,0.362376,-2.958008,0.000789,0.001953,-0.956880
87.0500,-0.269007,0.255278,-3.812087,0.000716,0.002028,-0.941841,-0.256830,0.362495,-2.958088,0.000683,0.002059,-0.941807
87.1000,-0.269075,0.255372,-3.812093,0.000724,0.002022,-0.929283,-0.256882,0.362573,-2.958052,0.000702,0.002063,-0.931792
87.1500,-0.269143,0.255463,-3.812099,0.000732,0.002016,-0.916726,-0.256967,0.362688,-2.958115,0.000774,0.001959,-0.916855
87.2000,-0.269211,0.255553,-3.812105,0.000739,0.002011,-0.904170,-0.257025,0.362763,-2.958146,0.000699,0.002178,-0.906539
87.2500,-0.269280,0.255641,-3.812111,0.000747,0.002005,-0.891614,-0.257109,0.362873,-2.958152,0.000620,0.001998,-0.891722
87.3000,-0.269349,0.255727,-3.812117,0.000754,0.002000,-0.879059,-0.257166,0.362944,-2.958172,0.000614,0.001857,-0.881531
87.3500,-0.269418,0.255811,-3.812123,0.000762,0.001995,-0.866504,-0.257259,0.363062,-2.958201,0.000726,0.001993,-0.865185
87.4000,-0.269488,0.255894,-3.812128,0.000769,0.001990,-0.853950,-0.319911,0.331768,-2.958215,0.000879,0.002073,-0.856354
87.4500,-0.269558,0.255975,-3.812134,0.000776,0.001985,-0.841397,-0.319999,0.331870,-2.958277,0.000848,0.002108,-0.841457
87.5000,-0.269629,0.256054,-3.812140,0.000783,0.001980,-0.828844,-0.320071,0.331955,-2.958263,0.000647,0.001935,-0.828896
87.5500,-0.269700,0.256131,-3.812145,0.000791,0.001975,-0.816291,-0.320147,0.332037,-2.958307,0.000794,0.002108,-0.816395
87.6000,-0.269771,0.256207,-3.812151,0.000798,0.001971,-0.803739,-0.320208,0.332100,-2.958329,0.000711,0.002049,-0.806044
87.6500,-0.269842,0.256281,-3.812156,0.000805,0.001966,-0.791187,-0.320292,0.332194,-2.958347,0.000729,0.001887,-0.791061
87.7000,-0.269914,0.256354,-3.812162,0.000811,0.001962,-0.778636,-0.320351,0.332256,-2.958358,0.000816,0.001970,-0.781170
87.7500,-0.269986,0.256424,-3.812167,0.000818,0.001958,-0.766086,-0.320441,0.332347,-2.958422,0.000796,0.001831,-0.766118
87.8000,-0.270057,0.256493,-3.812172,0.000825,0.001953,-0.753536,-0.320499,0.332403,-2.958399,0.000840,0.002077,-0.756088
87.8500,-0.270129,0.256561,-3.812177,0.000832,0.001949,-0.740987,-0.320588,0.332487,-2.958444,0.000799,0.002115,-0.740929
87.9000,-0.270202,0.256627,-3.812183,0.000838,0.001945,-0.728438,-0.320648,0.332541,-2.958470,0.000888,0.002056,-0.731020
87.9500,-0.270274,0.256691,-3.812188,0.000845,0.001941,-0.715889,-0.320738,0.332625,-2.958479,0.000889,0.001856,-0.715787
88.0000,-0.270346,0.256753,-3.812193,0.000851,0.001937,-0.703341,-0.320798,0.332678,-2.958493,0.000960,0.002035,-0.705772
88.0500,-0.270419,0.256814,-3.812198,0.000858,0.001933,-0.690793,-0.320889,0.332754,-2.958558,0.000847,0.001800,-0.690692
88.1020,-0.270491,0.256874,-3.812203,0.000864,0.001929,-0.678246,-0.320949,0.332805,-2.958526,0.000694,0.001878,-0.680775
88.1500,-0.270563,0.256932,-3.812208,0.000871,0.001925,-0.665700,-0.321037,0.332880,-2.958573,0.000932,0.001722,-0.665735
88.2000,-0.270636,0.256988,-3.812213,0.000877,0.001921,-0.653154,-0.321097,0.332928,-2.958602,0.001074,0.001988,-0.655746
88.2500,-0.270708,0.257043,-3.812218,0.000883,0.001917,-0.640608,-0.321186,0.333000,-2.958600,0.001042,0.001988,-0.640580
88.3000,-0.270781,0.257097,-3.812222,0.000889,0.001914,-0.628063,-0.321247,0.333043,-2.958617,0.000847,0.001929,-0.630707
88.3500,-0.270853,0.257149,-3.812227,0.000896,0.001910,-0.615518,-0.321339,0.333104,-2.958684,0.000918,0.001859,-0.615484
88.4000,-0.270925,0.257199,-3.812232,0.000902,0.001906,-0.602974,-0.348613,0.430723,-2.958626,0.000989,0.001949,-0.605223
88.4500,-0.270997,0.257249,-3.812236,0.000908,0.001903,-0.590430,-0.348705,0.430785,-2.958676,0.001061,0.001746,-0.590307
88.5000,-0.271069,0.257296,-3.812241,0.000914,0.001899,-0.577886,-0.348791,0.430845,-2.958666,0.000956,0.001876,-0.575847
88.5500,-0.271141,0.257342,-3.812246,0.000920,0.001895,-0.565343,-0.348854,0.430886,-2.958697,0.000886,0.001944,-0.565367
88.6020,-0.271213,0.257387,-3.812250,0.000925,0.001892,-0.552801,-0.348913,0.430924,-2.958717,0.001018,0.001856,-0.555278
88.6500,-0.271284,0.257431,-3.812255,0.000931,0.001888,-0.540258,-0.349005,0.430981,-2.958730,0.000897,0.002096,-0.539722
88.7000,-0.271356,0.257473,-3.812259,0.000937,0.001884,-0.527717,-0.349061,0.431015,-2.958738,0.000940,0.002044,-0.530101
88.7500,-0.271427,0.257514,-3.812263,0.000943,0.001881,-0.515175,-0.349149,0.431066,-2.958789,0.000905,0.001937,-0.515179
88.8000,-0.271498,0.257553,-3.812268,0.000949,0.001877,-0.502634,-0.349217,0.431107,-2.958771,0.000875,0.001804,-0.503635
88.8500,-0.271568,0.257591,-3.812272,0.000954,0.001874,-0.490094,-0.349297,0.431151,-2.958804,0.000910,0.001957,-0.490083
88.9000,-0.271639,0.257628,-3.812276,0.000960,0.001870,-0.477554,-0.349356,0.431183,-2.958827,0.001037,0.001930,-0.479936
88.9520,-0.271709,0.257664,-3.812280,0.000966,0.001867,-0.465014,-0.349445,0.431229,-2.958830,0.001062,0.001818,-0.464921
89.0000,-0.271779,0.257698,-3.812285,0.000971,0.001863,-0.452475,-0.349505,0.431259,-2.958841,0.001034,0.001988,-0.455233
89.0500,-0.271849,0.257731,-3.812289,0.000977,0.001860,-0.439936,-0.349595,0.431299,-2.958894,0.000953,0.001981,-0.440020
89.1000,-0.271918,0.257763,-3.812293,0.000982,0.001856,-0.427397,-0.349652,0.431328,-2.958867,0.000958,0.002138,-0.429916
89.1500,-0.271987,0.257794,-3.812297,0.000988,0.001853,-0.414859,-0.349736,0.431367,-2.958903,0.000988,0.001857,-0.414835
89.2000,-0.272056,0.257823,-3.812301,0.000993,0.001849,-0.402321,-0.349791,0.431392,-2.958929,0.000926,0.001980,-0.404753
89.2500,-0.272124,0.257851,-3.812305,0.000998,0.001845,-0.389784,-0.349879,0.431430,-2.958924,0.000935,0.001601,-0.389599
89.3000,-0.272192,0.257879,-3.812309,0.001004,0.001842,-0.377247,-0.349939,0.431455,-2.958938,0.000927,0.001728,-0.379654
89.3500,-0.272260,0.257905,-3.812313,0.001009,0.001838,-0.364710,-0.350032,0.431491,-2.958993,0.000769,0.001814,-0.364695
89.4000,-0.272327,0.257929,-3.812316,0.001014,0.001835,-0.352174,-0.409718,0.399265,-2.958961,0.000970,0.001742,-0.354906
89.4500,-0.272394,0.257953,-3.812320,0.001020,0.001831,-0.339638,-0.409806,0.399295,-2.958999,0.001055,0.001878,-0.339668
89.5000,-0.272461,0.257976,-3.812324,0.001025,0.001828,-0.327102,-0.409865,0.399313,-2.959028,0.001008,0.001582,-0.329535
89.5500,-0.272527,0.257997,-3.812328,0.001030,0.001824,-0.314567,-0.409945,0.399342,-2.959014,0.001021,0.001762,-0.314685
89.6000,-0.272593,0.258018,-3.812331,0.001035,0.001821,-0.302032,-0.410002,0.399360,-2.959031,0.001057,0.001756,-0.304522
89.6500,-0.272658,0.258037,-3.812335,0.001040,0.001817,-0.289498,-0.410086,0.399385,-2.959089,0.001009,0.001627,-0.289463
89.7020,-0.272723,0.258056,-3.812339,0.001045,0.001814,-0.276963,-0.410138,0.399401,-2.959046,0.001047,0.001770,-0.279462
89.7500,-0.272788,0.258073,-3.812342,0.001051,0.001810,-0.264429,-0.410221,0.399424,-2.959086,0.001080,0.001773,-0.264547
89.8000,-0.272852,0.258089,-3.812346,0.001056,0.001806,-0.251896,-0.410294,0.399443,-2.959073,0.000997,0.001799,-0.251025
89.8500,-0.272915,0.258105,-3.812349,0.001061,0.001803,-0.239363,-0.410357,0.399458,-2.959095,0.000889,0.001575,-0.239320
89.9000,-0.272978,0.258119,-3.812353,0.001066,0.001799,-0.226830,-0.410411,0.399470,-2.959116,0.001015,0.001705,-0.229201
89.9500,-0.273041,0.258133,-3.812356,0.001070,0.001796,-0.214297,-0.410491,0.399489,-2.959116,0.001024,0.001542,-0.214230
90.0000,-0.273103,0.258145,-3.812360,0.001075,0.001792,-0.201765,-0.410545,0.399500,-2.959125,0.001058,0.001802,-0.204278
90.0500,-0.273165,0.258157,-3.812363,0.001080,0.001788,-0.189233,-0.410628,0.399517,-2.959168,0.001093,0.001803,-0.189441
90.1020,-0.273226,0.258167,-3.812366,0.001085,0.001785,-0.176702,-0.410682,0.399529,-2.959147,0.001155,0.001779,-0.178644
90.1500,-0.273287,0.258177,-3.812370,0.001090,0.001781,-0.164170,-0.410759,0.399541,-2.959173,0.001275,0.001854,-0.164267
90.2000,-0.273346,0.258192,-3.812371,0.001103,0.001781,-0.151986,-0.410813,0.399547,-2.959195,0.000981,0.001607,-0.154515
90.2500,-0.273390,0.258263,-3.812391,0.001165,0.001781,-0.142483,-0.409859,0.406085,-2.959204,0.001025,0.001884,-0.142261
90.3000,-0.273423,0.258383,-3.812415,0.001248,0.001768,-0.135777,-0.409402,0.409575,-2.959235,0.001314,0.001833,-0.136925
90.3500,-0.273460,0.258496,-3.812426,0.001303,0.001733,-0.130470,-0.408750,0.414824,-2.959298,0.001432,0.001810,-0.130818
90.4000,-0.273504,0.258590,-3.812425,0.001321,0.001696,-0.126209,-0.439901,0.376029,-2.959263,0.001235,0.001589,-0.126805
90.4500,-0.273552,0.258670,-3.812418,0.001317,0.001664,-0.122968,-0.439832,0.377141,-2.959277,0.001215,0.001759,-0.123046
90.5020,-0.273603,0.258738,-3.812407,0.001300,0.001635,-0.120578,-0.439789,0.377873,-2.959290,0.001410,0.001695,-0.120967
90.5500,-0.273657,0.258793,-3.812396,0.001271,0.001607,-0.118808,-0.439795,0.378446,-2.959263,0.001236,0.001565,-0.118798
90.6000,-0.273714,0.258836,-3.812385,0.001232,0.001579,-0.117511,-0.439787,0.378929,-2.959266,0.001180,0.001651,-0.117714
90.6500,-0.273773,0.258870,-3.812375,0.001186,0.001552,-0.116597,-0.439780,0.379643,-2.959308,0.001431,0.001649,-0.116532
90.7000,-0.273833,0.258897,-3.812367,0.001137,0.001525,-0.115990,-0.439856,0.379422,-2.959261,0.001031,0.001495,-0.116124
90.7500,-0.273893,0.258918,-3.812361,0.001086,0.001498,-0.115624,-0.439907,0.379628,-2.959293,0.001067,0.001619,-0.115730
90.8000,-0.273954,0.258934,-3.812356,0.001033,0.001472,-0.115442,-0.439940,0.379760,-2.959316,0.001050,0.001444,-0.115427
90.8500,-0.274015,0.258947,-3.812352,0.000980,0.001447,-0.115406,-0.440008,0.379835,-2.959299,0.001092,0.001349,-0.115356
90.9000,-0.274077,0.258957,-3.812349,0.000927,0.001423,-0.115485,-0.440050,0.379914,-2.959312,0.001071,0.001353,-0.115524
90.9500,-0.274138,0.258965,-3.812348,0.000875,0.001399,-0.115653,-0.440110,0.380116,-2.959324,0.000740,0.001562,-0.115689
91.0000,-0.274199,0.258970,-3.812347,0.000825,0.001376,-0.115889,-0.440139,0.380220,-2.959326,0.000838,0.001207,-0.115744
91.0500,-0.274259,0.258975,-3.812347,0.000776,0.001354,-0.116180,-0.440192,0.380402,-2.959379,0.000868,0.001427,-0.116210
91.1000,-0.274320,0.258978,-3.812348,0.000729,0.001332,-0.116511,-0.440250,0.380431,-2.959359,0.000820,0.001405,-0.116423
91.1500,-0.274379,0.258980,-3.812349,0.000684,0.001312,-0.116874,-0.440305,0.380484,-2.959398,0.000653,0.001344,-0.116885
91.2000,-0.274439,0.258982,-3.812350,0.000641,0.001292,-0.117260,-0.440348,0.380526,-2.959417,0.000574,0.001394,-0.117195
91.2500,-0.274498,0.258983,-3.812352,0.000601,0.001273,-0.117665,-0.440417,0.380552,-2.959434,0.000639,0.001469,-0.117710
91.3000,-0.274556,0.258984,-3.812354,0.000562,0.001254,-0.118082,-0.440459,0.380573,-2.959442,0.000489,0.001281,-0.117867
91.3520,-0.274614,0.258984,-3.812357,0.000526,0.001237,-0.118508,-0.440520,0.380604,-2.959508,0.000569,0.001345,-0.118493
91.4000,-0.274671,0.258985,-3.812359,0.000492,0.001220,-0.118940,-0.369254,0.458230,-2.959479,0.000517,0.001303,-0.118798
91.4500,-0.274728,0.258984,-3.812362,0.000460,0.001203,-0.119376,-0.369320,0.458238,-2.959531,0.000384,0.000984,-0.119448
91.5000,-0.274784,0.258984,-3.812365,0.000430,0.001187,-0.119815,-0.369365,0.458243,-2.959554,0.000453,0.001192,-0.119647
91.5500,-0.274840,0.258983,-3.812367,0.000401,0.001172,-0.120254,-0.369433,0.458242,-2.959570,0.000220,0.001108,-0.120331
91.6000,-0.274895,0.258983,-3.812370,0.000374,0.001158,-0.120693,-0.369477,0.458242,-2.959582,0.000327,0.001096,-0.120372
91.6500,-0.274950,0.258982,-3.812373,0.000349,0.001144,-0.121130,-0.369544,0.458244,-2.959657,0.000389,0.001139,-0.120952
91.7000,-0.275004,0.258981,-3.812376,0.000325,0.001131,-0.121566,-0.369587,0.458240,-2.959624,0.000180,0.001062,-0.121614
91.7500,-0.275058,0.258979,-3.812379,0.000303,0.001118,-0.121999,-0.369652,0.458240,-2.959683,0.000153,0.000904,-0.121846
91.8000,-0.275111,0.258978,-3.812382,0.000282,0.001106,-0.122430,-0.369697,0.458241,-2.959710,0.000311,0.000907,-0.122204
91.8500,-0.275163,0.258977,-3.812385,0.000263,0.001094,-0.122857,-0.369757,0.458231,-2.959722,0.000147,0.001265,-0.122904
91.9000,-0.275215,0.258976,-3.812388,0.000246,0.001082,-0.123281,-0.369796,0.458229,-2.959737,0.000173,0.001194,-0.123279
91.9500,-0.275266,0.258975,-3.812391,0.000230,0.001071,-0.123701,-0.369853,0.458226,-2.959818,0.000124,0.000866,-0.123604
92.0000,-0.275317,0.258973,-3.812394,0.000215,0.001061,-0.124117,-0.369896,0.458223,-2.959777,0.000291,0.001086,-0.124053
92.0500,-0.275367,0.258972,-3.812397,0.000201,0.001050,-0.124530,-0.369956,0.458218,-2.959842,0.000338,0.001077,-0.124393
92.1000,-0.275417,0.258971,-3.812400,0.000189,0.001041,-0.124939,-0.370013,0.458209,-2.959830,0.000157,0.000793,-0.125055
92.1500,-0.275467,0.258970,-3.812403,0.000178,0.001031,-0.125344,-0.370055,0.458204,-2.959876,0.000049,0.000947,-0.125278
92.2000,-0.275515,0.258969,-3.812406,0.000168,0.001022,-0.125745,-0.370096,0.458202,-2.959895,0.000248,0.001150,-0.125725
92.2500,-0.275564,0.258967,-3.812409,0.000159,0.001013,-0.126142,-0.370158,0.458192,-2.959923,0.000050,0.000805,-0.126079
92.3000,-0.275611,0.258966,-3.812412,0.000151,0.001005,-0.126535,-0.370196,0.458187,-2.959930,0.000219,0.001010,-0.126438
92.3500,-0.275659,0.258965,-3.812415,0.000145,0.000997,-0.126924,-0.370257,0.458181,-2.959997,0.000136,0.000980,-0.126878
92.4000,-0.275706,0.258964,-3.812418,0.000139,0.000989,-0.127309,-0.340752,0.492728,-2.959976,0.000190,0.000999,-0.127283
92.4500,-0.275752,0.258963,-3.812421,0.000134,0.000982,-0.127691,-0.340803,0.492722,-2.960026,0.000103,0.001022,-0.127798
92.5000,-0.275798,0.258961,-3.812424,0.000129,0.000975,-0.128068,-0.340838,0.492717,-2.960048,0.000073,0.000993,-0.127982
92.5500,-0.275843,0.258960,-3.812427,0.000126,0.000968,-0.128442,-0.340895,0.492711,-2.960067,-0.000005,0.000962,-0.128467
92.6000,-0.275888,0.258959,-3.812430,0.000122,0.000962,-0.128812,-0.340932,0.492707,-2.960077,0.000121,0.000955,-0.128769
92.6500,-0.275933,0.258958,-3.812432,0.000120,0.000956,-0.129178,-0.340985,0.492701,-2.960147,0.000195,0.000738,-0.129174
92.7000,-0.275977,0.258957,-3.812435,0.000118,0.000950,-0.129540,-0.341019,0.492699,-2.960119,0.000127,0.000823,-0.129372
92.7500,-0.276020,0.258955,-3.812438,0.000116,0.000944,-0.129899,-0.341074,0.492692,-2.960171,0.000218,0.000923,-0.129984
92.8000,-0.276063,0.258954,-3.812441,0.000115,0.000938,-0.130254,-0.341110,0.492684,-2.960196,0.000156,0.001154,-0.130320
92.8500,-0.276106,0.258953,-3.812443,0.000114,0.000933,-0.130606,-0.341163,0.492680,-2.960207,0.000253,0.001002,-0.130494
92.9000,-0.276148,0.258952,-3.812446,0.000113,0.000928,-0.130953,-0.341197,0.492676,-2.960220,0.000286,0.000905,-0.130649
92.9500,-0.276190,0.258950,-3.812449,0.000113,0.000923,-0.131298,-0.341249,0.492670,-2.960291,-0.000038,0.001085,-0.131302
93.0000,-0.276231,0.258949,-3.812451,0.000112,0.000919,-0.131638,-0.341283,0.492667,-2.960256,0.000301,0.000734,-0.131509
93.0500,-0.276272,0.258948,-3.812454,0.000112,0.000914,-0.131975,-0.341335,0.492662,-2.960309,0.000159,0.001154,-0.131742
93.1000,-0.276313,0.258947,-3.812456,0.000113,0.000910,-0.132309,-0.341367,0.492660,-2.960338,0.000119,0.000815,-0.132156
93.1500,-0.276353,0.258946,-3.812459,0.000113,0.000906,-0.132640,-0.341416,0.492654,-2.960339,0.000039,0.000840,-0.132792
93.2000,-0.276392,0.258945,-3.812462,0.000113,0.000902,-0.132966,-0.341449,0.492652,-2.960355,0.000022,0.000885,-0.132907
93.2500,-0.276432,0.258943,-3.812464,0.000114,0.000899,-0.133290,-0.341499,0.492651,-2.960428,0.000018,0.000883,-0.133342
93.3000,-0.276471,0.258942,-3.812467,0.000114,0.000895,-0.133610,-0.341528,0.492646,-2.960384,0.000142,0.000928,-0.133594
93.3500,-0.276509,0.258941,-3.812469,0.000115,0.000892,-0.133927,-0.341573,0.492642,-2.960440,-0.000074,0.000786,-0.133944
93.4000,-0.276547,0.258940,-3.812472,0.000116,0.000888,-0.134241,-0.334316,0.494110,-2.960425,-0.000030,0.000745,-0.134201
93.4500,-0.276585,0.258939,-3.812474,0.000117,0.000885,-0.134551,-0.334349,0.494103,-2.960463,0.000008,0.000615,-0.134352
93.5000,-0.276622,0.258938,-3.812476,0.000118,0.000883,-0.134859,-0.334379,0.494097,-2.960482,0.000178,0.000799,-0.134964
93.5500,-0.276659,0.258937,-3.812479,0.000118,0.000880,-0.135163,-0.334424,0.494089,-2.960497,0.000081,0.000779,-0.135231
93.6020,-0.276696,0.258936,-3.812481,0.000119,0.000877,-0.135464,-0.334454,0.494085,-2.960504,0.000136,0.000862,-0.135368
93.6520,-0.276732,0.258935,-3.812483,0.000120,0.000875,-0.135761,-0.334497,0.494080,-2.960561,0.000147,0.000966,-0.135619
93.7000,-0.276768,0.258934,-3.812486,0.000121,0.000872,-0.136056,-0.334529,0.494077,-2.960538,0.000478,0.000907,-0.135969
93.7500,-0.276803,0.258933,-3.812488,0.000122,0.000870,-0.136348,-0.334570,0.494069,-2.960577,0.000108,0.000946,-0.136327
93.8000,-0.276838,0.258933,-3.812490,0.000123,0.000868,-0.136637,-0.334597,0.494063,-2.960600,0.000195,0.000991,-0.136669
93.8500,-0.276873,0.258932,-3.812493,0.000124,0.000866,-0.136923,-0.334641,0.494061,-2.960605,0.000137,0.000903,-0.137018
93.9020,-0.276907,0.258931,-3.812495,0.000125,0.000864,-0.137206,-0.334669,0.494057,-2.960616,0.000079,0.000823,-0.137358
93.9500,-0.276941,0.258930,-3.812497,0.000126,0.000862,-0.137486,-0.334710,0.494052,-2.960674,0.000073,0.000829,-0.137343
94.0000,-0.276975,0.258929,-3.812499,0.000127,0.000860,-0.137763,-0.334737,0.494049,-2.960643,0.000138,0.000941,-0.137638
94.0500,-0.277008,0.258928,-3.812501,0.000127,0.000859,-0.138037,-0.334776,0.494046,-2.960684,0.000268,0.000952,-0.137990
94.1000,-0.277041,0.258928,-3.812503,0.000128,0.000857,-0.138308,-0.334800,0.494043,-2.960710,0.000114,0.000951,-0.138055
94.1500,-0.277074,0.258927,-3.812506,0.000129,0.000856,-0.138577,-0.334842,0.494039,-2.960705,0.000143,0.000759,-0.138707
94.2000,-0.277106,0.258926,-3.812508,0.000130,0.000854,-0.138843,-0.334868,0.494036,-2.960719,0.000112,0.000840,-0.138960
94.2500,-0.277138,0.258925,-3.812510,0.000131,0.000853,-0.139106,-0.334907,0.494032,-2.960779,0.000202,0.000853,-0.139126
94.3000,-0.277169,0.258925,-3.812512,0.000131,0.000852,-0.139366,-0.334933,0.494033,-2.960741,0.000224,0.000839,-0.139384
94.3500,-0.277201,0.258924,-3.812514,0.000132,0.000851,-0.139624,-0.334972,0.494027,-2.960783,0.000132,0.001023,-0.139600
94.4000,-0.277232,0.258923,-3.812516,0.000133,0.000849,-0.139879,-0.328895,0.530136,-2.960811,0.000111,0.000657,-0.139918
94.4500,-0.277262,0.258923,-3.812518,0.000134,0.000848,-0.140132,-0.328954,0.530003,-2.960797,0.000231,0.000973,-0.140306
94.5000,-0.277293,0.258922,-3.812520,0.000134,0.000847,-0.140382,-0.328980,0.530000,-2.960814,0.000200,0.000702,-0.140288
94.5500,-0.277323,0.258921,-3.812522,0.000135,0.000846,-0.140629,-0.329020,0.529992,-2.960824,-0.000035,0.000765,-0.140695
94.6000,-0.277352,0.258921,-3.812524,0.000135,0.000845,-0.140874,-0.329041,0.529989,-2.960829,0.000160,0.000788,-0.140737
94.6500,-0.277382,0.258920,-3.812526,0.000136,0.000845,-0.141116,-0.329079,0.529983,-2.960874,0.000223,0.001017,-0.141150
94.7000,-0.277411,0.258920,-3.812528,0.000137,0.000844,-0.141356,-0.329110,0.529980,-2.960856,0.000055,0.001017,-0.141372
94.7500,-0.277440,0.258919,-3.812529,0.000137,0.000843,-0.141593,-0.329139,0.529975,-2.960883,0.000086,0.000862,-0.141363
94.8000,-0.277468,0.258919,-3.812531,0.000138,0.000842,-0.141828,-0.329161,0.529972,-2.960903,0.000174,0.000772,-0.141709
94.8520,-0.277497,0.258918,-3.812533,0.000138,0.000841,-0.142060,-0.329195,0.529965,-2.960904,0.000005,0.000726,-0.141983
94.9020,-0.277524,0.258918,-3.812535,0.000139,0.000841,-0.142291,-0.329218,0.529963,-2.960912,0.000060,0.000842,-0.142219
94.9500,-0.277552,0.258917,-3.812537,0.000139,0.000840,-0.142518,-0.329254,0.529962,-2.960959,0.000187,0.000893,-0.142467
95.0000,-0.277580,0.258917,-3.812539,0.000140,0.000840,-0.142744,-0.329275,0.529960,-2.960933,0.000192,0.001147,-0.142750
95.0500,-0.277607,0.258916,-3.812540,0.000140,0.000839,-0.142967,-0.329303,0.529956,-2.960963,0.000178,0.001035,-0.143024
95.1000,-0.277633,0.258916,-3.812542,0.000141,0.000838,-0.143187,-0.329319,0.529954,-2.960986,0.000191,0.000629,-0.143027
95.1500,-0.277660,0.258915,-3.812544,0.000141,0.000838,-0.143406,-0.329354,0.529952,-2.960978,0.000081,0.000909,-0.143487
95.2000,-0.277686,0.258915,-3.812546,0.000141,0.000837,-0.143622,-0.329375,0.529950,-2.960990,0.000097,0.000808,-0.143358
95.2500,-0.277712,0.258914,-3.812547,0.000142,0.000837,-0.143836,-0.329404,0.529944,-2.961039,0.000245,0.000706,-0.143920
95.3000,-0.277738,0.258914,-3.812549,0.000142,0.000836,-0.144048,-0.329425,0.529946,-2.961005,0.000247,0.000801,-0.143971
95.3500,-0.277763,0.258914,-3.812551,0.000142,0.000836,-0.144258,-0.329457,0.529943,-2.961037,0.000246,0.000892,-0.144320
95.4000,-0.277789,0.258913,-3.812552,0.000143,0.000835,-0.144465,-0.372986,0.534126,-2.961060,0.000121,0.000862,-0.144338
95.4500,-0.277814,0.258913,-3.812554,0.000143,0.000835,-0.144670,-0.372911,0.534114,-2.961043,0.000208,0.000734,-0.144591
95.5000,-0.277838,0.258913,-3.812556,0.000143,0.000834,-0.144874,-0.372930,0.534111,-2.961058,0.000021,0.000775,-0.144857
95.5500,-0.277863,0.258912,-3.812557,0.000143,0.000834,-0.145075,-0.372959,0.534107,-2.961110,0.000089,0.001052,-0.145009
95.6000,-0.277887,0.258912,-3.812559,0.000144,0.000834,-0.145274,-0.372981,0.534108,-2.961068,0.000147,0.000729,-0.145203
95.6500,-0.277911,0.258912,-3.812560,0.000144,0.000833,-0.145471,-0.373013,0.534107,-2.961102,0.000200,0.001092,-0.145381
95.7000,-0.277935,0.258911,-3.812562,0.000144,0.000833,-0.145666,-0.373043,0.534102,-2.961089,-0.000111,0.000923,-0.145411
95.7500,-0.277958,0.258911,-3.812564,0.000144,0.000833,-0.145859,-0.373062,0.534098,-2.961107,-0.000061,0.001004,-0.145719
95.8000,-0.277981,0.258911,-3.812565,0.000144,0.000832,-0.146050,-0.373079,0.534096,-2.961124,0.000200,0.000768,-0.146001
95.8500,-0.278004,0.258910,-3.812567,0.000145,0.000832,-0.146239,-0.373109,0.534091,-2.961123,0.000198,0.000823,-0.146368
95.9000,-0.278027,0.258910,-3.812568,0.000145,0.000832,-0.146426,-0.373127,0.534088,-2.961129,0.000258,0.000808,-0.146446
95.9500,-0.278049,0.258910,-3.812570,0.000145,0.000831,-0.146611,-0.373156,0.534080,-2.961166,0.000131,0.000783,-0.146497
96.0000,-0.278072,0.258910,-3.812571,0.000145,0.000831,-0.146794,-0.373177,0.534078,-2.961146,-0.000092,0.000793,-0.146635
96.0500,-0.278094,0.258909,-3.812572,0.000145,0.000831,-0.146976,-0.373200,0.534078,-2.961166,0.000366,0.000729,-0.146913
96.1000,-0.278116,0.258909,-3.812574,0.000146,0.000830,-0.147155,-0.373216,0.534076,-2.961186,0.000116,0.000648,-0.147193
96.1500,-0.278137,0.258909,-3.812575,0.000146,0.000830,-0.147333,-0.373242,0.534073,-2.961177,0.000185,0.000828,-0.147277
96.2000,-0.278159,0.258909,-3.812577,0.000146,0.000830,-0.147509,-0.373260,0.534070,-2.961186,0.000059,0.000852,-0.147454
96.2500,-0.278180,0.258909,-3.812578,0.000146,0.000830,-0.147683,-0.373286,0.534068,-2.961226,0.000203,0.000820,-0.147715
96.3000,-0.278201,0.258908,-3.812579,0.000146,0.000829,-0.147855,-0.373302,0.534066,-2.961197,0.000301,0.000676,-0.147906
96.3500,-0.278221,0.258908,-3.812581,0.000147,0.000829,-0.148026,-0.373331,0.534063,-2.961220,0.000194,0.000765,-0.147980
96.4000,-0.278242,0.258908,-3.812582,0.000147,0.000829,-0.148194,-0.339922,0.500227,-2.961247,0.000132,0.000775,-0.148435
96.4500,-0.278262,0.258908,-3.812583,0.000147,0.000829,-0.148361,-0.339997,0.500278,-2.961229,0.000154,0.000877,-0.148306
96.5000,-0.278282,0.258908,-3.812585,0.000147,0.000829,-0.148527,-0.340013,0.500276,-2.961241,0.000118,0.000850,-0.148577
96.5500,-0.278302,0.258907,-3.812586,0.000148,0.000829,-0.148690,-0.340036,0.500275,-2.961284,0.000181,0.000822,-0.148544
96.6000,-0.278322,0.258907,-3.812587,0.000148,0.000828,-0.148852,-0.340052,0.500275,-2.961248,0.000155,0.000686,-0.148815
96.6520,-0.278342,0.258907,-3.812589,0.000148,0.000828,-0.149012,-0.340075,0.500272,-2.961274,0.000181,0.000843,-0.149111
96.7000,-0.278361,0.258907,-3.812590,0.000148,0.000828,-0.149171,-0.340090,0.500269,-2.961301,0.000231,0.000698,-0.149262
96.7500,-0.278380,0.258907,-3.812591,0.000148,0.000828,-0.149328,-0.340113,0.500270,-2.961275,0.000079,0.000813,-0.149386
96.8000,-0.278399,0.258907,-3.812592,0.000149,0.000828,-0.149483,-0.340128,0.500269,-2.961290,0.000084,0.000770,-0.149434
96.8500,-0.278418,0.258907,-3.812594,0.000149,0.000828,-0.149637,-0.340151,0.500269,-2.961336,0.000165,0.001062,-0.149604
96.9000,-0.278436,0.258907,-3.812595,0.000149,0.000827,-0.149789,-0.340166,0.500267,-2.961291,0.000074,0.000860,-0.149812
96.9500,-0.278454,0.258906,-3.812596,0.000149,0.000827,-0.149940,-0.340188,0.500265,-2.961321,0.000265,0.000930,-0.150105
97.0000,-0.278472,0.258906,-3.812597,0.000149,0.000827,-0.150089,-0.340208,0.500262,-2.961305,0.000089,0.000825,-0.150151
97.0500,-0.278490,0.258906,-3.812598,0.000150,0.000827,-0.150236,-0.340225,0.500261,-2.961317,0.000207,0.000862,-0.150242
97.1000,-0.278508,0.258906,-3.812600,0.000150,0.000827,-0.150382,-0.340241,0.500259,-2.961335,0.000270,0.000940,-0.150364
97.1500,-0.278526,0.258906,-3.812601,0.000150,0.000827,-0.150527,-0.340263,0.500258,-2.961326,0.000156,0.000822,-0.150682
97.2020,-0.278543,0.258906,-3.812602,0.000150,0.000827,-0.150670,-0.340277,0.500257,-2.961332,0.000078,0.000974,-0.150516
97.2500,-0.278560,0.258906,-3.812603,0.000150,0.000827,-0.150811,-0.340295,0.500256,-2.961365,0.000221,0.000947,-0.150837
97.3000,-0.278578,0.258906,-3.812604,0.000150,0.000827,-0.150951,-0.340312,0.500254,-2.961342,0.000187,0.000962,-0.150972
97.3520,-0.278594,0.258906,-3.812605,0.000151,0.000826,-0.151090,-0.340331,0.500253,-2.961357,0.000322,0.000923,-0.151038
97.4000,-0.278611,0.258906,-3.812606,0.000151,0.000826,-0.151227,-0.332315,0.521627,-2.961379,0.000184,0.000745,-0.150993
97.4500,-0.278628,0.258906,-3.812607,0.000151,0.000826,-0.151363,-0.332341,0.521607,-2.961361,0.000155,0.000844,-0.151232
97.5000,-0.278644,0.258905,-3.812608,0.000151,0.000826,-0.151498,-0.332354,0.521606,-2.961371,0.000238,0.000741,-0.151449
97.5520,-0.278660,0.258905,-3.812609,0.000151,0.000826,-0.151631,-0.332373,0.521606,-2.961407,0.000268,0.000817,-0.151750
97.6000,-0.278676,0.258905,-3.812611,0.000152,0.000826,-0.151762,-0.332386,0.521605,-2.961375,0.000092,0.000901,-0.151723
97.6520,-0.278692,0.258905,-3.812612,0.000152,0.000826,-0.151893,-0.332403,0.521604,-2.961394,0.000115,0.000995,-0.151927
97.7000,-0.278708,0.258905,-3.812613,0.000152,0.000826,-0.152022,-0.332413,0.521604,-2.961419,0.000282,0.000951,-0.151883
97.7500,-0.278723,0.258905,-3.812614,0.000152,0.000826,-0.152149,-0.332434,0.521603,-2.961393,0.000143,0.000801,-0.152254
97.8000,-0.278739,0.258905,-3.812615,0.000152,0.000826,-0.152275,-0.332445,0.521603,-2.961406,-0.000057,0.001004,-0.152259
97.8500,-0.278754,0.258905,-3.812616,0.000152,0.000826,-0.152401,-0.332458,0.521603,-2.961446,0.000106,0.000729,-0.152492
97.9000,-0.278769,0.258905,-3.812617,0.000153,0.000826,-0.152524,-0.332474,0.521600,-2.961406,0.000298,0.001074,-0.152625
97.9500,-0.278784,0.258905,-3.812618,0.000153,0.000826,-0.152647,-0.332490,0.521598,-2.961429,0.000032,0.000983,-0.152588
98.0000,-0.278799,0.258905,-3.812619,0.000153,0.000826,-0.152768,-0.332500,0.521597,-2.961457,0.000162,0.000885,-0.152656
98.0500,-0.278813,0.258905,-3.812619,0.000153,0.000825,-0.152888,-0.332521,0.521598,-2.961425,0.000031,0.000935,-0.152892
98.1000,-0.278828,0.258905,-3.812620,0.000153,0.000825,-0.153007,-0.332532,0.521598,-2.961441,0.000094,0.000703,-0.152959
98.1500,-0.278842,0.258905,-3.812621,0.000153,0.000825,-0.153124,-0.332551,0.521596,-2.961432,0.000208,0.000904,-0.153140
98.2000,-0.278856,0.258905,-3.812622,0.000154,0.000825,-0.153240,-0.332561,0.521595,-2.961436,0.000229,0.000757,-0.153149
98.2500,-0.278870,0.258905,-3.812623,0.000154,0.000825,-0.153356,-0.332578,0.521595,-2.961463,0.000010,0.000877,-0.153235
98.3000,-0.278884,0.258905,-3.812624,0.000154,0.000825,-0.153469,-0.332592,0.521591,-2.961444,0.000035,0.000942,-0.153413
98.3500,-0.278898,0.258905,-3.812625,0.000154,0.000825,-0.153582,-0.332606,0.521589,-2.961453,0.000171,0.000666,-0.153654
98.4000,-0.278912,0.258905,-3.812626,0.000154,0.000825,-0.153694,-0.339291,0.534105,-2.961472,0.000048,0.000838,-0.153775
98.4500,-0.278925,0.258905,-3.812627,0.000154,0.000825,-0.153804,-0.339305,0.534098,-2.961455,0.000185,0.000937,-0.153942
98.5000,-0.278938,0.258905,-3.812628,0.000155,0.000825,-0.153914,-0.339315,0.534096,-2.961463,0.000120,0.000724,-0.153961
98.5520,-0.278952,0.258905,-3.812628,0.000155,0.000825,-0.154022,-0.339329,0.534094,-2.961493,0.000256,0.000829,-0.154075
98.6000,-0.278965,0.258905,-3.812629,0.000155,0.000825,-0.154129,-0.339339,0.534094,-2.961467,0.000260,0.000664,-0.153922
98.6500,-0.278978,0.258905,-3.812630,0.000155,0.000825,-0.154235,-0.339356,0.534091,-2.961480,0.000275,0.000846,-0.154113
98.7000,-0.278990,0.258905,-3.812631,0.000155,0.000825,-0.154340,-0.339367,0.534088,-2.961502,0.000258,0.000805,-0.154258
98.7500,-0.279003,0.258905,-3.812632,0.000155,0.000825,-0.154443,-0.339384,0.534087,-2.961479,-0.000010,0.000693,-0.154674
98.8000,-0.279016,0.258905,-3.812633,0.000155,0.000825,-0.154546,-0.339395,0.534087,-2.961490,0.000219,0.000940,-0.154625
98.8500,-0.279028,0.258905,-3.812633,0.000156,0.000825,-0.154648,-0.339411,0.534089,-2.961524,0.000002,0.000799,-0.154635
98.9000,-0.279040,0.258905,-3.812634,0.000156,0.000825,-0.154748,-0.339420,0.534086,-2.961489,0.000270,0.000880,-0.154802
98.9500,-0.279052,0.258905,-3.812635,0.000156,0.000825,-0.154848,-0.339434,0.534083,-2.961507,0.000182,0.000796,-0.154776
99.0020,-0.279064,0.258905,-3.812636,0.000156,0.000825,-0.154947,-0.339441,0.534080,-2.961532,0.000238,0.000778,-0.154782
99.0500,-0.279076,0.258905,-3.812637,0.000156,0.000825,-0.155044,-0.339458,0.534081,-2.961501,0.000167,0.000782,-0.154837
99.1000,-0.279088,0.258905,-3.812637,0.000156,0.000825,-0.155141,-0.339467,0.534080,-2.961515,0.000117,0.000781,-0.155038
99.1500,-0.279100,0.258905,-3.812638,0.000156,0.000825,-0.155236,-0.339481,0.534081,-2.961553,0.000028,0.000724,-0.155237
99.2000,-0.279111,0.258905,-3.812639,0.000156,0.000825,-0.155331,-0.339490,0.534078,-2.961510,0.000125,0.000761,-0.155398
99.2520,-0.279123,0.258905,-3.812640,0.000157,0.000825,-0.155424,-0.339504,0.534080,-2.961531,0.000152,0.000913,-0.155534
99.3000,-0.279134,0.258905,-3.812640,0.000157,0.000825,-0.155517,-0.339517,0.534077,-2.961517,0.000132,0.000789,-0.155584
99.3500,-0.279145,0.258905,-3.812641,0.000157,0.000825,-0.155609,-0.339526,0.534076,-2.961522,0.000161,0.000785,-0.155766
99.4000,-0.279156,0.258905,-3.812642,0.000157,0.000825,-0.155700,-0.293622,0.531481,-2.961542,0.000223,0.000652,-0.155871
99.4500,-0.279167,0.258905,-3.812642,0.000157,0.000825,-0.155789,-0.293635,0.531477,-2.961528,0.000109,0.000719,-0.155832
99.5000,-0.279178,0.258906,-3.812643,0.000157,0.000825,-0.155878,-0.293644,0.531476,-2.961533,0.000150,0.000883,-0.155727
99.5500,-0.279189,0.258906,-3.812644,0.000157,0.000825,-0.155966,-0.293657,0.531475,-2.961558,0.000191,0.000882,-0.156060
99.6000,-0.279200,0.258906,-3.812644,0.000157,0.000825,-0.156053,-0.293667,0.531473,-2.961537,0.000097,0.000941,-0.156102
99.6500,-0.279210,0.258906,-3.812645,0.000158,0.000825,-0.156139,-0.293678,0.531472,-2.961545,0.000341,0.000915,-0.156253
99.7000,-0.279220,0.258906,-3.812646,0.000158,0.000825,-0.156225,-0.293686,0.531469,-2.961565,0.000299,0.000711,-0.156220
99.7500,-0.279231,0.258906,-3.812646,0.000158,0.000825,-0.156309,-0.293700,0.531472,-2.961544,0.000234,0.000684,-0.156343
99.8000,-0.279241,0.258906,-3.812647,0.000158,0.000825,-0.156393,-0.293709,0.531470,-2.961553,0.000331,0.000712,-0.156446
99.8520,-0.279251,0.258906,-3.812648,0.000158,0.000825,-0.156475,-0.293724,0.531465,-2.961582,0.000176,0.000829,-0.156377
99.9000,-0.279261,0.258906,-3.812648,0.000158,0.000825,-0.156557,-0.293732,0.531466,-2.961552,0.000203,0.000907,-0.156433
99.9500,-0.279271,0.258906,-3.812649,0.000158,0.000825,-0.156638,-0.293743,0.531464,-2.961564,0.000024,0.000826,-0.156759
100.0000,-0.279281,0.258906,-3.812650,0.000158,0.000825,-0.156718,-0.293750,0.531465,-2.961588,0.000225,0.000715,-0.156545
100.0500,-0.279290,0.258906,-3.812650,0.000158,0.000824,-0.156798,-0.293760,0.531464,-2.961559,0.000010,0.000885,-0.156899
100.1000,-0.279300,0.258906,-3.812651,0.000159,0.000824,-0.156876,-0.293767,0.531464,-2.961571,0.000111,0.000885,-0.156901
100.1500,-0.279310,0.258906,-3.812652,0.000159,0.000824,-0.156954,-0.293777,0.531463,-2.961604,0.000053,0.000780,-0.156657
100.2020,-0.279319,0.258906,-3.812652,0.000159,0.000824,-0.157031,-0.293787,0.531462,-2.961567,0.000334,0.000751,-0.157057
100.2500,-0.279328,0.258906,-3.812653,0.000159,0.000824,-0.157107,-0.293799,0.531461,-2.961583,0.000054,0.000581,-0.157102
100.3000,-0.279337,0.258906,-3.812653,0.000159,0.000824,-0.157182,-0.293810,0.531461,-2.961610,0.000210,0.000954,-0.157181
100.3500,-0.279347,0.258906,-3.812654,0.000159,0.000824,-0.157257,-0.293818,0.531459,-2.961575,0.000079,0.000844,-0.157119
100.4000,-0.279356,0.258906,-3.812655,0.000159,0.000824,-0.157331,-0.276579,0.508623,-2.961591,0.000140,0.000794,-0.157377
100.4500,-0.279364,0.258907,-3.812655,0.000159,0.000824,-0.157404,-0.276568,0.508594,-2.961628,0.000310,0.000777,-0.157302
100.5000,-0.279373,0.258907,-3.812656,0.000159,0.000824,-0.157476,-0.276593,0.508618,-2.961583,0.000153,0.000973,-0.157499
100.5500,-0.279382,0.258907,-3.812656,0.000159,0.000824,-0.157548,-0.276604,0.508618,-2.961603,0.000322,0.000798,-0.157592
100.6000,-0.279391,0.258907,-3.812657,0.000160,0.000824,-0.157618,-0.276613,0.508617,-2.961587,0.000252,0.000811,-0.157785
100.6520,-0.279399,0.258907,-3.812657,0.000160,0.000824,-0.157688,-0.276621,0.508617,-2.961590,0.000049,0.000873,-0.157849
100.7000,-0.279408,0.258907,-3.812658,0.000160,0.000824,-0.157758,-0.276627,0.508619,-2.961608,0.000186,0.000743,-0.157607
100.7500,-0.279416,0.258907,-3.812658,0.000160,0.000824,-0.157826,-0.276636,0.508616,-2.961590,0.000134,0.000653,-0.157848
100.8000,-0.279424,0.258907,-3.812659,0.000160,0.000824,-0.157894,-0.276644,0.508616,-2.961597,0.000183,0.000814,-0.157805
100.8500,-0.279433,0.258907,-3.812659,0.000160,0.000824,-0.157962,-0.276656,0.508617,-2.961621,0.000034,0.000750,-0.157944
100.9000,-0.279441,0.258907,-3.812660,0.000160,0.000824,-0.158028,-0.276662,0.508616,-2.961597,0.000221,0.000832,-0.158084
100.9500,-0.279449,0.258907,-3.812660,0.000160,0.000824,-0.158094,-0.276672,0.508614,-2.961605,0.000216,0.000785,-0.157933
101.0000,-0.279457,0.258907,-3.812661,0.000160,0.000824,-0.158159,-0.276680,0.508610,-2.961626,0.000089,0.000791,-0.157863
101.0500,-0.279465,0.258907,-3.812662,0.000160,0.000824,-0.158224,-0.276689,0.508610,-2.961601,0.000148,0.000951,-0.158328
101.1000,-0.279473,0.258907,-3.812662,0.000160,0.000824,-0.158288,-0.276695,0.508609,-2.961611,0.000295,0.000901,-0.158271
101.1500,-0.279480,0.258908,-3.812663,0.000161,0.000824,-0.158351,-0.276702,0.508607,-2.961639,0.000018,0.000840,-0.158297
101.2000,-0.279488,0.258908,-3.812663,0.000161,0.000824,-0.158413,-0.276709,0.508606,-2.961607,0.000224,0.000753,-0.158230
101.2500,-0.279496,0.258908,-3.812663,0.000161,0.000824,-0.158475,-0.276720,0.508604,-2.961619,0.000304,0.000861,-0.158424
101.3000,-0.279503,0.258908,-3.812664,0.000161,0.000824,-0.158536,-0.276728,0.508602,-2.961644,0.000060,0.000893,-0.158692
101.3500,-0.279510,0.258908,-3.812664,0.000161,0.000824,-0.158597,-0.276736,0.508601,-2.961611,0.000394,0.000932,-0.158617
101.4000,-0.279518,0.258908,-3.812665,0.000161,0.000824,-0.158657,-0.286106,0.583390,-2.961622,0.000284,0.001091,-0.158630
101.4500,-0.279525,0.258908,-3.812665,0.000161,0.000824,-0.158716,-0.286124,0.583451,-2.961655,0.000183,0.000730,-0.158838
101.5000,-0.279532,0.258908,-3.812666,0.000161,0.000824,-0.158775,-0.286124,0.583405,-2.961615,0.000164,0.000879,-0.158942
101.5500,-0.279539,0.258908,-3.812666,0.000161,0.000824,-0.158833,-0.286132,0.583406,-2.961632,0.000405,0.000891,-0.158810
101.6000,-0.279546,0.258908,-3.812667,0.000161,0.000824,-0.158891,-0.286138,0.583406,-2.961659,0.000103,0.000879,-0.158852
101.6520,-0.279553,0.258908,-3.812667,0.000161,0.000824,-0.158948,-0.286147,0.583406,-2.961620,0.000129,0.000831,-0.159072
101.7000,-0.279560,0.258908,-3.812668,0.000161,0.000824,-0.159004,-0.286153,0.583407,-2.961636,0.000232,0.000671,-0.159184
101.7500,-0.279567,0.258908,-3.812668,0.000162,0.000824,-0.159060,-0.286162,0.583405,-2.961621,0.000175,0.000813,-0.159072
101.8000,-0.279574,0.258908,-3.812668,0.000162,0.000824,-0.159115,-0.286167,0.583405,-2.961626,0.000124,0.000785,-0.159118
101.8500,-0.279581,0.258909,-3.812669,0.000162,0.000824,-0.159170,-0.286176,0.583406,-2.961646,0.000118,0.000882,-0.159222
101.9000,-0.279587,0.258909,-3.812669,0.000162,0.000824,-0.159224,-0.286183,0.583407,-2.961627,0.000205,0.000882,-0.159122
101.9500,-0.279594,0.258909,-3.812670,0.000162,0.000824,-0.159278,-0.286190,0.583406,-2.961631,0.000222,0.000889,-0.159098
102.0000,-0.279600,0.258909,-3.812670,0.000162,0.000824,-0.159331,-0.286196,0.583406,-2.961650,0.000116,0.000711,-0.159410
102.0500,-0.279607,0.258909,-3.812671,0.000162,0.000824,-0.159383,-0.286202,0.583405,-2.961628,0.000161,0.000900,-0.159468
102.1000,-0.279613,0.258909,-3.812671,0.000162,0.000824,-0.159435,-0.286207,0.583405,-2.961636,0.000085,0.000817,-0.159447
102.1500,-0.279619,0.258909,-3.812671,0.000162,0.000824,-0.159487,-0.286215,0.583402,-2.961661,-0.000074,0.000803,-0.159417
102.2000,-0.279626,0.258909,-3.812672,0.000162,0.000824,-0.159537,-0.286219,0.583403,-2.961634,0.000131,0.000837,-0.159570
102.2500,-0.279632,0.258909,-3.812672,0.000162,0.000824,-0.159588,-0.286226,0.583402,-2.961642,0.000255,0.000793,-0.159471
102.3000,-0.279638,0.258909,-3.812673,0.000162,0.000824,-0.159638,-0.286231,0.583399,-2.961664,0.000234,0.000912,-0.159664
102.3500,-0.279644,0.258909,-3.812673,0.000162,0.000824,-0.159687,-0.286237,0.583400,-2.961636,0.000121,0.000680,-0.159740
102.4000,-0.279650,0.258909,-3.812673,0.000162,0.000824,-0.159736,-0.256998,0.529480,-2.961649,0.000228,0.000671,-0.159757
102.4500,-0.279656,0.258909,-3.812674,0.000162,0.000824,-0.159784,-0.256994,0.529457,-2.961679,0.000150,0.000827,-0.159852
102.5000,-0.279662,0.258910,-3.812674,0.000163,0.000824,-0.159832,-0.257006,0.529470,-2.961644,0.000303,0.000729,-0.159856
102.5500,-0.279667,0.258910,-3.812674,0.000163,0.000824,-0.159879,-0.257016,0.529467,-2.961656,0.000038,0.000917,-0.160015
102.6000,-0.279673,0.258910,-3.812675,0.000163,0.000824,-0.159926,-0.257024,0.529466,-2.961682,0.000179,0.000894,-0.159806
102.6500,-0.279679,0.258910,-3.812675,0.000163,0.000824,-0.159972,-0.257028,0.529465,-2.961646,-0.000033,0.000753,-0.159978
102.7000,-0.279685,0.258910,-3.812675,0.000163,0.000824,-0.160018,-0.257033,0.529466,-2.961660,0.000077,0.000975,-0.159905
102.7500,-0.279690,0.258910,-3.812676,0.000163,0.000824,-0.160064,-0.257040,0.529469,-2.961693,0.000237,0.000835,-0.160190
102.8000,-0.279696,0.258910,-3.812676,0.000163,0.000824,-0.160108,-0.257043,0.529466,-2.961650,0.000243,0.000790,-0.160026
102.8500,-0.279701,0.258910,-3.812677,0.000163,0.000824,-0.160153,-0.257049,0.529465,-2.961667,0.000185,0.000777,-0.160196
102.9000,-0.279706,0.258910,-3.812677,0.000163,0.000824,-0.160197,-0.257058,0.529463,-2.961653,-0.000044,0.000980,-0.160126
102.9500,-0.279712,0.258910,-3.812677,0.000163,0.000824,-0.160240,-0.257064,0.529463,-2.961654,-0.000090,0.000739,-0.160281
103.0000,-0.279717,0.258910,-3.812678,0.000163,0.000824,-0.160284,-0.257070,0.529466,-2.961671,0.000095,0.000684,-0.160241
103.0500,-0.279722,0.258910,-3.812678,0.000163,0.000824,-0.160326,-0.257076,0.529466,-2.961653,0.000373,0.000766,-0.160254
103.1000,-0.279727,0.258910,-3.812678,0.000163,0.000824,-0.160368,-0.257081,0.529465,-2.961658,0.000181,0.000883,-0.160457
103.1500,-0.279733,0.258911,-3.812679,0.000163,0.000824,-0.160410,-0.257088,0.529463,-2.961679,0.000211,0.000730,-0.160567
103.2000,-0.279738,0.258911,-3.812679,0.000163,0.000824,-0.160452,-0.257092,0.529461,-2.961658,0.000075,0.000818,-0.160453
103.2500,-0.279743,0.258911,-3.812679,0.000163,0.000824,-0.160493,-0.257099,0.529462,-2.961662,0.000171,0.000675,-0.160400
103.3020,-0.279748,0.258911,-3.812679,0.000163,0.000824,-0.160533,-0.257107,0.529464,-2.961682,0.000133,0.000700,-0.160454
103.3500,-0.279753,0.258911,-3.812680,0.000164,0.000824,-0.160573,-0.257111,0.529463,-2.961658,0.000273,0.000626,-0.160545
103.4000,-0.279757,0.258911,-3.812680,0.000164,0.000824,-0.160613,-0.226733,0.451660,-2.961669,0.000161,0.000938,-0.160481
103.4520,-0.279762,0.258911,-3.812680,0.000164,0.000824,-0.160652,-0.226733,0.451640,-2.961695,0.000263,0.000694,-0.160592
103.5000,-0.279767,0.258911,-3.812681,0.000164,0.000824,-0.160691,-0.226738,0.451651,-2.961665,0.000183,0.000720,-0.160658
103.5500,-0.279772,0.258911,-3.812681,0.000164,0.000824,-0.160729,-0.226745,0.451650,-2.961674,0.000079,0.000852,-0.160787
103.6000,-0.279776,0.258911,-3.812681,0.000164,0.000824,-0.160767,-0.226749,0.451650,-2.961697,0.000230,0.000712,-0.160732
103.6500,-0.279781,0.258911,-3.812682,0.000164,0.000824,-0.160805,-0.226753,0.451651,-2.961665,0.000147,0.000849,-0.160814
103.7000,-0.279786,0.258911,-3.812682,0.000164,0.000824,-0.160842,-0.226757,0.451650,-2.961677,0.000158,0.000813,-0.160981
103.7500,-0.279790,0.258911,-3.812682,0.000164,0.000824,-0.160879,-0.226763,0.451649,-2.961707,0.000334,0.000764,-0.161107
103.8000,-0.279795,0.258911,-3.812682,0.000164,0.000824,-0.160916,-0.226765,0.451652,-2.961670,0.000286,0.000786,-0.160736
103.8500,-0.279799,0.258912,-3.812683,0.000164,0.000824,-0.160952,-0.226770,0.451650,-2.961683,0.000141,0.000673,-0.161190
103.9000,-0.279803,0.258912,-3.812683,0.000164,0.000824,-0.160988,-0.226774,0.451649,-2.961709,0.000123,0.000644,-0.160907
103.9500,-0.279808,0.258912,-3.812683,0.000164,0.000824,-0.161023,-0.226776,0.451648,-2.961671,0.000199,0.000942,-0.160663
104.0000,-0.279812,0.258912,-3.812684,0.000164,0.000824,-0.161058,-0.226777,0.451648,-2.961686,0.000012,0.000685,-0.161092
104.0500,-0.279816,0.258912,-3.812684,0.000164,0.000825,-0.161093,-0.226780,0.451649,-2.961720,0.000209,0.000956,-0.161085
104.1000,-0.279821,0.258912,-3.812684,0.000164,0.000825,-0.161127,-0.226786,0.451647,-2.961674,0.000221,0.000826,-0.161142
104.1500,-0.279825,0.258912,-3.812684,0.000164,0.000825,-0.161161,-0.226791,0.451646,-2.961692,0.000109,0.000846,-0.161166
104.2000,-0.279829,0.258912,-3.812685,0.000164,0.000825,-0.161195,-0.226794,0.451645,-2.961675,0.000085,0.000692,-0.161349
104.2500,-0.279833,0.258912,-3.812685,0.000164,0.000825,-0.161228,-0.226798,0.451643,-2.961677,0.000048,0.000927,-0.161208
104.3000,-0.279837,0.258912,-3.812685,0.000164,0.000825,-0.161261,-0.226800,0.451641,-2.961694,0.000411,0.000877,-0.161129
104.3500,-0.279841,0.258912,-3.812685,0.000164,0.000825,-0.161294,-0.226806,0.451643,-2.961674,0.000235,0.000722,-0.161518
104.4000,-0.279845,0.258912,-3.812686,0.000165,0.000825,-0.161326,-0.171366,0.430958,-2.961683,0.000088,0.000811,-0.161313
104.4500,-0.279849,0.258912,-3.812686,0.000165,0.000825,-0.161358,-0.171368,0.430958,-2.961705,0.000154,0.000662,-0.161368
104.5000,-0.279853,0.258912,-3.812686,0.000165,0.000825,-0.161390,-0.171370,0.430959,-2.961681,0.000180,0.000771,-0.161390
104.5500,-0.279857,0.258913,-3.812686,0.000165,0.000825,-0.161421,-0.171375,0.430959,-2.961687,0.000060,0.000710,-0.161337
104.6020,-0.279860,0.258913,-3.812687,0.000165,0.000825,-0.161452,-0.171380,0.430960,-2.961708,0.000152,0.000789,-0.161293
104.6500,-0.279864,0.258913,-3.812687,0.000165,0.000825,-0.161482,-0.171384,0.430958,-2.961680,0.000141,0.000725,-0.161325
104.7000,-0.279868,0.258913,-3.812687,0.000165,0.000825,-0.161513,-0.171388,0.430958,-2.961689,0.000025,0.001025,-0.161415
104.7500,-0.279872,0.258913,-3.812687,0.000165,0.000825,-0.161543,-0.171391,0.430961,-2.961716,0.000265,0.000825,-0.161578
104.8000,-0.279875,0.258913,-3.812687,0.000165,0.000825,-0.161573,-0.171394,0.430961,-2.961684,0.000212,0.000826,-0.161665
104.8500,-0.279879,0.258913,-3.812688,0.000165,0.000825,-0.161602,-0.171400,0.430959,-2.961693,0.000167,0.000674,-0.161687
104.9000,-0.279883,0.258913,-3.812688,0.000165,0.000825,-0.161631,-0.171405,0.430958,-2.961718,0.000283,0.000861,-0.161552
104.9500,-0.279886,0.258913,-3.812688,0.000165,0.000825,-0.161660,-0.171408,0.430959,-2.961683,0.000129,0.000891,-0.161665
105.0000,-0.279890,0.258913,-3.812688,0.000165,0.000825,-0.161688,-0.171409,0.430959,-2.961696,0.000170,0.000831,-0.161594
105.0500,-0.279893,0.258913,-3.812689,0.000165,0.000825,-0.161717,-0.171412,0.430958,-2.961727,0.000208,0.000680,-0.161749
105.1000,-0.279896,0.258913,-3.812689,0.000165,0.000825,-0.161744,-0.171414,0.430959,-2.961686,0.000119,0.000947,-0.161700
105.1500,-0.279900,0.258913,-3.812689,0.000165,0.000825,-0.161772,-0.171415,0.430958,-2.961701,0.000357,0.000741,-0.161767
105.2000,-0.279903,0.258913,-3.812689,0.000165,0.000825,-0.161799,-0.171415,0.430957,-2.961728,0.000224,0.000779,-0.161998
105.2500,-0.279907,0.258913,-3.812689,0.000165,0.000825,-0.161827,-0.171422,0.430957,-2.961688,0.000243,0.000923,-0.161762
105.3000,-0.279910,0.258914,-3.812690,0.000165,0.000825,-0.161853,-0.171424,0.430956,-2.961703,0.000164,0.000895,-0.161752
105.3520,-0.279913,0.258914,-3.812690,0.000165,0.000825,-0.161880,-0.171427,0.430955,-2.961686,0.000385,0.000781,-0.161933
105.4000,-0.279916,0.258914,-3.812690,0.000165,0.000825,-0.161906,-0.120538,0.411970,-2.961694,0.000196,0.000863,-0.161926
105.4500,-0.279920,0.258914,-3.812690,0.000165,0.000825,-0.161932,-0.120544,0.411968,-2.961712,0.000329,0.000853,-0.161819
105.5000,-0.279923,0.258914,-3.812690,0.000165,0.000825,-0.161958,-0.120545,0.411968,-2.961693,0.000241,0.000651,-0.162114
105.5500,-0.279926,0.258914,-3.812691,0.000165,0.000825,-0.161983,-0.120549,0.411966,-2.961695,0.000231,0.000839,-0.161867
105.6000,-0.279929,0.258914,-3.812691,0.000165,0.000825,-0.162008,-0.120552,0.411963,-2.961714,0.000169,0.000679,-0.162108
105.6500,-0.279932,0.258914,-3.812691,0.000165,0.000825,-0.162033,-0.120555,0.411963,-2.961690,0.000141,0.000803,-0.162076
105.7000,-0.279935,0.258914,-3.812691,0.000165,0.000825,-0.162058,-0.120558,0.411962,-2.961698,0.000252,0.000865,-0.162082
105.7500,-0.279938,0.258914,-3.812691,0.000165,0.000825,-0.162082,-0.120560,0.411960,-2.961721,0.000242,0.000753,-0.161994
105.8000,-0.279941,0.258914,-3.812692,0.000166,0.000825,-0.162106,-0.120562,0.411962,-2.961694,0.000179,0.000835,-0.162198
105.8500,-0.279944,0.258914,-3.812692,0.000166,0.000825,-0.162130,-0.120565,0.411960,-2.961700,0.000138,0.001041,-0.162219
105.9000,-0.279947,0.258914,-3.812692,0.000166,0.000825,-0.162154,-0.120566,0.411957,-2.961722,0.000112,0.000756,-0.162201
105.9500,-0.279950,0.258914,-3.812692,0.000166,0.000825,-0.162177,-0.120570,0.411957,-2.961693,0.000220,0.000779,-0.162352
106.0000,-0.279953,0.258914,-3.812692,0.000166,0.000825,-0.162201,-0.120574,0.411956,-2.961703,0.000248,0.000927,-0.162083
106.0500,-0.279955,0.258914,-3.812692,0.000166,0.000825,-0.162224,-0.120576,0.411951,-2.961731,0.000128,0.000767,-0.162025
106.1000,-0.279958,0.258915,-3.812693,0.000166,0.000825,-0.162246,-0.120579,0.411954,-2.961696,0.000054,0.000901,-0.162356
106.1500,-0.279961,0.258915,-3.812693,0.000166,0.000825,-0.162269,-0.120581,0.411956,-2.961707,0.000210,0.000837,-0.162079
106.2000,-0.279964,0.258915,-3.812693,0.000166,0.000825,-0.162291,-0.120582,0.411958,-2.961732,0.000236,0.000743,-0.162338
106.2520,-0.279966,0.258915,-3.812693,0.000166,0.000825,-0.162313,-0.120587,0.411958,-2.961695,0.000226,0.000656,-0.162213
106.3000,-0.279969,0.258915,-3.812693,0.000166,0.000825,-0.162335,-0.120590,0.411957,-2.961708,0.000249,0.000702,-0.162463
106.3500,-0.279972,0.258915,-3.812693,0.000166,0.000825,-0.162356,-0.120596,0.411954,-2.961741,0.000096,0.000822,-0.162446
106.4000,-0.279974,0.258915,-3.812694,0.000166,0.000825,-0.162378,-0.073880,0.394533,-2.961701,0.000126,0.000824,-0.162371
106.4500,-0.279977,0.258915,-3.812694,0.000166,0.000825,-0.162399,-0.073883,0.394532,-2.961716,0.000078,0.000785,-0.162244
106.5000,-0.279980,0.258915,-3.812694,0.000166,0.000825,-0.162420,-0.073886,0.394532,-2.961702,0.000162,0.000769,-0.162195
106.5500,-0.279982,0.258915,-3.812694,0.000166,0.000825,-0.162440,-0.073887,0.394532,-2.961701,0.000019,0.000913,-0.162441
106.6000,-0.279985,0.258915,-3.812694,0.000166,0.000825,-0.162461,-0.073888,0.394535,-2.961718,0.000155,0.000994,-0.162518
106.6500,-0.279987,0.258915,-3.812694,0.000166,0.000825,-0.162481,-0.073893,0.394535,-2.961699,0.000129,0.000864,-0.162374
106.7000,-0.279990,0.258915,-3.812695,0.000166,0.000825,-0.162501,-0.073895,0.394535,-2.961704,0.000181,0.000780,-0.162480
106.7500,-0.279992,0.258915,-3.812695,0.000166,0.000825,-0.162521,-0.073898,0.394535,-2.961724,-0.000022,0.000742,-0.162446
106.8000,-0.279995,0.258915,-3.812695,0.000166,0.000825,-0.162541,-0.073899,0.394534,-2.961702,0.000234,0.000837,-0.162451
106.8500,-0.279997,0.258915,-3.812695,0.000166,0.000825,-0.162560,-0.073902,0.394533,-2.961705,0.000135,0.000841,-0.162559
106.9000,-0.279999,0.258915,-3.812695,0.000166,0.000825,-0.162579,-0.073904,0.394532,-2.961725,0.000134,0.000823,-0.162637
106.9500,-0.280002,0.258915,-3.812695,0.000166,0.000825,-0.162598,-0.073907,0.394530,-2.961699,0.000302,0.000800,-0.162745
107.0000,-0.280004,0.258916,-3.812695,0.000166,0.000825,-0.162617,-0.073910,0.394529,-2.961707,0.000302,0.000684,-0.162450
107.0500,-0.280006,0.258916,-3.812696,0.000166,0.000825,-0.162636,-0.073917,0.394528,-2.961732,0.000101,0.000856,-0.162617
107.1000,-0.280009,0.258916,-3.812696,0.000166,0.000825,-0.162654,-0.073917,0.394525,-2.961702,0.000074,0.000814,-0.162465
107.1500,-0.280011,0.258916,-3.812696,0.000166,0.000825,-0.162673,-0.073920,0.394526,-2.961710,0.000324,0.000829,-0.162576
107.2000,-0.280013,0.258916,-3.812696,0.000166,0.000825,-0.162691,-0.073924,0.394527,-2.961733,0.000196,0.000764,-0.162682
107.2500,-0.280015,0.258916,-3.812696,0.000166,0.000825,-0.162709,-0.073926,0.394528,-2.961700,0.000049,0.000788,-0.162792
107.3000,-0.280017,0.258916,-3.812696,0.000166,0.000825,-0.162726,-0.073929,0.394528,-2.961712,0.000149,0.000795,-0.162866
107.3520,-0.280020,0.258916,-3.812696,0.000166,0.000825,-0.162744,-0.073936,0.394529,-2.961741,0.000263,0.000988,-0.162850
107.4000,-0.280022,0.258916,-3.812697,0.000166,0.000825,-0.162761,-0.031051,0.378537,-2.961706,0.000096,0.000729,-0.162661
107.4500,-0.280024,0.258916,-3.812697,0.000166,0.000825,-0.162778,-0.031054,0.378539,-2.961718,0.000118,0.000719,-0.162808
107.5020,-0.280026,0.258916,-3.812697,0.000166,0.000825,-0.162795,-0.031058,0.378540,-2.961745,0.000174,0.000756,-0.162744
107.5500,-0.280028,0.258916,-3.812697,0.000166,0.000825,-0.162812,-0.031058,0.378537,-2.961705,0.000008,0.000766,-0.162564
107.6020,-0.280030,0.258916,-3.812697,0.000166,0.000825,-0.162829,-0.031060,0.378537,-2.961720,0.000114,0.000971,-0.162908
107.6500,-0.280032,0.258916,-3.812697,0.000166,0.000825,-0.162845,-0.031061,0.378537,-2.961753,-0.000037,0.000778,-0.162785
107.7020,-0.280034,0.258916,-3.812697,0.000166,0.000825,-0.162862,-0.031062,0.378536,-2.961708,0.000201,0.000852,-0.163005
107.7500,-0.280036,0.258916,-3.812697,0.000167,0.000825,-0.162878,-0.031063,0.378537,-2.961724,0.000276,0.000798,-0.162926
107.8020,-0.280038,0.258916,-3.812698,0.000167,0.000825,-0.162894,-0.031064,0.378537,-2.961707,0.000175,0.000687,-0.162974
107.8500,-0.280040,0.258916,-3.812698,0.000167,0.000825,-0.162910,-0.031065,0.378537,-2.961708,0.000351,0.000930,-0.162884
107.9000,-0.280042,0.258916,-3.812698,0.000167,0.000825,-0.162925,-0.031065,0.378536,-2.961726,0.000142,0.001031,-0.162855
107.9500,-0.280044,0.258916,-3.812698,0.000167,0.000825,-0.162941,-0.031068,0.378534,-2.961704,0.000116,0.000840,-0.162948
108.0000,-0.280046,0.258917,-3.812698,0.000167,0.000825,-0.162956,-0.031069,0.378534,-2.961710,0.000114,0.000931,-0.163056
108.0500,-0.280048,0.258917,-3.812698,0.000167,0.000825,-0.162971,-0.031071,0.378534,-2.961732,0.000386,0.000918,-0.163102
108.1000,-0.280049,0.258917,-3.812698,0.000167,0.000825,-0.162986,-0.031072,0.378536,-2.961707,0.000041,0.000774,-0.163019
108.1500,-0.280051,0.258917,-3.812698,0.000167,0.000825,-0.163001,-0.031073,0.378539,-2.961712,0.000219,0.000828,-0.163036
108.2000,-0.280053,0.258917,-3.812698,0.000167,0.000825,-0.163016,-0.031074,0.378542,-2.961733,0.000126,0.000854,-0.162940
108.2500,-0.280055,0.258917,-3.812699,0.000167,0.000825,-0.163030,-0.031076,0.378540,-2.961705,0.000224,0.000660,-0.163028
108.3000,-0.280057,0.258917,-3.812699,0.000167,0.000825,-0.163045,-0.031079,0.378541,-2.961714,0.000205,0.000982,-0.162971
108.3500,-0.280058,0.258917,-3.812699,0.000167,0.000825,-0.163059,-0.031080,0.378542,-2.961740,0.000136,0.000792,-0.163080
108.4000,-0.280060,0.258917,-3.812699,0.000167,0.000825,-0.163073,0.008268,0.363867,-2.961710,0.000312,0.001028,-0.163072
108.4500,-0.280062,0.258917,-3.812699,0.000167,0.000825,-0.163087,0.008268,0.363864,-2.961719,0.000373,0.000853,-0.163137
108.5000,-0.280064,0.258917,-3.812699,0.000167,0.000825,-0.163101,0.008269,0.363860,-2.961743,0.000279,0.000730,-0.163304
108.5500,-0.280065,0.258917,-3.812699,0.000167,0.000825,-0.163115,0.008267,0.363863,-2.961708,0.000345,0.000884,-0.163291
108.6000,-0.280067,0.258917,-3.812699,0.000167,0.000825,-0.163128,0.008266,0.363862,-2.961720,0.000155,0.000799,-0.163155
108.6500,-0.280069,0.258917,-3.812699,0.000167,0.000825,-0.163141,0.008265,0.363860,-2.961751,0.000199,0.000798,-0.163007
108.7020,-0.280070,0.258917,-3.812699,0.000167,0.000825,-0.163155,0.008264,0.363862,-2.961710,0.000225,0.000997,-0.163110
108.7500,-0.280072,0.258917,-3.812700,0.000167,0.000825,-0.163168,0.008260,0.363858,-2.961724,0.000194,0.000785,-0.163173
108.8000,-0.280074,0.258917,-3.812700,0.000167,0.000825,-0.163181,0.008257,0.363855,-2.961751,0.000139,0.000850,-0.163249
108.8500,-0.280075,0.258917,-3.812700,0.000167,0.000825,-0.163194,0.008256,0.363857,-2.961710,0.000259,0.000894,-0.163230
108.9000,-0.280077,0.258917,-3.812700,0.000167,0.000825,-0.163206,0.008255,0.363857,-2.961726,0.000141,0.000762,-0.163382
108.9500,-0.280078,0.258917,-3.812700,0.000167,0.000825,-0.163219,0.008254,0.363854,-2.961708,-0.000100,0.000845,-0.163240
109.0000,-0.280080,0.258917,-3.812700,0.000167,0.000825,-0.163231,0.008252,0.363854,-2.961712,0.000174,0.000769,-0.163256
109.0500,-0.280081,0.258917,-3.812700,0.000167,0.000825,-0.163244,0.008247,0.363853,-2.961731,0.000097,0.000916,-0.163229
109.1000,-0.280083,0.258917,-3.812700,0.000167,0.000825,-0.163256,0.008246,0.363853,-2.961711,0.000115,0.000890,-0.163348
109.1500,-0.280084,0.258918,-3.812700,0.000167,0.000825,-0.163268,0.008245,0.363854,-2.961713,0.000086,0.000812,-0.163279
109.2000,-0.280086,0.258918,-3.812700,0.000167,0.000825,-0.163280,0.008242,0.363855,-2.961732,-0.000021,0.000788,-0.163386
109.2500,-0.280087,0.258918,-3.812700,0.000167,0.000825,-0.163292,0.008241,0.363851,-2.961708,0.000124,0.000848,-0.163385
109.3000,-0.280089,0.258918,-3.812701,0.000167,0.000825,-0.163304,0.008240,0.363851,-2.961715,0.000227,0.000963,-0.163234
109.3500,-0.280090,0.258918,-3.812701,0.000167,0.000825,-0.163315,0.008239,0.363848,-2.961737,0.000210,0.000907,-0.163373
109.4000,-0.280092,0.258918,-3.812701,0.000167,0.000825,-0.163327,0.044346,0.350385,-2.961713,0.000328,0.000752,-0.163275
109.4500,-0.280093,0.258918,-3.812701,0.000167,0.000825,-0.163338,0.044342,0.350384,-2.961719,0.000378,0.000743,-0.163448
109.5000,-0.280094,0.258918,-3.812701,0.000167,0.000825,-0.163349,0.044336,0.350383,-2.961741,0.000074,0.000807,-0.163281
109.5500,-0.280096,0.258918,-3.812701,0.000167,0.000825,-0.163360,0.044338,0.350382,-2.961710,0.000185,0.000684,-0.163446
109.6000,-0.280097,0.258918,-3.812701,0.000167,0.000825,-0.163371,0.044335,0.350382,-2.961721,0.000176,0.000761,-0.163429
109.6500,-0.280098,0.258918,-3.812701,0.000167,0.000825,-0.163382,0.044328,0.350379,-2.961748,0.000140,0.000883,-0.163450
109.7000,-0.280100,0.258918,-3.812701,0.000167,0.000825,-0.163393,0.044329,0.350384,-2.961713,-0.000013,0.001061,-0.163431
109.7500,-0.280101,0.258918,-3.812701,0.000167,0.000825,-0.163404,0.044331,0.350384,-2.961723,0.000194,0.000817,-0.163394
109.8000,-0.280102,0.258918,-3.812701,0.000167,0.000825,-0.163414,0.044331,0.350384,-2.961748,0.000134,0.000787,-0.163281
109.8500,-0.280104,0.258918,-3.812701,0.000167,0.000825,-0.163425,0.044329,0.350383,-2.961711,0.000154,0.000970,-0.163207
109.9000,-0.280105,0.258918,-3.812702,0.000167,0.000825,-0.163435,0.044330,0.350383,-2.961725,0.000015,0.000684,-0.163350
109.9500,-0.280106,0.258918,-3.812702,0.000167,0.000825,-0.163445,0.044330,0.350386,-2.961756,0.000298,0.000743,-0.163362
110.0640,-0.280109,0.258918,-3.812702,0.000167,0.000825,-0.163465,0.044324,0.350383,-2.961729,0.000071,0.000722,-0.163599
110.0640,-0.280109,0.258918,-3.812702,0.000167,0.000825,-0.163465,0.044324,0.350383,-2.961729,0.000071,0.000722,-0.163599
110.1000,-0.280110,0.258918,-3.812702,0.000167,0.000825,-0.163475,0.044322,0.350382,-2.961714,0.000149,0.001010,-0.163469
110.1500,-0.280111,0.258918,-3.812702,0.000167,0.000825,-0.163485,0.044321,0.350382,-2.961713,0.000365,0.000814,-0.163555
110.2020,-0.280112,0.258918,-3.812702,0.000167,0.000825,-0.163495,0.044321,0.350382,-2.961730,0.000226,0.001050,-0.163611
110.2500,-0.280114,0.258918,-3.812702,0.000167,0.000825,-0.163505,0.044319,0.350383,-2.961710,0.000155,0.000790,-0.163593
110.3000,-0.280115,0.258918,-3.812702,0.000167,0.000825,-0.163514,0.044318,0.350383,-2.961715,0.000243,0.000915,-0.163633
110.3500,-0.280116,0.258918,-3.812702,0.000167,0.000825,-0.163524,0.044320,0.350384,-2.961735,0.000173,0.000912,-0.163513
110.4000,-0.280117,0.258918,-3.812702,0.000167,0.000825,-0.163533,0.077449,0.338032,-2.961715,0.000126,0.000900,-0.163555
110.4500,-0.280118,0.258918,-3.812702,0.000167,0.000825,-0.163542,0.077449,0.338033,-2.961718,0.000208,0.000821,-0.163481
110.5000,-0.280119,0.258919,-3.812702,0.000167,0.000825,-0.163551,0.077448,0.338034,-2.961738,0.000112,0.000853,-0.163589
110.5500,-0.280120,0.258919,-3.812702,0.000167,0.000825,-0.163560,0.077449,0.338035,-2.961712,0.000290,0.000872,-0.163598
110.6000,-0.280122,0.258919,-3.812703,0.000167,0.000825,-0.163569,0.077448,0.338034,-2.961720,0.000130,0.000778,-0.163562
110.6500,-0.280123,0.258919,-3.812703,0.000167,0.000825,-0.163578,0.077448,0.338032,-2.961744,0.000172,0.000744,-0.163514
110.7000,-0.280124,0.258919,-3.812703,0.000167,0.000825,-0.163587,0.077449,0.338032,-2.961714,0.000196,0.000740,-0.163618
110.7500,-0.280125,0.258919,-3.812703,0.000167,0.000825,-0.163596,0.077446,0.338031,-2.961722,0.000214,0.000929,-0.163636
110.8000,-0.280126,0.258919,-3.812703,0.000167,0.000825,-0.163604,0.077444,0.338031,-2.961745,0.000030,0.000945,-0.163432
110.8500,-0.280127,0.258919,-3.812703,0.000167,0.000825,-0.163613,0.077443,0.338031,-2.961712,-0.000050,0.000865,-0.163539
110.9000,-0.280128,0.258919,-3.812703,0.000167,0.000825,-0.163621,0.077443,0.338032,-2.961723,0.000015,0.000878,-0.163745
110.9520,-0.280129,0.258919,-3.812703,0.000167,0.000825,-0.163629,0.077445,0.338037,-2.961752,0.000324,0.000679,-0.163654
111.0000,-0.280130,0.258919,-3.812703,0.000167,0.000825,-0.163638,0.077443,0.338034,-2.961715,0.000072,0.000594,-0.163717
111.0500,-0.280131,0.258919,-3.812703,0.000167,0.000825,-0.163646,0.077439,0.338036,-2.961727,0.000148,0.000859,-0.163754
111.1020,-0.280132,0.258919,-3.812703,0.000168,0.000825,-0.163654,0.077436,0.338037,-2.961753,0.000226,0.000809,-0.163668
111.1500,-0.280133,0.258919,-3.812703,0.000168,0.000825,-0.163662,0.077437,0.338036,-2.961714,0.000170,0.000855,-0.163673
111.2000,-0.280134,0.258919,-3.812703,0.000168,0.000825,-0.163670,0.077437,0.338035,-2.961728,0.000135,0.000937,-0.163722
111.2500,-0.280135,0.258919,-3.812703,0.000168,0.000825,-0.163678,0.077439,0.338036,-2.961761,0.000142,0.000959,-0.163602
111.3000,-0.280136,0.258919,-3.812703,0.000168,0.000825,-0.163685,0.077433,0.338033,-2.961715,0.000279,0.000918,-0.163577
111.3500,-0.280137,0.258919,-3.812703,0.000168,0.000825,-0.163693,0.077433,0.338029,-2.961732,0.000018,0.000805,-0.163570
111.4000,-0.280138,0.258919,-3.812704,0.000168,0.000825,-0.163701,0.107832,0.326697,-2.961717,0.000181,0.000772,-0.163475
111.4500,-0.280139,0.258919,-3.812704,0.000168,0.000825,-0.163708,0.107832,0.326698,-2.961717,0.000084,0.000873,-0.163647
111.5000,-0.280140,0.258919,-3.812704,0.000168,0.000825,-0.163715,0.107833,0.326699,-2.961735,0.000103,0.000783,-0.163841
111.5500,-0.280141,0.258919,-3.812704,0.000168,0.000825,-0.163723,0.107831,0.326700,-2.961713,0.000325,0.000887,-0.163750
111.6000,-0.280142,0.258919,-3.812704,0.000168,0.000825,-0.163730,0.107830,0.326699,-2.961719,0.000221,0.001020,-0.163866
111.6500,-0.280142,0.258919,-3.812704,0.000168,0.000825,-0.163737,0.107829,0.326695,-2.961740,0.000055,0.000806,-0.163709
111.7000,-0.280143,0.258919,-3.812704,0.000168,0.000825,-0.163744,0.107829,0.326696,-2.961716,0.000183,0.000823,-0.163687
111.7500,-0.280144,0.258919,-3.812704,0.000168,0.000825,-0.163752,0.107828,0.326695,-2.961721,0.000124,0.000820,-0.163806
111.8000,-0.280145,0.258919,-3.812704,0.000168,0.000825,-0.163759,0.107829,0.326694,-2.961741,0.000297,0.000579,-0.163656
111.8500,-0.280146,0.258919,-3.812704,0.000168,0.000825,-0.163765,0.107830,0.326696,-2.961713,0.000257,0.000910,-0.163901
111.9000,-0.280147,0.258919,-3.812704,0.000168,0.000825,-0.163772,0.107830,0.326695,-2.961722,0.000082,0.000838,-0.163628
111.9500,-0.280148,0.258919,-3.812704,0.000168,0.000825,-0.163779,0.107829,0.326696,-2.961748,0.000220,0.000880,-0.163748
112.0000,-0.280148,0.258919,-3.812704,0.000168,0.000825,-0.163786,0.107827,0.326697,-2.961715,0.000028,0.000704,-0.163643
112.0500,-0.280149,0.258919,-3.812704,0.000168,0.000825,-0.163792,0.107825,0.326698,-2.961724,0.000093,0.001026,-0.163895
112.1000,-0.280150,0.258919,-3.812704,0.000168,0.000825,-0.163799,0.107827,0.326698,-2.961748,0.000298,0.000736,-0.163951
112.1520,-0.280151,0.258919,-3.812704,0.000168,0.000825,-0.163805,0.107825,0.326700,-2.961713,0.000362,0.000757,-0.163719
112.2000,-0.280152,0.258919,-3.812704,0.000168,0.000825,-0.163812,0.107825,0.326697,-2.961726,0.000214,0.000879,-0.163792
112.2500,-0.280152,0.258920,-3.812704,0.000168,0.000825,-0.163818,0.107826,0.326692,-2.961756,0.000099,0.000588,-0.163705
112.3000,-0.280153,0.258920,-3.812704,0.000168,0.000825,-0.163825,0.107825,0.326695,-2.961715,0.000206,0.000973,-0.163754
112.3500,-0.280154,0.258920,-3.812704,0.000168,0.000825,-0.163831,0.107827,0.326696,-2.961729,0.000053,0.000832,-0.163758
112.4000,-0.280155,0.258920,-3.812705,0.000168,0.000825,-0.163837,0.135818,0.316264,-2.961758,0.000118,0.000743,-0.163773
112.4500,-0.280156,0.258920,-3.812705,0.000168,0.000825,-0.163843,0.135718,0.316299,-2.961717,0.000110,0.000847,-0.163941
112.5000,-0.280156,0.258920,-3.812705,0.000168,0.000825,-0.163849,0.135719,0.316300,-2.961732,0.000158,0.000869,-0.163810
112.5520,-0.280157,0.258920,-3.812705,0.000168,0.000825,-0.163855,0.135717,0.316299,-2.961715,0.000126,0.000938,-0.163878
112.6000,-0.280158,0.258920,-3.812705,0.000168,0.000825,-0.163861,0.135717,0.316299,-2.961719,0.000208,0.000993,-0.164013
112.6500,-0.280159,0.258920,-3.812705,0.000168,0.000825,-0.163867,0.135720,0.316299,-2.961737,0.000230,0.000920,-0.163831
112.7000,-0.280159,0.258920,-3.812705,0.000168,0.000825,-0.163873,0.135717,0.316300,-2.961717,0.000152,0.000788,-0.163891
112.7500,-0.280160,0.258920,-3.812705,0.000168,0.000825,-0.163878,0.135716,0.316300,-2.961719,0.000176,0.000885,-0.163892
112.8000,-0.280161,0.258920,-3.812705,0.000168,0.000825,-0.163884,0.135715,0.316299,-2.961738,0.000117,0.000696,-0.163948
112.8500,-0.280161,0.258920,-3.812705,0.000168,0.000825,-0.163890,0.135714,0.316297,-2.961713,0.000063,0.000712,-0.163981
112.9000,-0.280162,0.258920,-3.812705,0.000168,0.000825,-0.163895,0.135713,0.316298,-2.961720,0.000148,0.000863,-0.164015
112.9500,-0.280163,0.258920,-3.812705,0.000168,0.000825,-0.163901,0.135711,0.316300,-2.961743,0.000321,0.000945,-0.163971
113.0000,-0.280163,0.258920,-3.812705,0.000168,0.000825,-0.163906,0.135713,0.316300,-2.961716,0.000200,0.000857,-0.163935
113.0500,-0.280164,0.258920,-3.812705,0.000168,0.000825,-0.163912,0.135712,0.316300,-2.961722,0.000173,0.000955,-0.163873
113.1000,-0.280165,0.258920,-3.812705,0.000168,0.000825,-0.163917,0.135710,0.316301,-2.961744,0.000106,0.000863,-0.164007
113.1500,-0.280165,0.258920,-3.812705,0.000168,0.000825,-0.163922,0.135709,0.316301,-2.961714,0.000122,0.000773,-0.163848
113.2000,-0.280166,0.258920,-3.812705,0.000168,0.000825,-0.163927,0.135709,0.316301,-2.961724,0.000234,0.000704,-0.163934
113.2520,-0.280167,0.258920,-3.812705,0.000168,0.000825,-0.163933,0.135705,0.316303,-2.961751,0.000241,0.000776,-0.163885
113.3000,-0.280167,0.258920,-3.812705,0.000168,0.000825,-0.163938,0.135708,0.316302,-2.961716,0.000245,0.000784,-0.163928
113.3500,-0.280168,0.258920,-3.812705,0.000168,0.000825,-0.163943,0.135707,0.316301,-2.961727,0.000094,0.000941,-0.163891
113.4000,-0.280169,0.258920,-3.812705,0.000168,0.000825,-0.163948,0.161356,0.306739,-2.961753,0.000062,0.000771,-0.163803
113.4500,-0.280169,0.258920,-3.812705,0.000168,0.000825,-0.163953,0.161294,0.306762,-2.961716,0.000260,0.000836,-0.163969
113.5000,-0.280170,0.258920,-3.812705,0.000168,0.000825,-0.163958,0.161295,0.306760,-2.961729,0.000219,0.000792,-0.164035
113.5520,-0.280170,0.258920,-3.812705,0.000168,0.000825,-0.163963,0.161297,0.306755,-2.961761,-0.000022,0.000635,-0.164018
113.6020,-0.280171,0.258920,-3.812705,0.000168,0.000825,-0.163967,0.161297,0.306757,-2.961718,0.000137,0.001045,-0.163971
113.6500,-0.280172,0.258920,-3.812706,0.000168,0.000825,-0.163972,0.161297,0.306756,-2.961733,0.000262,0.000797,-0.164082
113.7020,-0.280172,0.258920,-3.812706,0.000168,0.000825,-0.163977,0.161297,0.306753,-2.961761,0.000142,0.000755,-0.163950
113.7500,-0.280173,0.258920,-3.812706,0.000168,0.000825,-0.163981,0.161295,0.306755,-2.961717,0.000104,0.000767,-0.164004
113.8000,-0.280173,0.258920,-3.812706,0.000168,0.000825,-0.163986,0.161294,0.306755,-2.961734,0.000212,0.000771,-0.164050
113.8500,-0.280174,0.258920,-3.812706,0.000168,0.000825,-0.163991,0.161293,0.306755,-2.961715,0.000064,0.000771,-0.164171
113.9000,-0.280174,0.258920,-3.812706,0.000168,0.000825,-0.163995,0.161292,0.306755,-2.961719,0.000147,0.000883,-0.163899
113.9500,-0.280175,0.258920,-3.812706,0.000168,0.000825,-0.164000,0.161293,0.306755,-2.961739,0.000212,0.000776,-0.163933
114.0000,-0.280176,0.258920,-3.812706,0.000168,0.000825,-0.164004,0.161293,0.306755,-2.961717,0.000102,0.000833,-0.164168
114.0500,-0.280176,0.258920,-3.812706,0.000168,0.000825,-0.164008,0.161292,0.306755,-2.961720,0.000218,0.001029,-0.164084
114.1000,-0.280177,0.258920,-3.812706,0.000168,0.000825,-0.164013,0.161293,0.306754,-2.961740,0.000122,0.001005,-0.163995
114.1500,-0.280177,0.258920,-3.812706,0.000168,0.000825,-0.164017,0.161290,0.306754,-2.961714,0.000184,0.000956,-0.163879
114.2000,-0.280178,0.258920,-3.812706,0.000168,0.000825,-0.164021,0.161291,0.306754,-2.961722,0.000156,0.000937,-0.164021
114.2500,-0.280178,0.258920,-3.812706,0.000168,0.000825,-0.164026,0.161294,0.306752,-2.961746,0.000258,0.000705,-0.163914
114.3000,-0.280179,0.258920,-3.812706,0.000168,0.000825,-0.164030,0.161293,0.306753,-2.961716,0.000155,0.000736,-0.164021
114.3500,-0.280179,0.258920,-3.812706,0.000168,0.000825,-0.164034,0.161291,0.306752,-2.961724,0.000151,0.000824,-0.163854
114.4000,-0.280180,0.258920,-3.812706,0.000168,0.000825,-0.164038,0.139106,0.271052,-2.961746,0.000059,0.000870,-0.163982
114.4500,-0.280180,0.258920,-3.812706,0.000168,0.000825,-0.164042,0.139137,0.271105,-2.961713,0.000229,0.000691,-0.163954
114.5000,-0.280181,0.258920,-3.812706,0.000168,0.000825,-0.164046,0.139136,0.271105,-2.961725,0.000214,0.000896,-0.164011
114.5500,-0.280181,0.258921,-3.812706,0.000168,0.000825,-0.164050,0.139134,0.271105,-2.961753,0.000180,0.000849,-0.164110
114.6000,-0.280182,0.258921,-3.812706,0.000168,0.000825,-0.164054,0.139134,0.271106,-2.961716,0.000286,0.000965,-0.164187
114.6500,-0.280182,0.258921,-3.812706,0.000168,0.000825,-0.164058,0.139135,0.271105,-2.961728,0.000253,0.000905,-0.163995
114.7000,-0.280183,0.258921,-3.812706,0.000168,0.000825,-0.164062,0.139134,0.271105,-2.961754,0.000185,0.000747,-0.164035
114.7500,-0.280183,0.258921,-3.812706,0.000168,0.000825,-0.164065,0.139134,0.271105,-2.961715,0.000141,0.000699,-0.164079
114.8000,-0.280184,0.258921,-3.812706,0.000168,0.000825,-0.164069,0.139134,0.271103,-2.961729,0.000262,0.000767,-0.164137
114.8500,-0.280184,0.258921,-3.812706,0.000168,0.000825,-0.164073,0.139130,0.271100,-2.961762,-0.000023,0.001038,-0.164143
114.9000,-0.280185,0.258921,-3.812706,0.000168,0.000825,-0.164077,0.139132,0.271102,-2.961717,0.000168,0.000664,-0.163861
114.9500,-0.280185,0.258921,-3.812706,0.000168,0.000825,-0.164080,0.139132,0.271104,-2.961733,0.000174,0.000845,-0.163960
115.0000,-0.280185,0.258921,-3.812706,0.000168,0.000825,-0.164084,0.139131,0.271105,-2.961716,0.000114,0.000801,-0.164026
115.0500,-0.280186,0.258921,-3.812706,0.000168,0.000825,-0.164087,0.139131,0.271105,-2.961717,0.000149,0.000809,-0.164244
115.1000,-0.280186,0.258921,-3.812706,0.000168,0.000825,-0.164091,0.139130,0.271107,-2.961734,0.000345,0.000891,-0.164201
115.1500,-0.280187,0.258921,-3.812706,0.000168,0.000825,-0.164094,0.139129,0.271106,-2.961713,0.000052,0.000932,-0.164064
115.2000,-0.280187,0.258921,-3.812706,0.000168,0.000825,-0.164098,0.139129,0.271106,-2.961718,0.000220,0.000679,-0.164049
115.2500,-0.280188,0.258921,-3.812706,0.000168,0.000825,-0.164101,0.139129,0.271107,-2.961740,0.000105,0.000782,-0.163968
115.3000,-0.280188,0.258921,-3.812706,0.000168,0.000825,-0.164105,0.139129,0.271108,-2.961716,0.000042,0.000816,-0.164162
115.3500,-0.280189,0.258921,-3.812707,0.000168,0.000825,-0.164108,0.139128,0.271108,-2.961720,0.000138,0.000916,-0.164070
115.4000,-0.280189,0.258921,-3.812707,0.000168,0.000825,-0.164111,0.125088,0.261816,-2.961740,0.000102,0.000711,-0.164195
115.4500,-0.280189,0.258921,-3.812707,0.000168,0.000825,-0.164115,0.125099,0.261822,-2.961712,0.000329,0.000902,-0.164019
115.5000,-0.280190,0.258921,-3.812707,0.000168,0.000825,-0.164118,0.125098,0.261821,-2.961721,0.000153,0.000696,-0.164226
115.5500,-0.280190,0.258921,-3.812707,0.000168,0.000825,-0.164121,0.125094,0.261820,-2.961747,0.000417,0.000806,-0.163937
115.6000,-0.280191,0.258921,-3.812707,0.000168,0.000825,-0.164124,0.125097,0.261823,-2.961714,0.000220,0.000856,-0.163978
115.6520,-0.280191,0.258921,-3.812707,0.000168,0.000825,-0.164127,0.125098,0.261822,-2.961723,0.000173,0.000960,-0.164220
115.7000,-0.280191,0.258921,-3.812707,0.000168,0.000825,-0.164130,0.125101,0.261819,-2.961747,0.000209,0.000824,-0.164020
115.7500,-0.280192,0.258921,-3.812707,0.000168,0.000825,-0.164134,0.125098,0.261822,-2.961712,0.000217,0.001048,-0.164249
115.8000,-0.280192,0.258921,-3.812707,0.000168,0.000825,-0.164137,0.125099,0.261821,-2.961725,0.000158,0.000758,-0.164133
115.8500,-0.280192,0.258921,-3.812707,0.000168,0.000825,-0.164140,0.125099,0.261819,-2.961755,0.000171,0.000903,-0.164246
115.9000,-0.280193,0.258921,-3.812707,0.000168,0.000825,-0.164143,0.125098,0.261822,-2.961715,0.000128,0.000866,-0.164322
115.9500,-0.280193,0.258921,-3.812707,0.000168,0.000825,-0.164146,0.125096,0.261822,-2.961728,0.000069,0.000889,-0.164239
116.0000,-0.280194,0.258921,-3.812707,0.000168,0.000825,-0.164149,0.125095,0.261823,-2.961756,0.000120,0.000762,-0.164127
116.0500,-0.280194,0.258921,-3.812707,0.000168,0.000825,-0.164151,0.125096,0.261822,-2.961714,0.000384,0.000858,-0.164147
116.1000,-0.280194,0.258921,-3.812707,0.000168,0.000825,-0.164154,0.125097,0.261822,-2.961730,0.000192,0.000841,-0.164081
116.1500,-0.280195,0.258921,-3.812707,0.000168,0.000825,-0.164157,0.125097,0.261823,-2.961712,0.000187,0.000802,-0.164158
116.2000,-0.280195,0.258921,-3.812707,0.000168,0.000825,-0.164160,0.125097,0.261823,-2.961716,0.000225,0.000662,-0.164198
116.2500,-0.280195,0.258921,-3.812707,0.000168,0.000825,-0.164163,0.125095,0.261824,-2.961735,0.000123,0.000809,-0.164063
116.3000,-0.280196,0.258921,-3.812707,0.000168,0.000825,-0.164165,0.125095,0.261823,-2.961715,0.000172,0.000806,-0.164357
116.3500,-0.280196,0.258921,-3.812707,0.000168,0.000825,-0.164168,0.125095,0.261822,-2.961717,0.000133,0.000726,-0.164119
116.4000,-0.280196,0.258921,-3.812707,0.000168,0.000825,-0.164171,0.132609,0.294161,-2.961735,0.000129,0.000884,-0.164176
116.4500,-0.280197,0.258921,-3.812707,0.000168,0.000825,-0.164174,0.132606,0.294150,-2.961711,0.000129,0.000760,-0.164123
116.5000,-0.280197,0.258921,-3.812707,0.000168,0.000825,-0.164176,0.132605,0.294150,-2.961718,0.000163,0.001014,-0.164186
116.5500,-0.280197,0.258921,-3.812707,0.000168,0.000825,-0.164179,0.132608,0.294151,-2.961741,0.000248,0.000784,-0.164215
116.6000,-0.280198,0.258921,-3.812707,0.000168,0.000825,-0.164181,0.132608,0.294149,-2.961714,0.000193,0.000875,-0.164173
116.6500,-0.280198,0.258921,-3.812707,0.000168,0.000825,-0.164184,0.132608,0.294149,-2.961720,0.000138,0.000631,-0.164076
116.7000,-0.280198,0.258921,-3.812707,0.000168,0.000825,-0.164186,0.132607,0.294150,-2.961742,0.000222,0.000984,-0.164224
116.7500,-0.280199,0.258921,-3.812707,0.000168,0.000825,-0.164189,0.132605,0.294150,-2.961712,0.000069,0.000826,-0.164097
116.8000,-0.280199,0.258921,-3.812707,0.000168,0.000825,-0.164191,0.132605,0.294150,-2.961722,0.000019,0.000709,-0.164295
116.8500,-0.280199,0.258921,-3.812707,0.000168,0.000825,-0.164194,0.132605,0.294152,-2.961749,0.000216,0.000949,-0.164027
116.9000,-0.280200,0.258921,-3.812707,0.000168,0.000825,-0.164196,0.132604,0.294150,-2.961714,0.000001,0.000803,-0.164173
116.9500,-0.280200,0.258921,-3.812707,0.000168,0.000825,-0.164199,0.132603,0.294152,-2.961725,0.000036,0.000786,-0.164233
117.0000,-0.280200,0.258921,-3.812707,0.000168,0.000825,-0.164201,0.132602,0.294155,-2.961750,0.000234,0.000829,-0.164203
117.0500,-0.280200,0.258921,-3.812707,0.000168,0.000825,-0.164204,0.132602,0.294153,-2.961713,0.000161,0.000845,-0.164048
117.1000,-0.280201,0.258921,-3.812707,0.000168,0.000825,-0.164206,0.132602,0.294152,-2.961726,0.000225,0.000730,-0.164216
117.1500,-0.280201,0.258921,-3.812707,0.000168,0.000825,-0.164208,0.132601,0.294151,-2.961758,0.000144,0.000941,-0.164244
117.2000,-0.280201,0.258921,-3.812707,0.000168,0.000825,-0.164210,0.132600,0.294152,-2.961714,0.000168,0.001007,-0.164188
117.2500,-0.280202,0.258921,-3.812707,0.000168,0.000825,-0.164213,0.132603,0.294150,-2.961730,0.000240,0.000847,-0.164246
117.3000,-0.280202,0.258921,-3.812707,0.000168,0.000825,-0.164215,0.132607,0.294150,-2.961758,0.000094,0.001010,-0.164281
117.3500,-0.280202,0.258921,-3.812707,0.000168,0.000825,-0.164217,0.132600,0.294151,-2.961715,0.000078,0.000757,-0.164239
117.4000,-0.280202,0.258921,-3.812707,0.000168,0.000825,-0.164219,0.046796,0.251159,-2.961727,0.000292,0.000837,-0.164368
117.4500,-0.280203,0.258921,-3.812707,0.000168,0.000825,-0.164222,0.046796,0.251160,-2.961708,-0.000064,0.000930,-0.164224
117.5000,-0.280203,0.258921,-3.812707,0.000168,0.000825,-0.164224,0.046796,0.251161,-2.961713,0.000191,0.000692,-0.164173
117.5520,-0.280203,0.258921,-3.812707,0.000168,0.000825,-0.164226,0.046796,0.251161,-2.961733,0.000213,0.000768,-0.164268
117.6000,-0.280203,0.258921,-3.812707,0.000168,0.000825,-0.164228,0.046796,0.251161,-2.961711,0.000135,0.000832,-0.164122
117.6500,-0.280204,0.258921,-3.812707,0.000168,0.000825,-0.164230,0.046796,0.251160,-2.961714,0.000096,0.000652,-0.164224
117.7000,-0.280204,0.258921,-3.812707,0.000168,0.000825,-0.164232,0.046794,0.251160,-2.961734,0.000146,0.000731,-0.164471
117.7500,-0.280204,0.258921,-3.812707,0.000168,0.000825,-0.164234,0.046794,0.251161,-2.961708,0.000283,0.000698,-0.164189
117.8000,-0.280205,0.258921,-3.812707,0.000168,0.000825,-0.164236,0.046793,0.251160,-2.961716,0.000094,0.000866,-0.164303
117.8500,-0.280205,0.258921,-3.812707,0.000168,0.000825,-0.164238,0.046795,0.251161,-2.961740,0.000205,0.000757,-0.164258
117.9000,-0.280205,0.258921,-3.812707,0.000168,0.000825,-0.164240,0.046794,0.251161,-2.961710,0.000157,0.000885,-0.164187
117.9500,-0.280205,0.258921,-3.812707,0.000168,0.000825,-0.164242,0.046794,0.251159,-2.961718,0.000191,0.000938,-0.164285
118.0000,-0.280206,0.258921,-3.812707,0.000168,0.000825,-0.164244,0.046795,0.251156,-2.961741,0.000195,0.000938,-0.164313
118.0500,-0.280206,0.258921,-3.812708,0.000168,0.000825,-0.164246,0.046793,0.251159,-2.961708,0.000056,0.000726,-0.164438
118.1000,-0.280206,0.258921,-3.812708,0.000168,0.000825,-0.164248,0.046794,0.251159,-2.961720,0.000283,0.000857,-0.164308
118.1500,-0.280206,0.258921,-3.812708,0.000168,0.000825,-0.164250,0.046798,0.251159,-2.961749,0.000021,0.000732,-0.164313
118.2000,-0.280206,0.258921,-3.812708,0.000168,0.000825,-0.164252,0.046795,0.251157,-2.961711,0.000315,0.000759,-0.164171
118.2500,-0.280207,0.258921,-3.812708,0.000168,0.000825,-0.164253,0.046795,0.251154,-2.961723,0.000180,0.000738,-0.164286
118.3000,-0.280207,0.258921,-3.812708,0.000168,0.000825,-0.164255,0.046795,0.251152,-2.961749,0.000086,0.000725,-0.164163
118.3500,-0.280207,0.258922,-3.812708,0.000168,0.000825,-0.164257,0.046797,0.251153,-2.961710,0.000008,0.000820,-0.164400
118.4000,-0.280207,0.258922,-3.812708,0.000168,0.000825,-0.164259,-0.001560,0.227717,-2.961723,-0.000018,0.000753,-0.164298
118.4500,-0.280208,0.258922,-3.812708,0.000168,0.000825,-0.164261,-0.001621,0.227690,-2.961756,-0.000014,0.000773,-0.164082
118.5000,-0.280208,0.258922,-3.812708,0.000168,0.000825,-0.164262,-0.001568,0.227712,-2.961710,-0.000030,0.000744,-0.164156
118.5500,-0.280208,0.258922,-3.812708,0.000168,0.000825,-0.164264,-0.001568,0.227714,-2.961727,0.000175,0.000614,-0.164213
118.6000,-0.280208,0.258922,-3.812708,0.000168,0.000825,-0.164266,-0.001567,0.227713,-2.961710,0.000050,0.000815,-0.164238
118.6500,-0.280208,0.258922,-3.812708,0.000168,0.000825,-0.164267,-0.001567,0.227712,-2.961711,0.000183,0.000827,-0.164470
118.7000,-0.280209,0.258922,-3.812708,0.000168,0.000825,-0.164269,-0.001568,0.227713,-2.961728,0.000114,0.001097,-0.164229
118.7500,-0.280209,0.258922,-3.812708,0.000168,0.000825,-0.164271,-0.001569,0.227713,-2.961707,0.000113,0.000766,-0.164291
118.8000,-0.280209,0.258922,-3.812708,0.000168,0.000825,-0.164272,-0.001570,0.227713,-2.961713,0.000124,0.000660,-0.164154
118.8520,-0.280209,0.258922,-3.812708,0.000168,0.000825,-0.164274,-0.001575,0.227715,-2.961734,0.000169,0.000832,-0.164331
118.9000,-0.280209,0.258922,-3.812708,0.000168,0.000825,-0.164276,-0.001574,0.227715,-2.961710,0.000088,0.000823,-0.164029
118.9500,-0.280210,0.258922,-3.812708,0.000168,0.000825,-0.164277,-0.001575,0.227715,-2.961715,0.000283,0.000710,-0.164408
119.0020,-0.280210,0.258922,-3.812708,0.000168,0.000825,-0.164279,-0.001575,0.227713,-2.961735,0.000337,0.000759,-0.164251
119.0500,-0.280210,0.258922,-3.812708,0.000168,0.000825,-0.164280,-0.001574,0.227715,-2.961707,0.000289,0.000947,-0.164237
119.1000,-0.280210,0.258922,-3.812708,0.000168,0.000825,-0.164282,-0.001574,0.227714,-2.961716,0.000121,0.000983,-0.164338
119.1500,-0.280210,0.258922,-3.812708,0.000168,0.000825,-0.164283,-0.001572,0.227711,-2.961743,0.000347,0.000709,-0.164234
119.2000,-0.280211,0.258922,-3.812708,0.000168,0.000825,-0.164285,-0.001572,0.227714,-2.961710,0.000269,0.000907,-0.164326
119.2500,-0.280211,0.258922,-3.812708,0.000168,0.000825,-0.164286,-0.001572,0.227715,-2.961719,0.000011,0.000687,-0.164130
119.3000,-0.280211,0.258922,-3.812708,0.000168,0.000825,-0.164288,-0.001574,0.227717,-2.961743,0.000310,0.000813,-0.163923
119.3500,-0.280211,0.258922,-3.812708,0.000168,0.000825,-0.164289,-0.001572,0.227716,-2.961708,0.000065,0.000907,-0.164417
119.4000,-0.280211,0.258922,-3.812708,0.000168,0.000825,-0.164291,0.041454,0.185655,-2.961724,0.000110,0.000878,-0.164216
119.4500,-0.280212,0.258922,-3.812708,0.000168,0.000825,-0.164292,0.041491,0.185620,-2.961754,0.000266,0.000786,-0.164329
119.5000,-0.280212,0.258922,-3.812708,0.000168,0.000825,-0.164294,0.041464,0.185646,-2.961714,0.000188,0.000645,-0.164328
119.5500,-0.280212,0.258922,-3.812708,0.000168,0.000825,-0.164295,0.041461,0.185646,-2.961728,0.000222,0.000757,-0.164203
119.6000,-0.280212,0.258922,-3.812708,0.000168,0.000825,-0.164296,0.041458,0.185646,-2.961755,0.000173,0.000891,-0.164294
119.6500,-0.280212,0.258922,-3.812708,0.000168,0.000825,-0.164298,0.041460,0.185647,-2.961714,0.000326,0.001014,-0.164281
119.7000,-0.280212,0.258922,-3.812708,0.000168,0.000825,-0.164299,0.041460,0.185647,-2.961729,0.000250,0.000946,-0.164136
119.7520,-0.280213,0.258922,-3.812708,0.000168,0.000825,-0.164301,0.041459,0.185650,-2.961712,0.000198,0.000688,-0.164211
119.8000,-0.280213,0.258922,-3.812708,0.000168,0.000825,-0.164302,0.041458,0.185650,-2.961716,-0.000088,0.000635,-0.164262
119.8500,-0.280213,0.258922,-3.812708,0.000168,0.000825,-0.164303,0.041452,0.185652,-2.961734,0.000040,0.000811,-0.164283
119.9000,-0.280213,0.258922,-3.812708,0.000168,0.000825,-0.164305,0.041453,0.185651,-2.961714,0.000137,0.000774,-0.164313
119.9500,-0.280213,0.258922,-3.812708,0.000168,0.000825,-0.164306,0.041453,0.185650,-2.961716,0.000096,0.000930,-0.164069
120.0000,-0.280213,0.258922,-3.812708,0.000168,0.000825,-0.164307,0.041452,0.185651,-2.961735,-0.000024,0.000644,-0.164175
120.0500,-0.280214,0.258922,-3.812708,0.000168,0.000825,-0.164308,0.041453,0.185649,-2.961711,0.000177,0.000932,-0.164262
120.1000,-0.280214,0.258922,-3.812708,0.000168,0.000825,-0.164310,0.041454,0.185649,-2.961718,0.000096,0.000862,-0.164222
120.1500,-0.280214,0.258922,-3.812708,0.000168,0.000825,-0.164311,0.041454,0.185650,-2.961741,0.000359,0.000937,-0.164416
120.2000,-0.280214,0.258922,-3.812708,0.000168,0.000825,-0.164312,0.041454,0.185652,-2.961714,0.000049,0.000761,-0.164217
120.2500,-0.280214,0.258922,-3.812708,0.000168,0.000825,-0.164313,0.041453,0.185653,-2.961720,0.000236,0.000806,-0.164432
120.3000,-0.280214,0.258922,-3.812708,0.000168,0.000825,-0.164315,0.041452,0.185653,-2.961742,0.000131,0.000774,-0.164373
120.3520,-0.280214,0.258922,-3.812708,0.000168,0.000825,-0.164316,0.041454,0.185653,-2.961711,0.000314,0.000618,-0.164246
120.4000,-0.280215,0.258922,-3.812708,0.000168,0.000825,-0.164317,-0.014427,0.206993,-2.961718,0.000228,0.000757,-0.164222
120.4520,-0.280215,0.258922,-3.812708,0.000168,0.000825,-0.164318,-0.014459,0.207001,-2.961745,0.000236,0.000789,-0.164406
120.5000,-0.280215,0.258922,-3.812708,0.000168,0.000825,-0.164319,-0.014439,0.206996,-2.961710,0.000121,0.000887,-0.164309
120.5500,-0.280215,0.258922,-3.812708,0.000168,0.000825,-0.164320,-0.014439,0.206998,-2.961721,0.000134,0.000785,-0.164286
120.6000,-0.280215,0.258922,-3.812708,0.000168,0.000825,-0.164322,-0.014439,0.207002,-2.961746,0.000172,0.000840,-0.164445
120.6500,-0.280215,0.258922,-3.812708,0.000168,0.000825,-0.164323,-0.014441,0.206998,-2.961709,0.000273,0.000886,-0.164493
120.7000,-0.280216,0.258922,-3.812708,0.000168,0.000825,-0.164324,-0.014444,0.206995,-2.961723,0.000121,0.000873,-0.164006
120.7500,-0.280216,0.258922,-3.812708,0.000168,0.000825,-0.164325,-0.014447,0.206990,-2.961754,0.000141,0.000704,-0.164487
120.8000,-0.280216,0.258922,-3.812708,0.000168,0.000825,-0.164326,-0.014445,0.206993,-2.961711,0.000212,0.000931,-0.164420
120.8500,-0.280216,0.258922,-3.812708,0.000168,0.000825,-0.164327,-0.014446,0.206992,-2.961727,0.000277,0.000894,-0.164325
120.9000,-0.280216,0.258922,-3.812708,0.000168,0.000825,-0.164328,-0.014447,0.206991,-2.961755,0.000296,0.000867,-0.164241
120.9520,-0.280216,0.258922,-3.812708,0.000168,0.000825,-0.164329,-0.014445,0.206994,-2.961712,0.000134,0.000746,-0.164177
121.0000,-0.280216,0.258922,-3.812708,0.000168,0.000825,-0.164330,-0.014445,0.206993,-2.961728,0.000240,0.000659,-0.164384
121.0500,-0.280216,0.258922,-3.812708,0.000168,0.000825,-0.164331,-0.014445,0.206993,-2.961709,0.000185,0.000807,-0.164371
121.1000,-0.280217,0.258922,-3.812708,0.000168,0.000825,-0.164332,-0.014446,0.206993,-2.961714,0.000131,0.000898,-0.164346
121.1500,-0.280217,0.258922,-3.812708,0.000168,0.000825,-0.164333,-0.014447,0.206990,-2.961734,0.000186,0.000887,-0.164282
121.2000,-0.280217,0.258922,-3.812708,0.000168,0.000825,-0.164334,-0.014448,0.206991,-2.961712,0.000119,0.000953,-0.164406
121.2500,-0.280217,0.258922,-3.812708,0.000168,0.000825,-0.164335,-0.014447,0.206992,-2.961715,0.000165,0.000755,-0.164238
121.3000,-0.280217,0.258922,-3.812708,0.000168,0.000825,-0.164336,-0.014448,0.206992,-2.961735,0.000254,0.000711,-0.164490
121.3500,-0.280217,0.258922,-3.812708,0.000168,0.000825,-0.164337,-0.014447,0.206994,-2.961709,0.000294,0.000757,-0.164329
121.4000,-0.280217,0.258922,-3.812708,0.000168,0.000825,-0.164338,-0.065729,0.226579,-2.961713,0.000068,0.000791,-0.164222
121.4500,-0.280217,0.258922,-3.812708,0.000168,0.000825,-0.164339,-0.065746,0.226583,-2.961738,0.000214,0.000697,-0.164472
121.5000,-0.280218,0.258922,-3.812708,0.000168,0.000825,-0.164340,-0.065734,0.226581,-2.961708,-0.000019,0.000777,-0.164427
121.5500,-0.280218,0.258922,-3.812708,0.000168,0.000825,-0.164341,-0.065735,0.226583,-2.961716,0.000279,0.000933,-0.164342
121.6000,-0.280218,0.258922,-3.812708,0.000168,0.000825,-0.164342,-0.065736,0.226585,-2.961739,0.000176,0.000764,-0.164366
121.6500,-0.280218,0.258922,-3.812708,0.000168,0.000825,-0.164343,-0.065735,0.226582,-2.961706,0.000022,0.000860,-0.164328
121.7000,-0.280218,0.258922,-3.812708,0.000168,0.000825,-0.164344,-0.065735,0.226582,-2.961718,0.000157,0.000911,-0.164253
121.7500,-0.280218,0.258922,-3.812708,0.000168,0.000825,-0.164345,-0.065733,0.226582,-2.961747,0.000129,0.000693,-0.164296
121.8000,-0.280218,0.258922,-3.812708,0.000168,0.000825,-0.164345,-0.065734,0.226582,-2.961709,0.000252,0.000892,-0.164255
121.8500,-0.280218,0.258922,-3.812708,0.000168,0.000825,-0.164346,-0.065735,0.226581,-2.961722,0.000197,0.001007,-0.164354
121.9000,-0.280218,0.258922,-3.812708,0.000168,0.000825,-0.164347,-0.065735,0.226579,-2.961748,-0.000031,0.000713,-0.164285
121.9520,-0.280219,0.258922,-3.812708,0.000168,0.000825,-0.164348,-0.065735,0.226579,-2.961709,0.000222,0.000822,-0.164390
122.0000,-0.280219,0.258922,-3.812708,0.000168,0.000825,-0.164349,-0.065736,0.226578,-2.961723,0.000295,0.000821,-0.164417
122.0500,-0.280219,0.258922,-3.812708,0.000168,0.000825,-0.164350,-0.065736,0.226577,-2.961756,0.000156,0.000663,-0.164518
122.1000,-0.280219,0.258922,-3.812708,0.000168,0.000825,-0.164351,-0.065734,0.226578,-2.961711,0.000261,0.000923,-0.164658
122.1500,-0.280219,0.258922,-3.812708,0.000168,0.000825,-0.164351,-0.065733,0.226576,-2.961728,0.000055,0.000737,-0.164323
122.2000,-0.280219,0.258922,-3.812708,0.000168,0.000825,-0.164352,-0.065733,0.226578,-2.961710,0.000293,0.000662,-0.164615
122.2500,-0.280219,0.258922,-3.812708,0.000168,0.000825,-0.164353,-0.065735,0.226580,-2.961711,0.000178,0.000796,-0.164401
122.3020,-0.280219,0.258922,-3.812708,0.000168,0.000825,-0.164354,-0.065737,0.226583,-2.961729,0.000241,0.000760,-0.164412
122.3500,-0.280219,0.258922,-3.812708,0.000168,0.000825,-0.164355,-0.065736,0.226582,-2.961707,0.000108,0.000898,-0.164454
122.4000,-0.280219,0.258922,-3.812708,0.000168,0.000825,-0.164355,-0.112806,0.244560,-2.961710,0.000221,0.000897,-0.164387
122.4500,-0.280220,0.258922,-3.812708,0.000168,0.000825,-0.164356,-0.112807,0.244560,-2.961732,-0.000011,0.000791,-0.164395
122.5000,-0.280220,0.258922,-3.812708,0.000168,0.000825,-0.164357,-0.112807,0.244558,-2.961708,0.000002,0.000826,-0.164334
122.5500,-0.280220,0.258922,-3.812708,0.000168,0.000825,-0.164358,-0.112807,0.244560,-2.961712,0.000215,0.000698,-0.164562
122.6000,-0.280220,0.258922,-3.812708,0.000168,0.000825,-0.164358,-0.112808,0.244563,-2.961733,0.000224,0.000793,-0.164211
122.6500,-0.280220,0.258922,-3.812708,0.000168,0.000825,-0.164359,-0.112807,0.244562,-2.961705,0.000253,0.000792,-0.164322
122.7000,-0.280220,0.258922,-3.812708,0.000168,0.000825,-0.164360,-0.112808,0.244560,-2.961714,0.000286,0.000910,-0.164260
122.7500,-0.280220,0.258922,-3.812708,0.000168,0.000825,-0.164361,-0.112807,0.244554,-2.961740,0.000245,0.000873,-0.164278
122.8000,-0.280220,0.258922,-3.812708,0.000168,0.000825,-0.164361,-0.112807,0.244560,-2.961708,0.000076,0.000892,-0.164366
122.8500,-0.280220,0.258922,-3.812708,0.000168,0.000825,-0.164362,-0.112805,0.244560,-2.961717,0.000146,0.000860,-0.164445
122.9000,-0.280220,0.258922,-3.812708,0.000168,0.000825,-0.164363,-0.112803,0.244562,-2.961741,0.000048,0.001016,-0.164287
122.9500,-0.280220,0.258922,-3.812708,0.000168,0.000825,-0.164363,-0.112806,0.244561,-2.961706,0.000362,0.000891,-0.164037
123.0000,-0.280221,0.258922,-3.812708,0.000168,0.000825,-0.164364,-0.112806,0.244561,-2.961719,0.000166,0.000922,-0.164337
123.0500,-0.280221,0.258922,-3.812708,0.000168,0.000825,-0.164365,-0.112805,0.244559,-2.961749,0.000073,0.000876,-0.164427
123.1000,-0.280221,0.258922,-3.812708,0.000168,0.000825,-0.164365,-0.112805,0.244561,-2.961709,0.000048,0.000945,-0.164230
123.1500,-0.280221,0.258922,-3.812708,0.000168,0.000825,-0.164366,-0.112803,0.244561,-2.961723,0.000138,0.000761,-0.164280
123.2000,-0.280221,0.258922,-3.812708,0.000168,0.000825,-0.164367,-0.112803,0.244561,-2.961750,0.000221,0.000793,-0.164329
123.2500,-0.280221,0.258922,-3.812708,0.000168,0.000825,-0.164367,-0.112803,0.244562,-2.961709,0.000234,0.000935,-0.164359
123.3000,-0.280221,0.258922,-3.812708,0.000168,0.000825,-0.164368,-0.112802,0.244563,-2.961724,0.000354,0.000831,-0.164413
123.3500,-0.280221,0.258922,-3.812708,0.000168,0.000825,-0.164369,-0.112804,0.244565,-2.961707,0.000345,0.000979,-0.164245
123.4000,-0.280221,0.258922,-3.812708,0.000168,0.000825,-0.164369,-0.156005,0.261064,-2.961708,0.000430,0.000865,-0.164426
123.4500,-0.280221,0.258922,-3.812708,0.000168,0.000825,-0.164370,-0.156002,0.261058,-2.961727,0.000153,0.000870,-0.164442
123.5000,-0.280221,0.258922,-3.812708,0.000168,0.000825,-0.164371,-0.156005,0.261061,-2.961707,0.000265,0.000807,-0.164523
123.5500,-0.280221,0.258922,-3.812708,0.000168,0.000825,-0.164371,-0.156003,0.261062,-2.961709,0.000137,0.000766,-0.164456
123.6000,-0.280222,0.258922,-3.812708,0.000168,0.000825,-0.164372,-0.156002,0.261062,-2.961728,0.000218,0.000895,-0.164239
123.6500,-0.280222,0.258922,-3.812708,0.000168,0.000825,-0.164372,-0.156003,0.261062,-2.961704,0.000080,0.001011,-0.164381
123.7000,-0.280222,0.258922,-3.812708,0.000168,0.000825,-0.164373,-0.156001,0.261063,-2.961711,0.000115,0.000719,-0.164521
123.7500,-0.280222,0.258922,-3.812708,0.000168,0.000825,-0.164374,-0.155998,0.261063,-2.961734,0.000143,0.000823,-0.164309
123.8000,-0.280222,0.258922,-3.812708,0.000168,0.000825,-0.164374,-0.155999,0.261063,-2.961707,0.000149,0.000561,-0.164529
123.8500,-0.280222,0.258922,-3.812708,0.000168,0.000825,-0.164375,-0.156001,0.261064,-2.961714,0.000298,0.000789,-0.164580
123.9000,-0.280222,0.258922,-3.812708,0.000168,0.000825,-0.164375,-0.156004,0.261063,-2.961735,0.000264,0.000841,-0.164301
123.9500,-0.280222,0.258922,-3.812708,0.000168,0.000825,-0.164376,-0.156002,0.261065,-2.961705,0.000256,0.000687,-0.164410
124.0020,-0.280222,0.258922,-3.812708,0.000168,0.000825,-0.164376,-0.156004,0.261063,-2.961716,0.000091,0.000873,-0.164432
124.0520,-0.280222,0.258922,-3.812708,0.000168,0.000825,-0.164377,-0.156007,0.261061,-2.961743,0.000022,0.000767,-0.164404
124.1000,-0.280222,0.258922,-3.812708,0.000168,0.000825,-0.164378,-0.156004,0.261061,-2.961708,0.000121,0.000886,-0.164335
124.1500,-0.280222,0.258922,-3.812708,0.000168,0.000825,-0.164378,-0.156003,0.261063,-2.961719,0.000306,0.000673,-0.164518
124.2000,-0.280222,0.258922,-3.812708,0.000168,0.000825,-0.164379,-0.156003,0.261064,-2.961744,0.000053,0.000990,-0.164310
124.2500,-0.280222,0.258922,-3.812708,0.000168,0.000825,-0.164379,-0.156005,0.261061,-2.961707,0.000193,0.000739,-0.164373
124.3000,-0.280223,0.258922,-3.812708,0.000168,0.000825,-0.164380,-0.156007,0.261058,-2.961720,0.000071,0.000717,-0.164188
124.3500,-0.280223,0.258922,-3.812708,0.000168,0.000825,-0.164380,-0.156010,0.261055,-2.961752,0.000146,0.000694,-0.164302
124.4000,-0.280223,0.258922,-3.812708,0.000168,0.000825,-0.164381,-0.195660,0.276203,-2.961707,0.000336,0.000841,-0.164218
124.4500,-0.280223,0.258922,-3.812708,0.000168,0.000825,-0.164381,-0.195659,0.276203,-2.961722,0.000095,0.000775,-0.164410
124.5000,-0.280223,0.258922,-3.812708,0.000168,0.000825,-0.164382,-0.195659,0.276203,-2.961708,0.000149,0.000782,-0.164499
124.5500,-0.280223,0.258922,-3.812708,0.000168,0.000825,-0.164382,-0.195659,0.276205,-2.961707,0.000145,0.000754,-0.164506
124.6000,-0.280223,0.258922,-3.812708,0.000168,0.000825,-0.164383,-0.195657,0.276207,-2.961724,-0.000026,0.000855,-0.164359
124.6500,-0.280223,0.258922,-3.812708,0.000168,0.000825,-0.164383,-0.195658,0.276206,-2.961705,0.000186,0.000761,-0.164435
124.7000,-0.280223,0.258922,-3.812708,0.000168,0.000825,-0.164384,-0.195658,0.276206,-2.961710,0.000084,0.000788,-0.164392
124.7500,-0.280223,0.258922,-3.812708,0.000168,0.000825,-0.164384,-0.195657,0.276207,-2.961730,0.000023,0.000782,-0.164428
124.8020,-0.280223,0.258922,-3.812708,0.000168,0.000825,-0.164385,-0.195659,0.276208,-2.961708,0.000200,0.000844,-0.164140
124.8500,-0.280223,0.258922,-3.812708,0.000168,0.000825,-0.164385,-0.195659,0.276208,-2.961711,0.000350,0.000937,-0.164430
124.9000,-0.280223,0.258922,-3.812708,0.000168,0.000825,-0.164386,-0.195660,0.276207,-2.961731,-0.000074,0.000746,-0.164199
124.9500,-0.280223,0.258922,-3.812708,0.000168,0.000825,-0.164386,-0.195659,0.276206,-2.961705,0.000314,0.000850,-0.164444
125.0000,-0.280223,0.258922,-3.812708,0.000168,0.000825,-0.164387,-0.195659,0.276205,-2.961713,0.000167,0.000690,-0.164553
125.0500,-0.280223,0.258922,-3.812708,0.000168,0.000825,-0.164387,-0.195661,0.276204,-2.961738,0.000206,0.000792,-0.164435
125.1000,-0.280224,0.258922,-3.812708,0.000168,0.000825,-0.164387,-0.195659,0.276205,-2.961708,0.000104,0.000873,-0.164362
125.1500,-0.280224,0.258922,-3.812708,0.000168,0.000825,-0.164388,-0.195660,0.276205,-2.961715,0.000131,0.000604,-0.164353
125.2000,-0.280224,0.258922,-3.812708,0.000168,0.000825,-0.164388,-0.195663,0.276205,-2.961738,0.000170,0.000795,-0.164348
125.2500,-0.280224,0.258922,-3.812709,0.000168,0.000825,-0.164389,-0.195661,0.276205,-2.961706,0.000071,0.000804,-0.164517
125.3000,-0.280224,0.258922,-3.812709,0.000168,0.000825,-0.164389,-0.195661,0.276206,-2.961717,0.000094,0.000896,-0.164239
125.3500,-0.280224,0.258922,-3.812709,0.000168,0.000825,-0.164390,-0.195661,0.276208,-2.961746,0.000154,0.000783,-0.164335
125.4000,-0.280224,0.258922,-3.812709,0.000168,0.000825,-0.164390,-0.232056,0.290108,-2.961706,0.000371,0.000813,-0.164453
125.4500,-0.280224,0.258922,-3.812709,0.000168,0.000825,-0.164390,-0.232058,0.290106,-2.961719,0.000283,0.000799,-0.164389
125.5000,-0.280224,0.258922,-3.812709,0.000168,0.000825,-0.164391,-0.232060,0.290104,-2.961745,0.000105,0.000600,-0.164390
125.5500,-0.280224,0.258922,-3.812709,0.000168,0.000825,-0.164391,-0.232055,0.290105,-2.961706,0.000164,0.000886,-0.164452
125.6000,-0.280224,0.258922,-3.812709,0.000168,0.000825,-0.164392,-0.232055,0.290105,-2.961720,0.000115,0.000902,-0.164452
125.6500,-0.280224,0.258922,-3.812709,0.000168,0.000825,-0.164392,-0.232054,0.290104,-2.961754,-0.000100,0.000835,-0.164260
125.7000,-0.280224,0.258922,-3.812709,0.000168,0.000825,-0.164392,-0.232055,0.290103,-2.961708,0.000275,0.000833,-0.164340
125.7500,-0.280224,0.258922,-3.812709,0.000168,0.000825,-0.164393,-0.232058,0.290101,-2.961725,0.000250,0.001098,-0.164350
125.8000,-0.280224,0.258922,-3.812709,0.000168,0.000825,-0.164393,-0.232059,0.290102,-2.961708,0.000163,0.000881,-0.164378
125.8500,-0.280224,0.258922,-3.812709,0.000168,0.000825,-0.164394,-0.232058,0.290104,-2.961709,0.000054,0.000907,-0.164391
125.9000,-0.280224,0.258922,-3.812709,0.000168,0.000825,-0.164394,-0.232056,0.290107,-2.961726,0.000060,0.000873,-0.164547
125.9500,-0.280224,0.258922,-3.812709,0.000168,0.000825,-0.164394,-0.232057,0.290106,-2.961705,0.000272,0.000720,-0.164499
126.0000,-0.280224,0.258922,-3.812709,0.000168,0.000825,-0.164395,-0.232057,0.290106,-2.961711,0.000268,0.000861,-0.164371
126.0500,-0.280224,0.258922,-3.812709,0.000168,0.000825,-0.164395,-0.232057,0.290105,-2.961733,0.000191,0.000633,-0.164594
126.1000,-0.280225,0.258922,-3.812709,0.000168,0.000825,-0.164395,-0.232056,0.290107,-2.961708,0.000156,0.000987,-0.164513
126.1500,-0.280225,0.258922,-3.812709,0.000168,0.000825,-0.164396,-0.232055,0.290107,-2.961713,0.000127,0.000977,-0.164384
126.2020,-0.280225,0.258922,-3.812709,0.000168,0.000825,-0.164396,-0.232054,0.290107,-2.961734,0.000038,0.000970,-0.164433
126.2500,-0.280225,0.258922,-3.812709,0.000168,0.000825,-0.164397,-0.232057,0.290105,-2.961706,0.000340,0.000721,-0.164432
126.3000,-0.280225,0.258922,-3.812709,0.000168,0.000825,-0.164397,-0.232058,0.290104,-2.961715,-0.000019,0.000726,-0.164311
126.3500,-0.280225,0.258922,-3.812709,0.000168,0.000825,-0.164397,-0.232061,0.290104,-2.961741,0.000108,0.000918,-0.164349
126.4000,-0.280225,0.258922,-3.812709,0.000168,0.000825,-0.164398,-0.265455,0.302857,-2.961706,0.000101,0.000693,-0.164361
126.4500,-0.280225,0.258922,-3.812709,0.000168,0.000825,-0.164398,-0.265456,0.302860,-2.961716,0.000114,0.000917,-0.164417
126.5000,-0.280225,0.258922,-3.812709,0.000168,0.000825,-0.164398,-0.265457,0.302863,-2.961740,0.000109,0.000904,-0.164319
126.5500,-0.280225,0.258922,-3.812709,0.000168,0.000825,-0.164399,-0.265458,0.302857,-2.961705,0.000180,0.000837,-0.164195
126.6000,-0.280225,0.258922,-3.812709,0.000168,0.000825,-0.164399,-0.265459,0.302856,-2.961717,0.000107,0.000760,-0.164346
126.6500,-0.280225,0.258922,-3.812709,0.000168,0.000825,-0.164399,-0.265461,0.302857,-2.961748,0.000074,0.000674,-0.164201
126.7000,-0.280225,0.258922,-3.812709,0.000168,0.000825,-0.164400,-0.265459,0.302852,-2.961707,0.000141,0.000778,-0.164434
126.7500,-0.280225,0.258922,-3.812709,0.000168,0.000825,-0.164400,-0.265460,0.302853,-2.961722,0.000212,0.000902,-0.164165
126.8000,-0.280225,0.258922,-3.812709,0.000168,0.000825,-0.164400,-0.265461,0.302853,-2.961749,-0.000005,0.000837,-0.164361
126.8500,-0.280225,0.258922,-3.812709,0.000168,0.000825,-0.164400,-0.265461,0.302852,-2.961708,0.000123,0.000768,-0.164433
126.9000,-0.280225,0.258922,-3.812709,0.000168,0.000825,-0.164401,-0.265461,0.302853,-2.961723,0.000117,0.000717,-0.164473
126.9500,-0.280225,0.258922,-3.812709,0.000168,0.000825,-0.164401,-0.265461,0.302855,-2.961706,0.000230,0.000984,-0.164406
127.0000,-0.280225,0.258922,-3.812709,0.000168,0.000825,-0.164401,-0.265461,0.302855,-2.961710,0.000153,0.000905,-0.164393
127.0500,-0.280225,0.258922,-3.812709,0.000168,0.000825,-0.164402,-0.265459,0.302851,-2.961728,-0.000067,0.000927,-0.164353
127.1000,-0.280225,0.258922,-3.812709,0.000168,0.000825,-0.164402,-0.265458,0.302849,-2.961709,0.000194,0.000648,-0.164210
127.1500,-0.280225,0.258922,-3.812709,0.000168,0.000825,-0.164402,-0.265460,0.302850,-2.961711,0.000238,0.000857,-0.164298
127.2000,-0.280225,0.258922,-3.812709,0.000168,0.000825,-0.164403,-0.265461,0.302850,-2.961729,0.000159,0.001071,-0.164415
127.2500,-0.280225,0.258922,-3.812709,0.000168,0.000825,-0.164403,-0.265464,0.302849,-2.961706,0.000203,0.000951,-0.164327
127.3000,-0.280226,0.258922,-3.812709,0.000168,0.000825,-0.164403,-0.265463,0.302849,-2.961713,0.000168,0.000737,-0.164447
127.3500,-0.280226,0.258922,-3.812709,0.000168,0.000825,-0.164403,-0.265461,0.302849,-2.961736,0.000212,0.000692,-0.164388
127.4000,-0.280226,0.258922,-3.812709,0.000168,0.000825,-0.164404,-0.296106,0.314555,-2.961706,0.000272,0.000719,-0.164434
127.4500,-0.280226,0.258922,-3.812709,0.000168,0.000825,-0.164404,-0.296109,0.314555,-2.961713,0.000205,0.000993,-0.164326
127.5000,-0.280226,0.258922,-3.812709,0.000168,0.000825,-0.164404,-0.296112,0.314554,-2.961735,0.000184,0.000777,-0.164330
127.5500,-0.280226,0.258922,-3.812709,0.000168,0.000825,-0.164404,-0.296111,0.314555,-2.961705,0.000124,0.000752,-0.164402
127.6020,-0.280226,0.258922,-3.812709,0.000168,0.000825,-0.164405,-0.296113,0.314555,-2.961715,0.000237,0.000978,-0.164357
127.6500,-0.280226,0.258922,-3.812709,0.000168,0.000825,-0.164405,-0.296113,0.314552,-2.961742,0.000161,0.000935,-0.164527
127.7000,-0.280226,0.258922,-3.812709,0.000168,0.000825,-0.164405,-0.296115,0.314555,-2.961707,0.000157,0.000729,-0.164471
127.7500,-0.280226,0.258922,-3.812709,0.000168,0.000825,-0.164406,-0.296116,0.314555,-2.961718,0.000041,0.000876,-0.164612
127.8000,-0.280226,0.258922,-3.812709,0.000168,0.000825,-0.164406,-0.296116,0.314557,-2.961743,0.000126,0.001069,-0.164258
127.8500,-0.280226,0.258922,-3.812709,0.000168,0.000825,-0.164406,-0.296119,0.314557,-2.961706,0.000200,0.000838,-0.164432
127.9020,-0.280226,0.258922,-3.812709,0.000168,0.000825,-0.164406,-0.296120,0.314556,-2.961720,0.000006,0.000850,-0.164375
127.9500,-0.280226,0.258922,-3.812709,0.000168,0.000825,-0.164407,-0.296119,0.314555,-2.961752,0.000179,0.000826,-0.164397
128.0000,-0.280226,0.258922,-3.812709,0.000168,0.000825,-0.164407,-0.296121,0.314556,-2.961709,0.000120,0.000905,-0.164277
128.0500,-0.280226,0.258922,-3.812709,0.000168,0.000825,-0.164407,-0.296121,0.314554,-2.961724,0.000163,0.000805,-0.164570
128.1000,-0.280226,0.258922,-3.812709,0.000168,0.000825,-0.164407,-0.296120,0.314553,-2.961752,0.000285,0.000884,-0.164434
128.1500,-0.280226,0.258922,-3.812709,0.000168,0.000825,-0.164408,-0.296122,0.314555,-2.961709,0.000269,0.000826,-0.164493
128.2020,-0.280226,0.258922,-3.812709,0.000168,0.000825,-0.164408,-0.296122,0.314555,-2.961726,0.000029,0.000812,-0.164352
128.2500,-0.280226,0.258922,-3.812709,0.000168,0.000825,-0.164408,-0.296123,0.314555,-2.961706,0.000130,0.001052,-0.164521
128.3020,-0.280226,0.258922,-3.812709,0.000168,0.000825,-0.164408,-0.296122,0.314555,-2.961711,0.000123,0.000888,-0.164317
128.3500,-0.280226,0.258922,-3.812709,0.000168,0.000825,-0.164408,-0.296119,0.314553,-2.961731,0.000064,0.000874,-0.164359
128.4000,-0.280226,0.258922,-3.812709,0.000168,0.000825,-0.164409,-0.324231,0.325292,-2.961707,0.000022,0.000915,-0.164426
128.4500,-0.280226,0.258922,-3.812709,0.000168,0.000825,-0.164409,-0.324232,0.325293,-2.961711,0.000196,0.000948,-0.164430
128.5020,-0.280226,0.258922,-3.812709,0.000168,0.000825,-0.164409,-0.324231,0.325295,-2.961731,0.000145,0.000932,-0.164191
128.5500,-0.280226,0.258922,-3.812709,0.000168,0.000825,-0.164409,-0.324232,0.325296,-2.961705,0.000136,0.000745,-0.164607
128.6000,-0.280226,0.258922,-3.812709,0.000168,0.000825,-0.164410,-0.324233,0.325296,-2.961713,0.000035,0.000855,-0.164462
128.6500,-0.280226,0.258922,-3.812709,0.000168,0.000825,-0.164410,-0.324234,0.325297,-2.961737,0.000455,0.000813,-0.164332
128.7000,-0.280226,0.258922,-3.812709,0.000168,0.000825,-0.164410,-0.324232,0.325298,-2.961707,0.000248,0.000958,-0.164388
128.7500,-0.280226,0.258922,-3.812709,0.000168,0.000825,-0.164410,-0.324230,0.325298,-2.961715,0.000090,0.000948,-0.164524
128.8000,-0.280226,0.258922,-3.812709,0.000168,0.000825,-0.164410,-0.324227,0.325298,-2.961738,0.000111,0.000963,-0.164349
128.8500,-0.280226,0.258922,-3.812709,0.000168,0.000825,-0.164411,-0.324230,0.325298,-2.961706,0.000174,0.000959,-0.164454
128.9020,-0.280226,0.258922,-3.812709,0.000168,0.000825,-0.164411,-0.324229,0.325296,-2.961717,0.000345,0.000931,-0.164172
128.9500,-0.280227,0.258922,-3.812709,0.000168,0.000825,-0.164411,-0.324227,0.325290,-2.961746,0.000235,0.000891,-0.164231
129.0000,-0.280227,0.258922,-3.812709,0.000168,0.000825,-0.164411,-0.324229,0.325294,-2.961708,0.000047,0.000780,-0.164462
129.0500,-0.280227,0.258922,-3.812709,0.000168,0.000825,-0.164411,-0.324230,0.325296,-2.961721,0.000406,0.000754,-0.164497
129.1000,-0.280227,0.258922,-3.812709,0.000168,0.000825,-0.164412,-0.324230,0.325297,-2.961747,-0.000055,0.000814,-0.164401
129.1500,-0.280227,0.258922,-3.812709,0.000168,0.000825,-0.164412,-0.324229,0.325295,-2.961708,0.000195,0.000895,-0.164541
129.2000,-0.280227,0.258922,-3.812709,0.000168,0.000825,-0.164412,-0.324229,0.325295,-2.961722,0.000281,0.001098,-0.164522
129.2500,-0.280227,0.258922,-3.812709,0.000168,0.000825,-0.164412,-0.324226,0.325295,-2.961756,0.000251,0.000792,-0.164277
129.3000,-0.280227,0.258922,-3.812709,0.000168,0.000825,-0.164412,-0.324229,0.325296,-2.961710,0.000003,0.000716,-0.164334
129.3500,-0.280227,0.258922,-3.812709,0.000168,0.000825,-0.164413,-0.324230,0.325299,-2.961727,0.000071,0.000923,-0.164219
129.4000,-0.280227,0.258922,-3.812709,0.000168,0.000825,-0.164413,-0.350016,0.335149,-2.961708,0.000160,0.000704,-0.164370
129.4500,-0.280227,0.258922,-3.812709,0.000168,0.000825,-0.164413,-0.350015,0.335149,-2.961709,0.000118,0.000892,-0.164465
129.5000,-0.280227,0.258922,-3.812709,0.000168,0.000825,-0.164413,-0.350014,0.335150,-2.961727,0.000331,0.000677,-0.164365
129.5500,-0.280227,0.258922,-3.812709,0.000168,0.000825,-0.164413,-0.350013,0.335149,-2.961705,0.000233,0.000919,-0.164356
129.6000,-0.280227,0.258922,-3.812709,0.000168,0.000825,-0.164413,-0.350013,0.335148,-2.961711,0.000179,0.000729,-0.164625
129.6500,-0.280227,0.258922,-3.812709,0.000168,0.000825,-0.164414,-0.350013,0.335147,-2.961733,0.000334,0.000913,-0.164346
129.7000,-0.280227,0.258922,-3.812709,0.000168,0.000825,-0.164414,-0.350012,0.335148,-2.961708,-0.000084,0.000833,-0.164488
129.7500,-0.280227,0.258922,-3.812709,0.000168,0.000825,-0.164414,-0.350012,0.335151,-2.961713,0.000098,0.000605,-0.164307
129.8020,-0.280227,0.258922,-3.812709,0.000168,0.000825,-0.164414,-0.350013,0.335155,-2.961734,0.000365,0.000840,-0.164444
129.8500,-0.280227,0.258922,-3.812709,0.000168,0.000825,-0.164414,-0.350012,0.335154,-2.961706,-0.000037,0.000812,-0.164434
129.9000,-0.280227,0.258922,-3.812709,0.000168,0.000825,-0.164414,-0.350012,0.335155,-2.961715,0.000343,0.000833,-0.164328
129.9520,-0.280227,0.258922,-3.812709,0.000168,0.000825,-0.164415,-0.350012,0.335159,-2.961741,0.000241,0.000979,-0.164367
130.0000,-0.280227,0.258922,-3.812709,0.000168,0.000825,-0.164415,-0.350012,0.335157,-2.961708,0.000184,0.000717,-0.164634
130.0500,-0.280227,0.258922,-3.812709,0.000168,0.000825,-0.164415,-0.350014,0.335158,-2.961718,0.000297,0.000980,-0.164345
130.1000,-0.280227,0.258922,-3.812709,0.000168,0.000825,-0.164415,-0.350014,0.335159,-2.961742,0.000294,0.000908,-0.164316
130.1500,-0.280227,0.258922,-3.812709,0.000168,0.000825,-0.164415,-0.350013,0.335159,-2.961707,0.000054,0.000770,-0.164489
130.2000,-0.280227,0.258922,-3.812709,0.000168,0.000825,-0.164415,-0.350011,0.335160,-2.961719,0.000011,0.000823,-0.164429
130.2500,-0.280227,0.258922,-3.812709,0.000168,0.000825,-0.164416,-0.350006,0.335165,-2.961750,0.000185,0.000935,-0.164354
130.3000,-0.280227,0.258922,-3.812709,0.000168,0.000825,-0.164416,-0.350010,0.335160,-2.961709,0.000057,0.000770,-0.164419
130.3500,-0.280227,0.258922,-3.812709,0.000168,0.000825,-0.164416,-0.350012,0.335163,-2.961723,0.000176,0.000834,-0.164258
130.4000,-0.280227,0.258922,-3.812709,0.000168,0.000825,-0.164416,-0.336453,0.270508,-2.961753,0.000208,0.000895,-0.164506
130.4500,-0.280227,0.258922,-3.812709,0.000168,0.000825,-0.164416,-0.336499,0.270733,-2.961712,0.000249,0.000860,-0.164316
130.5000,-0.280227,0.258922,-3.812709,0.000168,0.000825,-0.164416,-0.336499,0.270733,-2.961727,0.000293,0.000908,-0.164584
130.5500,-0.280227,0.258922,-3.812709,0.000168,0.000825,-0.164416,-0.336499,0.270733,-2.961710,0.000076,0.000887,-0.164585
130.6000,-0.280227,0.258922,-3.812709,0.000168,0.000825,-0.164417,-0.336499,0.270734,-2.961714,0.000086,0.000794,-0.164400
130.6500,-0.280227,0.258922,-3.812709,0.000168,0.000825,-0.164417,-0.336497,0.270735,-2.961732,0.000174,0.000873,-0.164612
130.7000,-0.280227,0.258922,-3.812709,0.000168,0.000825,-0.164417,-0.336497,0.270736,-2.961712,0.000064,0.000810,-0.164374
130.7500,-0.280227,0.258922,-3.812709,0.000168,0.000825,-0.164417,-0.336497,0.270737,-2.961714,0.000210,0.000745,-0.164481
130.8000,-0.280227,0.258922,-3.812709,0.000168,0.000825,-0.164417,-0.336496,0.270738,-2.961733,0.000459,0.000650,-0.164402
130.8500,-0.280227,0.258922,-3.812709,0.000168,0.000825,-0.164417,-0.336493,0.270738,-2.961709,0.000173,0.001000,-0.164488
130.9000,-0.280227,0.258922,-3.812709,0.000168,0.000825,-0.164417,-0.336492,0.270738,-2.961716,0.000195,0.000746,-0.164397
130.9500,-0.280227,0.258922,-3.812709,0.000168,0.000825,-0.164418,-0.336493,0.270738,-2.961739,0.000236,0.000623,-0.164429
131.0000,-0.280227,0.258922,-3.812709,0.000168,0.000825,-0.164418,-0.336490,0.270738,-2.961712,0.000121,0.000815,-0.164430
131.0500,-0.280227,0.258922,-3.812709,0.000168,0.000825,-0.164418,-0.336490,0.270738,-2.961718,0.000187,0.000778,-0.164489
131.1000,-0.280227,0.258922,-3.812709,0.000168,0.000825,-0.164418,-0.336490,0.270739,-2.961740,0.000169,0.000837,-0.164415
131.1500,-0.280227,0.258922,-3.812709,0.000168,0.000825,-0.164418,-0.336489,0.270739,-2.961710,0.000238,0.000825,-0.164356
131.2000,-0.280227,0.258922,-3.812709,0.000168,0.000825,-0.164418,-0.336489,0.270737,-2.961720,0.000058,0.000777,-0.164488
131.2520,-0.280227,0.258922,-3.812709,0.000168,0.000825,-0.164418,-0.336490,0.270735,-2.961747,0.000288,0.000803,-0.164333
131.3000,-0.280227,0.258922,-3.812709,0.000168,0.000825,-0.164418,-0.336490,0.270738,-2.961712,0.000178,0.000884,-0.164444
131.3500,-0.280227,0.258922,-3.812709,0.000168,0.000825,-0.164419,-0.336490,0.270738,-2.961723,0.000076,0.000839,-0.164344
131.4000,-0.280227,0.258922,-3.812709,0.000168,0.000825,-0.164419,-0.334725,0.217536,-2.961749,0.000145,0.000707,-0.164353
131.4500,-0.280228,0.258922,-3.812709,0.000168,0.000825,-0.164419,-0.334727,0.217663,-2.961712,0.000199,0.000718,-0.164508
131.5000,-0.280228,0.258922,-3.812709,0.000168,0.000825,-0.164419,-0.334728,0.217662,-2.961725,0.000240,0.000975,-0.164203
131.5500,-0.280228,0.258922,-3.812709,0.000168,0.000825,-0.164419,-0.334726,0.217659,-2.961757,0.000207,0.000683,-0.164500
131.6020,-0.280228,0.258922,-3.812709,0.000168,0.000825,-0.164419,-0.334726,0.217662,-2.961714,0.000181,0.000746,-0.164374
131.6500,-0.280228,0.258922,-3.812709,0.000168,0.000825,-0.164419,-0.334726,0.217663,-2.961729,0.000181,0.000741,-0.164359
131.7000,-0.280228,0.258922,-3.812709,0.000168,0.000825,-0.164419,-0.334725,0.217664,-2.961715,0.000285,0.000874,-0.164383
131.7500,-0.280228,0.258922,-3.812709,0.000168,0.000825,-0.164419,-0.334727,0.217664,-2.961714,0.000268,0.000980,-0.164336
131.8000,-0.280228,0.258922,-3.812709,0.000168,0.000825,-0.164420,-0.334729,0.217663,-2.961731,0.000219,0.000691,-0.164345
131.8500,-0.280228,0.258922,-3.812709,0.000168,0.000825,-0.164420,-0.334728,0.217662,-2.961711,0.000256,0.000877,-0.164413
131.9000,-0.280228,0.258922,-3.812709,0.000168,0.000825,-0.164420,-0.334728,0.217661,-2.961716,0.000150,0.000805,-0.164315
131.9500,-0.280228,0.258922,-3.812709,0.000168,0.000825,-0.164420,-0.334725,0.217659,-2.961736,0.000110,0.001061,-0.164401
132.0000,-0.280228,0.258922,-3.812709,0.000168,0.000825,-0.164420,-0.334728,0.217660,-2.961714,0.000341,0.000865,-0.164428
132.0500,-0.280228,0.258922,-3.812709,0.000168,0.000825,-0.164420,-0.334728,0.217658,-2.961717,0.000316,0.000742,-0.164334
132.1020,-0.280228,0.258922,-3.812709,0.000168,0.000825,-0.164420,-0.334729,0.217654,-2.961737,0.000241,0.000691,-0.164442
132.1500,-0.280228,0.258923,-3.812709,0.000168,0.000825,-0.164420,-0.334728,0.217657,-2.961711,0.000048,0.000732,-0.164451
132.2000,-0.280228,0.258923,-3.812709,0.000168,0.000825,-0.164420,-0.334729,0.217658,-2.961719,0.000092,0.000896,-0.164490
132.2500,-0.280228,0.258923,-3.812709,0.000168,0.000825,-0.164421,-0.334728,0.217660,-2.961743,0.000204,0.000803,-0.164409
132.3000,-0.280228,0.258923,-3.812709,0.000168,0.000825,-0.164421,-0.334728,0.217660,-2.961713,0.000081,0.000882,-0.164463
132.3500,-0.280228,0.258923,-3.812709,0.000168,0.000825,-0.164421,-0.334726,0.217661,-2.961721,0.000070,0.000983,-0.164338
132.4000,-0.280228,0.258923,-3.812709,0.000168,0.000825,-0.164421,-0.313941,0.222056,-2.961745,0.000131,0.000833,-0.164365
132.4520,-0.280228,0.258923,-3.812709,0.000168,0.000825,-0.164421,-0.313972,0.222049,-2.961712,0.000148,0.000846,-0.164496
132.5000,-0.280228,0.258923,-3.812709,0.000168,0.000825,-0.164421,-0.313971,0.222049,-2.961724,0.000076,0.000779,-0.164321
132.5500,-0.280228,0.258923,-3.812709,0.000168,0.000825,-0.164421,-0.313971,0.222050,-2.961752,0.000215,0.000828,-0.164489
132.6020,-0.280228,0.258923,-3.812709,0.000168,0.000825,-0.164421,-0.313971,0.222049,-2.961715,0.000238,0.000845,-0.164262
132.6500,-0.280228,0.258923,-3.812709,0.000168,0.000825,-0.164421,-0.313971,0.222050,-2.961727,-0.000038,0.000860,-0.164485
132.7000,-0.280228,0.258923,-3.812709,0.000168,0.000825,-0.164421,-0.313969,0.222053,-2.961753,0.000151,0.000830,-0.164325
132.7500,-0.280228,0.258923,-3.812709,0.000168,0.000825,-0.164422,-0.313971,0.222050,-2.961714,0.000023,0.000812,-0.164376
132.8000,-0.280228,0.258923,-3.812709,0.000168,0.000825,-0.164422,-0.313970,0.222052,-2.961728,0.000179,0.000977,-0.164374
132.8500,-0.280228,0.258923,-3.812709,0.000168,0.000825,-0.164422,-0.313966,0.222057,-2.961762,-0.000043,0.000918,-0.164515
132.9000,-0.280228,0.258923,-3.812709,0.000168,0.000825,-0.164422,-0.313969,0.222051,-2.961716,0.000266,0.000901,-0.164340
132.9500,-0.280228,0.258923,-3.812709,0.000168,0.000825,-0.164422,-0.313966,0.222050,-2.961733,0.000136,0.000716,-0.164379
133.0000,-0.280228,0.258923,-3.812709,0.000168,0.000825,-0.164422,-0.313966,0.222049,-2.961715,0.000161,0.000870,-0.164433
133.0500,-0.280228,0.258923,-3.812709,0.000168,0.000825,-0.164422,-0.313966,0.222050,-2.961716,0.000105,0.000991,-0.164424
133.1000,-0.280228,0.258923,-3.812709,0.000168,0.000825,-0.164422,-0.313964,0.222052,-2.961734,0.000028,0.000792,-0.164528
133.1500,-0.280228,0.258923,-3.812709,0.000168,0.000825,-0.164422,-0.313965,0.222052,-2.961712,0.000177,0.000818,-0.164521
133.2000,-0.280228,0.258923,-3.812709,0.000168,0.000825,-0.164422,-0.313965,0.222052,-2.961718,0.000369,0.000738,-0.164520
133.2500,-0.280228,0.258923,-3.812709,0.000168,0.000825,-0.164422,-0.313966,0.222050,-2.961739,0.000137,0.000762,-0.164392
133.3000,-0.280228,0.258923,-3.812709,0.000168,0.000825,-0.164422,-0.313966,0.222050,-2.961715,0.000339,0.000997,-0.164302
133.3500,-0.280228,0.258923,-3.812709,0.000168,0.000825,-0.164423,-0.313965,0.222048,-2.961720,0.000103,0.000805,-0.164275
133.4020,-0.280228,0.258923,-3.812709,0.000168,0.000825,-0.164423,-0.268564,0.195700,-2.961743,0.000247,0.000827,-0.164589
133.4500,-0.280228,0.258923,-3.812709,0.000168,0.000825,-0.164423,-0.268600,0.195722,-2.961715,0.000077,0.000858,-0.164489
133.5000,-0.280228,0.258923,-3.812709,0.000168,0.000825,-0.164423,-0.268600,0.195723,-2.961724,0.000211,0.000998,-0.164533
133.5520,-0.280228,0.258923,-3.812709,0.000168,0.000825,-0.164423,-0.268597,0.195722,-2.961750,-0.000065,0.000734,-0.164369
133.6000,-0.280228,0.258923,-3.812709,0.000168,0.000825,-0.164423,-0.268598,0.195720,-2.961717,0.000178,0.000849,-0.164519
133.6500,-0.280228,0.258923,-3.812709,0.000168,0.000825,-0.164423,-0.268597,0.195721,-2.961726,-0.000080,0.000775,-0.164452
133.7000,-0.280228,0.258923,-3.812709,0.000168,0.000825,-0.164423,-0.268597,0.195722,-2.961750,0.000180,0.000895,-0.164280
133.7500,-0.280228,0.258923,-3.812709,0.000168,0.000825,-0.164423,-0.268600,0.195721,-2.961715,0.000073,0.000745,-0.164536
133.8000,-0.280228,0.258923,-3.812709,0.000168,0.000825,-0.164423,-0.268602,0.195723,-2.961727,0.000006,0.000933,-0.164401
133.8500,-0.280228,0.258923,-3.812709,0.000168,0.000825,-0.164423,-0.268602,0.195728,-2.961758,0.000127,0.000785,-0.164413
133.9000,-0.280228,0.258923,-3.812709,0.000168,0.000825,-0.164423,-0.268603,0.195724,-2.961717,0.000268,0.000833,-0.164582
133.9500,-0.280228,0.258923,-3.812709,0.000168,0.000825,-0.164423,-0.268606,0.195724,-2.961731,0.000222,0.000850,-0.164465
134.0000,-0.280228,0.258923,-3.812709,0.000168,0.000825,-0.164424,-0.268608,0.195724,-2.961758,0.000036,0.000934,-0.164353
134.0500,-0.280228,0.258923,-3.812709,0.000168,0.000825,-0.164424,-0.268607,0.195724,-2.961717,0.000285,0.000734,-0.164330
134.1000,-0.280228,0.258923,-3.812709,0.000168,0.000825,-0.164424,-0.268608,0.195724,-2.961732,0.000280,0.001130,-0.164388
134.1500,-0.280228,0.258923,-3.812709,0.000168,0.000825,-0.164424,-0.268608,0.195725,-2.961715,0.000076,0.000742,-0.164364
134.2000,-0.280228,0.258923,-3.812709,0.000168,0.000825,-0.164424,-0.268608,0.195725,-2.961719,0.000034,0.001022,-0.164268
134.2500,-0.280228,0.258923,-3.812709,0.000168,0.000825,-0.164424,-0.268606,0.195727,-2.961737,0.000079,0.000726,-0.164421
134.3000,-0.280228,0.258923,-3.812709,0.000168,0.000825,-0.164424,-0.268606,0.195726,-2.961717,0.000009,0.000925,-0.164509
134.3500,-0.280228,0.258923,-3.812709,0.000168,0.000825,-0.164424,-0.268605,0.195727,-2.961719,0.000207,0.000820,-0.164391
134.4000,-0.280228,0.258923,-3.812709,0.000168,0.000825,-0.164424,-0.289819,0.189378,-2.961737,0.000253,0.000812,-0.164490
134.4500,-0.280228,0.258923,-3.812709,0.000168,0.000825,-0.164424,-0.289812,0.189379,-2.961713,0.000016,0.000733,-0.164324
134.5000,-0.280228,0.258923,-3.812709,0.000168,0.000825,-0.164424,-0.289813,0.189380,-2.961720,0.000384,0.000864,-0.164628
134.5500,-0.280228,0.258923,-3.812709,0.000168,0.000825,-0.164424,-0.289814,0.189381,-2.961742,0.000231,0.000808,-0.164548
134.6000,-0.280228,0.258923,-3.812709,0.000168,0.000825,-0.164424,-0.289813,0.189381,-2.961715,0.000287,0.000824,-0.164334
134.6500,-0.280228,0.258923,-3.812709,0.000168,0.000825,-0.164424,-0.289813,0.189379,-2.961722,0.000288,0.000871,-0.164262
134.7000,-0.280228,0.258923,-3.812709,0.000168,0.000825,-0.164424,-0.289813,0.189377,-2.961743,0.000043,0.000935,-0.164358
134.7500,-0.280228,0.258923,-3.812709,0.000168,0.000825,-0.164425,-0.289814,0.189377,-2.961713,0.000248,0.000895,-0.164327
134.8000,-0.280228,0.258923,-3.812709,0.000168,0.000825,-0.164425,-0.289813,0.189377,-2.961723,0.000128,0.000803,-0.164693
134.8500,-0.280228,0.258923,-3.812709,0.000168,0.000825,-0.164425,-0.289811,0.189380,-2.961750,0.000321,0.000973,-0.164404
134.9000,-0.280228,0.258923,-3.812709,0.000168,0.000825,-0.164425,-0.289812,0.189380,-2.961715,0.000091,0.000976,-0.164395
134.9500,-0.280228,0.258923,-3.812709,0.000168,0.000825,-0.164425,-0.289810,0.189382,-2.961726,0.000156,0.000681,-0.164415
135.0000,-0.280228,0.258923,-3.812709,0.000168,0.000825,-0.164425,-0.289809,0.189384,-2.961751,0.000227,0.000890,-0.164331
135.0500,-0.280228,0.258923,-3.812709,0.000168,0.000825,-0.164425,-0.289812,0.189382,-2.961714,0.000116,0.000616,-0.164362
135.1000,-0.280228,0.258923,-3.812709,0.000168,0.000825,-0.164425,-0.289814,0.189381,-2.961727,0.000137,0.000903,-0.164389
135.1500,-0.280228,0.258923,-3.812709,0.000168,0.000825,-0.164425,-0.289816,0.189380,-2.961759,0.000292,0.000789,-0.164562
135.2000,-0.280228,0.258923,-3.812709,0.000168,0.000825,-0.164425,-0.289815,0.189383,-2.961716,0.000106,0.000892,-0.164341
135.2500,-0.280228,0.258923,-3.812709,0.000168,0.000825,-0.164425,-0.289817,0.189384,-2.961731,0.000118,0.000801,-0.164489
135.3000,-0.280228,0.258923,-3.812709,0.000168,0.000825,-0.164425,-0.289816,0.189383,-2.961716,0.000111,0.000805,-0.164334
135.3500,-0.280228,0.258923,-3.812709,0.000168,0.000825,-0.164425,-0.289817,0.189383,-2.961716,0.000067,0.000929,-0.164392
135.4000,-0.280228,0.258923,-3.812709,0.000168,0.000825,-0.164425,-0.320587,0.277442,-2.961729,0.000139,0.000699,-0.164553
135.4500,-0.280228,0.258923,-3.812709,0.000168,0.000825,-0.164425,-0.320587,0.277441,-2.961710,0.000308,0.000884,-0.164340
135.5000,-0.280228,0.258923,-3.812709,0.000168,0.000825,-0.164425,-0.320587,0.277440,-2.961714,0.000259,0.000801,-0.164233
135.5500,-0.280228,0.258923,-3.812709,0.000168,0.000825,-0.164425,-0.320587,0.277436,-2.961734,0.000321,0.000897,-0.164565
135.6000,-0.280228,0.258923,-3.812709,0.000168,0.000825,-0.164425,-0.320587,0.277438,-2.961712,0.000121,0.000838,-0.164444
135.6500,-0.280228,0.258923,-3.812709,0.000168,0.000825,-0.164426,-0.320586,0.277438,-2.961716,0.000200,0.000685,-0.164387
135.7000,-0.280228,0.258923,-3.812709,0.000168,0.000825,-0.164426,-0.320586,0.277437,-2.961735,0.000212,0.000929,-0.164388
135.7520,-0.280228,0.258923,-3.812709,0.000168,0.000825,-0.164426,-0.320587,0.277437,-2.961709,0.000057,0.000600,-0.164567
135.8000,-0.280228,0.258923,-3.812709,0.000168,0.000825,-0.164426,-0.320589,0.277438,-2.961717,0.000158,0.000845,-0.164390
135.8500,-0.280228,0.258923,-3.812709,0.000168,0.000825,-0.164426,-0.320592,0.277439,-2.961742,0.000076,0.000930,-0.164357
135.9000,-0.280228,0.258923,-3.812709,0.000168,0.000825,-0.164426,-0.320593,0.277438,-2.961712,0.000042,0.000736,-0.164276
135.9500,-0.280228,0.258923,-3.812709,0.000168,0.000825,-0.164426,-0.320593,0.277440,-2.961720,0.000255,0.000859,-0.164488
136.0000,-0.280228,0.258923,-3.812709,0.000168,0.000825,-0.164426,-0.320592,0.277441,-2.961742,0.000241,0.000742,-0.164534
136.0500,-0.280228,0.258923,-3.812709,0.000168,0.000825,-0.164426,-0.320591,0.277441,-2.961710,0.000266,0.000822,-0.164314
136.1000,-0.280228,0.258923,-3.812709,0.000168,0.000825,-0.164426,-0.320591,0.277442,-2.961721,0.000302,0.000796,-0.164461
136.1500,-0.280228,0.258923,-3.812709,0.000168,0.000825,-0.164426,-0.320592,0.277442,-2.961750,0.000193,0.000785,-0.164497
136.2000,-0.280228,0.258923,-3.812709,0.000168,0.000825,-0.164426,-0.320590,0.277442,-2.961712,0.000148,0.000854,-0.164383
136.2500,-0.280228,0.258923,-3.812709,0.000168,0.000825,-0.164426,-0.320589,0.277443,-2.961725,0.000211,0.000808,-0.164268
136.3000,-0.280228,0.258923,-3.812709,0.000168,0.000825,-0.164426,-0.320587,0.277444,-2.961751,0.000213,0.000776,-0.164397
136.3500,-0.280228,0.258923,-3.812709,0.000168,0.000825,-0.164426,-0.320587,0.277444,-2.961712,-0.000028,0.000831,-0.164655
136.4000,-0.280228,0.258923,-3.812709,0.000168,0.000825,-0.164426,-0.260779,0.208254,-2.961731,0.000318,0.000758,-0.164615
136.4500,-0.280228,0.258923,-3.812709,0.000168,0.000825,-0.164426,-0.260701,0.208167,-2.961764,0.000089,0.000971,-0.164496
136.5000,-0.280228,0.258923,-3.812709,0.000168,0.000825,-0.164426,-0.260771,0.208243,-2.961718,-0.000163,0.000649,-0.164455
136.5500,-0.280228,0.258923,-3.812709,0.000168,0.000825,-0.164426,-0.260771,0.208249,-2.961735,0.000069,0.000836,-0.164544
136.6000,-0.280228,0.258923,-3.812709,0.000168,0.000825,-0.164426,-0.260772,0.208247,-2.961718,0.000046,0.000771,-0.164526
136.6500,-0.280228,0.258923,-3.812709,0.000168,0.000825,-0.164426,-0.260772,0.208248,-2.961718,0.000102,0.000874,-0.164407
136.7000,-0.280228,0.258923,-3.812709,0.000168,0.000825,-0.164426,-0.260773,0.208248,-2.961736,-0.000001,0.001048,-0.164382
136.7500,-0.280228,0.258923,-3.812709,0.000168,0.000825,-0.164426,-0.260774,0.208247,-2.961714,0.000182,0.000764,-0.164419
136.8000,-0.280228,0.258923,-3.812709,0.000168,0.000825,-0.164427,-0.260775,0.208247,-2.961720,0.000177,0.000896,-0.164295
136.8500,-0.280228,0.258923,-3.812709,0.000168,0.000825,-0.164427,-0.260776,0.208248,-2.961741,0.000314,0.000856,-0.164368
136.9000,-0.280229,0.258923,-3.812709,0.000168,0.000825,-0.164427,-0.260777,0.208249,-2.961717,0.000202,0.001022,-0.164392
136.9500,-0.280229,0.258923,-3.812709,0.000168,0.000825,-0.164427,-0.260776,0.208250,-2.961722,0.000075,0.000900,-0.164585
137.0000,-0.280229,0.258923,-3.812709,0.000168,0.000825,-0.164427,-0.260776,0.208251,-2.961742,0.000198,0.000966,-0.164390
137.0500,-0.280229,0.258923,-3.812709,0.000168,0.000825,-0.164427,-0.260778,0.208250,-2.961714,0.000172,0.000776,-0.164407
137.1000,-0.280229,0.258923,-3.812709,0.000168,0.000825,-0.164427,-0.260778,0.208250,-2.961723,0.000179,0.000977,-0.164391
137.1500,-0.280229,0.258923,-3.812709,0.000168,0.000825,-0.164427,-0.260776,0.208249,-2.961749,0.000199,0.000802,-0.164473
137.2000,-0.280229,0.258923,-3.812709,0.000168,0.000825,-0.164427,-0.260777,0.208250,-2.961716,0.000204,0.000861,-0.164476
137.2500,-0.280229,0.258923,-3.812709,0.000168,0.000825,-0.164427,-0.260778,0.208249,-2.961725,0.000110,0.000745,-0.164483
137.3000,-0.280229,0.258923,-3.812709,0.000168,0.000825,-0.164427,-0.260779,0.208248,-2.961749,0.000231,0.000741,-0.164372
137.3500,-0.280229,0.258923,-3.812709,0.000168,0.000825,-0.164427,-0.260778,0.208249,-2.961714,0.000170,0.000859,-0.164340
137.4000,-0.280229,0.258923,-3.812709,0.000168,0.000825,-0.164427,-0.262324,0.231597,-2.961726,0.000193,0.001004,-0.164491
137.4500,-0.280229,0.258923,-3.812709,0.000168,0.000825,-0.164427,-0.262326,0.231617,-2.961756,0.000156,0.000662,-0.164365
137.5000,-0.280229,0.258923,-3.812709,0.000168,0.000825,-0.164427,-0.262323,0.231603,-2.961716,0.000224,0.000756,-0.164499
137.5500,-0.280229,0.258923,-3.812709,0.000168,0.000825,-0.164427,-0.262325,0.231601,-2.961730,0.000145,0.000771,-0.164441
137.6000,-0.280229,0.258923,-3.812709,0.000168,0.000825,-0.164427,-0.262327,0.231598,-2.961757,0.000121,0.000597,-0.164346
137.6500,-0.280229,0.258923,-3.812709,0.000168,0.000825,-0.164427,-0.262324,0.231601,-2.961716,0.000171,0.000925,-0.164411
137.7000,-0.280229,0.258923,-3.812709,0.000168,0.000825,-0.164427,-0.262323,0.231602,-2.961731,0.000126,0.000783,-0.164431
137.7500,-0.280229,0.258923,-3.812709,0.000168,0.000825,-0.164427,-0.262322,0.231601,-2.961714,0.000157,0.000689,-0.164456
137.8000,-0.280229,0.258923,-3.812709,0.000168,0.000825,-0.164427,-0.262322,0.231601,-2.961718,0.000247,0.000679,-0.164467
137.8500,-0.280229,0.258923,-3.812709,0.000168,0.000825,-0.164427,-0.262324,0.231602,-2.961736,0.000146,0.000947,-0.164514
137.9000,-0.280229,0.258923,-3.812709,0.000168,0.000825,-0.164427,-0.262325,0.231602,-2.961716,0.000278,0.000942,-0.164260
137.9500,-0.280229,0.258923,-3.812709,0.000168,0.000825,-0.164427,-0.262325,0.231603,-2.961718,0.000087,0.000804,-0.164284
138.0000,-0.280229,0.258923,-3.812709,0.000168,0.000825,-0.164427,-0.262324,0.231606,-2.961737,0.000101,0.000781,-0.164416
138.0500,-0.280229,0.258923,-3.812709,0.000168,0.000825,-0.164427,-0.262324,0.231604,-2.961713,0.000182,0.000640,-0.164466
138.1000,-0.280229,0.258923,-3.812709,0.000168,0.000825,-0.164427,-0.262326,0.231604,-2.961719,0.000113,0.000804,-0.164180
138.1500,-0.280229,0.258923,-3.812709,0.000168,0.000825,-0.164427,-0.262329,0.231605,-2.961742,0.000138,0.000815,-0.164445
138.2000,-0.280229,0.258923,-3.812709,0.000168,0.000825,-0.164427,-0.262326,0.231604,-2.961715,0.000224,0.000999,-0.164614
138.2520,-0.280229,0.258923,-3.812709,0.000168,0.000825,-0.164428,-0.262324,0.231603,-2.961721,0.000266,0.000852,-0.164510
138.3000,-0.280229,0.258923,-3.812709,0.000168,0.000825,-0.164428,-0.262321,0.231602,-2.961743,0.000140,0.000826,-0.164224
138.3500,-0.280229,0.258923,-3.812709,0.000168,0.000825,-0.164428,-0.262322,0.231604,-2.961713,0.000142,0.000583,-0.164452
138.4000,-0.280229,0.258923,-3.812709,0.000168,0.000825,-0.164428,-0.232408,0.205876,-2.961725,0.000172,0.000880,-0.164442
138.4520,-0.280229,0.258923,-3.812709,0.000168,0.000825,-0.164428,-0.232398,0.205861,-2.961753,0.000118,0.000740,-0.164300
138.5000,-0.280229,0.258923,-3.812709,0.000168,0.000825,-0.164428,-0.232404,0.205870,-2.961717,0.000216,0.000932,-0.164460
138.5500,-0.280229,0.258923,-3.812709,0.000168,0.000825,-0.164428,-0.232401,0.205870,-2.961728,0.000121,0.000943,-0.164388
138.6000,-0.280229,0.258923,-3.812709,0.000168,0.000825,-0.164428,-0.232399,0.205870,-2.961753,0.000203,0.000982,-0.164528
138.6500,-0.280229,0.258923,-3.812709,0.000168,0.000825,-0.164428,-0.232402,0.205870,-2.961716,0.000202,0.000966,-0.164311
138.7000,-0.280229,0.258923,-3.812709,0.000168,0.000825,-0.164428,-0.232401,0.205871,-2.961729,0.000083,0.000874,-0.164367
138.7500,-0.280229,0.258923,-3.812709,0.000168,0.000825,-0.164428,-0.232399,0.205874,-2.961761,0.000129,0.000807,-0.164570
138.8000,-0.280229,0.258923,-3.812709,0.000168,0.000825,-0.164428,-0.232401,0.205871,-2.961718,0.000248,0.000788,-0.164554
138.8500,-0.280229,0.258923,-3.812709,0.000168,0.000825,-0.164428,-0.232401,0.205868,-2.961733,0.000110,0.000813,-0.164387
138.9000,-0.280229,0.258923,-3.812709,0.000168,0.000825,-0.164428,-0.232401,0.205870,-2.961718,0.000300,0.000855,-0.164384
138.9500,-0.280229,0.258923,-3.812709,0.000168,0.000825,-0.164428,-0.232402,0.205869,-2.961717,0.000192,0.000766,-0.164395
139.0000,-0.280229,0.258923,-3.812709,0.000168,0.000825,-0.164428,-0.232405,0.205868,-2.961734,0.000258,0.000773,-0.164497
139.0500,-0.280229,0.258923,-3.812709,0.000168,0.000825,-0.164428,-0.232407,0.205866,-2.961715,0.000061,0.000871,-0.164449
139.1020,-0.280229,0.258923,-3.812709,0.000168,0.000825,-0.164428,-0.232406,0.205866,-2.961719,0.000059,0.000848,-0.164450
139.1500,-0.280229,0.258923,-3.812709,0.000168,0.000825,-0.164428,-0.232406,0.205869,-2.961739,-0.000011,0.000756,-0.164370
139.2000,-0.280229,0.258923,-3.812709,0.000168,0.000825,-0.164428,-0.232405,0.205868,-2.961717,0.000167,0.000806,-0.164455
139.2500,-0.280229,0.258923,-3.812709,0.000168,0.000825,-0.164428,-0.232405,0.205867,-2.961720,0.000186,0.000756,-0.164372
139.3000,-0.280229,0.258923,-3.812709,0.000168,0.000825,-0.164428,-0.232406,0.205866,-2.961740,0.000177,0.000637,-0.164401
139.3500,-0.280229,0.258923,-3.812709,0.000168,0.000825,-0.164428,-0.232405,0.205866,-2.961714,0.000343,0.000837,-0.164462
139.4000,-0.280229,0.258923,-3.812709,0.000168,0.000825,-0.164428,-0.182765,0.288598,-2.961723,0.000208,0.000759,-0.164511
139.4500,-0.280229,0.258923,-3.812709,0.000168,0.000825,-0.164428,-0.182752,0.288619,-2.961747,0.000151,0.000888,-0.164519
139.5000,-0.280229,0.258923,-3.812709,0.000168,0.000825,-0.164428,-0.182758,0.288608,-2.961717,0.000099,0.000876,-0.164314
139.5500,-0.280229,0.258923,-3.812709,0.000168,0.000825,-0.164428,-0.182757,0.288608,-2.961725,0.000200,0.000808,-0.164489
139.6000,-0.280229,0.258923,-3.812709,0.000168,0.000825,-0.164428,-0.182757,0.288607,-2.961748,0.000177,0.000553,-0.164648
139.6500,-0.280229,0.258923,-3.812709,0.000168,0.000825,-0.164428,-0.182756,0.288610,-2.961715,0.000352,0.000905,-0.164569
139.7000,-0.280229,0.258923,-3.812709,0.000168,0.000825,-0.164428,-0.182755,0.288607,-2.961726,0.000101,0.000978,-0.164559
139.7500,-0.280229,0.258923,-3.812709,0.000168,0.000825,-0.164428,-0.182752,0.288602,-2.961755,0.000222,0.000859,-0.164249
139.8000,-0.280229,0.258923,-3.812709,0.000168,0.000825,-0.164428,-0.182756,0.288606,-2.961717,0.000056,0.000799,-0.164341
139.8500,-0.280229,0.258923,-3.812709,0.000168,0.000825,-0.164428,-0.182755,0.288608,-2.961729,0.000208,0.000942,-0.164324
139.9000,-0.280229,0.258923,-3.812709,0.000168,0.000825,-0.164428,-0.182753,0.288610,-2.961756,0.000081,0.000682,-0.164316
139.9500,-0.280229,0.258923,-3.812709,0.000168,0.000825,-0.164428,-0.182754,0.288608,-2.961716,0.000115,0.000871,-0.164444
140.0000,-0.280229,0.258923,-3.812709,0.000168,0.000825,-0.164428,-0.182752,0.288608,-2.961731,-0.000006,0.000815,-0.164521
140.0500,-0.280229,0.258923,-3.812709,0.000168,0.000825,-0.164428,-0.182749,0.288610,-2.961764,0.000249,0.000860,-0.164456
140.1000,-0.280229,0.258923,-3.812709,0.000168,0.000825,-0.164428,-0.182753,0.288609,-2.961718,0.000202,0.000741,-0.164346
140.1520,-0.280229,0.258923,-3.812709,0.000168,0.000825,-0.164428,-0.182756,0.288610,-2.961735,0.000119,0.000881,-0.164355
140.2020,-0.280229,0.258923,-3.812709,0.000168,0.000825,-0.164428,-0.182757,0.288611,-2.961718,0.000205,0.000981,-0.164454
140.2500,-0.280229,0.258923,-3.812709,0.000168,0.000825,-0.164428,-0.182757,0.288613,-2.961718,0.000109,0.000574,-0.164634
140.3000,-0.280229,0.258923,-3.812709,0.000168,0.000825,-0.164428,-0.182758,0.288615,-2.961736,0.000249,0.000745,-0.164390
140.3520,-0.280229,0.258923,-3.812709,0.000168,0.000825,-0.164429,-0.182758,0.288614,-2.961714,0.000125,0.000801,-0.164327
140.4000,-0.280229,0.258923,-3.812709,0.000168,0.000825,-0.164429,-0.116469,0.274974,-2.961724,0.000167,0.000775,-0.164350
140.4520,-0.280229,0.258923,-3.812709,0.000168,0.000825,-0.164429,-0.116466,0.274974,-2.961745,0.000213,0.000936,-0.164425
140.5020,-0.280229,0.258923,-3.812709,0.000168,0.000825,-0.164429,-0.116468,0.274974,-2.961721,0.000133,0.000755,-0.164470
140.5500,-0.280229,0.258923,-3.812709,0.000168,0.000825,-0.164429,-0.116469,0.274974,-2.961725,0.000092,0.000791,-0.164333
