t,gt_x,gt_y,gt_z,gt_roll,gt_pitch,gt_yaw,est_x,est_y,est_z,est_roll,est_pitch,est_yaw
0.0000,-0.006250,-0.002196,-2.802573,0.000034,0.000826,-0.001294,0.065557,0.112200,-2.404247,0.000129,0.000719,-0.001269
0.0000,-0.006250,-0.002196,-2.802573,0.000034,0.000826,-0.001294,0.065557,0.112200,-2.404247,0.000129,0.000719,-0.001269
0.0520,-0.006251,-0.002195,-2.802442,0.000034,0.000828,-0.001294,0.068708,0.116317,-2.384224,0.000223,0.000746,-0.001357
0.1000,-0.006251,-0.002195,-2.802313,0.000033,0.000829,-0.001294,0.073260,0.122498,-2.280936,-0.000102,0.000719,-0.001350
0.1500,-0.006252,-0.002195,-2.802185,0.000032,0.000830,-0.001294,0.076395,0.126618,-2.256288,0.000196,0.000814,-0.001117
0.2000,-0.006252,-0.002195,-2.802059,0.000032,0.000831,-0.001294,0.080966,0.132798,-2.165901,0.000181,0.000932,-0.001352
0.2500,-0.006253,-0.002195,-2.801934,0.000031,0.000832,-0.001293,0.084098,0.136913,-2.138100,0.000016,0.000818,-0.001299
0.3000,-0.006253,-0.002195,-2.801810,0.000031,0.000833,-0.001293,0.204485,0.099471,-2.065704,0.000020,0.000946,-0.001413
0.3500,-0.006254,-0.002195,-2.801687,0.000030,0.000834,-0.001293,0.213913,0.101213,-2.036199,-0.000002,0.000692,-0.001359
0.4000,-0.006254,-0.002194,-2.801566,0.000030,0.000835,-0.001293,0.228041,0.103825,-1.982895,-0.000001,0.000595,-0.001271
0.4500,-0.006255,-0.002194,-2.801445,0.000029,0.000836,-0.001293,-0.069806,0.033088,-2.698547,0.000005,0.000814,-0.001157
0.5000,-0.006255,-0.002194,-2.801326,0.000029,0.000837,-0.001293,-0.078663,0.030267,-2.687862,-0.000017,0.000822,-0.001334
0.5520,-0.006256,-0.002194,-2.801209,0.000028,0.000838,-0.001293,-0.084568,0.028389,-2.694941,-0.000027,0.000855,-0.001171
0.6000,-0.006256,-0.002194,-2.801092,0.000028,0.000838,-0.001293,-0.093457,0.025571,-2.668760,-0.000060,0.000785,-0.001039
0.6520,-0.006257,-0.002194,-2.800977,0.000028,0.000839,-0.001293,-0.099369,0.023693,-2.672456,0.000036,0.000976,-0.001339
0.7000,-0.006257,-0.002194,-2.800862,0.000027,0.000840,-0.001293,-0.108312,0.020877,-2.625059,0.000140,0.000841,-0.001278
0.7500,-0.006258,-0.002193,-2.800749,0.000027,0.000840,-0.001293,-0.114232,0.018997,-2.624054,0.000004,0.000851,-0.001294
0.8000,-0.006258,-0.002193,-2.800637,0.000027,0.000841,-0.001293,-0.123238,0.016183,-2.554185,0.000041,0.000729,-0.001350
0.8500,-0.006259,-0.002193,-2.800527,0.000026,0.000842,-0.001293,-0.129172,0.014302,-2.547588,-0.000095,0.000925,-0.001365
0.9000,-0.006259,-0.002193,-2.800417,0.000026,0.000842,-0.001293,-0.138239,0.011492,-2.460147,-0.000138,0.000752,-0.001218
0.9500,-0.006260,-0.002193,-2.800308,0.000026,0.000843,-0.001293,-0.144190,0.009614,-2.447762,0.000169,0.001033,-0.001343
1.0000,-0.006260,-0.002193,-2.800201,0.000026,0.000843,-0.001293,-0.153297,0.006802,-2.352513,0.000014,0.000997,-0.001270
1.0500,-0.006261,-0.002193,-2.800095,0.000025,0.000844,-0.001293,-0.159261,0.004925,-2.334885,-0.000032,0.001079,-0.001246
1.1000,-0.006261,-0.002193,-2.799989,0.000025,0.000844,-0.001293,-0.168374,0.002114,-2.242740,0.000016,0.000969,-0.001219
1.1500,-0.006262,-0.002193,-2.799885,0.000025,0.000845,-0.001293,-0.174350,0.000238,-2.220959,-0.000257,0.001032,-0.001318
1.2000,-0.006262,-0.002193,-2.799782,0.000025,0.000845,-0.001293,-0.183442,-0.002571,-2.140383,-0.000082,0.000738,-0.001271
1.2500,-0.006263,-0.002192,-2.799680,0.000025,0.000846,-0.001293,-0.189430,-0.004443,-2.115776,0.000088,0.000745,-0.001210
1.3000,-0.006263,-0.002192,-2.799579,0.000025,0.000846,-0.001293,-0.272119,-0.053693,-2.051256,0.000135,0.000828,-0.001423
1.3500,-0.006264,-0.002192,-2.799479,0.000024,0.000847,-0.001293,-0.282121,-0.058097,-2.025117,-0.000056,0.001008,-0.001301
1.4000,-0.006264,-0.002192,-2.799380,0.000024,0.000847,-0.001292,-0.297128,-0.064698,-1.977675,0.000022,0.000906,-0.001254
1.4500,-0.006265,-0.002192,-2.799282,0.000024,0.000848,-0.001292,0.070439,0.046117,-2.725267,-0.000065,0.000787,-0.001198
1.5000,-0.006265,-0.002192,-2.799185,0.000024,0.000848,-0.001292,0.083716,0.048136,-2.720430,0.000205,0.000779,-0.001327
1.5500,-0.006265,-0.002192,-2.799089,0.000024,0.000848,-0.001292,0.092569,0.049483,-2.732193,0.000103,0.000866,-0.001368
1.6000,-0.006266,-0.002192,-2.798994,0.000024,0.000849,-0.001292,0.105815,0.051501,-2.710445,0.000091,0.000876,-0.001235
1.6500,-0.006266,-0.002192,-2.798899,0.000024,0.000849,-0.001292,0.114659,0.052844,-2.718586,-0.000080,0.000821,-0.001232
1.7000,-0.006267,-0.002192,-2.798806,0.000024,0.000849,-0.001292,0.127848,0.054862,-2.673455,-0.000059,0.000730,-0.001375
1.7500,-0.006267,-0.002192,-2.798714,0.000024,0.000850,-0.001292,0.136680,0.056205,-2.676511,0.000058,0.000693,-0.001153
1.8000,-0.006268,-0.002192,-2.798623,0.000024,0.000850,-0.001292,0.149795,0.058229,-2.606156,-0.000006,0.000960,-0.001232
1.8500,-0.006268,-0.002191,-2.798532,0.000023,0.000850,-0.001292,0.158612,0.059576,-2.603093,0.000165,0.000809,-0.001256
1.9000,-0.006269,-0.002191,-2.798443,0.000023,0.000851,-0.001292,0.171657,0.061602,-2.512315,0.000194,0.000828,-0.001220
1.9500,-0.006269,-0.002191,-2.798355,0.000023,0.000851,-0.001292,0.180456,0.062948,-2.502828,-0.000074,0.000803,-0.001339
2.0000,-0.006269,-0.002191,-2.798267,0.000023,0.000851,-0.001292,0.193453,0.064978,-2.401874,0.000196,0.000908,-0.001160
2.0500,-0.006270,-0.002191,-2.798180,0.000023,0.000852,-0.001292,0.202237,0.066322,-2.386464,0.000096,0.000863,-0.001291
2.1000,-0.006270,-0.002191,-2.798094,0.000023,0.000852,-0.001292,0.215218,0.068352,-2.287115,-0.000032,0.000755,-0.001298
2.1500,-0.006271,-0.002191,-2.798009,0.000023,0.000852,-0.001292,0.223987,0.069698,-2.266889,0.000096,0.000864,-0.001342
2.2000,-0.006271,-0.002191,-2.797925,0.000023,0.000852,-0.001292,0.236984,0.071724,-2.178550,-0.000065,0.001045,-0.001256
2.2500,-0.006272,-0.002191,-2.797842,0.000023,0.000853,-0.001292,0.245744,0.073070,-2.154900,0.000116,0.000816,-0.001166
2.3000,-0.006272,-0.002191,-2.797760,0.000023,0.000853,-0.001292,0.139598,0.010776,-2.082805,-0.000025,0.000798,-0.001626
2.3500,-0.006272,-0.002191,-2.797678,0.000023,0.000853,-0.001292,0.141871,0.008622,-2.057116,0.000071,0.000884,-0.001261
2.4000,-0.006273,-0.002191,-2.797597,0.000023,0.000854,-0.001292,0.145256,0.005396,-2.002796,-0.000040,0.000752,-0.001177
2.4500,-0.006273,-0.002191,-2.797517,0.000023,0.000854,-0.001292,-0.021266,0.127002,-2.734186,0.000012,0.000978,-0.001393
2.5000,-0.006274,-0.002191,-2.797438,0.000023,0.000854,-0.001292,-0.030455,0.133022,-2.727794,-0.000122,0.000851,-0.001325
2.5500,-0.006274,-0.002191,-2.797360,0.000023,0.000854,-0.001292,-0.036577,0.137037,-2.738698,0.000084,0.000665,-0.001156
2.6000,-0.006274,-0.002190,-2.797283,0.000023,0.000855,-0.001292,-0.045797,0.143059,-2.715319,0.000139,0.000819,-0.001305
2.6500,-0.006275,-0.002190,-2.797206,0.000023,0.000855,-0.001292,-0.051930,0.147072,-2.722567,-0.000008,0.000950,-0.001309
2.7000,-0.006275,-0.002190,-2.797130,0.000023,0.000855,-0.001292,-0.061209,0.153093,-2.675774,0.000010,0.000797,-0.001287
2.7500,-0.006275,-0.002190,-2.797055,0.000023,0.000855,-0.001292,-0.067355,0.157107,-2.677908,0.000145,0.000920,-0.001292
2.8000,-0.006276,-0.002190,-2.796980,0.000023,0.000855,-0.001292,-0.076706,0.163132,-2.605989,0.000007,0.000949,-0.001396
2.8500,-0.006276,-0.002190,-2.796907,0.000023,0.000856,-0.001292,-0.082869,0.167146,-2.601987,0.000013,0.000905,-0.001353
2.9000,-0.006277,-0.002190,-2.796834,0.000023,0.000856,-0.001292,-0.092289,0.173173,-2.509907,0.000080,0.000791,-0.001316
2.9500,-0.006277,-0.002190,-2.796762,0.000023,0.000856,-0.001292,-0.098470,0.177187,-2.499489,0.000033,0.000873,-0.001368
3.0020,-0.006277,-0.002190,-2.796690,0.000023,0.000856,-0.001292,-0.107939,0.183216,-2.397629,0.000059,0.000851,-0.001300
3.0500,-0.006278,-0.002190,-2.796619,0.000023,0.000857,-0.001292,-0.114136,0.187230,-2.381321,-0.000078,0.000882,-0.001429
3.1000,-0.006278,-0.002190,-2.796549,0.000023,0.000857,-0.001292,-0.123619,0.193260,-2.281519,-0.000126,0.000797,-0.001276
3.1500,-0.006278,-0.002190,-2.796480,0.000023,0.000857,-0.001292,-0.129830,0.197278,-2.260451,0.000048,0.000968,-0.001301
3.2000,-0.006279,-0.002190,-2.796412,0.000023,0.000857,-0.001292,-0.139297,0.203307,-2.172082,0.000034,0.000826,-0.001230
3.2500,-0.006279,-0.002190,-2.796344,0.000022,0.000857,-0.001292,-0.145517,0.207326,-2.147663,0.000041,0.000979,-0.001411
3.3000,-0.006279,-0.002190,-2.796277,0.000022,0.000858,-0.001292,-0.154846,-0.106569,-2.075900,-0.000076,0.000939,-0.001213
3.3500,-0.006280,-0.002190,-2.796210,0.000022,0.000858,-0.001292,-0.161061,-0.119941,-2.049524,-0.000193,0.000814,-0.001352
3.4000,-0.006280,-0.002190,-2.796144,0.000022,0.000858,-0.001292,-0.170411,-0.139997,-1.995745,-0.000005,0.000753,-0.001474
3.4500,-0.006281,-0.002190,-2.796079,0.000022,0.000858,-0.001291,-0.047182,-0.065742,-2.714183,0.000088,0.001127,-0.001160
3.5020,-0.006281,-0.002190,-2.796015,0.000022,0.000858,-0.001291,-0.046814,-0.079252,-2.706583,-0.000025,0.000874,-0.001366
3.5500,-0.006281,-0.002190,-2.795951,0.000022,0.000859,-0.001291,-0.046569,-0.088260,-2.716297,0.000234,0.001020,-0.001522
3.6000,-0.006282,-0.002190,-2.795888,0.000022,0.000859,-0.001291,-0.046236,-0.101771,-2.692253,0.000109,0.000800,-0.001440
3.6500,-0.006282,-0.002190,-2.795825,0.000022,0.000859,-0.001291,-0.046000,-0.110779,-2.698415,0.000130,0.000771,-0.001222
3.7000,-0.006282,-0.002190,-2.795763,0.000022,0.000859,-0.001291,-0.045726,-0.124287,-2.651781,0.000122,0.000821,-0.001333
3.7500,-0.006283,-0.002189,-2.795702,0.000022,0.000859,-0.001291,-0.045501,-0.133297,-2.652989,0.000012,0.000742,-0.001366
3.8000,-0.006283,-0.002189,-2.795641,0.000022,0.000859,-0.001291,-0.045296,-0.146801,-2.582231,-0.000245,0.000638,-0.001391
3.8500,-0.006283,-0.002189,-2.795581,0.000022,0.000860,-0.001291,-0.045092,-0.155808,-2.577509,0.000060,0.000667,-0.001326
3.9000,-0.006284,-0.002189,-2.795522,0.000022,0.000860,-0.001291,-0.044952,-0.169311,-2.487560,-0.000035,0.000917,-0.001132
3.9500,-0.006277,-0.002187,-2.795653,0.000022,0.000823,-0.001290,-0.044763,-0.178317,-2.476698,0.000031,0.000939,-0.001253
4.0000,-0.006221,-0.002171,-2.796820,0.000012,0.000569,-0.001278,-0.044622,-0.191806,-2.378771,0.000133,0.000460,-0.001154
4.0500,-0.006090,-0.002137,-2.799593,-0.000048,0.000023,-0.001249,-0.044372,-0.200789,-2.364037,0.000091,0.000180,-0.001051
4.1000,-0.005901,-0.002092,-2.804066,-0.000193,-0.000727,-0.001202,-0.044051,-0.214244,-2.272776,-0.000259,-0.000807,-0.001214
4.1500,-0.005687,-0.002044,-2.810091,-0.000416,-0.001563,-0.001142,-0.043751,-0.223208,-2.256203,-0.000363,-0.001279,-0.001353
4.2000,-0.005483,-0.001993,-2.817437,-0.000687,-0.002408,-0.001073,-0.043302,-0.236664,-2.180553,-0.000791,-0.002476,-0.000895
4.2500,-0.005308,-0.001942,-2.825863,-0.000977,-0.003214,-0.001000,-0.043054,-0.245617,-2.162928,-0.000891,-0.002924,-0.001107
4.3020,-0.005171,-0.001893,-2.835154,-0.001266,-0.003953,-0.000929,0.192192,-0.193089,-2.106480,-0.001233,-0.003802,-0.000993
4.3500,-0.005068,-0.001847,-2.845130,-0.001538,-0.004607,-0.000863,0.205129,-0.198444,-2.088414,-0.001399,-0.004399,-0.000811
4.4000,-0.004991,-0.001807,-2.855645,-0.001782,-0.005170,-0.000804,0.224538,-0.206492,-2.051356,-0.001730,-0.005231,-0.000924
4.4500,-0.004930,-0.001774,-2.866581,-0.001990,-0.005638,-0.000755,0.006329,-0.019213,-2.786629,-0.002097,-0.005424,-0.000767
4.5020,-0.004875,-0.001749,-2.877845,-0.002158,-0.006016,-0.000717,0.008536,-0.012923,-2.794244,-0.002257,-0.006129,-0.000666
4.5500,-0.004822,-0.001732,-2.889367,-0.002287,-0.006310,-0.000683,0.009998,-0.008738,-2.814244,-0.002228,-0.005985,-0.000532
4.6000,-0.004768,-0.001722,-2.901088,-0.002377,-0.006527,-0.000656,0.012410,-0.002548,-2.806008,-0.002381,-0.006589,-0.000666
4.6500,-0.004710,-0.001718,-2.912965,-0.002429,-0.006676,-0.000638,0.013928,0.001608,-2.822775,-0.002551,-0.006446,-0.000653
4.7000,-0.004648,-0.001721,-2.924964,-0.002446,-0.006762,-0.000626,0.016739,0.007638,-2.792209,-0.002506,-0.006822,-0.000418
4.7500,-0.004581,-0.001730,-2.937057,-0.002432,-0.006796,-0.000617,0.018347,0.011756,-2.804207,-0.002623,-0.006701,-0.000699
4.8000,-0.004510,-0.001744,-2.949225,-0.002390,-0.006783,-0.000611,0.021687,0.017581,-2.749462,-0.002429,-0.006659,-0.000608
4.8500,-0.004435,-0.001764,-2.961451,-0.002323,-0.006730,-0.000607,0.023408,0.021652,-2.755625,-0.002319,-0.006869,-0.000627
4.9000,-0.004356,-0.001788,-2.973723,-0.002235,-0.006645,-0.000605,0.027263,0.027290,-2.681359,-0.002079,-0.006498,-0.000693
4.9500,-0.004276,-0.001815,-2.986031,-0.002129,-0.006532,-0.000605,0.029111,0.031308,-2.681363,-0.002183,-0.006550,-0.000557
5.0000,-0.004194,-0.001845,-2.998367,-0.002010,-0.006397,-0.000606,0.033316,0.036827,-2.597528,-0.002029,-0.006381,-0.000564
5.0500,-0.004113,-0.001877,-3.010726,-0.001879,-0.006244,-0.000608,0.035288,0.040796,-2.591846,-0.002074,-0.006379,-0.000736
5.1000,-0.004031,-0.001911,-3.023102,-0.001740,-0.006077,-0.000612,0.039596,0.046293,-2.509852,-0.001605,-0.005902,-0.000532
5.1500,-0.003951,-0.001944,-3.035493,-0.001595,-0.005901,-0.000616,0.041671,0.050220,-2.499553,-0.001591,-0.005937,-0.000571
5.2020,-0.003871,-0.001978,-3.047895,-0.001446,-0.005716,-0.000620,0.045845,0.055778,-2.428477,-0.001431,-0.005585,-0.000610
5.2500,-0.003794,-0.002011,-3.060306,-0.001296,-0.005527,-0.000626,0.047997,0.059679,-2.414910,-0.001392,-0.005488,-0.000663
5.3000,-0.003718,-0.002044,-3.072724,-0.001146,-0.005335,-0.000631,0.419015,0.306971,-2.359328,-0.001118,-0.005335,-0.000661
5.3500,-0.003645,-0.002075,-3.085148,-0.000998,-0.005141,-0.000638,0.441169,0.323991,-2.343807,-0.001053,-0.005397,-0.000530
5.4000,-0.003574,-0.002105,-3.097577,-0.000853,-0.004948,-0.000645,0.474543,0.349489,-2.306094,-0.000810,-0.005134,-0.000769
5.4500,-0.003505,-0.002134,-3.110010,-0.000711,-0.004757,-0.000653,0.015579,0.037573,-2.976895,-0.000585,-0.004752,-0.000679
5.5000,-0.003439,-0.002161,-3.122447,-0.000575,-0.004567,-0.000662,0.012700,0.038604,-2.982911,-0.000615,-0.004637,-0.000495
5.5520,-0.003375,-0.002186,-3.134886,-0.000444,-0.004381,-0.000671,0.010769,0.039294,-3.000588,-0.000601,-0.004499,-0.000858
5.6000,-0.003314,-0.002210,-3.147327,-0.000319,-0.004199,-0.000680,0.008034,0.040308,-2.991539,-0.000481,-0.004306,-0.000581
5.6500,-0.003256,-0.002231,-3.159771,-0.000200,-0.004021,-0.000689,0.006135,0.040999,-3.005949,-0.000231,-0.004011,-0.000557
5.7000,-0.003200,-0.002251,-3.172216,-0.000089,-0.003848,-0.000698,0.003648,0.041995,-2.976286,0.000077,-0.003678,-0.000670
5.7520,-0.003147,-0.002268,-3.184662,0.000016,-0.003679,-0.000707,0.001800,0.042683,-2.986151,0.000136,-0.003710,-0.000957
5.8000,-0.003096,-0.002284,-3.197110,0.000114,-0.003516,-0.000717,-0.000394,0.043667,-2.934617,0.000016,-0.003493,-0.000782
5.8500,-0.003049,-0.002298,-3.209558,0.000205,-0.003358,-0.000726,-0.002173,0.044351,-2.939066,0.000168,-0.003419,-0.000656
5.9000,-0.003003,-0.002310,-3.222008,0.000289,-0.003205,-0.000735,-0.004121,0.045343,-2.870339,0.000312,-0.003185,-0.000747
5.9500,-0.002960,-0.002320,-3.234458,0.000366,-0.003057,-0.000743,-0.005830,0.046024,-2.869171,0.000372,-0.003250,-0.000765
6.0000,-0.002920,-0.002328,-3.246909,0.000437,-0.002915,-0.000752,-0.007654,0.047042,-2.792631,0.000410,-0.002808,-0.000726
6.0500,-0.002882,-0.002335,-3.259361,0.000501,-0.002778,-0.000761,-0.009298,0.047721,-2.786357,0.000595,-0.002898,-0.000773
6.1000,-0.002846,-0.002341,-3.271814,0.000559,-0.002646,-0.000769,-0.011132,0.048770,-2.712510,0.000735,-0.002606,-0.000879
6.1500,-0.002812,-0.002345,-3.284267,0.000612,-0.002519,-0.000777,-0.012728,0.049449,-2.702168,0.000567,-0.002552,-0.000901
6.2000,-0.002780,-0.002347,-3.296720,0.000659,-0.002397,-0.000784,-0.014676,0.050522,-2.639195,0.000859,-0.002426,-0.000645
6.2500,-0.002750,-0.002348,-3.309174,0.000700,-0.002279,-0.000792,-0.016239,0.051204,-2.626056,0.000650,-0.002385,-0.000787
6.3000,-0.002722,-0.002348,-3.321629,0.000737,-0.002167,-0.000799,0.129791,-0.349695,-2.578303,0.000815,-0.002084,-0.000622
6.3500,-0.002696,-0.002347,-3.334083,0.000769,-0.002059,-0.000806,0.136298,-0.370862,-2.563625,0.000600,-0.002160,-0.000762
6.4000,-0.002672,-0.002345,-3.346539,0.000797,-0.001956,-0.000813,0.146093,-0.402597,-2.532229,0.000665,-0.001701,-0.000716
6.4500,-0.002649,-0.002343,-3.358995,0.000821,-0.001857,-0.000820,0.009366,-0.099411,-3.243031,0.000779,-0.001882,-0.000795
6.5000,-0.002628,-0.002339,-3.371451,0.000841,-0.001762,-0.000826,0.008314,-0.106906,-3.252887,0.000923,-0.001799,-0.000705
6.5500,-0.002609,-0.002334,-3.383907,0.000858,-0.001671,-0.000833,0.007607,-0.111902,-3.273615,0.000943,-0.001703,-0.000959
6.6000,-0.002591,-0.002329,-3.396364,0.000871,-0.001585,-0.000839,0.006621,-0.119369,-3.267537,0.000916,-0.001459,-0.000854
6.6500,-0.002575,-0.002323,-3.408822,0.000882,-0.001502,-0.000845,0.005924,-0.124361,-3.284847,0.000890,-0.001673,-0.000905
6.7000,-0.002559,-0.002317,-3.421279,0.000890,-0.001423,-0.000850,0.005045,-0.131782,-3.256759,0.000908,-0.001547,-0.001016
6.7500,-0.002546,-0.002310,-3.433737,0.000896,-0.001347,-0.000856,0.004371,-0.136762,-3.269276,0.000956,-0.001258,-0.000819
6.8000,-0.002533,-0.002303,-3.446196,0.000899,-0.001275,-0.000861,0.003616,-0.144118,-3.217492,0.000755,-0.001212,-0.000844
6.8500,-0.002522,-0.002296,-3.458654,0.000901,-0.001206,-0.000867,0.002972,-0.149085,-3.224245,0.000930,-0.001364,-0.000952
6.9000,-0.002511,-0.002288,-3.471113,0.000901,-0.001140,-0.000872,0.002328,-0.156372,-3.153341,0.000959,-0.001074,-0.000829
6.9920,-0.002494,-0.002271,-3.496033,0.000896,-0.001018,-0.000882,0.001128,-0.168568,-3.073720,0.000949,-0.001103,-0.000864
7.0020,-0.002494,-0.002271,-3.496033,0.000896,-0.001018,-0.000882,0.001128,-0.168568,-3.073720,0.000949,-0.001103,-0.000864
7.0500,-0.002487,-0.002263,-3.508493,0.000891,-0.000962,-0.000887,0.000542,-0.173504,-3.068874,0.000926,-0.000999,-0.000953
7.1000,-0.002480,-0.002254,-3.520953,0.000886,-0.000908,-0.000891,-0.000054,-0.180732,-2.990214,0.000870,-0.000949,-0.000888
7.1500,-0.002475,-0.002245,-3.533414,0.000880,-0.000856,-0.000896,-0.000620,-0.185655,-2.980858,0.000856,-0.000941,-0.000722
7.2000,-0.002470,-0.002237,-3.545875,0.000872,-0.000808,-0.000900,-0.001266,-0.192898,-2.912713,0.000865,-0.000733,-0.000994
7.2500,-0.002467,-0.002228,-3.558337,0.000865,-0.000761,-0.000905,-0.001819,-0.197810,-2.900164,0.000977,-0.000898,-0.000889
7.3000,-0.002463,-0.002219,-3.570798,0.000856,-0.000717,-0.000909,0.235492,-0.146195,-2.847374,0.000810,-0.000842,-0.000967
7.3500,-0.002461,-0.002210,-3.583260,0.000847,-0.000676,-0.000913,0.247885,-0.147902,-2.832939,0.000976,-0.000573,-0.000881
7.4000,-0.002459,-0.002201,-3.595723,0.000838,-0.000636,-0.000917,0.266500,-0.150439,-2.797031,0.000776,-0.000542,-0.001014
7.4500,-0.002458,-0.002192,-3.608186,0.000828,-0.000598,-0.000921,-0.071593,-0.009567,-3.593946,0.000839,-0.000659,-0.000777
7.5000,-0.002458,-0.002183,-3.620649,0.000819,-0.000563,-0.000925,-0.079229,-0.001496,-3.606984,0.000635,-0.000441,-0.001007
7.5520,-0.002458,-0.002174,-3.633112,0.000809,-0.000529,-0.000929,-0.084326,0.003887,-3.631897,0.000877,-0.000631,-0.000879
7.6000,-0.002458,-0.002166,-3.645576,0.000798,-0.000497,-0.000933,-0.091938,0.011992,-3.626359,0.000793,-0.000270,-0.000983
7.6500,-0.002459,-0.002157,-3.658040,0.000788,-0.000467,-0.000937,-0.097033,0.017384,-3.647320,0.000642,-0.000506,-0.001067
7.7000,-0.002461,-0.002148,-3.670504,0.000778,-0.000439,-0.000941,-0.104608,0.025553,-3.615923,0.000779,-0.000418,-0.000913
7.7520,-0.002463,-0.002140,-3.682969,0.000768,-0.000412,-0.000944,-0.109690,0.030954,-3.631308,0.000755,-0.000530,-0.000935
7.8000,-0.002465,-0.002132,-3.695434,0.000758,-0.000386,-0.000948,-0.117212,0.039192,-3.571750,0.000898,-0.000466,-0.000967
7.8500,-0.002468,-0.002123,-3.707899,0.000748,-0.000362,-0.000951,-0.122285,0.044610,-3.580381,0.000719,-0.000462,-0.001003
7.9000,-0.002471,-0.002115,-3.720364,0.000738,-0.000340,-0.000955,-0.129766,0.052919,-3.497641,0.000651,-0.000143,-0.000971
7.9500,-0.002480,-0.002109,-3.732689,0.000728,-0.000290,-0.000960,-0.134827,0.058353,-3.499115,0.000648,-0.000249,-0.000899
8.0020,-0.002525,-0.002116,-3.744249,0.000706,-0.000079,-0.000971,-0.142324,0.066698,-3.403513,0.000771,-0.000053,-0.000844
8.0500,-0.002635,-0.002150,-3.754372,0.000644,0.000409,-0.000992,-0.147437,0.072125,-3.396943,0.000621,0.000379,-0.000964
8.1000,-0.002808,-0.002217,-3.762829,0.000505,0.001131,-0.001015,-0.155123,0.080412,-3.298322,0.000410,0.001172,-0.001161
8.1500,-0.003014,-0.002309,-3.769702,0.000292,0.001973,-0.001029,-0.160303,0.085810,-3.283641,0.000336,0.001790,-0.000910
8.2000,-0.003219,-0.002411,-3.775203,0.000034,0.002845,-0.001033,-0.168165,0.094016,-3.192130,-0.000017,0.002823,-0.001234
8.2500,-0.003401,-0.002508,-3.779567,-0.000241,0.003688,-0.001028,-0.173306,0.099420,-3.171304,-0.000189,0.003589,-0.000958
8.3000,-0.003550,-0.002590,-3.783012,-0.000510,0.004469,-0.001019,0.070346,-0.247753,-3.094231,-0.000677,0.004347,-0.001010
8.3500,-0.003664,-0.002653,-3.785726,-0.000756,0.005171,-0.001009,0.078961,-0.261623,-3.069518,-0.000824,0.005026,-0.001164
8.4000,-0.003746,-0.002698,-3.787861,-0.000972,0.005786,-0.000999,0.091811,-0.282406,-3.009599,-0.000858,0.005789,-0.000862
8.4500,-0.003802,-0.002727,-3.789539,-0.001156,0.006311,-0.000991,0.000012,-0.045978,-3.702270,-0.001032,0.006198,-0.001077
8.5000,-0.003840,-0.002743,-3.790857,-0.001304,0.006745,-0.000983,0.005405,-0.048073,-3.692725,-0.001175,0.006814,-0.000944
8.5500,-0.003866,-0.002750,-3.791891,-0.001418,0.007092,-0.000978,0.009024,-0.049460,-3.700865,-0.001573,0.007121,-0.000939
8.6000,-0.003883,-0.002750,-3.792703,-0.001498,0.007359,-0.000975,0.014218,-0.051577,-3.674520,-0.001582,0.007453,-0.001008
8.6500,-0.003895,-0.002746,-3.793343,-0.001547,0.007547,-0.000974,0.017797,-0.052963,-3.678796,-0.001637,0.007537,-0.000899
8.7000,-0.003903,-0.002740,-3.793848,-0.001569,0.007670,-0.000973,0.022580,-0.055151,-3.630076,-0.001540,0.007666,-0.001004
8.7500,-0.003909,-0.002734,-3.794238,-0.001568,0.007750,-0.000974,0.026078,-0.056549,-3.629266,-0.001707,0.007732,-0.000990
8.8000,-0.003914,-0.002727,-3.794532,-0.001546,0.007776,-0.000976,0.030303,-0.058845,-3.557137,-0.001655,0.007712,-0.001195
8.8500,-0.003918,-0.002722,-3.794750,-0.001510,0.007750,-0.000978,0.033683,-0.060266,-3.550396,-0.001430,0.007826,-0.000852
8.9000,-0.003921,-0.002717,-3.794907,-0.001465,0.007679,-0.000981,0.037363,-0.062670,-3.460162,-0.001555,0.007784,-0.000923
8.9500,-0.003923,-0.002713,-3.795018,-0.001415,0.007574,-0.000983,0.040611,-0.064120,-3.447362,-0.001441,0.007660,-0.001007
9.0000,-0.003925,-0.002710,-3.795094,-0.001362,0.007440,-0.000986,0.043932,-0.066593,-3.349275,-0.001292,0.007283,-0.001188
9.0500,-0.003926,-0.002708,-3.795142,-0.001308,0.007283,-0.000989,0.047045,-0.068073,-3.331035,-0.001346,0.007557,-0.000920
9.1000,-0.003927,-0.002705,-3.795168,-0.001254,0.007106,-0.000991,0.050284,-0.070559,-3.236405,-0.001232,0.007170,-0.000840
9.1500,-0.003928,-0.002704,-3.795177,-0.001202,0.006914,-0.000993,0.053291,-0.072060,-3.213884,-0.001114,0.007010,-0.000855
9.2000,-0.003928,-0.002703,-3.795173,-0.001152,0.006712,-0.000994,0.056707,-0.074511,-3.131404,-0.001162,0.006663,-0.000891
9.2500,-0.003928,-0.002702,-3.795159,-0.001104,0.006502,-0.000995,0.059631,-0.076029,-3.105990,-0.001053,0.006286,-0.001041
9.3000,-0.003929,-0.002701,-3.795136,-0.001060,0.006286,-0.000997,-0.311301,-0.221856,-3.039499,-0.001124,0.006287,-0.000989
9.3520,-0.003929,-0.002700,-3.795106,-0.001018,0.006068,-0.000997,-0.328800,-0.231182,-3.012507,-0.001161,0.006148,-0.000908
9.4000,-0.003930,-0.002699,-3.795072,-0.000979,0.005850,-0.000998,-0.355146,-0.245184,-2.964547,-0.001078,0.005538,-0.000932
9.4500,-0.003930,-0.002697,-3.795033,-0.000942,0.005632,-0.000999,0.159220,-0.006763,-3.676229,-0.001052,0.005713,-0.000868
9.5000,-0.003931,-0.002696,-3.794991,-0.000909,0.005417,-0.000999,0.172890,-0.002201,-3.668747,-0.001017,0.005394,-0.001001
9.5500,-0.003932,-0.002694,-3.794946,-0.000877,0.005206,-0.001000,0.182017,0.000841,-3.677928,-0.000816,0.005301,-0.000868
9.6000,-0.003932,-0.002692,-3.794900,-0.000848,0.004999,-0.001000,0.195495,0.005373,-3.654708,-0.000863,0.004919,-0.000922
9.6500,-0.003933,-0.002690,-3.794852,-0.000821,0.004798,-0.001001,0.204573,0.008407,-3.660480,-0.000820,0.005097,-0.000906
9.7000,-0.003934,-0.002688,-3.794803,-0.000795,0.004602,-0.001001,0.217732,0.012881,-3.615675,-0.000661,0.004621,-0.000990
9.7500,-0.003934,-0.002686,-3.794753,-0.000771,0.004413,-0.001002,0.226736,0.015902,-3.616701,-0.000910,0.004517,-0.001083
9.8000,-0.003935,-0.002684,-3.794703,-0.000748,0.004230,-0.001003,0.239516,0.020308,-3.548892,-0.000814,0.004204,-0.001135
9.8500,-0.003935,-0.002681,-3.794652,-0.000726,0.004054,-0.001004,0.248430,0.023315,-3.544250,-0.000783,0.004153,-0.000962
9.9000,-0.003935,-0.002679,-3.794601,-0.000706,0.003885,-0.001004,0.260886,0.027665,-3.458200,-0.000688,0.003937,-0.001063
9.9500,-0.003742,-0.002677,-3.794556,-0.000686,0.003614,-0.001011,0.269731,0.030655,-3.447662,-0.000691,0.003588,-0.001005
10.0000,-0.001662,-0.002683,-3.794581,-0.000681,0.003038,-0.001066,0.283513,0.034966,-3.353253,-0.000797,0.003069,-0.000921
10.0500,0.003995,-0.002701,-3.794708,-0.000704,0.002183,-0.001219,0.295717,0.037929,-3.337449,-0.000694,0.002251,-0.001101
10.1000,0.013443,-0.002728,-3.794912,-0.000752,0.001200,-0.001461,0.317879,0.042205,-3.246058,-0.000764,0.001148,-0.001438
10.1500,0.025929,-0.002760,-3.795146,-0.000818,0.000240,-0.001737,0.335766,0.045140,-3.226057,-0.000828,0.000451,-0.001725
10.2000,0.040372,-0.002798,-3.795360,-0.000892,-0.000638,-0.001994,0.364923,0.049406,-3.146102,-0.000916,-0.000771,-0.002024
10.2500,0.055792,-0.002842,-3.795523,-0.000961,-0.001383,-0.002210,0.385616,0.052310,-3.123079,-0.000884,-0.001299,-0.002173
10.3000,0.071502,-0.002883,-3.795628,-0.001018,-0.001974,-0.002399,-0.129171,-0.152828,-3.058713,-0.000899,-0.001845,-0.002253
10.3500,0.087155,-0.002922,-3.795676,-0.001060,-0.002413,-0.002575,-0.137830,-0.161281,-3.034051,-0.001130,-0.002367,-0.002471
10.4000,0.102700,-0.002961,-3.795677,-0.001089,-0.002715,-0.002724,-0.150944,-0.173973,-2.986679,-0.000936,-0.002662,-0.002729
10.4500,0.118134,-0.002999,-3.795641,-0.001105,-0.002906,-0.002835,0.034346,-0.019842,-3.687995,-0.001118,-0.002944,-0.002821
10.5000,0.133474,-0.003035,-3.795579,-0.001108,-0.003012,-0.002930,0.035681,-0.020375,-3.682573,-0.001190,-0.003161,-0.002938
10.5520,0.148742,-0.003070,-3.795499,-0.001098,-0.003053,-0.003003,0.036498,-0.020728,-3.693155,-0.001069,-0.003021,-0.003006
10.6000,0.163968,-0.003105,-3.795406,-0.001079,-0.003043,-0.003050,0.037743,-0.021295,-3.671725,-0.001064,-0.002999,-0.003113
10.6520,0.179178,-0.003141,-3.795306,-0.001050,-0.002994,-0.003080,0.038513,-0.021656,-3.678858,-0.001207,-0.002882,-0.003052
10.7000,0.194390,-0.003178,-3.795202,-0.001013,-0.002913,-0.003100,0.039866,-0.022295,-3.635362,-0.000971,-0.003049,-0.003145
10.7500,0.209611,-0.003216,-3.795096,-0.000969,-0.002807,-0.003111,0.040667,-0.022672,-3.637683,-0.001060,-0.002927,-0.002983
10.8020,0.224842,-0.003256,-3.794990,-0.000919,-0.002683,-0.003115,0.042217,-0.023398,-3.570449,-0.000734,-0.002641,-0.003039
10.8500,0.240082,-0.003298,-3.794885,-0.000865,-0.002544,-0.003112,0.043076,-0.023796,-3.566995,-0.000972,-0.002478,-0.003081
10.9000,0.255328,-0.003340,-3.794782,-0.000807,-0.002395,-0.003105,0.044813,-0.024593,-3.480613,-0.000995,-0.002421,-0.003080
10.9500,0.270575,-0.003383,-3.794682,-0.000746,-0.002237,-0.003093,0.045727,-0.025011,-3.471110,-0.000720,-0.002405,-0.003182
11.0000,0.285821,-0.003426,-3.794584,-0.000684,-0.002074,-0.003079,0.047567,-0.025849,-3.375292,-0.000630,-0.001900,-0.003024
11.0500,0.301066,-0.003470,-3.794490,-0.000621,-0.001907,-0.003062,0.048527,-0.026291,-3.360222,-0.000554,-0.001964,-0.003143
11.1000,0.316308,-0.003514,-3.794398,-0.000558,-0.001740,-0.003044,0.050369,-0.027128,-3.266092,-0.000530,-0.001601,-0.002969
11.1500,0.331547,-0.003558,-3.794310,-0.000495,-0.001573,-0.003024,0.051364,-0.027584,-3.246510,-0.000702,-0.001604,-0.002980
11.2000,0.346784,-0.003602,-3.794226,-0.000433,-0.001407,-0.003003,0.053138,-0.028389,-3.162923,-0.000520,-0.001389,-0.003069
11.2500,0.362017,-0.003646,-3.794145,-0.000374,-0.001245,-0.002982,0.054157,-0.028856,-3.140146,-0.000378,-0.001398,-0.002868
11.3000,0.377248,-0.003690,-3.794067,-0.000316,-0.001085,-0.002960,-0.315496,-0.197022,-3.072137,-0.000336,-0.000999,-0.003038
11.3500,0.392477,-0.003733,-3.793993,-0.000261,-0.000930,-0.002938,-0.334652,-0.206597,-3.047468,-0.000195,-0.000901,-0.003032
11.4000,0.407703,-0.003777,-3.793922,-0.000208,-0.000778,-0.002916,-0.363357,-0.220973,-2.996149,-0.000002,-0.000909,-0.002926
11.4500,0.422928,-0.003820,-3.793855,-0.000159,-0.000632,-0.002894,0.403968,0.012861,-3.712869,-0.000118,-0.000641,-0.002841
11.5000,0.438150,-0.003863,-3.793791,-0.000112,-0.000490,-0.002872,0.433907,0.016719,-3.707556,-0.000146,-0.000405,-0.002942
11.5500,0.453369,-0.003906,-3.793729,-0.000068,-0.000354,-0.002850,0.453862,0.019291,-3.718827,0.000052,-0.000210,-0.002803
11.6000,0.468587,-0.003948,-3.793671,-0.000028,-0.000223,-0.002829,0.483819,0.023142,-3.696847,-0.000230,-0.000255,-0.002752
11.6500,0.483802,-0.003991,-3.793615,0.000009,-0.000097,-0.002808,0.503775,0.025714,-3.704550,0.000059,-0.000083,-0.002818
11.7000,0.499015,-0.004032,-3.793562,0.000043,0.000024,-0.002788,0.533753,0.029558,-3.659532,0.000037,-0.000092,-0.002788
11.7500,0.514226,-0.004074,-3.793512,0.000074,0.000140,-0.002768,0.553714,0.032130,-3.662225,0.000201,0.000072,-0.002790
11.8000,0.529435,-0.004115,-3.793464,0.000102,0.000251,-0.002749,0.583701,0.035980,-3.592385,-0.000037,0.000351,-0.002722
11.8520,0.544641,-0.004156,-3.793419,0.000127,0.000357,-0.002730,0.603670,0.038551,-3.589051,-0.000027,0.000283,-0.002783
11.9000,0.559846,-0.004196,-3.793376,0.000149,0.000458,-0.002711,0.633646,0.042401,-3.499157,0.000224,0.000397,-0.002785
11.9520,0.575048,-0.004236,-3.793335,0.000169,0.000555,-0.002693,0.653615,0.044971,-3.489499,0.000240,0.000556,-0.002612
12.0000,0.590248,-0.004275,-3.793297,0.000187,0.000647,-0.002676,0.683552,0.048835,-3.389691,0.000078,0.000674,-0.002566
12.0500,0.605446,-0.004315,-3.793260,0.000202,0.000735,-0.002659,0.703520,0.051407,-3.374212,0.000186,0.000870,-0.002752
12.1020,0.620642,-0.004354,-3.793225,0.000214,0.000819,-0.002643,0.733411,0.055281,-3.276116,0.000218,0.000811,-0.002480
12.1500,0.635836,-0.004392,-3.793192,0.000225,0.000898,-0.002627,0.753377,0.057853,-3.255911,0.000321,0.000931,-0.002667
12.2000,0.651028,-0.004431,-3.793161,0.000234,0.000974,-0.002611,0.783234,0.061736,-3.168786,0.000175,0.000988,-0.002761
12.2500,0.666218,-0.004469,-3.793132,0.000241,0.001046,-0.002596,0.803196,0.064308,-3.145234,0.000229,0.000948,-0.002580
12.3000,0.681406,-0.004506,-3.793104,0.000247,0.001114,-0.002582,0.080528,-0.147050,-3.074101,0.000155,0.001029,-0.002634
12.3500,0.696592,-0.004544,-3.793078,0.000251,0.001179,-0.002568,0.059573,-0.156180,-3.048532,0.000252,0.001016,-0.002426
12.4020,0.711777,-0.004581,-3.793054,0.000253,0.001241,-0.002554,0.028115,-0.169869,-2.995097,0.000246,0.001288,-0.002515
12.4500,0.726959,-0.004618,-3.793031,0.000255,0.001299,-0.002541,0.659239,0.021298,-3.753725,0.000199,0.001249,-0.002541
12.5000,0.742139,-0.004654,-3.793009,0.000255,0.001355,-0.002528,0.676510,0.022576,-3.748850,0.000289,0.001179,-0.002397
12.5500,0.757318,-0.004690,-3.792989,0.000254,0.001407,-0.002515,0.688028,0.023429,-3.761273,0.000260,0.001282,-0.002456
12.6020,0.772495,-0.004727,-3.792970,0.000253,0.001457,-0.002503,0.705247,0.024720,-3.738697,0.000283,0.001473,-0.002400
12.6500,0.787669,-0.004762,-3.792952,0.000251,0.001505,-0.002491,0.716748,0.025575,-3.747331,0.000241,0.001390,-0.002337
12.7000,0.802843,-0.004798,-3.792935,0.000248,0.001549,-0.002480,0.733874,0.026883,-3.700267,0.000303,0.001605,-0.002340
12.7520,0.818014,-0.004833,-3.792920,0.000244,0.001592,-0.002469,0.745353,0.027742,-3.703579,0.000194,0.001516,-0.002558
12.8000,0.833183,-0.004869,-3.792905,0.000240,0.001632,-0.002458,0.762348,0.029071,-3.630090,0.000367,0.001716,-0.002568
12.8500,0.848351,-0.004904,-3.792892,0.000236,0.001670,-0.002448,0.773800,0.029931,-3.626993,0.000151,0.001704,-0.002312
12.9000,0.863517,-0.004939,-3.792880,0.000231,0.001706,-0.002437,0.790657,0.031280,-3.532095,0.000198,0.001873,-0.002387
12.9500,0.878682,-0.004973,-3.792868,0.000226,0.001740,-0.002427,0.802079,0.032149,-3.522273,0.000366,0.001706,-0.002498
13.0000,0.893845,-0.005008,-3.792858,0.000220,0.001772,-0.002418,0.818831,0.033511,-3.416687,0.000272,0.001738,-0.002454
13.0500,0.909006,-0.005042,-3.792848,0.000214,0.001802,-0.002408,0.830219,0.034383,-3.400656,0.000199,0.001864,-0.002392
13.1000,0.924165,-0.005076,-3.792839,0.000209,0.001831,-0.002399,0.846922,0.035747,-3.296721,0.000238,0.001794,-0.002319
13.1500,0.939323,-0.005110,-3.792832,0.000203,0.001858,-0.002390,0.858280,0.036625,-3.275643,0.000367,0.001995,-0.002380
13.2000,0.954479,-0.005144,-3.792825,0.000197,0.001883,-0.002381,0.874996,0.037981,-3.183214,0.000261,0.002100,-0.002437
13.2500,0.969634,-0.005178,-3.792818,0.000191,0.001907,-0.002373,0.886339,0.038862,-3.158546,0.000213,0.001874,-0.002423
13.3000,0.984787,-0.005212,-3.792813,0.000185,0.001930,-0.002364,0.114188,-0.161512,-3.082764,0.000162,0.001916,-0.002175
13.3500,0.999939,-0.005245,-3.792808,0.000179,0.001951,-0.002356,0.082625,-0.171603,-3.055919,0.000262,0.002001,-0.002280
13.4000,1.015089,-0.005279,-3.792804,0.000173,0.001971,-0.002348,0.035222,-0.186730,-2.999114,0.000281,0.002085,-0.002319
13.4500,1.030237,-0.005312,-3.792801,0.000167,0.001990,-0.002340,1.107262,-0.034019,-3.683732,0.000290,0.002050,-0.002358
13.5020,1.045384,-0.005345,-3.792798,0.000161,0.002008,-0.002333,1.142405,-0.036989,-3.673601,0.000123,0.001846,-0.002297
13.5520,1.060530,-0.005378,-3.792796,0.000155,0.002024,-0.002325,1.165836,-0.038974,-3.681081,0.000369,0.001835,-0.002272
13.6000,1.075674,-0.005411,-3.792794,0.000150,0.002040,-0.002318,1.200907,-0.041938,-3.655344,0.000127,0.002156,-0.002096
13.6500,1.090816,-0.005444,-3.792793,0.000144,0.002055,-0.002311,1.224316,-0.043917,-3.659432,0.000147,0.002232,-0.002413
13.7000,1.105957,-0.005477,-3.792793,0.000139,0.002069,-0.002304,1.259260,-0.046874,-3.612426,0.000099,0.002143,-0.002321
13.7500,1.121097,-0.005509,-3.792793,0.000133,0.002082,-0.002297,1.282644,-0.048852,-3.611798,-0.000015,0.002029,-0.002288
13.8000,1.136236,-0.005542,-3.792794,0.000128,0.002094,-0.002290,1.317429,-0.051798,-3.542313,0.000106,0.002168,-0.002354
13.8500,1.151372,-0.005574,-3.792795,0.000123,0.002105,-0.002284,1.340775,-0.053771,-3.536091,0.000007,0.002046,-0.002430
13.9000,1.166508,-0.005607,-3.792796,0.000119,0.002116,-0.002277,1.375406,-0.056701,-3.449083,0.000289,0.002030,-0.002393
13.9500,1.181642,-0.005639,-3.792799,0.000114,0.002126,-0.002271,1.398711,-0.058673,-3.437072,0.000069,0.002043,-0.002260
14.0000,1.196775,-0.005671,-3.792801,0.000110,0.002136,-0.002265,1.433240,-0.061599,-3.342305,0.000095,0.002006,-0.002346
14.0500,1.211906,-0.005704,-3.792804,0.000105,0.002144,-0.002259,1.456505,-0.063565,-3.325054,-0.000078,0.002209,-0.002345
14.1020,1.227037,-0.005736,-3.792808,0.000101,0.002153,-0.002253,1.491004,-0.066488,-3.233398,0.000098,0.002340,-0.002307
14.1500,1.242166,-0.005768,-3.792812,0.000097,0.002160,-0.002247,1.514243,-0.068449,-3.211999,0.000178,0.002063,-0.002221
14.2000,1.257293,-0.005800,-3.792816,0.000093,0.002167,-0.002241,1.548779,-0.071378,-3.131857,0.000072,0.002300,-0.002267
14.2500,1.272419,-0.005832,-3.792821,0.000090,0.002174,-0.002235,1.571995,-0.073340,-3.107625,0.000165,0.002077,-0.002218
14.3000,1.287544,-0.005863,-3.792826,0.000086,0.002180,-0.002230,0.471613,-0.220862,-3.042818,0.000166,0.002025,-0.002212
14.3500,1.302668,-0.005895,-3.792832,0.000083,0.002186,-0.002224,0.433102,-0.230686,-3.016997,0.000159,0.002030,-0.002066
14.4000,1.317791,-0.005927,-3.792838,0.000079,0.002191,-0.002219,0.375306,-0.245425,-2.969870,0.000157,0.002323,-0.002189
14.4500,1.332912,-0.005958,-3.792844,0.000076,0.002196,-0.002214,1.310284,0.040480,-3.742015,-0.000046,0.002236,-0.002293
14.5000,1.348032,-0.005990,-3.792851,0.000073,0.002201,-0.002208,1.325303,0.047838,-3.738631,0.000058,0.002370,-0.002230
14.5500,1.363151,-0.006022,-3.792858,0.000071,0.002205,-0.002203,1.335318,0.052746,-3.751876,0.000060,0.002163,-0.002377
14.6000,1.378269,-0.006053,-3.792865,0.000068,0.002209,-0.002198,1.350251,0.060111,-3.730877,0.000222,0.002104,-0.002219
14.6500,1.393385,-0.006084,-3.792873,0.000065,0.002213,-0.002193,1.360245,0.065019,-3.740359,0.000312,0.002125,-0.002179
14.7000,1.408501,-0.006116,-3.792881,0.000063,0.002216,-0.002188,1.375019,0.072389,-3.694921,0.000143,0.002127,-0.002132
14.7500,1.423615,-0.006147,-3.792889,0.000061,0.002219,-0.002183,1.384975,0.077297,-3.699110,0.000017,0.002225,-0.002111
14.8000,1.438728,-0.006178,-3.792897,0.000058,0.002222,-0.002179,1.399545,0.084675,-3.627188,0.000035,0.002041,-0.002064
14.8500,1.453840,-0.006209,-3.792906,0.000056,0.002225,-0.002174,1.409457,0.089585,-3.624987,0.000043,0.002336,-0.002342
14.9000,1.468951,-0.006240,-3.792916,0.000054,0.002227,-0.002169,1.423832,0.096969,-3.531445,0.000108,0.002333,-0.002313
14.9500,1.484060,-0.006271,-3.792925,0.000052,0.002230,-0.002165,1.433698,0.101879,-3.522517,0.000158,0.002301,-0.002229
15.0000,1.499169,-0.006302,-3.792935,0.000051,0.002232,-0.002160,1.447940,0.109265,-3.417946,0.000067,0.002437,-0.002141
15.0500,1.514276,-0.006333,-3.792945,0.000049,0.002234,-0.002156,1.457757,0.114179,-3.402788,0.000195,0.002217,-0.002069
15.1000,1.529383,-0.006364,-3.792955,0.000047,0.002235,-0.002151,1.471948,0.121566,-3.299468,-0.000071,0.002313,-0.002214
15.1500,1.544488,-0.006395,-3.792966,0.000046,0.002237,-0.002147,1.481725,0.126480,-3.279216,0.000011,0.002328,-0.002208
15.2000,1.559593,-0.006426,-3.792977,0.000044,0.002238,-0.002142,1.495951,0.133866,-3.187011,0.000023,0.001962,-0.002209
15.2500,1.574696,-0.006456,-3.792988,0.000043,0.002239,-0.002138,1.505689,0.138784,-3.163105,0.000159,0.002206,-0.002265
15.3000,1.589798,-0.006487,-3.792999,0.000041,0.002240,-0.002134,0.425232,-0.107234,-3.086954,-0.000036,0.002127,-0.002140
15.3500,1.604899,-0.006518,-3.793011,0.000040,0.002241,-0.002130,0.375429,-0.116097,-3.060803,0.000141,0.002264,-0.001996
15.4000,1.620000,-0.006548,-3.793022,0.000039,0.002242,-0.002126,0.300663,-0.129395,-3.003708,-0.000038,0.002314,-0.002193
15.4500,1.635099,-0.006579,-3.793035,0.000038,0.002243,-0.002122,1.662472,-0.016128,-3.658010,0.000068,0.002168,-0.002208
15.5000,1.650197,-0.006609,-3.793047,0.000037,0.002244,-0.002118,1.693289,-0.020295,-3.647239,-0.000097,0.002466,-0.002329
15.5500,1.665294,-0.006640,-3.793059,0.000036,0.002244,-0.002114,1.713836,-0.023078,-3.653788,0.000002,0.002117,-0.002023
15.6000,1.680391,-0.006670,-3.793072,0.000035,0.002245,-0.002110,1.744574,-0.027243,-3.628067,-0.000057,0.002245,-0.002095
15.6500,1.695486,-0.006701,-3.793085,0.000034,0.002245,-0.002106,1.765104,-0.030021,-3.631344,0.000010,0.002240,-0.002067
15.7000,1.710580,-0.006731,-3.793098,0.000033,0.002246,-0.002102,1.795707,-0.034182,-3.585282,-0.000068,0.002245,-0.002065
15.7500,1.725674,-0.006761,-3.793112,0.000033,0.002246,-0.002098,1.816205,-0.036957,-3.584039,-0.000107,0.002198,-0.002019
15.8000,1.740766,-0.006791,-3.793125,0.000032,0.002246,-0.002095,1.846639,-0.041116,-3.516581,-0.000002,0.002180,-0.001900
15.8500,1.755858,-0.006821,-3.793139,0.000031,0.002246,-0.002091,1.867096,-0.043887,-3.509983,0.000252,0.002159,-0.002031
15.9000,1.770948,-0.006852,-3.793153,0.000031,0.002246,-0.002087,1.897372,-0.048043,-3.425974,0.000145,0.002083,-0.002119
15.9500,1.786038,-0.006882,-3.793167,0.000030,0.002246,-0.002084,1.917785,-0.050819,-3.413853,0.000147,0.002300,-0.002063
16.0000,1.801127,-0.006912,-3.793182,0.000029,0.002246,-0.002080,1.947961,-0.054973,-3.322715,0.000264,0.002266,-0.002076
16.0500,1.816215,-0.006942,-3.793196,0.000029,0.002246,-0.002077,1.968334,-0.057751,-3.305614,-0.000008,0.002240,-0.002313
16.1000,1.831302,-0.006972,-3.793211,0.000028,0.002246,-0.002073,1.998484,-0.061907,-3.217762,0.000026,0.002109,-0.001979
16.1500,1.846388,-0.007002,-3.793226,0.000028,0.002246,-0.002070,2.018825,-0.064682,-3.196735,-0.000017,0.002263,-0.002157
16.2000,1.861474,-0.007031,-3.793242,0.000027,0.002246,-0.002066,2.049022,-0.068837,-3.120173,0.000096,0.002272,-0.002128
16.2500,1.876558,-0.007061,-3.793257,0.000027,0.002245,-0.002063,2.069342,-0.071612,-3.096494,0.000020,0.002310,-0.001848
16.3000,1.891642,-0.007091,-3.793273,0.000027,0.002245,-0.002059,0.719880,-0.220769,-3.034603,0.000035,0.002273,-0.001954
16.3500,1.906725,-0.007121,-3.793288,0.000026,0.002245,-0.002056,0.665181,-0.231428,-3.009443,-0.000135,0.002211,-0.002023
16.4000,1.921807,-0.007151,-3.793304,0.000026,0.002245,-0.002053,0.583099,-0.247409,-2.964853,-0.000003,0.002304,-0.002101
16.4500,1.936888,-0.007180,-3.793320,0.000026,0.002244,-0.002050,1.941964,-0.002516,-3.750314,0.000043,0.002125,-0.002143
16.5020,1.951968,-0.007210,-3.793337,0.000025,0.002244,-0.002046,1.965726,0.000626,-3.749070,0.000009,0.002234,-0.002279
16.5520,1.967048,-0.007240,-3.793353,0.000025,0.002244,-0.002043,1.981567,0.002717,-3.763815,-0.000009,0.002220,-0.001893
16.6000,1.982127,-0.007269,-3.793370,0.000025,0.002243,-0.002040,2.005236,0.005861,-3.744747,-0.000111,0.002134,-0.002061
16.6500,1.997205,-0.007299,-3.793387,0.000024,0.002243,-0.002037,2.021054,0.007956,-3.755701,0.000016,0.002132,-0.002008
16.7000,2.012282,-0.007328,-3.793404,0.000024,0.002242,-0.002034,2.044560,0.011102,-3.711670,0.000045,0.002171,-0.001985
16.7500,2.027359,-0.007358,-3.793421,0.000024,0.002242,-0.002031,2.060342,0.013197,-3.717248,-0.000029,0.002192,-0.001958
16.8000,2.042434,-0.007387,-3.793438,0.000024,0.002241,-0.002028,2.083643,0.016347,-3.645865,-0.000189,0.002140,-0.001907
16.8500,2.057509,-0.007416,-3.793455,0.000024,0.002241,-0.002025,2.099376,0.018446,-3.644915,0.000122,0.002295,-0.002098
16.9000,2.072583,-0.007446,-3.793473,0.000023,0.002241,-0.002022,2.122473,0.021599,-3.550838,0.000168,0.002310,-0.002087
16.9500,2.087657,-0.007475,-3.793491,0.000023,0.002240,-0.002019,2.138158,0.023695,-3.542969,0.000109,0.002079,-0.001885
17.0000,2.102730,-0.007504,-3.793509,0.000023,0.002240,-0.002016,2.161108,0.026854,-3.436837,0.000056,0.002147,-0.001998
17.0500,2.117802,-0.007534,-3.793527,0.000023,0.002239,-0.002013,2.176741,0.028951,-3.422506,-0.000182,0.002344,-0.002164
17.1000,2.132873,-0.007563,-3.793545,0.000023,0.002239,-0.002010,2.199638,0.032109,-3.316874,0.000092,0.002109,-0.001939
17.1520,2.147944,-0.007592,-3.793563,0.000023,0.002238,-0.002008,2.215226,0.034206,-3.297215,-0.000029,0.002316,-0.002067
17.2000,2.163013,-0.007621,-3.793582,0.000023,0.002238,-0.002005,2.238155,0.037359,-3.202330,0.000128,0.002136,-0.001988
17.2500,2.178083,-0.007650,-3.793601,0.000022,0.002237,-0.002002,2.253712,0.039456,-3.178801,-0.000181,0.002206,-0.001993
17.3000,2.193151,-0.007679,-3.793619,0.000022,0.002237,-0.001999,0.811969,-0.159552,-3.099712,-0.000058,0.002184,-0.002104
17.3500,2.208219,-0.007708,-3.793638,0.000022,0.002236,-0.001997,0.747730,-0.168461,-3.073719,-0.000087,0.002191,-0.001907
17.4000,2.223286,-0.007737,-3.793657,0.000022,0.002236,-0.001994,0.651283,-0.181823,-3.014156,0.000041,0.002290,-0.002122
17.4500,2.238353,-0.007766,-3.793677,0.000022,0.002235,-0.001991,2.249536,0.013562,-3.641905,-0.000132,0.002227,-0.002015
17.5000,2.253418,-0.007795,-3.793696,0.000022,0.002235,-0.001989,2.277610,0.015489,-3.629736,-0.000045,0.002268,-0.001967
17.5500,2.268483,-0.007824,-3.793716,0.000022,0.002234,-0.001986,2.296331,0.016773,-3.634996,0.000036,0.002062,-0.001975
17.6000,2.283548,-0.007853,-3.793735,0.000022,0.002234,-0.001984,2.324332,0.018705,-3.608394,-0.000003,0.002137,-0.001959
17.6500,2.298612,-0.007882,-3.793755,0.000022,0.002233,-0.001981,2.343033,0.019992,-3.610481,0.000062,0.002157,-0.002015
17.7000,2.313675,-0.007911,-3.793775,0.000022,0.002233,-0.001979,2.370901,0.021919,-3.564350,0.000062,0.002269,-0.001964
17.7500,2.328738,-0.007940,-3.793795,0.000022,0.002232,-0.001976,2.389573,0.023208,-3.562072,0.000066,0.002121,-0.001874
17.8000,2.343800,-0.007968,-3.793815,0.000022,0.002232,-0.001974,2.417282,0.025141,-3.495547,-0.000003,0.002313,-0.002092
17.8500,2.358861,-0.007997,-3.793836,0.000022,0.002231,-0.001971,2.435917,0.026429,-3.488118,0.000073,0.002390,-0.002053
17.9500,2.388982,-0.008055,-3.793876,0.000022,0.002230,-0.001966,2.482079,0.029651,-3.393317,-0.000054,0.002269,-0.002101
17.9500,2.388982,-0.008055,-3.793876,0.000022,0.002230,-0.001966,2.482079,0.029651,-3.393317,-0.000054,0.002269,-0.002101
18.0000,2.404041,-0.008083,-3.793897,0.000022,0.002229,-0.001964,2.509549,0.031588,-3.304849,0.000109,0.002143,-0.001876
18.0500,2.419100,-0.008112,-3.793918,0.000022,0.002229,-0.001962,2.528107,0.032871,-3.287397,-0.000153,0.002198,-0.001846
18.1000,2.434159,-0.008141,-3.793939,0.000021,0.002228,-0.001959,2.555559,0.034808,-3.202596,0.000058,0.002173,-0.001799
18.1500,2.449217,-0.008169,-3.793960,0.000021,0.002228,-0.001957,2.574087,0.036092,-3.181447,-0.000002,0.002174,-0.001952
18.2000,2.464274,-0.008198,-3.793981,0.000021,0.002228,-0.001955,2.601586,0.038026,-3.107953,-0.000035,0.002218,-0.002035
18.2500,2.479330,-0.008226,-3.794002,0.000021,0.002227,-0.001953,2.620091,0.039308,-3.084345,0.000123,0.002425,-0.001943
18.3000,2.494386,-0.008255,-3.794024,0.000021,0.002227,-0.001950,0.996732,-0.160839,-3.025133,0.000028,0.002093,-0.002097
18.3500,2.509442,-0.008283,-3.794045,0.000021,0.002226,-0.001948,0.925462,-0.170542,-3.000199,0.000002,0.002203,-0.001649
18.4000,2.524497,-0.008312,-3.794067,0.000021,0.002226,-0.001946,0.818540,-0.185117,-2.958059,-0.000007,0.002180,-0.001967
18.4500,2.539551,-0.008340,-3.794089,0.000021,0.002225,-0.001944,2.490548,0.016953,-3.691674,0.000154,0.002216,-0.001795
18.5000,2.554605,-0.008369,-3.794111,0.000021,0.002225,-0.001942,2.513966,0.018217,-3.688530,-0.000149,0.002322,-0.001823
18.5500,2.569659,-0.008397,-3.794133,0.000021,0.002224,-0.001940,2.529582,0.019060,-3.700937,0.000115,0.002322,-0.002028
18.6000,2.584711,-0.008425,-3.794155,0.000021,0.002224,-0.001938,2.552918,0.020326,-3.681313,-0.000082,0.002208,-0.001872
18.6500,2.599764,-0.008454,-3.794177,0.000021,0.002223,-0.001935,2.568516,0.021169,-3.690201,0.000145,0.002238,-0.001818
18.7020,2.614815,-0.008482,-3.794199,0.000021,0.002223,-0.001933,2.591705,0.022438,-3.647708,0.000074,0.002369,-0.001785
18.7500,2.629867,-0.008510,-3.794221,0.000021,0.002222,-0.001931,2.607268,0.023282,-3.651646,0.000091,0.002123,-0.001968
18.8000,2.644917,-0.008538,-3.794244,0.000021,0.002222,-0.001929,2.630269,0.024547,-3.584371,0.000113,0.002176,-0.002060
18.8500,2.659968,-0.008567,-3.794267,0.000021,0.002221,-0.001927,2.645789,0.025388,-3.582328,-0.000012,0.002354,-0.002009
18.9000,2.675017,-0.008595,-3.794289,0.000021,0.002221,-0.001925,2.668607,0.026653,-3.494825,0.000014,0.002378,-0.001957
18.9500,2.690067,-0.008623,-3.794312,0.000021,0.002221,-0.001923,2.684081,0.027497,-3.486490,-0.000087,0.002218,-0.001934
19.0000,2.705115,-0.008651,-3.794335,0.000021,0.002220,-0.001921,2.706770,0.028766,-3.388671,-0.000022,0.002253,-0.002055
19.0500,2.720164,-0.008679,-3.794358,0.000021,0.002220,-0.001920,2.722202,0.029610,-3.374507,-0.000132,0.002290,-0.001917
19.1000,2.735211,-0.008707,-3.794381,0.000021,0.002219,-0.001918,2.744849,0.030882,-3.277853,0.000172,0.002133,-0.001872
19.1500,2.750259,-0.008736,-3.794404,0.000021,0.002219,-0.001916,2.760242,0.031729,-3.258923,-0.000083,0.002176,-0.001941
19.2000,2.765305,-0.008764,-3.794428,0.000021,0.002218,-0.001914,2.782925,0.032999,-3.172667,0.000076,0.002384,-0.001989
19.2500,2.780352,-0.008792,-3.794451,0.000021,0.002218,-0.001912,2.798295,0.033845,-3.150322,0.000173,0.002130,-0.001732
19.3000,2.795398,-0.008820,-3.794474,0.000021,0.002218,-0.001910,2.832278,0.216261,-3.079689,-0.000044,0.002229,-0.001858
19.3520,2.810443,-0.008848,-3.794498,0.000021,0.002217,-0.001908,2.848234,0.226955,-3.055274,-0.000075,0.002092,-0.001993
19.4000,2.825488,-0.008876,-3.794522,0.000021,0.002217,-0.001907,2.872096,0.242998,-3.001781,0.000039,0.002298,-0.001744
19.4500,2.840533,-0.008904,-3.794546,0.000021,0.002216,-0.001905,2.848653,0.004013,-3.710271,0.000069,0.002148,-0.001913
19.5000,2.855577,-0.008932,-3.794569,0.000021,0.002216,-0.001903,2.869677,0.001400,-3.704436,0.000093,0.002271,-0.001969
19.5500,2.870620,-0.008959,-3.794593,0.000021,0.002216,-0.001901,2.883698,-0.000345,-3.715348,-0.000116,0.002134,-0.002012
19.6000,2.885664,-0.008987,-3.794617,0.000021,0.002215,-0.001900,2.904640,-0.002960,-3.692905,0.000061,0.002416,-0.001833
19.6500,2.900706,-0.009015,-3.794641,0.000021,0.002215,-0.001898,2.918640,-0.004703,-3.700248,0.000040,0.002301,-0.001868
19.7000,2.915749,-0.009043,-3.794666,0.000021,0.002214,-0.001896,2.939435,-0.007314,-3.654904,0.000084,0.002431,-0.001863
19.7500,2.930791,-0.009071,-3.794690,0.000021,0.002214,-0.001895,2.953404,-0.009058,-3.657248,-0.000030,0.002180,-0.001958
19.8000,2.945832,-0.009099,-3.794714,0.000021,0.002214,-0.001893,2.974011,-0.011667,-3.587304,-0.000114,0.002028,-0.001913
19.8520,2.960873,-0.009127,-3.794739,0.000021,0.002213,-0.001891,2.987937,-0.013408,-3.583644,0.000044,0.001962,-0.001806
19.9000,2.975914,-0.009154,-3.794763,0.000021,0.002213,-0.001890,3.008363,-0.016013,-3.493927,-0.000028,0.002219,-0.001851
19.9500,2.990954,-0.009182,-3.794788,0.000021,0.002213,-0.001888,3.022242,-0.017755,-3.483989,0.000016,0.002252,-0.001835
20.0000,3.005994,-0.009210,-3.794813,0.000021,0.002212,-0.001886,3.042548,-0.020358,-3.384631,-0.000083,0.002122,-0.001945
20.0500,3.021034,-0.009238,-3.794838,0.000021,0.002212,-0.001885,3.056382,-0.022097,-3.368923,0.000244,0.002207,-0.002033
20.1000,3.036073,-0.009265,-3.794862,0.000021,0.002211,-0.001883,3.076650,-0.024703,-3.271492,-0.000105,0.002401,-0.001875
20.1500,3.051112,-0.009293,-3.794887,0.000021,0.002211,-0.001882,3.090452,-0.026440,-3.251120,0.000007,0.002261,-0.001843
20.2000,3.066150,-0.009321,-3.794912,0.000021,0.002211,-0.001880,3.110761,-0.029046,-3.164794,-0.000033,0.002363,-0.002014
20.2500,3.081188,-0.009348,-3.794938,0.000021,0.002210,-0.001879,3.124538,-0.030785,-3.141129,-0.000138,0.002213,-0.001960
20.3000,3.096225,-0.009376,-3.794963,0.000021,0.002210,-0.001877,3.128426,0.091781,-3.070974,0.000096,0.002196,-0.001891
20.3500,3.111263,-0.009404,-3.794988,0.000021,0.002210,-0.001876,3.141287,0.096845,-3.045377,0.000108,0.002368,-0.001890
20.4000,3.126299,-0.009431,-3.795013,0.000021,0.002209,-0.001874,3.160523,0.104440,-2.992780,-0.000068,0.002075,-0.001703
20.4500,3.141336,-0.009459,-3.795039,0.000021,0.002209,-0.001873,3.103055,-0.059799,-3.736134,0.000050,0.002276,-0.001729
20.5000,3.156372,-0.009486,-3.795064,0.000021,0.002209,-0.001871,3.117134,-0.064851,-3.730697,0.000020,0.002285,-0.001834
20.5500,3.171408,-0.009514,-3.795090,0.000021,0.002208,-0.001870,3.126526,-0.068220,-3.742374,-0.000046,0.002126,-0.001822
20.6000,3.186443,-0.009541,-3.795115,0.000021,0.002208,-0.001869,3.140522,-0.073274,-3.719718,0.000023,0.002210,-0.001891
20.6520,3.201478,-0.009569,-3.795141,0.000021,0.002208,-0.001867,3.149892,-0.076644,-3.727699,0.000034,0.002201,-0.001876
20.7000,3.216513,-0.009596,-3.795167,0.000021,0.002207,-0.001866,3.163732,-0.081699,-3.681271,0.000016,0.002201,-0.002052
20.7520,3.231547,-0.009624,-3.795193,0.000021,0.002207,-0.001864,3.173070,-0.085070,-3.684070,0.000165,0.002239,-0.001871
20.8000,3.246581,-0.009651,-3.795219,0.000021,0.002207,-0.001863,3.186718,-0.090118,-3.612054,-0.000141,0.002172,-0.001857
20.8520,3.261615,-0.009679,-3.795245,0.000022,0.002207,-0.001862,3.196013,-0.093488,-3.608624,0.000093,0.002199,-0.001741
20.9000,3.276648,-0.009706,-3.795271,0.000022,0.002206,-0.001860,3.209477,-0.098535,-3.515968,0.000019,0.002149,-0.001884
20.9500,3.291681,-0.009734,-3.795297,0.000022,0.002206,-0.001859,3.218723,-0.101906,-3.506014,-0.000075,0.002206,-0.001866
21.0000,3.306714,-0.009761,-3.795323,0.000022,0.002206,-0.001858,3.232060,-0.106953,-3.403189,-0.000042,0.002117,-0.001793
21.0500,3.321746,-0.009789,-3.795349,0.000022,0.002205,-0.001856,3.241259,-0.110319,-3.387230,0.000041,0.002131,-0.001988
21.1000,3.336778,-0.009816,-3.795376,0.000022,0.002205,-0.001855,3.254556,-0.115367,-3.286233,0.000146,0.002056,-0.001831
21.1500,3.351810,-0.009843,-3.795402,0.000022,0.002205,-0.001854,3.263719,-0.118735,-3.265406,-0.000007,0.002172,-0.001788
21.2000,3.366841,-0.009871,-3.795428,0.000022,0.002204,-0.001853,3.277056,-0.123784,-3.175778,-0.000019,0.002363,-0.001953
21.2500,3.381872,-0.009898,-3.795455,0.000022,0.002204,-0.001851,3.286195,-0.127148,-3.151502,0.000091,0.002225,-0.001762
21.3000,3.396903,-0.009925,-3.795482,0.000022,0.002204,-0.001850,3.186904,-0.249942,-3.078484,-0.000001,0.002277,-0.001911
21.3500,3.411933,-0.009953,-3.795508,0.000022,0.002204,-0.001849,3.189898,-0.259709,-3.052167,0.000208,0.002193,-0.001858
21.4000,3.426963,-0.009980,-3.795535,0.000022,0.002203,-0.001848,3.194325,-0.274362,-2.997354,0.000112,0.002189,-0.001619
21.4500,3.441993,-0.010007,-3.795562,0.000022,0.002203,-0.001847,3.462565,0.065248,-3.673000,-0.000023,0.002324,-0.001896
21.5000,3.457023,-0.010034,-3.795588,0.000022,0.002203,-0.001845,3.486917,0.076702,-3.663409,-0.000116,0.002204,-0.001875
21.5500,3.472052,-0.010062,-3.795615,0.000022,0.002203,-0.001844,3.503156,0.084338,-3.671000,-0.000007,0.002128,-0.001887
21.6000,3.487081,-0.010089,-3.795642,0.000022,0.002202,-0.001843,3.527432,0.095792,-3.646053,0.000186,0.002193,-0.001771
21.6500,3.502110,-0.010116,-3.795669,0.000022,0.002202,-0.001842,3.543651,0.103427,-3.650303,0.000101,0.002222,-0.001817
21.7020,3.517138,-0.010143,-3.795696,0.000022,0.002202,-0.001841,3.567789,0.114884,-3.604400,0.000122,0.002203,-0.002254
21.7500,3.532166,-0.010170,-3.795723,0.000022,0.002202,-0.001840,3.583981,0.122515,-3.604014,0.000226,0.002185,-0.001891
21.8000,3.547194,-0.010198,-3.795751,0.000022,0.002201,-0.001839,3.607951,0.133971,-3.535944,0.000125,0.002202,-0.001762
21.8500,3.562222,-0.010225,-3.795778,0.000022,0.002201,-0.001837,3.624102,0.141605,-3.530047,0.000008,0.002117,-0.001803
21.9000,3.577249,-0.010252,-3.795805,0.000022,0.002201,-0.001836,3.647913,0.153065,-3.444653,0.000133,0.002210,-0.001878
21.9500,3.592087,-0.010278,-3.795817,0.000022,0.002312,-0.001835,3.663999,0.160700,-3.433049,-0.000004,0.002190,-0.001777
22.0000,3.605108,-0.010296,-3.795787,0.000040,0.002734,-0.001841,3.686281,0.172167,-3.339765,-0.000079,0.002649,-0.001818
22.0520,3.614609,-0.010296,-3.795681,0.000091,0.003441,-0.001888,3.698980,0.179820,-3.322912,0.000067,0.003357,-0.001902
22.1000,3.620346,-0.010277,-3.795505,0.000174,0.004296,-0.002001,3.712985,0.191328,-3.232040,0.000445,0.004274,-0.001946
22.1500,3.623048,-0.010248,-3.795275,0.000288,0.005189,-0.002156,3.719938,0.198999,-3.210956,0.000256,0.005006,-0.001985
22.2000,3.623759,-0.010215,-3.795020,0.000416,0.006032,-0.002324,3.727113,0.210533,-3.130767,0.000299,0.006111,-0.002337
22.2500,3.623436,-0.010187,-3.794780,0.000543,0.006740,-0.002470,3.731142,0.218205,-3.106802,0.000511,0.006676,-0.002468
22.3000,3.622784,-0.010172,-3.794581,0.000655,0.007282,-0.002578,3.730153,0.301307,-3.042035,0.000765,0.007277,-0.002494
22.3500,3.622121,-0.010159,-3.794430,0.000749,0.007658,-0.002679,3.733392,0.312851,-3.016531,0.000647,0.007653,-0.002785
22.4000,3.621517,-0.010150,-3.794324,0.000823,0.007889,-0.002754,3.738210,0.330172,-2.968530,0.000538,0.007835,-0.002651
22.4500,3.621017,-0.010147,-3.794254,0.000876,0.008007,-0.002802,3.675282,0.030709,-3.683303,0.000972,0.007923,-0.002806
22.5000,3.620622,-0.010149,-3.794212,0.000908,0.008036,-0.002833,3.675437,0.024793,-3.677691,0.000921,0.007887,-0.003043
22.5500,3.620310,-0.010155,-3.794190,0.000922,0.007998,-0.002857,3.675628,0.020842,-3.688416,0.000947,0.008192,-0.002917
22.6000,3.620051,-0.010162,-3.794183,0.000921,0.007908,-0.002874,3.675701,0.014946,-3.666635,0.000920,0.007842,-0.002939
22.6500,3.619817,-0.010168,-3.794185,0.000907,0.007777,-0.002883,3.675909,0.011002,-3.673896,0.000910,0.007844,-0.002825
22.7000,3.619592,-0.010174,-3.794193,0.000880,0.007616,-0.002889,3.675573,0.005165,-3.629788,0.000843,0.007751,-0.002840
22.7500,3.619368,-0.010180,-3.794203,0.000845,0.007434,-0.002891,3.675694,0.001232,-3.632177,0.000871,0.007575,-0.002936
22.8000,3.619144,-0.010187,-3.794216,0.000801,0.007234,-0.002889,3.674780,-0.004539,-3.564090,0.000713,0.007016,-0.002966
22.8500,3.618919,-0.010193,-3.794229,0.000751,0.007024,-0.002883,3.674765,-0.008454,-3.560627,0.000725,0.006881,-0.003016
22.9000,3.618691,-0.010197,-3.794242,0.000696,0.006805,-0.002873,3.673307,-0.014163,-3.473292,0.000822,0.006676,-0.002887
22.9500,3.618449,-0.010196,-3.794258,0.000621,0.006568,-0.002411,3.673138,-0.018060,-3.463706,0.000649,0.006616,-0.002687
23.0000,3.618178,-0.010218,-3.794304,0.000503,0.006310,0.000964,3.671320,-0.023742,-3.367073,0.000426,0.006352,0.000896
23.0500,3.617909,-0.010273,-3.794366,0.000370,0.006042,0.007127,3.671001,-0.027662,-3.351905,0.000453,0.006085,0.005558
23.1000,3.617658,-0.010321,-3.794421,0.000252,0.005759,0.014500,3.669196,-0.033411,-3.257286,0.000117,0.005978,0.014501
23.1500,3.617422,-0.010363,-3.794464,0.000161,0.005490,0.022727,3.668845,-0.037316,-3.237566,0.000333,0.005564,0.020793
23.2000,3.617197,-0.010407,-3.794499,0.000085,0.005242,0.031883,3.667346,-0.043103,-3.153838,0.000048,0.005258,0.031904
23.2500,3.616979,-0.010453,-3.794526,0.000025,0.005015,0.041862,3.666998,-0.047009,-3.130908,-0.000183,0.005075,0.039795
23.3000,3.616767,-0.010497,-3.794548,-0.000015,0.004805,0.052425,3.438988,-0.304919,-3.062667,-0.000087,0.004849,0.052470
23.3500,3.616559,-0.010535,-3.794565,-0.000034,0.004610,0.063412,3.426974,-0.323071,-3.037851,-0.000109,0.004710,0.061262
23.4000,3.616354,-0.010568,-3.794579,-0.000037,0.004429,0.074740,3.409128,-0.350491,-2.987089,0.000029,0.004351,0.074679
23.4520,3.616153,-0.010598,-3.794591,-0.000028,0.004260,0.086349,3.621617,0.023523,-3.635537,-0.000027,0.004338,0.084100
23.5000,3.615954,-0.010625,-3.794600,-0.000010,0.004104,0.098175,3.619491,0.026075,-3.627166,-0.000018,0.004127,0.098231
23.5520,3.615759,-0.010650,-3.794609,0.000013,0.003957,0.110168,3.618065,0.027761,-3.634935,-0.000046,0.004080,0.107797
23.6000,3.615567,-0.010673,-3.794616,0.000040,0.003821,0.122291,3.615742,0.030257,-3.611858,0.000145,0.003843,0.122215
23.6500,3.615378,-0.010697,-3.794622,0.000069,0.003694,0.134515,3.614245,0.031907,-3.616433,-0.000039,0.003846,0.132072
23.7000,3.615191,-0.010721,-3.794628,0.000098,0.003577,0.146820,3.611625,0.034327,-3.573247,0.000089,0.003521,0.146657
23.7520,3.615007,-0.010746,-3.794633,0.000126,0.003467,0.159186,3.610039,0.035936,-3.573385,0.000137,0.003581,0.156820
23.8000,3.614826,-0.010771,-3.794638,0.000153,0.003366,0.171600,3.607077,0.038271,-3.508872,0.000229,0.003268,0.171681
23.8500,3.614647,-0.010798,-3.794642,0.000179,0.003272,0.184051,3.605385,0.039828,-3.503725,0.000160,0.003246,0.181553
23.9000,3.614471,-0.010827,-3.794646,0.000203,0.003185,0.196532,3.602123,0.042070,-3.422453,0.000197,0.003237,0.196504
23.9500,3.614297,-0.010857,-3.794650,0.000226,0.003104,0.209035,3.600325,0.043569,-3.411826,0.000165,0.003304,0.206530
24.0000,3.614125,-0.010888,-3.794654,0.000248,0.003030,0.221555,3.596873,0.045719,-3.322944,0.000139,0.003151,0.221477
24.0500,3.613956,-0.010921,-3.794658,0.000268,0.002961,0.234088,3.594982,0.047163,-3.307338,0.000254,0.002994,0.231643
24.1000,3.613789,-0.010955,-3.794662,0.000287,0.002897,0.246632,3.591472,0.049229,-3.221082,0.000353,0.002996,0.246567
24.1500,3.613624,-0.010991,-3.794666,0.000305,0.002837,0.259183,3.589498,0.050610,-3.201508,0.000417,0.002724,0.256684
24.2000,3.613461,-0.011029,-3.794670,0.000321,0.002782,0.271741,3.586036,0.052599,-3.125846,0.000482,0.002739,0.271703
24.2500,3.613301,-0.011068,-3.794674,0.000337,0.002731,0.284302,3.583996,0.053919,-3.103543,0.000222,0.002690,0.281970
24.3000,3.613143,-0.011108,-3.794678,0.000352,0.002684,0.296867,3.577420,-0.123406,-3.042732,0.000265,0.002670,0.296927
24.3520,3.612987,-0.011150,-3.794682,0.000366,0.002640,0.309435,3.576093,-0.131875,-3.018914,0.000270,0.002651,0.306927
24.4000,3.612833,-0.011193,-3.794686,0.000380,0.002599,0.322004,3.574218,-0.144607,-2.973975,0.000538,0.002714,0.322005
24.4500,3.612682,-0.011238,-3.794690,0.000393,0.002561,0.334574,3.595938,-0.049274,-3.626781,0.000409,0.002539,0.332096
24.5000,3.612533,-0.011284,-3.794694,0.000405,0.002525,0.347145,3.595372,-0.054113,-3.620785,0.000446,0.002398,0.347141
24.5500,3.612386,-0.011332,-3.794698,0.000417,0.002492,0.359717,3.595043,-0.057343,-3.629978,0.000388,0.002616,0.357084
24.6000,3.612241,-0.011381,-3.794703,0.000428,0.002462,0.372288,3.594517,-0.062214,-3.609259,0.000399,0.002380,0.372158
24.6500,3.612098,-0.011431,-3.794707,0.000440,0.002433,0.384860,3.594249,-0.065458,-3.615279,0.000354,0.002355,0.382305
24.7000,3.611958,-0.011483,-3.794712,0.000450,0.002406,0.397431,3.593697,-0.070369,-3.574295,0.000475,0.002301,0.397352
24.7500,3.611819,-0.011535,-3.794716,0.000461,0.002381,0.410003,3.593478,-0.073629,-3.575882,0.000410,0.002378,0.407674
24.8020,3.611683,-0.011589,-3.794721,0.000472,0.002358,0.422573,3.592868,-0.078593,-3.513195,0.000398,0.002291,0.422517
24.8500,3.611549,-0.011644,-3.794725,0.000482,0.002336,0.435144,3.592693,-0.081870,-3.509470,0.000643,0.002246,0.432716
24.9000,3.611416,-0.011700,-3.794730,0.000492,0.002315,0.447714,3.592040,-0.086883,-3.429433,0.000651,0.002253,0.447493
24.9500,3.611287,-0.011758,-3.794734,0.000502,0.002295,0.460283,3.591904,-0.090180,-3.420161,0.000746,0.002464,0.457686
25.0000,3.611159,-0.011816,-3.794739,0.000511,0.002277,0.472852,3.591270,-0.095230,-3.331803,0.000427,0.002059,0.472731
25.0500,3.611033,-0.011875,-3.794744,0.000521,0.002260,0.485420,3.591178,-0.098544,-3.317448,0.000450,0.002199,0.482824
25.1000,3.610909,-0.011936,-3.794748,0.000530,0.002244,0.497987,3.590647,-0.103612,-3.231025,0.000628,0.002258,0.498089
25.1500,3.610787,-0.011997,-3.794753,0.000540,0.002229,0.510554,3.590607,-0.106939,-3.212573,0.000635,0.002343,0.508016
25.2000,3.610668,-0.012059,-3.794758,0.000549,0.002214,0.523120,3.590255,-0.112008,-3.136186,0.000503,0.002119,0.523204
25.2520,3.610550,-0.012123,-3.794762,0.000558,0.002200,0.535686,3.590278,-0.115342,-3.114861,0.000573,0.002317,0.533175
25.3000,3.610435,-0.012186,-3.794767,0.000567,0.002188,0.548251,3.952884,-0.090033,-3.053183,0.000562,0.002405,0.548125
25.3500,3.610321,-0.012251,-3.794771,0.000576,0.002175,0.560815,3.972482,-0.089815,-3.030215,0.000654,0.002354,0.558438
25.4000,3.610210,-0.012317,-3.794776,0.000585,0.002164,0.573379,4.001829,-0.089127,-2.983916,0.000639,0.002226,0.573270
25.4500,3.610100,-0.012383,-3.794780,0.000594,0.002152,0.585942,3.627711,0.037514,-3.678243,0.000669,0.002112,0.583471
25.5000,3.609993,-0.012450,-3.794785,0.000603,0.002142,0.598505,3.626811,0.045160,-3.674719,0.000658,0.002149,0.598631
25.5500,3.609887,-0.012518,-3.794790,0.000611,0.002132,0.611067,3.626151,0.050249,-3.686596,0.000598,0.002097,0.608650
25.6000,3.609784,-0.012586,-3.794794,0.000620,0.002122,0.623628,3.624986,0.057844,-3.666943,0.000760,0.002311,0.623641
25.6520,3.609682,-0.012655,-3.794799,0.000628,0.002113,0.636189,3.624184,0.062908,-3.675373,0.000467,0.002204,0.633662
25.7000,3.609582,-0.012725,-3.794803,0.000637,0.002104,0.648749,3.622699,0.070423,-3.633365,0.000437,0.002036,0.648665
25.7500,3.609484,-0.012795,-3.794807,0.000645,0.002096,0.661308,3.621747,0.075456,-3.636947,0.000618,0.002040,0.658757
25.8000,3.609389,-0.012865,-3.794812,0.000653,0.002088,0.673867,3.619906,0.082874,-3.570744,0.000632,0.002146,0.673718
25.8500,3.609295,-0.012937,-3.794816,0.000662,0.002080,0.686426,3.618793,0.087866,-3.568479,0.000643,0.002072,0.683987
25.9000,3.609203,-0.013008,-3.794821,0.000670,0.002073,0.698983,3.616604,0.095178,-3.482573,0.000575,0.002158,0.699060
25.9520,3.609112,-0.013080,-3.794825,0.000678,0.002066,0.711541,3.615328,0.100122,-3.474159,0.000700,0.001990,0.708960
26.0000,3.609024,-0.013153,-3.794829,0.000686,0.002059,0.724097,3.612849,0.107335,-3.378275,0.000704,0.002086,0.723976
26.0500,3.608937,-0.013225,-3.794833,0.000693,0.002052,0.736653,3.611413,0.112228,-3.364173,0.000882,0.001944,0.734221
26.1000,3.608853,-0.013299,-3.794838,0.000701,0.002045,0.749209,3.608722,0.119368,-3.269550,0.000881,0.002105,0.749170
26.1500,3.608770,-0.013372,-3.794842,0.000709,0.002039,0.761764,3.607137,0.124202,-3.250805,0.000612,0.001887,0.759198
26.2000,3.608689,-0.013446,-3.794846,0.000717,0.002033,0.774318,3.604303,0.131289,-3.166460,0.000771,0.002056,0.774409
26.2500,3.608609,-0.013520,-3.794850,0.000724,0.002027,0.786872,3.602573,0.136071,-3.144395,0.000641,0.002061,0.784314
26.3000,3.608532,-0.013594,-3.794854,0.000732,0.002022,0.799425,3.414766,-0.369907,-3.075199,0.000721,0.002090,0.799583
26.3500,3.608456,-0.013669,-3.794858,0.000739,0.002016,0.811978,3.405595,-0.393952,-3.051120,0.000732,0.001785,0.809378
26.4000,3.608382,-0.013744,-3.794862,0.000746,0.002011,0.824531,3.392227,-0.430220,-2.998993,0.000852,0.002145,0.824486
26.4500,3.608310,-0.013819,-3.794866,0.000754,0.002006,0.837082,3.547467,0.102616,-3.636974,0.000760,0.002045,0.834463
26.5000,3.608239,-0.013894,-3.794870,0.000761,0.002001,0.849634,3.542813,0.108852,-3.628691,0.000717,0.002088,0.849512
26.5500,3.608170,-0.013969,-3.794874,0.000768,0.001996,0.862184,3.539663,0.112973,-3.636499,0.000893,0.001887,0.859728
26.6000,3.608103,-0.014044,-3.794878,0.000775,0.001991,0.874735,3.534792,0.119059,-3.613513,0.000768,0.001961,0.874734
26.6500,3.608037,-0.014120,-3.794882,0.000782,0.001986,0.887284,3.531527,0.123088,-3.618130,0.000905,0.001941,0.884690
26.7000,3.607973,-0.014195,-3.794885,0.000789,0.001981,0.899833,3.526399,0.128988,-3.575027,0.000869,0.001964,0.899847
26.7500,3.607911,-0.014271,-3.794889,0.000796,0.001977,0.912382,3.523014,0.132918,-3.575209,0.000860,0.001957,0.909763
26.8000,3.607850,-0.014346,-3.794893,0.000803,0.001972,0.924930,3.517602,0.138615,-3.510752,0.000832,0.001983,0.925045
26.8500,3.607791,-0.014422,-3.794896,0.000809,0.001968,0.937478,3.514094,0.142441,-3.505649,0.000669,0.001848,0.935020
26.9000,3.607733,-0.014497,-3.794900,0.000816,0.001964,0.950026,3.508416,0.147930,-3.424389,0.000647,0.001993,0.950088
26.9500,3.607677,-0.014573,-3.794904,0.000823,0.001959,0.962572,3.504778,0.151648,-3.413802,0.000767,0.002025,0.960010
27.0000,3.607622,-0.014648,-3.794907,0.000829,0.001955,0.975119,3.498883,0.156947,-3.324876,0.000831,0.001891,0.975140
27.0500,3.607569,-0.014723,-3.794911,0.000836,0.001951,0.987665,3.495126,0.160552,-3.309302,0.000866,0.002042,0.985027
27.1000,3.607518,-0.014798,-3.794914,0.000842,0.001947,1.000210,3.489082,0.165691,-3.222952,0.000810,0.001774,1.000246
27.1500,3.607468,-0.014874,-3.794918,0.000848,0.001943,1.012755,3.485212,0.169184,-3.203403,0.000789,0.001997,1.010346
27.2000,3.607419,-0.014948,-3.794921,0.000855,0.001939,1.025300,3.479079,0.174193,-3.127609,0.000838,0.001819,1.025206
27.2520,3.607372,-0.015023,-3.794925,0.000861,0.001935,1.037844,3.475108,0.177575,-3.105320,0.000915,0.001817,1.035350
27.3000,3.607327,-0.015098,-3.794928,0.000867,0.001931,1.050388,3.544955,0.148224,-3.044397,0.000765,0.002093,1.050562
27.3500,3.607282,-0.015172,-3.794931,0.000873,0.001927,1.062931,3.545196,0.150044,-3.020583,0.000845,0.001952,1.060365
27.4000,3.607240,-0.015247,-3.794935,0.000880,0.001923,1.075474,3.545493,0.152756,-2.975477,0.001084,0.001910,1.075366
27.4500,3.607198,-0.015321,-3.794938,0.000886,0.001920,1.088016,3.617564,0.021848,-3.711411,0.000805,0.001997,1.085424
27.5000,3.607158,-0.015394,-3.794941,0.000892,0.001916,1.100558,3.624289,0.015304,-3.709339,0.000790,0.002001,1.100550
27.5500,3.607119,-0.015468,-3.794945,0.000898,0.001912,1.113100,3.628833,0.011001,-3.722732,0.000728,0.001923,1.110718
27.6000,3.607082,-0.015541,-3.794948,0.000904,0.001908,1.125641,3.635661,0.004583,-3.703817,0.000852,0.001864,1.125508
27.6500,3.607046,-0.015614,-3.794951,0.000909,0.001905,1.138181,3.640294,0.000384,-3.713623,0.000888,0.001919,1.135853
27.7000,3.607011,-0.015687,-3.794954,0.000915,0.001901,1.150722,3.647169,-0.005948,-3.671168,0.000736,0.001886,1.150652
27.7500,3.606978,-0.015759,-3.794957,0.000921,0.001897,1.163262,3.651887,-0.010050,-3.675893,0.000919,0.002109,1.160675
27.8000,3.606946,-0.015831,-3.794960,0.000927,0.001894,1.175801,3.658779,-0.016322,-3.607718,0.001184,0.001821,1.175774
27.8500,3.606915,-0.015903,-3.794963,0.000933,0.001890,1.188340,3.663571,-0.020329,-3.606283,0.000909,0.001733,1.185678
27.9000,3.606885,-0.015974,-3.794966,0.000938,0.001886,1.200879,3.670482,-0.026536,-3.516866,0.001041,0.002007,1.200977
27.9520,3.606857,-0.016046,-3.794969,0.000944,0.001883,1.213417,3.675342,-0.030452,-3.508912,0.000909,0.001938,1.210908
28.0000,3.606829,-0.016116,-3.794972,0.000950,0.001879,1.225955,3.682311,-0.036563,-3.408354,0.000760,0.001888,1.225843
28.0500,3.606803,-0.016186,-3.794975,0.000955,0.001876,1.238493,3.687234,-0.040384,-3.394333,0.000990,0.002045,1.235883
28.1000,3.606778,-0.016256,-3.794978,0.000961,0.001872,1.251030,3.694322,-0.046343,-3.294495,0.000979,0.001661,1.251057
28.1500,3.606754,-0.016326,-3.794981,0.000966,0.001869,1.263567,3.699317,-0.050067,-3.275486,0.001015,0.001979,1.261044
28.2000,3.606732,-0.016395,-3.794984,0.000972,0.001865,1.276104,3.706577,-0.055822,-3.186008,0.001064,0.001952,1.275939
28.2500,3.606710,-0.016464,-3.794986,0.000977,0.001861,1.288640,3.711650,-0.059437,-3.163393,0.000964,0.001953,1.286290
28.3000,3.606690,-0.016532,-3.794989,0.000982,0.001858,1.301176,3.645401,0.126883,-3.089849,0.000905,0.001901,1.301234
28.3500,3.606670,-0.016600,-3.794992,0.000988,0.001854,1.313711,3.645537,0.133413,-3.065023,0.000793,0.001962,1.311183
28.4020,3.606652,-0.016667,-3.794995,0.000993,0.001851,1.326246,3.645563,0.143162,-3.009024,0.000978,0.001979,1.326405
28.4500,3.606635,-0.016734,-3.794997,0.000998,0.001847,1.338781,3.561648,-0.021241,-3.702038,0.001043,0.001873,1.336261
28.5000,3.606618,-0.016800,-3.795000,0.001004,0.001844,1.351315,3.556633,-0.024825,-3.694634,0.001086,0.001870,1.351230
28.5500,3.606603,-0.016866,-3.795003,0.001009,0.001840,1.363849,3.553322,-0.027252,-3.704302,0.000980,0.001769,1.361105
28.6000,3.606589,-0.016932,-3.795005,0.001014,0.001836,1.376383,3.548349,-0.031017,-3.680650,0.001145,0.001919,1.376293
28.6500,3.606576,-0.016997,-3.795008,0.001019,0.001833,1.388916,3.545090,-0.033541,-3.686808,0.001031,0.001957,1.386392
28.7020,3.606563,-0.017061,-3.795010,0.001024,0.001829,1.401449,3.540124,-0.037529,-3.640837,0.001034,0.001760,1.401469
28.7500,3.606552,-0.017125,-3.795013,0.001029,0.001826,1.413982,3.536915,-0.040156,-3.642099,0.000957,0.001927,1.411526
28.8000,3.606542,-0.017189,-3.795015,0.001034,0.001822,1.426514,3.531939,-0.044397,-3.572292,0.001188,0.001852,1.426544
28.8500,3.606532,-0.017251,-3.795018,0.001039,0.001818,1.439046,3.528775,-0.047131,-3.567698,0.001007,0.001877,1.436456
28.9000,3.606524,-0.017314,-3.795020,0.001044,0.001815,1.451578,3.523803,-0.051617,-3.478923,0.001058,0.001896,1.451656
28.9500,3.606516,-0.017376,-3.795023,0.001049,0.001811,1.464110,3.520684,-0.054460,-3.468227,0.001036,0.001871,1.461774
29.0000,3.606509,-0.017437,-3.795025,0.001054,0.001808,1.476641,3.515758,-0.059150,-3.370487,0.001311,0.001651,1.476794
29.0500,3.606503,-0.017498,-3.795027,0.001059,0.001804,1.489171,3.512692,-0.062107,-3.354210,0.001022,0.001870,1.486712
29.1000,3.606498,-0.017558,-3.795030,0.001064,0.001800,1.501702,3.507867,-0.066938,-3.258820,0.000809,0.001816,1.501740
29.1500,3.606493,-0.017618,-3.795032,0.001069,0.001797,1.514232,3.504855,-0.069993,-3.238060,0.000952,0.001758,1.511588
29.2000,3.606490,-0.017677,-3.795034,0.001074,0.001793,1.526762,3.500179,-0.074907,-3.153920,0.001171,0.001741,1.526730
29.2520,3.606476,-0.017730,-3.795036,0.001092,0.001790,1.538907,3.497234,-0.078055,-3.130031,0.001066,0.001823,1.536499
29.3000,3.606389,-0.017761,-3.795055,0.001166,0.001783,1.548211,3.701826,-0.201581,-3.062027,0.001055,0.001668,1.548176
29.3500,3.606256,-0.017791,-3.795078,0.001256,0.001761,1.554684,3.710773,-0.210161,-3.036369,0.001174,0.001779,1.553387
29.4000,3.606151,-0.017837,-3.795086,0.001303,0.001719,1.559894,3.724260,-0.222998,-2.985681,0.001486,0.001906,1.559920
29.4500,3.606074,-0.017894,-3.795082,0.001309,0.001680,1.564125,3.665765,0.016327,-3.714612,0.001208,0.001695,1.563502
29.5000,3.606011,-0.017956,-3.795070,0.001299,0.001646,1.567335,3.672885,0.021738,-3.708806,0.001297,0.001609,1.567141
29.5520,3.605957,-0.018020,-3.795056,0.001280,0.001616,1.569692,3.677631,0.025362,-3.719806,0.001407,0.001708,1.569210
29.6000,3.605913,-0.018083,-3.795041,0.001251,0.001585,1.571441,3.684695,0.030749,-3.697303,0.001161,0.001635,1.571419
29.6500,3.605878,-0.018145,-3.795028,0.001212,0.001555,1.572726,3.689430,0.034379,-3.704715,0.001355,0.001628,1.572513
29.7000,3.605852,-0.018206,-3.795017,0.001168,0.001526,1.573631,3.696417,0.039683,-3.659196,0.001249,0.001291,1.573420
29.7500,3.605831,-0.018267,-3.795007,0.001120,0.001497,1.574232,3.701140,0.043301,-3.661585,0.000980,0.001331,1.574036
29.8000,3.605817,-0.018328,-3.794999,0.001069,0.001470,1.574595,3.708035,0.048484,-3.591339,0.001182,0.001348,1.574585
29.8500,3.605807,-0.018389,-3.794993,0.001017,0.001443,1.574776,3.712741,0.052076,-3.587699,0.000915,0.001283,1.574848
29.9000,3.605801,-0.018449,-3.794988,0.000965,0.001418,1.574813,3.719555,0.057144,-3.497577,0.000888,0.001260,1.574825
29.9500,3.605797,-0.018509,-3.794984,0.000913,0.001393,1.574736,3.724241,0.060703,-3.487627,0.000958,0.001491,1.574881
30.0000,3.605796,-0.018569,-3.794982,0.000862,0.001370,1.574571,3.731016,0.065698,-3.387808,0.000874,0.001376,1.574751
30.0500,3.605797,-0.018628,-3.794980,0.000812,0.001347,1.574337,3.735681,0.069228,-3.372059,0.000577,0.001275,1.574276
30.1000,3.605798,-0.018687,-3.794979,0.000764,0.001326,1.574051,3.742461,0.074206,-3.274170,0.000704,0.001388,1.573885
30.1500,3.605801,-0.018746,-3.794979,0.000718,0.001305,1.573725,3.747109,0.077706,-3.253729,0.000652,0.001097,1.573735
30.2000,3.605805,-0.018804,-3.794979,0.000674,0.001285,1.573367,3.753928,0.082714,-3.166992,0.000789,0.001389,1.573256
30.2500,3.605799,-0.018642,-3.794986,0.000630,0.001166,1.572885,3.758566,0.086226,-3.143242,0.000662,0.001157,1.573008
30.3000,3.605768,-0.016528,-3.795061,0.000574,0.000775,1.572115,3.251763,0.373732,-3.072948,0.000548,0.000828,1.571995
30.3520,3.605736,-0.010816,-3.795229,0.000490,0.000151,1.571257,3.228455,0.396064,-3.047371,0.000542,0.000355,1.571280
30.4000,3.605719,-0.001336,-3.795463,0.000383,-0.000585,1.570411,3.193515,0.434134,-2.995279,0.000402,-0.000489,1.570363
30.4500,3.605717,0.011133,-3.795723,0.000266,-0.001309,1.569593,3.667382,-0.030083,-3.681853,0.000260,-0.001163,1.569681
30.5000,3.605727,0.025521,-3.795963,0.000141,-0.001957,1.568828,3.669650,-0.022048,-3.674238,0.000138,-0.001926,1.568863
30.5500,3.605749,0.040884,-3.796154,0.000024,-0.002493,1.568119,3.671176,-0.015651,-3.683208,0.000021,-0.002179,1.568191
30.6000,3.605781,0.056537,-3.796288,-0.000080,-0.002903,1.567470,3.673475,-0.005424,-3.659927,-0.000002,-0.002791,1.567526
30.6500,3.605818,0.072129,-3.796369,-0.000165,-0.003192,1.566843,3.675023,0.001380,-3.665432,-0.000202,-0.003121,1.566902
30.7000,3.605861,0.087614,-3.796406,-0.000234,-0.003370,1.566245,3.677351,0.011669,-3.620708,-0.000203,-0.003427,1.566159
30.7500,3.605912,0.102988,-3.796410,-0.000288,-0.003460,1.565694,3.678916,0.018327,-3.621448,-0.000123,-0.003463,1.565863
30.8000,3.605971,0.118270,-3.796388,-0.000327,-0.003480,1.565172,3.681284,0.028592,-3.553933,-0.000166,-0.003487,1.565001
30.8500,3.606039,0.133482,-3.796349,-0.000352,-0.003445,1.564681,3.682871,0.035149,-3.549033,-0.000300,-0.003478,1.564818
30.9000,3.606117,0.148655,-3.796299,-0.000365,-0.003366,1.564222,3.685288,0.045504,-3.463472,-0.000364,-0.003265,1.564232
30.9500,3.606205,0.163813,-3.796241,-0.000368,-0.003254,1.563787,3.686899,0.052058,-3.452729,-0.000302,-0.003482,1.563706
31.0000,3.606303,0.178972,-3.796179,-0.000362,-0.003117,1.563366,3.689372,0.062551,-3.358735,-0.000359,-0.003136,1.563283
31.0500,3.606408,0.194142,-3.796116,-0.000347,-0.002960,1.562959,3.691005,0.069163,-3.342668,-0.000351,-0.002853,1.563118
31.1000,3.606521,0.209321,-3.796054,-0.000325,-0.002790,1.562564,3.693520,0.079727,-3.251065,-0.000328,-0.002826,1.562455
31.1500,3.606641,0.224509,-3.795992,-0.000296,-0.002609,1.562180,3.695175,0.086405,-3.230738,-0.000341,-0.002531,1.562211
31.2000,3.606767,0.239703,-3.795933,-0.000263,-0.002421,1.561804,3.697715,0.096916,-3.150010,-0.000259,-0.002153,1.561834
31.2500,3.606900,0.254898,-3.795875,-0.000227,-0.002229,1.561436,3.699388,0.103645,-3.126726,-0.000265,-0.002208,1.561680
31.3000,3.607039,0.270094,-3.795821,-0.000187,-0.002035,1.561076,3.637823,0.370692,-3.061295,-0.000361,-0.002065,1.560957
31.3500,3.607184,0.285288,-3.795770,-0.000146,-0.001841,1.560721,3.636075,0.391409,-3.036330,-0.000131,-0.001863,1.561129
31.4000,3.607335,0.300479,-3.795722,-0.000104,-0.001649,1.560372,3.633469,0.422536,-2.987745,-0.000285,-0.001628,1.560386
31.4500,3.607491,0.315669,-3.795677,-0.000061,-0.001459,1.560028,3.662369,0.295873,-3.801372,-0.000155,-0.001359,1.560066
31.5000,3.607654,0.330855,-3.795636,-0.000019,-0.001274,1.559689,3.662034,0.315824,-3.800442,-0.000016,-0.001296,1.559717
31.5500,3.607822,0.346040,-3.795598,0.000022,-0.001093,1.559353,3.661819,0.329119,-3.816381,-0.000002,-0.001305,1.559423
31.6000,3.607996,0.361222,-3.795563,0.000062,-0.000917,1.559022,3.661504,0.349118,-3.796396,0.000063,-0.000894,1.558570
31.6500,3.608175,0.376402,-3.795532,0.000101,-0.000747,1.558695,3.661311,0.362420,-3.808301,0.000177,-0.000694,1.558744
31.7020,3.608359,0.391581,-3.795504,0.000137,-0.000582,1.558371,3.661024,0.382485,-3.761723,0.000124,-0.000507,1.558349
31.7500,3.608548,0.406757,-3.795478,0.000171,-0.000424,1.558051,3.660844,0.395802,-3.767917,0.000215,-0.000692,1.558214
31.8000,3.608742,0.421932,-3.795456,0.000203,-0.000272,1.557733,3.660560,0.415935,-3.692259,0.000150,-0.000328,1.557730
31.8500,3.608942,0.437105,-3.795436,0.000233,-0.000127,1.557419,3.660399,0.429269,-3.691518,0.000316,-0.000149,1.557649
31.9000,3.609146,0.452275,-3.795419,0.000260,0.000013,1.557108,3.660124,0.449430,-3.591778,0.000117,-0.000082,1.557273
31.9520,3.609355,0.467444,-3.795405,0.000284,0.000146,1.556800,3.659970,0.462780,-3.583687,0.000203,-0.000010,1.556884
32.0020,3.609569,0.482612,-3.795393,0.000306,0.000273,1.556495,3.659700,0.482919,-3.471167,0.000288,0.000327,1.556425
32.0520,3.609788,0.497777,-3.795383,0.000326,0.000395,1.556192,3.659560,0.496285,-3.456223,0.000462,0.000360,1.556194
32.1000,3.610011,0.512940,-3.795376,0.000344,0.000511,1.555892,3.659294,0.516365,-3.344218,0.000387,0.000422,1.555870
32.1500,3.610239,0.528102,-3.795371,0.000359,0.000621,1.555595,3.659168,0.529736,-3.323612,0.000262,0.000601,1.555614
32.2000,3.610471,0.543262,-3.795367,0.000372,0.000726,1.555301,3.658919,0.549755,-3.222945,0.000265,0.000636,1.555386
32.2500,3.610708,0.558420,-3.795366,0.000383,0.000825,1.555009,3.658804,0.563131,-3.198221,0.000274,0.000913,1.555249
32.3000,3.610950,0.573576,-3.795366,0.000392,0.000920,1.554720,3.608616,0.900731,-3.115182,0.000221,0.000988,1.554703
32.3500,3.611195,0.588731,-3.795369,0.000399,0.001010,1.554433,3.605835,0.931383,-3.087914,0.000510,0.001044,1.554511
32.4000,3.611445,0.603884,-3.795372,0.000404,0.001095,1.554149,3.601667,0.977324,-3.024399,0.000343,0.001029,1.554360
32.4500,3.611700,0.619035,-3.795378,0.000408,0.001175,1.553868,3.563907,0.628122,-3.694779,0.000474,0.001174,1.554045
32.5000,3.611958,0.634184,-3.795384,0.000411,0.001252,1.553589,3.557102,0.645687,-3.682247,0.000275,0.001221,1.553643
32.5500,3.612221,0.649332,-3.795393,0.000412,0.001324,1.553313,3.552572,0.657400,-3.688229,0.000411,0.001158,1.553315
32.6020,3.612488,0.664478,-3.795402,0.000412,0.001393,1.553039,3.545773,0.674927,-3.660174,0.000562,0.001474,1.552940
32.6500,3.612760,0.679623,-3.795413,0.000411,0.001457,1.552767,3.541254,0.686629,-3.662756,0.000459,0.001535,1.552744
32.7000,3.613035,0.694766,-3.795425,0.000408,0.001519,1.552499,3.534452,0.704086,-3.613653,0.000391,0.001414,1.552474
32.7500,3.613314,0.709907,-3.795438,0.000405,0.001577,1.552232,3.529943,0.715776,-3.611539,0.000411,0.001561,1.552291
32.8000,3.613598,0.725047,-3.795452,0.000402,0.001631,1.551968,3.523129,0.733134,-3.540402,0.000443,0.001710,1.551903
32.8500,3.613885,0.740185,-3.795467,0.000397,0.001683,1.551707,3.518627,0.744805,-3.532740,0.000474,0.001671,1.551692
32.9000,3.614177,0.755321,-3.795483,0.000392,0.001731,1.551448,3.511802,0.762058,-3.444709,0.000301,0.001937,1.551572
32.9500,3.614472,0.770457,-3.795500,0.000387,0.001777,1.551191,3.507305,0.773709,-3.431348,0.000361,0.001825,1.551233
33.0000,3.614772,0.785590,-3.795517,0.000381,0.001820,1.550937,3.500480,0.790883,-3.336278,0.000507,0.001752,1.550857
33.0500,3.615075,0.800722,-3.795536,0.000374,0.001861,1.550685,3.495988,0.802508,-3.317796,0.000369,0.001884,1.550638
33.1000,3.615382,0.815853,-3.795555,0.000368,0.001899,1.550435,3.489180,0.819654,-3.226501,0.000626,0.001758,1.550404
33.1520,3.615693,0.830982,-3.795575,0.000361,0.001935,1.550188,3.484693,0.831260,-3.204007,0.000294,0.001768,1.550170
33.2000,3.616007,0.846110,-3.795596,0.000354,0.001969,1.549944,3.477910,0.848426,-3.124738,0.000406,0.002030,1.550033
33.2500,3.616326,0.861236,-3.795618,0.000347,0.002001,1.549701,3.473427,0.860019,-3.099564,0.000251,0.002038,1.549789
33.3000,3.616648,0.876361,-3.795640,0.000340,0.002031,1.549461,3.399320,0.974577,-3.036643,0.000133,0.001940,1.549322
33.3500,3.616973,0.891485,-3.795662,0.000332,0.002059,1.549223,3.391191,0.991460,-3.010079,0.000448,0.002187,1.549208
33.4020,3.617303,0.906607,-3.795685,0.000325,0.002085,1.548988,3.379009,1.016761,-2.964231,0.000293,0.002204,1.548894
33.4500,3.617636,0.921727,-3.795709,0.000318,0.002109,1.548754,3.694980,0.863881,-3.715845,0.000273,0.002182,1.548777
33.5000,3.617972,0.936847,-3.795733,0.000311,0.002132,1.548523,3.707022,0.876498,-3.710981,0.000290,0.002137,1.548557
33.5500,3.618312,0.951965,-3.795757,0.000303,0.002154,1.548295,3.715053,0.884914,-3.722646,0.000290,0.002257,1.548427
33.6000,3.618656,0.967082,-3.795782,0.000296,0.002174,1.548068,3.727091,0.897450,-3.700973,0.000322,0.002354,1.548097
33.6500,3.619002,0.982197,-3.795808,0.000289,0.002193,1.547844,3.735128,0.905842,-3.709034,0.000117,0.002137,1.547952
33.7000,3.619353,0.997311,-3.795834,0.000283,0.002210,1.547622,3.747157,0.918230,-3.664125,0.000499,0.002222,1.547680
33.7500,3.619707,1.012424,-3.795860,0.000276,0.002226,1.547402,3.755197,0.926583,-3.667131,0.000328,0.002406,1.547655
33.8000,3.620064,1.027536,-3.795886,0.000270,0.002242,1.547184,3.767214,0.938781,-3.597174,0.000485,0.002244,1.547128
33.8500,3.620424,1.042646,-3.795913,0.000263,0.002256,1.546969,3.775259,0.947088,-3.594097,0.000331,0.002181,1.546845
33.9000,3.620788,1.057755,-3.795940,0.000257,0.002269,1.546755,3.787260,0.959094,-3.503884,0.000231,0.002275,1.546657
33.9500,3.621155,1.072863,-3.795968,0.000252,0.002281,1.546544,3.795308,0.967351,-3.494426,0.000350,0.002279,1.546534
34.0000,3.621525,1.087970,-3.795995,0.000246,0.002292,1.546334,3.807304,0.979225,-3.394154,0.000201,0.002495,1.546361
34.0500,3.621898,1.103075,-3.796023,0.000240,0.002302,1.546127,3.815354,0.987436,-3.378816,0.000130,0.002338,1.546195
34.1000,3.622275,1.118180,-3.796051,0.000235,0.002312,1.545922,3.827360,0.999256,-3.280197,0.000124,0.002220,1.545951
34.1500,3.622655,1.133283,-3.796080,0.000230,0.002321,1.545719,3.835408,1.007423,-3.260080,0.000177,0.002347,1.545642
34.2000,3.623037,1.148385,-3.796108,0.000225,0.002329,1.545518,3.847436,1.019268,-3.172456,0.000405,0.002382,1.545609
34.2500,3.623423,1.163486,-3.796137,0.000220,0.002336,1.545319,3.855493,1.027407,-3.148949,0.000014,0.002452,1.545362
34.3000,3.623812,1.178585,-3.796166,0.000216,0.002343,1.545122,3.640307,1.095974,-3.077548,0.000028,0.002316,1.545179
34.3500,3.624204,1.193684,-3.796195,0.000212,0.002349,1.544927,3.636016,1.107190,-3.052028,0.000150,0.002261,1.544912
34.4020,3.624599,1.208781,-3.796225,0.000207,0.002355,1.544733,3.629579,1.123948,-2.998265,0.000210,0.002323,1.544680
34.4500,3.624996,1.223877,-3.796254,0.000204,0.002360,1.544542,3.654954,1.208873,-3.828890,0.000023,0.002252,1.544836
34.5000,3.625397,1.238973,-3.796284,0.000200,0.002364,1.544353,3.650770,1.231245,-3.827124,0.000225,0.002333,1.544244
34.5500,3.625801,1.254067,-3.796313,0.000196,0.002369,1.544165,3.647987,1.246167,-3.843099,0.000156,0.002290,1.544134
34.6000,3.626207,1.269160,-3.796343,0.000193,0.002372,1.543980,3.643808,1.268440,-3.821670,0.000201,0.002470,1.544035
34.6500,3.626616,1.284252,-3.796373,0.000190,0.002376,1.543796,3.641031,1.283335,-3.833466,0.000031,0.002361,1.543931
34.7000,3.627028,1.299343,-3.796403,0.000186,0.002378,1.543615,3.636846,1.305421,-3.784662,0.000186,0.002434,1.543597
34.7500,3.627443,1.314432,-3.796434,0.000184,0.002381,1.543435,3.634072,1.320277,-3.790554,0.000094,0.002327,1.543471
34.8000,3.627860,1.329521,-3.796464,0.000181,0.002383,1.543256,3.629881,1.342128,-3.711915,0.000262,0.002197,1.543157
34.8500,3.628281,1.344609,-3.796494,0.000178,0.002385,1.543080,3.627111,1.356928,-3.710653,0.000145,0.002347,1.542950
34.9000,3.628703,1.359696,-3.796525,0.000176,0.002387,1.542906,3.622909,1.378547,-3.607435,0.000227,0.002509,1.542874
34.9500,3.629129,1.374782,-3.796556,0.000173,0.002388,1.542733,3.620143,1.393289,-3.598619,0.000215,0.002288,1.542808
35.0000,3.629557,1.389867,-3.796586,0.000171,0.002389,1.542562,3.615936,1.414743,-3.482539,0.000084,0.002330,1.542601
35.0500,3.629988,1.404950,-3.796617,0.000169,0.002390,1.542392,3.613171,1.429426,-3.466689,0.000184,0.002433,1.542301
35.1000,3.630421,1.420033,-3.796648,0.000167,0.002390,1.542225,3.608971,1.450819,-3.351449,0.000298,0.002666,1.542164
35.1500,3.630857,1.435115,-3.796679,0.000165,0.002391,1.542059,3.606215,1.465460,-3.329817,0.000247,0.002386,1.542173
35.2000,3.631295,1.450196,-3.796710,0.000164,0.002391,1.541895,3.602032,1.486890,-3.226517,0.000216,0.002330,1.541970
35.2500,3.631736,1.465276,-3.796741,0.000162,0.002391,1.541732,3.599282,1.501490,-3.200692,0.000007,0.002497,1.541831
35.3000,3.632179,1.480355,-3.796772,0.000160,0.002391,1.541571,3.500661,1.341379,-3.115576,0.000272,0.002382,1.541542
35.3500,3.632625,1.495433,-3.796803,0.000159,0.002390,1.541412,3.492770,1.346090,-3.087158,0.000217,0.002373,1.541397
35.4000,3.633073,1.510511,-3.796834,0.000158,0.002390,1.541255,3.480925,1.353058,-3.022434,0.000163,0.002612,1.541374
35.4500,3.633523,1.525587,-3.796865,0.000156,0.002389,1.541099,3.671827,1.633371,-3.673286,0.000223,0.002461,1.541130
35.5000,3.633976,1.540662,-3.796896,0.000155,0.002389,1.540944,3.674886,1.661050,-3.658447,0.000196,0.002488,1.540762
35.5500,3.634431,1.555737,-3.796928,0.000154,0.002388,1.540791,3.676933,1.679506,-3.662428,-0.000026,0.002582,1.540662
35.6000,3.634888,1.570810,-3.796959,0.000153,0.002387,1.540640,3.680000,1.707102,-3.632801,0.000154,0.002565,1.540536
35.6500,3.635348,1.585883,-3.796990,0.000152,0.002386,1.540490,3.682054,1.725539,-3.633507,0.000252,0.002413,1.540518
35.7000,3.635810,1.600955,-3.797022,0.000151,0.002385,1.540342,3.685122,1.752993,-3.583981,0.000216,0.002289,1.540315
35.7500,3.636274,1.616026,-3.797053,0.000151,0.002383,1.540196,3.687179,1.771397,-3.580200,-0.000057,0.002536,1.540122
35.8000,3.636741,1.631096,-3.797084,0.000150,0.002382,1.540050,3.690243,1.798674,-3.510100,0.000204,0.002278,1.539983
35.8500,3.637209,1.646166,-3.797116,0.000149,0.002381,1.539907,3.692308,1.817035,-3.501058,-0.000047,0.002287,1.539943
35.9000,3.637680,1.661234,-3.797147,0.000149,0.002379,1.539764,3.695370,1.844152,-3.415548,0.000192,0.002369,1.539764
35.9500,3.638153,1.676302,-3.797179,0.000148,0.002378,1.539624,3.697439,1.862467,-3.401147,0.000164,0.002209,1.539763
36.0000,3.638628,1.691369,-3.797210,0.000147,0.002376,1.539484,3.700503,1.889487,-3.309777,0.000176,0.002395,1.539456
36.0500,3.639105,1.706435,-3.797242,0.000147,0.002374,1.539346,3.702576,1.907760,-3.290615,0.000164,0.002385,1.539381
36.1000,3.639584,1.721500,-3.797273,0.000147,0.002373,1.539210,3.705652,1.934765,-3.203685,0.000154,0.002441,1.539277
36.1500,3.640065,1.736565,-3.797305,0.000146,0.002371,1.539075,3.707725,1.953006,-3.180851,0.000166,0.002380,1.539179
36.2000,3.640548,1.751628,-3.797337,0.000146,0.002369,1.538941,3.710817,1.980068,-3.106077,0.000099,0.002462,1.539023
36.2500,3.641033,1.766691,-3.797368,0.000146,0.002368,1.538809,3.712895,1.998289,-3.080859,0.000129,0.002413,1.538711
36.3000,3.641520,1.781754,-3.797400,0.000145,0.002366,1.538678,3.562565,1.595194,-3.021830,0.000302,0.002549,1.538734
36.3500,3.642009,1.796815,-3.797431,0.000145,0.002364,1.538548,3.556280,1.590010,-2.995436,0.000153,0.002281,1.538574
36.4000,3.642500,1.811876,-3.797463,0.000145,0.002362,1.538420,3.546854,1.582214,-2.953327,0.000162,0.002331,1.538530
36.4500,3.642993,1.826936,-3.797495,0.000145,0.002360,1.538293,3.593711,1.791607,-3.706755,0.000301,0.002388,1.538322
36.5000,3.643488,1.841995,-3.797526,0.000144,0.002358,1.538167,3.588282,1.799906,-3.702872,0.000153,0.002221,1.538093
36.5500,3.643985,1.857053,-3.797558,0.000144,0.002356,1.538043,3.584665,1.805442,-3.715004,0.000107,0.002151,1.537897
36.6000,3.644483,1.872111,-3.797590,0.000144,0.002354,1.537919,3.579236,1.813650,-3.694454,0.000295,0.002369,1.538022
36.6500,3.644984,1.887168,-3.797621,0.000144,0.002353,1.537797,3.575619,1.819163,-3.703020,0.000135,0.002433,1.537853
36.7000,3.645486,1.902224,-3.797653,0.000144,0.002351,1.537677,3.570180,1.827215,-3.659381,0.000244,0.002279,1.537818
36.7500,3.645990,1.917280,-3.797685,0.000144,0.002349,1.537557,3.566564,1.832693,-3.662936,0.000260,0.002361,1.537473
36.8000,3.646496,1.932335,-3.797716,0.000144,0.002347,1.537439,3.561110,1.840547,-3.594330,0.000192,0.002249,1.537398
36.8520,3.647004,1.947389,-3.797748,0.000144,0.002345,1.537322,3.557498,1.845981,-3.591845,0.000072,0.002495,1.537473
36.9000,3.647513,1.962442,-3.797780,0.000144,0.002343,1.537207,3.552035,1.853644,-3.502942,0.000297,0.002276,1.537131
36.9500,3.648024,1.977495,-3.797812,0.000144,0.002341,1.537092,3.548421,1.859029,-3.494107,0.000088,0.002418,1.537187
37.0020,3.648537,1.992548,-3.797843,0.000144,0.002339,1.536979,3.542950,1.866560,-3.394968,0.000148,0.002379,1.536918
37.0520,3.649051,2.007599,-3.797875,0.000144,0.002337,1.536866,3.539333,1.871899,-3.380266,-0.000035,0.002207,1.536895
37.1000,3.649567,2.022650,-3.797907,0.000144,0.002335,1.536755,3.533865,1.879385,-3.282508,0.000154,0.002174,1.536855
37.1500,3.650085,2.037700,-3.797939,0.000144,0.002333,1.536645,3.530246,1.884681,-3.263021,0.000336,0.002043,1.536565
37.2000,3.650604,2.052750,-3.797970,0.000144,0.002331,1.536536,3.524788,1.892204,-3.175945,0.000080,0.002574,1.536380
37.2500,3.651125,2.067799,-3.798002,0.000144,0.002329,1.536429,3.521169,1.897478,-3.153043,0.000182,0.002422,1.536540
37.3000,3.651648,2.082847,-3.798034,0.000144,0.002327,1.536322,3.460414,1.532376,-3.081647,0.000067,0.002491,1.536230
37.3500,3.652172,2.097895,-3.798066,0.000144,0.002325,1.536217,3.453771,1.517372,-3.056676,0.000166,0.002311,1.536236
37.4000,3.652698,2.112942,-3.798097,0.000145,0.002324,1.536112,3.443807,1.494790,-3.002967,0.000159,0.002462,1.536086
37.4500,3.653225,2.127988,-3.798129,0.000145,0.002322,1.536009,3.778593,2.145408,-3.716549,0.000083,0.002283,1.536085
37.5000,3.653754,2.143034,-3.798161,0.000145,0.002320,1.535907,3.794193,2.172660,-3.710295,0.000090,0.002245,1.535960
37.5500,3.654284,2.158079,-3.798193,0.000145,0.002318,1.535805,3.804597,2.190830,-3.720974,0.000269,0.002378,1.535714
37.6000,3.654816,2.173124,-3.798224,0.000145,0.002316,1.535705,3.820199,2.217986,-3.698097,0.000250,0.002291,1.535736
37.6500,3.655349,2.188168,-3.798256,0.000145,0.002314,1.535606,3.830604,2.236130,-3.705199,0.000209,0.002213,1.535625
37.7000,3.655884,2.203211,-3.798288,0.000145,0.002312,1.535508,3.846200,2.263131,-3.659412,0.000016,0.002355,1.535373
37.7500,3.656420,2.218254,-3.798320,0.000146,0.002311,1.535411,3.856607,2.281238,-3.661508,0.000113,0.002275,1.535519
37.8000,3.656958,2.233296,-3.798352,0.000146,0.002309,1.535314,3.872190,2.308039,-3.591153,0.000227,0.002138,1.535272
37.8500,3.657497,2.248338,-3.798383,0.000146,0.002307,1.535219,3.882601,2.326101,-3.587244,0.000151,0.002245,1.535258
37.9000,3.658037,2.263379,-3.798415,0.000146,0.002305,1.535125,3.898177,2.352714,-3.497184,0.000212,0.002234,1.535135
37.9500,3.658579,2.278420,-3.798447,0.000146,0.002303,1.535032,3.908587,2.370725,-3.486998,0.000130,0.002289,1.535099
38.0000,3.659122,2.293460,-3.798479,0.000146,0.002302,1.534940,3.924159,2.397212,-3.387402,0.000193,0.002399,1.534854
38.0500,3.659667,2.308500,-3.798510,0.000146,0.002300,1.534848,3.934572,2.415176,-3.371459,0.000236,0.002297,1.534664
38.1000,3.660213,2.323539,-3.798542,0.000147,0.002298,1.534758,3.950152,2.441617,-3.273914,0.000046,0.002193,1.534818
38.1500,3.660760,2.338577,-3.798574,0.000147,0.002297,1.534668,3.960564,2.459539,-3.253315,-0.000040,0.002375,1.534734
38.2000,3.661309,2.353615,-3.798606,0.000147,0.002295,1.534580,3.976149,2.486024,-3.166984,0.000135,0.002344,1.534661
38.2500,3.661858,2.368652,-3.798638,0.000147,0.002293,1.534492,3.986558,2.503918,-3.143114,0.000018,0.002308,1.534584
38.3000,3.662410,2.383689,-3.798669,0.000147,0.002292,1.534406,3.708706,1.850530,-3.072628,0.000096,0.002342,1.534338
38.3520,3.662962,2.398726,-3.798701,0.000147,0.002290,1.534320,3.703143,1.831452,-3.046820,0.000090,0.002291,1.534519
38.4020,3.663516,2.413762,-3.798733,0.000148,0.002288,1.534235,3.694795,1.802772,-2.994439,0.000198,0.002393,1.534208
38.4500,3.664071,2.428797,-3.798765,0.000148,0.002287,1.534151,3.738856,2.408177,-3.635264,0.000078,0.002250,1.534052
38.5020,3.664627,2.443832,-3.798797,0.000148,0.002285,1.534067,3.734254,2.426260,-3.625174,-0.000013,0.002180,1.534114
38.5500,3.665184,2.458866,-3.798828,0.000148,0.002283,1.533985,3.731186,2.438318,-3.631635,0.000323,0.002294,1.533861
38.6000,3.665743,2.473900,-3.798860,0.000148,0.002282,1.533904,3.726581,2.456325,-3.607159,0.000175,0.002323,1.533825
38.6500,3.666303,2.488933,-3.798892,0.000149,0.002280,1.533823,3.723518,2.468365,-3.610479,0.000004,0.002201,1.533956
38.7000,3.666864,2.503966,-3.798924,0.000149,0.002279,1.533743,3.718906,2.486241,-3.566423,0.000136,0.002151,1.533711
38.7500,3.667426,2.518999,-3.798956,0.000149,0.002277,1.533664,3.715845,2.498251,-3.565394,0.000091,0.002204,1.533750
38.8000,3.667989,2.534031,-3.798988,0.000149,0.002276,1.533586,3.711225,2.515963,-3.500722,0.000106,0.002239,1.533585
38.8520,3.668554,2.549062,-3.799019,0.000149,0.002274,1.533508,3.708162,2.527935,-3.494540,0.000321,0.002127,1.533426
38.9000,3.669119,2.564093,-3.799051,0.000149,0.002273,1.533432,3.703529,2.545495,-3.413885,0.000048,0.002309,1.533450
38.9500,3.669686,2.579124,-3.799083,0.000150,0.002271,1.533356,3.700466,2.557426,-3.402387,0.000166,0.002407,1.533285
39.0020,3.670254,2.594154,-3.799115,0.000150,0.002270,1.533281,3.695830,2.574890,-3.314803,0.000083,0.002353,1.533233
39.0500,3.670823,2.609184,-3.799147,0.000150,0.002268,1.533207,3.692768,2.586787,-3.298505,0.000369,0.002520,1.533039
39.1000,3.671393,2.624213,-3.799178,0.000150,0.002267,1.533133,3.688138,2.604230,-3.214011,0.000088,0.002144,1.533223
39.1500,3.671964,2.639242,-3.799210,0.000150,0.002265,1.533060,3.685076,2.616092,-3.193921,0.000130,0.002315,1.533169
39.2000,3.672536,2.654270,-3.799242,0.000150,0.002264,1.532988,3.680451,2.633580,-3.120230,0.000062,0.002225,1.533044
39.2500,3.673109,2.669298,-3.799274,0.000151,0.002263,1.532917,3.677387,2.645420,-3.097575,0.000300,0.002274,1.532894
39.3000,3.673683,2.684326,-3.799306,0.000151,0.002261,1.532846,3.539857,1.915833,-3.038293,0.000241,0.002139,1.532990
39.3500,3.674259,2.699353,-3.799337,0.000151,0.002260,1.532777,3.529545,1.887011,-3.014231,0.000264,0.002403,1.532874
39.4000,3.674835,2.714379,-3.799369,0.000151,0.002259,1.532708,3.514074,1.843757,-2.971175,0.000143,0.002467,1.532688
39.4500,3.675412,2.729406,-3.799401,0.000151,0.002257,1.532639,3.636513,2.687182,-3.688156,0.000157,0.002390,1.532641
39.5000,3.675990,2.744431,-3.799433,0.000151,0.002256,1.532571,3.631000,2.709157,-3.685061,0.000048,0.002367,1.532578
39.5500,3.676570,2.759457,-3.799465,0.000152,0.002255,1.532504,3.627327,2.723812,-3.697333,0.000241,0.002402,1.532513
39.6000,3.677150,2.774482,-3.799497,0.000152,0.002253,1.532438,3.621810,2.745705,-3.677951,0.000136,0.002102,1.532462
39.6500,3.677731,2.789507,-3.799528,0.000152,0.002252,1.532372,3.618138,2.760340,-3.686746,0.000041,0.002285,1.532503
39.7000,3.678313,2.804531,-3.799560,0.000152,0.002251,1.532308,3.612611,2.782089,-3.644764,0.000174,0.002211,1.532251
39.7500,3.678896,2.819555,-3.799592,0.000152,0.002249,1.532243,3.608937,2.796690,-3.648666,0.000068,0.002152,1.532235
39.8000,3.679481,2.834578,-3.799624,0.000152,0.002248,1.532180,3.603394,2.818248,-3.582194,0.000116,0.002248,1.532243
39.8500,3.680066,2.849601,-3.799656,0.000152,0.002247,1.532117,3.599718,2.832810,-3.580187,0.000399,0.002027,1.532091
39.9000,3.680651,2.864624,-3.799687,0.000153,0.002246,1.532054,3.594165,2.854190,-3.493716,0.000039,0.002357,1.532139
39.9500,3.681238,2.879646,-3.799719,0.000153,0.002245,1.531993,3.590486,2.868705,-3.485489,0.000169,0.002189,1.532010
40.0000,3.681826,2.894668,-3.799751,0.000153,0.002243,1.531932,3.584927,2.889961,-3.388819,0.000049,0.002224,1.531771
40.0500,3.682414,2.909690,-3.799783,0.000153,0.002242,1.531871,3.581248,2.904430,-3.374830,0.000108,0.002443,1.531858
40.1000,3.683004,2.924711,-3.799815,0.000153,0.002241,1.531811,3.575685,2.925645,-3.279311,0.000262,0.002315,1.531685
40.1500,3.683594,2.939732,-3.799847,0.000153,0.002240,1.531752,3.572010,2.940077,-3.260612,0.000091,0.002266,1.531791
40.2000,3.684185,2.954752,-3.799878,0.000154,0.002239,1.531694,3.566451,2.961325,-3.175369,0.000235,0.002267,1.531693
40.2500,3.684777,2.969773,-3.799910,0.000154,0.002238,1.531636,3.562775,2.975728,-3.153293,0.000152,0.002351,1.531539
40.3000,3.685370,2.984792,-3.799942,0.000154,0.002236,1.531578,3.481354,2.085330,-3.082940,0.000176,0.002219,1.531455
40.3500,3.685964,2.999812,-3.799974,0.000154,0.002235,1.531521,3.473531,2.050157,-3.058777,0.000160,0.002347,1.531617
40.4000,3.686558,3.014831,-3.800006,0.000154,0.002234,1.531465,3.461793,1.997331,-3.005995,0.000190,0.002133,1.531386
40.4500,3.687154,3.029850,-3.800038,0.000154,0.002233,1.531409,3.757920,3.043607,-3.710380,0.000041,0.002290,1.531538
40.5000,3.687750,3.044868,-3.800069,0.000154,0.002232,1.531354,3.768940,3.071690,-3.704794,0.000144,0.002292,1.531340
40.5500,3.688347,3.059886,-3.800101,0.000154,0.002231,1.531300,3.776291,3.090416,-3.715773,0.000128,0.002110,1.531380
40.6000,3.688945,3.074904,-3.800133,0.000155,0.002230,1.531246,3.787310,3.118415,-3.693671,0.000148,0.002307,1.531189
40.6500,3.689543,3.089922,-3.800165,0.000155,0.002229,1.531193,3.794661,3.137117,-3.701102,0.000198,0.002200,1.531065
40.7000,3.690142,3.104939,-3.800197,0.000155,0.002228,1.531140,3.805670,3.164966,-3.656221,0.000153,0.002448,1.531265
40.7500,3.690742,3.119956,-3.800229,0.000155,0.002227,1.531087,3.813019,3.183636,-3.658685,0.000208,0.002199,1.530963
40.8000,3.691343,3.134972,-3.800260,0.000155,0.002226,1.531036,3.824015,3.211299,-3.589312,0.000195,0.002334,1.530881
40.8500,3.691945,3.149988,-3.800292,0.000155,0.002225,1.530984,3.831368,3.229927,-3.585806,0.000127,0.002123,1.531055
40.9000,3.692547,3.165004,-3.800324,0.000155,0.002224,1.530934,3.842348,3.257409,-3.496725,0.000155,0.002143,1.530994
40.9500,3.693150,3.180020,-3.800356,0.000156,0.002223,1.530884,3.849700,3.275991,-3.486970,0.000204,0.002263,1.530924
41.0000,3.693754,3.195035,-3.800388,0.000156,0.002222,1.530834,3.860672,3.303352,-3.388242,0.000133,0.002234,1.530826
41.0500,3.694358,3.210050,-3.800420,0.000156,0.002221,1.530785,3.868019,3.321890,-3.372742,0.000178,0.002152,1.530742
41.1000,3.694963,3.225065,-3.800451,0.000156,0.002220,1.530736,3.878991,3.349212,-3.275876,0.000322,0.002353,1.530841
41.1500,3.695569,3.240079,-3.800483,0.000156,0.002219,1.530688,3.886338,3.367716,-3.255725,0.000277,0.002149,1.530810
41.2020,3.696176,3.255093,-3.800515,0.000156,0.002218,1.530640,3.897317,3.395079,-3.169848,0.000218,0.002275,1.530691
41.2500,3.696783,3.270107,-3.800547,0.000156,0.002217,1.530593,3.904666,3.413555,-3.146412,0.000201,0.002416,1.530473
41.3000,3.697391,3.285120,-3.800579,0.000156,0.002216,1.530546,3.664448,2.310203,-3.075902,0.000088,0.002256,1.530550
41.3500,3.697999,3.300134,-3.800611,0.000156,0.002215,1.530500,3.658114,2.267191,-3.050488,-0.000007,0.002229,1.530688
41.4000,3.698609,3.315147,-3.800642,0.000157,0.002214,1.530454,3.648612,2.202612,-2.998202,-0.000022,0.002256,1.530556
41.4500,3.699218,3.330159,-3.800674,0.000157,0.002213,1.530409,3.603126,3.271368,-3.751834,0.000147,0.002189,1.530405
41.5020,3.699829,3.345172,-3.800706,0.000157,0.002213,1.530364,3.590734,3.289971,-3.747115,0.000152,0.002268,1.530615
41.5500,3.700440,3.360184,-3.800738,0.000157,0.002212,1.530320,3.582472,3.302377,-3.759482,0.000122,0.002175,1.530254
41.6000,3.701052,3.375196,-3.800770,0.000157,0.002211,1.530276,3.570073,3.320894,-3.737245,0.000131,0.002401,1.530202
41.6500,3.701664,3.390207,-3.800802,0.000157,0.002210,1.530233,3.561812,3.333282,-3.745858,0.000053,0.002290,1.530227
41.7000,3.702278,3.405219,-3.800833,0.000157,0.002209,1.530190,3.549397,3.351646,-3.699388,-0.000074,0.002240,1.530209
41.7500,3.702891,3.420230,-3.800865,0.000157,0.002208,1.530147,3.541132,3.364001,-3.702730,0.000160,0.002284,1.530303
41.8000,3.703505,3.435240,-3.800897,0.000157,0.002208,1.530105,3.528701,3.382166,-3.630113,0.000234,0.002283,1.530145
41.8500,3.704120,3.450251,-3.800929,0.000158,0.002207,1.530063,3.520434,3.394479,-3.627110,0.000039,0.002281,1.530038
41.9000,3.704736,3.465261,-3.800961,0.000158,0.002206,1.530022,3.507984,3.412459,-3.533305,0.000198,0.002144,1.530092
41.9500,3.705352,3.480271,-3.800993,0.000158,0.002205,1.529981,3.499716,3.424724,-3.523645,0.000082,0.002357,1.530132
42.0000,3.705969,3.495281,-3.801025,0.000158,0.002204,1.529941,3.487254,3.442575,-3.419269,0.000101,0.002179,1.529800
42.0500,3.706586,3.510291,-3.801056,0.000158,0.002203,1.529901,3.478983,3.454793,-3.403465,0.000039,0.002505,1.529906
42.1000,3.707204,3.525300,-3.801088,0.000158,0.002203,1.529861,3.466519,3.472604,-3.300724,-0.000009,0.002259,1.529925
42.1500,3.707822,3.540309,-3.801120,0.000158,0.002202,1.529822,3.458241,3.484789,-3.279927,0.000205,0.002121,1.529775
42.2000,3.708441,3.555318,-3.801152,0.000158,0.002201,1.529783,3.445785,3.502642,-3.188559,0.000253,0.002221,1.529949
42.2500,3.709052,3.570138,-3.801169,0.000159,0.002312,1.529745,3.437507,3.514772,-3.164202,0.000107,0.002106,1.529771
42.3000,3.709584,3.583142,-3.801143,0.000176,0.002731,1.529703,3.414099,2.353397,-3.088768,0.000075,0.002806,1.529779
42.3520,3.709962,3.592626,-3.801042,0.000226,0.003432,1.529615,3.405059,2.297985,-3.062117,0.000323,0.003282,1.529708
42.4000,3.710177,3.598346,-3.800870,0.000309,0.004277,1.529453,3.391286,2.210248,-3.005153,0.000211,0.004287,1.529431
42.4500,3.710264,3.601044,-3.800645,0.000421,0.005160,1.529254,3.682664,3.613875,-3.738976,0.000232,0.004985,1.529319
42.5000,3.710272,3.601776,-3.800396,0.000548,0.005995,1.529057,3.691104,3.628804,-3.731013,0.000574,0.006077,1.529175
42.5500,3.710246,3.601489,-3.800162,0.000673,0.006698,1.528886,3.696691,3.637682,-3.741020,0.000644,0.006453,1.529090
42.6000,3.710215,3.600865,-3.799968,0.000786,0.007236,1.528739,3.705026,3.650132,-3.715994,0.000914,0.007331,1.528713
42.6500,3.710182,3.600225,-3.799822,0.000881,0.007611,1.528600,3.710597,3.658467,-3.722389,0.000971,0.007415,1.528597
42.7000,3.710154,3.599637,-3.799719,0.000956,0.007842,1.528486,3.718866,3.670385,-3.673957,0.001051,0.007807,1.528277
42.7500,3.710136,3.599143,-3.799653,0.001009,0.007960,1.528402,3.724440,3.678717,-3.675270,0.000803,0.007846,1.528432
42.8000,3.710126,3.598748,-3.799615,0.001042,0.007991,1.528336,3.732634,3.690216,-3.601804,0.001131,0.007901,1.528523
42.8500,3.710123,3.598432,-3.799597,0.001058,0.007955,1.528277,3.738201,3.698570,-3.596996,0.001072,0.007849,1.528495
42.9000,3.710123,3.598165,-3.799593,0.001057,0.007866,1.528226,3.746298,3.709612,-3.503613,0.001075,0.008110,1.528113
42.9500,3.710124,3.597923,-3.799599,0.001043,0.007737,1.528182,3.751847,3.717891,-3.492400,0.001212,0.007746,1.528229
43.0000,3.710124,3.597690,-3.799610,0.001017,0.007578,1.528142,3.759867,3.728548,-3.389645,0.000831,0.007584,1.528088
43.0500,3.710126,3.597459,-3.799624,0.000982,0.007396,1.528107,3.765391,3.736688,-3.372565,0.001143,0.007524,1.528142
43.1000,3.710127,3.597228,-3.799640,0.000938,0.007197,1.528076,3.773388,3.747225,-3.272371,0.001074,0.007068,1.528125
43.1500,3.710128,3.596995,-3.799657,0.000889,0.006986,1.528050,3.778892,3.755231,-3.250578,0.000835,0.006893,1.528155
43.2000,3.710128,3.596761,-3.799674,0.000834,0.006768,1.528026,3.786914,3.765931,-3.162322,0.000928,0.006667,1.527902
43.2500,3.710119,3.596515,-3.799693,0.000759,0.006531,1.528459,3.792395,3.773832,-3.137244,0.000728,0.006549,1.528240
43.3000,3.710134,3.596238,-3.799743,0.000640,0.006271,1.531765,3.606008,2.481699,-3.063543,0.000882,0.006264,1.531821
43.3500,3.710189,3.595951,-3.799809,0.000504,0.006002,1.537829,3.601224,2.418633,-3.036515,0.000584,0.006148,1.536562
43.4000,3.710246,3.595676,-3.799867,0.000377,0.005717,1.545165,3.594631,2.323845,-2.984212,0.000365,0.005941,1.545244
43.4500,3.710298,3.595417,-3.799915,0.000277,0.005446,1.553388,3.749195,3.583167,-3.736424,0.000372,0.005368,1.551662
43.5000,3.710348,3.595172,-3.799954,0.000197,0.005196,1.562540,3.753615,3.587734,-3.729847,0.000231,0.005143,1.562632
43.5500,3.710396,3.594938,-3.799986,0.000136,0.004964,1.572506,3.756532,3.590829,-3.740725,0.000225,0.004829,1.570509
43.6000,3.710439,3.594714,-3.800013,0.000097,0.004749,1.583061,3.760844,3.595314,-3.717077,0.000199,0.004852,1.583096
43.6500,3.710475,3.594497,-3.800034,0.000079,0.004549,1.594044,3.763689,3.598434,-3.724266,0.000133,0.004631,1.591878
43.7000,3.710505,3.594286,-3.800053,0.000077,0.004362,1.605370,3.767880,3.602696,-3.677132,0.000093,0.004435,1.605369
43.7500,3.710530,3.594079,-3.800068,0.000086,0.004189,1.616977,3.770645,3.605813,-3.679176,0.000181,0.004152,1.614563
43.8000,3.710552,3.593875,-3.800082,0.000103,0.004029,1.628802,3.774719,3.609789,-3.606886,-0.000069,0.004050,1.628816
43.8520,3.710572,3.593675,-3.800094,0.000124,0.003880,1.640795,3.777403,3.612882,-3.602769,0.000033,0.003982,1.638436
43.9000,3.710592,3.593478,-3.800104,0.000148,0.003743,1.652918,3.781374,3.616626,-3.510352,0.000307,0.003600,1.653124
43.9500,3.710611,3.593284,-3.800114,0.000172,0.003615,1.665143,3.783990,3.619688,-3.499804,0.000138,0.003659,1.662788
44.0000,3.710631,3.593092,-3.800123,0.000197,0.003497,1.677448,3.787868,3.623343,-3.397703,0.000222,0.003594,1.677542
44.0500,3.710652,3.592903,-3.800131,0.000221,0.003388,1.689815,3.790414,3.626384,-3.381258,0.000162,0.003369,1.687189
44.1000,3.710674,3.592716,-3.800138,0.000244,0.003288,1.702231,3.794196,3.630125,-3.281347,0.000299,0.003276,1.702376
44.1500,3.710698,3.592532,-3.800145,0.000266,0.003194,1.714684,3.796678,3.633159,-3.260147,0.000248,0.003247,1.712144
44.2000,3.710723,3.592351,-3.800152,0.000286,0.003108,1.727166,3.800357,3.637121,-3.171806,0.000080,0.003165,1.727082
44.2500,3.710749,3.592172,-3.800159,0.000305,0.003029,1.739671,3.802762,3.640172,-3.147265,0.000450,0.003022,1.737015
44.3000,3.710777,3.591995,-3.800166,0.000322,0.002955,1.752193,4.027360,3.840498,-3.075815,0.000366,0.002913,1.752196
44.3520,3.710807,3.591821,-3.800173,0.000339,0.002887,1.764729,4.040682,3.855338,-3.049344,0.000358,0.003024,1.762215
44.4000,3.710838,3.591649,-3.800179,0.000354,0.002825,1.777274,4.060387,3.877768,-2.995766,0.000374,0.002930,1.777373
44.4500,3.710871,3.591479,-3.800186,0.000368,0.002767,1.789828,3.719727,3.616955,-3.682591,0.000515,0.002792,1.787222
44.5000,3.710905,3.591312,-3.800192,0.000382,0.002713,1.802388,3.714699,3.616728,-3.673552,0.000289,0.002683,1.802458
44.5500,3.710941,3.591146,-3.800199,0.000394,0.002664,1.814952,3.711348,3.616541,-3.681636,0.000343,0.002788,1.812454
44.6000,3.710979,3.590983,-3.800206,0.000406,0.002618,1.827519,3.706337,3.616089,-3.657057,0.000473,0.002600,1.827450
44.6500,3.711018,3.590823,-3.800212,0.000417,0.002575,1.840089,3.702999,3.615798,-3.661765,0.000633,0.002681,1.837544
44.7000,3.711059,3.590664,-3.800219,0.000428,0.002536,1.852660,3.698020,3.615051,-3.615942,0.000308,0.002388,1.852743
44.7500,3.711101,3.590508,-3.800226,0.000438,0.002499,1.865233,3.694699,3.614639,-3.615960,0.000264,0.002569,1.862697
44.8000,3.711145,3.590354,-3.800233,0.000448,0.002465,1.877806,3.689763,3.613556,-3.547616,0.000418,0.002551,1.877518
44.8500,3.711190,3.590202,-3.800240,0.000458,0.002434,1.890380,3.686462,3.613016,-3.542050,0.000355,0.002554,1.887974
44.9000,3.711236,3.590053,-3.800246,0.000467,0.002405,1.902954,3.681573,3.611620,-3.456021,0.000458,0.002430,1.903054
44.9500,3.711284,3.589905,-3.800253,0.000476,0.002377,1.915527,3.678296,3.610948,-3.444668,0.000464,0.002363,1.913109
45.0000,3.711334,3.589760,-3.800260,0.000485,0.002352,1.928101,3.673457,3.609319,-3.350631,0.000594,0.002342,1.928000
45.0500,3.711385,3.589617,-3.800267,0.000494,0.002328,1.940674,3.670210,3.608517,-3.334018,0.000411,0.002419,1.938100
45.1020,3.711437,3.589476,-3.800274,0.000502,0.002306,1.953247,3.665412,3.606751,-3.242794,0.000625,0.002493,1.953202
45.1500,3.711490,3.589337,-3.800281,0.000511,0.002285,1.965820,3.662197,3.605837,-3.221995,0.000491,0.002355,1.963248
45.2000,3.711544,3.589200,-3.800288,0.000520,0.002266,1.978391,3.657436,3.604019,-3.142001,0.000482,0.002377,1.978452
45.2520,3.711600,3.589065,-3.800295,0.000528,0.002247,1.990963,3.654250,3.603003,-3.118324,0.000542,0.002290,1.988572
45.3000,3.711657,3.588933,-3.800302,0.000537,0.002230,2.003534,3.600437,3.636966,-3.054097,0.000504,0.002219,2.003563
45.3500,3.711714,3.588803,-3.800309,0.000545,0.002214,2.016104,3.594433,3.637536,-3.028825,0.000549,0.002402,2.013546
45.4000,3.711773,3.588674,-3.800316,0.000553,0.002199,2.028673,3.585423,3.638243,-2.981341,0.000484,0.002267,2.028677
45.4520,3.711833,3.588548,-3.800323,0.000562,0.002184,2.041242,3.686130,3.576714,-3.785239,0.000512,0.002197,2.038732
45.5000,3.711894,3.588424,-3.800330,0.000570,0.002171,2.053810,3.685517,3.573550,-3.783762,0.000599,0.002340,2.053859
45.5500,3.711956,3.588302,-3.800337,0.000578,0.002158,2.066378,3.685138,3.571441,-3.799010,0.000490,0.002140,2.064131
45.6000,3.712019,3.588182,-3.800343,0.000587,0.002146,2.078945,3.684628,3.568176,-3.778913,0.000665,0.002188,2.078820
45.6500,3.712083,3.588064,-3.800350,0.000595,0.002134,2.091511,3.684307,3.566040,-3.790205,0.000540,0.002094,2.089055
45.7000,3.712147,3.587949,-3.800357,0.000603,0.002123,2.104077,3.683919,3.562600,-3.744168,0.000742,0.002254,2.104164
45.7500,3.712213,3.587835,-3.800364,0.000611,0.002113,2.116642,3.683661,3.560427,-3.749871,0.000775,0.002178,2.114065
45.8000,3.712279,3.587723,-3.800370,0.000619,0.002103,2.129206,3.683404,3.556776,-3.675550,0.000618,0.002256,2.129166
45.8500,3.712346,3.587613,-3.800377,0.000627,0.002094,2.141770,3.683219,3.554556,-3.674479,0.000651,0.002123,2.139183
45.9000,3.712413,3.587505,-3.800383,0.000635,0.002085,2.154333,3.683104,3.550700,-3.576830,0.000585,0.002100,2.154422
45.9500,3.712482,3.587400,-3.800390,0.000643,0.002076,2.166896,3.682991,3.548430,-3.568596,0.000417,0.002067,2.164505
46.0000,3.712551,3.587296,-3.800396,0.000651,0.002068,2.179458,3.683003,3.544437,-3.458702,0.000691,0.002121,2.179381
46.0500,3.712620,3.587194,-3.800403,0.000659,0.002060,2.192019,3.682966,3.542121,-3.443800,0.000673,0.002039,2.189404
46.1000,3.712690,3.587094,-3.800409,0.000667,0.002052,2.204580,3.683090,3.538089,-3.334638,0.000488,0.002088,2.204567
46.1500,3.712761,3.586996,-3.800415,0.000675,0.002045,2.217140,3.683124,3.535734,-3.314247,0.000698,0.002071,2.214605
46.2000,3.712832,3.586900,-3.800422,0.000683,0.002038,2.229699,3.683339,3.531752,-3.216341,0.000670,0.001996,2.229666
46.2500,3.712904,3.586806,-3.800428,0.000691,0.002031,2.242258,3.683446,3.529370,-3.191970,0.000701,0.002269,2.239763
46.3000,3.712976,3.586713,-3.800434,0.000698,0.002025,2.254817,4.001534,3.548588,-3.111324,0.000736,0.002059,2.254647
46.3500,3.713049,3.586623,-3.800440,0.000706,0.002018,2.267374,4.018808,3.549124,-3.084492,0.000523,0.001997,2.264772
46.4020,3.713122,3.586535,-3.800446,0.000714,0.002012,2.279932,4.044724,3.550171,-3.023046,0.000691,0.001946,2.280197
46.4500,3.713195,3.586448,-3.800452,0.000721,0.002006,2.292488,3.799188,3.660735,-3.732380,0.000688,0.001985,2.289950
46.5000,3.713269,3.586363,-3.800458,0.000728,0.002001,2.305044,3.804584,3.668587,-3.722438,0.000550,0.002217,2.305076
46.5500,3.713343,3.586280,-3.800464,0.000736,0.001995,2.317600,3.808115,3.673874,-3.730846,0.000732,0.001922,2.315072
46.6000,3.713418,3.586199,-3.800470,0.000743,0.001990,2.330155,3.813339,3.681792,-3.704359,0.000743,0.002111,2.330262
46.6500,3.713492,3.586119,-3.800476,0.000750,0.001984,2.342709,3.816740,3.687150,-3.709170,0.000744,0.002041,2.340109
46.7000,3.713567,3.586042,-3.800482,0.000758,0.001979,2.355263,3.821816,3.695066,-3.660080,0.000652,0.001891,2.355341
46.7500,3.713642,3.585966,-3.800487,0.000765,0.001974,2.367816,3.825095,3.700482,-3.659897,0.000771,0.001900,2.365336
46.8000,3.713718,3.585891,-3.800493,0.000772,0.001970,2.380369,3.830038,3.708366,-3.586867,0.000810,0.001973,2.380299
46.8520,3.713793,3.585819,-3.800498,0.000779,0.001965,2.392921,3.833199,3.713829,-3.580741,0.000963,0.001894,2.390470
46.9000,3.713869,3.585748,-3.800504,0.000786,0.001960,2.405473,3.838006,3.721687,-3.488951,0.000691,0.001977,2.405424
46.9500,3.713944,3.585679,-3.800510,0.000793,0.001956,2.418024,3.841050,3.727192,-3.476667,0.000687,0.001926,2.415416
47.0000,3.714020,3.585612,-3.800515,0.000799,0.001951,2.430575,3.845698,3.735072,-3.376434,0.000753,0.001910,2.430560
47.0500,3.714096,3.585546,-3.800520,0.000806,0.001947,2.443125,3.848621,3.740618,-3.358562,0.000873,0.001829,2.440648
47.1000,3.714172,3.585482,-3.800526,0.000813,0.001942,2.455675,3.853080,3.748592,-3.261407,0.000723,0.002075,2.455634
47.1500,3.714248,3.585420,-3.800531,0.000819,0.001938,2.468224,3.855878,3.754186,-3.239092,0.000763,0.001955,2.465714
47.2020,3.714324,3.585359,-3.800536,0.000826,0.001934,2.480773,3.860112,3.762317,-3.153963,0.000764,0.001866,2.480861
47.2500,3.714400,3.585299,-3.800541,0.000833,0.001930,2.493321,3.862783,3.767960,-3.128600,0.000757,0.002116,2.490544
47.3000,3.714476,3.585242,-3.800546,0.000839,0.001926,2.505869,3.816264,3.654020,-3.060229,0.000780,0.001999,2.505920
47.3500,3.714552,3.585186,-3.800551,0.000845,0.001922,2.518416,3.816705,3.652828,-3.033179,0.000764,0.001918,2.515797
47.4000,3.714628,3.585131,-3.800557,0.000852,0.001918,2.530963,3.817403,3.651017,-2.982760,0.000795,0.001867,2.530929
47.4500,3.714704,3.585078,-3.800561,0.000858,0.001914,2.543509,3.689324,3.520274,-3.713556,0.000826,0.001948,2.540972
47.5000,3.714780,3.585027,-3.800566,0.000864,0.001910,2.556055,3.681502,3.507873,-3.706392,0.000771,0.001989,2.556221
47.5500,3.714855,3.584977,-3.800571,0.000871,0.001906,2.568600,3.676389,3.499546,-3.716341,0.000853,0.001863,2.566082
47.6000,3.714931,3.584928,-3.800576,0.000877,0.001903,2.581145,3.668919,3.486890,-3.692769,0.000799,0.001900,2.581202
47.6500,3.715006,3.584881,-3.800581,0.000883,0.001899,2.593690,3.664026,3.478421,-3.699176,0.000785,0.001966,2.591155
47.7000,3.715081,3.584836,-3.800586,0.000889,0.001895,2.606234,3.656946,3.465469,-3.653046,0.000880,0.001721,2.606136
47.7520,3.715156,3.584791,-3.800590,0.000895,0.001891,2.618778,3.652283,3.456856,-3.654508,0.001038,0.001947,2.616113
47.8000,3.715231,3.584749,-3.800595,0.000901,0.001888,2.631321,3.645624,3.443586,-3.584259,0.000970,0.001910,2.631317
47.8500,3.715305,3.584707,-3.800600,0.000907,0.001884,2.643864,3.641200,3.434831,-3.579803,0.000853,0.001814,2.641369
47.9000,3.715379,3.584667,-3.800604,0.000913,0.001880,2.656406,3.634961,3.421266,-3.490330,0.000965,0.001815,2.656395
47.9500,3.715453,3.584629,-3.800609,0.000919,0.001877,2.668948,3.630786,3.412371,-3.479703,0.000917,0.001831,2.666415
48.0000,3.715527,3.584591,-3.800613,0.000924,0.001873,2.681490,3.624949,3.398564,-3.381091,0.000804,0.001806,2.681547
48.0520,3.715601,3.584555,-3.800617,0.000930,0.001870,2.694031,3.621023,3.389534,-3.364818,0.001148,0.001791,2.691640
48.1020,3.715674,3.584521,-3.800622,0.000936,0.001866,2.706572,3.615551,3.375561,-3.268497,0.000867,0.002029,2.706500
48.1500,3.715747,3.584487,-3.800626,0.000942,0.001862,2.719112,3.611872,3.366415,-3.247679,0.001139,0.001854,2.716549
48.2000,3.715819,3.584455,-3.800630,0.000947,0.001859,2.731652,3.606728,3.352345,-3.162653,0.000870,0.001804,2.731813
48.2500,3.715891,3.584424,-3.800635,0.000953,0.001855,2.744191,3.603301,3.343094,-3.138660,0.001065,0.001732,2.741765
48.3000,3.715963,3.584395,-3.800639,0.000958,0.001852,2.756730,3.528547,3.174286,-3.069806,0.000903,0.001863,2.756720
48.3500,3.716035,3.584366,-3.800643,0.000964,0.001848,2.769269,3.522388,3.156194,-3.043983,0.000899,0.001928,2.766719
48.4000,3.716106,3.584339,-3.800647,0.000969,0.001845,2.781807,3.513510,3.128904,-2.992663,0.000997,0.002086,2.781944
48.4500,3.716176,3.584313,-3.800651,0.000975,0.001841,2.794345,3.724662,3.692303,-3.711558,0.000834,0.001747,2.791776
48.5000,3.716247,3.584288,-3.800655,0.000980,0.001838,2.806883,3.727863,3.709904,-3.705051,0.001033,0.001631,2.806973
48.5500,3.716317,3.584264,-3.800659,0.000986,0.001834,2.819420,3.729848,3.721668,-3.715409,0.000969,0.001702,2.816890
48.6000,3.716386,3.584242,-3.800663,0.000991,0.001831,2.831957,3.732659,3.739289,-3.692471,0.001005,0.001834,2.831965
48.6500,3.716455,3.584220,-3.800667,0.000996,0.001827,2.844494,3.734364,3.751083,-3.699290,0.000927,0.001854,2.841902
48.7000,3.716524,3.584200,-3.800671,0.001001,0.001824,2.857030,3.736824,3.768670,-3.653733,0.001175,0.001920,2.856988
48.7500,3.716592,3.584181,-3.800675,0.001007,0.001820,2.869565,3.738251,3.780487,-3.655604,0.001094,0.001946,2.866895
48.8000,3.716660,3.584163,-3.800679,0.001012,0.001817,2.882101,3.740388,3.798006,-3.585807,0.000828,0.001794,2.882138
48.8500,3.716727,3.584145,-3.800682,0.001017,0.001813,2.894636,3.741542,3.809830,-3.581745,0.000928,0.001813,2.891971
48.9020,3.716794,3.584129,-3.800686,0.001022,0.001810,2.907171,3.743346,3.827283,-3.492545,0.000908,0.001748,2.907126
48.9500,3.716860,3.584114,-3.800690,0.001027,0.001806,2.919705,3.744237,3.839104,-3.482289,0.001097,0.001826,2.917206
49.0000,3.716926,3.584100,-3.800693,0.001032,0.001803,2.932239,3.745675,3.856519,-3.383751,0.001181,0.001673,2.932322
49.0500,3.716991,3.584087,-3.800697,0.001037,0.001799,2.944773,3.746298,3.868339,-3.367817,0.000885,0.001794,2.942173
49.1000,3.717056,3.584075,-3.800700,0.001042,0.001795,2.957306,3.747321,3.885761,-3.271383,0.001025,0.001850,2.957363
49.1500,3.717120,3.584064,-3.800704,0.001047,0.001792,2.969839,3.747674,3.897571,-3.250865,0.001055,0.001949,2.967290
49.2020,3.717184,3.584053,-3.800707,0.001052,0.001788,2.982372,3.748232,3.915043,-3.165586,0.001065,0.001968,2.982416
49.2520,3.717247,3.584044,-3.800711,0.001057,0.001785,2.994904,3.748302,3.926846,-3.141850,0.001140,0.001980,2.992468
49.3000,3.717310,3.584036,-3.800714,0.001062,0.001781,3.007436,3.657379,3.675203,-3.072632,0.001034,0.001858,3.007541
49.3500,3.717372,3.584028,-3.800718,0.001067,0.001778,3.019968,3.653648,3.671932,-3.047025,0.001079,0.001720,3.017348
49.4000,3.717433,3.584021,-3.800721,0.001072,0.001774,3.032499,3.648157,3.666922,-2.995315,0.001150,0.001771,3.032487
49.4500,3.717495,3.584016,-3.800724,0.001077,0.001770,3.045030,3.677440,3.456655,-3.658150,0.001163,0.001738,3.042603
49.5000,3.717555,3.584011,-3.800728,0.001082,0.001767,3.057561,3.676120,3.436433,-3.649353,0.001132,0.001629,3.057538
49.5500,3.717618,3.583995,-3.800729,0.001099,0.001769,3.069732,3.675405,3.422942,-3.657101,0.001143,0.001750,3.067513
49.6000,3.717684,3.583909,-3.800747,0.001173,0.001777,3.079190,3.674633,3.402587,-3.633323,0.001247,0.001746,3.079156
49.6500,3.717744,3.583771,-3.800769,0.001265,0.001770,3.085860,3.674214,3.388975,-3.637829,0.001124,0.001740,3.084370
49.7000,3.717802,3.583648,-3.800779,0.001320,0.001736,3.091154,3.673847,3.368445,-3.593558,0.001493,0.001742,3.091053
49.7500,3.717859,3.583551,-3.800777,0.001334,0.001698,3.095412,3.673602,3.354833,-3.593521,0.001298,0.001721,3.094665
49.8000,3.717916,3.583473,-3.800768,0.001326,0.001665,3.098652,3.673538,3.334252,-3.527507,0.001302,0.001614,3.098711
49.8500,3.717971,3.583408,-3.800756,0.001305,0.001636,3.101042,3.673419,3.320645,-3.522077,0.001224,0.001767,3.100655
49.9000,3.718028,3.583357,-3.800744,0.001273,0.001607,3.102813,3.673578,3.299998,-3.439018,0.001310,0.001530,3.102767
49.9500,3.718085,3.583319,-3.800732,0.001232,0.001579,3.104111,3.673542,3.286389,-3.428007,0.001279,0.001480,3.103864
50.0000,3.718143,3.583290,-3.800722,0.001184,0.001551,3.105026,3.673834,3.265710,-3.337261,0.001112,0.001631,3.105028
50.0500,3.718203,3.583269,-3.800714,0.001134,0.001523,3.105632,3.673854,3.252090,-3.321186,0.001233,0.001649,3.105496
50.1000,3.718263,3.583253,-3.800707,0.001081,0.001497,3.106000,3.674191,3.231420,-3.233195,0.001046,0.001539,3.105962
50.1500,3.718324,3.583243,-3.800702,0.001027,0.001471,3.106181,3.674244,3.217789,-3.213090,0.001057,0.001615,3.106346
50.2000,3.718384,3.583236,-3.800698,0.000973,0.001445,3.106218,3.674554,3.197162,-3.135968,0.001161,0.001542,3.106344
50.2500,3.718445,3.583232,-3.800696,0.000920,0.001421,3.106140,3.674625,3.183529,-3.113096,0.000909,0.001291,3.106296
50.3000,3.718506,3.583230,-3.800694,0.000867,0.001397,3.105972,3.107918,3.544407,-3.051529,0.000923,0.001454,3.106077
50.3500,3.718566,3.583230,-3.800693,0.000817,0.001374,3.105735,3.076951,3.551175,-3.027141,0.000792,0.001535,3.106008
50.4000,3.718626,3.583231,-3.800693,0.000768,0.001351,3.105445,3.030520,3.561323,-2.981371,0.000889,0.001549,3.105408
50.4500,3.718685,3.583233,-3.800694,0.000721,0.001330,3.105113,3.720900,3.506059,-3.714773,0.000733,0.001286,3.105261
50.5040,3.718744,3.583236,-3.800695,0.000676,0.001309,3.104751,3.728342,3.512044,-3.711518,0.000603,0.001240,3.104862
50.5500,3.718592,3.583246,-3.800702,0.000633,0.001188,3.104288,3.733274,3.516037,-3.724153,0.000690,0.001355,3.104326
50.6000,3.716511,3.583327,-3.800778,0.000576,0.000790,3.103588,3.739214,3.522045,-3.704170,0.000497,0.000870,3.103530
50.6500,3.710832,3.583558,-3.800947,0.000492,0.000153,3.102805,3.740644,3.526163,-3.713329,0.000655,0.000256,3.102909
50.7000,3.701372,3.583952,-3.801183,0.000389,-0.000596,3.102015,3.738252,3.532477,-3.670376,0.000390,-0.000538,3.102091
50.7500,3.688917,3.584468,-3.801445,0.000278,-0.001331,3.101232,3.733940,3.536833,-3.674590,0.000475,-0.001211,3.101319
50.8000,3.674546,3.585062,-3.801686,0.000162,-0.001990,3.100492,3.724807,3.543399,-3.606654,0.000210,-0.001888,3.100599
50.8500,3.659217,3.585696,-3.801878,0.000052,-0.002537,3.099801,3.717688,3.547868,-3.604755,0.000193,-0.002395,3.099762
50.9000,3.643603,3.586343,-3.802014,-0.000043,-0.002955,3.099170,3.706316,3.554524,-3.516338,0.000046,-0.003003,3.099179
50.9500,3.628045,3.586992,-3.802096,-0.000122,-0.003250,3.098564,3.698816,3.559013,-3.507969,-0.000183,-0.003082,3.098590
51.0000,3.612591,3.587641,-3.802135,-0.000187,-0.003435,3.097982,3.687326,3.565706,-3.409078,-0.000310,-0.003206,3.097987
51.0520,3.597242,3.588293,-3.802139,-0.000238,-0.003529,3.097436,3.679974,3.570197,-3.394744,-0.000264,-0.003464,3.097618
51.1000,3.581983,3.588948,-3.802118,-0.000274,-0.003552,3.096917,3.668556,3.576946,-3.296984,-0.000376,-0.003599,3.097040
51.1500,3.566789,3.589610,-3.802079,-0.000298,-0.003518,3.096431,3.661320,3.581444,-3.277791,-0.000344,-0.003468,3.096386
51.2000,3.551632,3.590281,-3.802028,-0.000312,-0.003441,3.095974,3.649985,3.588251,-3.190481,-0.000165,-0.003228,3.096184
51.2520,3.536487,3.590961,-3.801970,-0.000315,-0.003330,3.095537,3.642766,3.592773,-3.167817,-0.000246,-0.003348,3.095599
51.3000,3.521340,3.591650,-3.801908,-0.000310,-0.003192,3.095113,3.558526,3.887020,-3.096118,-0.000304,-0.003453,3.094985
51.3500,3.506183,3.592347,-3.801845,-0.000296,-0.003035,3.094700,3.547382,3.907208,-3.071338,-0.000431,-0.002978,3.094842
51.4000,3.491017,3.593052,-3.801782,-0.000275,-0.002863,3.094300,3.530534,3.937516,-3.016994,-0.000137,-0.002877,3.094345
51.4500,3.475842,3.593764,-3.801720,-0.000248,-0.002681,3.093909,3.402102,3.776334,-3.674587,-0.000190,-0.002741,3.093986
51.5000,3.460664,3.594483,-3.801659,-0.000217,-0.002491,3.093526,3.376582,3.793151,-3.665961,-0.000215,-0.002574,3.093518
51.5500,3.445484,3.595209,-3.801602,-0.000182,-0.002296,3.093151,3.359578,3.804373,-3.674013,-0.000186,-0.002197,3.093217
51.6000,3.430304,3.595941,-3.801547,-0.000145,-0.002100,3.092783,3.334000,3.821229,-3.650156,-0.000155,-0.002130,3.092735
51.6500,3.415126,3.596679,-3.801495,-0.000105,-0.001903,3.092420,3.316985,3.832474,-3.654914,-0.000049,-0.001827,3.092446
51.7000,3.399951,3.597422,-3.801446,-0.000065,-0.001708,3.092063,3.291317,3.849374,-3.610190,-0.000030,-0.001658,3.092082
51.7500,3.384778,3.598172,-3.801401,-0.000024,-0.001516,3.091711,3.274287,3.860642,-3.610360,-0.000069,-0.001544,3.091657
51.8000,3.369608,3.598928,-3.801359,0.000016,-0.001328,3.091363,3.248524,3.877580,-3.543449,0.000109,-0.001340,3.091408
51.8500,3.354440,3.599689,-3.801321,0.000056,-0.001144,3.091020,3.231478,3.888875,-3.538145,-0.000048,-0.001160,3.091210
51.9000,3.339275,3.600456,-3.801286,0.000094,-0.000966,3.090681,3.205653,3.905840,-3.453738,0.000048,-0.000896,3.090728
51.9500,3.324112,3.601228,-3.801254,0.000130,-0.000793,3.090345,3.188582,3.917154,-3.442752,0.000222,-0.000793,3.090432
52.0020,3.308951,3.602005,-3.801225,0.000165,-0.000626,3.090013,3.162751,3.934141,-3.350302,0.000205,-0.000544,3.089980
52.0500,3.293793,3.602788,-3.801200,0.000198,-0.000466,3.089685,3.145664,3.945480,-3.334139,0.000340,-0.000455,3.089771
52.1000,3.278636,3.603575,-3.801177,0.000228,-0.000311,3.089359,3.119881,3.962484,-3.244276,0.000283,-0.000163,3.089504
52.1500,3.263481,3.604368,-3.801157,0.000256,-0.000163,3.089037,3.102779,3.973844,-3.223982,0.000320,-0.000242,3.089092
52.2000,3.248329,3.605166,-3.801140,0.000282,-0.000022,3.088718,3.077068,3.990870,-3.144996,0.000347,0.000077,3.088732
52.2500,3.233179,3.605969,-3.801125,0.000306,0.000114,3.088402,3.059967,4.002253,-3.121850,0.000333,-0.000030,3.088438
52.3000,3.218030,3.606776,-3.801113,0.000327,0.000243,3.088089,3.556541,3.555537,-3.058196,0.000414,0.000260,3.087921
52.3520,3.202884,3.607588,-3.801104,0.000345,0.000367,3.087778,3.567765,3.541651,-3.033409,0.000431,0.000377,3.087857
52.4000,3.187740,3.608405,-3.801096,0.000362,0.000484,3.087471,3.584605,3.520816,-2.986179,0.000369,0.000496,3.087301
52.4500,3.172598,3.609227,-3.801091,0.000376,0.000596,3.087166,3.217127,3.592712,-3.822512,0.000663,0.000561,3.087250
52.5000,3.157457,3.610053,-3.801088,0.000388,0.000703,3.086864,3.205756,3.578363,-3.823050,0.000207,0.000586,3.086850
52.5500,3.142319,3.610884,-3.801086,0.000398,0.000804,3.086565,3.198171,3.568804,-3.840351,0.000374,0.000629,3.086615
52.6000,3.127183,3.611719,-3.801087,0.000406,0.000900,3.086268,3.186815,3.554456,-3.821276,0.000507,0.000924,3.086279
52.6500,3.112048,3.612558,-3.801089,0.000412,0.000991,3.085974,3.179236,3.544904,-3.834434,0.000402,0.000978,3.085986
52.7000,3.096916,3.613402,-3.801093,0.000417,0.001078,3.085683,3.167927,3.530540,-3.787916,0.000399,0.001006,3.085722
52.7500,3.081785,3.614251,-3.801098,0.000420,0.001160,3.085394,3.160353,3.520995,-3.795196,0.000265,0.001095,3.085529
52.8000,3.066657,3.615104,-3.801105,0.000422,0.001237,3.085108,3.149123,3.506609,-3.718574,0.000444,0.001084,3.085102
52.8500,3.051530,3.615961,-3.801113,0.000423,0.001311,3.084825,3.141563,3.497064,-3.718700,0.000548,0.001128,3.084938
52.9000,3.036405,3.616822,-3.801123,0.000422,0.001380,3.084544,3.130429,3.482649,-3.616991,0.000394,0.001286,3.084544
52.9500,3.021282,3.617687,-3.801134,0.000420,0.001446,3.084266,3.122886,3.473107,-3.609519,0.000462,0.001312,3.084166
53.0020,3.006160,3.618557,-3.801146,0.000418,0.001508,3.083990,3.111842,3.458678,-3.494288,0.000467,0.001425,3.083958
53.0500,2.991041,3.619431,-3.801159,0.000414,0.001567,3.083717,3.104319,3.449136,-3.479707,0.000479,0.001540,3.083753
53.1000,2.975923,3.620309,-3.801173,0.000410,0.001622,3.083446,3.093340,3.434703,-3.364629,0.000609,0.001632,3.083525
53.1500,2.960806,3.621190,-3.801189,0.000405,0.001675,3.083178,3.085834,3.425165,-3.344155,0.000255,0.001915,3.083316
53.2000,2.945692,3.622076,-3.801205,0.000399,0.001724,3.082912,3.074866,3.410753,-3.240432,0.000510,0.001589,3.082946
53.2500,2.930579,3.622966,-3.801222,0.000394,0.001770,3.082649,3.067376,3.401217,-3.215640,0.000202,0.001815,3.082596
53.3020,2.915468,3.623860,-3.801240,0.000387,0.001814,3.082388,2.774544,3.241864,-3.129876,0.000415,0.001935,3.082313
53.3500,2.900359,3.624758,-3.801259,0.000381,0.001855,3.082130,2.751722,3.224487,-3.102380,0.000507,0.001679,3.082233
53.4000,2.885251,3.625660,-3.801278,0.000374,0.001894,3.081874,2.717560,3.198410,-3.036495,0.000447,0.001956,3.081811
53.4500,2.870145,3.626565,-3.801299,0.000366,0.001931,3.081621,2.867960,3.543253,-3.697793,0.000193,0.002029,3.081621
53.5000,2.855040,3.627474,-3.801320,0.000359,0.001965,3.081370,2.846714,3.544267,-3.684188,0.000282,0.002135,3.081296
53.5500,2.839937,3.628388,-3.801341,0.000352,0.001997,3.081121,2.832547,3.544949,-3.689397,0.000370,0.001972,3.081031
53.6000,2.824836,3.629304,-3.801364,0.000344,0.002027,3.080875,2.811366,3.545963,-3.660431,0.000390,0.002137,3.080879
53.6500,2.809736,3.630225,-3.801386,0.000337,0.002056,3.080631,2.797215,3.546654,-3.662256,0.000582,0.002021,3.080635
53.7000,2.794638,3.631149,-3.801410,0.000329,0.002082,3.080389,2.776157,3.547663,-3.612527,0.000266,0.002024,3.080337
53.7500,2.779541,3.632077,-3.801434,0.000322,0.002107,3.080150,2.762035,3.548361,-3.609701,0.000431,0.002101,3.080326
53.8000,2.764446,3.633008,-3.801458,0.000314,0.002130,3.079913,2.741128,3.549354,-3.538344,0.000281,0.002017,3.079718
53.8500,2.749352,3.633943,-3.801483,0.000307,0.002152,3.079679,2.727042,3.550054,-3.530038,0.000327,0.001975,3.079714
53.9000,2.734259,3.634882,-3.801508,0.000300,0.002172,3.079446,2.706282,3.551034,-3.442253,0.000342,0.002258,3.079260
53.9500,2.719169,3.635824,-3.801534,0.000293,0.002191,3.079216,2.692233,3.551740,-3.428338,0.000201,0.002344,3.079313
54.0000,2.704079,3.636769,-3.801560,0.000286,0.002209,3.078989,2.671567,3.552719,-3.333948,0.000263,0.002434,3.078972
54.0500,2.688991,3.637718,-3.801586,0.000279,0.002225,3.078763,2.657548,3.553423,-3.315016,0.000310,0.002289,3.078930
54.1000,2.673905,3.638671,-3.801613,0.000272,0.002241,3.078540,2.636908,3.554419,-3.224711,0.000237,0.002226,3.078401
54.1520,2.658819,3.639626,-3.801640,0.000266,0.002255,3.078319,2.622922,3.555132,-3.201870,0.000388,0.002313,3.078432
54.2000,2.643736,3.640585,-3.801668,0.000260,0.002268,3.078100,2.602238,3.556155,-3.123760,0.000178,0.002228,3.078202
54.2500,2.628653,3.641548,-3.801695,0.000254,0.002280,3.077883,2.588271,3.556874,-3.098337,0.000315,0.002240,3.077915
54.3000,2.613572,3.642513,-3.801723,0.000248,0.002292,3.077668,2.619226,3.292095,-3.036509,0.000074,0.002403,3.077566
54.3500,2.598492,3.643482,-3.801751,0.000242,0.002302,3.077456,2.608058,3.278363,-3.009776,0.000268,0.002188,3.077576
54.4000,2.583414,3.644454,-3.801780,0.000237,0.002312,3.077246,2.591326,3.257775,-2.965075,0.000350,0.002408,3.077142
54.4500,2.568337,3.645429,-3.801808,0.000232,0.002321,3.077037,2.467943,3.596435,-3.665226,0.000115,0.002454,3.077033
54.5000,2.553261,3.646407,-3.801837,0.000227,0.002329,3.076831,2.442805,3.602223,-3.658159,0.000373,0.002398,3.076725
54.5500,2.538186,3.647389,-3.801866,0.000222,0.002336,3.076627,2.426043,3.606090,-3.667216,0.000490,0.002256,3.076617
54.6000,2.523113,3.648373,-3.801896,0.000217,0.002343,3.076425,2.400989,3.611884,-3.644838,0.000149,0.002285,3.076297
54.6500,2.508041,3.649361,-3.801925,0.000213,0.002349,3.076225,2.384250,3.615761,-3.650588,0.000202,0.002390,3.076314
54.7000,2.492970,3.650351,-3.801955,0.000209,0.002355,3.076027,2.359343,3.621548,-3.607185,0.000328,0.002374,3.076065
54.7500,2.477901,3.651344,-3.801984,0.000205,0.002360,3.075831,2.342638,3.625430,-3.608322,0.000157,0.002348,3.075867
54.8000,2.462833,3.652341,-3.802014,0.000201,0.002365,3.075637,2.317913,3.631204,-3.542472,0.000509,0.002382,3.075528
54.8500,2.447765,3.653340,-3.802044,0.000197,0.002369,3.075444,2.301252,3.635093,-3.538092,0.000262,0.002510,3.075535
54.9000,2.432700,3.654342,-3.802074,0.000194,0.002373,3.075254,2.276703,3.640859,-3.454397,0.000252,0.002426,3.075154
54.9500,2.417635,3.655347,-3.802105,0.000191,0.002376,3.075066,2.260088,3.644752,-3.444271,0.000321,0.002311,3.075158
55.0000,2.402571,3.656355,-3.802135,0.000188,0.002379,3.074880,2.235659,3.650515,-3.352162,0.000422,0.002255,3.074882
55.0500,2.387509,3.657366,-3.802166,0.000185,0.002381,3.074695,2.219091,3.654414,-3.336782,0.000050,0.002241,3.074711
55.1000,2.372448,3.658379,-3.802196,0.000182,0.002384,3.074512,2.194700,3.660192,-3.246926,0.000189,0.002318,3.074568
55.1520,2.357388,3.659395,-3.802227,0.000179,0.002385,3.074332,2.178171,3.664093,-3.227329,0.000108,0.002457,3.074326
55.2000,2.342329,3.660414,-3.802258,0.000177,0.002387,3.074153,2.153742,3.669895,-3.148109,0.000160,0.002415,3.074292
55.2520,2.327271,3.661435,-3.802288,0.000174,0.002388,3.073975,2.137237,3.673802,-3.125575,0.000415,0.002439,3.073946
55.3020,2.312214,3.662459,-3.802319,0.000172,0.002389,3.073800,2.207491,3.669810,-3.061496,0.000284,0.002444,3.073731
55.3500,2.297159,3.663486,-3.802350,0.000170,0.002390,3.073626,2.196154,3.673188,-3.037278,0.000103,0.002312,3.073720
55.4000,2.282104,3.664515,-3.802381,0.000168,0.002391,3.073455,2.179205,3.678248,-2.989615,0.000154,0.002397,3.073462
55.4500,2.267051,3.665547,-3.802413,0.000166,0.002391,3.073285,2.360462,3.606298,-3.796243,0.000243,0.002413,3.073332
55.5000,2.251998,3.666582,-3.802444,0.000164,0.002391,3.073116,2.357797,3.605737,-3.795999,0.000340,0.002357,3.073337
55.5500,2.236947,3.667618,-3.802475,0.000163,0.002391,3.072950,2.356019,3.605364,-3.812268,0.000163,0.002379,3.073020
55.6000,2.221897,3.668658,-3.802506,0.000161,0.002391,3.072785,2.353451,3.604795,-3.793075,0.000153,0.002499,3.072776
55.6500,2.206847,3.669700,-3.802537,0.000160,0.002391,3.072621,2.351699,3.604423,-3.805330,0.000259,0.002551,3.072720
55.7000,2.191799,3.670744,-3.802569,0.000158,0.002390,3.072460,2.349320,3.603839,-3.759677,0.000216,0.002480,3.072205
55.7500,2.176752,3.671791,-3.802600,0.000157,0.002389,3.072300,2.347607,3.603466,-3.766247,0.000149,0.002473,3.072402
55.8000,2.161706,3.672840,-3.802632,0.000156,0.002389,3.072141,2.345457,3.602851,-3.691638,0.000177,0.002504,3.072029
55.8520,2.146660,3.673891,-3.802663,0.000155,0.002388,3.071985,2.343795,3.602477,-3.691305,0.000063,0.002549,3.072057
55.9000,2.131616,3.674945,-3.802695,0.000154,0.002387,3.071830,2.341879,3.601840,-3.592673,0.000135,0.002218,3.071735
55.9500,2.116573,3.676001,-3.802726,0.000153,0.002386,3.071676,2.340274,3.601462,-3.585021,0.000315,0.002429,3.071458
56.0000,2.101530,3.677059,-3.802758,0.000152,0.002384,3.071524,2.338520,3.600809,-3.473579,0.000150,0.002254,3.071533
56.0500,2.086489,3.678120,-3.802789,0.000151,0.002383,3.071374,2.336971,3.600427,-3.459093,0.000170,0.002393,3.071510
56.1000,2.071449,3.679182,-3.802821,0.000150,0.002382,3.071225,2.335278,3.599772,-3.348048,0.000064,0.002526,3.071157
56.1500,2.056409,3.680247,-3.802853,0.000150,0.002380,3.071078,2.333776,3.599387,-3.327913,-0.000081,0.002315,3.071140
56.2000,2.041370,3.681315,-3.802884,0.000149,0.002379,3.070932,2.332047,3.598742,-3.228035,0.000042,0.002495,3.070992
56.2500,2.026333,3.682384,-3.802916,0.000149,0.002377,3.070787,2.330582,3.598353,-3.203780,0.000171,0.002197,3.070667
56.3000,2.011296,3.683455,-3.802948,0.000148,0.002376,3.070644,2.744152,3.709118,-3.121047,0.000177,0.002348,3.070581
56.3500,1.996260,3.684529,-3.802979,0.000148,0.002374,3.070503,2.765305,3.714763,-3.094200,0.000290,0.002245,3.070703
56.4000,1.981225,3.685604,-3.803011,0.000147,0.002372,3.070363,2.797140,3.723218,-3.031135,0.000191,0.002375,3.070439
56.4520,1.966191,3.686682,-3.803043,0.000147,0.002370,3.070225,2.025264,3.731728,-3.772673,0.000254,0.002455,3.070271
56.5000,1.951158,3.687762,-3.803075,0.000146,0.002369,3.070087,1.997707,3.740486,-3.763822,-0.000106,0.002451,3.070300
56.5500,1.936126,3.688844,-3.803106,0.000146,0.002367,3.069952,1.979331,3.746327,-3.773716,0.000162,0.002344,3.069919
56.6000,1.921094,3.689927,-3.803138,0.000146,0.002365,3.069817,1.951872,3.755085,-3.747358,0.000142,0.002530,3.069934
56.6500,1.906063,3.691013,-3.803170,0.000146,0.002363,3.069684,1.933522,3.760931,-3.753461,0.000042,0.002325,3.069784
56.7000,1.891034,3.692101,-3.803202,0.000145,0.002361,3.069553,1.906232,3.769682,-3.703102,0.000103,0.002432,3.069560
56.7500,1.876005,3.693191,-3.803234,0.000145,0.002359,3.069423,1.887921,3.775532,-3.703925,0.000077,0.002274,3.069345
56.8000,1.860976,3.694282,-3.803265,0.000145,0.002357,3.069294,1.860842,3.784271,-3.628009,0.000029,0.002435,3.069158
56.8500,1.845949,3.695376,-3.803297,0.000145,0.002355,3.069166,1.842580,3.790124,-3.622527,0.000301,0.002396,3.069153
56.9000,1.830922,3.696471,-3.803329,0.000145,0.002353,3.069040,1.815702,3.798844,-3.526392,0.000211,0.002283,3.069056
56.9500,1.815897,3.697568,-3.803361,0.000145,0.002351,3.068915,1.797493,3.804700,-3.514354,0.000043,0.002391,3.068908
57.0000,1.800872,3.698667,-3.803393,0.000145,0.002349,3.068791,1.770747,3.813414,-3.408822,0.000140,0.002390,3.068865
57.0500,1.785848,3.699768,-3.803425,0.000145,0.002348,3.068669,1.752587,3.819269,-3.390808,0.000134,0.002278,3.068843
57.1000,1.770824,3.700871,-3.803456,0.000145,0.002346,3.068548,1.725877,3.827985,-3.288072,0.000272,0.002475,3.068579
57.1520,1.755801,3.701975,-3.803488,0.000144,0.002344,3.068428,1.707758,3.833846,-3.265275,0.000063,0.002327,3.068485
57.2000,1.740780,3.703081,-3.803520,0.000144,0.002342,3.068309,1.680999,3.842584,-3.174883,0.000224,0.002248,3.068546
57.2500,1.725758,3.704189,-3.803552,0.000145,0.002340,3.068191,1.662912,3.848448,-3.148765,0.000095,0.002297,3.068405
57.3000,1.710738,3.705299,-3.803584,0.000145,0.002338,3.068075,1.781107,3.597623,-3.075770,0.000105,0.002300,3.068014
57.3500,1.695718,3.706410,-3.803616,0.000145,0.002336,3.067960,1.770911,3.589368,-3.047770,0.000129,0.002389,3.067944
57.4000,1.680699,3.707523,-3.803648,0.000145,0.002334,3.067846,1.755665,3.576986,-2.993675,0.000251,0.002317,3.067862
57.4500,1.665681,3.708638,-3.803679,0.000145,0.002332,3.067733,1.638871,3.669656,-3.779052,0.000227,0.002249,3.067773
57.5000,1.650664,3.709754,-3.803711,0.000145,0.002330,3.067622,1.615552,3.664855,-3.772887,0.000110,0.002205,3.067580
57.5500,1.635647,3.710872,-3.803743,0.000145,0.002328,3.067511,1.600003,3.661659,-3.784610,-0.000001,0.002311,3.067545
57.6000,1.620631,3.711992,-3.803775,0.000145,0.002326,3.067402,1.576781,3.656853,-3.760720,0.000067,0.002352,3.067518
57.6520,1.605616,3.713113,-3.803807,0.000145,0.002324,3.067294,1.561255,3.653657,-3.768627,0.000101,0.002483,3.067329
57.7000,1.590601,3.714236,-3.803839,0.000145,0.002322,3.067187,1.538193,3.648836,-3.720164,0.000072,0.002661,3.067203
57.7520,1.575587,3.715360,-3.803871,0.000145,0.002320,3.067081,1.522701,3.645640,-3.722710,-0.000053,0.002296,3.067192
57.8000,1.560573,3.716486,-3.803903,0.000145,0.002318,3.066976,1.499848,3.640799,-3.647729,0.000216,0.002397,3.066881
57.8500,1.545561,3.717613,-3.803935,0.000146,0.002316,3.066872,1.484404,3.637603,-3.643822,0.000073,0.002087,3.066971
57.9000,1.530549,3.718742,-3.803966,0.000146,0.002314,3.066769,1.461749,3.632746,-3.547398,0.000102,0.002133,3.066762
57.9500,1.515537,3.719873,-3.803998,0.000146,0.002312,3.066668,1.446360,3.629548,-3.536726,0.000376,0.002363,3.066857
58.0000,1.500527,3.721004,-3.804030,0.000146,0.002310,3.066567,1.423845,3.624677,-3.429717,0.000019,0.002330,3.066566
58.0500,1.485517,3.722138,-3.804062,0.000146,0.002309,3.066468,1.408502,3.621480,-3.412815,-0.000034,0.002310,3.066361
58.1020,1.470507,3.723273,-3.804094,0.000146,0.002307,3.066369,1.386029,3.616613,-3.307701,0.000184,0.002226,3.066582
58.1500,1.455498,3.724409,-3.804126,0.000146,0.002305,3.066271,1.370727,3.613412,-3.285751,0.000249,0.002212,3.066322
58.2000,1.440490,3.725546,-3.804158,0.000147,0.002303,3.066175,1.348210,3.608562,-3.192489,0.000037,0.002313,3.066091
58.2500,1.425483,3.726685,-3.804190,0.000147,0.002301,3.066079,1.332942,3.605364,-3.166968,0.000300,0.002260,3.066173
58.3000,1.410476,3.727826,-3.804222,0.000147,0.002300,3.065985,1.795432,3.246994,-3.090786,0.000127,0.002387,3.066037
58.3500,1.395469,3.728968,-3.804253,0.000147,0.002298,3.065891,1.806588,3.224527,-3.063144,0.000097,0.002182,3.065967
58.4020,1.380464,3.730111,-3.804285,0.000147,0.002296,3.065798,1.823388,3.190815,-3.006259,0.000078,0.002281,3.065632
58.4500,1.365458,3.731255,-3.804317,0.000148,0.002294,3.065707,1.345341,3.789022,-3.694215,0.000159,0.002148,3.065717
58.5000,1.350454,3.732401,-3.804349,0.000148,0.002293,3.065616,1.325466,3.801801,-3.683360,0.000231,0.002440,3.065749
58.5500,1.335450,3.733548,-3.804381,0.000148,0.002291,3.065526,1.312214,3.810323,-3.690335,0.000384,0.002416,3.065587
58.6000,1.320447,3.734697,-3.804413,0.000148,0.002289,3.065437,1.292422,3.823101,-3.663980,0.000054,0.002245,3.065382
58.6520,1.305444,3.735847,-3.804445,0.000148,0.002287,3.065349,1.279192,3.831629,-3.667565,0.000215,0.002296,3.065333
58.7000,1.290441,3.736998,-3.804477,0.000148,0.002286,3.065262,1.259544,3.844392,-3.620110,0.000046,0.002148,3.065372
58.7500,1.275440,3.738150,-3.804508,0.000149,0.002284,3.065176,1.246346,3.852916,-3.619010,0.000152,0.002189,3.065236
58.8000,1.260439,3.739303,-3.804540,0.000149,0.002283,3.065090,1.226877,3.865660,-3.549339,0.000215,0.002388,3.065085
58.8500,1.245438,3.740458,-3.804572,0.000149,0.002281,3.065006,1.213722,3.874185,-3.542688,0.000174,0.002514,3.065179
58.9000,1.230438,3.741614,-3.804604,0.000149,0.002279,3.064922,1.194417,3.886912,-3.455792,0.000316,0.002190,3.064880
58.9500,1.215438,3.742771,-3.804636,0.000149,0.002278,3.064840,1.181307,3.895437,-3.443408,0.000119,0.002209,3.064893
59.0000,1.200439,3.743930,-3.804668,0.000149,0.002276,3.064758,1.162112,3.908157,-3.349034,0.000125,0.002322,3.064801
59.0500,1.185441,3.745089,-3.804700,0.000150,0.002275,3.064677,1.149044,3.916680,-3.331477,0.000086,0.002228,3.064630
59.1020,1.170443,3.746250,-3.804732,0.000150,0.002273,3.064597,1.129876,3.929401,-3.240423,0.000295,0.002398,3.064728
59.1500,1.155445,3.747412,-3.804763,0.000150,0.002271,3.064517,1.116841,3.937922,-3.218779,0.000114,0.002231,3.064586
59.2000,1.140448,3.748575,-3.804795,0.000150,0.002270,3.064439,1.097626,3.950657,-3.139358,0.000053,0.002146,3.064331
59.2500,1.125452,3.749739,-3.804827,0.000150,0.002268,3.064361,1.084620,3.959175,-3.114944,0.000132,0.002338,3.064491
59.3000,1.110456,3.750904,-3.804859,0.000151,0.002267,3.064284,0.999428,3.871631,-3.051567,0.000088,0.002261,3.064263
59.3500,1.095461,3.752071,-3.804891,0.000151,0.002265,3.064208,0.982845,3.874696,-3.025671,0.000199,0.002319,3.064214
59.4000,1.080466,3.753238,-3.804923,0.000151,0.002264,3.064132,0.958003,3.879289,-2.979181,0.000081,0.002130,3.064199
59.4500,1.065471,3.754407,-3.804955,0.000151,0.002263,3.064058,1.176987,3.748656,-3.732219,0.000214,0.002383,3.064193
59.5000,1.050477,3.755577,-3.804987,0.000151,0.002261,3.063984,1.169661,3.743263,-3.728029,0.000062,0.002381,3.064063
59.5500,1.035484,3.756747,-3.805018,0.000151,0.002260,3.063911,1.164769,3.739669,-3.740295,0.000213,0.002137,3.063817
59.6000,1.020491,3.757919,-3.805050,0.000152,0.002258,3.063838,1.157524,3.734268,-3.719067,-0.000071,0.002216,3.063812
59.6500,1.005498,3.759092,-3.805082,0.000152,0.002257,3.063767,1.152656,3.730672,-3.727687,0.000168,0.002197,3.063655
59.7000,0.990506,3.760266,-3.805114,0.000152,0.002256,3.063696,1.145567,3.725250,-3.682871,0.000224,0.002208,3.063696
59.7500,0.975514,3.761440,-3.805146,0.000152,0.002254,3.063626,1.140733,3.721650,-3.686367,0.000178,0.002186,3.063655
59.8000,0.960523,3.762616,-3.805178,0.000152,0.002253,3.063556,1.133838,3.716201,-3.616063,0.000153,0.002378,3.063690
59.8500,0.945533,3.763793,-3.805210,0.000152,0.002251,3.063488,1.129047,3.712599,-3.613387,0.000111,0.002282,3.063550
59.9000,0.930542,3.764971,-3.805242,0.000153,0.002250,3.063420,1.122340,3.707128,-3.522388,0.000176,0.002194,3.063464
59.9520,0.915552,3.766150,-3.805273,0.000153,0.002249,3.063352,1.117597,3.703521,-3.513227,0.000196,0.002321,3.063393
60.0000,0.900563,3.767330,-3.805305,0.000153,0.002248,3.063286,1.111016,3.698034,-3.411828,0.000060,0.002023,3.063181
60.0500,0.885574,3.768510,-3.805337,0.000153,0.002246,3.063220,1.106322,3.694424,-3.396677,0.000169,0.002313,3.063289
60.1000,0.870585,3.769692,-3.805369,0.000153,0.002245,3.063155,1.099784,3.688932,-3.296751,0.000018,0.002110,3.063088
60.1500,0.855597,3.770875,-3.805401,0.000153,0.002244,3.063090,1.095128,3.685316,-3.276722,0.000249,0.002114,3.063282
60.2000,0.840610,3.772058,-3.805433,0.000153,0.002242,3.063026,1.088552,3.679834,-3.187768,0.000201,0.002193,3.062983
60.2500,0.825622,3.773243,-3.805465,0.000154,0.002241,3.062963,1.083925,3.676217,-3.164259,0.000138,0.002316,3.062849
60.3000,0.810635,3.774428,-3.805496,0.000154,0.002240,3.062900,0.964611,3.591616,-3.091669,0.000157,0.002147,3.062973
60.3500,0.795649,3.775614,-3.805528,0.000154,0.002239,3.062838,0.953879,3.583698,-3.066080,0.000225,0.002186,3.062785
60.4000,0.780663,3.776801,-3.805560,0.000154,0.002238,3.062777,0.937842,3.571817,-3.011244,0.000171,0.002358,3.062763
60.4520,0.765677,3.777989,-3.805592,0.000154,0.002236,3.062716,0.721782,3.769128,-3.789597,0.000133,0.002209,3.062799
60.5000,0.750692,3.779178,-3.805624,0.000154,0.002235,3.062656,0.690298,3.772608,-3.785276,0.000008,0.002265,3.062950
60.5500,0.735707,3.780368,-3.805656,0.000155,0.002234,3.062597,0.669303,3.774929,-3.798552,0.000172,0.002271,3.062486
60.6000,0.720723,3.781558,-3.805688,0.000155,0.002233,3.062538,0.637910,3.778400,-3.775932,0.000113,0.002112,3.062489
60.6500,0.705738,3.782750,-3.805719,0.000155,0.002232,3.062480,0.616940,3.780725,-3.785291,0.000470,0.002241,3.062561
60.7000,0.690755,3.783942,-3.805751,0.000155,0.002231,3.062422,0.585712,3.784174,-3.737331,0.000142,0.002337,3.062429
60.7500,0.675771,3.785135,-3.805783,0.000155,0.002230,3.062365,0.564777,3.786499,-3.741189,-0.000008,0.002353,3.062442
60.8000,0.660788,3.786329,-3.805815,0.000155,0.002228,3.062309,0.533759,3.789929,-3.665836,0.000194,0.002258,3.062475
60.8500,0.645806,3.787524,-3.805847,0.000155,0.002227,3.062253,0.512869,3.792247,-3.663063,0.000041,0.002233,3.062353
60.9020,0.630823,3.788719,-3.805879,0.000156,0.002226,3.062197,0.482049,3.795653,-3.565441,0.000008,0.002202,3.062150
60.9500,0.615841,3.789915,-3.805911,0.000156,0.002225,3.062143,0.461212,3.797967,-3.555697,0.000094,0.002177,3.062087
61.0000,0.600860,3.791112,-3.805942,0.000156,0.002224,3.062088,0.430530,3.801359,-3.446862,0.000326,0.002180,3.062044
61.0500,0.585879,3.792310,-3.805974,0.000156,0.002223,3.062035,0.409744,3.803672,-3.430679,-0.000010,0.002174,3.062180
61.1000,0.570898,3.793509,-3.806006,0.000156,0.002222,3.061982,0.379108,3.807062,-3.323380,0.000259,0.002150,3.061952
61.1500,0.555917,3.794708,-3.806038,0.000156,0.002221,3.061929,0.358364,3.809370,-3.301947,0.000131,0.002254,3.061906
61.2000,0.540937,3.795908,-3.806070,0.000156,0.002220,3.061877,0.327687,3.812771,-3.206392,0.000177,0.002250,3.061789
61.2500,0.525957,3.797109,-3.806102,0.000156,0.002219,3.061826,0.306972,3.815076,-3.181213,0.000235,0.002154,3.062013
61.3000,0.510978,3.798310,-3.806133,0.000157,0.002218,3.061775,0.210887,3.748531,-3.103168,0.000063,0.002200,3.061807
61.3500,0.495999,3.799513,-3.806165,0.000157,0.002217,3.061724,0.186641,3.747031,-3.075743,0.000465,0.002213,3.061812
61.4000,0.481020,3.800716,-3.806197,0.000157,0.002216,3.061675,0.150345,3.744783,-3.016784,0.000318,0.002331,3.061601
61.4500,0.466041,3.801919,-3.806229,0.000157,0.002215,3.061625,0.382192,3.835994,-3.662031,0.000082,0.002287,3.061710
61.5000,0.451063,3.803124,-3.806261,0.000157,0.002214,3.061576,0.364951,3.840691,-3.649406,0.000268,0.002086,3.061754
61.5500,0.436085,3.804329,-3.806293,0.000157,0.002213,3.061528,0.353455,3.843823,-3.654395,0.000150,0.002261,3.061656
61.6000,0.421108,3.805534,-3.806325,0.000157,0.002212,3.061480,0.336289,3.848515,-3.627372,0.000201,0.002219,3.061529
61.6500,0.406131,3.806741,-3.806356,0.000157,0.002211,3.061433,0.324810,3.851649,-3.629190,0.000001,0.002178,3.061361
61.7000,0.391154,3.807948,-3.806388,0.000158,0.002210,3.061386,0.307768,3.856326,-3.582591,0.000137,0.002059,3.061377
61.7500,0.376177,3.809156,-3.806420,0.000158,0.002210,3.061339,0.296319,3.859458,-3.580027,0.000266,0.002153,3.061351
61.8000,0.361201,3.810364,-3.806452,0.000158,0.002209,3.061293,0.279436,3.864112,-3.512932,0.000358,0.002302,3.061222
61.8500,0.346225,3.811573,-3.806484,0.000158,0.002208,3.061248,0.268025,3.867244,-3.505196,0.000289,0.002201,3.061140
61.9000,0.331249,3.812783,-3.806516,0.000158,0.002207,3.061203,0.251290,3.871882,-3.422417,0.000104,0.002376,3.061225
61.9500,0.316274,3.813993,-3.806547,0.000158,0.002206,3.061158,0.239915,3.875009,-3.409369,0.000146,0.002145,3.061202
62.0020,0.301299,3.815204,-3.806579,0.000158,0.002205,3.061114,0.223271,3.879635,-3.320137,0.000311,0.002303,3.061149
62.0500,0.286324,3.816416,-3.806611,0.000158,0.002204,3.061071,0.211933,3.882759,-3.302326,0.000233,0.002277,3.061106
62.1000,0.271349,3.817628,-3.806643,0.000158,0.002203,3.061028,0.195306,3.887386,-3.216783,-0.000064,0.002226,3.061123
62.1500,0.256375,3.818841,-3.806675,0.000159,0.002203,3.060985,0.183994,3.890502,-3.195255,0.000166,0.002160,3.060972
62.2000,0.241401,3.820054,-3.806707,0.000159,0.002202,3.060943,0.167320,3.895140,-3.121133,-0.000008,0.002095,3.060998
62.2500,0.226427,3.821268,-3.806738,0.000159,0.002201,3.060901,0.156033,3.898254,-3.097137,0.000209,0.002215,3.061042
62.3000,0.211454,3.822483,-3.806770,0.000159,0.002200,3.060859,0.029161,3.942337,-3.038501,0.000228,0.002333,3.060724
62.3500,0.196481,3.823698,-3.806802,0.000159,0.002199,3.060818,0.011883,3.947605,-3.013256,0.000148,0.002284,3.060822
62.4000,0.181508,3.824914,-3.806834,0.000159,0.002199,3.060778,-0.014015,3.955504,-2.970687,0.000040,0.002196,3.060908
62.4500,0.166535,3.826130,-3.806866,0.000159,0.002198,3.060737,0.216845,3.893642,-3.715921,0.000227,0.002251,3.060799
62.5000,0.151563,3.827347,-3.806898,0.000159,0.002197,3.060698,0.209447,3.896528,-3.712876,0.000383,0.002185,3.060675
62.5500,0.136779,3.828549,-3.806915,0.000160,0.002307,3.060658,0.204536,3.898448,-3.725572,0.000164,0.002249,3.060649
62.6000,0.123806,3.829599,-3.806888,0.000177,0.002727,3.060615,0.198646,3.901201,-3.705701,0.000461,0.002581,3.060612
62.6500,0.114351,3.830348,-3.806788,0.000227,0.003426,3.060526,0.197110,3.902838,-3.714743,0.000305,0.003082,3.060475
62.7000,0.108666,3.830778,-3.806616,0.000310,0.004269,3.060362,0.199639,3.904866,-3.671292,0.000403,0.004325,3.060309
62.7500,0.106015,3.830957,-3.806390,0.000422,0.005147,3.060162,0.203899,3.906013,-3.675174,0.000319,0.004956,3.060147
62.8000,0.105329,3.830982,-3.806141,0.000547,0.005977,3.059964,0.213583,3.907418,-3.606075,0.000617,0.006022,3.059753
62.8500,0.105641,3.830939,-3.805906,0.000670,0.006676,3.059794,0.220798,3.908329,-3.603804,0.000536,0.006543,3.059802
62.9020,0.106265,3.830882,-3.805712,0.000780,0.007211,3.059654,0.233148,3.909497,-3.513794,0.000726,0.007277,3.059597
62.9500,0.106900,3.830825,-3.805567,0.000872,0.007583,3.059522,0.240886,3.910369,-3.505122,0.000799,0.007725,3.059561
63.0020,0.107480,3.830776,-3.805465,0.000945,0.007812,3.059416,0.253751,3.911445,-3.404475,0.001212,0.007715,3.059392
63.0500,0.107966,3.830741,-3.805399,0.000997,0.007929,3.059336,0.261488,3.912319,-3.389876,0.000925,0.007911,3.059289
63.1000,0.108354,3.830717,-3.805361,0.001029,0.007960,3.059272,0.274424,3.913354,-3.290444,0.001081,0.008011,3.059249
63.1500,0.108665,3.830703,-3.805343,0.001044,0.007923,3.059216,0.282108,3.914229,-3.270983,0.001110,0.008025,3.059018
63.2000,0.108928,3.830694,-3.805339,0.001043,0.007834,3.059166,0.294896,3.915271,-3.182296,0.000958,0.007968,3.059157
63.2500,0.109167,3.830686,-3.805344,0.001029,0.007706,3.059123,0.302596,3.916130,-3.159341,0.001050,0.007770,3.059177
63.3000,0.109399,3.830678,-3.805355,0.001004,0.007547,3.059085,0.193815,3.709954,-3.086956,0.001034,0.007450,3.058944
63.3500,0.109628,3.830671,-3.805370,0.000969,0.007365,3.059049,0.194966,3.699537,-3.061902,0.001048,0.007532,3.058958
63.4000,0.109858,3.830664,-3.805386,0.000926,0.007167,3.059018,0.196949,3.683857,-3.007066,0.000965,0.007204,3.059056
63.4500,0.110090,3.830657,-3.805402,0.000877,0.006957,3.058991,0.072428,3.831279,-3.746043,0.000784,0.006967,3.058768
63.5020,0.110323,3.830647,-3.805419,0.000823,0.006739,3.058967,0.064674,3.827472,-3.740621,0.000862,0.006672,3.058910
63.5500,0.110571,3.830634,-3.805438,0.000750,0.006503,3.059356,0.059492,3.824937,-3.752422,0.000652,0.006680,3.059249
63.6000,0.110865,3.830651,-3.805488,0.000632,0.006241,3.062592,0.052029,3.821091,-3.729710,0.000706,0.006265,3.062562
63.6520,0.111174,3.830711,-3.805553,0.000495,0.005971,3.068693,0.046970,3.818572,-3.737825,0.000555,0.006024,3.067267
63.7000,0.111462,3.830768,-3.805611,0.000369,0.005679,3.076078,0.039961,3.814655,-3.691255,0.000421,0.005754,3.076073
63.7500,0.111727,3.830815,-3.805657,0.000274,0.005399,3.084301,0.034998,3.812048,-3.694146,0.000400,0.005419,3.082762
63.8000,0.111973,3.830858,-3.805694,0.000200,0.005139,3.093435,0.028470,3.807925,-3.621875,0.000086,0.005263,3.093369
63.8500,0.112204,3.830898,-3.805725,0.000144,0.004900,3.103395,0.023639,3.805208,-3.618492,0.000259,0.004943,3.101417
63.9000,0.112425,3.830932,-3.805749,0.000108,0.004679,3.113953,0.017568,3.800903,-3.525527,0.000152,0.004709,3.113903
63.9500,0.112639,3.830958,-3.805770,0.000094,0.004474,3.124936,0.012900,3.798064,-3.515581,0.000084,0.004623,3.122752
64.0000,0.112848,3.830979,-3.805787,0.000094,0.004286,3.136261,0.007135,3.793598,-3.412457,-0.000116,0.004274,3.136271
64.0500,0.113053,3.830995,-3.805801,0.000104,0.004112,-3.135318,0.002634,3.790635,-3.396478,0.000003,0.004022,-3.137588
64.1000,0.113254,3.831008,-3.805814,0.000120,0.003952,-3.123493,-0.003020,3.786035,-3.295238,0.000159,0.003968,-3.123618
64.1500,0.113454,3.831020,-3.805825,0.000141,0.003804,-3.111500,-0.007365,3.782964,-3.274371,0.000263,0.003921,-3.113839
64.2000,0.113650,3.831032,-3.805835,0.000164,0.003668,-3.099377,-0.013066,3.778241,-3.184582,0.000137,0.003710,-3.099469
64.2520,0.113844,3.831043,-3.805844,0.000188,0.003542,-3.087151,-0.017278,3.775067,-3.160257,0.000211,0.003468,-3.089821
64.3000,0.114035,3.831055,-3.805852,0.000212,0.003425,-3.074846,0.402046,3.789483,-3.086813,0.000244,0.003435,-3.074896
64.3500,0.114223,3.831069,-3.805860,0.000235,0.003318,-3.062478,0.420906,3.789198,-3.060449,0.000192,0.003401,-3.064822
64.4000,0.114409,3.831083,-3.805867,0.000257,0.003219,-3.050061,0.449286,3.789123,-3.005711,0.000317,0.003238,-3.049969
64.4500,0.114592,3.831099,-3.805875,0.000277,0.003128,-3.037608,0.063761,3.744821,-3.796868,0.000302,0.003203,-3.040145
64.5000,0.114773,3.831116,-3.805882,0.000296,0.003044,-3.025125,0.062096,3.739184,-3.792258,0.000352,0.003092,-3.025125
64.5500,0.114952,3.831135,-3.805888,0.000314,0.002967,-3.012619,0.061023,3.735411,-3.805494,0.000286,0.002982,-3.015091
64.6000,0.115128,3.831156,-3.805895,0.000331,0.002895,-3.000096,0.059630,3.729734,-3.782439,0.000453,0.002911,-3.000053
64.6500,0.115302,3.831178,-3.805902,0.000347,0.002830,-2.987560,0.058685,3.725937,-3.791724,0.000368,0.002737,-2.990180
64.7000,0.115474,3.831202,-3.805909,0.000361,0.002769,-2.975014,0.057668,3.720226,-3.743138,0.000323,0.002823,-2.974961
64.7500,0.115643,3.831228,-3.805915,0.000374,0.002713,-2.962460,0.056868,3.716414,-3.746875,0.000423,0.002671,-2.964896
64.8000,0.115811,3.831255,-3.805922,0.000387,0.002662,-2.949899,0.056277,3.710682,-3.670716,0.000373,0.002782,-2.949870
64.8500,0.115976,3.831284,-3.805929,0.000399,0.002615,-2.937335,0.055634,3.706858,-3.667770,0.000270,0.002700,-2.939921
64.9000,0.116139,3.831314,-3.805936,0.000410,0.002571,-2.924767,0.055445,3.701116,-3.569233,0.000430,0.002617,-2.924701
64.9500,0.116300,3.831347,-3.805943,0.000420,0.002530,-2.912196,0.054965,3.697284,-3.559268,0.000530,0.002621,-2.914681
65.0000,0.116459,3.831381,-3.805950,0.000430,0.002493,-2.899624,0.055078,3.691539,-3.449505,0.000517,0.002452,-2.899881
65.0520,0.116615,3.831416,-3.805957,0.000440,0.002458,-2.887051,0.054758,3.687708,-3.433059,0.000493,0.002286,-2.889640
65.1000,0.116770,3.831453,-3.805964,0.000449,0.002426,-2.874477,0.055044,3.681966,-3.324918,0.000538,0.002302,-2.874700
65.1500,0.116922,3.831492,-3.805971,0.000458,0.002396,-2.861903,0.054875,3.678140,-3.303195,0.000484,0.002454,-2.864197
65.2000,0.117072,3.831532,-3.805978,0.000467,0.002369,-2.849329,0.055227,3.672403,-3.206951,0.000457,0.002284,-2.849442
65.2500,0.117221,3.831574,-3.805985,0.000476,0.002343,-2.836754,0.055187,3.668581,-3.181466,0.000291,0.002214,-2.839283
65.3000,0.117367,3.831617,-3.805992,0.000484,0.002319,-2.824180,-0.038895,3.731500,-3.102945,0.000422,0.002310,-2.824125
65.3500,0.117511,3.831661,-3.805999,0.000493,0.002297,-2.811606,-0.044299,3.730903,-3.075213,0.000567,0.002126,-2.814127
65.4000,0.117652,3.831707,-3.806006,0.000501,0.002276,-2.799033,-0.052309,3.729914,-3.015912,0.000430,0.002356,-2.798904
65.4520,0.117792,3.831754,-3.806014,0.000509,0.002257,-2.786460,0.116347,3.840784,-3.749937,0.000343,0.002375,-2.789123
65.5000,0.117930,3.831802,-3.806021,0.000518,0.002238,-2.773887,0.120290,3.849295,-3.740824,0.000505,0.002305,-2.773911
65.5500,0.118066,3.831852,-3.806028,0.000526,0.002221,-2.761315,0.122842,3.854998,-3.749923,0.000559,0.002238,-2.763773
65.6000,0.118199,3.831903,-3.806035,0.000534,0.002205,-2.748744,0.126655,3.863616,-3.724085,0.000662,0.002298,-2.748753
65.6500,0.118331,3.831955,-3.806042,0.000542,0.002190,-2.736173,0.129080,3.869389,-3.729550,0.000616,0.002191,-2.738681
65.7000,0.118460,3.832008,-3.806049,0.000550,0.002176,-2.723603,0.132825,3.878128,-3.680694,0.000454,0.002339,-2.723674
65.7500,0.118588,3.832063,-3.806057,0.000558,0.002163,-2.711034,0.135133,3.883968,-3.681089,0.000564,0.002113,-2.713507
65.8000,0.118713,3.832118,-3.806064,0.000567,0.002150,-2.698465,0.138846,3.892825,-3.607664,0.000645,0.002052,-2.698287
65.8500,0.118837,3.832174,-3.806071,0.000575,0.002138,-2.685897,0.141048,3.898733,-3.602001,0.000631,0.002108,-2.688405
65.9000,0.118958,3.832232,-3.806078,0.000583,0.002127,-2.673330,0.144709,3.907712,-3.509089,0.000513,0.002006,-2.673295
65.9500,0.119078,3.832290,-3.806085,0.000591,0.002116,-2.660763,0.146809,3.913687,-3.497122,0.000505,0.002136,-2.663373
66.0000,0.119195,3.832349,-3.806092,0.000599,0.002106,-2.648197,0.150358,3.922772,-3.395143,0.000495,0.001967,-2.648177
66.0500,0.119311,3.832410,-3.806098,0.000607,0.002097,-2.635631,0.152348,3.928808,-3.377425,0.000595,0.002013,-2.638052
66.1000,0.119424,3.832471,-3.806105,0.000615,0.002087,-2.623066,0.155691,3.937983,-3.278158,0.000447,0.002134,-2.623082
66.1500,0.119536,3.832533,-3.806112,0.000623,0.002079,-2.610502,0.157559,3.944074,-3.255840,0.000631,0.002031,-2.612880
66.2000,0.119645,3.832595,-3.806119,0.000631,0.002070,-2.597938,0.160616,3.953319,-3.168527,0.000746,0.002145,-2.598027
66.2500,0.119753,3.832659,-3.806126,0.000639,0.002062,-2.585375,0.162350,3.959468,-3.143029,0.000540,0.002189,-2.588014
66.3000,0.119859,3.832723,-3.806132,0.000647,0.002054,-2.572813,-0.030127,4.182007,-3.072773,0.000606,0.002185,-2.572920
66.3500,0.119963,3.832788,-3.806139,0.000654,0.002047,-2.560251,-0.040259,4.198747,-3.045495,0.000736,0.002123,-2.562610
66.4000,0.120064,3.832853,-3.806145,0.000662,0.002040,-2.547690,-0.055730,4.223670,-2.993323,0.000593,0.001967,-2.547605
66.4500,0.120164,3.832919,-3.806152,0.000670,0.002033,-2.535129,0.190297,3.846225,-3.700221,0.000531,0.002028,-2.537646
66.5020,0.120263,3.832986,-3.806158,0.000678,0.002027,-2.522569,0.196419,3.843436,-3.691468,0.000675,0.002053,-2.522644
66.5500,0.120359,3.833053,-3.806165,0.000685,0.002020,-2.510010,0.200522,3.841626,-3.699959,0.000814,0.002112,-2.512327
66.6000,0.120453,3.833121,-3.806171,0.000693,0.002014,-2.497451,0.206782,3.839013,-3.675388,0.000759,0.001903,-2.497639
66.6520,0.120546,3.833190,-3.806177,0.000700,0.002008,-2.484893,0.210940,3.837315,-3.680448,0.000650,0.001928,-2.487185
66.7000,0.120637,3.833258,-3.806183,0.000708,0.002002,-2.472336,0.217388,3.834903,-3.634231,0.000690,0.001825,-2.472330
66.7500,0.120726,3.833328,-3.806190,0.000715,0.001997,-2.459779,0.221614,3.833322,-3.634520,0.000813,0.002051,-2.462169
66.8000,0.120813,3.833397,-3.806196,0.000723,0.001992,-2.447222,0.228280,3.831119,-3.565311,0.000761,0.002069,-2.447355
66.8500,0.120898,3.833467,-3.806202,0.000730,0.001986,-2.434666,0.232575,3.829658,-3.559913,0.000802,0.001817,-2.437339
66.9000,0.120982,3.833538,-3.806208,0.000737,0.001981,-2.422111,0.239439,3.827670,-3.472595,0.000807,0.001820,-2.422021
66.9500,0.121064,3.833609,-3.806214,0.000744,0.001976,-2.409556,0.243808,3.826338,-3.461294,0.000739,0.001983,-2.412047
67.0000,0.121144,3.833680,-3.806220,0.000752,0.001971,-2.397002,0.250814,3.824555,-3.365685,0.000643,0.002041,-2.396983
67.0500,0.121222,3.833751,-3.806225,0.000759,0.001967,-2.384448,0.255249,3.823345,-3.349012,0.000609,0.002041,-2.386967
67.1000,0.121299,3.833823,-3.806231,0.000766,0.001962,-2.371895,0.262320,3.821747,-3.256127,0.000941,0.001952,-2.371854
67.1500,0.121373,3.833895,-3.806237,0.000773,0.001957,-2.359342,0.266808,3.820663,-3.235166,0.000792,0.001981,-2.361829
67.2000,0.121447,3.833967,-3.806243,0.000779,0.001953,-2.346790,0.273873,3.819228,-3.153598,0.000829,0.001919,-2.346802
67.2500,0.121518,3.834039,-3.806248,0.000786,0.001949,-2.334239,0.278405,3.818267,-3.129680,0.000730,0.001919,-2.336754
67.3000,0.121588,3.834112,-3.806254,0.000793,0.001944,-2.321687,0.222737,3.918320,-3.064066,0.000693,0.002036,-2.321536
67.3500,0.121656,3.834184,-3.806259,0.000800,0.001940,-2.309137,0.223372,3.922638,-3.038498,0.000646,0.001906,-2.311735
67.4000,0.121723,3.834257,-3.806265,0.000806,0.001936,-2.296587,0.224281,3.929139,-2.989898,0.000863,0.001991,-2.296404
67.4500,0.121788,3.834330,-3.806270,0.000813,0.001932,-2.284037,0.182646,3.793496,-3.819198,0.000720,0.001924,-2.286616
67.5020,0.121851,3.834403,-3.806275,0.000819,0.001928,-2.271488,0.181299,3.789220,-3.818294,0.000850,0.002030,-2.271475
67.5500,0.121913,3.834476,-3.806281,0.000826,0.001924,-2.258940,0.180433,3.786353,-3.834474,0.000762,0.001957,-2.261454
67.6000,0.121973,3.834549,-3.806286,0.000832,0.001920,-2.246391,0.179271,3.782080,-3.814264,0.000828,0.001950,-2.246477
67.6500,0.122032,3.834622,-3.806291,0.000839,0.001916,-2.233844,0.178494,3.779203,-3.826348,0.000752,0.001893,-2.236322
67.7000,0.122089,3.834695,-3.806296,0.000845,0.001912,-2.221297,0.177579,3.774971,-3.779212,0.000721,0.002010,-2.221304
67.7500,0.122145,3.834768,-3.806301,0.000851,0.001908,-2.208750,0.176903,3.772093,-3.785502,0.000849,0.001808,-2.211363
67.8000,0.122199,3.834841,-3.806306,0.000858,0.001905,-2.196204,0.176274,3.767935,-3.708953,0.000924,0.001868,-2.196281
67.8500,0.122252,3.834914,-3.806311,0.000864,0.001901,-2.183658,0.175709,3.765064,-3.708215,0.000923,0.001964,-2.186206
67.9000,0.122303,3.834987,-3.806316,0.000870,0.001897,-2.171113,0.175364,3.760988,-3.607336,0.000911,0.001859,-2.171192
67.9500,0.122353,3.835059,-3.806321,0.000876,0.001894,-2.158568,0.174911,3.758130,-3.599155,0.000776,0.001843,-2.161223
68.0000,0.122401,3.835132,-3.806326,0.000882,0.001890,-2.146023,0.174791,3.754108,-3.485402,0.000951,0.001872,-2.146181
68.0500,0.122448,3.835205,-3.806331,0.000888,0.001886,-2.133479,0.174448,3.751266,-3.470284,0.000891,0.001916,-2.135844
68.1000,0.122493,3.835277,-3.806336,0.000894,0.001883,-2.120936,0.174474,3.747265,-3.357110,0.000904,0.001896,-2.121068
68.1500,0.122537,3.835349,-3.806340,0.000900,0.001879,-2.108393,0.174234,3.744438,-3.336268,0.001069,0.002030,-2.111020
68.2000,0.122580,3.835421,-3.806345,0.000906,0.001876,-2.095850,0.174327,3.740419,-3.234619,0.001027,0.001885,-2.095898
68.2500,0.122621,3.835493,-3.806350,0.000911,0.001872,-2.083308,0.174179,3.737606,-3.209614,0.000771,0.001760,-2.085691
68.3000,0.122661,3.835564,-3.806354,0.000917,0.001869,-2.070766,0.218398,4.315818,-3.125610,0.000799,0.001890,-2.070688
68.3520,0.122700,3.835636,-3.806359,0.000923,0.001865,-2.058224,0.217661,4.344798,-3.098004,0.000792,0.001922,-2.060867
68.4000,0.122737,3.835707,-3.806363,0.000929,0.001862,-2.045683,0.216082,4.388294,-3.034011,0.000866,0.001877,-2.045696
68.4500,0.122773,3.835778,-3.806368,0.000934,0.001858,-2.033143,0.160338,3.808906,-3.669292,0.000965,0.001752,-2.035664
68.5000,0.122808,3.835848,-3.806372,0.000940,0.001855,-2.020602,0.158434,3.806570,-3.654796,0.000946,0.001650,-2.020644
68.5500,0.122842,3.835919,-3.806376,0.000945,0.001851,-2.008063,0.157180,3.804996,-3.658743,0.000909,0.001915,-2.010605
68.6000,0.122874,3.835989,-3.806381,0.000951,0.001848,-1.995523,0.155389,3.802657,-3.629730,0.001082,0.001792,-1.995537
68.6500,0.122905,3.836058,-3.806385,0.000956,0.001844,-1.982984,0.154186,3.801064,-3.630465,0.000895,0.001746,-1.985272
68.7000,0.122935,3.836128,-3.806389,0.000962,0.001841,-1.970446,0.152547,3.798750,-3.581912,0.000795,0.001830,-1.970368
68.7500,0.122964,3.836197,-3.806393,0.000967,0.001837,-1.957907,0.151407,3.797143,-3.578246,0.000951,0.001867,-1.960542
68.8000,0.122991,3.836266,-3.806397,0.000973,0.001834,-1.945369,0.149941,3.794877,-3.509481,0.001007,0.001848,-1.945443
68.8500,0.123017,3.836334,-3.806401,0.000978,0.001830,-1.932832,0.148864,3.793264,-3.500649,0.001047,0.001698,-1.935288
68.9020,0.123043,3.836402,-3.806405,0.000983,0.001827,-1.920295,0.147557,3.791042,-3.416734,0.000898,0.001836,-1.920210
68.9500,0.123067,3.836469,-3.806409,0.000989,0.001823,-1.907758,0.146546,3.789426,-3.402638,0.001064,0.001817,-1.910258
69.0000,0.123090,3.836537,-3.806413,0.000994,0.001820,-1.895222,0.145357,3.787222,-3.312940,0.001059,0.001818,-1.895184
69.0500,0.123111,3.836603,-3.806417,0.000999,0.001816,-1.882686,0.144408,3.785604,-3.294166,0.001089,0.001804,-1.885231
69.1000,0.123132,3.836670,-3.806421,0.001004,0.001813,-1.870150,0.143281,3.783378,-3.208791,0.000939,0.001830,-1.869995
69.1520,0.123152,3.836736,-3.806425,0.001009,0.001809,-1.857615,0.142392,3.781753,-3.186408,0.001139,0.001695,-1.860105
69.2000,0.123171,3.836801,-3.806429,0.001015,0.001806,-1.845080,0.141281,3.779467,-3.112942,0.000844,0.001798,-1.845175
69.2500,0.123188,3.836866,-3.806433,0.001020,0.001803,-1.832545,0.140447,3.777833,-3.088210,0.001034,0.001727,-1.834959
69.3000,0.123205,3.836931,-3.806436,0.001025,0.001799,-1.820011,0.295516,3.884331,-3.030355,0.001077,0.001791,-1.819983
69.3500,0.123221,3.836995,-3.806440,0.001030,0.001796,-1.807477,0.302613,3.889407,-3.004476,0.000822,0.001824,-1.809695
69.4000,0.123235,3.837059,-3.806444,0.001035,0.001792,-1.794943,0.313173,3.897160,-2.963023,0.001056,0.001809,-1.794887
69.4500,0.123249,3.837122,-3.806447,0.001040,0.001788,-1.782410,0.141473,3.889780,-3.691056,0.000953,0.001938,-1.784838
69.5000,0.123262,3.837185,-3.806451,0.001045,0.001785,-1.769877,0.138604,3.895373,-3.686749,0.000994,0.001751,-1.769837
69.5500,0.123274,3.837248,-3.806454,0.001049,0.001781,-1.757344,0.136640,3.899073,-3.698105,0.001058,0.001789,-1.759729
69.6000,0.123285,3.837309,-3.806458,0.001054,0.001778,-1.744812,0.133678,3.904645,-3.677729,0.000962,0.001796,-1.744912
69.6500,0.123295,3.837371,-3.806461,0.001059,0.001774,-1.732280,0.131633,3.908306,-3.685644,0.000995,0.001838,-1.734795
69.7000,0.123304,3.837432,-3.806465,0.001064,0.001771,-1.719749,0.128623,3.913900,-3.643038,0.000946,0.001747,-1.719672
69.7500,0.123312,3.837492,-3.806468,0.001069,0.001767,-1.707217,0.126505,3.917529,-3.646121,0.001186,0.001884,-1.709867
69.8000,0.123319,3.837552,-3.806471,0.001074,0.001764,-1.694686,0.123462,3.923168,-3.579521,0.001141,0.001815,-1.694787
69.8520,0.123337,3.837604,-3.806473,0.001092,0.001760,-1.682541,0.121278,3.926771,-3.576786,0.001037,0.001831,-1.684857
69.9000,0.123423,3.837630,-3.806494,0.001164,0.001753,-1.673171,0.118271,3.932431,-3.490750,0.001200,0.001969,-1.673280
69.9500,0.123557,3.837649,-3.806519,0.001252,0.001732,-1.666581,0.116135,3.935987,-3.481927,0.001216,0.001807,-1.667753
70.0000,0.123670,3.837684,-3.806530,0.001303,0.001691,-1.661324,0.113199,3.941673,-3.386178,0.001414,0.001674,-1.661490
70.0500,0.123759,3.837732,-3.806529,0.001313,0.001652,-1.657079,0.111019,3.945259,-3.371701,0.001241,0.001687,-1.657984
70.1000,0.123831,3.837787,-3.806520,0.001303,0.001620,-1.653855,0.108009,3.950970,-3.277419,0.001259,0.001716,-1.653767
70.1500,0.123890,3.837845,-3.806509,0.001283,0.001591,-1.651485,0.105802,3.954580,-3.258348,0.001234,0.001481,-1.651915
70.2000,0.123937,3.837905,-3.806497,0.001252,0.001563,-1.649732,0.102711,3.960253,-3.174503,0.001198,0.001808,-1.649884
70.2500,0.123974,3.837965,-3.806486,0.001213,0.001535,-1.648446,0.100490,3.963875,-3.152169,0.001199,0.001641,-1.648703
70.3000,0.124002,3.838026,-3.806476,0.001168,0.001507,-1.647541,0.139392,4.033677,-3.083736,0.001105,0.001580,-1.647604
70.3500,0.124025,3.838086,-3.806468,0.001120,0.001480,-1.646942,0.139319,4.040883,-3.059460,0.001004,0.001531,-1.646887
70.4000,0.124042,3.838147,-3.806461,0.001069,0.001454,-1.646580,0.139236,4.051733,-3.007937,0.001399,0.001483,-1.646611
70.4500,0.124055,3.838207,-3.806456,0.001018,0.001429,-1.646401,0.018163,3.875369,-3.761467,0.000892,0.001441,-1.646328
70.5000,0.124065,3.838268,-3.806453,0.000966,0.001405,-1.646368,0.009353,3.872150,-3.758124,0.000970,0.001363,-1.646284
70.5500,0.124072,3.838329,-3.806450,0.000914,0.001381,-1.646448,0.003477,3.870001,-3.771497,0.000820,0.001308,-1.646401
70.6000,0.124077,3.838389,-3.806449,0.000863,0.001358,-1.646615,-0.005295,3.866837,-3.750424,0.000954,0.001246,-1.646586
70.6500,0.124080,3.838450,-3.806448,0.000814,0.001337,-1.646851,-0.011166,3.864705,-3.760011,0.000864,0.001398,-1.646954
70.7000,0.124082,3.838510,-3.806448,0.000766,0.001316,-1.647140,-0.019875,3.861637,-3.714338,0.000764,0.001217,-1.647157
70.7500,0.124083,3.838570,-3.806449,0.000720,0.001295,-1.647469,-0.025735,3.859528,-3.718597,0.000630,0.001196,-1.647462
70.8000,0.124083,3.838629,-3.806450,0.000676,0.001276,-1.647829,-0.034371,3.856577,-3.646259,0.000670,0.001446,-1.647773
70.8520,0.124082,3.838687,-3.806451,0.000634,0.001257,-1.648213,-0.040213,3.854498,-3.644086,0.000621,0.001300,-1.648165
70.9000,0.124058,3.838511,-3.806459,0.000594,0.001142,-1.648709,-0.048793,3.851568,-3.549997,0.000589,0.001083,-1.648630
70.9500,0.123862,3.836344,-3.806536,0.000541,0.000760,-1.649464,-0.054708,3.848504,-3.541084,0.000487,0.000803,-1.649188
71.0000,0.123365,3.830572,-3.806705,0.000462,0.000144,-1.650302,-0.063717,3.840295,-3.436266,0.000502,0.000038,-1.650259
71.0500,0.122562,3.821048,-3.806941,0.000365,-0.000582,-1.651120,-0.070093,3.831612,-3.421227,0.000319,-0.000530,-1.651021
71.1000,0.121525,3.808568,-3.807203,0.000262,-0.001297,-1.651919,-0.079826,3.814860,-3.318147,0.000227,-0.001169,-1.651962
71.1500,0.120339,3.794205,-3.807444,0.000154,-0.001939,-1.652673,-0.086553,3.801808,-3.298025,0.000167,-0.001816,-1.652737
71.2000,0.119083,3.778900,-3.807636,0.000052,-0.002470,-1.653355,-0.096691,3.780764,-3.206338,0.000082,-0.002604,-1.653241
71.2500,0.117806,3.763316,-3.807772,-0.000037,-0.002875,-1.653985,-0.103527,3.766394,-3.182490,-0.000061,-0.002939,-1.653906
71.3000,0.116531,3.747790,-3.807855,-0.000112,-0.003160,-1.654601,-0.252844,3.630819,-3.107514,-0.000152,-0.003313,-1.654555
71.3500,0.115259,3.732369,-3.807895,-0.000173,-0.003336,-1.655189,-0.267288,3.610380,-3.081366,-0.000163,-0.003447,-1.655270
71.4000,0.113987,3.717057,-3.807900,-0.000221,-0.003425,-1.655735,-0.288985,3.579800,-3.024679,-0.000108,-0.003307,-1.655673
71.4500,0.112714,3.701835,-3.807880,-0.000256,-0.003444,-1.656252,0.073437,3.685112,-3.696166,-0.000311,-0.003454,-1.656206
71.5000,0.111437,3.686680,-3.807843,-0.000279,-0.003408,-1.656737,0.079867,3.664002,-3.686170,-0.000378,-0.003382,-1.656755
71.5500,0.110151,3.671566,-3.807794,-0.000292,-0.003330,-1.657190,0.084142,3.649973,-3.693539,-0.000274,-0.003411,-1.657000
71.6000,0.108856,3.656466,-3.807738,-0.000295,-0.003218,-1.657622,0.090522,3.628849,-3.668114,-0.000360,-0.003151,-1.657529
71.6500,0.107551,3.641364,-3.807678,-0.000290,-0.003082,-1.658040,0.094769,3.614817,-3.672122,-0.000453,-0.003153,-1.657993
71.7000,0.106238,3.626254,-3.807616,-0.000277,-0.002926,-1.658445,0.101084,3.593522,-3.625666,-0.000269,-0.003114,-1.658536
71.7500,0.104917,3.611134,-3.807555,-0.000257,-0.002757,-1.658838,0.105300,3.579437,-3.625021,-0.000387,-0.002845,-1.658808
71.8000,0.103588,3.596006,-3.807495,-0.000231,-0.002577,-1.659222,0.111547,3.557921,-3.556323,-0.000262,-0.002529,-1.659303
71.8500,0.102252,3.580874,-3.807436,-0.000201,-0.002390,-1.659596,0.115735,3.543774,-3.550157,-0.000268,-0.002467,-1.659621
71.9000,0.100910,3.565739,-3.807380,-0.000167,-0.002199,-1.659964,0.121923,3.522084,-3.464071,-0.000235,-0.002137,-1.660073
71.9500,0.099562,3.550606,-3.807327,-0.000131,-0.002007,-1.660324,0.126082,3.507878,-3.452188,-0.000053,-0.002199,-1.660381
72.0000,0.098207,3.535474,-3.807277,-0.000093,-0.001814,-1.660679,0.132227,3.486110,-3.358337,-0.000023,-0.001897,-1.660613
72.0500,0.096847,3.520345,-3.807230,-0.000054,-0.001623,-1.661028,0.136359,3.471860,-3.341270,0.000095,-0.001785,-1.660939
72.1020,0.095482,3.505219,-3.807186,-0.000014,-0.001434,-1.661372,0.142484,3.450112,-3.250386,-0.000043,-0.001450,-1.661376
72.1500,0.094111,3.490096,-3.807146,0.000025,-0.001250,-1.661711,0.146585,3.435830,-3.229206,0.000040,-0.001246,-1.661709
72.2000,0.092735,3.474975,-3.807109,0.000063,-0.001070,-1.662047,0.152698,3.414163,-3.149615,0.000030,-0.001090,-1.661893
72.2500,0.091353,3.459858,-3.807075,0.000100,-0.000895,-1.662378,0.156778,3.399853,-3.125626,0.000175,-0.001018,-1.662368
72.3000,0.089966,3.444742,-3.807044,0.000135,-0.000726,-1.662706,0.185141,3.265281,-3.061723,0.000364,-0.000627,-1.662958
72.3500,0.088574,3.429629,-3.807016,0.000169,-0.000563,-1.663030,0.190382,3.244808,-3.036201,0.000140,-0.000646,-1.663175
72.4000,0.087177,3.414518,-3.806992,0.000200,-0.000406,-1.663351,0.198239,3.214086,-2.989068,0.000087,-0.000527,-1.663345
72.4520,0.085775,3.399410,-3.806970,0.000230,-0.000255,-1.663668,0.133452,3.457033,-3.805551,0.000185,-0.000329,-1.663496
72.5000,0.084369,3.384303,-3.806951,0.000257,-0.000110,-1.663983,0.136126,3.446135,-3.804396,0.000217,0.000046,-1.663725
72.5500,0.082957,3.369199,-3.806935,0.000282,0.000028,-1.664294,0.137904,3.438875,-3.820074,0.000239,0.000162,-1.664283
72.6000,0.081541,3.354097,-3.806921,0.000304,0.000161,-1.664603,0.140569,3.427969,-3.800018,0.000219,0.000157,-1.664664
72.6500,0.080120,3.338998,-3.806910,0.000325,0.000287,-1.664909,0.142336,3.420704,-3.811688,0.000314,0.000355,-1.664921
72.7000,0.078695,3.323900,-3.806901,0.000343,0.000408,-1.665212,0.144999,3.409792,-3.765264,0.000268,0.000361,-1.665120
72.7500,0.077265,3.308805,-3.806894,0.000358,0.000523,-1.665512,0.146758,3.402524,-3.771264,0.000418,0.000449,-1.665468
72.8000,0.075830,3.293711,-3.806889,0.000372,0.000632,-1.665809,0.149437,3.391624,-3.696038,0.000276,0.000645,-1.665717
72.8500,0.074392,3.278620,-3.806887,0.000383,0.000736,-1.666104,0.151190,3.384358,-3.695160,0.000534,0.000769,-1.665942
72.9000,0.072949,3.263531,-3.806886,0.000393,0.000835,-1.666396,0.153888,3.373503,-3.596120,0.000290,0.000747,-1.666277
72.9500,0.071501,3.248445,-3.806887,0.000401,0.000929,-1.666686,0.155636,3.366240,-3.587957,0.000328,0.000933,-1.666508
73.0000,0.070049,3.233360,-3.806889,0.000407,0.001018,-1.666973,0.158348,3.355448,-3.476334,0.000470,0.000794,-1.667181
73.0500,0.068594,3.218277,-3.806893,0.000411,0.001103,-1.667257,0.160092,3.348194,-3.461380,0.000509,0.001054,-1.667132
73.1020,0.067133,3.203196,-3.806899,0.000414,0.001183,-1.667539,0.162807,3.337462,-3.350359,0.000418,0.001115,-1.667588
73.1500,0.065669,3.188118,-3.806906,0.000416,0.001259,-1.667818,0.164548,3.330215,-3.329806,0.000502,0.001231,-1.667744
73.2000,0.064201,3.173041,-3.806915,0.000416,0.001330,-1.668095,0.167247,3.319518,-3.230107,0.000408,0.001263,-1.668193
73.2500,0.062728,3.157966,-3.806925,0.000415,0.001398,-1.668369,0.168983,3.312282,-3.205485,0.000472,0.001406,-1.668310
73.3000,0.061252,3.142893,-3.806936,0.000413,0.001462,-1.668641,-0.117877,3.338155,-3.123309,0.000398,0.001491,-1.668619
73.3500,0.059771,3.127822,-3.806948,0.000411,0.001523,-1.668910,-0.131880,3.332947,-3.096163,0.000318,0.001461,-1.668619
73.4000,0.058287,3.112753,-3.806962,0.000407,0.001580,-1.669177,-0.152871,3.325193,-3.033383,0.000331,0.001603,-1.669147
73.4500,0.056799,3.097686,-3.806976,0.000403,0.001634,-1.669441,0.023324,2.985528,-3.735413,0.000358,0.001744,-1.669378
73.5000,0.055306,3.082621,-3.806992,0.000398,0.001686,-1.669703,0.016452,2.952719,-3.724574,0.000323,0.001724,-1.669744
73.5500,0.053810,3.067558,-3.807008,0.000393,0.001734,-1.669962,0.011859,2.930845,-3.732288,0.000567,0.001913,-1.669848
73.6000,0.052310,3.052496,-3.807025,0.000387,0.001779,-1.670219,0.004981,2.898098,-3.705089,0.000345,0.001716,-1.670279
73.6500,0.050806,3.037436,-3.807043,0.000381,0.001822,-1.670473,0.000375,2.876245,-3.709241,0.000188,0.001715,-1.670194
73.7000,0.049299,3.022378,-3.807062,0.000374,0.001862,-1.670726,-0.006494,2.843609,-3.659736,0.000106,0.001741,-1.670682
73.7500,0.047788,3.007322,-3.807082,0.000367,0.001900,-1.670975,-0.011107,2.821784,-3.658947,0.000430,0.001917,-1.670966
73.8000,0.046273,2.992267,-3.807102,0.000360,0.001935,-1.671223,-0.017958,2.789294,-3.585905,0.000540,0.002113,-1.671239
73.8500,0.044754,2.977214,-3.807123,0.000353,0.001969,-1.671468,-0.022580,2.767498,-3.579252,0.000389,0.002064,-1.671554
73.9000,0.043232,2.962163,-3.807145,0.000346,0.002000,-1.671710,-0.029420,2.735151,-3.487874,0.000180,0.001794,-1.671604
73.9500,0.041706,2.947114,-3.807167,0.000338,0.002030,-1.671951,-0.034046,2.713395,-3.475151,0.000143,0.002035,-1.672110
74.0020,0.040177,2.932066,-3.807190,0.000331,0.002057,-1.672189,-0.040883,2.681152,-3.375696,0.000265,0.001969,-1.672236
74.0500,0.038644,2.917020,-3.807213,0.000323,0.002083,-1.672425,-0.045515,2.659431,-3.357488,0.000327,0.002189,-1.672500
74.1000,0.037108,2.901975,-3.807237,0.000316,0.002108,-1.672658,-0.052372,2.627227,-3.261352,0.000363,0.002189,-1.672676
74.1500,0.035568,2.886932,-3.807261,0.000309,0.002130,-1.672889,-0.057011,2.605536,-3.238800,0.000475,0.001940,-1.672776
74.2000,0.034025,2.871891,-3.807286,0.000302,0.002152,-1.673118,-0.063899,2.573308,-3.154790,0.000342,0.002236,-1.673235
74.2500,0.032478,2.856851,-3.807311,0.000295,0.002171,-1.673345,-0.068549,2.551641,-3.129280,0.000294,0.002151,-1.673391
74.3000,0.030928,2.841813,-3.807337,0.000288,0.002190,-1.673570,-0.071510,2.314958,-3.062172,0.000283,0.002317,-1.673543
74.3500,0.029375,2.826777,-3.807363,0.000281,0.002207,-1.673792,-0.075975,2.282191,-3.035069,0.000422,0.002261,-1.673729
74.4000,0.027818,2.811741,-3.807389,0.000274,0.002223,-1.674012,-0.082684,2.233083,-2.985641,0.000120,0.002101,-1.674074
74.4500,0.026258,2.796708,-3.807416,0.000268,0.002238,-1.674230,0.057435,2.762718,-3.716597,0.000189,0.002261,-1.674228
74.5000,0.024695,2.781676,-3.807443,0.000262,0.002252,-1.674446,0.061569,2.755551,-3.709552,0.000408,0.002390,-1.674431
74.5500,0.023129,2.766645,-3.807470,0.000256,0.002265,-1.674659,0.064321,2.750771,-3.719511,0.000130,0.002218,-1.674729
74.6000,0.021560,2.751616,-3.807498,0.000250,0.002277,-1.674871,0.068463,2.743687,-3.696130,0.000172,0.002272,-1.674677
74.6500,0.019987,2.736588,-3.807526,0.000244,0.002288,-1.675081,0.071214,2.738928,-3.702565,0.000077,0.002204,-1.675096
74.7000,0.018411,2.721562,-3.807554,0.000239,0.002298,-1.675288,0.075378,2.731988,-3.656720,0.000422,0.002273,-1.675338
74.7500,0.016833,2.706537,-3.807582,0.000233,0.002307,-1.675493,0.078130,2.727261,-3.658232,0.000169,0.002335,-1.675355
74.8000,0.015251,2.691514,-3.807611,0.000228,0.002316,-1.675697,0.082322,2.720505,-3.588364,0.000131,0.002376,-1.675833
74.8500,0.013666,2.676492,-3.807639,0.000223,0.002324,-1.675898,0.085075,2.715818,-3.583984,0.000364,0.002429,-1.675823
74.9000,0.012078,2.661471,-3.807668,0.000219,0.002331,-1.676097,0.089293,2.709239,-3.494958,0.000265,0.002283,-1.676071
74.9500,0.010488,2.646452,-3.807698,0.000214,0.002338,-1.676294,0.092049,2.704597,-3.484433,0.000164,0.002324,-1.676023
75.0000,0.008894,2.631434,-3.807727,0.000210,0.002344,-1.676490,0.096281,2.698139,-3.386288,0.000322,0.002326,-1.676493
75.0500,0.007298,2.616418,-3.807756,0.000206,0.002350,-1.676683,0.099040,2.693540,-3.370137,0.000176,0.002395,-1.676606
75.1000,0.005698,2.601402,-3.807786,0.000202,0.002355,-1.676875,0.103269,2.687123,-3.274255,0.000294,0.002252,-1.676786
75.1520,0.004096,2.586389,-3.807816,0.000198,0.002359,-1.677064,0.106029,2.682562,-3.253577,0.000178,0.002416,-1.676872
75.2000,0.002491,2.571376,-3.807846,0.000195,0.002363,-1.677252,0.110242,2.676105,-3.168927,0.000276,0.002555,-1.677401
75.2500,0.000884,2.556365,-3.807876,0.000191,0.002367,-1.677437,0.112999,2.671565,-3.145084,0.000272,0.002306,-1.677348
75.3020,-0.000727,2.541355,-3.807906,0.000188,0.002370,-1.677621,0.264956,2.756026,-3.076498,-0.000009,0.002399,-1.677546
75.3500,-0.002340,2.526346,-3.807936,0.000185,0.002373,-1.677803,0.275756,2.756441,-3.050829,0.000005,0.002378,-1.677723
75.4000,-0.003956,2.511338,-3.807966,0.000182,0.002375,-1.677983,0.291960,2.757116,-2.999723,0.000082,0.002356,-1.677852
75.4520,-0.005574,2.496332,-3.807997,0.000180,0.002377,-1.678161,0.009419,2.558756,-3.768303,0.000270,0.002306,-1.678235
75.5000,-0.007195,2.481327,-3.808027,0.000177,0.002379,-1.678338,0.003652,2.544511,-3.764172,0.000094,0.002352,-1.678294
75.5500,-0.008819,2.466323,-3.808058,0.000174,0.002381,-1.678513,-0.000197,2.535011,-3.777122,0.000126,0.002349,-1.678329
75.6000,-0.010445,2.451320,-3.808089,0.000172,0.002382,-1.678686,-0.005957,2.520863,-3.755201,0.000281,0.002269,-1.678764
75.6520,-0.012074,2.436319,-3.808119,0.000170,0.002383,-1.678857,-0.009808,2.511387,-3.764345,0.000066,0.002398,-1.678792
75.7000,-0.013705,2.421318,-3.808150,0.000168,0.002384,-1.679026,-0.015546,2.497411,-3.717782,0.000358,0.002340,-1.678939
75.7500,-0.015339,2.406319,-3.808181,0.000166,0.002384,-1.679194,-0.019400,2.487976,-3.721577,0.000039,0.002368,-1.679264
75.8000,-0.016975,2.391321,-3.808212,0.000164,0.002384,-1.679360,-0.025111,2.474212,-3.648366,0.000328,0.002451,-1.679360
75.8500,-0.018614,2.376324,-3.808243,0.000163,0.002385,-1.679524,-0.028965,2.464828,-3.645715,0.000218,0.002499,-1.679431
75.9020,-0.020255,2.361329,-3.808274,0.000161,0.002385,-1.679687,-0.034649,2.451276,-3.550841,0.000116,0.002420,-1.679716
75.9500,-0.021899,2.346334,-3.808305,0.000159,0.002384,-1.679848,-0.038501,2.441945,-3.541412,-0.000045,0.002570,-1.679848
76.0000,-0.023544,2.331340,-3.808336,0.000158,0.002384,-1.680007,-0.044171,2.428537,-3.435612,0.000163,0.002435,-1.679995
76.0500,-0.025193,2.316348,-3.808368,0.000157,0.002383,-1.680165,-0.048020,2.419257,-3.419920,0.000108,0.002421,-1.680118
76.1000,-0.026843,2.301357,-3.808399,0.000155,0.002383,-1.680321,-0.053693,2.405902,-3.315590,0.000247,0.002307,-1.680371
76.1500,-0.028496,2.286366,-3.808430,0.000154,0.002382,-1.680476,-0.057540,2.396670,-3.294790,0.000085,0.002245,-1.680498
76.2000,-0.030151,2.271377,-3.808462,0.000153,0.002381,-1.680629,-0.063233,2.383277,-3.201862,0.000139,0.002364,-1.680559
76.2500,-0.031808,2.256389,-3.808493,0.000152,0.002380,-1.680780,-0.067078,2.374076,-3.177415,0.000162,0.002438,-1.680656
76.3000,-0.033467,2.241402,-3.808524,0.000151,0.002379,-1.680930,0.067609,2.164138,-3.101577,0.000127,0.002304,-1.680917
76.3500,-0.035129,2.226416,-3.808556,0.000151,0.002378,-1.681078,0.071382,2.144270,-3.074949,0.000155,0.002460,-1.681009
76.4000,-0.036793,2.211431,-3.808587,0.000150,0.002377,-1.681225,0.077047,2.114544,-3.017575,0.000186,0.002380,-1.681226
76.4500,-0.038459,2.196447,-3.808619,0.000149,0.002375,-1.681370,-0.078517,2.162361,-3.650462,0.000202,0.002329,-1.681381
76.5000,-0.040127,2.181464,-3.808650,0.000148,0.002374,-1.681514,-0.084785,2.137594,-3.638172,0.000049,0.002262,-1.681632
76.5500,-0.041797,2.166482,-3.808682,0.000148,0.002372,-1.681657,-0.088968,2.121083,-3.643229,0.000207,0.002389,-1.681616
76.6000,-0.043469,2.151500,-3.808713,0.000147,0.002371,-1.681797,-0.095233,2.096403,-3.616663,0.000106,0.002255,-1.681747
76.6500,-0.045143,2.136520,-3.808745,0.000147,0.002369,-1.681937,-0.099418,2.079915,-3.618580,0.000199,0.002284,-1.682021
76.7000,-0.046819,2.121541,-3.808776,0.000146,0.002368,-1.682075,-0.105673,2.055371,-3.572696,0.000182,0.002377,-1.681974
76.7500,-0.048498,2.106563,-3.808808,0.000146,0.002366,-1.682212,-0.109862,2.038917,-3.570293,0.000141,0.002514,-1.682161
76.8000,-0.050178,2.091586,-3.808840,0.000145,0.002364,-1.682347,-0.116097,2.014541,-3.504266,-0.000171,0.002475,-1.682257
76.8500,-0.051860,2.076609,-3.808871,0.000145,0.002363,-1.682481,-0.120285,1.998122,-3.496767,-0.000044,0.002347,-1.682278
76.9000,-0.053544,2.061634,-3.808903,0.000145,0.002361,-1.682613,-0.126503,1.973899,-3.415392,0.000016,0.002394,-1.682795
76.9500,-0.055230,2.046659,-3.808935,0.000144,0.002359,-1.682744,-0.130694,1.957524,-3.402669,0.000087,0.002332,-1.682693
77.0000,-0.056918,2.031686,-3.808966,0.000144,0.002357,-1.682874,-0.136909,1.933400,-3.315059,0.000074,0.002495,-1.682920
77.0500,-0.058608,2.016713,-3.808998,0.000144,0.002355,-1.683002,-0.141099,1.917062,-3.297661,0.000341,0.002373,-1.682780
77.1000,-0.060300,2.001741,-3.809030,0.000144,0.002353,-1.683130,-0.147321,1.892958,-3.213757,0.000056,0.002266,-1.683295
77.1500,-0.061993,1.986771,-3.809061,0.000144,0.002351,-1.683255,-0.151514,1.876654,-3.192711,0.000049,0.002380,-1.683146
77.2000,-0.063689,1.971800,-3.809093,0.000144,0.002350,-1.683380,-0.157755,1.852501,-3.120064,0.000107,0.002116,-1.683364
77.2500,-0.065386,1.956831,-3.809125,0.000143,0.002348,-1.683503,-0.161948,1.836224,-3.096597,0.000174,0.002318,-1.683443
77.3000,-0.067085,1.941863,-3.809156,0.000143,0.002346,-1.683625,-0.363967,1.962759,-3.039010,0.000149,0.002334,-1.683674
77.3500,-0.068786,1.926895,-3.809188,0.000143,0.002344,-1.683746,-0.378799,1.954704,-3.014305,0.000164,0.002399,-1.683663
77.4000,-0.070488,1.911929,-3.809220,0.000143,0.002342,-1.683865,-0.401047,1.942638,-2.972624,0.000213,0.002427,-1.683928
77.4500,-0.072192,1.896963,-3.809252,0.000143,0.002340,-1.683984,-0.018583,1.900284,-3.719882,0.000067,0.002179,-1.683816
77.5000,-0.073898,1.881998,-3.809283,0.000143,0.002338,-1.684101,-0.011164,1.885561,-3.717653,0.000153,0.002124,-1.684073
77.5500,-0.075606,1.867034,-3.809315,0.000143,0.002336,-1.684217,-0.006220,1.875740,-3.730943,0.000093,0.002314,-1.684231
77.6000,-0.077315,1.852070,-3.809347,0.000143,0.002334,-1.684331,0.001210,1.861103,-3.711842,0.000090,0.002386,-1.684355
77.6500,-0.079026,1.837108,-3.809379,0.000143,0.002332,-1.684445,0.006151,1.851303,-3.721542,0.000005,0.002283,-1.684272
77.7000,-0.080738,1.822146,-3.809410,0.000143,0.002330,-1.684557,0.013601,1.836819,-3.678981,0.000098,0.002396,-1.684589
77.7500,-0.082453,1.807185,-3.809442,0.000143,0.002328,-1.684668,0.018544,1.827053,-3.683614,-0.000034,0.002349,-1.684665
77.8000,-0.084168,1.792225,-3.809474,0.000143,0.002326,-1.684778,0.026019,1.812769,-3.615549,0.000211,0.002295,-1.684862
77.8500,-0.085886,1.777265,-3.809506,0.000144,0.002324,-1.684887,0.030968,1.803048,-3.614052,0.000308,0.002333,-1.684940
77.9000,-0.087604,1.762306,-3.809537,0.000144,0.002322,-1.684995,0.038474,1.788956,-3.525051,-0.000106,0.002278,-1.684911
77.9500,-0.089325,1.747349,-3.809569,0.000144,0.002321,-1.685102,0.043426,1.779284,-3.517088,0.000007,0.002081,-1.685160
78.0000,-0.091047,1.732391,-3.809601,0.000144,0.002319,-1.685207,0.050946,1.765326,-3.417248,0.000054,0.002275,-1.685364
78.0500,-0.092770,1.717435,-3.809633,0.000144,0.002317,-1.685312,0.055902,1.755702,-3.403279,0.000264,0.002338,-1.685290
78.1000,-0.094495,1.702479,-3.809664,0.000144,0.002315,-1.685415,0.063424,1.741792,-3.304359,0.000061,0.002359,-1.685459
78.1500,-0.096222,1.687524,-3.809696,0.000144,0.002313,-1.685518,0.068380,1.732208,-3.285461,0.000162,0.002362,-1.685585
78.2000,-0.097950,1.672570,-3.809728,0.000144,0.002311,-1.685619,0.075889,1.718261,-3.196957,0.000146,0.002356,-1.685695
78.2500,-0.099679,1.657616,-3.809760,0.000144,0.002309,-1.685719,0.080847,1.708706,-3.174506,-0.000075,0.002435,-1.685634
78.3000,-0.101410,1.642663,-3.809792,0.000145,0.002307,-1.685819,-0.003246,2.235869,-3.101510,0.000175,0.002328,-1.685659
78.3520,-0.103142,1.627711,-3.809823,0.000145,0.002306,-1.685917,-0.003247,2.255781,-3.076861,0.000261,0.002447,-1.685788
78.4020,-0.104876,1.612759,-3.809855,0.000145,0.002304,-1.686014,-0.003235,2.285721,-3.021684,0.000254,0.002382,-1.686028
78.4500,-0.106611,1.597808,-3.809887,0.000145,0.002302,-1.686110,-0.100725,1.624031,-3.743866,0.000303,0.002332,-1.686197
78.5000,-0.108347,1.582858,-3.809919,0.000145,0.002300,-1.686206,-0.108055,1.602944,-3.738066,0.000143,0.002244,-1.685817
78.5500,-0.110085,1.567909,-3.809951,0.000145,0.002298,-1.686300,-0.112944,1.588881,-3.749358,0.000126,0.002295,-1.686522
78.6000,-0.111824,1.552960,-3.809982,0.000146,0.002297,-1.686393,-0.120273,1.567882,-3.726533,0.000313,0.002296,-1.686433
78.6500,-0.113565,1.538011,-3.810014,0.000146,0.002295,-1.686485,-0.125164,1.553845,-3.734167,0.000127,0.002235,-1.686361
78.7000,-0.115306,1.523064,-3.810046,0.000146,0.002293,-1.686577,-0.132468,1.533003,-3.687862,0.000157,0.002161,-1.686654
78.7500,-0.117049,1.508117,-3.810078,0.000146,0.002291,-1.686667,-0.137359,1.519003,-3.690371,0.000302,0.002273,-1.686437
78.8000,-0.118794,1.493171,-3.810110,0.000146,0.002290,-1.686757,-0.144634,1.498360,-3.618829,0.000017,0.002143,-1.686728
78.8500,-0.120539,1.478225,-3.810141,0.000146,0.002288,-1.686845,-0.149520,1.484404,-3.615185,0.000037,0.002308,-1.686849
78.9000,-0.122286,1.463280,-3.810173,0.000147,0.002286,-1.686933,-0.156770,1.463949,-3.523336,0.000209,0.002287,-1.686922
78.9500,-0.124034,1.448335,-3.810205,0.000147,0.002285,-1.687020,-0.161653,1.450040,-3.513253,0.000034,0.002118,-1.687063
79.0020,-0.125784,1.433392,-3.810237,0.000147,0.002283,-1.687106,-0.168885,1.429713,-3.411469,0.000134,0.002319,-1.687121
79.0500,-0.127534,1.418448,-3.810268,0.000147,0.002281,-1.687191,-0.173764,1.415853,-3.395466,0.000248,0.002256,-1.687184
79.1000,-0.129286,1.403506,-3.810300,0.000147,0.002280,-1.687275,-0.180995,1.395567,-3.295611,0.000236,0.002257,-1.687277
79.1500,-0.131039,1.388564,-3.810332,0.000147,0.002278,-1.687358,-0.185872,1.381749,-3.274814,0.000243,0.002335,-1.687419
79.2000,-0.132793,1.373622,-3.810364,0.000148,0.002277,-1.687441,-0.193119,1.361424,-3.186301,0.000205,0.002319,-1.687633
79.2500,-0.134549,1.358681,-3.810396,0.000148,0.002275,-1.687522,-0.197999,1.347630,-3.162121,0.000173,0.002428,-1.687507
79.3000,-0.136305,1.343741,-3.810427,0.000148,0.002274,-1.687603,0.030396,1.100524,-3.090278,0.000184,0.002363,-1.687622
79.3500,-0.138063,1.328801,-3.810459,0.000148,0.002272,-1.687683,0.038322,1.074413,-3.064118,0.000131,0.002271,-1.687567
79.4000,-0.139822,1.313862,-3.810491,0.000148,0.002270,-1.687762,0.050222,1.035311,-3.010112,0.000045,0.002365,-1.687788
79.4500,-0.141582,1.298923,-3.810523,0.000148,0.002269,-1.687840,-0.155165,1.238934,-3.762710,0.000137,0.002122,-1.687892
79.5000,-0.143343,1.283985,-3.810555,0.000149,0.002267,-1.687918,-0.159225,1.216898,-3.756790,0.000163,0.002384,-1.687839
79.5500,-0.145105,1.269048,-3.810586,0.000149,0.002266,-1.687995,-0.161933,1.202204,-3.768353,0.000240,0.002253,-1.687888
79.6000,-0.146868,1.254111,-3.810618,0.000149,0.002264,-1.688070,-0.165981,1.180256,-3.745016,0.000113,0.002189,-1.688186
79.6500,-0.148632,1.239174,-3.810650,0.000149,0.002263,-1.688146,-0.168692,1.165584,-3.752834,0.000153,0.002335,-1.688072
79.7000,-0.150398,1.224238,-3.810682,0.000149,0.002262,-1.688220,-0.172718,1.143792,-3.705466,0.000178,0.002433,-1.688228
79.7500,-0.152164,1.209303,-3.810714,0.000150,0.002260,-1.688293,-0.175426,1.129154,-3.708042,0.000285,0.002301,-1.688170
79.8000,-0.153931,1.194368,-3.810745,0.000150,0.002259,-1.688366,-0.179421,1.107561,-3.634847,0.000119,0.002299,-1.688424
79.8500,-0.155700,1.179434,-3.810777,0.000150,0.002257,-1.688438,-0.182126,1.092967,-3.631125,0.000202,0.002330,-1.688530
79.9000,-0.157469,1.164500,-3.810809,0.000150,0.002256,-1.688510,-0.186089,1.071566,-3.537149,0.000250,0.002206,-1.688469
79.9500,-0.159240,1.149566,-3.810841,0.000150,0.002255,-1.688580,-0.188789,1.057021,-3.526838,0.000237,0.002193,-1.688443
80.0000,-0.161011,1.134633,-3.810873,0.000150,0.002253,-1.688650,-0.192733,1.035746,-3.422694,0.000162,0.002371,-1.688764
80.0500,-0.162784,1.119701,-3.810904,0.000151,0.002252,-1.688719,-0.195429,1.021250,-3.406323,0.000125,0.002190,-1.688441
80.1000,-0.164557,1.104769,-3.810936,0.000151,0.002251,-1.688788,-0.199373,1.000016,-3.304150,0.000139,0.002414,-1.688664
80.1500,-0.166332,1.089838,-3.810968,0.000151,0.002249,-1.688856,-0.202060,0.985557,-3.282874,0.000107,0.002196,-1.688815
80.2000,-0.168107,1.074907,-3.811000,0.000151,0.002248,-1.688923,-0.206020,0.964281,-3.192304,0.000221,0.002255,-1.688824
80.2500,-0.169883,1.059976,-3.811031,0.000151,0.002247,-1.688989,-0.208708,0.949854,-3.167563,0.000279,0.002253,-1.689159
80.3000,-0.171661,1.045046,-3.811063,0.000151,0.002245,-1.689055,0.279003,0.988988,-3.093844,0.000129,0.002268,-1.689017
80.3500,-0.173439,1.030117,-3.811095,0.000151,0.002244,-1.689120,0.303071,0.977856,-3.067064,0.000079,0.002464,-1.689156
80.4000,-0.175218,1.015188,-3.811127,0.000152,0.002243,-1.689184,0.339185,0.961216,-3.011835,0.000118,0.002245,-1.689092
80.4500,-0.176998,1.000259,-3.811159,0.000152,0.002242,-1.689248,-0.085349,1.036639,-3.730380,0.000278,0.002246,-1.689093
80.5020,-0.178779,0.985331,-3.811190,0.000152,0.002240,-1.689311,-0.082764,1.026378,-3.722070,0.000224,0.002213,-1.689280
80.5500,-0.180561,0.970403,-3.811222,0.000152,0.002239,-1.689373,-0.081044,1.019530,-3.731353,0.000211,0.002280,-1.689395
80.6000,-0.182343,0.955476,-3.811254,0.000152,0.002238,-1.689435,-0.078448,1.009350,-3.706615,0.000205,0.002286,-1.689353
80.6500,-0.184127,0.940549,-3.811286,0.000152,0.002237,-1.689496,-0.076728,1.002526,-3.712342,0.000192,0.002293,-1.689522
80.7000,-0.185911,0.925623,-3.811318,0.000153,0.002236,-1.689556,-0.074109,0.992491,-3.665083,0.000062,0.002291,-1.689643
80.7500,-0.187696,0.910697,-3.811349,0.000153,0.002234,-1.689616,-0.072385,0.985698,-3.665856,0.000322,0.002254,-1.689631
80.8000,-0.189482,0.895771,-3.811381,0.000153,0.002233,-1.689676,-0.069735,0.975847,-3.594616,0.000122,0.002327,-1.689616
80.8500,-0.191269,0.880846,-3.811413,0.000153,0.002232,-1.689734,-0.068003,0.969093,-3.589475,0.000264,0.002228,-1.689767
80.9000,-0.193057,0.865921,-3.811445,0.000153,0.002231,-1.689792,-0.065322,0.959414,-3.499255,0.000359,0.002426,-1.689873
80.9500,-0.194846,0.850997,-3.811477,0.000153,0.002230,-1.689850,-0.063588,0.952702,-3.487964,0.000116,0.002207,-1.689984
81.0000,-0.196635,0.836073,-3.811508,0.000153,0.002229,-1.689906,-0.060889,0.943138,-3.388927,0.000063,0.002360,-1.689997
81.0500,-0.198425,0.821150,-3.811540,0.000154,0.002228,-1.689963,-0.059146,0.936465,-3.372029,0.000166,0.002331,-1.689914
81.1000,-0.200216,0.806227,-3.811572,0.000154,0.002226,-1.690018,-0.056443,0.926931,-3.275613,0.000255,0.002310,-1.689903
81.1500,-0.202008,0.791304,-3.811604,0.000154,0.002225,-1.690074,-0.054696,0.920295,-3.254225,0.000144,0.002330,-1.689875
81.2000,-0.203800,0.776382,-3.811636,0.000154,0.002224,-1.690128,-0.052006,0.910712,-3.169392,0.000230,0.002219,-1.689984
81.2500,-0.205593,0.761460,-3.811667,0.000154,0.002223,-1.690182,-0.050259,0.904102,-3.144890,0.000173,0.002330,-1.690199
81.3000,-0.207387,0.746538,-3.811699,0.000154,0.002222,-1.690236,0.305171,0.612459,-3.076616,0.000207,0.002315,-1.690118
81.3500,-0.209182,0.731617,-3.811731,0.000154,0.002221,-1.690288,0.326093,0.590522,-3.050367,0.000152,0.002150,-1.690137
81.4000,-0.210977,0.716696,-3.811763,0.000155,0.002220,-1.690341,0.357478,0.557668,-2.999556,0.000113,0.002052,-1.690348
81.4500,-0.212774,0.701776,-3.811794,0.000155,0.002219,-1.690393,-0.218630,0.709355,-3.717154,0.000087,0.002241,-1.690352
81.5020,-0.214571,0.686856,-3.811826,0.000155,0.002218,-1.690444,-0.231871,0.689399,-3.710213,0.000146,0.002074,-1.690592
81.5500,-0.216368,0.671936,-3.811858,0.000155,0.002217,-1.690495,-0.240705,0.676096,-3.720166,0.000185,0.002234,-1.690623
81.6000,-0.218166,0.657017,-3.811890,0.000155,0.002216,-1.690545,-0.253940,0.656224,-3.696964,0.000117,0.002043,-1.690502
81.6500,-0.219965,0.642098,-3.811922,0.000155,0.002215,-1.690594,-0.262771,0.642944,-3.703409,-0.000008,0.002172,-1.690601
81.7000,-0.221765,0.627179,-3.811953,0.000155,0.002214,-1.690644,-0.275981,0.623218,-3.657850,0.000165,0.002029,-1.690590
81.7500,-0.223566,0.612261,-3.811985,0.000155,0.002213,-1.690692,-0.284806,0.609971,-3.659396,0.000012,0.002201,-1.690706
81.8000,-0.225367,0.597343,-3.812017,0.000155,0.002212,-1.690741,-0.297984,0.590427,-3.589925,0.000197,0.002081,-1.690790
81.8960,-0.228971,0.567508,-3.812081,0.000156,0.002210,-1.690835,-0.319954,0.557845,-3.497056,0.000284,0.002277,-1.690828
81.9000,-0.228971,0.567508,-3.812081,0.000156,0.002210,-1.690835,-0.319954,0.557845,-3.497056,0.000284,0.002277,-1.690828
81.9520,-0.230774,0.552591,-3.812112,0.000156,0.002210,-1.690882,-0.328772,0.544685,-3.486623,0.000146,0.002150,-1.691000
82.0000,-0.232578,0.537675,-3.812144,0.000156,0.002209,-1.690928,-0.341903,0.525426,-3.388981,0.000255,0.001989,-1.690886
82.0500,-0.234382,0.522759,-3.812176,0.000156,0.002208,-1.690974,-0.350714,0.512312,-3.372945,0.000188,0.002182,-1.690987
82.1000,-0.236187,0.507843,-3.812208,0.000156,0.002207,-1.691020,-0.363841,0.493089,-3.277542,0.000134,0.002158,-1.690826
82.1500,-0.237993,0.492927,-3.812240,0.000156,0.002206,-1.691064,-0.372646,0.480009,-3.256999,0.000034,0.002263,-1.691025
82.2000,-0.239799,0.478012,-3.812271,0.000156,0.002205,-1.691109,-0.385785,0.460749,-3.172756,0.000246,0.002248,-1.691226
82.2500,-0.241606,0.463097,-3.812303,0.000157,0.002204,-1.691153,-0.394587,0.447697,-3.149059,0.000370,0.002206,-1.691198
82.3000,-0.243413,0.448182,-3.812335,0.000157,0.002203,-1.691196,-0.498248,0.458451,-3.080860,0.000092,0.002227,-1.691324
82.3500,-0.245221,0.433268,-3.812367,0.000157,0.002203,-1.691239,-0.511969,0.447053,-3.055348,0.000068,0.002125,-1.691177
82.4000,-0.247030,0.418354,-3.812398,0.000157,0.002202,-1.691282,-0.532540,0.430010,-3.004459,0.000163,0.002322,-1.691242
82.4500,-0.248839,0.403440,-3.812430,0.000157,0.002201,-1.691324,-0.283411,0.421308,-3.723777,0.000194,0.002277,-1.691293
82.5000,-0.250649,0.388527,-3.812462,0.000157,0.002200,-1.691366,-0.284362,0.404368,-3.717706,0.000159,0.002283,-1.691360
82.5500,-0.252460,0.373614,-3.812494,0.000157,0.002199,-1.691407,-0.284996,0.393069,-3.728372,0.000295,0.002191,-1.691284
82.6000,-0.254271,0.358701,-3.812526,0.000157,0.002198,-1.691448,-0.285933,0.376209,-3.705817,0.000105,0.002172,-1.691396
82.6500,-0.256082,0.343788,-3.812557,0.000157,0.002198,-1.691488,-0.286567,0.364931,-3.712935,0.000336,0.002237,-1.691375
82.7000,-0.257894,0.328876,-3.812589,0.000157,0.002197,-1.691528,-0.287479,0.348216,-3.667665,0.000082,0.002029,-1.691503
82.7500,-0.259707,0.313964,-3.812621,0.000158,0.002196,-1.691568,-0.288110,0.336970,-3.669819,0.000146,0.002174,-1.691495
82.8000,-0.261520,0.299053,-3.812653,0.000158,0.002195,-1.691607,-0.288990,0.320436,-3.600168,0.000092,0.002134,-1.691762
82.8500,-0.263334,0.284141,-3.812685,0.000158,0.002195,-1.691646,-0.289615,0.309231,-3.596370,0.000223,0.002189,-1.691599
82.9000,-0.265125,0.269417,-3.812700,0.000161,0.002309,-1.691683,-0.290453,0.292949,-3.507125,0.000181,0.002199,-1.691750
82.9500,-0.266693,0.256497,-3.812671,0.000182,0.002735,-1.691725,-0.290960,0.282683,-3.497066,0.000221,0.002639,-1.691710
83.0000,-0.267826,0.247080,-3.812568,0.000236,0.003442,-1.691796,-0.291152,0.271538,-3.397966,0.000318,0.003508,-1.691728
83.0500,-0.268493,0.241428,-3.812393,0.000323,0.004291,-1.691931,-0.290970,0.266831,-3.382067,0.000418,0.004141,-1.691969
83.1000,-0.268789,0.238797,-3.812165,0.000441,0.005178,-1.692113,-0.290089,0.264335,-3.284354,0.000484,0.005438,-1.692076
83.1520,-0.268852,0.238117,-3.811914,0.000572,0.006017,-1.692310,-0.289357,0.264153,-3.263719,0.000445,0.005784,-1.692279
83.2000,-0.268807,0.238431,-3.811678,0.000700,0.006720,-1.692485,-0.287944,0.266060,-3.176660,0.000676,0.006733,-1.692497
83.2520,-0.268734,0.239063,-3.811483,0.000815,0.007257,-1.692622,-0.287056,0.267320,-3.152740,0.000757,0.007106,-1.692720
83.3000,-0.268660,0.239709,-3.811336,0.000911,0.007629,-1.692750,-0.051560,0.341928,-3.081569,0.000810,0.007538,-1.692723
83.3500,-0.268594,0.240301,-3.811234,0.000988,0.007857,-1.692857,-0.037938,0.347135,-3.055729,0.001051,0.007639,-1.692919
83.4000,-0.268543,0.240796,-3.811168,0.001044,0.007973,-1.692937,-0.017487,0.355003,-3.002373,0.000955,0.007974,-1.692926
83.4500,-0.268507,0.241191,-3.811130,0.001079,0.008001,-1.693003,-0.302583,0.201708,-3.779577,0.001185,0.007738,-1.692971
83.5000,-0.268482,0.241505,-3.811112,0.001095,0.007963,-1.693060,-0.304514,0.197388,-3.775351,0.001285,0.007936,-1.693057
83.5500,-0.268462,0.241769,-3.811109,0.001096,0.007872,-1.693111,-0.305812,0.194442,-3.788560,0.001111,0.007858,-1.693231
83.6000,-0.268443,0.242007,-3.811115,0.001083,0.007741,-1.693154,-0.307686,0.190293,-3.766233,0.001056,0.007580,-1.693180
83.6500,-0.268425,0.242237,-3.811126,0.001057,0.007580,-1.693194,-0.308973,0.187377,-3.775574,0.001237,0.007506,-1.693266
83.7000,-0.268409,0.242465,-3.811140,0.001021,0.007397,-1.693229,-0.310713,0.183703,-3.728164,0.001021,0.007429,-1.693138
83.7500,-0.268392,0.242693,-3.811157,0.000977,0.007197,-1.693261,-0.311972,0.180892,-3.732057,0.000952,0.007103,-1.693323
83.8000,-0.268374,0.242923,-3.811174,0.000926,0.006985,-1.693288,-0.313548,0.177840,-3.657546,0.000857,0.006911,-1.693352
83.8500,-0.268355,0.243155,-3.811191,0.000870,0.006766,-1.693312,-0.314766,0.175175,-3.654872,0.000906,0.006583,-1.693462
83.9000,-0.268331,0.243403,-3.811210,0.000795,0.006528,-1.692922,-0.316185,0.172700,-3.558372,0.000686,0.006466,-1.692924
83.9500,-0.268330,0.243692,-3.811260,0.000675,0.006266,-1.689732,-0.317362,0.170231,-3.548816,0.000596,0.006293,-1.690664
84.0000,-0.268363,0.243986,-3.811326,0.000538,0.005994,-1.683716,-0.318740,0.168168,-3.441376,0.000424,0.006002,-1.683773
84.0500,-0.268397,0.244260,-3.811386,0.000410,0.005704,-1.676367,-0.319892,0.165837,-3.425473,0.000545,0.005879,-1.678053
84.1000,-0.268423,0.244515,-3.811435,0.000311,0.005426,-1.668148,-0.321238,0.163766,-3.319662,0.000384,0.005450,-1.668115
84.1500,-0.268448,0.244755,-3.811474,0.000231,0.005171,-1.659018,-0.322316,0.161510,-3.298560,0.000164,0.005411,-1.660915
84.2000,-0.268473,0.244985,-3.811506,0.000168,0.004936,-1.649064,-0.323670,0.159198,-3.204440,0.000173,0.005005,-1.648904
84.2500,-0.268494,0.245206,-3.811533,0.000125,0.004719,-1.638510,-0.324683,0.156991,-3.179635,0.000192,0.004858,-1.640678
84.3000,-0.268509,0.245421,-3.811554,0.000103,0.004518,-1.627527,-0.339576,0.630399,-3.102207,0.000247,0.004630,-1.627648
84.3500,-0.268519,0.245631,-3.811572,0.000097,0.004333,-1.616201,-0.342599,0.654026,-3.075181,0.000116,0.004385,-1.618461
84.4000,-0.268526,0.245837,-3.811588,0.000102,0.004161,-1.604595,-0.347506,0.689560,-3.017440,0.000029,0.004211,-1.604672
84.4500,-0.268530,0.246040,-3.811601,0.000114,0.004002,-1.592768,-0.322665,0.297756,-3.843122,0.000059,0.004037,-1.595096
84.5000,-0.268533,0.246240,-3.811613,0.000132,0.003855,-1.580773,-0.324128,0.301982,-3.838725,0.000132,0.003886,-1.580633
84.5500,-0.268535,0.246437,-3.811623,0.000152,0.003719,-1.568648,-0.325135,0.304773,-3.852912,0.000092,0.003707,-1.571086
84.6000,-0.268538,0.246631,-3.811633,0.000174,0.003594,-1.556421,-0.326685,0.309130,-3.829123,0.000085,0.003525,-1.556286
84.6500,-0.268542,0.246823,-3.811642,0.000197,0.003477,-1.544113,-0.327758,0.311935,-3.839158,0.000306,0.003579,-1.546659
84.7000,-0.268547,0.247012,-3.811650,0.000218,0.003369,-1.531743,-0.329390,0.316555,-3.788509,0.000254,0.003347,-1.531876
84.7500,-0.268554,0.247198,-3.811658,0.000240,0.003270,-1.519325,-0.330531,0.319398,-3.792711,0.000330,0.003227,-1.521903
84.8000,-0.268562,0.247382,-3.811665,0.000260,0.003178,-1.506870,-0.332254,0.324333,-3.713019,0.000249,0.003116,-1.506914
84.8500,-0.268572,0.247564,-3.811672,0.000279,0.003093,-1.494385,-0.333468,0.327230,-3.710192,0.000161,0.003042,-1.496979
84.9000,-0.268583,0.247743,-3.811679,0.000298,0.003014,-1.481878,-0.335291,0.332441,-3.606883,0.000401,0.003063,-1.481843
84.9500,-0.268596,0.247920,-3.811686,0.000315,0.002942,-1.469354,-0.336581,0.335393,-3.596667,0.000348,0.002893,-1.471837
85.0000,-0.268611,0.248095,-3.811693,0.000331,0.002875,-1.456816,-0.338518,0.340747,-3.481443,0.000189,0.002882,-1.456796
85.0520,-0.268628,0.248268,-3.811699,0.000346,0.002813,-1.444268,-0.339885,0.343746,-3.464398,0.000261,0.002737,-1.446912
85.1000,-0.268646,0.248439,-3.811706,0.000361,0.002756,-1.431712,-0.341950,0.349077,-3.350763,0.000430,0.002717,-1.431850
85.1500,-0.268667,0.248607,-3.811713,0.000374,0.002704,-1.419150,-0.343398,0.352108,-3.328149,0.000510,0.002697,-1.421716
85.2000,-0.268689,0.248774,-3.811720,0.000387,0.002655,-1.406584,-0.345597,0.357280,-3.226922,0.000414,0.002539,-1.406433
85.2500,-0.268712,0.248938,-3.811726,0.000399,0.002610,-1.394015,-0.347128,0.360319,-3.200329,0.000383,0.002522,-1.396556
85.3000,-0.268738,0.249100,-3.811733,0.000411,0.002568,-1.381443,-0.859980,0.596110,-3.117438,0.000481,0.002593,-1.381519
85.3500,-0.268765,0.249261,-3.811740,0.000422,0.002529,-1.368870,-0.890471,0.608971,-3.088455,0.000408,0.002550,-1.371544
85.4000,-0.268794,0.249419,-3.811747,0.000433,0.002493,-1.356295,-0.936437,0.627776,-3.025986,0.000469,0.002481,-1.356218
85.4500,-0.268825,0.249575,-3.811754,0.000443,0.002460,-1.343720,-0.288738,0.221406,-3.762163,0.000408,0.002476,-1.346258
85.5000,-0.268857,0.249729,-3.811761,0.000453,0.002429,-1.331144,-0.281295,0.213183,-3.750835,0.000480,0.002349,-1.331099
85.5500,-0.268891,0.249881,-3.811768,0.000463,0.002400,-1.318568,-0.276266,0.207758,-3.758661,0.000553,0.002483,-1.321096
85.6000,-0.268927,0.250031,-3.811775,0.000473,0.002373,-1.305992,-0.268629,0.199819,-3.730512,0.000619,0.002710,-1.306052
85.6500,-0.268963,0.250179,-3.811782,0.000482,0.002348,-1.293417,-0.263471,0.194542,-3.734668,0.000601,0.002448,-1.295905
85.7020,-0.269002,0.250324,-3.811790,0.000491,0.002324,-1.280842,-0.255648,0.186965,-3.683602,0.000438,0.002216,-1.280739
85.7500,-0.269042,0.250468,-3.811797,0.000501,0.002302,-1.268267,-0.250365,0.181852,-3.682673,0.000459,0.002289,-1.270752
85.8020,-0.269083,0.250610,-3.811804,0.000510,0.002282,-1.255693,-0.242364,0.174674,-3.607438,0.000433,0.002191,-1.255730
85.8500,-0.269126,0.250750,-3.811811,0.000519,0.002263,-1.243119,-0.236962,0.169744,-3.600477,0.000467,0.002195,-1.245447
85.9000,-0.269170,0.250887,-3.811818,0.000528,0.002245,-1.230546,-0.228798,0.162953,-3.506452,0.000733,0.002240,-1.230455
85.9520,-0.269215,0.251023,-3.811825,0.000537,0.002228,-1.217973,-0.223284,0.158207,-3.493260,0.000593,0.002191,-1.220521
86.0000,-0.269262,0.251157,-3.811832,0.000545,0.002212,-1.205401,-0.214960,0.151735,-3.391001,0.000742,0.002322,-1.205352
86.0500,-0.269310,0.251289,-3.811839,0.000554,0.002197,-1.192830,-0.209340,0.147170,-3.372175,0.000612,0.002148,-1.195299
86.1000,-0.269359,0.251418,-3.811846,0.000563,0.002182,-1.180259,-0.200857,0.140927,-3.273396,0.000558,0.002134,-1.180127
86.1500,-0.269409,0.251546,-3.811853,0.000572,0.002169,-1.167689,-0.195127,0.136541,-3.250114,0.000352,0.002166,-1.170288
86.2000,-0.269460,0.251672,-3.811860,0.000580,0.002156,-1.155120,-0.186483,0.130447,-3.163852,0.000569,0.002219,-1.155229
86.2520,-0.269513,0.251796,-3.811867,0.000589,0.002144,-1.142552,-0.180650,0.126228,-3.137541,0.000539,0.002317,-1.144863
86.3000,-0.269566,0.251918,-3.811874,0.000597,0.002133,-1.129984,-0.588576,0.048513,-3.068594,0.000587,0.001946,-1.129812
86.3500,-0.269620,0.252038,-3.811881,0.000606,0.002122,-1.117416,-0.604849,0.038367,-3.040647,0.000447,0.002219,-1.119882
86.4000,-0.269676,0.252156,-3.811888,0.000614,0.002112,-1.104850,-0.629069,0.022882,-2.989992,0.000622,0.002114,-1.104743
86.4500,-0.269732,0.252272,-3.811895,0.000623,0.002102,-1.092284,-0.269353,0.307883,-3.728359,0.000679,0.002235,-1.094856
86.5000,-0.269789,0.252386,-3.811901,0.000631,0.002092,-1.079718,-0.267583,0.316733,-3.720498,0.000516,0.002246,-1.079801
86.5500,-0.269847,0.252498,-3.811908,0.000639,0.002083,-1.067153,-0.266476,0.322644,-3.730038,0.000861,0.002167,-1.069621
86.6000,-0.269906,0.252608,-3.811915,0.000648,0.002075,-1.054589,-0.264943,0.331612,-3.705760,0.000499,0.002081,-1.054539
86.6500,-0.269966,0.252717,-3.811921,0.000656,0.002067,-1.042026,-0.263991,0.337564,-3.711750,0.000909,0.002025,-1.044335
86.7000,-0.270027,0.252823,-3.811928,0.000664,0.002059,-1.029463,-0.262712,0.346707,-3.664940,0.000612,0.002090,-1.029434
86.7500,-0.270088,0.252928,-3.811934,0.000672,0.002051,-1.016901,-0.261921,0.352706,-3.665981,0.000773,0.002013,-1.019242
86.8000,-0.270150,0.253031,-3.811941,0.000680,0.002044,-1.004339,-0.260911,0.362051,-3.595141,0.000500,0.001891,-1.004260
86.8500,-0.270213,0.253132,-3.811947,0.000688,0.002037,-0.991778,-0.260282,0.368106,-3.590268,0.000737,0.001973,-0.994521
86.9020,-0.270276,0.253231,-3.811953,0.000696,0.002030,-0.979218,-0.259539,0.377634,-3.500356,0.000722,0.002174,-0.979148
86.9500,-0.270340,0.253328,-3.811960,0.000703,0.002024,-0.966658,-0.259075,0.383741,-3.489325,0.000583,0.001986,-0.969363
87.0000,-0.270404,0.253423,-3.811966,0.000711,0.002017,-0.954099,-0.258597,0.393389,-3.390469,0.000535,0.002072,-0.954078
87.0520,-0.270469,0.253517,-3.811972,0.000719,0.002011,-0.941540,-0.258296,0.399546,-3.373816,0.000748,0.001822,-0.944107
87.1000,-0.270535,0.253609,-3.811978,0.000726,0.002005,-0.928982,-0.258068,0.409228,-3.277449,0.000577,0.002197,-0.928950
87.1500,-0.270601,0.253699,-3.811984,0.000734,0.002000,-0.916425,-0.257933,0.415418,-3.256286,0.000737,0.002068,-0.919033
87.2000,-0.270667,0.253787,-3.811990,0.000741,0.001994,-0.903868,-0.257936,0.425053,-3.171382,0.000817,0.001991,-0.903748
87.2500,-0.270734,0.253874,-3.811996,0.000749,0.001989,-0.891312,-0.257970,0.431263,-3.147081,0.000657,0.002027,-0.893912
87.3000,-0.270802,0.253958,-3.812002,0.000756,0.001983,-0.878756,-0.453670,0.972205,-3.078201,0.000719,0.002005,-0.878883
87.3520,-0.270870,0.254042,-3.812008,0.000763,0.001978,-0.866201,-0.467269,1.006217,-3.052093,0.000933,0.001886,-0.868841
87.4000,-0.270938,0.254123,-3.812014,0.000770,0.001973,-0.853646,-0.488329,1.057013,-3.001135,0.000890,0.002083,-0.853581
87.4500,-0.271006,0.254202,-3.812019,0.000777,0.001968,-0.841092,-0.280621,0.230806,-3.739932,0.000816,0.002082,-0.843550
87.5000,-0.271075,0.254280,-3.812025,0.000784,0.001964,-0.828539,-0.279448,0.218790,-3.734058,0.000924,0.001945,-0.828603
87.5500,-0.271144,0.254357,-3.812031,0.000791,0.001959,-0.815986,-0.278562,0.210782,-3.745179,0.000904,0.002047,-0.818450
87.6020,-0.271213,0.254431,-3.812036,0.000798,0.001954,-0.803433,-0.277117,0.198868,-3.722426,0.000667,0.001951,-0.803451
87.6500,-0.271283,0.254504,-3.812042,0.000805,0.001950,-0.790881,-0.276039,0.190900,-3.729919,0.000877,0.002086,-0.793375
87.7020,-0.271353,0.254575,-3.812047,0.000812,0.001946,-0.778330,-0.274344,0.179158,-3.683887,0.000686,0.001909,-0.778237
87.7500,-0.271423,0.254645,-3.812053,0.000819,0.001941,-0.765779,-0.273078,0.171246,-3.686298,0.000736,0.001933,-0.768198
87.8000,-0.271493,0.254713,-3.812058,0.000825,0.001937,-0.753228,-0.271154,0.159713,-3.615251,0.000969,0.001927,-0.753250
87.8500,-0.271563,0.254779,-3.812063,0.000832,0.001933,-0.740678,-0.269709,0.151871,-3.611563,0.000770,0.001962,-0.743321
87.9000,-0.271634,0.254844,-3.812069,0.000838,0.001929,-0.728129,-0.267560,0.140546,-3.520401,0.000709,0.001972,-0.728148
87.9500,-0.271704,0.254907,-3.812074,0.000845,0.001925,-0.715580,-0.265935,0.132783,-3.510329,0.000940,0.001761,-0.718064
88.0000,-0.271775,0.254969,-3.812079,0.000851,0.001921,-0.703031,-0.263543,0.121620,-3.409345,0.000817,0.001862,-0.702970
88.0500,-0.271845,0.255029,-3.812084,0.000858,0.001917,-0.690483,-0.261746,0.113937,-3.393406,0.000846,0.001998,-0.693001
88.1000,-0.271916,0.255088,-3.812089,0.000864,0.001913,-0.677936,-0.259086,0.102868,-3.294358,0.000913,0.001955,-0.677919
88.1500,-0.271987,0.255145,-3.812094,0.000870,0.001909,-0.665389,-0.257113,0.095260,-3.273671,0.000761,0.001992,-0.667910
88.2000,-0.272057,0.255201,-3.812099,0.000876,0.001905,-0.652842,-0.254158,0.084224,-3.185891,0.000878,0.001828,-0.652871
88.2500,-0.272128,0.255255,-3.812104,0.000882,0.001901,-0.640296,-0.252007,0.076688,-3.161853,0.000889,0.001910,-0.642760
88.3000,-0.272199,0.255308,-3.812109,0.000889,0.001897,-0.627750,-0.656014,0.049546,-3.090425,0.000757,0.001936,-0.627618
88.3500,-0.272269,0.255359,-3.812114,0.000895,0.001894,-0.615205,-0.675669,0.039059,-3.064416,0.000933,0.002024,-0.617916
88.4000,-0.272340,0.255409,-3.812119,0.000901,0.001890,-0.602660,-0.704976,0.023001,-3.010910,0.000845,0.001894,-0.602749
88.4500,-0.272410,0.255457,-3.812123,0.000907,0.001886,-0.590116,-0.231233,0.233975,-3.787719,0.000965,0.002038,-0.592589
88.5000,-0.272481,0.255504,-3.812128,0.000913,0.001883,-0.577572,-0.225167,0.237593,-3.783115,0.001038,0.001971,-0.577745
88.5500,-0.272551,0.255550,-3.812133,0.000918,0.001879,-0.565029,-0.221151,0.240051,-3.796034,0.000798,0.001912,-0.567684
88.6000,-0.272621,0.255594,-3.812137,0.000924,0.001875,-0.552486,-0.215218,0.243890,-3.773350,0.000819,0.001938,-0.552355
88.6520,-0.272691,0.255637,-3.812142,0.000930,0.001872,-0.539943,-0.211274,0.246464,-3.782396,0.000959,0.001884,-0.542542
88.7000,-0.272761,0.255679,-3.812146,0.000936,0.001868,-0.527401,-0.205517,0.250580,-3.734686,0.000771,0.001568,-0.527279
88.7500,-0.272830,0.255719,-3.812151,0.000941,0.001865,-0.514859,-0.201656,0.253278,-3.738294,0.000923,0.001794,-0.517424
88.8000,-0.272900,0.255758,-3.812155,0.000947,0.001861,-0.502318,-0.196102,0.257696,-3.663556,0.000845,0.001796,-0.502261
88.8500,-0.272969,0.255796,-3.812159,0.000953,0.001857,-0.489777,-0.192336,0.260526,-3.660614,0.001135,0.001856,-0.492180
88.9020,-0.273038,0.255833,-3.812164,0.000958,0.001854,-0.477237,-0.186992,0.265237,-3.563943,0.001086,0.002165,-0.477271
88.9500,-0.273106,0.255868,-3.812168,0.000964,0.001850,-0.464697,-0.183324,0.268190,-3.554121,0.000911,0.001857,-0.467211
89.0000,-0.273175,0.255902,-3.812172,0.000969,0.001847,-0.452157,-0.178165,0.273139,-3.446453,0.000948,0.001914,-0.452218
89.0500,-0.273243,0.255934,-3.812176,0.000975,0.001843,-0.439618,-0.174600,0.276219,-3.430280,0.000932,0.001903,-0.442153
89.1000,-0.273311,0.255966,-3.812180,0.000980,0.001840,-0.427079,-0.169587,0.281329,-3.324213,0.000996,0.001919,-0.427098
89.1500,-0.273378,0.255996,-3.812185,0.000986,0.001836,-0.414540,-0.166121,0.284523,-3.302869,0.001053,0.001972,-0.417138
89.2000,-0.273445,0.256026,-3.812189,0.000991,0.001833,-0.402002,-0.161213,0.289720,-3.208477,0.000860,0.001986,-0.401941
89.2500,-0.273512,0.256054,-3.812193,0.000996,0.001829,-0.389464,-0.157842,0.293019,-3.183446,0.000997,0.001915,-0.391987
89.3000,-0.273579,0.256080,-3.812197,0.001002,0.001826,-0.376927,-0.464010,0.129915,-3.106356,0.001123,0.001844,-0.376933
89.3520,-0.273645,0.256106,-3.812200,0.001007,0.001822,-0.364390,-0.476705,0.122542,-3.079122,0.000779,0.001809,-0.367000
89.4000,-0.273711,0.256131,-3.812204,0.001012,0.001819,-0.351853,-0.495640,0.111306,-3.020980,0.000979,0.001723,-0.351952
89.4500,-0.273777,0.256154,-3.812208,0.001017,0.001815,-0.339317,-0.342036,0.198085,-3.798944,0.001027,0.001818,-0.341818
89.5020,-0.273842,0.256177,-3.812212,0.001022,0.001811,-0.326781,-0.349009,0.194657,-3.792175,0.000957,0.001792,-0.326804
89.5500,-0.273907,0.256198,-3.812216,0.001027,0.001808,-0.314245,-0.353627,0.192310,-3.803823,0.000872,0.001815,-0.316808
89.6000,-0.273971,0.256219,-3.812220,0.001033,0.001804,-0.301710,-0.360567,0.188772,-3.778950,0.001031,0.001865,-0.301831
89.6500,-0.274035,0.256238,-3.812223,0.001038,0.001801,-0.289175,-0.365137,0.186327,-3.786700,0.001127,0.001999,-0.291775
89.7000,-0.274098,0.256256,-3.812227,0.001043,0.001797,-0.276641,-0.372085,0.182727,-3.736882,0.000737,0.001703,-0.276534
89.7500,-0.274162,0.256274,-3.812231,0.001048,0.001794,-0.264107,-0.376612,0.180188,-3.739179,0.001119,0.001904,-0.266697
89.8000,-0.274224,0.256290,-3.812234,0.001053,0.001790,-0.251573,-0.383596,0.176550,-3.662597,0.001123,0.001686,-0.251568
89.8500,-0.274287,0.256305,-3.812238,0.001058,0.001787,-0.239039,-0.388089,0.173926,-3.658355,0.000974,0.001668,-0.241464
89.9000,-0.274348,0.256320,-3.812241,0.001062,0.001783,-0.226506,-0.395099,0.170245,-3.560307,0.000943,0.001900,-0.226516
89.9500,-0.274410,0.256333,-3.812245,0.001067,0.001779,-0.213973,-0.399558,0.167542,-3.549227,0.000972,0.001911,-0.216500
90.0000,-0.274471,0.256346,-3.812248,0.001072,0.001776,-0.201441,-0.406555,0.163774,-3.440779,0.001045,0.001779,-0.201516
90.0500,-0.274531,0.256358,-3.812252,0.001077,0.001772,-0.188908,-0.410976,0.160988,-3.423424,0.001183,0.001806,-0.191469
90.1000,-0.274591,0.256368,-3.812255,0.001082,0.001768,-0.176377,-0.417898,0.157072,-3.317187,0.001156,0.001856,-0.176425
90.1520,-0.274651,0.256378,-3.812258,0.001087,0.001765,-0.163845,-0.422275,0.154198,-3.294763,0.000976,0.001688,-0.166260
90.2020,-0.274708,0.256394,-3.812260,0.001101,0.001764,-0.151711,-0.429062,0.150083,-3.200717,0.001256,0.001885,-0.151715
90.2500,-0.274750,0.256469,-3.812279,0.001162,0.001764,-0.142383,-0.433381,0.147148,-3.174731,0.001293,0.001757,-0.144053
90.3000,-0.274782,0.256591,-3.812304,0.001241,0.001747,-0.135817,-0.014446,0.725164,-3.098343,0.001157,0.001836,-0.135674
90.3500,-0.274819,0.256701,-3.812315,0.001289,0.001709,-0.130565,0.001623,0.755808,-3.070269,0.001276,0.001538,-0.131532
90.4000,-0.274863,0.256791,-3.812314,0.001301,0.001671,-0.126338,0.025442,0.801909,-3.013103,0.001428,0.001635,-0.126419
90.4500,-0.274912,0.256867,-3.812306,0.001294,0.001638,-0.123136,-0.213192,0.283741,-3.744725,0.001364,0.001684,-0.123870
90.5000,-0.274965,0.256931,-3.812295,0.001276,0.001609,-0.120780,-0.205494,0.287502,-3.735184,0.001270,0.001447,-0.120935
90.5500,-0.275021,0.256984,-3.812284,0.001246,0.001580,-0.119035,-0.200368,0.290007,-3.743872,0.001362,0.001445,-0.119433
90.6000,-0.275079,0.257026,-3.812273,0.001207,0.001551,-0.117754,-0.192749,0.293823,-3.717741,0.001228,0.001486,-0.117491
90.6500,-0.275138,0.257060,-3.812264,0.001162,0.001523,-0.116854,-0.187652,0.296339,-3.722827,0.001256,0.001579,-0.116894
90.7000,-0.275198,0.257086,-3.812256,0.001114,0.001496,-0.116258,-0.180136,0.300242,-3.674017,0.001112,0.001413,-0.116126
90.7500,-0.275258,0.257107,-3.812249,0.001063,0.001469,-0.115899,-0.175066,0.302774,-3.674099,0.001244,0.001522,-0.115896
90.8000,-0.275319,0.257123,-3.812244,0.001011,0.001443,-0.115721,-0.167666,0.306782,-3.601237,0.000975,0.001482,-0.115832
90.8500,-0.275379,0.257136,-3.812241,0.000959,0.001418,-0.115687,-0.162621,0.309333,-3.595360,0.000927,0.001466,-0.115627
90.9000,-0.275439,0.257146,-3.812238,0.000908,0.001394,-0.115767,-0.155323,0.313424,-3.503605,0.000884,0.001362,-0.115884
90.9500,-0.275499,0.257153,-3.812237,0.000857,0.001371,-0.115934,-0.150304,0.316000,-3.491546,0.001010,0.001492,-0.116088
91.0000,-0.275559,0.257159,-3.812236,0.000808,0.001348,-0.116169,-0.143069,0.320133,-3.391219,0.000700,0.001231,-0.116081
91.0500,-0.275619,0.257164,-3.812236,0.000760,0.001327,-0.116456,-0.138071,0.322730,-3.373545,0.000875,0.001283,-0.116485
91.1000,-0.275678,0.257167,-3.812237,0.000714,0.001306,-0.116784,-0.130846,0.326854,-3.276194,0.000651,0.001240,-0.116877
91.1500,-0.275736,0.257170,-3.812238,0.000670,0.001286,-0.117143,-0.125868,0.329467,-3.254046,0.000615,0.001257,-0.116989
91.2020,-0.275795,0.257172,-3.812240,0.000628,0.001267,-0.117525,-0.118606,0.333546,-3.168663,0.000705,0.001340,-0.117606
91.2500,-0.275852,0.257173,-3.812241,0.000589,0.001248,-0.117925,-0.113639,0.336163,-3.143438,0.000632,0.001246,-0.117896
91.3000,-0.275910,0.257174,-3.812244,0.000551,0.001231,-0.118337,-0.058630,0.605935,-3.074792,0.000626,0.001224,-0.118281
91.3500,-0.275967,0.257175,-3.812246,0.000516,0.001214,-0.118758,-0.051073,0.623000,-3.047859,0.000442,0.001169,-0.118566
91.4000,-0.276023,0.257175,-3.812249,0.000483,0.001197,-0.119185,-0.039749,0.648614,-2.997172,0.000564,0.001230,-0.119280
91.4500,-0.276078,0.257175,-3.812251,0.000451,0.001182,-0.119616,-0.201156,0.227559,-3.698563,0.000314,0.001167,-0.119522
91.5000,-0.276134,0.257175,-3.812254,0.000422,0.001167,-0.120049,-0.202432,0.220395,-3.690188,0.000351,0.001243,-0.119905
91.5500,-0.276188,0.257175,-3.812257,0.000394,0.001152,-0.120483,-0.203281,0.215620,-3.698766,0.000256,0.001169,-0.120541
91.6000,-0.276242,0.257175,-3.812260,0.000368,0.001139,-0.120916,-0.204601,0.208484,-3.674738,0.000184,0.001107,-0.120858
91.6500,-0.276296,0.257174,-3.812263,0.000344,0.001126,-0.121348,-0.205462,0.203718,-3.679922,0.000485,0.001013,-0.121293
91.7000,-0.276349,0.257173,-3.812266,0.000320,0.001113,-0.121779,-0.206858,0.196618,-3.634456,0.000292,0.001171,-0.121716
91.7520,-0.276401,0.257172,-3.812269,0.000299,0.001101,-0.122207,-0.207741,0.191860,-3.634918,0.000331,0.001127,-0.122313
91.8000,-0.276453,0.257171,-3.812272,0.000279,0.001089,-0.122631,-0.209227,0.184802,-3.566659,0.000396,0.000904,-0.122585
91.8500,-0.276505,0.257170,-3.812275,0.000260,0.001078,-0.123053,-0.210134,0.180053,-3.561490,0.000261,0.001126,-0.123098
91.9000,-0.276556,0.257169,-3.812278,0.000243,0.001067,-0.123472,-0.211704,0.173029,-3.475246,0.000276,0.001092,-0.123515
91.9500,-0.276606,0.257169,-3.812281,0.000227,0.001056,-0.123887,-0.212635,0.168293,-3.464227,0.000368,0.000931,-0.123880
92.0000,-0.276656,0.257168,-3.812284,0.000213,0.001046,-0.124298,-0.214259,0.161288,-3.369704,0.000169,0.001184,-0.124182
92.0500,-0.276705,0.257167,-3.812287,0.000200,0.001036,-0.124705,-0.215212,0.156561,-3.353359,0.000113,0.000976,-0.124652
92.1000,-0.276754,0.257166,-3.812290,0.000188,0.001027,-0.125109,-0.216851,0.149558,-3.261460,0.000238,0.001154,-0.125222
92.1500,-0.276802,0.257165,-3.812294,0.000177,0.001018,-0.125509,-0.217821,0.144838,-3.240859,0.000240,0.001295,-0.125500
92.2000,-0.276850,0.257164,-3.812297,0.000168,0.001010,-0.125905,-0.219439,0.137820,-3.160099,-0.000038,0.001006,-0.125904
92.2500,-0.276898,0.257163,-3.812300,0.000159,0.001001,-0.126297,-0.220420,0.133108,-3.136557,0.000257,0.001070,-0.126202
92.3000,-0.276945,0.257162,-3.812303,0.000151,0.000993,-0.126685,-0.237755,0.314680,-3.071507,0.000120,0.000801,-0.126584
92.3500,-0.276991,0.257161,-3.812306,0.000145,0.000986,-0.127069,-0.239574,0.320228,-3.046315,0.000299,0.000874,-0.126962
92.4000,-0.277037,0.257160,-3.812308,0.000139,0.000979,-0.127450,-0.242319,0.328552,-2.998116,0.000238,0.001077,-0.127216
92.4500,-0.277082,0.257159,-3.812311,0.000134,0.000972,-0.127826,-0.237957,0.180733,-3.806556,0.000007,0.000934,-0.127543
92.5000,-0.277127,0.257158,-3.812314,0.000130,0.000965,-0.128199,-0.240225,0.177581,-3.805227,0.000217,0.001010,-0.128120
92.5520,-0.277172,0.257157,-3.812317,0.000126,0.000958,-0.128568,-0.241735,0.175480,-3.820723,0.000326,0.001006,-0.128614
92.6000,-0.277216,0.257156,-3.812320,0.000123,0.000952,-0.128933,-0.244045,0.172340,-3.800590,0.000043,0.000960,-0.128907
92.6500,-0.277259,0.257155,-3.812323,0.000121,0.000946,-0.129295,-0.245567,0.170240,-3.812091,0.000188,0.000845,-0.129218
92.7000,-0.277303,0.257154,-3.812326,0.000119,0.000941,-0.129653,-0.247948,0.167124,-3.765752,0.000279,0.000914,-0.129600
92.7500,-0.277345,0.257153,-3.812328,0.000117,0.000935,-0.130007,-0.249485,0.165028,-3.771610,0.000051,0.001002,-0.130058
92.8000,-0.277388,0.257152,-3.812331,0.000116,0.000930,-0.130358,-0.251958,0.161938,-3.696683,0.000116,0.000738,-0.130438
92.8500,-0.277429,0.257151,-3.812334,0.000115,0.000925,-0.130705,-0.253517,0.159848,-3.695698,0.000120,0.000921,-0.130468
92.9000,-0.277471,0.257150,-3.812337,0.000114,0.000920,-0.131048,-0.256077,0.156783,-3.597172,-0.000018,0.000780,-0.131149
92.9500,-0.277512,0.257149,-3.812339,0.000114,0.000916,-0.131388,-0.257660,0.154703,-3.588949,0.000169,0.001113,-0.131352
93.0000,-0.277552,0.257148,-3.812342,0.000113,0.000911,-0.131724,-0.260278,0.151656,-3.478010,-0.000009,0.000764,-0.131848
93.0500,-0.277592,0.257147,-3.812345,0.000113,0.000907,-0.132057,-0.261883,0.149585,-3.463046,0.000102,0.000947,-0.132009
93.1000,-0.277632,0.257147,-3.812347,0.000114,0.000903,-0.132387,-0.264523,0.146543,-3.352798,0.000018,0.000974,-0.132280
93.1500,-0.277671,0.257146,-3.812350,0.000114,0.000899,-0.132713,-0.266142,0.144480,-3.332281,0.000041,0.000932,-0.132632
93.2000,-0.277710,0.257145,-3.812352,0.000114,0.000896,-0.133036,-0.268766,0.141434,-3.233362,0.000119,0.000969,-0.133047
93.2500,-0.277749,0.257144,-3.812355,0.000115,0.000892,-0.133355,-0.270398,0.139377,-3.208817,-0.000036,0.000948,-0.133317
93.3000,-0.277787,0.257143,-3.812358,0.000115,0.000889,-0.133671,-0.267736,0.528400,-3.127318,0.000145,0.000925,-0.133613
93.3500,-0.277825,0.257142,-3.812360,0.000116,0.000885,-0.133984,-0.269036,0.547659,-3.100276,0.000293,0.000955,-0.133783
93.4000,-0.277862,0.257141,-3.812363,0.000117,0.000882,-0.134294,-0.271015,0.576553,-3.038130,0.000200,0.000962,-0.134308
93.4500,-0.277899,0.257140,-3.812365,0.000117,0.000880,-0.134601,-0.325856,0.309498,-3.676206,-0.000070,0.000989,-0.134522
93.5000,-0.277936,0.257140,-3.812367,0.000118,0.000877,-0.134904,-0.331825,0.316999,-3.662794,0.000034,0.000833,-0.134826
93.5500,-0.277972,0.257139,-3.812370,0.000119,0.000874,-0.135204,-0.335801,0.322001,-3.667469,-0.000095,0.000898,-0.135090
93.6000,-0.278008,0.257138,-3.812372,0.000120,0.000872,-0.135501,-0.341793,0.329515,-3.639444,0.000181,0.000722,-0.135465
93.6500,-0.278043,0.257137,-3.812375,0.000121,0.000869,-0.135796,-0.345773,0.334523,-3.640898,0.000205,0.000845,-0.135792
93.7000,-0.278078,0.257137,-3.812377,0.000122,0.000867,-0.136087,-0.351811,0.342056,-3.593144,0.000143,0.000977,-0.136097
93.7500,-0.278113,0.257136,-3.812379,0.000123,0.000865,-0.136375,-0.355799,0.347068,-3.590170,-0.000096,0.000893,-0.136423
93.8000,-0.278147,0.257135,-3.812382,0.000123,0.000863,-0.136660,-0.361893,0.354620,-3.521907,-0.000180,0.000847,-0.136523
93.8500,-0.278181,0.257134,-3.812384,0.000124,0.000861,-0.136942,-0.365891,0.359641,-3.513725,0.000138,0.000844,-0.136815
93.9000,-0.278215,0.257134,-3.812386,0.000125,0.000859,-0.137222,-0.372034,0.367212,-3.429942,0.000132,0.000879,-0.137215
93.9500,-0.278248,0.257133,-3.812388,0.000126,0.000857,-0.137498,-0.376041,0.372236,-3.416432,-0.000039,0.000718,-0.137575
94.0000,-0.278281,0.257132,-3.812391,0.000127,0.000856,-0.137772,-0.382214,0.379822,-3.326493,0.000221,0.000908,-0.137801
94.0500,-0.278314,0.257132,-3.812393,0.000128,0.000854,-0.138042,-0.386231,0.384852,-3.308229,0.000123,0.000738,-0.138026
94.1000,-0.278346,0.257131,-3.812395,0.000128,0.000852,-0.138310,-0.392403,0.392442,-3.222310,0.000213,0.000787,-0.138349
94.1500,-0.278378,0.257131,-3.812397,0.000129,0.000851,-0.138576,-0.396429,0.397478,-3.200354,0.000190,0.000915,-0.138582
94.2000,-0.278410,0.257130,-3.812399,0.000130,0.000850,-0.138838,-0.402574,0.405066,-3.126144,0.000243,0.000726,-0.138805
94.2500,-0.278441,0.257130,-3.812401,0.000131,0.000848,-0.139098,-0.406608,0.410101,-3.101756,0.000182,0.000729,-0.139040
94.3000,-0.278472,0.257129,-3.812403,0.000131,0.000847,-0.139355,-0.633521,0.498503,-3.043113,0.000179,0.000910,-0.139324
94.3520,-0.278503,0.257129,-3.812405,0.000132,0.000846,-0.139610,-0.649551,0.507961,-3.017506,0.000017,0.000773,-0.139513
94.4000,-0.278533,0.257128,-3.812407,0.000133,0.000845,-0.139862,-0.673595,0.522160,-2.975195,0.000160,0.000749,-0.139770
94.4500,-0.278563,0.257128,-3.812409,0.000134,0.000844,-0.140111,-0.344042,0.311723,-3.750622,0.000264,0.000895,-0.140025
94.5000,-0.278593,0.257127,-3.812411,0.000134,0.000843,-0.140358,-0.342272,0.309434,-3.748516,0.000146,0.000877,-0.140345
94.5500,-0.278623,0.257127,-3.812413,0.000135,0.000842,-0.140602,-0.341090,0.307907,-3.762388,0.000083,0.000713,-0.140729
94.6000,-0.278652,0.257126,-3.812415,0.000135,0.000841,-0.140844,-0.339353,0.305625,-3.742819,0.000152,0.000847,-0.140864
94.6500,-0.278681,0.257126,-3.812417,0.000136,0.000840,-0.141083,-0.338179,0.304099,-3.752975,0.000241,0.000833,-0.141041
94.7000,-0.278709,0.257125,-3.812419,0.000137,0.000839,-0.141320,-0.336499,0.301836,-3.709113,0.000007,0.000751,-0.141307
94.7500,-0.278737,0.257125,-3.812421,0.000137,0.000839,-0.141554,-0.335338,0.300312,-3.714026,0.000157,0.000950,-0.141519
94.8020,-0.278765,0.257125,-3.812423,0.000138,0.000838,-0.141786,-0.333732,0.298070,-3.643733,0.000081,0.000965,-0.141721
94.8500,-0.278793,0.257124,-3.812425,0.000138,0.000837,-0.142015,-0.332584,0.296551,-3.642300,0.000108,0.000880,-0.142107
94.9000,-0.278820,0.257124,-3.812427,0.000139,0.000837,-0.142242,-0.331050,0.294329,-3.550285,0.000165,0.000691,-0.142286
94.9500,-0.278848,0.257124,-3.812429,0.000139,0.000836,-0.142467,-0.329922,0.292815,-3.542152,0.000198,0.000766,-0.142594
95.0000,-0.278874,0.257123,-3.812430,0.000140,0.000835,-0.142690,-0.328438,0.290607,-3.438851,0.000065,0.000690,-0.142645
95.0500,-0.278901,0.257123,-3.812432,0.000140,0.000835,-0.142910,-0.327328,0.289099,-3.424492,0.000006,0.000805,-0.142738
95.1000,-0.278927,0.257123,-3.812434,0.000140,0.000834,-0.143128,-0.325859,0.286896,-3.322075,0.000040,0.000878,-0.143075
95.1500,-0.278953,0.257122,-3.812436,0.000141,0.000834,-0.143344,-0.324761,0.285393,-3.302604,0.000179,0.000934,-0.143316
95.2000,-0.278979,0.257122,-3.812438,0.000141,0.000833,-0.143557,-0.323278,0.283186,-3.210912,0.000217,0.000893,-0.143653
95.2500,-0.279005,0.257122,-3.812439,0.000141,0.000833,-0.143769,-0.322191,0.281681,-3.187747,0.000234,0.000689,-0.143723
95.3000,-0.279030,0.257121,-3.812441,0.000142,0.000832,-0.143978,-0.146315,0.201326,-3.112438,0.000188,0.000976,-0.144134
95.3500,-0.279055,0.257121,-3.812443,0.000142,0.000832,-0.144185,-0.135764,0.195556,-3.087013,0.000094,0.000710,-0.144093
95.4000,-0.279080,0.257121,-3.812444,0.000142,0.000831,-0.144390,-0.119967,0.186913,-3.029696,0.000260,0.000760,-0.144324
95.4500,-0.279104,0.257121,-3.812446,0.000142,0.000831,-0.144592,-0.295339,0.226825,-3.751625,0.000151,0.000829,-0.144613
95.5000,-0.279128,0.257120,-3.812448,0.000143,0.000831,-0.144793,-0.293387,0.221597,-3.744544,0.000173,0.000812,-0.144611
95.5500,-0.279152,0.257120,-3.812449,0.000143,0.000830,-0.144992,-0.292085,0.218110,-3.755023,0.000105,0.001022,-0.144918
95.6000,-0.279176,0.257120,-3.812451,0.000143,0.000830,-0.145188,-0.290166,0.212890,-3.730977,0.000366,0.000738,-0.145109
95.6500,-0.279199,0.257120,-3.812452,0.000143,0.000829,-0.145383,-0.288870,0.209406,-3.737796,0.000072,0.000865,-0.145272
95.7000,-0.279223,0.257120,-3.812454,0.000144,0.000829,-0.145575,-0.287005,0.204200,-3.690410,0.000302,0.000662,-0.145470
95.7500,-0.279246,0.257120,-3.812456,0.000144,0.000829,-0.145766,-0.285723,0.200721,-3.692117,0.000183,0.000634,-0.145916
95.8000,-0.279268,0.257119,-3.812457,0.000144,0.000828,-0.145954,-0.283930,0.195540,-3.619751,0.000166,0.000813,-0.146014
95.8500,-0.279291,0.257119,-3.812459,0.000144,0.000828,-0.146141,-0.282666,0.192063,-3.615338,0.000134,0.000759,-0.146028
95.9000,-0.279313,0.257119,-3.812460,0.000144,0.000828,-0.146326,-0.280939,0.186905,-3.523020,0.000083,0.000802,-0.146322
95.9500,-0.279335,0.257119,-3.812462,0.000145,0.000827,-0.146509,-0.279691,0.183432,-3.512217,0.000301,0.000966,-0.146448
96.0000,-0.279357,0.257119,-3.812463,0.000145,0.000827,-0.146690,-0.278009,0.178285,-3.410358,0.000076,0.000713,-0.146507
96.0500,-0.279379,0.257119,-3.812465,0.000145,0.000827,-0.146869,-0.276779,0.174819,-3.393703,0.000143,0.000812,-0.146662
96.1000,-0.279400,0.257119,-3.812466,0.000145,0.000827,-0.147046,-0.275110,0.169676,-3.294120,0.000246,0.000655,-0.147070
96.1500,-0.279421,0.257118,-3.812467,0.000145,0.000826,-0.147221,-0.273895,0.166211,-3.272752,-0.000007,0.000864,-0.147262
96.2020,-0.279442,0.257118,-3.812469,0.000146,0.000826,-0.147395,-0.272212,0.161063,-3.184770,0.000081,0.000770,-0.147293
96.2500,-0.279463,0.257118,-3.812470,0.000146,0.000826,-0.147567,-0.271008,0.157603,-3.160099,0.000219,0.000850,-0.147538
96.3000,-0.279484,0.257118,-3.812472,0.000146,0.000826,-0.147737,-0.256426,0.451556,-3.088813,0.000151,0.000916,-0.147656
96.3520,-0.279504,0.257118,-3.812473,0.000146,0.000826,-0.147905,-0.254504,0.464359,-3.062234,0.000104,0.000850,-0.147898
96.4000,-0.279524,0.257118,-3.812474,0.000146,0.000825,-0.148072,-0.251633,0.483567,-3.009004,0.000081,0.001036,-0.148207
96.4500,-0.279544,0.257118,-3.812476,0.000147,0.000825,-0.148237,-0.371189,0.210203,-3.791704,0.000192,0.000888,-0.148489
96.5000,-0.279564,0.257118,-3.812477,0.000147,0.000825,-0.148400,-0.377386,0.208032,-3.786786,0.000143,0.000721,-0.148388
96.5500,-0.279583,0.257118,-3.812478,0.000147,0.000825,-0.148562,-0.381513,0.206582,-3.799525,-0.000030,0.000858,-0.148369
96.6000,-0.279603,0.257118,-3.812480,0.000147,0.000825,-0.148721,-0.387741,0.204421,-3.776518,-0.000024,0.000796,-0.148529
96.6500,-0.279622,0.257118,-3.812481,0.000147,0.000824,-0.148880,-0.391876,0.202976,-3.785379,0.000069,0.000952,-0.148814
96.7000,-0.279641,0.257118,-3.812482,0.000148,0.000824,-0.149036,-0.398159,0.200838,-3.737350,0.000082,0.000871,-0.149123
96.7500,-0.279659,0.257118,-3.812484,0.000148,0.000824,-0.149191,-0.402307,0.199401,-3.740769,0.000227,0.000852,-0.149089
96.8020,-0.279678,0.257117,-3.812485,0.000148,0.000824,-0.149345,-0.408664,0.197289,-3.665740,0.000123,0.000766,-0.149520
96.8500,-0.279696,0.257117,-3.812486,0.000148,0.000824,-0.149496,-0.412829,0.195859,-3.662609,0.000029,0.000779,-0.149466
96.9000,-0.279714,0.257117,-3.812487,0.000148,0.000824,-0.149647,-0.419257,0.193773,-3.565706,0.000205,0.000915,-0.149739
96.9500,-0.279732,0.257117,-3.812488,0.000149,0.000824,-0.149795,-0.423438,0.192347,-3.555700,0.000125,0.000846,-0.149744
97.0000,-0.279750,0.257117,-3.812490,0.000149,0.000823,-0.149943,-0.429915,0.190279,-3.447880,0.000074,0.000977,-0.149948
97.0520,-0.279768,0.257117,-3.812491,0.000149,0.000823,-0.150088,-0.434110,0.188862,-3.431531,0.000067,0.000964,-0.149918
97.1000,-0.279785,0.257117,-3.812492,0.000149,0.000823,-0.150232,-0.440602,0.186800,-3.325398,0.000048,0.000784,-0.150260
97.1500,-0.279802,0.257117,-3.812493,0.000149,0.000823,-0.150375,-0.444811,0.185391,-3.303890,0.000231,0.000763,-0.150487
97.2000,-0.279819,0.257117,-3.812494,0.000150,0.000823,-0.150516,-0.451287,0.183328,-3.209511,-0.000063,0.000790,-0.150500
97.2500,-0.279836,0.257117,-3.812495,0.000150,0.000823,-0.150656,-0.455509,0.181924,-3.184332,-0.000032,0.000737,-0.150635
97.3000,-0.279853,0.257117,-3.812497,0.000150,0.000823,-0.150794,-0.439298,0.423180,-3.107324,0.000191,0.000782,-0.150982
97.3500,-0.279870,0.257117,-3.812498,0.000150,0.000823,-0.150931,-0.442282,0.435007,-3.079956,0.000163,0.000860,-0.150889
97.4000,-0.279886,0.257117,-3.812499,0.000150,0.000823,-0.151067,-0.446776,0.452755,-3.021925,0.000136,0.000720,-0.150805
97.4500,-0.279902,0.257117,-3.812500,0.000151,0.000823,-0.151201,-0.254033,0.367112,-3.608702,0.000106,0.000882,-0.151224
97.5000,-0.279918,0.257117,-3.812501,0.000151,0.000823,-0.151334,-0.243870,0.377550,-3.593474,0.000102,0.000859,-0.151311
97.5500,-0.279934,0.257117,-3.812502,0.000151,0.000822,-0.151465,-0.237092,0.384508,-3.595594,0.000235,0.000944,-0.151398
97.6000,-0.279950,0.257117,-3.812503,0.000151,0.000822,-0.151595,-0.226947,0.394955,-3.567460,0.000045,0.000775,-0.151420
97.6500,-0.279965,0.257117,-3.812504,0.000151,0.000822,-0.151724,-0.220172,0.401916,-3.566702,0.000272,0.000837,-0.151549
97.7000,-0.279981,0.257118,-3.812505,0.000151,0.000822,-0.151851,-0.210065,0.412373,-3.521319,0.000313,0.000850,-0.151787
97.7500,-0.279996,0.257118,-3.812506,0.000152,0.000822,-0.151977,-0.203297,0.419334,-3.516640,-0.000048,0.000894,-0.152098
97.8000,-0.280011,0.257118,-3.812507,0.000152,0.000822,-0.152102,-0.193238,0.429803,-3.453613,0.000027,0.000701,-0.152079
97.8500,-0.280026,0.257118,-3.812508,0.000152,0.000822,-0.152225,-0.186479,0.436770,-3.444365,0.000238,0.000861,-0.152082
97.9020,-0.280041,0.257118,-3.812509,0.000152,0.000822,-0.152347,-0.176462,0.447253,-3.368397,0.000069,0.000770,-0.152393
97.9500,-0.280056,0.257118,-3.812510,0.000152,0.000822,-0.152468,-0.169713,0.454219,-3.354527,0.000143,0.000769,-0.152451
98.0000,-0.280070,0.257118,-3.812511,0.000152,0.000822,-0.152588,-0.159719,0.464710,-3.274076,0.000225,0.000718,-0.152534
98.0500,-0.280084,0.257118,-3.812512,0.000153,0.000822,-0.152706,-0.152981,0.471677,-3.256139,0.000048,0.000765,-0.152715
98.1000,-0.280099,0.257118,-3.812513,0.000153,0.000822,-0.152824,-0.142986,0.482167,-3.180187,0.000114,0.000703,-0.152765
98.1500,-0.280113,0.257118,-3.812514,0.000153,0.000822,-0.152940,-0.136255,0.489137,-3.159159,0.000090,0.000769,-0.153089
98.2000,-0.280126,0.257118,-3.812515,0.000153,0.000822,-0.153055,-0.126241,0.499618,-3.094340,0.000314,0.000795,-0.152986
98.2500,-0.280140,0.257118,-3.812516,0.000153,0.000822,-0.153168,-0.119517,0.506586,-3.071357,0.000118,0.000883,-0.153141
98.3000,-0.280154,0.257118,-3.812517,0.000153,0.000822,-0.153281,0.053540,0.510390,-3.020930,0.000231,0.000889,-0.153271
98.3500,-0.280167,0.257118,-3.812518,0.000154,0.000822,-0.153392,0.069124,0.516987,-2.997073,0.000279,0.000851,-0.153387
98.4000,-0.280181,0.257118,-3.812519,0.000154,0.000822,-0.153502,0.092499,0.526880,-2.961318,0.000160,0.000783,-0.153457
98.4500,-0.280194,0.257118,-3.812519,0.000154,0.000821,-0.153611,-0.294006,0.169241,-3.752010,0.000195,0.000827,-0.153432
98.5000,-0.280207,0.257118,-3.812520,0.000154,0.000821,-0.153719,-0.300684,0.151939,-3.753718,0.000126,0.000791,-0.153626
98.5500,-0.280220,0.257118,-3.812521,0.000154,0.000821,-0.153826,-0.305137,0.140401,-3.770231,0.000014,0.000877,-0.153773
98.6000,-0.280233,0.257118,-3.812522,0.000154,0.000821,-0.153932,-0.311854,0.123109,-3.754048,0.000124,0.000966,-0.153935
98.6500,-0.280245,0.257119,-3.812523,0.000154,0.000821,-0.154036,-0.316316,0.111576,-3.766792,0.000173,0.000723,-0.154006
98.7020,-0.280258,0.257119,-3.812524,0.000155,0.000821,-0.154140,-0.323092,0.094306,-3.725523,0.000150,0.000816,-0.153994
98.7520,-0.280270,0.257119,-3.812525,0.000155,0.000821,-0.154242,-0.327565,0.082777,-3.732908,0.000325,0.000698,-0.154386
98.8000,-0.280283,0.257119,-3.812525,0.000155,0.000821,-0.154344,-0.334414,0.065537,-3.664030,0.000160,0.000717,-0.154279
98.8500,-0.280295,0.257119,-3.812526,0.000155,0.000821,-0.154444,-0.338910,0.054014,-3.664881,0.000353,0.000708,-0.154317
98.9000,-0.280307,0.257119,-3.812527,0.000155,0.000821,-0.154544,-0.345833,0.036799,-3.572867,0.000208,0.000859,-0.154618
98.9500,-0.280319,0.257119,-3.812528,0.000155,0.000821,-0.154642,-0.350351,0.025282,-3.566761,0.000037,0.000801,-0.154578
99.0000,-0.280331,0.257119,-3.812529,0.000155,0.000821,-0.154739,-0.357331,0.008085,-3.462089,0.000153,0.000890,-0.154554
99.0520,-0.280342,0.257119,-3.812529,0.000156,0.000821,-0.154836,-0.361865,-0.003423,-3.449454,0.000149,0.000808,-0.154590
99.1000,-0.280354,0.257119,-3.812530,0.000156,0.000821,-0.154931,-0.368872,-0.020612,-3.344597,0.000154,0.000755,-0.155056
99.1500,-0.280365,0.257119,-3.812531,0.000156,0.000821,-0.155025,-0.373422,-0.032114,-3.326532,0.000223,0.000780,-0.155033
99.2000,-0.280376,0.257119,-3.812532,0.000156,0.000821,-0.155119,-0.380421,-0.049306,-3.231755,0.000034,0.000830,-0.155076
99.2500,-0.280388,0.257120,-3.812532,0.000156,0.000821,-0.155211,-0.384985,-0.060800,-3.209687,0.000144,0.000850,-0.155180
99.3000,-0.280399,0.257120,-3.812533,0.000156,0.000821,-0.155303,-0.241031,0.083328,-3.131024,0.000160,0.000871,-0.155482
99.3500,-0.280410,0.257120,-3.812534,0.000156,0.000821,-0.155393,-0.237391,0.080600,-3.106413,0.000207,0.000857,-0.155384
99.4000,-0.280421,0.257120,-3.812535,0.000156,0.000821,-0.155483,-0.231968,0.076518,-3.045822,0.000177,0.000953,-0.155577
99.4500,-0.280431,0.257120,-3.812535,0.000157,0.000821,-0.155571,-0.326728,0.359158,-3.711918,0.000098,0.000900,-0.155494
99.5000,-0.280442,0.257120,-3.812536,0.000157,0.000821,-0.155659,-0.328594,0.376387,-3.702674,0.000084,0.000798,-0.155610
99.5500,-0.280453,0.257120,-3.812537,0.000157,0.000821,-0.155746,-0.329836,0.387873,-3.710897,-0.000084,0.000793,-0.155631
99.6000,-0.280463,0.257120,-3.812537,0.000157,0.000821,-0.155832,-0.331726,0.405114,-3.685808,0.000191,0.000788,-0.156065
99.6500,-0.280473,0.257120,-3.812538,0.000157,0.000821,-0.155917,-0.332970,0.416605,-3.690587,0.000315,0.000861,-0.155788
99.7000,-0.280483,0.257120,-3.812539,0.000157,0.000821,-0.156001,-0.334907,0.433864,-3.643831,0.000168,0.000711,-0.155815
99.7500,-0.280494,0.257120,-3.812539,0.000157,0.000821,-0.156085,-0.336163,0.445356,-3.643827,0.000084,0.000799,-0.155991
99.8000,-0.280504,0.257121,-3.812540,0.000157,0.000821,-0.156167,-0.338159,0.462637,-3.574101,0.000261,0.000731,-0.156224
99.8500,-0.280514,0.257121,-3.812541,0.000157,0.000821,-0.156249,-0.339424,0.474134,-3.568404,-0.000029,0.000785,-0.156263
99.9000,-0.280523,0.257121,-3.812541,0.000158,0.000821,-0.156330,-0.341475,0.491437,-3.480641,-0.000134,0.000949,-0.156336
99.9500,-0.280533,0.257121,-3.812542,0.000158,0.000821,-0.156410,-0.342753,0.502945,-3.469043,0.000261,0.000662,-0.156340
100.0000,-0.280543,0.257121,-3.812543,0.000158,0.000821,-0.156489,-0.344838,0.520263,-3.373106,0.000300,0.000893,-0.156508
100.0500,-0.280552,0.257121,-3.812543,0.000158,0.000821,-0.156567,-0.346132,0.531770,-3.356142,0.000158,0.000849,-0.156559
100.1000,-0.280562,0.257121,-3.812544,0.000158,0.000821,-0.156645,-0.348224,0.549091,-3.263073,0.000270,0.000713,-0.156765
100.1500,-0.280571,0.257121,-3.812545,0.000158,0.000821,-0.156721,-0.349530,0.560603,-3.241838,0.000203,0.000634,-0.156814
100.2000,-0.280580,0.257121,-3.812545,0.000158,0.000821,-0.156797,-0.351606,0.577917,-3.160222,0.000091,0.000878,-0.156676
100.2500,-0.280589,0.257122,-3.812546,0.000158,0.000821,-0.156872,-0.352917,0.589434,-3.136053,0.000106,0.000808,-0.156930
100.3000,-0.280598,0.257122,-3.812546,0.000158,0.000821,-0.156947,-0.373327,1.009438,-3.070455,0.000135,0.000622,-0.156833
100.3500,-0.280607,0.257122,-3.812547,0.000158,0.000821,-0.157020,-0.375630,1.042854,-3.044659,0.000197,0.000984,-0.157008
100.4000,-0.280616,0.257122,-3.812548,0.000159,0.000821,-0.157093,-0.379085,1.092982,-2.996209,0.000251,0.000801,-0.157028
100.4500,-0.280625,0.257122,-3.812548,0.000159,0.000821,-0.157165,-0.317404,0.311043,-3.709542,-0.000083,0.000712,-0.157041
100.5000,-0.280633,0.257122,-3.812549,0.000159,0.000821,-0.157237,-0.316085,0.300235,-3.703356,0.000196,0.000945,-0.157298
100.5500,-0.280642,0.257122,-3.812549,0.000159,0.000821,-0.157307,-0.315205,0.293027,-3.713631,0.000113,0.000694,-0.157319
100.6000,-0.280650,0.257122,-3.812550,0.000159,0.000821,-0.157377,-0.313915,0.282226,-3.691332,0.000405,0.000833,-0.157432
100.6500,-0.280659,0.257122,-3.812550,0.000159,0.000821,-0.157446,-0.313044,0.275022,-3.698138,0.000285,0.000940,-0.157375
100.7000,-0.280667,0.257122,-3.812551,0.000159,0.000821,-0.157515,-0.311809,0.264241,-3.653646,0.000189,0.000760,-0.157538
100.7500,-0.280675,0.257123,-3.812552,0.000159,0.000821,-0.157583,-0.310948,0.257039,-3.655599,0.000227,0.000934,-0.157557
100.8000,-0.280684,0.257123,-3.812552,0.000159,0.000821,-0.157650,-0.309779,0.246277,-3.587305,0.000279,0.000962,-0.157734
100.8520,-0.280692,0.257123,-3.812553,0.000159,0.000821,-0.157716,-0.308931,0.239083,-3.583441,0.000253,0.000842,-0.157798
100.9000,-0.280700,0.257123,-3.812553,0.000160,0.000821,-0.157782,-0.307823,0.228346,-3.496074,0.000090,0.000717,-0.157803
100.9500,-0.280707,0.257123,-3.812554,0.000160,0.000821,-0.157847,-0.306993,0.221156,-3.486131,0.000128,0.000822,-0.157906
101.0000,-0.280715,0.257123,-3.812554,0.000160,0.000821,-0.157911,-0.305926,0.210437,-3.389548,0.000300,0.000697,-0.157911
101.0520,-0.280723,0.257123,-3.812555,0.000160,0.000821,-0.157975,-0.305115,0.203247,-3.374027,0.000292,0.000995,-0.158023
101.1000,-0.280731,0.257123,-3.812555,0.000160,0.000821,-0.158038,-0.304060,0.192530,-3.279451,0.000249,0.000832,-0.158173
101.1500,-0.280738,0.257123,-3.812556,0.000160,0.000821,-0.158100,-0.303261,0.185343,-3.259426,0.000169,0.000794,-0.158034
101.2000,-0.280746,0.257124,-3.812556,0.000160,0.000821,-0.158162,-0.302195,0.174620,-3.175739,0.000070,0.000775,-0.158090
101.2500,-0.280753,0.257124,-3.812557,0.000160,0.000821,-0.158223,-0.301405,0.167441,-3.152547,0.000097,0.000704,-0.158317
101.3000,-0.280761,0.257124,-3.812557,0.000160,0.000821,-0.158284,-0.117825,0.041400,-3.084690,0.000058,0.000811,-0.158252
101.3500,-0.280768,0.257124,-3.812558,0.000160,0.000821,-0.158344,-0.107125,0.027951,-3.059658,0.000108,0.000784,-0.158306
101.4000,-0.280775,0.257124,-3.812558,0.000160,0.000821,-0.158403,-0.091096,0.007784,-3.008823,0.000184,0.000757,-0.158355
101.4500,-0.280782,0.257124,-3.812559,0.000160,0.000821,-0.158462,-0.360020,0.226143,-3.746686,0.000021,0.000730,-0.158192
101.5000,-0.280789,0.257124,-3.812559,0.000160,0.000821,-0.158520,-0.364842,0.223298,-3.741956,0.000270,0.000772,-0.158439
101.5500,-0.280796,0.257124,-3.812559,0.000161,0.000821,-0.158577,-0.368056,0.221399,-3.753949,-0.000006,0.000655,-0.158561
101.6000,-0.280803,0.257124,-3.812560,0.000161,0.000821,-0.158634,-0.372910,0.218562,-3.732121,0.000141,0.000708,-0.158627
101.6500,-0.280810,0.257124,-3.812560,0.000161,0.000821,-0.158690,-0.376134,0.216668,-3.740450,0.000196,0.000781,-0.158556
101.7000,-0.280817,0.257125,-3.812561,0.000161,0.000821,-0.158746,-0.381041,0.213853,-3.694976,0.000153,0.000830,-0.158737
101.7500,-0.280823,0.257125,-3.812561,0.000161,0.000821,-0.158801,-0.384278,0.211963,-3.698162,0.000175,0.000827,-0.158800
101.8000,-0.280830,0.257125,-3.812562,0.000161,0.000821,-0.158856,-0.389257,0.209175,-3.627179,0.000097,0.000742,-0.158714
101.8500,-0.280837,0.257125,-3.812562,0.000161,0.000821,-0.158910,-0.392507,0.207290,-3.624175,0.000149,0.000700,-0.158883
101.9020,-0.280843,0.257125,-3.812563,0.000161,0.000821,-0.158963,-0.397550,0.204523,-3.532535,0.000177,0.000818,-0.159027
101.9500,-0.280850,0.257125,-3.812563,0.000161,0.000821,-0.159016,-0.400817,0.202648,-3.523034,0.000172,0.000940,-0.158893
102.0000,-0.280856,0.257125,-3.812563,0.000161,0.000821,-0.159068,-0.405903,0.199897,-3.421098,0.000112,0.000830,-0.158899
102.0500,-0.280862,0.257125,-3.812564,0.000161,0.000821,-0.159120,-0.409183,0.198029,-3.405606,0.000006,0.000899,-0.159115
102.1000,-0.280868,0.257125,-3.812564,0.000161,0.000821,-0.159171,-0.414286,0.195287,-3.305286,0.000075,0.000775,-0.159287
102.1500,-0.280875,0.257126,-3.812565,0.000161,0.000821,-0.159222,-0.417581,0.193424,-3.284923,0.000187,0.000809,-0.159145
102.2000,-0.280881,0.257126,-3.812565,0.000161,0.000821,-0.159272,-0.422670,0.190678,-3.195729,0.000063,0.000879,-0.159180
102.2500,-0.280887,0.257126,-3.812565,0.000162,0.000821,-0.159322,-0.425974,0.188822,-3.171901,0.000052,0.000985,-0.159197
102.3000,-0.280893,0.257126,-3.812566,0.000162,0.000821,-0.159371,-0.163377,-0.113037,-3.099227,0.000114,0.000881,-0.159574
102.3500,-0.280899,0.257126,-3.812566,0.000162,0.000821,-0.159420,-0.152144,-0.131156,-3.073342,0.000252,0.000905,-0.159336
102.4020,-0.280905,0.257126,-3.812567,0.000162,0.000821,-0.159468,-0.135313,-0.158333,-3.018515,0.000308,0.000895,-0.159469
102.4500,-0.280910,0.257126,-3.812567,0.000162,0.000821,-0.159516,-0.275585,0.259757,-3.751405,0.000100,0.000867,-0.159463
102.5000,-0.280916,0.257126,-3.812567,0.000162,0.000821,-0.159563,-0.270027,0.265164,-3.744772,0.000141,0.000793,-0.159374
102.5500,-0.280922,0.257126,-3.812568,0.000162,0.000821,-0.159610,-0.266321,0.268769,-3.755550,0.000038,0.000702,-0.159615
102.6000,-0.280927,0.257126,-3.812568,0.000162,0.000821,-0.159656,-0.260793,0.274186,-3.731912,0.000261,0.000830,-0.159763
102.6500,-0.280933,0.257127,-3.812568,0.000162,0.000821,-0.159702,-0.257094,0.277794,-3.739027,0.000213,0.000746,-0.159770
102.7020,-0.280939,0.257127,-3.812569,0.000162,0.000821,-0.159747,-0.251618,0.283230,-3.691972,0.000034,0.000782,-0.159800
102.7500,-0.280944,0.257127,-3.812569,0.000162,0.000821,-0.159792,-0.247931,0.286843,-3.693966,0.000079,0.000873,-0.159760
102.8000,-0.280949,0.257127,-3.812570,0.000162,0.000821,-0.159836,-0.242519,0.292306,-3.621807,0.000156,0.000762,-0.160016
102.8500,-0.280955,0.257127,-3.812570,0.000162,0.000821,-0.159880,-0.238847,0.295923,-3.617661,0.000102,0.000884,-0.159773
102.9000,-0.280960,0.257127,-3.812570,0.000162,0.000821,-0.159923,-0.233499,0.301407,-3.525399,0.000150,0.000824,-0.160108
102.9500,-0.280965,0.257127,-3.812571,0.000162,0.000821,-0.159966,-0.229841,0.305031,-3.514839,0.000188,0.000876,-0.159856
103.0020,-0.280970,0.257127,-3.812571,0.000162,0.000821,-0.160009,-0.224536,0.310531,-3.412881,0.000030,0.000783,-0.160001
103.0500,-0.280976,0.257127,-3.812571,0.000163,0.000821,-0.160051,-0.220892,0.314163,-3.396438,0.000161,0.000765,-0.160045
103.1000,-0.280981,0.257127,-3.812572,0.000163,0.000821,-0.160093,-0.215600,0.319667,-3.296631,0.000323,0.000799,-0.160113
103.1500,-0.280986,0.257128,-3.812572,0.000163,0.000821,-0.160134,-0.211972,0.323301,-3.275438,0.000332,0.000772,-0.160148
103.2000,-0.280991,0.257128,-3.812572,0.000163,0.000821,-0.160175,-0.206666,0.328800,-3.187150,0.000188,0.000970,-0.160172
103.2500,-0.280996,0.257128,-3.812573,0.000163,0.000821,-0.160215,-0.203044,0.332435,-3.162621,0.000146,0.000658,-0.160301
103.3000,-0.281000,0.257128,-3.812573,0.000163,0.000821,-0.160255,0.121322,0.269619,-3.091078,0.000158,0.000915,-0.160147
103.3500,-0.281005,0.257128,-3.812573,0.000163,0.000821,-0.160295,0.142296,0.269537,-3.064618,0.000328,0.000874,-0.160369
103.4000,-0.281010,0.257128,-3.812573,0.000163,0.000821,-0.160334,0.173729,0.269412,-3.011021,0.000017,0.000829,-0.160488
103.4500,-0.281015,0.257128,-3.812574,0.000163,0.000821,-0.160373,-0.266182,0.227096,-3.776320,0.000072,0.000771,-0.160400
103.5000,-0.281019,0.257128,-3.812574,0.000163,0.000821,-0.160411,-0.269143,0.223818,-3.770702,0.000008,0.000768,-0.160381
103.5500,-0.281024,0.257128,-3.812574,0.000163,0.000821,-0.160449,-0.271115,0.221634,-3.782661,0.000225,0.000834,-0.160397
103.6020,-0.281029,0.257128,-3.812575,0.000163,0.000821,-0.160487,-0.274106,0.218369,-3.759374,0.000225,0.000922,-0.160498
103.6500,-0.281033,0.257129,-3.812575,0.000163,0.000821,-0.160524,-0.276086,0.216186,-3.767539,0.000321,0.000811,-0.160689
103.7000,-0.281038,0.257129,-3.812575,0.000163,0.000821,-0.160561,-0.279133,0.212940,-3.719855,0.000145,0.000877,-0.160639
103.7500,-0.281042,0.257129,-3.812576,0.000163,0.000821,-0.160597,-0.281128,0.210761,-3.722701,0.000061,0.000637,-0.160515
103.8000,-0.281047,0.257129,-3.812576,0.000163,0.000821,-0.160633,-0.284241,0.207540,-3.648758,0.000124,0.000613,-0.160652
103.8500,-0.281051,0.257129,-3.812576,0.000163,0.000821,-0.160669,-0.286254,0.205368,-3.645213,0.000111,0.000658,-0.160608
103.9000,-0.281055,0.257129,-3.812576,0.000163,0.000821,-0.160704,-0.289437,0.202170,-3.550089,0.000314,0.000790,-0.160774
103.9500,-0.281059,0.257129,-3.812577,0.000163,0.000821,-0.160739,-0.291467,0.200006,-3.539849,0.000192,0.000951,-0.160733
104.0000,-0.281064,0.257129,-3.812577,0.000163,0.000821,-0.160774,-0.294697,0.196827,-3.434290,0.000217,0.000702,-0.160830
104.0500,-0.281068,0.257129,-3.812577,0.000164,0.000821,-0.160808,-0.296741,0.194668,-3.417886,0.000350,0.000872,-0.160899
104.1000,-0.281072,0.257129,-3.812577,0.000164,0.000821,-0.160842,-0.299986,0.191496,-3.314203,0.000178,0.000732,-0.160785
104.1500,-0.281076,0.257129,-3.812578,0.000164,0.000821,-0.160876,-0.302046,0.189339,-3.292801,0.000171,0.000864,-0.160976
104.2000,-0.281080,0.257130,-3.812578,0.000164,0.000821,-0.160909,-0.305278,0.186161,-3.200786,-0.000044,0.000878,-0.160886
104.2500,-0.281084,0.257130,-3.812578,0.000164,0.000821,-0.160942,-0.307343,0.184012,-3.175844,0.000133,0.000891,-0.160918
104.3000,-0.281088,0.257130,-3.812579,0.000164,0.000821,-0.160974,0.063298,0.189276,-3.101020,0.000134,0.000689,-0.161021
104.3520,-0.281092,0.257130,-3.812579,0.000164,0.000821,-0.161006,0.081544,0.187583,-3.073992,0.000259,0.000957,-0.161040
104.4000,-0.281096,0.257130,-3.812579,0.000164,0.000821,-0.161038,0.108901,0.185046,-3.017688,0.000374,0.000802,-0.161065
104.4500,-0.281100,0.257130,-3.812579,0.000164,0.000821,-0.161070,-0.199502,0.275578,-3.714711,0.000093,0.000806,-0.161107
104.5000,-0.281104,0.257130,-3.812580,0.000164,0.000821,-0.161101,-0.196519,0.279923,-3.704987,0.000018,0.000840,-0.161260
104.5500,-0.281107,0.257130,-3.812580,0.000164,0.000821,-0.161132,-0.194529,0.282819,-3.712934,0.000054,0.000715,-0.160988
104.6000,-0.281111,0.257130,-3.812580,0.000164,0.000821,-0.161163,-0.191572,0.287176,-3.687352,0.000048,0.000899,-0.161193
104.6500,-0.281115,0.257130,-3.812580,0.000164,0.000821,-0.161193,-0.189589,0.290075,-3.691850,0.000057,0.000781,-0.161070
104.7000,-0.281118,0.257130,-3.812580,0.000164,0.000821,-0.161223,-0.186683,0.294450,-3.644612,0.000315,0.000751,-0.161192
104.7500,-0.281122,0.257130,-3.812581,0.000164,0.000821,-0.161252,-0.184710,0.297355,-3.644321,0.000217,0.000775,-0.161345
104.8000,-0.281126,0.257131,-3.812581,0.000164,0.000821,-0.161282,-0.181865,0.301751,-3.574160,0.000115,0.000682,-0.161295
104.8500,-0.281129,0.257131,-3.812581,0.000164,0.000821,-0.161311,-0.179908,0.304661,-3.568175,0.000112,0.000888,-0.161375
104.9000,-0.281133,0.257131,-3.812581,0.000164,0.000821,-0.161339,-0.177119,0.309077,-3.480072,0.000076,0.000998,-0.161619
104.9500,-0.281136,0.257131,-3.812582,0.000164,0.000821,-0.161368,-0.175174,0.311993,-3.468190,0.000210,0.000734,-0.161320
105.0000,-0.281140,0.257131,-3.812582,0.000164,0.000821,-0.161396,-0.172424,0.316424,-3.372043,-0.000041,0.000780,-0.161467
105.0500,-0.281143,0.257131,-3.812582,0.000164,0.000821,-0.161424,-0.170494,0.319348,-3.354813,0.000159,0.000890,-0.161317
105.1000,-0.281146,0.257131,-3.812582,0.000164,0.000821,-0.161451,-0.167753,0.323784,-3.261667,-0.000034,0.000896,-0.161345
105.1500,-0.281150,0.257131,-3.812582,0.000164,0.000821,-0.161479,-0.165831,0.326716,-3.240187,0.000168,0.000846,-0.161536
105.2000,-0.281153,0.257131,-3.812583,0.000164,0.000821,-0.161506,-0.163073,0.331147,-3.158613,0.000321,0.000859,-0.161265
105.2500,-0.281156,0.257131,-3.812583,0.000164,0.000821,-0.161532,-0.161162,0.334074,-3.134221,0.000097,0.000698,-0.161378
105.3000,-0.281159,0.257131,-3.812583,0.000164,0.000821,-0.161559,0.140892,0.269866,-3.068855,0.000284,0.000731,-0.161498
105.3500,-0.281163,0.257131,-3.812583,0.000165,0.000821,-0.161585,0.159065,0.269059,-3.042866,0.000250,0.000962,-0.161423
105.4000,-0.281166,0.257131,-3.812584,0.000165,0.000821,-0.161611,0.186314,0.267857,-2.994595,0.000290,0.000795,-0.161729
105.4520,-0.281169,0.257132,-3.812584,0.000165,0.000821,-0.161637,-0.358906,0.248031,-3.696236,0.000298,0.000603,-0.161495
105.5000,-0.281172,0.257132,-3.812584,0.000165,0.000821,-0.161662,-0.373728,0.245398,-3.689365,0.000144,0.000805,-0.161635
105.5500,-0.281175,0.257132,-3.812584,0.000165,0.000821,-0.161687,-0.383610,0.243644,-3.698910,0.000059,0.000812,-0.161729
105.6000,-0.281178,0.257132,-3.812584,0.000165,0.000821,-0.161712,-0.398462,0.241028,-3.676297,0.000092,0.000824,-0.161683
105.6500,-0.281181,0.257132,-3.812584,0.000165,0.000821,-0.161737,-0.408352,0.239278,-3.682445,0.000312,0.000986,-0.161702
105.7000,-0.281184,0.257132,-3.812585,0.000165,0.000821,-0.161761,-0.423253,0.236681,-3.638190,0.000118,0.000935,-0.161686
105.7500,-0.281187,0.257132,-3.812585,0.000165,0.000821,-0.161785,-0.433150,0.234935,-3.639594,-0.000092,0.000951,-0.161742
105.8000,-0.281190,0.257132,-3.812585,0.000165,0.000821,-0.161809,-0.448114,0.232358,-3.572199,0.000280,0.000948,-0.161860
105.8500,-0.281193,0.257132,-3.812585,0.000165,0.000821,-0.161833,-0.458021,0.230617,-3.567928,-0.000006,0.000702,-0.161907
105.9000,-0.281196,0.257132,-3.812585,0.000165,0.000821,-0.161856,-0.473043,0.228064,-3.482089,0.000191,0.000790,-0.161769
105.9500,-0.281199,0.257132,-3.812586,0.000165,0.000821,-0.161879,-0.482966,0.226329,-3.471899,0.000027,0.000830,-0.161802
106.0000,-0.281201,0.257132,-3.812586,0.000165,0.000821,-0.161902,-0.498028,0.223791,-3.377288,0.000019,0.000806,-0.162041
106.0500,-0.281204,0.257132,-3.812586,0.000165,0.000821,-0.161925,-0.507966,0.222067,-3.361680,0.000264,0.000816,-0.161995
106.1000,-0.281207,0.257133,-3.812586,0.000165,0.000821,-0.161947,-0.523038,0.219534,-3.269266,0.000003,0.000684,-0.161642
106.1520,-0.281210,0.257133,-3.812586,0.000165,0.000821,-0.161969,-0.532989,0.217817,-3.249300,0.000230,0.000862,-0.162129
106.2000,-0.281212,0.257133,-3.812586,0.000165,0.000821,-0.161991,-0.548044,0.215279,-3.167719,0.000104,0.000614,-0.161929
106.2500,-0.281215,0.257133,-3.812587,0.000165,0.000821,-0.162013,-0.558008,0.213564,-3.144708,0.000220,0.000841,-0.162016
106.3000,-0.281218,0.257133,-3.812587,0.000165,0.000821,-0.162034,-0.070747,0.204604,-3.078788,0.000103,0.000963,-0.161870
106.4060,-0.281223,0.257133,-3.812587,0.000165,0.000821,-0.162077,-0.027409,0.199442,-3.004757,0.000059,0.000761,-0.162250
106.4060,-0.281223,0.257133,-3.812587,0.000165,0.000821,-0.162077,-0.027409,0.199442,-3.004757,0.000059,0.000761,-0.162250
106.4500,-0.281225,0.257133,-3.812587,0.000165,0.000821,-0.162098,-0.340586,0.312600,-3.753555,0.000166,0.000838,-0.162296
106.5000,-0.281228,0.257133,-3.812587,0.000165,0.000821,-0.162118,-0.339253,0.318106,-3.749896,0.000006,0.000766,-0.162044
106.5500,-0.281230,0.257133,-3.812588,0.000165,0.000821,-0.162139,-0.338365,0.321778,-3.762757,0.000057,0.000860,-0.162207
106.6000,-0.281233,0.257133,-3.812588,0.000165,0.000821,-0.162159,-0.337062,0.327298,-3.741735,0.000316,0.000722,-0.162106
106.6500,-0.281235,0.257133,-3.812588,0.000165,0.000821,-0.162179,-0.336181,0.330975,-3.750885,0.000244,0.000684,-0.162077
106.7000,-0.281238,0.257133,-3.812588,0.000165,0.000821,-0.162199,-0.334934,0.336517,-3.705791,0.000034,0.000934,-0.162292
106.7500,-0.281240,0.257133,-3.812588,0.000165,0.000821,-0.162218,-0.334063,0.340196,-3.709722,0.000036,0.000844,-0.162347
106.8000,-0.281242,0.257133,-3.812588,0.000165,0.000821,-0.162238,-0.332886,0.345762,-3.638565,0.000437,0.000835,-0.162221
106.8500,-0.281245,0.257134,-3.812589,0.000165,0.000821,-0.162257,-0.332030,0.349446,-3.636200,0.000229,0.000793,-0.162170
106.9000,-0.281247,0.257134,-3.812589,0.000165,0.000821,-0.162276,-0.330919,0.355036,-3.543804,0.000155,0.000652,-0.162311
106.9520,-0.281249,0.257134,-3.812589,0.000165,0.000821,-0.162295,-0.330081,0.358727,-3.534815,0.000306,0.000665,-0.162282
107.0000,-0.281252,0.257134,-3.812589,0.000165,0.000821,-0.162313,-0.329019,0.364336,-3.431638,0.000009,0.000853,-0.162200
107.0520,-0.281254,0.257134,-3.812589,0.000165,0.000821,-0.162332,-0.328194,0.368036,-3.416521,0.000367,0.000780,-0.162398
107.1000,-0.281256,0.257134,-3.812589,0.000166,0.000821,-0.162350,-0.327145,0.373650,-3.314663,0.000337,0.000941,-0.162428
107.1500,-0.281258,0.257134,-3.812589,0.000166,0.000821,-0.162368,-0.326333,0.377347,-3.294540,0.000140,0.000886,-0.162365
107.2020,-0.281261,0.257134,-3.812590,0.000166,0.000821,-0.162386,-0.325270,0.382956,-3.203713,0.000058,0.001029,-0.162403
107.2500,-0.281263,0.257134,-3.812590,0.000166,0.000821,-0.162403,-0.324469,0.386659,-3.180007,0.000260,0.000826,-0.162420
107.3000,-0.281265,0.257134,-3.812590,0.000166,0.000821,-0.162421,0.057391,0.297151,-3.105773,0.000171,0.000782,-0.162310
107.3500,-0.281267,0.257134,-3.812590,0.000166,0.000821,-0.162438,0.078883,0.295683,-3.079913,0.000216,0.000701,-0.162482
107.4000,-0.281269,0.257134,-3.812590,0.000166,0.000821,-0.162455,0.111093,0.293489,-3.023674,0.000010,0.001067,-0.162269
107.4500,-0.281271,0.257134,-3.812590,0.000166,0.000821,-0.162472,-0.254343,0.248900,-3.726011,0.000235,0.000842,-0.162388
107.5000,-0.281273,0.257134,-3.812590,0.000166,0.000821,-0.162489,-0.251002,0.243470,-3.717805,0.000126,0.000985,-0.162533
107.5500,-0.281275,0.257134,-3.812590,0.000166,0.000821,-0.162506,-0.248774,0.239850,-3.727011,0.000164,0.000883,-0.162488
107.6000,-0.281277,0.257134,-3.812591,0.000166,0.000821,-0.162522,-0.245464,0.234430,-3.702535,0.000094,0.000908,-0.162475
107.6500,-0.281279,0.257135,-3.812591,0.000166,0.000821,-0.162538,-0.243241,0.230813,-3.708219,0.000176,0.000916,-0.162567
107.7000,-0.281281,0.257135,-3.812591,0.000166,0.000821,-0.162555,-0.239982,0.225413,-3.661433,-0.000013,0.001037,-0.162408
107.7500,-0.281283,0.257135,-3.812591,0.000166,0.000821,-0.162570,-0.237768,0.221800,-3.662211,0.000175,0.000714,-0.162617
107.8000,-0.281285,0.257135,-3.812591,0.000166,0.000821,-0.162586,-0.234574,0.216424,-3.591662,0.000110,0.000852,-0.162686
107.8520,-0.281287,0.257135,-3.812591,0.000166,0.000821,-0.162602,-0.232375,0.212816,-3.586582,0.000018,0.000778,-0.162665
107.9000,-0.281289,0.257135,-3.812591,0.000166,0.000821,-0.162617,-0.229242,0.207461,-3.497220,0.000241,0.000795,-0.162493
107.9500,-0.281291,0.257135,-3.812591,0.000166,0.000821,-0.162633,-0.227060,0.203859,-3.486048,0.000300,0.001009,-0.162743
108.0000,-0.281293,0.257135,-3.812592,0.000166,0.000821,-0.162648,-0.223966,0.198519,-3.387936,0.000137,0.000892,-0.162737
108.0500,-0.281295,0.257135,-3.812592,0.000166,0.000821,-0.162663,-0.221797,0.194921,-3.371207,0.000100,0.000843,-0.162638
108.1000,-0.281296,0.257135,-3.812592,0.000166,0.000821,-0.162678,-0.218714,0.189586,-3.275675,0.000240,0.000718,-0.162671
108.1500,-0.281298,0.257135,-3.812592,0.000166,0.000821,-0.162692,-0.216559,0.185991,-3.254496,0.000277,0.000780,-0.162687
108.2000,-0.281300,0.257135,-3.812592,0.000166,0.000821,-0.162707,-0.213458,0.180649,-3.170421,0.000036,0.000817,-0.162639
108.2500,-0.281302,0.257135,-3.812592,0.000166,0.000821,-0.162721,-0.211310,0.177061,-3.146155,0.000177,0.000883,-0.162950
108.3000,-0.281303,0.257135,-3.812592,0.000166,0.000821,-0.162735,0.115805,0.184393,-3.078415,0.000349,0.000830,-0.162718
108.3500,-0.281305,0.257135,-3.812592,0.000166,0.000821,-0.162749,0.135561,0.181489,-3.052407,0.000212,0.000784,-0.162788
108.4000,-0.281307,0.257135,-3.812592,0.000166,0.000821,-0.162763,0.165177,0.177145,-3.002024,0.000116,0.000968,-0.162754
108.4500,-0.281309,0.257135,-3.812593,0.000166,0.000821,-0.162777,-0.215600,0.236196,-3.662280,0.000144,0.000894,-0.162977
108.5000,-0.281310,0.257135,-3.812593,0.000166,0.000821,-0.162791,-0.215879,0.236472,-3.653184,0.000082,0.000805,-0.162778
108.5500,-0.281312,0.257135,-3.812593,0.000166,0.000821,-0.162804,-0.216062,0.236656,-3.660546,0.000298,0.000868,-0.162922
108.6000,-0.281314,0.257136,-3.812593,0.000166,0.000821,-0.162818,-0.216366,0.236943,-3.636704,0.000104,0.000674,-0.163080
108.6500,-0.281315,0.257136,-3.812593,0.000166,0.000821,-0.162831,-0.216557,0.237129,-3.640858,0.000140,0.000919,-0.162754
108.7000,-0.281317,0.257136,-3.812593,0.000166,0.000821,-0.162844,-0.216910,0.237432,-3.596879,0.000227,0.000753,-0.162769
108.7500,-0.281318,0.257136,-3.812593,0.000166,0.000821,-0.162857,-0.217110,0.237622,-3.596582,0.000048,0.000904,-0.162841
108.8000,-0.281320,0.257136,-3.812593,0.000166,0.000821,-0.162870,-0.217518,0.237948,-3.531292,0.000191,0.000670,-0.162991
108.8500,-0.281321,0.257136,-3.812593,0.000166,0.000821,-0.162882,-0.217732,0.238142,-3.525701,-0.000061,0.000787,-0.163007
108.9000,-0.281323,0.257136,-3.812593,0.000166,0.000821,-0.162895,-0.218196,0.238487,-3.443735,0.000291,0.000745,-0.162992
108.9520,-0.281325,0.257136,-3.812594,0.000166,0.000821,-0.162907,-0.218423,0.238688,-3.432662,0.000264,0.000887,-0.162777
109.0000,-0.281326,0.257136,-3.812594,0.000166,0.000821,-0.162920,-0.218922,0.239046,-3.343228,0.000234,0.000748,-0.162967
109.0500,-0.281328,0.257136,-3.812594,0.000166,0.000821,-0.162932,-0.219163,0.239251,-3.327184,0.000106,0.000714,-0.163024
109.1000,-0.281329,0.257136,-3.812594,0.000166,0.000821,-0.162944,-0.219669,0.239614,-3.240554,0.000155,0.000763,-0.163049
109.1500,-0.281331,0.257136,-3.812594,0.000166,0.000821,-0.162956,-0.219922,0.239826,-3.220560,-0.000024,0.000835,-0.162925
109.2000,-0.281332,0.257136,-3.812594,0.000166,0.000821,-0.162968,-0.220413,0.240186,-3.144702,0.000218,0.000738,-0.162923
109.2500,-0.281333,0.257136,-3.812594,0.000166,0.000821,-0.162979,-0.220676,0.240401,-3.122005,0.000006,0.000882,-0.163023
109.3000,-0.281335,0.257136,-3.812594,0.000166,0.000821,-0.162991,0.108786,0.219994,-3.061236,0.000246,0.000938,-0.162897
109.3500,-0.281336,0.257136,-3.812594,0.000166,0.000821,-0.163002,0.126460,0.219082,-3.037059,-0.000006,0.000841,-0.162978
109.4020,-0.281338,0.257136,-3.812594,0.000166,0.000821,-0.163014,0.152957,0.217726,-2.992182,0.000188,0.000855,-0.163011
109.4500,-0.281339,0.257136,-3.812594,0.000166,0.000821,-0.163025,-0.317536,0.209891,-3.702229,0.000264,0.000928,-0.163029
109.5000,-0.281340,0.257136,-3.812595,0.000166,0.000821,-0.163036,-0.327489,0.208008,-3.698343,0.000171,0.000689,-0.163071
109.5500,-0.281342,0.257136,-3.812595,0.000166,0.000821,-0.163047,-0.334121,0.206752,-3.710053,0.000080,0.000655,-0.162991
109.6000,-0.281343,0.257136,-3.812595,0.000166,0.000821,-0.163058,-0.344103,0.204881,-3.689981,0.000119,0.000801,-0.162969
109.6500,-0.281344,0.257137,-3.812595,0.000166,0.000821,-0.163069,-0.350743,0.203628,-3.698228,0.000353,0.000764,-0.163096
109.7000,-0.281346,0.257137,-3.812595,0.000166,0.000821,-0.163079,-0.360776,0.201780,-3.655737,0.000022,0.001025,-0.163166
109.7500,-0.281347,0.257137,-3.812595,0.000166,0.000821,-0.163090,-0.367426,0.200535,-3.659118,0.000316,0.000964,-0.162951
109.8000,-0.281348,0.257137,-3.812595,0.000166,0.000821,-0.163100,-0.377522,0.198709,-3.592392,0.000263,0.000586,-0.163021
109.8500,-0.281350,0.257137,-3.812595,0.000166,0.000821,-0.163111,-0.384189,0.197468,-3.589910,0.000230,0.000979,-0.163227
109.9000,-0.281351,0.257137,-3.812595,0.000166,0.000821,-0.163121,-0.394347,0.195668,-3.503488,0.000254,0.001077,-0.163269
109.9500,-0.281352,0.257137,-3.812595,0.000167,0.000821,-0.163131,-0.401028,0.194431,-3.494840,0.000234,0.000758,-0.163260
110.0000,-0.281353,0.257137,-3.812595,0.000167,0.000821,-0.163141,-0.411227,0.192648,-3.398501,0.000152,0.000672,-0.163162
110.0500,-0.281354,0.257137,-3.812595,0.000167,0.000821,-0.163151,-0.417927,0.191419,-3.384159,0.000235,0.000692,-0.163230
110.1020,-0.281356,0.257137,-3.812596,0.000167,0.000821,-0.163161,-0.428141,0.189640,-3.289181,0.000154,0.000671,-0.163340
110.1500,-0.281357,0.257137,-3.812596,0.000167,0.000821,-0.163170,-0.434856,0.188417,-3.270197,0.000184,0.000747,-0.163253
110.2000,-0.281358,0.257137,-3.812596,0.000167,0.000821,-0.163180,-0.445059,0.186633,-3.185611,0.000139,0.000710,-0.163034
110.2520,-0.281359,0.257137,-3.812596,0.000167,0.000821,-0.163189,-0.451784,0.185413,-3.163315,0.000023,0.000795,-0.163221
110.3000,-0.281360,0.257137,-3.812596,0.000167,0.000821,-0.163199,-0.014044,0.190876,-3.094286,-0.000045,0.000739,-0.163231
110.3500,-0.281362,0.257137,-3.812596,0.000167,0.000821,-0.163208,0.003578,0.190057,-3.070009,-0.000013,0.000918,-0.163282
110.4000,-0.281363,0.257137,-3.812596,0.000167,0.000821,-0.163217,0.029991,0.188836,-3.017798,0.000281,0.000765,-0.163324
110.4500,-0.281364,0.257137,-3.812596,0.000167,0.000821,-0.163226,-0.330012,0.238843,-3.694512,0.000185,0.000696,-0.163214
110.5020,-0.281365,0.257137,-3.812596,0.000167,0.000821,-0.163236,-0.331820,0.241412,-3.687986,0.000224,0.000828,-0.163250
110.5500,-0.281366,0.257137,-3.812596,0.000167,0.000821,-0.163244,-0.333022,0.243126,-3.697626,0.000242,0.000767,-0.163133
110.6000,-0.281367,0.257137,-3.812596,0.000167,0.000821,-0.163253,-0.334855,0.245706,-3.675525,0.000165,0.000822,-0.163349
110.6500,-0.281368,0.257137,-3.812596,0.000167,0.000821,-0.163262,-0.336065,0.247424,-3.681803,0.000216,0.000654,-0.163338
110.7020,-0.281369,0.257137,-3.812596,0.000167,0.000821,-0.163271,-0.337945,0.250026,-3.638169,0.000095,0.000662,-0.163266
110.7500,-0.281370,0.257137,-3.812596,0.000167,0.000821,-0.163279,-0.339167,0.251748,-3.639734,0.000005,0.000738,-0.163138
110.8000,-0.281371,0.257137,-3.812596,0.000167,0.000821,-0.163288,-0.341112,0.254370,-3.572948,0.000216,0.000698,-0.163316
110.8500,-0.281372,0.257137,-3.812597,0.000167,0.000821,-0.163296,-0.342348,0.256100,-3.568856,0.000016,0.000940,-0.163657
110.9000,-0.281373,0.257138,-3.812597,0.000167,0.000821,-0.163304,-0.344351,0.258748,-3.483473,0.000087,0.000918,-0.163552
110.9500,-0.281374,0.257138,-3.812597,0.000167,0.000821,-0.163313,-0.345598,0.260483,-3.473464,0.000218,0.000764,-0.163467
111.0020,-0.281375,0.257138,-3.812597,0.000167,0.000821,-0.163321,-0.347642,0.263146,-3.379078,0.000216,0.000879,-0.163340
111.0500,-0.281376,0.257138,-3.812597,0.000167,0.000821,-0.163329,-0.348904,0.264884,-3.363638,0.000103,0.000808,-0.163445
111.1000,-0.281377,0.257138,-3.812597,0.000167,0.000821,-0.163337,-0.350959,0.267553,-3.271217,0.000167,0.000684,-0.163300
111.1500,-0.281378,0.257138,-3.812597,0.000167,0.000821,-0.163345,-0.352236,0.269299,-3.251396,0.000131,0.000831,-0.163328
111.2000,-0.281379,0.257138,-3.812597,0.000167,0.000821,-0.163353,-0.354278,0.271964,-3.169640,0.000134,0.000568,-0.163419
111.2500,-0.281380,0.257138,-3.812597,0.000167,0.000821,-0.163360,-0.355569,0.273715,-3.146746,0.000202,0.000867,-0.163460
111.3000,-0.281381,0.257138,-3.812597,0.000167,0.000821,-0.163368,0.038728,0.238371,-3.080540,0.000210,0.000758,-0.163278
111.3500,-0.281382,0.257138,-3.812597,0.000167,0.000821,-0.163375,0.059018,0.238056,-3.055872,0.000227,0.000918,-0.163318
111.4000,-0.281383,0.257138,-3.812597,0.000167,0.000821,-0.163383,0.089442,0.237585,-3.006309,0.000233,0.000477,-0.163343
111.4500,-0.281384,0.257138,-3.812597,0.000167,0.000821,-0.163390,-0.213787,0.167079,-3.712325,0.000239,0.001010,-0.163376
111.5000,-0.281385,0.257138,-3.812597,0.000167,0.000821,-0.163398,-0.207548,0.161347,-3.706880,0.000163,0.000841,-0.163425
111.5520,-0.281386,0.257138,-3.812597,0.000167,0.000821,-0.163405,-0.203386,0.157524,-3.717717,0.000212,0.000781,-0.163514
111.6000,-0.281387,0.257138,-3.812597,0.000167,0.000821,-0.163412,-0.197172,0.151799,-3.696023,0.000046,0.000607,-0.163463
111.6500,-0.281387,0.257138,-3.812597,0.000167,0.000821,-0.163419,-0.193018,0.147976,-3.703369,0.000047,0.000644,-0.163479
111.7000,-0.281388,0.257138,-3.812598,0.000167,0.000821,-0.163426,-0.186857,0.142273,-3.659252,0.000115,0.000890,-0.163522
111.7500,-0.281389,0.257138,-3.812598,0.000167,0.000821,-0.163433,-0.182715,0.138454,-3.661708,0.000114,0.000494,-0.163452
111.8000,-0.281390,0.257138,-3.812598,0.000167,0.000821,-0.163440,-0.176621,0.132771,-3.593481,0.000048,0.000717,-0.163539
111.8500,-0.281391,0.257138,-3.812598,0.000167,0.000821,-0.163447,-0.172495,0.128961,-3.590063,0.000083,0.000730,-0.163297
111.9000,-0.281392,0.257138,-3.812598,0.000167,0.000821,-0.163454,-0.166459,0.123304,-3.502418,0.000213,0.000780,-0.163603
111.9500,-0.281393,0.257138,-3.812598,0.000167,0.000821,-0.163460,-0.162349,0.119501,-3.492851,0.000256,0.000827,-0.163540
112.0000,-0.281393,0.257138,-3.812598,0.000167,0.000821,-0.163467,-0.156357,0.113858,-3.395684,0.000181,0.000670,-0.163435
112.0500,-0.281394,0.257138,-3.812598,0.000167,0.000821,-0.163474,-0.152261,0.110063,-3.380459,0.000126,0.000727,-0.163583
112.1000,-0.281395,0.257138,-3.812598,0.000167,0.000821,-0.163480,-0.146283,0.104426,-3.285087,0.000095,0.000887,-0.163450
112.1500,-0.281396,0.257138,-3.812598,0.000167,0.000821,-0.163486,-0.142198,0.100634,-3.265281,0.000163,0.000753,-0.163365
112.2000,-0.281397,0.257138,-3.812598,0.000167,0.000821,-0.163493,-0.136207,0.094994,-3.180698,0.000248,0.000971,-0.163514
112.2500,-0.281397,0.257138,-3.812598,0.000167,0.000821,-0.163499,-0.132130,0.091203,-3.157653,0.000082,0.000897,-0.163386
112.3000,-0.281398,0.257138,-3.812598,0.000167,0.000821,-0.163505,0.157504,0.140849,-3.088909,0.000213,0.000683,-0.163568
112.3500,-0.281399,0.257138,-3.812598,0.000167,0.000821,-0.163511,0.176992,0.140069,-3.063960,0.000072,0.000696,-0.163478
112.4000,-0.281400,0.257138,-3.812598,0.000167,0.000821,-0.163518,0.206204,0.138908,-3.012290,0.000156,0.000929,-0.163455
112.4520,-0.281400,0.257138,-3.812598,0.000167,0.000821,-0.163524,-0.181945,0.319278,-3.747033,0.000131,0.000747,-0.163525
112.5000,-0.281401,0.257139,-3.812598,0.000167,0.000821,-0.163530,-0.183159,0.331639,-3.742100,0.000371,0.000643,-0.163510
112.5500,-0.281402,0.257139,-3.812598,0.000167,0.000821,-0.163535,-0.183965,0.339880,-3.753959,0.000235,0.000841,-0.163413
112.6000,-0.281403,0.257139,-3.812598,0.000167,0.000821,-0.163541,-0.185209,0.352252,-3.731942,0.000134,0.000861,-0.163470
112.6520,-0.281403,0.257139,-3.812598,0.000167,0.000821,-0.163547,-0.186026,0.360492,-3.740139,0.000261,0.000892,-0.163468
112.7000,-0.281404,0.257139,-3.812598,0.000167,0.000821,-0.163553,-0.187326,0.372885,-3.694506,0.000107,0.000936,-0.163622
112.7500,-0.281405,0.257139,-3.812599,0.000167,0.000821,-0.163558,-0.188149,0.381130,-3.697564,0.000256,0.000922,-0.163542
112.8000,-0.281405,0.257139,-3.812599,0.000167,0.000821,-0.163564,-0.189514,0.393550,-3.626472,0.000060,0.000713,-0.163652
112.8500,-0.281406,0.257139,-3.812599,0.000167,0.000821,-0.163570,-0.190354,0.401803,-3.623347,0.000050,0.000982,-0.163623
112.9000,-0.281407,0.257139,-3.812599,0.000167,0.000821,-0.163575,-0.191785,0.414247,-3.531663,0.000155,0.000831,-0.163472
112.9500,-0.281407,0.257139,-3.812599,0.000167,0.000821,-0.163581,-0.192642,0.422506,-3.522051,0.000144,0.001009,-0.163656
113.0000,-0.281408,0.257139,-3.812599,0.000167,0.000821,-0.163586,-0.194116,0.434968,-3.420137,0.000243,0.000798,-0.163567
113.0500,-0.281409,0.257139,-3.812599,0.000167,0.000821,-0.163591,-0.194989,0.443231,-3.404547,0.000156,0.000893,-0.163393
113.1000,-0.281409,0.257139,-3.812599,0.000167,0.000821,-0.163597,-0.196478,0.455696,-3.304306,0.000120,0.000783,-0.163420
113.1500,-0.281410,0.257139,-3.812599,0.000167,0.000821,-0.163602,-0.197364,0.463967,-3.283860,0.000256,0.000865,-0.163471
113.2000,-0.281411,0.257139,-3.812599,0.000167,0.000821,-0.163607,-0.198836,0.476426,-3.194784,0.000299,0.000863,-0.163556
113.2500,-0.281411,0.257139,-3.812599,0.000167,0.000821,-0.163612,-0.199734,0.484697,-3.170887,0.000242,0.000900,-0.163441
113.3000,-0.281412,0.257139,-3.812599,0.000167,0.000821,-0.163617,0.118730,0.350999,-3.098353,0.000174,0.000818,-0.163712
113.3500,-0.281413,0.257139,-3.812599,0.000167,0.000821,-0.163622,0.135220,0.351327,-3.072414,0.000125,0.000653,-0.163533
113.4000,-0.281413,0.257139,-3.812599,0.000167,0.000821,-0.163627,0.159929,0.351833,-3.017728,0.000245,0.000828,-0.163355
113.4500,-0.281414,0.257139,-3.812599,0.000167,0.000821,-0.163632,-0.309214,0.240737,-3.788963,0.000085,0.000905,-0.163752
113.5000,-0.281414,0.257139,-3.812599,0.000167,0.000821,-0.163637,-0.320754,0.232903,-3.783966,0.000211,0.000732,-0.163479
113.5520,-0.281415,0.257139,-3.812599,0.000167,0.000821,-0.163642,-0.328444,0.227681,-3.796597,0.000101,0.000876,-0.163716
113.6000,-0.281416,0.257139,-3.812599,0.000167,0.000821,-0.163646,-0.340015,0.219860,-3.773583,0.000234,0.000790,-0.163514
113.6500,-0.281416,0.257139,-3.812599,0.000167,0.000821,-0.163651,-0.347715,0.214642,-3.782350,0.000286,0.000825,-0.163719
113.7000,-0.281417,0.257139,-3.812599,0.000167,0.000821,-0.163656,-0.359343,0.206843,-3.734420,0.000048,0.000832,-0.163558
113.7500,-0.281417,0.257139,-3.812599,0.000167,0.000821,-0.163660,-0.367054,0.201629,-3.737765,0.000121,0.000823,-0.163538
113.8000,-0.281418,0.257139,-3.812599,0.000167,0.000821,-0.163665,-0.378754,0.193859,-3.662956,0.000107,0.000916,-0.163490
113.8500,-0.281418,0.257139,-3.812599,0.000167,0.000821,-0.163669,-0.386481,0.188652,-3.659779,0.000187,0.000740,-0.163688
113.9000,-0.281419,0.257139,-3.812599,0.000167,0.000821,-0.163674,-0.398249,0.180906,-3.563205,0.000352,0.000563,-0.163669
113.9500,-0.281419,0.257139,-3.812599,0.000167,0.000821,-0.163678,-0.405999,0.175705,-3.553184,0.000337,0.000818,-0.163587
114.0000,-0.281420,0.257139,-3.812599,0.000167,0.000821,-0.163683,-0.417812,0.167977,-3.445764,0.000116,0.000690,-0.163676
114.0500,-0.281421,0.257139,-3.812600,0.000167,0.000821,-0.163687,-0.425581,0.162782,-3.429429,0.000132,0.000766,-0.163660
114.1000,-0.281421,0.257139,-3.812600,0.000167,0.000821,-0.163691,-0.437411,0.155063,-3.323716,0.000345,0.000807,-0.163718
114.1520,-0.281422,0.257139,-3.812600,0.000167,0.000821,-0.163696,-0.445193,0.149870,-3.302247,0.000272,0.000821,-0.163625
114.2000,-0.281422,0.257139,-3.812600,0.000167,0.000821,-0.163700,-0.457010,0.142145,-3.208262,0.000205,0.000758,-0.163707
114.2500,-0.281423,0.257139,-3.812600,0.000167,0.000821,-0.163704,-0.464802,0.136958,-3.183142,0.000191,0.000782,-0.163592
114.3000,-0.281423,0.257139,-3.812600,0.000167,0.000821,-0.163708,-0.295770,0.001062,-3.106533,0.000224,0.000721,-0.163658
114.3500,-0.281424,0.257139,-3.812600,0.000167,0.000821,-0.163712,-0.293731,-0.011096,-3.079243,0.000436,0.000765,-0.163601
114.4000,-0.281424,0.257139,-3.812600,0.000167,0.000821,-0.163716,-0.290696,-0.029329,-3.021481,0.000315,0.000748,-0.163509
114.4500,-0.281425,0.257139,-3.812600,0.000167,0.000821,-0.163720,-0.293483,0.244989,-3.741815,0.000156,0.001004,-0.163807
114.5000,-0.281425,0.257139,-3.812600,0.000167,0.000821,-0.163724,-0.290773,0.248140,-3.732546,0.000247,0.000999,-0.163707
114.5500,-0.281426,0.257139,-3.812600,0.000167,0.000821,-0.163728,-0.288961,0.250240,-3.741330,0.000161,0.000856,-0.163842
114.6020,-0.281426,0.257139,-3.812600,0.000167,0.000821,-0.163732,-0.286279,0.253402,-3.715548,-0.000039,0.000835,-0.163603
114.6500,-0.281427,0.257140,-3.812600,0.000167,0.000821,-0.163736,-0.284474,0.255505,-3.720748,0.000358,0.000888,-0.163764
114.7000,-0.281427,0.257140,-3.812600,0.000167,0.000821,-0.163739,-0.281843,0.258686,-3.672372,0.000304,0.000644,-0.163715
114.7500,-0.281427,0.257140,-3.812600,0.000167,0.000821,-0.163743,-0.280051,0.260792,-3.672588,0.000224,0.000840,-0.163648
114.8000,-0.281428,0.257140,-3.812600,0.000167,0.000821,-0.163747,-0.277487,0.263997,-3.600227,0.000195,0.000931,-0.163543
114.8500,-0.281428,0.257140,-3.812600,0.000167,0.000821,-0.163751,-0.275709,0.266107,-3.594506,0.000349,0.000943,-0.163746
114.9000,-0.281429,0.257140,-3.812600,0.000167,0.000821,-0.163754,-0.273207,0.269336,-3.503266,0.000035,0.000886,-0.163464
114.9500,-0.281429,0.257140,-3.812600,0.000167,0.000821,-0.163758,-0.271442,0.271453,-3.491384,0.000269,0.000860,-0.163805
115.0000,-0.281430,0.257140,-3.812600,0.000167,0.000821,-0.163761,-0.268978,0.274696,-3.391526,0.000138,0.000939,-0.163696
115.0520,-0.281430,0.257140,-3.812600,0.000167,0.000821,-0.163765,-0.267225,0.276815,-3.374041,0.000223,0.000814,-0.163825
115.1000,-0.281431,0.257140,-3.812600,0.000167,0.000821,-0.163768,-0.264771,0.280062,-3.277066,0.000037,0.000708,-0.163742
115.1500,-0.281431,0.257140,-3.812600,0.000167,0.000821,-0.163772,-0.263035,0.282189,-3.255112,0.000070,0.000825,-0.163654
115.2020,-0.281431,0.257140,-3.812600,0.000167,0.000821,-0.163775,-0.260561,0.285427,-3.169985,0.000043,0.000776,-0.163756
115.2500,-0.281432,0.257140,-3.812600,0.000167,0.000821,-0.163779,-0.258832,0.287556,-3.144951,0.000164,0.000780,-0.163807
115.3000,-0.281432,0.257140,-3.812600,0.000167,0.000821,-0.163782,-0.145095,0.224753,-3.076518,0.000272,0.000869,-0.163776
115.3500,-0.281433,0.257140,-3.812600,0.000167,0.000821,-0.163785,-0.137325,0.223290,-3.049767,0.000262,0.000843,-0.163716
115.4000,-0.281433,0.257140,-3.812600,0.000167,0.000821,-0.163788,-0.125683,0.221102,-2.999094,0.000233,0.000957,-0.163826
115.4500,-0.281433,0.257140,-3.812600,0.000167,0.000821,-0.163792,-0.219217,0.245145,-3.801323,0.000214,0.000903,-0.163789
115.5000,-0.281434,0.257140,-3.812600,0.000167,0.000821,-0.163795,-0.215110,0.244847,-3.797553,0.000190,0.000884,-0.163752
115.5500,-0.281434,0.257140,-3.812600,0.000167,0.000821,-0.163798,-0.212370,0.244647,-3.811264,0.000178,0.000831,-0.163879
115.6000,-0.281435,0.257140,-3.812600,0.000167,0.000821,-0.163801,-0.208294,0.244362,-3.789070,0.000069,0.000863,-0.163691
115.6500,-0.281435,0.257140,-3.812600,0.000167,0.000821,-0.163804,-0.205560,0.244168,-3.798844,0.000250,0.000729,-0.163751
115.7000,-0.281435,0.257140,-3.812600,0.000167,0.000821,-0.163807,-0.201542,0.243906,-3.751104,0.000153,0.000946,-0.163685
115.7500,-0.281436,0.257140,-3.812600,0.000167,0.000821,-0.163810,-0.198819,0.243715,-3.755339,0.000093,0.000818,-0.163742
115.8020,-0.281436,0.257140,-3.812600,0.000167,0.000821,-0.163813,-0.194874,0.243476,-3.679931,0.000107,0.000735,-0.163772
115.8500,-0.281437,0.257140,-3.812600,0.000167,0.000821,-0.163816,-0.192170,0.243294,-3.677484,0.000057,0.000904,-0.163866
115.9000,-0.281437,0.257140,-3.812600,0.000167,0.000821,-0.163819,-0.188300,0.243084,-3.579517,0.000277,0.000812,-0.163809
115.9520,-0.281437,0.257140,-3.812601,0.000167,0.000821,-0.163822,-0.185612,0.242909,-3.570038,0.000236,0.000974,-0.163963
116.0000,-0.281438,0.257140,-3.812601,0.000167,0.000821,-0.163825,-0.181788,0.242717,-3.460603,0.000134,0.000813,-0.163630
116.0500,-0.281438,0.257140,-3.812601,0.000167,0.000821,-0.163828,-0.179117,0.242549,-3.444616,0.000085,0.000871,-0.163831
116.1000,-0.281438,0.257140,-3.812601,0.000167,0.000821,-0.163831,-0.175310,0.242365,-3.336551,0.000182,0.000892,-0.163796
116.1500,-0.281439,0.257140,-3.812601,0.000167,0.000821,-0.163834,-0.172654,0.242202,-3.315247,0.000133,0.000791,-0.163848
116.2000,-0.281439,0.257140,-3.812601,0.000167,0.000821,-0.163837,-0.168831,0.242013,-3.218859,0.000227,0.000925,-0.163905
116.2500,-0.281439,0.257140,-3.812601,0.000167,0.000821,-0.163839,-0.166186,0.241854,-3.193748,0.000088,0.000886,-0.163894
116.3000,-0.281440,0.257140,-3.812601,0.000167,0.000821,-0.163842,0.025107,0.445124,-3.114880,0.000274,0.000814,-0.164048
116.3500,-0.281440,0.257140,-3.812601,0.000167,0.000821,-0.163845,0.037935,0.456024,-3.087469,0.000173,0.000873,-0.163774
116.4000,-0.281440,0.257140,-3.812601,0.000167,0.000821,-0.163847,0.057149,0.472389,-3.027762,0.000160,0.000712,-0.163947
116.4500,-0.281441,0.257140,-3.812601,0.000167,0.000821,-0.163850,-0.225855,0.205641,-3.756090,0.000074,0.000882,-0.163835
116.5000,-0.281441,0.257140,-3.812601,0.000167,0.000821,-0.163853,-0.228708,0.201245,-3.746670,0.000242,0.000854,-0.163726
116.5500,-0.281441,0.257140,-3.812601,0.000167,0.000821,-0.163855,-0.230610,0.198313,-3.755627,0.000097,0.000816,-0.163718
116.6000,-0.281442,0.257140,-3.812601,0.000167,0.000821,-0.163858,-0.233494,0.193926,-3.729388,0.000319,0.000794,-0.163996
116.6500,-0.281442,0.257140,-3.812601,0.000167,0.000821,-0.163860,-0.235403,0.190998,-3.734694,0.000201,0.000689,-0.163872
116.7000,-0.281442,0.257140,-3.812601,0.000167,0.000821,-0.163863,-0.238340,0.186631,-3.685443,0.000271,0.000797,-0.163742
116.7500,-0.281443,0.257140,-3.812601,0.000167,0.000821,-0.163865,-0.240262,0.183705,-3.685674,0.000284,0.000856,-0.163944
116.8000,-0.281443,0.257140,-3.812601,0.000167,0.000821,-0.163868,-0.243264,0.179364,-3.611991,0.000312,0.000907,-0.163977
116.8500,-0.281443,0.257140,-3.812601,0.000167,0.000821,-0.163870,-0.245201,0.176442,-3.606174,0.000135,0.000776,-0.163865
116.9000,-0.281444,0.257140,-3.812601,0.000167,0.000821,-0.163873,-0.248264,0.172124,-3.513261,0.000089,0.000713,-0.163822
116.9500,-0.281444,0.257140,-3.812601,0.000167,0.000821,-0.163875,-0.250219,0.169211,-3.501168,0.000257,0.000649,-0.163693
117.0000,-0.281444,0.257140,-3.812601,0.000167,0.000821,-0.163877,-0.253324,0.164908,-3.399475,0.000300,0.000772,-0.163768
117.0500,-0.281444,0.257140,-3.812601,0.000167,0.000821,-0.163880,-0.255292,0.161997,-3.381675,0.000161,0.000850,-0.163928
117.1000,-0.281445,0.257140,-3.812601,0.000167,0.000821,-0.163882,-0.258409,0.157700,-3.282915,0.000221,0.000806,-0.163825
117.1520,-0.281445,0.257140,-3.812601,0.000167,0.000821,-0.163884,-0.260389,0.154791,-3.260562,0.000120,0.000640,-0.163865
117.2000,-0.281445,0.257140,-3.812601,0.000167,0.000821,-0.163886,-0.263492,0.150487,-3.173865,0.000246,0.000693,-0.163856
117.2500,-0.281446,0.257140,-3.812601,0.000167,0.000821,-0.163889,-0.265483,0.147581,-3.148375,0.000197,0.000803,-0.163983
117.3000,-0.281446,0.257140,-3.812601,0.000167,0.000821,-0.163891,-0.586763,-0.041950,-3.078599,0.000174,0.000893,-0.163701
117.3500,-0.281446,0.257140,-3.812601,0.000167,0.000821,-0.163893,-0.606055,-0.054921,-3.051351,0.000258,0.000869,-0.164033
117.4000,-0.281446,0.257140,-3.812601,0.000167,0.000821,-0.163895,-0.635015,-0.074374,-2.999754,0.000038,0.000889,-0.163906
117.4520,-0.281447,0.257140,-3.812601,0.000167,0.000821,-0.163897,-0.293984,0.237277,-3.780047,0.000015,0.000735,-0.164048
117.5000,-0.281447,0.257140,-3.812601,0.000167,0.000821,-0.163899,-0.295984,0.242071,-3.774606,0.000035,0.000727,-0.163860
117.5500,-0.281447,0.257140,-3.812601,0.000167,0.000821,-0.163902,-0.297316,0.245266,-3.786758,0.000110,0.000961,-0.163828
117.6000,-0.281447,0.257140,-3.812601,0.000167,0.000821,-0.163904,-0.299349,0.250075,-3.763546,0.000153,0.000731,-0.164120
117.6500,-0.281448,0.257140,-3.812601,0.000167,0.000821,-0.163906,-0.300689,0.253276,-3.771884,0.000328,0.000778,-0.163894
117.7000,-0.281448,0.257140,-3.812601,0.000167,0.000821,-0.163908,-0.302776,0.258103,-3.724121,0.000287,0.000811,-0.163955
117.7500,-0.281448,0.257140,-3.812601,0.000167,0.000821,-0.163910,-0.304128,0.261307,-3.727110,0.000167,0.000876,-0.163698
117.8000,-0.281448,0.257140,-3.812601,0.000167,0.000821,-0.163912,-0.306288,0.266161,-3.652907,0.000221,0.000886,-0.163919
117.8500,-0.281449,0.257140,-3.812601,0.000167,0.000821,-0.163914,-0.307654,0.269368,-3.649467,0.000213,0.000752,-0.163938
117.9020,-0.281449,0.257140,-3.812601,0.000167,0.000821,-0.163916,-0.309879,0.274248,-3.553915,0.000263,0.000703,-0.163825
117.9500,-0.281449,0.257140,-3.812601,0.000168,0.000821,-0.163918,-0.311266,0.277459,-3.543734,0.000072,0.000862,-0.163884
118.0000,-0.281449,0.257140,-3.812601,0.000168,0.000821,-0.163920,-0.313536,0.282358,-3.437630,0.000279,0.000871,-0.163974
118.0500,-0.281450,0.257141,-3.812601,0.000168,0.000821,-0.163921,-0.314938,0.285574,-3.421242,0.000126,0.000824,-0.163832
118.1000,-0.281450,0.257141,-3.812601,0.000168,0.000821,-0.163923,-0.317223,0.290478,-3.316966,0.000101,0.000749,-0.163971
118.1500,-0.281450,0.257141,-3.812601,0.000168,0.000821,-0.163925,-0.318640,0.293704,-3.295541,0.000148,0.000714,-0.164030
118.2000,-0.281450,0.257141,-3.812601,0.000168,0.000821,-0.163927,-0.320912,0.298601,-3.202953,0.000026,0.000676,-0.163932
118.2500,-0.281450,0.257141,-3.812601,0.000168,0.000821,-0.163929,-0.322343,0.301833,-3.177957,0.000278,0.000875,-0.163876
118.3000,-0.281451,0.257141,-3.812601,0.000168,0.000821,-0.163931,-0.432394,0.137882,-3.102539,0.000035,0.000728,-0.163722
118.3500,-0.281451,0.257141,-3.812601,0.000168,0.000821,-0.163932,-0.439697,0.131930,-3.075428,0.000287,0.000715,-0.164094
118.4000,-0.281451,0.257141,-3.812601,0.000168,0.000821,-0.163934,-0.450675,0.123008,-3.018712,0.000254,0.000890,-0.164001
118.4500,-0.281451,0.257141,-3.812601,0.000168,0.000821,-0.163936,-0.295695,0.366705,-3.763068,0.000091,0.000740,-0.163987
118.5000,-0.281452,0.257141,-3.812601,0.000168,0.000821,-0.163938,-0.294513,0.376416,-3.755242,0.000132,0.000743,-0.163976
118.5500,-0.281452,0.257141,-3.812601,0.000168,0.000821,-0.163939,-0.293721,0.382890,-3.765428,0.000115,0.000974,-0.163990
118.6000,-0.281452,0.257141,-3.812601,0.000168,0.000821,-0.163941,-0.292569,0.392613,-3.740461,0.000206,0.000905,-0.163882
118.6500,-0.281452,0.257141,-3.812601,0.000168,0.000821,-0.163943,-0.291785,0.399090,-3.746943,0.000210,0.000913,-0.164063
118.7000,-0.281452,0.257141,-3.812601,0.000168,0.000821,-0.163944,-0.290686,0.408832,-3.698432,0.000154,0.000827,-0.163978
118.7500,-0.281453,0.257141,-3.812601,0.000168,0.000821,-0.163946,-0.289913,0.415316,-3.699748,0.000288,0.000908,-0.163863
118.8000,-0.281453,0.257141,-3.812601,0.000168,0.000821,-0.163948,-0.288884,0.425085,-3.626091,0.000168,0.000713,-0.164063
118.8520,-0.281453,0.257141,-3.812601,0.000168,0.000821,-0.163949,-0.288125,0.431576,-3.621228,0.000126,0.000901,-0.164034
118.9000,-0.281453,0.257141,-3.812601,0.000168,0.000821,-0.163951,-0.287158,0.441367,-3.527566,0.000146,0.000717,-0.163983
118.9500,-0.281453,0.257141,-3.812601,0.000168,0.000821,-0.163952,-0.286417,0.447864,-3.516264,0.000154,0.000941,-0.163991
119.0020,-0.281454,0.257141,-3.812601,0.000168,0.000821,-0.163954,-0.285494,0.457673,-3.413151,0.000035,0.000992,-0.164026
119.0520,-0.281454,0.257141,-3.812601,0.000168,0.000821,-0.163955,-0.284763,0.464176,-3.395962,0.000062,0.000954,-0.163924
119.1000,-0.281454,0.257141,-3.812601,0.000168,0.000821,-0.163957,-0.283852,0.473991,-3.295337,0.000063,0.000761,-0.163989
119.1500,-0.281454,0.257141,-3.812602,0.000168,0.000821,-0.163958,-0.283138,0.480499,-3.273419,0.000460,0.000843,-0.164047
119.2000,-0.281454,0.257141,-3.812602,0.000168,0.000821,-0.163960,-0.282208,0.490307,-3.184670,0.000175,0.000958,-0.163895
119.2500,-0.281455,0.257141,-3.812602,0.000168,0.000821,-0.163961,-0.281503,0.496815,-3.159453,0.000079,0.000748,-0.164038
119.3000,-0.281455,0.257141,-3.812602,0.000168,0.000821,-0.163963,0.115970,0.115893,-3.087820,0.000001,0.001030,-0.164185
119.3500,-0.281455,0.257141,-3.812602,0.000168,0.000821,-0.163964,0.138232,0.101165,-3.060725,0.000278,0.000747,-0.163953
119.4000,-0.281455,0.257141,-3.812602,0.000168,0.000821,-0.163966,0.171596,0.079082,-3.007242,0.000106,0.000991,-0.164015
119.4500,-0.281455,0.257141,-3.812602,0.000168,0.000821,-0.163967,-0.282433,0.308355,-3.699832,0.000219,0.000884,-0.163989
119.5000,-0.281455,0.257141,-3.812602,0.000168,0.000821,-0.163969,-0.284618,0.304495,-3.690370,0.000242,0.000655,-0.163948
119.5500,-0.281456,0.257141,-3.812602,0.000168,0.000821,-0.163970,-0.286073,0.301921,-3.698209,0.000221,0.000532,-0.163816
119.6000,-0.281456,0.257141,-3.812602,0.000168,0.000821,-0.163971,-0.288287,0.298071,-3.673196,0.000220,0.000922,-0.163758
119.6500,-0.281456,0.257141,-3.812602,0.000168,0.000821,-0.163973,-0.289752,0.295500,-3.677653,0.000199,0.000927,-0.164065
119.7000,-0.281456,0.257141,-3.812602,0.000168,0.000821,-0.163974,-0.292015,0.291670,-3.631399,0.000076,0.000770,-0.163891
119.7520,-0.281456,0.257141,-3.812602,0.000168,0.000821,-0.163975,-0.293490,0.289099,-3.631160,0.000178,0.000791,-0.164065
119.8000,-0.281456,0.257141,-3.812602,0.000168,0.000821,-0.163977,-0.295814,0.285291,-3.562416,0.000077,0.000817,-0.164073
119.8500,-0.281457,0.257141,-3.812602,0.000168,0.000821,-0.163978,-0.297303,0.282727,-3.556593,0.000320,0.000868,-0.164129
119.9000,-0.281457,0.257141,-3.812602,0.000168,0.000821,-0.163979,-0.299683,0.278941,-3.470236,0.000149,0.000811,-0.163942
119.9520,-0.281457,0.257141,-3.812602,0.000168,0.000821,-0.163981,-0.301185,0.276382,-3.458629,-0.000039,0.000808,-0.164144
120.0000,-0.281457,0.257141,-3.812602,0.000168,0.000821,-0.163982,-0.303604,0.272612,-3.364362,0.000221,0.000716,-0.164125
120.0500,-0.281457,0.257141,-3.812602,0.000168,0.000821,-0.163983,-0.305121,0.270059,-3.347507,-0.000000,0.000821,-0.164035
120.1000,-0.281457,0.257141,-3.812602,0.000168,0.000821,-0.163984,-0.307549,0.266292,-3.256162,0.000078,0.000863,-0.163955
120.1500,-0.281458,0.257141,-3.812602,0.000168,0.000821,-0.163986,-0.309078,0.263746,-3.235135,0.000068,0.000706,-0.163993
120.2000,-0.281458,0.257141,-3.812602,0.000168,0.000821,-0.163987,-0.311490,0.259973,-3.155120,0.000126,0.000753,-0.163819
120.2500,-0.281458,0.257141,-3.812602,0.000168,0.000821,-0.163988,-0.313027,0.257432,-3.131234,0.000182,0.001042,-0.164074
120.3000,-0.281458,0.257141,-3.812602,0.000168,0.000821,-0.163989,-0.475671,0.346946,-3.066996,0.000228,0.000833,-0.163914
120.3500,-0.281458,0.257141,-3.812602,0.000168,0.000821,-0.163990,-0.485926,0.349475,-3.041532,0.000106,0.001009,-0.164061
120.4000,-0.281458,0.257141,-3.812602,0.000168,0.000821,-0.163992,-0.501319,0.353278,-2.994172,0.000134,0.000670,-0.163902
120.4500,-0.281458,0.257141,-3.812602,0.000168,0.000821,-0.163993,-0.245201,0.300888,-3.825405,0.000156,0.000795,-0.164032
120.5000,-0.281459,0.257141,-3.812602,0.000168,0.000821,-0.163994,-0.240665,0.300575,-3.824934,0.000119,0.000891,-0.164149
120.5500,-0.281459,0.257141,-3.812602,0.000168,0.000821,-0.163995,-0.237635,0.300369,-3.841374,0.000265,0.000679,-0.163939
120.6000,-0.281459,0.257141,-3.812602,0.000168,0.000821,-0.163996,-0.233128,0.300071,-3.821595,0.000115,0.000948,-0.164032
120.6520,-0.281459,0.257141,-3.812602,0.000168,0.000821,-0.163997,-0.230109,0.299864,-3.833943,0.000112,0.000880,-0.164140
120.7000,-0.281459,0.257141,-3.812602,0.000168,0.000821,-0.163998,-0.225665,0.299584,-3.787211,0.000148,0.000664,-0.163989
120.7500,-0.281459,0.257141,-3.812602,0.000168,0.000821,-0.163999,-0.222656,0.299384,-3.793766,0.000106,0.000889,-0.163960
120.8000,-0.281459,0.257141,-3.812602,0.000168,0.000821,-0.164000,-0.218288,0.299136,-3.717555,0.000308,0.000805,-0.164108
120.8500,-0.281460,0.257141,-3.812602,0.000168,0.000821,-0.164001,-0.215297,0.298941,-3.717077,0.000301,0.000870,-0.163958
120.9000,-0.281460,0.257141,-3.812602,0.000168,0.000821,-0.164003,-0.211009,0.298725,-3.616430,0.000403,0.000808,-0.163983
120.9520,-0.281460,0.257141,-3.812602,0.000168,0.000821,-0.164004,-0.208036,0.298535,-3.608498,0.000085,0.000757,-0.163907
121.0000,-0.281460,0.257141,-3.812602,0.000168,0.000821,-0.164005,-0.203799,0.298339,-3.494849,0.000139,0.000631,-0.163973
121.0520,-0.281460,0.257141,-3.812602,0.000168,0.000821,-0.164006,-0.200851,0.298159,-3.479961,-0.000108,0.000742,-0.164123
121.1020,-0.281460,0.257141,-3.812602,0.000168,0.000821,-0.164007,-0.196632,0.297971,-3.366769,0.000110,0.000738,-0.164106
121.1500,-0.281460,0.257141,-3.812602,0.000168,0.000821,-0.164008,-0.193696,0.297801,-3.346134,0.000207,0.000731,-0.163896
121.2020,-0.281460,0.257141,-3.812602,0.000168,0.000821,-0.164009,-0.189466,0.297606,-3.244363,-0.000030,0.000857,-0.164083
121.2500,-0.281461,0.257141,-3.812602,0.000168,0.000821,-0.164010,-0.186541,0.297445,-3.219540,0.000144,0.000917,-0.164001
121.3000,-0.281461,0.257141,-3.812602,0.000168,0.000821,-0.164011,-0.407594,0.369421,-3.135473,0.000067,0.000938,-0.163888
121.3500,-0.281461,0.257141,-3.812602,0.000168,0.000821,-0.164012,-0.416923,0.373185,-3.108032,0.000191,0.000812,-0.163978
121.4000,-0.281461,0.257141,-3.812602,0.000168,0.000821,-0.164012,-0.430952,0.378841,-3.043786,0.000230,0.000721,-0.164101
121.4500,-0.281461,0.257141,-3.812602,0.000168,0.000821,-0.164013,-0.328472,0.263930,-3.713405,0.000147,0.000800,-0.164110
121.5000,-0.281461,0.257141,-3.812602,0.000168,0.000821,-0.164014,-0.334097,0.260704,-3.700535,0.000054,0.000785,-0.164028
121.5500,-0.281461,0.257141,-3.812602,0.000168,0.000821,-0.164015,-0.337845,0.258552,-3.706298,0.000044,0.000772,-0.163917
121.6000,-0.281461,0.257141,-3.812602,0.000168,0.000821,-0.164016,-0.343497,0.255335,-3.677929,0.000209,0.000801,-0.163918
121.6500,-0.281461,0.257141,-3.812602,0.000168,0.000821,-0.164017,-0.347255,0.253187,-3.680287,0.000144,0.000872,-0.163988
121.7000,-0.281462,0.257141,-3.812602,0.000168,0.000821,-0.164018,-0.352957,0.249990,-3.630924,0.000289,0.000870,-0.163985
121.7520,-0.281462,0.257141,-3.812602,0.000168,0.000821,-0.164019,-0.356724,0.247845,-3.628591,0.000190,0.000962,-0.163961
121.8000,-0.281462,0.257141,-3.812602,0.000168,0.000821,-0.164020,-0.362487,0.244671,-3.557289,0.000159,0.000630,-0.164060
121.8500,-0.281462,0.257141,-3.812602,0.000168,0.000821,-0.164021,-0.366268,0.242533,-3.549420,0.000113,0.000828,-0.163951
121.9020,-0.281462,0.257141,-3.812602,0.000168,0.000821,-0.164021,-0.372085,0.239379,-3.461350,0.000217,0.000833,-0.164055
121.9500,-0.281462,0.257141,-3.812602,0.000168,0.000821,-0.164022,-0.375881,0.237248,-3.447797,0.000192,0.000709,-0.164058
122.0000,-0.281462,0.257141,-3.812602,0.000168,0.000821,-0.164023,-0.381733,0.234108,-3.352817,0.000030,0.000825,-0.164116
122.0500,-0.281462,0.257141,-3.812602,0.000168,0.000821,-0.164024,-0.385542,0.231984,-3.334167,0.000240,0.000899,-0.164038
122.1000,-0.281462,0.257141,-3.812602,0.000168,0.000821,-0.164025,-0.391401,0.228848,-3.243068,-0.000003,0.000965,-0.163918
122.1500,-0.281463,0.257141,-3.812602,0.000168,0.000821,-0.164026,-0.395218,0.226729,-3.220433,0.000095,0.000871,-0.164018
122.2000,-0.281463,0.257141,-3.812602,0.000168,0.000821,-0.164026,-0.401057,0.223590,-3.141434,0.000069,0.000823,-0.164211
122.2500,-0.281463,0.257141,-3.812602,0.000168,0.000821,-0.164027,-0.404884,0.221478,-3.116145,0.000007,0.000823,-0.164139
122.3000,-0.281463,0.257141,-3.812602,0.000168,0.000821,-0.164028,-0.524217,0.329208,-3.053454,0.000205,0.000659,-0.164160
122.3500,-0.281463,0.257141,-3.812602,0.000168,0.000821,-0.164029,-0.534222,0.333125,-3.026794,-0.000008,0.000693,-0.164034
122.4000,-0.281463,0.257141,-3.812602,0.000168,0.000821,-0.164029,-0.549240,0.339006,-2.981261,0.000308,0.000909,-0.163986
122.4500,-0.281463,0.257141,-3.812602,0.000168,0.000821,-0.164030,-0.217311,0.281997,-3.743847,0.000331,0.000752,-0.163889
122.5000,-0.281463,0.257141,-3.812602,0.000168,0.000821,-0.164031,-0.206754,0.283316,-3.739420,0.000222,0.000816,-0.163900
122.5500,-0.281463,0.257141,-3.812602,0.000168,0.000821,-0.164032,-0.199714,0.284194,-3.751565,0.000142,0.000888,-0.164141
122.6000,-0.281463,0.257141,-3.812602,0.000168,0.000821,-0.164032,-0.189188,0.285520,-3.730075,0.000109,0.000922,-0.164000
122.6500,-0.281464,0.257141,-3.812602,0.000168,0.000821,-0.164033,-0.182154,0.286402,-3.738566,0.000287,0.000844,-0.164051
122.7000,-0.281464,0.257141,-3.812602,0.000168,0.000821,-0.164034,-0.171678,0.287750,-3.693459,0.000246,0.000842,-0.164107
122.7500,-0.281464,0.257141,-3.812602,0.000168,0.000821,-0.164035,-0.164655,0.288635,-3.696818,0.000121,0.000750,-0.163999
122.8000,-0.281464,0.257141,-3.812602,0.000168,0.000821,-0.164035,-0.154247,0.290009,-3.626209,0.000112,0.000780,-0.164097
122.8500,-0.281464,0.257141,-3.812602,0.000168,0.000821,-0.164036,-0.147242,0.290901,-3.623388,0.000376,0.000783,-0.163999
122.9000,-0.281464,0.257141,-3.812602,0.000168,0.000821,-0.164037,-0.136902,0.292300,-3.532096,0.000309,0.000871,-0.163993
122.9500,-0.281464,0.257141,-3.812602,0.000168,0.000821,-0.164037,-0.129912,0.293197,-3.522784,0.000073,0.000910,-0.164172
123.0000,-0.281464,0.257141,-3.812602,0.000168,0.000821,-0.164038,-0.119616,0.294613,-3.421131,0.000097,0.000855,-0.163749
123.0500,-0.281464,0.257141,-3.812602,0.000168,0.000821,-0.164039,-0.112640,0.295519,-3.405829,0.000216,0.000903,-0.163932
123.1000,-0.281464,0.257141,-3.812602,0.000168,0.000821,-0.164039,-0.102358,0.296942,-3.305705,0.000285,0.000707,-0.164096
123.1500,-0.281464,0.257141,-3.812602,0.000168,0.000821,-0.164040,-0.095398,0.297847,-3.285525,0.000086,0.000778,-0.164004
123.2000,-0.281464,0.257141,-3.812602,0.000168,0.000821,-0.164041,-0.085102,0.299267,-3.196436,0.000221,0.000878,-0.163995
123.2500,-0.281465,0.257141,-3.812602,0.000168,0.000821,-0.164041,-0.078149,0.300175,-3.172782,0.000231,0.000785,-0.163980
123.3000,-0.281465,0.257141,-3.812602,0.000168,0.000821,-0.164042,-0.349229,0.371808,-3.099989,0.000106,0.000841,-0.164037
123.3500,-0.281465,0.257141,-3.812602,0.000168,0.000821,-0.164043,-0.357593,0.376542,-3.074255,0.000310,0.000761,-0.164027
123.4000,-0.281465,0.257141,-3.812602,0.000168,0.000821,-0.164043,-0.370164,0.383644,-3.019406,0.000316,0.000909,-0.164082
123.4500,-0.281465,0.257141,-3.812602,0.000168,0.000821,-0.164044,-0.282986,0.247185,-3.724514,0.000013,0.000715,-0.164174
123.5000,-0.281465,0.257141,-3.812602,0.000168,0.000821,-0.164045,-0.288384,0.243722,-3.716832,0.000124,0.000720,-0.164015
123.5500,-0.281465,0.257141,-3.812602,0.000168,0.000821,-0.164045,-0.291981,0.241416,-3.726370,0.000213,0.000866,-0.163955
123.6000,-0.281465,0.257141,-3.812602,0.000168,0.000821,-0.164046,-0.297407,0.237967,-3.702399,0.000062,0.000939,-0.164038
123.6500,-0.281465,0.257141,-3.812602,0.000168,0.000821,-0.164046,-0.301010,0.235663,-3.708415,0.000199,0.000749,-0.164032
123.7000,-0.281465,0.257141,-3.812602,0.000168,0.000821,-0.164047,-0.306486,0.232232,-3.662078,0.000212,0.000815,-0.163868
123.7500,-0.281465,0.257141,-3.812602,0.000168,0.000821,-0.164048,-0.310100,0.229931,-3.663183,0.000204,0.000797,-0.163770
123.8000,-0.281465,0.257141,-3.812602,0.000168,0.000821,-0.164048,-0.315638,0.226520,-3.592980,0.000374,0.000891,-0.164104
123.8500,-0.281465,0.257141,-3.812602,0.000168,0.000821,-0.164049,-0.319266,0.224225,-3.588217,0.000171,0.000735,-0.164069
123.9000,-0.281466,0.257141,-3.812602,0.000168,0.000821,-0.164049,-0.324865,0.220840,-3.499055,0.000046,0.000794,-0.164005
123.9500,-0.281466,0.257141,-3.812602,0.000168,0.000821,-0.164050,-0.328508,0.218550,-3.488178,0.000198,0.001063,-0.164197
124.0020,-0.281466,0.257141,-3.812602,0.000168,0.000821,-0.164050,-0.334148,0.215181,-3.390100,0.000230,0.000915,-0.164083
124.0500,-0.281466,0.257141,-3.812602,0.000168,0.000821,-0.164051,-0.337803,0.212894,-3.373638,0.000236,0.000686,-0.163922
124.1000,-0.281466,0.257141,-3.812602,0.000168,0.000821,-0.164051,-0.343456,0.209528,-3.277993,-0.000040,0.000775,-0.164154
124.1500,-0.281466,0.257141,-3.812602,0.000168,0.000821,-0.164052,-0.347125,0.207249,-3.257049,0.000125,0.000744,-0.164029
124.2000,-0.281466,0.257141,-3.812602,0.000168,0.000821,-0.164052,-0.352762,0.203878,-3.172747,0.000120,0.000671,-0.164154
124.2500,-0.281466,0.257141,-3.812602,0.000168,0.000821,-0.164053,-0.356445,0.201604,-3.148682,0.000222,0.000664,-0.164093
124.3000,-0.281466,0.257141,-3.812602,0.000168,0.000821,-0.164054,-0.499639,0.319023,-3.080540,0.000017,0.000859,-0.163857
124.3500,-0.281466,0.257141,-3.812602,0.000168,0.000821,-0.164054,-0.510804,0.323315,-3.054690,-0.000038,0.000848,-0.164140
124.4000,-0.281466,0.257141,-3.812602,0.000168,0.000821,-0.164055,-0.527570,0.329762,-3.003997,0.000063,0.000895,-0.164100
124.4500,-0.281466,0.257141,-3.812602,0.000168,0.000821,-0.164055,-0.249854,0.241248,-3.772453,0.000269,0.000964,-0.164167
124.5000,-0.281466,0.257141,-3.812602,0.000168,0.000821,-0.164056,-0.244999,0.240749,-3.768195,0.000195,0.000900,-0.163895
124.5500,-0.281466,0.257141,-3.812602,0.000168,0.000821,-0.164056,-0.241759,0.240412,-3.781011,0.000339,0.001124,-0.164045
124.6000,-0.281466,0.257141,-3.812602,0.000168,0.000821,-0.164057,-0.236936,0.239918,-3.759029,0.000064,0.000729,-0.164098
124.6500,-0.281466,0.257141,-3.812602,0.000168,0.000821,-0.164057,-0.233702,0.239580,-3.768052,0.000264,0.000838,-0.164041
124.7000,-0.281467,0.257141,-3.812602,0.000168,0.000821,-0.164058,-0.228930,0.239112,-3.721523,0.000119,0.000747,-0.164046
124.7500,-0.281467,0.257141,-3.812602,0.000168,0.000821,-0.164058,-0.225711,0.238778,-3.725216,0.000053,0.000740,-0.164127
124.8000,-0.281467,0.257141,-3.812602,0.000168,0.000821,-0.164058,-0.221011,0.238335,-3.652155,0.000170,0.000786,-0.163998
124.8500,-0.281467,0.257141,-3.812602,0.000168,0.000821,-0.164059,-0.217811,0.238009,-3.649426,0.000093,0.000700,-0.164019
124.9000,-0.281467,0.257141,-3.812602,0.000168,0.000821,-0.164059,-0.213180,0.237594,-3.554805,0.000154,0.000789,-0.164134
124.9500,-0.281467,0.257141,-3.812602,0.000168,0.000821,-0.164060,-0.209997,0.237276,-3.545325,0.000148,0.000864,-0.163871
125.0000,-0.281467,0.257141,-3.812602,0.000168,0.000821,-0.164060,-0.205411,0.236880,-3.439849,0.000126,0.000684,-0.164197
125.0500,-0.281467,0.257141,-3.812602,0.000168,0.000821,-0.164061,-0.202248,0.236569,-3.424133,0.000140,0.000854,-0.164178
125.1000,-0.281467,0.257141,-3.812602,0.000168,0.000821,-0.164061,-0.197678,0.236177,-3.320151,0.000256,0.000710,-0.164065
125.1500,-0.281467,0.257141,-3.812602,0.000168,0.000821,-0.164062,-0.194530,0.235869,-3.299352,0.000243,0.000795,-0.164014
125.2000,-0.281467,0.257141,-3.812602,0.000168,0.000821,-0.164062,-0.189948,0.235469,-3.206753,0.000173,0.000721,-0.164238
125.2500,-0.281467,0.257141,-3.812602,0.000168,0.000821,-0.164062,-0.186810,0.235165,-3.182326,0.000202,0.000900,-0.163886
125.3000,-0.281467,0.257141,-3.812602,0.000168,0.000821,-0.164063,-0.407513,0.337853,-3.106611,0.000252,0.000894,-0.163948
125.3500,-0.281467,0.257141,-3.812602,0.000168,0.000821,-0.164063,-0.416626,0.343156,-3.080004,0.000108,0.000764,-0.163986
125.4000,-0.281467,0.257141,-3.812602,0.000168,0.000821,-0.164064,-0.430324,0.351123,-3.022876,0.000064,0.000835,-0.164045
125.4500,-0.281467,0.257141,-3.812602,0.000168,0.000821,-0.164064,-0.327886,0.314502,-3.676399,0.000312,0.000948,-0.164049
125.5000,-0.281467,0.257141,-3.812602,0.000168,0.000821,-0.164065,-0.333210,0.319320,-3.665082,0.000171,0.001176,-0.164170
125.5500,-0.281467,0.257141,-3.812602,0.000168,0.000821,-0.164065,-0.336757,0.322530,-3.671193,0.000192,0.000765,-0.164214
125.6000,-0.281468,0.257141,-3.812602,0.000168,0.000821,-0.164065,-0.342105,0.327356,-3.645046,-0.000047,0.000781,-0.164076
125.6500,-0.281468,0.257141,-3.812602,0.000168,0.000821,-0.164066,-0.345657,0.330569,-3.647911,0.000326,0.000640,-0.163993
125.7000,-0.281468,0.257141,-3.812602,0.000168,0.000821,-0.164066,-0.351053,0.335414,-3.601623,0.000019,0.000756,-0.164023
125.7500,-0.281468,0.257141,-3.812602,0.000168,0.000821,-0.164066,-0.354614,0.338634,-3.600004,0.000122,0.000877,-0.164117
125.8000,-0.281468,0.257141,-3.812602,0.000168,0.000821,-0.164067,-0.360068,0.343504,-3.532583,0.000180,0.000891,-0.164287
125.8500,-0.281468,0.257141,-3.812602,0.000168,0.000821,-0.164067,-0.363641,0.346730,-3.525657,0.000145,0.000806,-0.164157
125.9000,-0.281468,0.257141,-3.812602,0.000168,0.000821,-0.164068,-0.369149,0.351619,-3.441960,0.000187,0.000792,-0.163879
125.9500,-0.281468,0.257141,-3.812602,0.000168,0.000821,-0.164068,-0.372735,0.354850,-3.429573,0.000152,0.000817,-0.164018
126.0000,-0.281468,0.257141,-3.812602,0.000168,0.000821,-0.164068,-0.378276,0.359754,-3.338979,0.000268,0.000732,-0.163884
126.0500,-0.281468,0.257141,-3.812602,0.000168,0.000821,-0.164069,-0.381878,0.362987,-3.321676,0.000216,0.000871,-0.164129
126.1000,-0.281468,0.257141,-3.812602,0.000168,0.000821,-0.164069,-0.387424,0.367893,-3.234514,0.000080,0.000861,-0.164096
126.1500,-0.281468,0.257141,-3.812602,0.000168,0.000821,-0.164069,-0.391035,0.371134,-3.213348,0.000360,0.000870,-0.164033
126.2000,-0.281468,0.257141,-3.812602,0.000168,0.000821,-0.164070,-0.396561,0.376032,-3.137528,0.000224,0.000647,-0.164147
126.2500,-0.281468,0.257141,-3.812602,0.000168,0.000821,-0.164070,-0.400183,0.379275,-3.113765,0.000067,0.000836,-0.163999
126.3000,-0.281468,0.257141,-3.812602,0.000168,0.000821,-0.164070,-0.521648,0.413969,-3.053389,0.000304,0.000792,-0.164080
126.3500,-0.281468,0.257141,-3.812602,0.000168,0.000821,-0.164071,-0.531579,0.418829,-3.028255,0.000302,0.000877,-0.163812
126.4000,-0.281468,0.257141,-3.812602,0.000168,0.000821,-0.164071,-0.546481,0.426123,-2.984190,0.000202,0.000969,-0.164104
126.4500,-0.281468,0.257141,-3.812602,0.000168,0.000821,-0.164071,-0.232668,0.300830,-3.695473,-0.000080,0.000962,-0.163944
126.5000,-0.281468,0.257141,-3.812602,0.000168,0.000821,-0.164072,-0.223351,0.298388,-3.690755,0.000075,0.000922,-0.164091
126.5500,-0.281468,0.257141,-3.812602,0.000168,0.000821,-0.164072,-0.217138,0.296763,-3.701764,0.000300,0.000897,-0.164050
126.6000,-0.281468,0.257141,-3.812602,0.000168,0.000821,-0.164072,-0.207848,0.294335,-3.681098,0.000153,0.000988,-0.164063
126.6520,-0.281468,0.257141,-3.812602,0.000168,0.000821,-0.164073,-0.201642,0.292711,-3.688686,0.000229,0.000878,-0.164180
126.7020,-0.281469,0.257141,-3.812602,0.000168,0.000821,-0.164073,-0.192402,0.290301,-3.645978,0.000244,0.000789,-0.164061
126.7500,-0.281469,0.257141,-3.812602,0.000168,0.000821,-0.164073,-0.186207,0.288681,-3.648769,0.000143,0.000847,-0.163876
126.8000,-0.281469,0.257141,-3.812602,0.000168,0.000821,-0.164074,-0.177032,0.286296,-3.582306,0.000209,0.000894,-0.163845
126.8500,-0.281469,0.257141,-3.812602,0.000168,0.000821,-0.164074,-0.170851,0.284681,-3.579327,0.000177,0.000595,-0.164066
126.9000,-0.281469,0.257141,-3.812602,0.000168,0.000821,-0.164074,-0.161738,0.282317,-3.493661,0.000178,0.000691,-0.163976
126.9500,-0.281469,0.257141,-3.812602,0.000168,0.000821,-0.164075,-0.155574,0.280707,-3.484630,0.000032,0.000783,-0.164048
127.0000,-0.281469,0.257141,-3.812602,0.000168,0.000821,-0.164075,-0.146503,0.278360,-3.389443,0.000044,0.000778,-0.164180
127.0500,-0.281469,0.257141,-3.812602,0.000168,0.000821,-0.164075,-0.140353,0.276757,-3.374836,0.000157,0.000816,-0.164004
127.1020,-0.281469,0.257141,-3.812602,0.000168,0.000821,-0.164076,-0.131295,0.274413,-3.281241,0.000247,0.000688,-0.164177
127.1500,-0.281469,0.257142,-3.812602,0.000168,0.000821,-0.164076,-0.125159,0.272814,-3.262104,0.000113,0.000732,-0.164155
127.2000,-0.281469,0.257142,-3.812602,0.000168,0.000821,-0.164076,-0.116089,0.270466,-3.178957,0.000203,0.000863,-0.164158
127.2500,-0.281469,0.257142,-3.812602,0.000168,0.000821,-0.164076,-0.109963,0.268871,-3.156607,0.000234,0.000806,-0.163888
127.3000,-0.281469,0.257142,-3.812602,0.000168,0.000821,-0.164077,-0.365869,0.353629,-3.088789,0.000087,0.000713,-0.163934
127.3500,-0.281469,0.257142,-3.812602,0.000168,0.000821,-0.164077,-0.374158,0.356775,-3.064530,0.000218,0.000690,-0.164010
127.4000,-0.281469,0.257142,-3.812602,0.000168,0.000821,-0.164077,-0.386617,0.361501,-3.013541,0.000244,0.000843,-0.164083
127.4500,-0.281469,0.257142,-3.812602,0.000168,0.000821,-0.164077,-0.284793,0.291045,-3.785103,0.000179,0.000921,-0.164001
127.5000,-0.281469,0.257142,-3.812602,0.000168,0.000821,-0.164078,-0.288989,0.290255,-3.782658,0.000133,0.000820,-0.164224
127.5500,-0.281469,0.257142,-3.812602,0.000168,0.000821,-0.164078,-0.291781,0.289729,-3.796963,-0.000058,0.000777,-0.164172
127.6000,-0.281469,0.257142,-3.812602,0.000168,0.000821,-0.164078,-0.296005,0.288952,-3.776321,0.000221,0.001023,-0.164106
127.6500,-0.281469,0.257142,-3.812602,0.000168,0.000821,-0.164079,-0.298806,0.288430,-3.786750,0.000118,0.000704,-0.164157
127.7000,-0.281469,0.257142,-3.812602,0.000168,0.000821,-0.164079,-0.303091,0.287676,-3.740808,0.000177,0.000712,-0.164012
127.7500,-0.281469,0.257142,-3.812602,0.000168,0.000821,-0.164079,-0.305906,0.287158,-3.745772,0.000008,0.001017,-0.164143
127.8020,-0.281469,0.257142,-3.812602,0.000168,0.000821,-0.164079,-0.310265,0.286428,-3.672321,0.000129,0.000733,-0.164361
127.8500,-0.281469,0.257142,-3.812602,0.000168,0.000821,-0.164080,-0.313095,0.285920,-3.670674,0.000228,0.000688,-0.164065
127.9000,-0.281469,0.257142,-3.812602,0.000168,0.000821,-0.164080,-0.317523,0.285220,-3.574649,0.000180,0.000856,-0.164165
127.9520,-0.281469,0.257142,-3.812602,0.000168,0.000821,-0.164080,-0.320372,0.284716,-3.566025,0.000180,0.000794,-0.164249
128.0000,-0.281469,0.257142,-3.812602,0.000168,0.000821,-0.164080,-0.324851,0.284036,-3.458310,0.000111,0.000859,-0.164064
128.0500,-0.281469,0.257142,-3.812602,0.000168,0.000821,-0.164081,-0.327716,0.283538,-3.443209,0.000253,0.000939,-0.164186
128.1000,-0.281469,0.257142,-3.812602,0.000168,0.000821,-0.164081,-0.332212,0.282866,-3.336486,0.000247,0.000856,-0.164065
128.1500,-0.281470,0.257142,-3.812602,0.000168,0.000821,-0.164081,-0.335089,0.282368,-3.316068,0.000292,0.000787,-0.163909
128.2000,-0.281470,0.257142,-3.812602,0.000168,0.000821,-0.164081,-0.339571,0.281690,-3.220579,0.000239,0.000682,-0.163995
128.2500,-0.281470,0.257142,-3.812602,0.000168,0.000821,-0.164081,-0.342459,0.281199,-3.196328,0.000150,0.000785,-0.164291
128.3000,-0.281470,0.257142,-3.812602,0.000168,0.000821,-0.164082,-0.491837,0.360910,-3.117867,0.000109,0.000916,-0.164093
128.3500,-0.281470,0.257142,-3.812602,0.000168,0.000821,-0.164082,-0.502610,0.364791,-3.091268,0.000228,0.000762,-0.164092
128.4000,-0.281470,0.257142,-3.812602,0.000168,0.000821,-0.164082,-0.518798,0.370623,-3.031678,0.000175,0.000805,-0.163936
128.4500,-0.281470,0.257142,-3.812602,0.000168,0.000821,-0.164082,-0.294340,0.220334,-3.702596,0.000076,0.000935,-0.164159
128.5000,-0.281470,0.257142,-3.812602,0.000168,0.000821,-0.164083,-0.292906,0.214628,-3.691581,0.000239,0.000972,-0.163985
128.5500,-0.281470,0.257142,-3.812602,0.000168,0.000821,-0.164083,-0.291947,0.210825,-3.698408,0.000294,0.000950,-0.163986
128.6000,-0.281470,0.257142,-3.812602,0.000168,0.000821,-0.164083,-0.290537,0.205127,-3.671942,0.000192,0.000883,-0.164025
128.6500,-0.281470,0.257142,-3.812602,0.000168,0.000821,-0.164083,-0.289582,0.201324,-3.675392,0.000164,0.000906,-0.164102
128.7000,-0.281470,0.257142,-3.812602,0.000168,0.000821,-0.164083,-0.288220,0.195646,-3.627906,0.000223,0.000820,-0.163922
128.7500,-0.281470,0.257142,-3.812602,0.000168,0.000821,-0.164084,-0.287278,0.191846,-3.626686,-0.000050,0.000652,-0.164137
128.8000,-0.281470,0.257142,-3.812602,0.000168,0.000821,-0.164084,-0.285978,0.186192,-3.557078,0.000169,0.000885,-0.164181
128.8500,-0.281470,0.257142,-3.812602,0.000168,0.000821,-0.164084,-0.285049,0.182399,-3.550323,0.000081,0.000866,-0.164071
128.9000,-0.281470,0.257142,-3.812602,0.000168,0.000821,-0.164084,-0.283806,0.176765,-3.463584,0.000085,0.000754,-0.164116
128.9520,-0.281470,0.257142,-3.812602,0.000168,0.000821,-0.164084,-0.282891,0.172981,-3.451121,0.000359,0.000846,-0.164075
129.0000,-0.281470,0.257142,-3.812602,0.000168,0.000821,-0.164085,-0.281682,0.167360,-3.356980,0.000347,0.000780,-0.164173
129.0500,-0.281470,0.257142,-3.812602,0.000168,0.000821,-0.164085,-0.280784,0.163575,-3.339366,0.000113,0.000730,-0.164287
129.1020,-0.281470,0.257142,-3.812602,0.000168,0.000821,-0.164085,-0.279583,0.157959,-3.248583,0.000227,0.000794,-0.163994
129.1520,-0.281470,0.257142,-3.812602,0.000168,0.000821,-0.164085,-0.278694,0.154180,-3.226905,0.000035,0.000853,-0.164068
129.2020,-0.281470,0.257142,-3.812602,0.000168,0.000821,-0.164085,-0.277475,0.148559,-3.147758,0.000175,0.000601,-0.164068
129.2500,-0.281470,0.257142,-3.812602,0.000168,0.000821,-0.164086,-0.276596,0.144783,-3.123331,0.000262,0.000759,-0.164124
129.3000,-0.281470,0.257142,-3.812602,0.000168,0.000821,-0.164086,-0.454974,0.288913,-3.060120,0.000150,0.000819,-0.164108
129.3500,-0.281470,0.257142,-3.812602,0.000168,0.000821,-0.164086,-0.463863,0.293284,-3.034219,0.000141,0.000967,-0.164053
129.4000,-0.281470,0.257142,-3.812602,0.000168,0.000821,-0.164086,-0.477208,0.299845,-2.987948,0.000184,0.000755,-0.164103
129.4500,-0.281470,0.257142,-3.812602,0.000168,0.000821,-0.164086,-0.313039,0.253544,-3.715245,0.000261,0.000983,-0.163877
129.5000,-0.281470,0.257142,-3.812602,0.000168,0.000821,-0.164086,-0.313428,0.256306,-3.709969,0.000156,0.000817,-0.164005
129.5500,-0.281470,0.257142,-3.812602,0.000168,0.000821,-0.164087,-0.313684,0.258148,-3.720977,-0.000077,0.000614,-0.164064
129.6000,-0.281470,0.257142,-3.812602,0.000168,0.000821,-0.164087,-0.314099,0.260921,-3.699368,0.000295,0.000684,-0.164027
129.6500,-0.281470,0.257142,-3.812602,0.000168,0.000821,-0.164087,-0.314363,0.262769,-3.706869,0.000020,0.000859,-0.164018
129.7000,-0.281470,0.257142,-3.812602,0.000168,0.000821,-0.164087,-0.314830,0.265563,-3.662708,0.000391,0.000877,-0.164132
129.7500,-0.281470,0.257142,-3.812602,0.000168,0.000821,-0.164087,-0.315105,0.267413,-3.665294,0.000155,0.000914,-0.164148
129.8000,-0.281470,0.257142,-3.812602,0.000168,0.000821,-0.164088,-0.315640,0.270229,-3.596866,0.000096,0.000773,-0.163957
129.8500,-0.281470,0.257142,-3.812602,0.000168,0.000821,-0.164088,-0.315926,0.272086,-3.593546,0.000301,0.000892,-0.164051
129.9020,-0.281470,0.257142,-3.812602,0.000168,0.000821,-0.164088,-0.316522,0.274928,-3.505554,0.000209,0.000704,-0.164140
129.9500,-0.281470,0.257142,-3.812602,0.000168,0.000821,-0.164088,-0.316827,0.276790,-3.496046,0.000175,0.000927,-0.164158
130.0000,-0.281470,0.257142,-3.812602,0.000168,0.000821,-0.164088,-0.317465,0.279649,-3.398430,0.000103,0.000871,-0.164226
130.0500,-0.281470,0.257142,-3.812602,0.000168,0.000821,-0.164088,-0.317783,0.281516,-3.383228,0.000251,0.000763,-0.164119
130.1000,-0.281470,0.257142,-3.812602,0.000168,0.000821,-0.164088,-0.318434,0.284380,-3.287367,0.000110,0.000939,-0.164244
130.1500,-0.281470,0.257142,-3.812602,0.000168,0.000821,-0.164089,-0.318765,0.286253,-3.267550,0.000108,0.000830,-0.163984
130.2000,-0.281470,0.257142,-3.812602,0.000168,0.000821,-0.164089,-0.319399,0.289113,-3.182495,0.000201,0.000999,-0.163955
130.2500,-0.281471,0.257142,-3.812602,0.000168,0.000821,-0.164089,-0.319736,0.290987,-3.159410,-0.000013,0.000912,-0.163874
130.3000,-0.281471,0.257142,-3.812602,0.000168,0.000821,-0.164089,-0.254502,-0.073463,-3.090232,0.000072,0.000620,-0.163808
130.3500,-0.281471,0.257142,-3.812602,0.000168,0.000821,-0.164089,-0.251267,-0.091547,-3.065223,0.000241,0.000674,-0.163994
130.4000,-0.281471,0.257142,-3.812602,0.000168,0.000821,-0.164089,-0.246441,-0.118669,-3.013206,0.000199,0.000774,-0.164093
130.4500,-0.281471,0.257142,-3.812602,0.000168,0.000821,-0.164090,-0.211262,0.212208,-3.779366,0.000128,0.000705,-0.164175
130.5000,-0.281471,0.257142,-3.812602,0.000168,0.000821,-0.164090,-0.204012,0.211151,-3.775674,0.000034,0.000837,-0.164152
130.5500,-0.281471,0.257142,-3.812602,0.000168,0.000821,-0.164090,-0.199176,0.210446,-3.789012,0.000199,0.000588,-0.163991
130.6020,-0.281471,0.257142,-3.812602,0.000168,0.000821,-0.164090,-0.191955,0.209402,-3.767381,0.000308,0.000768,-0.164168
130.6500,-0.281471,0.257142,-3.812602,0.000168,0.000821,-0.164090,-0.187126,0.208701,-3.776886,0.000073,0.000588,-0.163989
130.7000,-0.281471,0.257142,-3.812602,0.000168,0.000821,-0.164090,-0.179962,0.207677,-3.730381,0.000106,0.000787,-0.164155
130.7500,-0.281471,0.257142,-3.812602,0.000168,0.000821,-0.164090,-0.175147,0.206979,-3.734493,0.000177,0.000766,-0.164143
130.8000,-0.281471,0.257142,-3.812602,0.000168,0.000821,-0.164091,-0.168056,0.205982,-3.661050,0.000226,0.000821,-0.164034
130.8500,-0.281471,0.257142,-3.812602,0.000168,0.000821,-0.164091,-0.163256,0.205291,-3.658658,0.000083,0.000859,-0.164121
130.9000,-0.281471,0.257142,-3.812602,0.000168,0.000821,-0.164091,-0.156233,0.204320,-3.563252,0.000380,0.000797,-0.164389
130.9500,-0.281471,0.257142,-3.812602,0.000168,0.000821,-0.164091,-0.151451,0.203634,-3.554013,0.000271,0.000957,-0.164019
131.0000,-0.281471,0.257142,-3.812602,0.000168,0.000821,-0.164091,-0.144476,0.202684,-3.447447,0.000137,0.000859,-0.164046
131.0500,-0.281471,0.257142,-3.812602,0.000168,0.000821,-0.164091,-0.139709,0.202007,-3.431873,0.000235,0.000743,-0.164266
131.1000,-0.281471,0.257142,-3.812602,0.000168,0.000821,-0.164091,-0.132751,0.201061,-3.326645,0.000057,0.000799,-0.164086
131.1500,-0.281471,0.257142,-3.812602,0.000168,0.000821,-0.164091,-0.128001,0.200390,-3.305895,0.000115,0.000839,-0.163982
131.2000,-0.281471,0.257142,-3.812602,0.000168,0.000821,-0.164092,-0.121029,0.199440,-3.212043,0.000229,0.000536,-0.164193
131.2500,-0.281471,0.257142,-3.812602,0.000168,0.000821,-0.164092,-0.116293,0.198773,-3.187585,0.000138,0.000851,-0.164107
131.3000,-0.281471,0.257142,-3.812602,0.000168,0.000821,-0.164092,-0.210902,-0.086140,-3.110773,-0.000018,0.000814,-0.164007
131.3500,-0.281471,0.257142,-3.812602,0.000168,0.000821,-0.164092,-0.211691,-0.102235,-3.084076,-0.000058,0.000886,-0.164082
131.4000,-0.281471,0.257142,-3.812602,0.000168,0.000821,-0.164092,-0.212899,-0.126374,-3.025952,0.000239,0.000743,-0.164227
131.4500,-0.281471,0.257142,-3.812602,0.000168,0.000821,-0.164092,-0.241499,0.197538,-3.714840,0.000206,0.000707,-0.164076
131.5000,-0.281471,0.257142,-3.812602,0.000168,0.000821,-0.164092,-0.244747,0.198790,-3.704779,0.000303,0.000798,-0.164026
131.5500,-0.281471,0.257142,-3.812602,0.000168,0.000821,-0.164092,-0.246913,0.199624,-3.712497,0.000434,0.000769,-0.164260
131.6000,-0.281471,0.257142,-3.812602,0.000168,0.000821,-0.164092,-0.250191,0.200885,-3.686611,0.000210,0.000691,-0.164188
131.6500,-0.281471,0.257142,-3.812602,0.000168,0.000821,-0.164093,-0.252366,0.201719,-3.690884,0.000076,0.000627,-0.164125
131.7000,-0.281471,0.257142,-3.812602,0.000168,0.000821,-0.164093,-0.255696,0.203002,-3.643404,0.000298,0.000814,-0.164211
131.7500,-0.281471,0.257142,-3.812602,0.000168,0.000821,-0.164093,-0.257883,0.203841,-3.642897,0.000281,0.000893,-0.164178
131.8000,-0.281471,0.257142,-3.812602,0.000168,0.000821,-0.164093,-0.261273,0.205148,-3.572592,0.000209,0.000934,-0.164132
131.8500,-0.281471,0.257142,-3.812602,0.000168,0.000821,-0.164093,-0.263472,0.205991,-3.566405,0.000099,0.000734,-0.164095
131.9020,-0.281471,0.257142,-3.812602,0.000168,0.000821,-0.164093,-0.266918,0.207320,-3.478276,0.000322,0.000816,-0.163873
131.9500,-0.281471,0.257142,-3.812602,0.000168,0.000821,-0.164093,-0.269134,0.208167,-3.466213,0.000288,0.000821,-0.164067
132.0000,-0.281471,0.257142,-3.812602,0.000168,0.000821,-0.164093,-0.272618,0.209510,-3.370158,0.000304,0.000858,-0.164275
132.0520,-0.281471,0.257142,-3.812602,0.000168,0.000821,-0.164093,-0.274845,0.210363,-3.352770,0.000092,0.000692,-0.164021
132.1000,-0.281471,0.257142,-3.812602,0.000168,0.000821,-0.164094,-0.278341,0.211709,-3.259811,0.000225,0.000792,-0.164177
132.1500,-0.281471,0.257142,-3.812602,0.000168,0.000821,-0.164094,-0.280584,0.212567,-3.238201,0.000208,0.000623,-0.164085
132.2000,-0.281471,0.257142,-3.812602,0.000168,0.000821,-0.164094,-0.284065,0.213904,-3.156873,0.000278,0.000878,-0.163888
132.2500,-0.281471,0.257142,-3.812602,0.000168,0.000821,-0.164094,-0.286315,0.214762,-3.132377,0.000180,0.000734,-0.163847
132.3000,-0.281471,0.257142,-3.812602,0.000168,0.000821,-0.164094,-0.188334,0.242535,-3.067235,-0.000012,0.000907,-0.163896
132.3500,-0.281471,0.257142,-3.812602,0.000168,0.000821,-0.164094,-0.185077,0.244840,-3.041164,0.000181,0.000828,-0.164078
132.4000,-0.281471,0.257142,-3.812602,0.000168,0.000821,-0.164094,-0.180204,0.248295,-2.993172,0.000220,0.000764,-0.164156
132.4500,-0.281471,0.257142,-3.812602,0.000168,0.000821,-0.164094,-0.310103,0.253267,-3.818148,0.000152,0.000853,-0.164018
132.5020,-0.281471,0.257142,-3.812602,0.000168,0.000821,-0.164094,-0.315154,0.256909,-3.816618,0.000290,0.000940,-0.164099
132.5500,-0.281471,0.257142,-3.812602,0.000168,0.000821,-0.164094,-0.318517,0.259335,-3.832192,0.000215,0.000895,-0.163990
132.6000,-0.281471,0.257142,-3.812602,0.000168,0.000821,-0.164095,-0.323597,0.262987,-3.811627,0.000199,0.000967,-0.164048
132.6500,-0.281471,0.257142,-3.812602,0.000168,0.000821,-0.164095,-0.326969,0.265417,-3.823156,0.000224,0.000847,-0.164004
132.7000,-0.281471,0.257142,-3.812602,0.000168,0.000821,-0.164095,-0.332111,0.269094,-3.776074,0.000080,0.000854,-0.164123
132.7500,-0.281471,0.257142,-3.812602,0.000168,0.000821,-0.164095,-0.335493,0.271529,-3.781889,0.000115,0.000826,-0.163900
132.8000,-0.281471,0.257142,-3.812602,0.000168,0.000821,-0.164095,-0.340714,0.275234,-3.705894,0.000268,0.000674,-0.164132
132.8500,-0.281471,0.257142,-3.812602,0.000168,0.000821,-0.164095,-0.344114,0.277675,-3.704784,0.000191,0.000962,-0.164082
132.9000,-0.281471,0.257142,-3.812602,0.000168,0.000821,-0.164095,-0.349413,0.281410,-3.604942,0.000233,0.000840,-0.164149
132.9500,-0.281471,0.257142,-3.812602,0.000168,0.000821,-0.164095,-0.352829,0.283859,-3.596509,-0.000003,0.000953,-0.164103
133.0000,-0.281471,0.257142,-3.812602,0.000168,0.000821,-0.164095,-0.358175,0.287613,-3.484152,0.000253,0.000821,-0.164159
133.0500,-0.281471,0.257142,-3.812602,0.000168,0.000821,-0.164095,-0.361612,0.290068,-3.468904,0.000246,0.000669,-0.164008
133.1020,-0.281471,0.257142,-3.812602,0.000168,0.000821,-0.164095,-0.366978,0.293829,-3.357295,0.000295,0.000852,-0.164009
133.1500,-0.281471,0.257142,-3.812602,0.000168,0.000821,-0.164096,-0.370431,0.296288,-3.336435,0.000008,0.000816,-0.164242
133.2000,-0.281471,0.257142,-3.812602,0.000168,0.000821,-0.164096,-0.375781,0.300046,-3.236336,0.000166,0.000704,-0.164093
133.2500,-0.281471,0.257142,-3.812602,0.000168,0.000821,-0.164096,-0.379247,0.302514,-3.211407,0.000190,0.000979,-0.164175
133.3000,-0.281471,0.257142,-3.812602,0.000168,0.000821,-0.164096,-0.078123,0.105866,-3.129070,0.000206,0.000812,-0.164117
133.3500,-0.281471,0.257142,-3.812602,0.000168,0.000821,-0.164096,-0.064935,0.097440,-3.101632,0.000058,0.000919,-0.164214
133.4020,-0.281471,0.257142,-3.812602,0.000168,0.000821,-0.164096,-0.045181,0.084820,-3.038790,0.000244,0.000911,-0.164051
133.4500,-0.281471,0.257142,-3.812602,0.000168,0.000821,-0.164096,-0.241172,0.229491,-3.777666,0.000242,0.000855,-0.163889
133.5000,-0.281471,0.257142,-3.812602,0.000168,0.000821,-0.164096,-0.237001,0.228291,-3.768082,0.000122,0.000764,-0.164074
133.5500,-0.281471,0.257142,-3.812602,0.000168,0.000821,-0.164096,-0.234220,0.227490,-3.777345,0.000131,0.000759,-0.164114
133.6000,-0.281471,0.257142,-3.812602,0.000168,0.000821,-0.164096,-0.230081,0.226303,-3.750476,-0.000110,0.000904,-0.164021
133.6500,-0.281471,0.257142,-3.812602,0.000168,0.000821,-0.164096,-0.227308,0.225508,-3.755987,0.000112,0.000641,-0.164128
133.7020,-0.281471,0.257142,-3.812602,0.000168,0.000821,-0.164096,-0.223224,0.224343,-3.705461,0.000279,0.000662,-0.164114
133.7500,-0.281471,0.257142,-3.812602,0.000168,0.000821,-0.164096,-0.220463,0.223553,-3.705756,0.000126,0.000718,-0.164144
133.8000,-0.281471,0.257142,-3.812602,0.000168,0.000821,-0.164097,-0.216445,0.222410,-3.630107,0.000278,0.000665,-0.164098
133.8500,-0.281471,0.257142,-3.812602,0.000168,0.000821,-0.164097,-0.213703,0.221625,-3.624185,0.000249,0.000612,-0.164032
133.9000,-0.281471,0.257142,-3.812602,0.000168,0.000821,-0.164097,-0.209749,0.220510,-3.528751,0.000158,0.000905,-0.164034
133.9500,-0.281471,0.257142,-3.812602,0.000168,0.000821,-0.164097,-0.207022,0.219726,-3.516376,0.000196,0.000991,-0.163988
134.0000,-0.281472,0.257142,-3.812602,0.000168,0.000821,-0.164097,-0.203109,0.218628,-3.411892,0.000217,0.000811,-0.164000
134.0500,-0.281472,0.257142,-3.812602,0.000168,0.000821,-0.164097,-0.200398,0.217850,-3.393647,0.000192,0.000819,-0.164211
134.1000,-0.281472,0.257142,-3.812602,0.000168,0.000821,-0.164097,-0.196499,0.216755,-3.292150,0.000175,0.000634,-0.163886
134.1520,-0.281472,0.257142,-3.812602,0.000168,0.000821,-0.164097,-0.193804,0.215981,-3.269221,0.000118,0.000942,-0.164060
134.2000,-0.281472,0.257142,-3.812602,0.000168,0.000821,-0.164097,-0.189888,0.214878,-3.180099,0.000290,0.000748,-0.163873
134.2520,-0.281472,0.257142,-3.812602,0.000168,0.000821,-0.164097,-0.187199,0.214108,-3.153940,0.000224,0.000778,-0.164073
134.3000,-0.281472,0.257142,-3.812602,0.000168,0.000821,-0.164097,-0.353150,0.165229,-3.082213,0.000360,0.000853,-0.164154
134.3500,-0.281472,0.257142,-3.812602,0.000168,0.000821,-0.164097,-0.359701,0.161861,-3.054245,0.000460,0.000939,-0.163871
134.4000,-0.281472,0.257142,-3.812602,0.000168,0.000821,-0.164097,-0.369543,0.156807,-3.001167,0.000234,0.000765,-0.164202
134.4500,-0.281472,0.257142,-3.812602,0.000168,0.000821,-0.164097,-0.178399,0.292909,-3.571132,0.000183,0.000665,-0.164017
134.5000,-0.281472,0.257142,-3.812602,0.000168,0.000821,-0.164097,-0.173443,0.298267,-3.555451,0.000352,0.000826,-0.164071
134.5500,-0.281472,0.257142,-3.812602,0.000168,0.000821,-0.164098,-0.170139,0.301838,-3.556527,0.000230,0.000867,-0.164023
134.6000,-0.281472,0.257142,-3.812602,0.000168,0.000821,-0.164098,-0.165206,0.307203,-3.528834,0.000146,0.000826,-0.164162
134.6500,-0.281472,0.257142,-3.812602,0.000168,0.000821,-0.164098,-0.161907,0.310774,-3.527219,0.000304,0.000825,-0.164145
134.7000,-0.281472,0.257142,-3.812602,0.000168,0.000821,-0.164098,-0.157010,0.316151,-3.483547,0.000143,0.000760,-0.164026
134.7500,-0.281472,0.257142,-3.812602,0.000168,0.000821,-0.164098,-0.153718,0.319724,-3.478279,0.000181,0.000822,-0.164237
134.8000,-0.281472,0.257142,-3.812602,0.000168,0.000821,-0.164098,-0.148865,0.325119,-3.418387,0.000127,0.000983,-0.164140
134.8500,-0.281472,0.257142,-3.812602,0.000168,0.000821,-0.164098,-0.145583,0.328693,-3.408880,0.000125,0.000839,-0.164091
134.9020,-0.281472,0.257142,-3.812602,0.000168,0.000821,-0.164098,-0.140770,0.334102,-3.337286,0.000214,0.000686,-0.164349
134.9500,-0.281472,0.257142,-3.812602,0.000168,0.000821,-0.164098,-0.137500,0.337679,-3.323513,0.000095,0.000830,-0.164023
135.0000,-0.281472,0.257142,-3.812602,0.000168,0.000821,-0.164098,-0.132710,0.343096,-3.248168,0.000135,0.000903,-0.164124
135.0500,-0.281472,0.257142,-3.812602,0.000168,0.000821,-0.164098,-0.129444,0.346680,-3.230669,0.000130,0.000826,-0.163991
135.1000,-0.281472,0.257142,-3.812602,0.000168,0.000821,-0.164098,-0.124654,0.352097,-3.159934,0.000168,0.000765,-0.164070
135.1520,-0.281472,0.257142,-3.812602,0.000168,0.000821,-0.164098,-0.121397,0.355683,-3.139634,0.000190,0.000852,-0.163924
135.2000,-0.281472,0.257142,-3.812602,0.000168,0.000821,-0.164098,-0.116587,0.361090,-3.079614,0.000186,0.000889,-0.164178
135.2500,-0.281472,0.257142,-3.812602,0.000168,0.000821,-0.164098,-0.113335,0.364677,-3.057579,0.000271,0.000854,-0.164156
135.3000,-0.281472,0.257142,-3.812602,0.000168,0.000821,-0.164098,-0.383316,0.809971,-3.011077,0.000225,0.000793,-0.164105
135.3520,-0.281472,0.257142,-3.812602,0.000168,0.000821,-0.164098,-0.395008,0.837472,-2.988311,0.000089,0.000782,-0.163820
135.4000,-0.281472,0.257142,-3.812603,0.000168,0.000821,-0.164099,-0.412547,0.878721,-2.955768,0.000143,0.000765,-0.164129
135.4520,-0.281472,0.257142,-3.812603,0.000168,0.000821,-0.164099,-0.265552,0.245767,-3.728629,0.000165,0.000765,-0.164085
135.5000,-0.281472,0.257142,-3.812603,0.000168,0.000821,-0.164099,-0.271214,0.237659,-3.731357,0.000070,0.000835,-0.163961
135.5500,-0.281472,0.257142,-3.812603,0.000168,0.000821,-0.164099,-0.274988,0.232249,-3.748116,0.000098,0.000784,-0.163796
135.6000,-0.281472,0.257142,-3.812603,0.000168,0.000821,-0.164099,-0.280677,0.224150,-3.733374,0.000192,0.000944,-0.164142
135.6500,-0.281472,0.257142,-3.812603,0.000168,0.000821,-0.164099,-0.284458,0.218747,-3.746462,0.000164,0.000968,-0.164035
135.7000,-0.281472,0.257142,-3.812603,0.000168,0.000821,-0.164099,-0.290203,0.210670,-3.707168,0.000308,0.000844,-0.164166
135.7500,-0.281472,0.257142,-3.812603,0.000168,0.000821,-0.164099,-0.293994,0.205270,-3.715028,0.000360,0.000871,-0.164045
135.8020,-0.281472,0.257142,-3.812603,0.000168,0.000821,-0.164099,-0.299812,0.197221,-3.648621,0.000141,0.000938,-0.164028
135.8500,-0.281472,0.257142,-3.812603,0.000168,0.000821,-0.164099,-0.303618,0.191828,-3.650090,0.000191,0.000716,-0.164309
135.9000,-0.281472,0.257142,-3.812603,0.000168,0.000821,-0.164099,-0.309503,0.183803,-3.560847,0.000288,0.000795,-0.164137
135.9500,-0.281472,0.257142,-3.812603,0.000168,0.000821,-0.164099,-0.313328,0.178417,-3.555499,0.000409,0.000894,-0.164008
136.0000,-0.281472,0.257142,-3.812603,0.000168,0.000821,-0.164099,-0.319264,0.170415,-3.453598,0.000223,0.000716,-0.164326
136.0500,-0.281472,0.257142,-3.812603,0.000168,0.000821,-0.164099,-0.323108,0.165032,-3.441833,0.000134,0.000719,-0.164145
136.1000,-0.281472,0.257142,-3.812603,0.000168,0.000821,-0.164099,-0.329064,0.157037,-3.339451,0.000259,0.000894,-0.163972
136.1520,-0.281472,0.257142,-3.812603,0.000168,0.000821,-0.164099,-0.332922,0.151659,-3.322329,0.000133,0.000843,-0.164043
136.2000,-0.281472,0.257142,-3.812603,0.000168,0.000821,-0.164099,-0.338870,0.143661,-3.229538,0.000168,0.000854,-0.164032
136.2500,-0.281472,0.257142,-3.812603,0.000168,0.000821,-0.164099,-0.342739,0.138288,-3.208449,0.000183,0.000925,-0.164023
136.3020,-0.281472,0.257142,-3.812603,0.000168,0.000821,-0.164099,0.023605,-0.214977,-3.131305,0.000168,0.000853,-0.164246
136.3500,-0.281472,0.257142,-3.812603,0.000168,0.000821,-0.164099,0.039968,-0.239117,-3.107674,0.000166,0.000894,-0.163878
136.4000,-0.281472,0.257142,-3.812603,0.000168,0.000821,-0.164099,0.064483,-0.275311,-3.047971,0.000197,0.000760,-0.164093
136.4500,-0.281472,0.257142,-3.812603,0.000168,0.000821,-0.164099,-0.195819,0.249877,-3.718003,0.000165,0.000762,-0.163973
136.5000,-0.281472,0.257142,-3.812603,0.000168,0.000821,-0.164100,-0.191958,0.254763,-3.710482,0.000134,0.000898,-0.164085
136.5500,-0.281472,0.257142,-3.812603,0.000168,0.000821,-0.164100,-0.189382,0.258018,-3.719891,0.000121,0.000805,-0.164138
136.6000,-0.281472,0.257142,-3.812603,0.000168,0.000821,-0.164100,-0.185545,0.262914,-3.696376,0.000198,0.000719,-0.164219
136.6500,-0.281472,0.257142,-3.812603,0.000168,0.000821,-0.164100,-0.182975,0.266173,-3.702323,0.000253,0.000756,-0.164100
136.7000,-0.281472,0.257142,-3.812603,0.000168,0.000821,-0.164100,-0.179190,0.271089,-3.656738,0.000000,0.000878,-0.164066
136.7500,-0.281472,0.257142,-3.812603,0.000168,0.000821,-0.164100,-0.176632,0.274352,-3.657843,0.000163,0.000724,-0.164167
136.8000,-0.281472,0.257142,-3.812603,0.000168,0.000821,-0.164100,-0.172911,0.279293,-3.588597,0.000181,0.000704,-0.164160
136.8500,-0.281472,0.257142,-3.812603,0.000168,0.000821,-0.164100,-0.170369,0.282562,-3.583900,0.000182,0.000766,-0.163909
136.9000,-0.281472,0.257142,-3.812603,0.000168,0.000821,-0.164100,-0.166707,0.287525,-3.495746,0.000347,0.000870,-0.164133
136.9500,-0.281472,0.257142,-3.812603,0.000168,0.000821,-0.164100,-0.164180,0.290798,-3.484992,0.000204,0.001033,-0.164058
137.0000,-0.281472,0.257142,-3.812603,0.000168,0.000821,-0.164100,-0.160559,0.295777,-3.387826,0.000090,0.000756,-0.164181
137.0500,-0.281472,0.257142,-3.812603,0.000168,0.000821,-0.164100,-0.158045,0.299054,-3.371527,0.000238,0.000848,-0.164087
137.1000,-0.281472,0.257142,-3.812603,0.000168,0.000821,-0.164100,-0.154436,0.304036,-3.276611,0.000204,0.000688,-0.164299
137.1500,-0.281472,0.257142,-3.812603,0.000168,0.000821,-0.164100,-0.151937,0.307319,-3.255854,0.000209,0.000906,-0.164003
137.2000,-0.281472,0.257142,-3.812603,0.000168,0.000821,-0.164100,-0.148314,0.312295,-3.172083,-0.000076,0.000692,-0.164107
137.2500,-0.281472,0.257142,-3.812603,0.000168,0.000821,-0.164100,-0.145821,0.315584,-3.148217,0.000099,0.000899,-0.164113
137.3000,-0.281472,0.257142,-3.812603,0.000168,0.000821,-0.164100,-0.210158,0.404928,-3.080448,-0.000037,0.000877,-0.163967
137.3500,-0.281472,0.257142,-3.812603,0.000168,0.000821,-0.164100,-0.211374,0.412817,-3.054802,0.000289,0.000940,-0.164151
137.4000,-0.281472,0.257142,-3.812603,0.000168,0.000821,-0.164100,-0.213211,0.424650,-3.004323,0.000173,0.000782,-0.164100
137.4500,-0.281472,0.257142,-3.812603,0.000168,0.000821,-0.164100,-0.257020,0.212878,-3.729018,0.000180,0.000906,-0.163980
137.5000,-0.281472,0.257142,-3.812603,0.000168,0.000821,-0.164100,-0.262014,0.208265,-3.723147,0.000058,0.000854,-0.164067
137.5500,-0.281472,0.257142,-3.812603,0.000168,0.000821,-0.164100,-0.265341,0.205187,-3.734014,-0.000033,0.000824,-0.164154
137.6000,-0.281472,0.257142,-3.812603,0.000168,0.000821,-0.164100,-0.270364,0.200585,-3.711564,0.000212,0.000650,-0.164069
137.6500,-0.281472,0.257142,-3.812603,0.000168,0.000821,-0.164100,-0.273699,0.197513,-3.718867,0.000169,0.000850,-0.164123
137.7000,-0.281472,0.257142,-3.812603,0.000168,0.000821,-0.164100,-0.278774,0.192931,-3.673556,0.000027,0.000935,-0.164055
137.7500,-0.281472,0.257142,-3.812603,0.000168,0.000821,-0.164100,-0.282120,0.189863,-3.675868,0.000195,0.000697,-0.164160
137.8000,-0.281472,0.257142,-3.812603,0.000168,0.000821,-0.164100,-0.287260,0.185306,-3.606001,0.000085,0.000677,-0.164101
137.8500,-0.281472,0.257142,-3.812603,0.000168,0.000821,-0.164101,-0.290622,0.182245,-3.602324,0.000374,0.000929,-0.164144
137.9000,-0.281472,0.257142,-3.812603,0.000168,0.000821,-0.164101,-0.295824,0.177712,-3.512718,0.000175,0.000794,-0.164138
137.9520,-0.281472,0.257142,-3.812603,0.000168,0.000821,-0.164101,-0.299199,0.174653,-3.502772,0.000188,0.000900,-0.164287
138.0000,-0.281472,0.257142,-3.812603,0.000168,0.000821,-0.164101,-0.304443,0.170136,-3.403540,0.000272,0.000664,-0.164067
138.0500,-0.281472,0.257142,-3.812603,0.000168,0.000821,-0.164101,-0.307836,0.167083,-3.387835,0.000201,0.000746,-0.164147
138.1000,-0.281472,0.257142,-3.812603,0.000168,0.000821,-0.164101,-0.313094,0.162572,-3.290524,0.000151,0.000954,-0.164070
138.1500,-0.281472,0.257142,-3.812603,0.000168,0.000821,-0.164101,-0.316496,0.159524,-3.270159,0.000082,0.000880,-0.164262
138.2000,-0.281472,0.257142,-3.812603,0.000168,0.000821,-0.164101,-0.321739,0.155007,-3.183931,0.000130,0.000865,-0.163967
138.2500,-0.281472,0.257142,-3.812603,0.000168,0.000821,-0.164101,-0.325150,0.151963,-3.160279,0.000240,0.000812,-0.164099
138.3000,-0.281472,0.257142,-3.812603,0.000168,0.000821,-0.164101,-0.118100,0.032924,-3.090262,0.000248,0.000870,-0.164013
138.3500,-0.281472,0.257142,-3.812603,0.000168,0.000821,-0.164101,-0.109975,0.023653,-3.064688,0.000201,0.000803,-0.164210
138.4000,-0.281472,0.257142,-3.812603,0.000168,0.000821,-0.164101,-0.097813,0.009748,-3.012126,0.000267,0.001022,-0.164279
138.4500,-0.281472,0.257142,-3.812603,0.000168,0.000821,-0.164101,-0.305121,0.192328,-3.695227,0.000158,0.000771,-0.164095
138.5000,-0.281472,0.257142,-3.812603,0.000168,0.000821,-0.164101,-0.309017,0.192743,-3.687190,0.000165,0.000747,-0.164253
138.5500,-0.281472,0.257142,-3.812603,0.000168,0.000821,-0.164101,-0.311616,0.193020,-3.695916,0.000046,0.000676,-0.163965
138.6000,-0.281472,0.257142,-3.812603,0.000168,0.000821,-0.164101,-0.315542,0.193448,-3.672283,0.000147,0.000818,-0.164129
138.6500,-0.281472,0.257142,-3.812603,0.000168,0.000821,-0.164101,-0.318148,0.193728,-3.677631,0.000202,0.000899,-0.164052
138.7000,-0.281472,0.257142,-3.812603,0.000168,0.000821,-0.164101,-0.322123,0.194172,-3.632619,0.000136,0.000829,-0.164014
138.7500,-0.281472,0.257142,-3.812603,0.000168,0.000821,-0.164101,-0.324740,0.194456,-3.633264,0.000171,0.000763,-0.164269
138.8000,-0.281472,0.257142,-3.812603,0.000168,0.000821,-0.164101,-0.328774,0.194925,-3.565496,0.000274,0.000813,-0.164190
138.8500,-0.281472,0.257142,-3.812603,0.000168,0.000821,-0.164101,-0.331405,0.195212,-3.560527,0.000249,0.000906,-0.163984
138.9000,-0.281472,0.257142,-3.812603,0.000168,0.000821,-0.164101,-0.335497,0.195700,-3.474762,0.000089,0.000780,-0.163988
138.9500,-0.281472,0.257142,-3.812603,0.000168,0.000821,-0.164101,-0.338143,0.195992,-3.463958,0.000325,0.000790,-0.163968
139.0000,-0.281472,0.257142,-3.812603,0.000168,0.000821,-0.164101,-0.342274,0.196494,-3.369850,0.000029,0.000863,-0.164029
139.0500,-0.281472,0.257142,-3.812603,0.000168,0.000821,-0.164101,-0.344933,0.196792,-3.353726,0.000157,0.000882,-0.164132
139.1000,-0.281472,0.257142,-3.812603,0.000168,0.000821,-0.164101,-0.349074,0.197298,-3.262138,0.000049,0.000928,-0.164080
139.1500,-0.281472,0.257142,-3.812603,0.000168,0.000821,-0.164101,-0.351742,0.197602,-3.241758,0.000030,0.000882,-0.164123
139.2000,-0.281472,0.257142,-3.812603,0.000168,0.000821,-0.164101,-0.355868,0.198103,-3.161192,0.000273,0.000796,-0.164041
139.2500,-0.281472,0.257142,-3.812603,0.000168,0.000821,-0.164101,-0.358547,0.198410,-3.137862,0.000464,0.001004,-0.163839
139.3000,-0.281472,0.257142,-3.812603,0.000168,0.000821,-0.164101,-0.000746,0.699092,-3.072954,0.000291,0.000835,-0.164071
139.3500,-0.281472,0.257142,-3.812603,0.000168,0.000821,-0.164101,0.016246,0.726589,-3.047960,0.000221,0.000757,-0.163990
139.4000,-0.281472,0.257142,-3.812603,0.000168,0.000821,-0.164101,0.041718,0.767839,-2.999741,0.000170,0.000717,-0.163904
139.4500,-0.281472,0.257142,-3.812603,0.000168,0.000821,-0.164101,-0.242744,0.269025,-3.777041,0.000095,0.000668,-0.163936
139.5000,-0.281472,0.257142,-3.812603,0.000168,0.000821,-0.164101,-0.239768,0.270936,-3.774569,0.000220,0.000748,-0.164254
139.5500,-0.281472,0.257142,-3.812603,0.000168,0.000821,-0.164101,-0.237782,0.272209,-3.788700,0.000237,0.000980,-0.164071
139.6000,-0.281472,0.257142,-3.812603,0.000168,0.000821,-0.164101,-0.234839,0.274132,-3.768215,-0.000103,0.000855,-0.164099
139.6500,-0.281472,0.257142,-3.812603,0.000168,0.000821,-0.164101,-0.232860,0.275407,-3.778508,0.000271,0.000886,-0.164178
139.7000,-0.281472,0.257142,-3.812603,0.000168,0.000821,-0.164101,-0.229972,0.277350,-3.732981,0.000060,0.000698,-0.164286
139.7500,-0.281472,0.257142,-3.812603,0.000168,0.000821,-0.164101,-0.228007,0.278629,-3.737864,0.000328,0.000972,-0.164004
