t,gt_x,gt_y,gt_z,gt_roll,gt_pitch,gt_yaw,est_x,est_y,est_z,est_roll,est_pitch,est_yaw
0.0000,0.000125,0.000115,-2.601381,0.000040,0.000365,0.000013,0.426678,0.049229,-1.934934,-0.000005,0.000490,0.000061
0.0000,0.000125,0.000115,-2.601381,0.000040,0.000365,0.000013,0.426678,0.049229,-1.934934,-0.000005,0.000490,0.000061
0.0500,0.000125,0.000115,-2.601223,0.000039,0.000365,0.000014,0.438621,0.051942,-1.900082,0.000089,0.000257,-0.000119
0.1000,0.000124,0.000115,-2.601067,0.000039,0.000365,0.000014,0.446614,0.053747,-1.903773,0.000001,0.000466,0.000025
0.1500,0.000124,0.000115,-2.600912,0.000039,0.000365,0.000014,0.458563,0.056461,-1.873334,0.000144,0.000535,-0.000035
0.2000,0.000124,0.000115,-2.600758,0.000039,0.000365,0.000014,0.466555,0.058263,-1.875234,-0.000096,0.000505,0.000065
0.2500,0.000124,0.000115,-2.600607,0.000039,0.000365,0.000014,0.478504,0.060974,-1.849087,0.000081,0.000129,0.000206
0.3000,0.000124,0.000115,-2.600456,0.000039,0.000365,0.000014,0.486494,0.062776,-1.849545,0.000201,0.000357,-0.000041
0.3500,0.000124,0.000115,-2.600307,0.000039,0.000365,0.000014,0.498447,0.065485,-1.827470,0.000249,0.000304,0.000058
0.4000,0.000124,0.000115,-2.600160,0.000039,0.000365,0.000014,0.506435,0.067283,-1.826804,0.000112,0.000279,0.000185
0.4500,0.000123,0.000115,-2.600014,0.000039,0.000365,0.000014,0.365429,0.058505,-1.808503,0.000120,0.000435,0.000004
0.5000,0.000123,0.000115,-2.599869,0.000039,0.000365,0.000014,0.368922,0.059961,-1.806990,-0.000023,0.000515,0.000012
0.5500,0.000123,0.000115,-2.599726,0.000039,0.000365,0.000014,0.374160,0.062146,-1.792136,-0.000136,0.000514,0.000054
0.6000,0.000123,0.000115,-2.599584,0.000039,0.000365,0.000014,0.377656,0.063604,-1.790014,-0.000064,0.000308,0.000037
0.6500,0.000123,0.000115,-2.599443,0.000039,0.000365,0.000014,0.382896,0.065792,-1.778242,-0.000099,0.000557,-0.000041
0.7000,0.000123,0.000115,-2.599304,0.000039,0.000365,0.000014,0.386394,0.067250,-1.775713,0.000106,0.000341,-0.000028
0.7500,0.000123,0.000115,-2.599167,0.000039,0.000365,0.000014,0.391637,0.069437,-1.766653,-0.000110,0.000365,0.000159
0.8000,0.000122,0.000115,-2.599030,0.000039,0.000365,0.000014,0.395134,0.070896,-1.763885,-0.000013,0.000397,-0.000049
0.8500,0.000122,0.000115,-2.598895,0.000039,0.000365,0.000014,0.400378,0.073084,-1.757173,0.000072,0.000290,-0.000078
0.9000,0.000122,0.000115,-2.598761,0.000039,0.000365,0.000014,0.403874,0.074541,-1.754303,0.000051,0.000233,0.000065
0.9500,0.000122,0.000115,-2.598629,0.000039,0.000365,0.000014,0.409116,0.076726,-1.749589,0.000015,0.000425,-0.000056
1.0000,0.000122,0.000115,-2.598498,0.000039,0.000365,0.000014,0.412610,0.078183,-1.746726,-0.000007,0.000424,0.000068
1.0500,0.000122,0.000115,-2.598368,0.000039,0.000365,0.000014,0.417853,0.080368,-1.743682,0.000092,0.000369,-0.000026
1.1020,0.000122,0.000115,-2.598239,0.000039,0.000365,0.000014,0.421347,0.081823,-1.740910,0.000123,0.000439,0.000070
1.1500,0.000121,0.000115,-2.598112,0.000039,0.000365,0.000014,0.426590,0.084006,-1.739236,0.000126,0.000454,-0.000117
1.2000,0.000121,0.000115,-2.597986,0.000039,0.000365,0.000014,0.430084,0.085460,-1.736616,-0.000081,0.000375,-0.000016
1.2500,0.000121,0.000115,-2.597861,0.000039,0.000365,0.000014,0.435329,0.087644,-1.736038,-0.000100,0.000330,0.000023
1.3000,0.000121,0.000115,-2.597737,0.000039,0.000365,0.000015,0.438824,0.089100,-1.733616,0.000034,0.000178,-0.000044
1.3500,0.000121,0.000115,-2.597615,0.000039,0.000365,0.000015,0.444067,0.091284,-1.733891,-0.000020,0.000489,0.000162
1.4000,0.000121,0.000115,-2.597494,0.000039,0.000365,0.000015,0.447562,0.092739,-1.731695,0.000107,0.000334,-0.000109
1.4500,0.000121,0.000115,-2.597374,0.000039,0.000365,0.000015,-0.194522,-0.062865,-1.732598,0.000037,0.000210,-0.000057
1.5000,0.000121,0.000115,-2.597255,0.000039,0.000365,0.000015,-0.210267,-0.066097,-1.730642,0.000014,0.000299,0.000200
1.5500,0.000120,0.000115,-2.597137,0.000039,0.000365,0.000015,-0.233882,-0.070950,-1.732022,0.000169,0.000316,0.000036
1.6000,0.000120,0.000115,-2.597020,0.000039,0.000365,0.000015,-0.249626,-0.074188,-1.730310,0.000179,0.000413,0.000008
1.6500,0.000120,0.000115,-2.596905,0.000039,0.000365,0.000015,-0.273238,-0.079042,-1.731999,0.000111,0.000438,-0.000004
1.7000,0.000120,0.000115,-2.596791,0.000039,0.000365,0.000015,-0.288980,-0.082278,-1.730529,0.000047,0.000357,-0.000163
1.7500,0.000120,0.000115,-2.596677,0.000039,0.000365,0.000015,-0.312591,-0.087132,-1.732398,0.000064,0.000545,-0.000065
1.8020,0.000120,0.000115,-2.596565,0.000039,0.000365,0.000015,-0.328331,-0.090368,-1.731161,0.000159,0.000429,0.000171
1.8500,0.000120,0.000115,-2.596454,0.000039,0.000365,0.000015,-0.351939,-0.095227,-1.733106,0.000207,0.000256,0.000087
1.9000,0.000120,0.000115,-2.596344,0.000039,0.000365,0.000015,-0.367680,-0.098466,-1.732092,0.000131,0.000132,-0.000018
1.9500,0.000120,0.000115,-2.596235,0.000039,0.000365,0.000015,-0.391293,-0.103325,-1.734032,-0.000079,0.000396,-0.000021
2.0000,0.000119,0.000115,-2.596128,0.000039,0.000365,0.000015,-0.407037,-0.106563,-1.733217,-0.000071,0.000284,0.000067
2.0500,0.000119,0.000115,-2.596021,0.000039,0.000365,0.000015,-0.430651,-0.111421,-1.735086,0.000085,0.000420,-0.000087
2.1000,0.000119,0.000115,-2.595915,0.000039,0.000366,0.000015,-0.446396,-0.114659,-1.734455,-0.000060,0.000565,0.000164
2.1500,0.000119,0.000115,-2.595811,0.000039,0.000366,0.000015,-0.470008,-0.119518,-1.736206,0.000002,0.000351,0.000178
2.2000,0.000119,0.000115,-2.595707,0.000039,0.000366,0.000015,-0.485751,-0.122758,-1.735738,0.000015,0.000396,0.000046
2.2500,0.000119,0.000115,-2.595604,0.000039,0.000366,0.000015,-0.509362,-0.127617,-1.737341,-0.000014,0.000456,0.000146
2.3020,0.000119,0.000115,-2.595503,0.000039,0.000366,0.000015,-0.525104,-0.130855,-1.737017,-0.000039,0.000472,0.000024
2.3500,0.000119,0.000115,-2.595402,0.000039,0.000366,0.000015,-0.548713,-0.135715,-1.738450,0.000014,0.000465,0.000081
2.4000,0.000119,0.000115,-2.595302,0.000039,0.000366,0.000015,-0.564454,-0.138954,-1.738252,0.000058,0.000451,-0.000036
2.4500,0.000118,0.000115,-2.595204,0.000039,0.000366,0.000015,-0.091810,-0.070035,-1.739514,0.000013,0.000360,0.000059
2.5000,0.000118,0.000115,-2.595106,0.000039,0.000366,0.000015,-0.092784,-0.071079,-1.739422,-0.000022,0.000432,0.000061
2.5500,0.000118,0.000115,-2.595009,0.000039,0.000366,0.000015,-0.094243,-0.072644,-1.740486,-0.000124,0.000441,0.000103
2.6000,0.000118,0.000115,-2.594913,0.000039,0.000366,0.000015,-0.095214,-0.073685,-1.740481,0.000015,0.000501,-0.000079
2.6500,0.000118,0.000115,-2.594819,0.000039,0.000366,0.000015,-0.096670,-0.075248,-1.741363,0.000077,0.000375,0.000217
2.7000,0.000118,0.000115,-2.594725,0.000039,0.000366,0.000015,-0.097640,-0.076291,-1.741430,0.000160,0.000344,-0.000023
2.7500,0.000118,0.000115,-2.594632,0.000039,0.000366,0.000015,-0.099096,-0.077854,-1.742138,0.000211,0.000282,-0.000057
2.8000,0.000118,0.000115,-2.594539,0.000039,0.000366,0.000015,-0.100068,-0.078896,-1.742263,-0.000046,0.000428,-0.000072
2.8500,0.000118,0.000115,-2.594448,0.000039,0.000366,0.000015,-0.101526,-0.080460,-1.742806,0.000076,0.000364,0.000045
2.9000,0.000118,0.000115,-2.594358,0.000039,0.000366,0.000015,-0.102499,-0.081501,-1.742976,0.000036,0.000418,0.000056
2.9500,0.000118,0.000115,-2.594268,0.000039,0.000366,0.000016,-0.103961,-0.083063,-1.743369,0.000153,0.000353,0.000036
3.0000,0.000117,0.000115,-2.594180,0.000039,0.000366,0.000016,-0.104935,-0.084104,-1.743573,-0.000069,0.000326,-0.000006
3.0500,0.000117,0.000115,-2.594092,0.000039,0.000366,0.000016,-0.106398,-0.085665,-1.743829,0.000142,0.000283,0.000025
3.1000,0.000117,0.000115,-2.594005,0.000039,0.000366,0.000016,-0.107373,-0.086707,-1.744058,0.000128,0.000549,0.000256
3.1500,0.000117,0.000115,-2.593919,0.000039,0.000366,0.000016,-0.108836,-0.088272,-1.744193,-0.000011,0.000388,0.000152
3.2000,0.000117,0.000115,-2.593834,0.000039,0.000366,0.000016,-0.109812,-0.089317,-1.744438,-0.000029,0.000317,-0.000112
3.2500,0.000117,0.000115,-2.593750,0.000039,0.000366,0.000016,-0.111277,-0.090882,-1.744467,0.000083,0.000316,-0.000003
3.3000,0.000117,0.000115,-2.593666,0.000039,0.000366,0.000016,-0.112254,-0.091926,-1.744721,0.000198,0.000179,0.000060
3.3520,0.000117,0.000115,-2.593583,0.000039,0.000366,0.000016,-0.113720,-0.093492,-1.744660,0.000051,0.000392,0.000199
3.4000,0.000117,0.000115,-2.593502,0.000039,0.000366,0.000016,-0.114698,-0.094536,-1.744919,0.000077,0.000311,-0.000074
3.4500,0.000117,0.000115,-2.593420,0.000039,0.000366,0.000016,-0.140714,-0.371662,-1.744781,-0.000042,0.000331,0.000108
3.5020,0.000117,0.000115,-2.593340,0.000039,0.000366,0.000016,-0.142424,-0.380906,-1.745040,-0.000058,0.000520,0.000124
3.5500,0.000117,0.000115,-2.593261,0.000039,0.000366,0.000016,-0.144986,-0.394772,-1.744838,-0.000044,0.000455,0.000110
3.6000,0.000116,0.000115,-2.593182,0.000039,0.000366,0.000016,-0.146693,-0.404016,-1.745094,0.000333,0.000282,0.000108
3.6500,0.000116,0.000115,-2.593104,0.000039,0.000366,0.000016,-0.149257,-0.417886,-1.744842,-0.000068,0.000216,0.000096
3.7000,0.000116,0.000115,-2.593027,0.000039,0.000366,0.000016,-0.150966,-0.427134,-1.745092,0.000167,0.000292,-0.000106
3.7500,0.000116,0.000115,-2.592950,0.000039,0.000366,0.000016,-0.153532,-0.441006,-1.744798,-0.000093,0.000339,-0.000042
3.8000,0.000116,0.000115,-2.592874,0.000039,0.000366,0.000016,-0.155240,-0.450253,-1.745041,0.000059,0.000422,0.000176
3.8520,0.000116,0.000115,-2.592799,0.000039,0.000366,0.000016,-0.157803,-0.464125,-1.744716,-0.000025,0.000305,-0.000001
3.9000,0.000116,0.000115,-2.592725,0.000039,0.000366,0.000016,-0.159512,-0.473373,-1.744951,-0.000198,0.000312,-0.000006
3.9500,0.000113,0.000118,-2.593133,0.000015,0.000332,0.000023,-0.162079,-0.487241,-1.744904,-0.000079,0.000269,0.000062
4.0000,0.000106,0.000126,-2.596347,-0.000049,0.000256,0.000041,-0.163793,-0.496481,-1.746791,-0.000045,0.000197,0.000020
4.0500,0.000097,0.000135,-2.603727,-0.000108,0.000208,0.000056,-0.166370,-0.510339,-1.754184,-0.000191,0.000100,0.000046
4.1020,0.000088,0.000140,-2.614683,-0.000134,0.000185,0.000064,-0.168087,-0.519582,-1.762419,-0.000061,-0.000009,0.000096
4.1500,0.000081,0.000144,-2.627640,-0.000141,0.000149,0.000067,-0.170661,-0.533446,-1.777734,-0.000259,0.000073,0.000044
4.2000,0.000076,0.000146,-2.641067,-0.000146,0.000117,0.000070,-0.172373,-0.542688,-1.788794,-0.000143,0.000009,-0.000046
4.2500,0.000075,0.000147,-2.654080,-0.000140,0.000114,0.000072,-0.174940,-0.556552,-1.804875,-0.000143,0.000211,0.000158
4.3000,0.000076,0.000145,-2.666517,-0.000119,0.000099,0.000073,-0.176649,-0.565796,-1.815315,-0.000082,0.000046,0.000315
4.3500,0.000077,0.000142,-2.678504,-0.000094,0.000067,0.000073,-0.179208,-0.579662,-1.829954,-0.000150,0.000279,0.000079
4.4000,0.000077,0.000139,-2.690253,-0.000074,0.000036,0.000074,-0.180915,-0.588902,-1.839742,-0.000184,0.000011,0.000288
4.4500,0.000075,0.000137,-2.701960,-0.000054,0.000012,0.000074,0.325173,-0.208957,-1.853800,-0.000038,-0.000193,0.000162
4.5000,0.000074,0.000134,-2.713745,-0.000032,-0.000010,0.000074,0.338593,-0.206481,-1.863546,-0.000134,0.000060,0.000098
4.5500,0.000073,0.000133,-2.725648,-0.000009,-0.000034,0.000074,0.358724,-0.202768,-1.877722,-0.000131,-0.000259,0.000060
4.6000,0.000072,0.000131,-2.737650,0.000014,-0.000058,0.000073,0.372143,-0.200290,-1.887641,-0.000159,0.000022,0.000011
4.6500,0.000072,0.000130,-2.749712,0.000036,-0.000081,0.000073,0.392272,-0.196571,-1.901986,-0.000104,-0.000073,0.000175
4.7000,0.000072,0.000129,-2.761794,0.000059,-0.000103,0.000072,0.405693,-0.194087,-1.911984,0.000062,-0.000072,-0.000070
4.7500,0.000072,0.000128,-2.773873,0.000081,-0.000124,0.000072,0.425825,-0.190362,-1.926319,0.000122,-0.000097,0.000099
4.8000,0.000073,0.000127,-2.785938,0.000102,-0.000145,0.000071,0.439245,-0.187880,-1.936302,0.000105,-0.000030,0.000191
4.8500,0.000074,0.000127,-2.797991,0.000122,-0.000164,0.000070,0.459380,-0.184157,-1.950568,0.000076,-0.000192,0.000027
4.9000,0.000075,0.000127,-2.810037,0.000142,-0.000183,0.000070,0.472804,-0.181676,-1.960522,0.000170,-0.000042,0.000090
4.9500,0.000077,0.000127,-2.822083,0.000160,-0.000201,0.000069,0.492942,-0.177951,-1.974741,0.000250,-0.000269,0.000230
5.0000,0.000079,0.000128,-2.834134,0.000178,-0.000217,0.000068,0.506364,-0.175467,-1.984686,0.000210,-0.000197,0.000019
5.0520,0.000081,0.000129,-2.846192,0.000194,-0.000233,0.000068,0.526499,-0.171741,-1.998897,0.000149,-0.000262,-0.000040
5.1000,0.000083,0.000130,-2.858257,0.000210,-0.000248,0.000067,0.539923,-0.169262,-2.008841,0.000145,-0.000285,0.000030
5.1500,0.000086,0.000132,-2.870329,0.000226,-0.000263,0.000067,0.560060,-0.165542,-2.023052,0.000125,-0.000362,0.000082
5.2000,0.000089,0.000133,-2.882405,0.000240,-0.000276,0.000066,0.573484,-0.163061,-2.032994,0.000214,-0.000181,-0.000130
5.2500,0.000092,0.000135,-2.894485,0.000254,-0.000289,0.000065,0.593619,-0.159340,-2.047209,0.000181,-0.000230,0.000087
5.3000,0.000096,0.000138,-2.906568,0.000267,-0.000301,0.000065,0.607043,-0.156857,-2.057148,0.000139,-0.000452,0.000152
5.3500,0.000100,0.000140,-2.918656,0.000279,-0.000312,0.000064,0.627181,-0.153126,-2.071363,0.000367,-0.000320,0.000052
5.4000,0.000103,0.000143,-2.930746,0.000291,-0.000323,0.000064,0.640604,-0.150639,-2.081297,0.000124,-0.000369,0.000128
5.4500,0.000107,0.000146,-2.942840,0.000302,-0.000333,0.000063,0.775270,0.429124,-2.095487,0.000324,-0.000312,0.000077
5.5000,0.000112,0.000149,-2.954938,0.000312,-0.000343,0.000063,0.792096,0.448729,-2.105414,0.000291,-0.000409,0.000140
5.5500,0.000116,0.000152,-2.967040,0.000322,-0.000352,0.000062,0.817339,0.478136,-2.119650,0.000358,-0.000454,-0.000141
5.6000,0.000120,0.000155,-2.979145,0.000332,-0.000360,0.000062,0.834167,0.497742,-2.129572,0.000382,-0.000382,0.000026
5.6500,0.000125,0.000159,-2.991254,0.000341,-0.000368,0.000061,0.859405,0.527154,-2.143819,0.000371,-0.000606,-0.000095
5.7000,0.000130,0.000163,-3.003367,0.000349,-0.000376,0.000061,0.876230,0.546760,-2.153738,0.000300,-0.000292,0.000099
5.7500,0.000135,0.000166,-3.015484,0.000357,-0.000383,0.000060,0.901463,0.576173,-2.168002,0.000380,-0.000205,0.000058
5.8000,0.000140,0.000170,-3.027604,0.000365,-0.000390,0.000060,0.918285,0.595781,-2.177923,0.000336,-0.000369,0.000141
5.8500,0.000145,0.000175,-3.039728,0.000372,-0.000396,0.000059,0.943520,0.625194,-2.192201,0.000551,-0.000424,-0.000015
5.9020,0.000150,0.000179,-3.051855,0.000379,-0.000402,0.000059,0.960343,0.644801,-2.202120,0.000318,-0.000412,-0.000008
5.9500,0.000155,0.000183,-3.063985,0.000385,-0.000407,0.000058,0.985577,0.674214,-2.216414,0.000497,-0.000280,0.000031
6.0000,0.000161,0.000188,-3.076119,0.000392,-0.000413,0.000058,1.002401,0.693820,-2.226336,0.000462,-0.000474,-0.000000
6.0500,0.000166,0.000192,-3.088257,0.000397,-0.000418,0.000058,1.027643,0.723227,-2.240640,0.000210,-0.000399,-0.000014
6.1020,0.000172,0.000197,-3.100398,0.000403,-0.000422,0.000057,1.044462,0.742833,-2.250565,0.000456,-0.000414,-0.000057
6.1500,0.000178,0.000202,-3.112542,0.000408,-0.000427,0.000057,1.069697,0.772242,-2.264889,0.000503,-0.000299,0.000004
6.2000,0.000183,0.000207,-3.124690,0.000413,-0.000431,0.000056,1.086520,0.791846,-2.274814,0.000417,-0.000474,0.000063
6.2500,0.000189,0.000212,-3.136840,0.000418,-0.000435,0.000056,1.111753,0.821255,-2.289152,0.000306,-0.000578,0.000101
6.3000,0.000195,0.000217,-3.148994,0.000422,-0.000438,0.000055,1.128574,0.840860,-2.299080,0.000419,-0.000488,0.000006
6.3500,0.000201,0.000222,-3.161152,0.000427,-0.000442,0.000055,1.153806,0.870268,-2.313433,0.000565,-0.000462,-0.000041
6.4000,0.000207,0.000227,-3.173312,0.000431,-0.000445,0.000055,1.170626,0.889872,-2.323361,0.000445,-0.000586,0.000126
6.4500,0.000213,0.000232,-3.185476,0.000434,-0.000448,0.000054,0.451459,-0.452474,-2.337830,0.000485,-0.000381,0.000160
6.5000,0.000219,0.000237,-3.197643,0.000438,-0.000451,0.000054,0.446158,-0.473636,-2.347774,0.000469,-0.000410,0.000084
6.5500,0.000225,0.000243,-3.209813,0.000441,-0.000454,0.000053,0.438205,-0.505380,-2.362141,0.000358,-0.000408,0.000265
6.6000,0.000231,0.000248,-3.221986,0.000445,-0.000457,0.000053,0.432904,-0.526543,-2.372088,0.000386,-0.000333,-0.000020
6.6520,0.000237,0.000254,-3.234162,0.000448,-0.000459,0.000053,0.424950,-0.558287,-2.386465,0.000407,-0.000619,-0.000045
6.7020,0.000243,0.000259,-3.246341,0.000451,-0.000461,0.000052,0.419648,-0.579450,-2.396415,0.000363,-0.000410,0.000045
6.7500,0.000250,0.000265,-3.258523,0.000453,-0.000464,0.000052,0.411692,-0.611195,-2.410805,0.000446,-0.000270,-0.000013
6.8000,0.000256,0.000270,-3.270708,0.000456,-0.000466,0.000052,0.406391,-0.632359,-2.420756,0.000458,-0.000458,-0.000033
6.8500,0.000262,0.000276,-3.282896,0.000459,-0.000468,0.000051,0.398440,-0.664104,-2.435158,0.000435,-0.000464,0.000011
6.9000,0.000269,0.000282,-3.295087,0.000461,-0.000470,0.000051,0.393141,-0.685268,-2.445113,0.000516,-0.000326,0.000022
6.9500,0.000275,0.000288,-3.307281,0.000463,-0.000471,0.000050,0.385194,-0.717013,-2.459525,0.000561,-0.000349,0.000193
7.0000,0.000281,0.000293,-3.319477,0.000465,-0.000473,0.000050,0.379898,-0.738176,-2.469487,0.000550,-0.000336,0.000009
7.0500,0.000288,0.000299,-3.331677,0.000467,-0.000475,0.000050,0.371954,-0.769923,-2.483910,0.000551,-0.000343,0.000110
7.1000,0.000294,0.000305,-3.343879,0.000469,-0.000476,0.000049,0.366661,-0.791089,-2.493874,0.000582,-0.000454,0.000046
7.1500,0.000301,0.000311,-3.356084,0.000471,-0.000478,0.000049,0.358723,-0.822840,-2.508307,0.000454,-0.000477,0.000078
7.2000,0.000307,0.000317,-3.368292,0.000473,-0.000479,0.000049,0.353429,-0.844008,-2.518273,0.000463,-0.000511,-0.000013
7.2500,0.000314,0.000323,-3.380502,0.000474,-0.000480,0.000048,0.345487,-0.875757,-2.532713,0.000595,-0.000500,-0.000095
7.3000,0.000320,0.000329,-3.392715,0.000476,-0.000481,0.000048,0.340191,-0.896923,-2.542684,0.000440,-0.000606,0.000012
7.3500,0.000327,0.000335,-3.404931,0.000477,-0.000483,0.000048,0.332246,-0.928669,-2.557135,0.000422,-0.000488,-0.000054
7.4000,0.000333,0.000341,-3.417150,0.000479,-0.000484,0.000048,0.326953,-0.949834,-2.567110,0.000488,-0.000477,-0.000014
7.4500,0.000340,0.000347,-3.429371,0.000480,-0.000485,0.000047,0.450795,-0.247772,-2.581537,0.000435,-0.000291,-0.000149
7.5000,0.000346,0.000353,-3.441595,0.000481,-0.000486,0.000047,0.449416,-0.247130,-2.591515,0.000560,-0.000590,0.000086
7.5500,0.000353,0.000359,-3.453821,0.000483,-0.000487,0.000047,0.447352,-0.246164,-2.605985,0.000468,-0.000579,-0.000073
7.6000,0.000359,0.000365,-3.466050,0.000484,-0.000488,0.000046,0.445976,-0.245519,-2.615967,0.000544,-0.000388,0.000088
7.6500,0.000366,0.000371,-3.478281,0.000485,-0.000489,0.000046,0.443909,-0.244551,-2.630445,0.000222,-0.000440,0.000066
7.7000,0.000373,0.000377,-3.490515,0.000486,-0.000490,0.000046,0.442530,-0.243905,-2.640431,0.000518,-0.000402,0.000132
7.7500,0.000379,0.000383,-3.502752,0.000487,-0.000490,0.000045,0.440463,-0.242934,-2.654916,0.000427,-0.000512,0.000127
7.8000,0.000386,0.000390,-3.514991,0.000488,-0.000491,0.000045,0.439084,-0.242287,-2.664907,0.000392,-0.000697,0.000015
7.8500,0.000392,0.000396,-3.527232,0.000489,-0.000492,0.000045,0.437014,-0.241311,-2.679398,0.000435,-0.000523,0.000006
7.9000,0.000399,0.000402,-3.539476,0.000490,-0.000493,0.000045,0.435632,-0.240659,-2.689393,0.000423,-0.000578,-0.000017
7.9500,0.000406,0.000408,-3.551392,0.000491,-0.000493,0.000044,0.433559,-0.239679,-2.703667,0.000525,-0.000581,0.000234
8.0000,0.000411,0.000413,-3.561329,0.000490,-0.000490,0.000044,0.432176,-0.239024,-2.712540,0.000477,-0.000414,0.000100
8.0500,0.000415,0.000416,-3.567526,0.000481,-0.000478,0.000044,0.430100,-0.238041,-2.720981,0.000259,-0.000501,0.000043
8.1000,0.000417,0.000417,-3.569936,0.000463,-0.000458,0.000045,0.428713,-0.237387,-2.724006,0.000299,-0.000442,0.000030
8.1500,0.000415,0.000414,-3.569898,0.000464,-0.000464,0.000048,0.426631,-0.236407,-2.723961,0.000427,-0.000298,-0.000041
8.2000,0.000411,0.000406,-3.568997,0.000489,-0.000488,0.000052,0.425240,-0.235759,-2.723515,0.000500,-0.000454,0.000229
8.2500,0.000407,0.000398,-3.567874,0.000500,-0.000491,0.000056,0.423154,-0.234786,-2.721498,0.000586,-0.000471,-0.000032
8.3000,0.000404,0.000393,-3.566922,0.000493,-0.000474,0.000060,0.421763,-0.234138,-2.720770,0.000551,-0.000384,0.000040
8.3500,0.000402,0.000389,-3.566400,0.000481,-0.000451,0.000062,0.419680,-0.233163,-2.719378,0.000451,-0.000489,-0.000007
8.4000,0.000402,0.000388,-3.566321,0.000471,-0.000428,0.000063,0.418292,-0.232512,-2.719306,0.000456,-0.000320,0.000100
8.4500,0.000403,0.000389,-3.566545,0.000459,-0.000403,0.000064,0.347155,-0.541470,-2.719019,0.000446,-0.000209,0.000065
8.5000,0.000404,0.000390,-3.566902,0.000443,-0.000374,0.000065,0.343720,-0.550028,-2.719376,0.000478,-0.000432,0.000022
8.5500,0.000406,0.000391,-3.567261,0.000427,-0.000344,0.000066,0.338566,-0.562863,-2.719413,0.000465,-0.000251,0.000213
8.6000,0.000407,0.000392,-3.567561,0.000411,-0.000315,0.000066,0.335132,-0.571419,-2.719763,0.000392,-0.000370,0.000141
8.6500,0.000408,0.000393,-3.567789,0.000395,-0.000285,0.000067,0.329979,-0.584255,-2.719708,0.000547,-0.000271,0.000096
8.7000,0.000408,0.000394,-3.567960,0.000378,-0.000256,0.000067,0.326544,-0.592812,-2.719950,0.000365,-0.000265,0.000023
8.7520,0.000409,0.000394,-3.568101,0.000362,-0.000226,0.000067,0.321392,-0.605650,-2.719816,0.000353,-0.000283,0.000007
8.8000,0.000409,0.000395,-3.568235,0.000347,-0.000198,0.000067,0.317957,-0.614208,-2.720017,0.000202,-0.000248,0.000217
8.8500,0.000410,0.000395,-3.568374,0.000332,-0.000171,0.000067,0.312805,-0.627045,-2.719908,0.000314,-0.000266,-0.000031
8.9000,0.000410,0.000395,-3.568525,0.000318,-0.000144,0.000067,0.309367,-0.635603,-2.720122,0.000493,-0.000220,0.000138
8.9500,0.000411,0.000396,-3.568684,0.000304,-0.000119,0.000066,0.304211,-0.648442,-2.720072,0.000345,-0.000006,-0.000126
9.0000,0.000411,0.000396,-3.568848,0.000291,-0.000094,0.000066,0.300773,-0.657003,-2.720306,0.000384,-0.000148,0.000189
9.0500,0.000412,0.000396,-3.569013,0.000279,-0.000071,0.000066,0.295619,-0.669846,-2.720289,0.000314,-0.000001,0.000102
9.1000,0.000412,0.000397,-3.569176,0.000267,-0.000048,0.000065,0.292183,-0.678407,-2.720530,0.000350,-0.000118,0.000256
9.1500,0.000412,0.000397,-3.569335,0.000256,-0.000027,0.000065,0.287029,-0.691250,-2.720528,0.000116,0.000034,0.000026
9.2000,0.000413,0.000398,-3.569490,0.000245,-0.000006,0.000065,0.283593,-0.699810,-2.720770,0.000220,0.000285,0.000047
9.2500,0.000413,0.000398,-3.569643,0.000235,0.000013,0.000064,0.278441,-0.712650,-2.720777,0.000189,-0.000035,-0.000193
9.3000,0.000413,0.000398,-3.569794,0.000225,0.000031,0.000064,0.275004,-0.721210,-2.721022,0.000377,-0.000030,-0.000058
9.3500,0.000414,0.000398,-3.569943,0.000216,0.000049,0.000064,0.269846,-0.734049,-2.721036,0.000241,0.000114,0.000017
9.4020,0.000414,0.000399,-3.570091,0.000207,0.000065,0.000063,0.266410,-0.742607,-2.721286,0.000226,-0.000007,0.000095
9.4500,0.000414,0.000399,-3.570238,0.000199,0.000081,0.000063,-0.520746,-0.436365,-2.721279,0.000329,0.000081,0.000120
9.5000,0.000414,0.000399,-3.570384,0.000191,0.000096,0.000063,-0.547423,-0.435442,-2.721529,0.000146,-0.000013,0.000285
9.5500,0.000415,0.000400,-3.570528,0.000183,0.000110,0.000062,-0.587438,-0.434060,-2.721552,0.000105,0.000182,0.000119
9.6000,0.000415,0.000400,-3.570671,0.000176,0.000124,0.000062,-0.614113,-0.433137,-2.721807,0.000201,0.000079,-0.000109
9.6520,0.000415,0.000400,-3.570813,0.000169,0.000137,0.000061,-0.654127,-0.431747,-2.721832,0.000191,0.000325,0.000090
9.7000,0.000415,0.000400,-3.570953,0.000163,0.000149,0.000061,-0.680801,-0.430824,-2.722091,0.000218,0.000101,0.000039
9.7500,0.000415,0.000401,-3.571092,0.000156,0.000160,0.000061,-0.720814,-0.429439,-2.722115,0.000159,0.000058,-0.000036
9.8000,0.000415,0.000401,-3.571229,0.000150,0.000171,0.000060,-0.747490,-0.428512,-2.722381,0.000076,0.000232,0.000247
9.8520,0.000416,0.000401,-3.571366,0.000145,0.000181,0.000060,-0.787503,-0.427128,-2.722398,0.000140,0.000072,0.000149
9.9020,0.000416,0.000401,-3.571500,0.000140,0.000191,0.000060,-0.814178,-0.426204,-2.722666,0.000164,0.000201,0.000009
9.9500,0.000416,0.000401,-3.571634,0.000134,0.000200,0.000059,-0.854189,-0.424815,-2.722683,0.000183,0.000264,0.000224
10.0000,0.000723,0.000406,-3.571756,0.000127,0.000070,0.000058,-0.880819,-0.423893,-2.722951,0.000137,-0.000112,0.000013
10.0500,0.003756,0.000422,-3.571912,0.000105,-0.000247,0.000033,-0.918625,-0.422491,-2.723127,-0.000055,-0.000209,0.000008
10.1000,0.011722,0.000445,-3.572101,0.000079,-0.000438,-0.000038,-0.940339,-0.421546,-2.723464,0.000149,-0.000361,-0.000112
10.1500,0.024472,0.000473,-3.572287,0.000055,-0.000484,-0.000075,-0.966883,-0.420120,-2.723752,0.000096,-0.000451,-0.000064
10.2000,0.040291,0.000501,-3.572451,0.000032,-0.000526,-0.000064,-0.981531,-0.419162,-2.724101,-0.000143,-0.000417,-0.000060
10.2500,0.057102,0.000517,-3.572551,0.000014,-0.000717,-0.000091,-1.001610,-0.417738,-2.724337,0.000003,-0.000781,-0.000144
10.3000,0.073785,0.000530,-3.572583,-0.000014,-0.000928,-0.000125,-1.014887,-0.416794,-2.724604,-0.000218,-0.000904,-0.000158
10.3500,0.090052,0.000538,-3.572592,-0.000042,-0.000952,-0.000145,-1.035203,-0.415381,-2.724729,-0.000125,-0.000929,-0.000252
10.4020,0.105764,0.000539,-3.572617,-0.000051,-0.000890,-0.000160,-1.049171,-0.414439,-2.724985,0.000050,-0.000996,-0.000152
10.4500,0.121018,0.000536,-3.572675,-0.000046,-0.000847,-0.000182,-0.761634,-0.372805,-2.725028,0.000016,-0.000905,-0.000165
10.5000,0.136033,0.000528,-3.572764,-0.000043,-0.000806,-0.000206,-0.767072,-0.370680,-2.725336,-0.000073,-0.000719,-0.000220
10.5500,0.150940,0.000521,-3.572875,-0.000040,-0.000750,-0.000229,-0.775391,-0.367493,-2.725400,-0.000118,-0.000718,-0.000203
10.6000,0.165830,0.000513,-3.572995,-0.000034,-0.000691,-0.000243,-0.780981,-0.365366,-2.725742,-0.000112,-0.000771,-0.000366
10.6500,0.180780,0.000506,-3.573115,-0.000024,-0.000630,-0.000251,-0.789318,-0.362174,-2.725750,-0.000167,-0.000485,-0.000293
10.7000,0.195818,0.000499,-3.573229,-0.000013,-0.000562,-0.000255,-0.794811,-0.360044,-2.726089,0.000119,-0.000478,-0.000161
10.7500,0.210931,0.000494,-3.573338,-0.000002,-0.000489,-0.000257,-0.802951,-0.356851,-2.726013,0.000110,-0.000393,-0.000216
10.8000,0.226086,0.000489,-3.573443,0.000010,-0.000415,-0.000258,-0.808333,-0.354720,-2.726338,-0.000147,-0.000463,-0.000327
10.8500,0.241254,0.000484,-3.573545,0.000022,-0.000342,-0.000258,-0.816379,-0.351522,-2.726194,0.000097,-0.000256,-0.000169
10.9000,0.256414,0.000479,-3.573646,0.000034,-0.000269,-0.000257,-0.821745,-0.349391,-2.726509,0.000052,-0.000275,-0.000221
10.9500,0.271560,0.000475,-3.573748,0.000046,-0.000197,-0.000256,-0.829806,-0.346196,-2.726316,0.000116,-0.000264,-0.000244
11.0020,0.286690,0.000470,-3.573852,0.000058,-0.000126,-0.000254,-0.835194,-0.344066,-2.726624,0.000113,-0.000064,-0.000319
11.0500,0.301810,0.000465,-3.573956,0.000069,-0.000058,-0.000252,-0.843288,-0.340873,-2.726400,0.000042,0.000037,-0.000144
11.1000,0.316925,0.000460,-3.574061,0.000079,0.000008,-0.000250,-0.848689,-0.338744,-2.726698,0.000133,0.000062,-0.000327
11.1500,0.332039,0.000455,-3.574166,0.000089,0.000072,-0.000247,-0.856790,-0.335551,-2.726452,0.000112,-0.000073,-0.000190
11.2000,0.347154,0.000450,-3.574271,0.000098,0.000134,-0.000245,-0.862190,-0.333422,-2.726743,0.000006,0.000179,-0.000173
11.2500,0.362270,0.000445,-3.574376,0.000106,0.000193,-0.000242,-0.870290,-0.330228,-2.726485,0.000009,0.000263,-0.000127
11.3000,0.377387,0.000440,-3.574481,0.000113,0.000251,-0.000240,-0.875688,-0.328097,-2.726764,0.000045,0.000078,-0.000235
11.3500,0.392504,0.000436,-3.574585,0.000119,0.000305,-0.000238,-0.883789,-0.324900,-2.726503,0.000105,0.000342,-0.000345
11.4000,0.407620,0.000431,-3.574690,0.000125,0.000358,-0.000235,-0.889190,-0.322769,-2.726773,0.000222,0.000416,-0.000256
11.4500,0.422734,0.000426,-3.574794,0.000130,0.000409,-0.000233,-0.728378,-0.355798,-2.726525,0.000143,0.000396,-0.000254
11.5000,0.437847,0.000422,-3.574899,0.000134,0.000457,-0.000231,-0.728763,-0.354744,-2.726789,0.000062,0.000542,-0.000159
11.5500,0.452958,0.000418,-3.575003,0.000137,0.000503,-0.000229,-0.729339,-0.353162,-2.726538,0.000235,0.000487,-0.000499
11.6000,0.468067,0.000413,-3.575107,0.000140,0.000548,-0.000228,-0.729723,-0.352109,-2.726794,0.000133,0.000495,-0.000259
11.6500,0.483176,0.000409,-3.575211,0.000142,0.000590,-0.000226,-0.730302,-0.350528,-2.726554,0.000155,0.000625,-0.000070
11.7000,0.498284,0.000404,-3.575314,0.000144,0.000631,-0.000225,-0.730688,-0.349473,-2.726804,0.000152,0.000522,-0.000243
11.7500,0.513390,0.000400,-3.575418,0.000145,0.000670,-0.000224,-0.731270,-0.347890,-2.726577,0.000114,0.000690,-0.000266
11.8000,0.528496,0.000396,-3.575521,0.000146,0.000707,-0.000223,-0.731658,-0.346834,-2.726822,0.000089,0.000620,-0.000103
11.8500,0.543600,0.000392,-3.575623,0.000147,0.000743,-0.000222,-0.732244,-0.345249,-2.726609,0.000187,0.000967,-0.000289
11.9000,0.558703,0.000387,-3.575726,0.000147,0.000777,-0.000221,-0.732633,-0.344193,-2.726850,0.000128,0.000888,-0.000152
11.9500,0.573806,0.000383,-3.575828,0.000146,0.000810,-0.000220,-0.733219,-0.342611,-2.726653,0.000240,0.000842,-0.000114
12.0000,0.588907,0.000379,-3.575930,0.000146,0.000841,-0.000220,-0.733610,-0.341557,-2.726890,0.000191,0.000775,-0.000219
12.0500,0.604007,0.000375,-3.576031,0.000145,0.000871,-0.000219,-0.734202,-0.339978,-2.726708,0.000158,0.000862,-0.000226
12.1000,0.619107,0.000371,-3.576132,0.000144,0.000899,-0.000219,-0.734597,-0.338926,-2.726943,0.000124,0.000972,-0.000407
12.1500,0.634205,0.000367,-3.576233,0.000143,0.000926,-0.000219,-0.735192,-0.337348,-2.726776,0.000194,0.000648,-0.000229
12.2000,0.649302,0.000362,-3.576333,0.000141,0.000953,-0.000219,-0.735590,-0.336297,-2.727010,-0.000051,0.000899,-0.000227
12.2500,0.664399,0.000358,-3.576433,0.000140,0.000978,-0.000219,-0.736192,-0.334718,-2.726856,0.000156,0.000928,-0.000260
12.3000,0.679494,0.000354,-3.576533,0.000138,0.001001,-0.000219,-0.736593,-0.333666,-2.727090,0.000170,0.000984,-0.000320
12.3500,0.694588,0.000350,-3.576632,0.000136,0.001024,-0.000219,-0.737199,-0.332088,-2.726949,0.000140,0.000938,-0.000285
12.4000,0.709682,0.000346,-3.576731,0.000134,0.001046,-0.000219,-0.737603,-0.331036,-2.727182,0.000155,0.001024,-0.000261
12.4500,0.724774,0.000342,-3.576829,0.000132,0.001067,-0.000220,-0.698703,-0.357832,-2.727058,0.000098,0.001088,-0.000231
12.5000,0.739866,0.000338,-3.576926,0.000130,0.001087,-0.000220,-0.697934,-0.357625,-2.727293,0.000160,0.001161,-0.000156
12.5500,0.754957,0.000334,-3.577024,0.000128,0.001106,-0.000220,-0.696784,-0.357315,-2.727173,0.000072,0.001002,-0.000385
12.6000,0.770046,0.000330,-3.577120,0.000126,0.001125,-0.000221,-0.696020,-0.357109,-2.727408,-0.000020,0.001066,-0.000266
12.6500,0.785135,0.000326,-3.577217,0.000123,0.001142,-0.000222,-0.694875,-0.356799,-2.727297,0.000122,0.001238,-0.000273
12.7000,0.800223,0.000322,-3.577313,0.000121,0.001159,-0.000222,-0.694112,-0.356594,-2.727534,0.000023,0.001164,-0.000243
12.7500,0.815310,0.000318,-3.577408,0.000119,0.001175,-0.000223,-0.692971,-0.356284,-2.727429,0.000204,0.001181,-0.000290
12.8000,0.830396,0.000314,-3.577503,0.000117,0.001191,-0.000224,-0.692210,-0.356077,-2.727668,0.000027,0.001116,-0.000128
12.8500,0.845482,0.000310,-3.577597,0.000114,0.001205,-0.000224,-0.691073,-0.355768,-2.727569,0.000225,0.001347,-0.000104
12.9000,0.860566,0.000306,-3.577691,0.000112,0.001219,-0.000225,-0.690315,-0.355562,-2.727809,0.000086,0.001198,-0.000221
12.9500,0.875650,0.000302,-3.577784,0.000110,0.001233,-0.000226,-0.689181,-0.355254,-2.727715,0.000156,0.001245,-0.000304
13.0020,0.890733,0.000297,-3.577877,0.000108,0.001246,-0.000227,-0.688425,-0.355048,-2.727958,0.000179,0.001245,-0.000291
13.0500,0.905815,0.000293,-3.577969,0.000106,0.001258,-0.000228,-0.687294,-0.354741,-2.727867,0.000025,0.001169,0.000059
13.1000,0.920896,0.000289,-3.578061,0.000103,0.001270,-0.000229,-0.686539,-0.354536,-2.728111,0.000129,0.001326,-0.000306
13.1500,0.935976,0.000285,-3.578153,0.000101,0.001281,-0.000230,-0.685409,-0.354228,-2.728023,0.000038,0.001249,-0.000191
13.2000,0.951056,0.000281,-3.578243,0.000099,0.001292,-0.000231,-0.684654,-0.354021,-2.728269,0.000271,0.001242,-0.000472
13.2500,0.966134,0.000277,-3.578334,0.000097,0.001303,-0.000232,-0.683525,-0.353710,-2.728182,0.000095,0.001290,-0.000327
13.3000,0.981212,0.000273,-3.578423,0.000095,0.001313,-0.000233,-0.682772,-0.353503,-2.728429,-0.000061,0.001251,-0.000099
13.3500,0.996290,0.000269,-3.578513,0.000093,0.001322,-0.000234,-0.681648,-0.353192,-2.728343,0.000158,0.001257,-0.000114
13.4000,1.011366,0.000265,-3.578601,0.000092,0.001332,-0.000235,-0.680898,-0.352986,-2.728593,0.000045,0.001472,-0.000158
13.4500,1.026442,0.000260,-3.578689,0.000090,0.001340,-0.000237,-0.687970,-0.362191,-2.728506,0.000031,0.001263,-0.000182
13.5000,1.041517,0.000256,-3.578777,0.000088,0.001349,-0.000238,-0.687464,-0.362267,-2.728756,0.000165,0.001333,-0.000082
13.5500,1.056591,0.000252,-3.578864,0.000086,0.001357,-0.000239,-0.686708,-0.362382,-2.728670,0.000157,0.001180,-0.000221
13.6000,1.071664,0.000248,-3.578951,0.000085,0.001365,-0.000240,-0.686204,-0.362460,-2.728922,0.000126,0.001418,-0.000333
13.6500,1.086737,0.000244,-3.579037,0.000083,0.001372,-0.000241,-0.685451,-0.362578,-2.728835,0.000014,0.001294,-0.000407
13.7000,1.101809,0.000239,-3.579123,0.000081,0.001380,-0.000243,-0.684951,-0.362657,-2.729088,0.000317,0.001225,-0.000323
13.7500,1.116880,0.000235,-3.579208,0.000080,0.001386,-0.000244,-0.684205,-0.362776,-2.728999,0.000039,0.001432,-0.000201
13.8000,1.131951,0.000231,-3.579292,0.000078,0.001393,-0.000245,-0.683709,-0.362857,-2.729253,0.000026,0.001426,-0.000286
13.8500,1.147020,0.000227,-3.579376,0.000077,0.001400,-0.000246,-0.682967,-0.362980,-2.729163,-0.000057,0.001516,-0.000200
13.9000,1.162090,0.000222,-3.579460,0.000076,0.001406,-0.000248,-0.682472,-0.363060,-2.729418,0.000083,0.001292,-0.000143
13.9500,1.177158,0.000218,-3.579543,0.000074,0.001412,-0.000249,-0.681734,-0.363178,-2.729326,0.000231,0.001449,-0.000196
14.0000,1.192226,0.000214,-3.579625,0.000073,0.001417,-0.000250,-0.681242,-0.363258,-2.729582,0.000200,0.001321,-0.000362
14.0500,1.207293,0.000209,-3.579707,0.000072,0.001423,-0.000251,-0.680506,-0.363378,-2.729488,0.000057,0.001280,-0.000346
14.1000,1.222359,0.000205,-3.579789,0.000070,0.001428,-0.000253,-0.680015,-0.363457,-2.729745,0.000129,0.001381,-0.000491
14.1500,1.237425,0.000201,-3.579870,0.000069,0.001433,-0.000254,-0.679280,-0.363576,-2.729648,0.000113,0.001439,-0.000232
14.2000,1.252490,0.000196,-3.579950,0.000068,0.001438,-0.000255,-0.678788,-0.363656,-2.729906,0.000048,0.001490,-0.000215
14.2500,1.267555,0.000192,-3.580030,0.000067,0.001443,-0.000257,-0.678052,-0.363775,-2.729807,0.000025,0.001532,-0.000097
14.3000,1.282619,0.000188,-3.580110,0.000066,0.001447,-0.000258,-0.677561,-0.363853,-2.730065,0.000102,0.001535,-0.000150
14.3500,1.297682,0.000183,-3.580189,0.000065,0.001452,-0.000259,-0.676829,-0.363970,-2.729964,-0.000046,0.001498,-0.000307
14.4020,1.312744,0.000179,-3.580267,0.000064,0.001456,-0.000260,-0.676340,-0.364048,-2.730222,-0.000106,0.001412,-0.000256
14.4520,1.327806,0.000174,-3.580346,0.000063,0.001460,-0.000262,-0.687289,-0.364314,-2.730117,0.000066,0.001350,-0.000193
14.5000,1.342868,0.000170,-3.580423,0.000062,0.001464,-0.000263,-0.687149,-0.364394,-2.730375,-0.000024,0.001290,-0.000065
14.5500,1.357929,0.000165,-3.580500,0.000061,0.001468,-0.000264,-0.686943,-0.364512,-2.730270,0.000120,0.001274,-0.000327
14.6000,1.372989,0.000161,-3.580577,0.000060,0.001471,-0.000266,-0.686805,-0.364592,-2.730528,0.000000,0.001550,-0.000276
14.6500,1.388048,0.000156,-3.580653,0.000060,0.001475,-0.000267,-0.686600,-0.364712,-2.730421,0.000074,0.001505,-0.000230
14.7000,1.403107,0.000152,-3.580729,0.000059,0.001478,-0.000268,-0.686464,-0.364793,-2.730679,0.000051,0.001360,-0.000220
14.7500,1.418166,0.000147,-3.580804,0.000058,0.001482,-0.000269,-0.686262,-0.364914,-2.730570,-0.000068,0.001460,-0.000365
14.8000,1.433223,0.000143,-3.580879,0.000057,0.001485,-0.000271,-0.686129,-0.364995,-2.730828,0.000041,0.001658,-0.000202
14.8500,1.448281,0.000138,-3.580953,0.000057,0.001488,-0.000272,-0.685928,-0.365117,-2.730717,-0.000017,0.001485,-0.000319
14.9000,1.463337,0.000134,-3.581027,0.000056,0.001491,-0.000273,-0.685793,-0.365199,-2.730974,-0.000006,0.001380,-0.000420
14.9500,1.478393,0.000129,-3.581100,0.000055,0.001494,-0.000274,-0.685593,-0.365322,-2.730862,-0.000047,0.001594,-0.000098
15.0000,1.493449,0.000124,-3.581173,0.000055,0.001497,-0.000276,-0.685459,-0.365403,-2.731119,0.000064,0.001454,-0.000299
15.0500,1.508504,0.000120,-3.581246,0.000054,0.001499,-0.000277,-0.685260,-0.365527,-2.731005,0.000104,0.001587,-0.000300
15.1000,1.523558,0.000115,-3.581318,0.000054,0.001502,-0.000278,-0.685126,-0.365611,-2.731261,0.000005,0.001629,-0.000300
15.1500,1.538612,0.000111,-3.581389,0.000053,0.001505,-0.000279,-0.684925,-0.365737,-2.731146,0.000124,0.001563,-0.000325
15.2000,1.553665,0.000106,-3.581460,0.000053,0.001507,-0.000281,-0.684788,-0.365822,-2.731402,0.000070,0.001659,-0.000146
15.2500,1.568718,0.000101,-3.581531,0.000052,0.001510,-0.000282,-0.684585,-0.365949,-2.731285,-0.000020,0.001466,-0.000308
15.3000,1.583771,0.000097,-3.581601,0.000052,0.001512,-0.000283,-0.684447,-0.366034,-2.731540,0.000130,0.001546,-0.000304
15.3500,1.598822,0.000092,-3.581671,0.000051,0.001514,-0.000284,-0.684245,-0.366161,-2.731422,-0.000060,0.001460,-0.000325
15.4000,1.613874,0.000087,-3.581741,0.000051,0.001516,-0.000285,-0.684109,-0.366244,-2.731677,0.000055,0.001674,-0.000390
15.4500,1.628924,0.000082,-3.581810,0.000050,0.001519,-0.000287,-0.688860,-0.364711,-2.731557,0.000013,0.001497,-0.000390
15.5000,1.643975,0.000078,-3.581878,0.000050,0.001521,-0.000288,-0.688871,-0.364746,-2.731811,0.000258,0.001449,-0.000238
15.5500,1.659025,0.000073,-3.581946,0.000049,0.001523,-0.000289,-0.688889,-0.364801,-2.731690,0.000180,0.001535,-0.000221
15.6000,1.674074,0.000068,-3.582014,0.000049,0.001525,-0.000290,-0.688899,-0.364840,-2.731944,-0.000013,0.001478,-0.000319
15.6500,1.689123,0.000063,-3.582082,0.000049,0.001527,-0.000291,-0.688917,-0.364897,-2.731822,0.000128,0.001465,-0.000142
15.7000,1.704171,0.000059,-3.582149,0.000048,0.001529,-0.000292,-0.688929,-0.364937,-2.732076,0.000092,0.001584,-0.000344
15.7500,1.719219,0.000054,-3.582215,0.000048,0.001531,-0.000294,-0.688948,-0.364998,-2.731952,0.000090,0.001345,-0.000199
15.8000,1.734266,0.000049,-3.582281,0.000048,0.001532,-0.000295,-0.688961,-0.365038,-2.732205,0.000146,0.001535,-0.000326
15.8500,1.749313,0.000044,-3.582347,0.000047,0.001534,-0.000296,-0.688983,-0.365100,-2.732081,0.000245,0.001574,-0.000192
15.9000,1.764359,0.000039,-3.582412,0.000047,0.001536,-0.000297,-0.688997,-0.365142,-2.732333,0.000036,0.001618,-0.000311
15.9500,1.779405,0.000034,-3.582477,0.000047,0.001538,-0.000298,-0.689019,-0.365206,-2.732208,0.000047,0.001663,-0.000345
16.0000,1.794451,0.000029,-3.582542,0.000047,0.001539,-0.000299,-0.689033,-0.365248,-2.732460,0.000241,0.001578,-0.000204
16.0500,1.809496,0.000025,-3.582606,0.000046,0.001541,-0.000300,-0.689054,-0.365315,-2.732333,0.000199,0.001471,-0.000457
16.1000,1.824541,0.000020,-3.582670,0.000046,0.001542,-0.000301,-0.689068,-0.365360,-2.732585,0.000259,0.001458,-0.000342
16.1500,1.839585,0.000015,-3.582734,0.000046,0.001544,-0.000302,-0.689095,-0.365432,-2.732457,-0.000048,0.001493,-0.000300
16.2000,1.854628,0.000010,-3.582797,0.000046,0.001545,-0.000303,-0.689113,-0.365479,-2.732708,0.000004,0.001592,-0.000161
16.2500,1.869672,0.000005,-3.582860,0.000045,0.001547,-0.000305,-0.689142,-0.365548,-2.732580,0.000057,0.001418,-0.000257
16.3000,1.884715,-0.000000,-3.582922,0.000045,0.001548,-0.000306,-0.689160,-0.365594,-2.732831,-0.000008,0.001554,-0.000371
16.3500,1.899757,-0.000005,-3.582984,0.000045,0.001550,-0.000307,-0.689190,-0.365663,-2.732701,0.000150,0.001541,-0.000385
16.4000,1.914799,-0.000010,-3.583046,0.000045,0.001551,-0.000308,-0.689209,-0.365710,-2.732951,-0.000045,0.001588,-0.000248
16.4500,1.929841,-0.000015,-3.583107,0.000045,0.001553,-0.000309,-0.689850,-0.364596,-2.732821,-0.000002,0.001655,-0.000073
16.5000,1.944882,-0.000020,-3.583168,0.000045,0.001554,-0.000310,-0.689884,-0.364605,-2.733070,0.000022,0.001577,-0.000353
16.5500,1.959923,-0.000025,-3.583229,0.000044,0.001555,-0.000311,-0.689937,-0.364621,-2.732939,0.000124,0.001455,-0.000365
16.6000,1.974963,-0.000030,-3.583289,0.000044,0.001557,-0.000312,-0.689973,-0.364631,-2.733188,-0.000110,0.001555,-0.000308
16.6500,1.990003,-0.000035,-3.583349,0.000044,0.001558,-0.000313,-0.690029,-0.364645,-2.733057,0.000067,0.001492,-0.000138
16.7000,2.005043,-0.000040,-3.583408,0.000044,0.001559,-0.000314,-0.690066,-0.364654,-2.733305,0.000106,0.001625,-0.000221
16.7500,2.020082,-0.000045,-3.583468,0.000044,0.001560,-0.000315,-0.690124,-0.364669,-2.733172,0.000175,0.001392,-0.000288
16.8000,2.035121,-0.000050,-3.583527,0.000044,0.001561,-0.000316,-0.690164,-0.364679,-2.733421,0.000199,0.001545,-0.000240
16.8500,2.050159,-0.000055,-3.583585,0.000044,0.001563,-0.000317,-0.690227,-0.364697,-2.733287,0.000060,0.001575,-0.000232
16.9000,2.065197,-0.000061,-3.583644,0.000043,0.001564,-0.000318,-0.690268,-0.364709,-2.733535,0.000064,0.001647,-0.000319
16.9500,2.080235,-0.000066,-3.583701,0.000043,0.001565,-0.000319,-0.690330,-0.364727,-2.733401,0.000141,0.001403,-0.000327
17.0000,2.095272,-0.000071,-3.583759,0.000043,0.001566,-0.000320,-0.690371,-0.364738,-2.733648,0.000102,0.001535,-0.000277
17.0500,2.110309,-0.000076,-3.583816,0.000043,0.001567,-0.000320,-0.690435,-0.364758,-2.733513,0.000159,0.001544,-0.000456
17.1000,2.125346,-0.000081,-3.583873,0.000043,0.001568,-0.000321,-0.690476,-0.364773,-2.733759,0.000024,0.001628,-0.000260
17.1500,2.140382,-0.000086,-3.583930,0.000043,0.001569,-0.000322,-0.690541,-0.364795,-2.733624,-0.000016,0.001378,-0.000492
17.2000,2.155418,-0.000091,-3.583987,0.000043,0.001570,-0.000323,-0.690586,-0.364810,-2.733870,0.000003,0.001403,-0.000293
17.2500,2.170453,-0.000097,-3.584043,0.000043,0.001571,-0.000324,-0.690659,-0.364830,-2.733734,0.000236,0.001417,-0.000272
17.3000,2.185488,-0.000102,-3.584098,0.000043,0.001572,-0.000325,-0.690710,-0.364843,-2.733980,0.000080,0.001366,-0.000311
17.3500,2.200523,-0.000107,-3.584154,0.000042,0.001573,-0.000326,-0.690790,-0.364864,-2.733843,0.000025,0.001505,-0.000447
17.4020,2.215558,-0.000112,-3.584209,0.000042,0.001574,-0.000327,-0.690842,-0.364878,-2.734088,0.000018,0.001473,-0.000309
17.4500,2.230592,-0.000117,-3.584264,0.000042,0.001575,-0.000328,-0.690162,-0.364431,-2.733950,0.000075,0.001466,-0.000436
17.5000,2.245625,-0.000123,-3.584319,0.000042,0.001576,-0.000329,-0.690195,-0.364431,-2.734195,-0.000100,0.001600,-0.000240
17.5500,2.260659,-0.000128,-3.584373,0.000042,0.001577,-0.000329,-0.690246,-0.364429,-2.734057,0.000027,0.001668,-0.000224
17.6000,2.275692,-0.000133,-3.584427,0.000042,0.001578,-0.000330,-0.690279,-0.364426,-2.734301,0.000003,0.001648,-0.000384
17.6500,2.290725,-0.000138,-3.584481,0.000042,0.001579,-0.000331,-0.690330,-0.364423,-2.734163,0.000016,0.001575,-0.000336
17.7020,2.305757,-0.000144,-3.584534,0.000042,0.001580,-0.000332,-0.690363,-0.364420,-2.734407,0.000120,0.001582,-0.000060
17.7520,2.320789,-0.000149,-3.584588,0.000042,0.001581,-0.000333,-0.690413,-0.364417,-2.734267,0.000074,0.001487,-0.000259
17.8000,2.335821,-0.000154,-3.584640,0.000042,0.001582,-0.000334,-0.690447,-0.364415,-2.734511,0.000291,0.001853,-0.000426
17.8500,2.350853,-0.000160,-3.584693,0.000042,0.001583,-0.000334,-0.690496,-0.364413,-2.734370,0.000043,0.001359,-0.000233
17.9000,2.365884,-0.000165,-3.584745,0.000042,0.001584,-0.000335,-0.690530,-0.364413,-2.734614,0.000053,0.001590,-0.000436
17.9500,2.380915,-0.000170,-3.584798,0.000042,0.001584,-0.000336,-0.690584,-0.364415,-2.734473,0.000208,0.001650,-0.000356
18.0000,2.395945,-0.000175,-3.584849,0.000042,0.001585,-0.000337,-0.690620,-0.364416,-2.734716,0.000027,0.001562,-0.000307
18.0500,2.410976,-0.000181,-3.584901,0.000042,0.001586,-0.000338,-0.690676,-0.364420,-2.734574,0.000145,0.001398,-0.000275
18.1000,2.426005,-0.000186,-3.584952,0.000041,0.001587,-0.000338,-0.690714,-0.364423,-2.734817,0.000181,0.001620,-0.000440
18.1500,2.441035,-0.000192,-3.585004,0.000041,0.001588,-0.000339,-0.690772,-0.364429,-2.734675,-0.000111,0.001528,-0.000284
18.2000,2.456065,-0.000197,-3.585054,0.000041,0.001588,-0.000340,-0.690812,-0.364432,-2.734917,-0.000026,0.001502,-0.000250
18.2500,2.471094,-0.000202,-3.585105,0.000041,0.001589,-0.000341,-0.690877,-0.364433,-2.734774,-0.000012,0.001519,-0.000202
18.3000,2.486122,-0.000208,-3.585155,0.000041,0.001590,-0.000342,-0.690919,-0.364432,-2.735016,0.000136,0.001639,-0.000509
18.3500,2.501151,-0.000213,-3.585205,0.000041,0.001591,-0.000342,-0.690986,-0.364432,-2.734873,0.000009,0.001702,-0.000391
18.4000,2.516179,-0.000218,-3.585255,0.000041,0.001592,-0.000343,-0.691028,-0.364431,-2.735114,0.000004,0.001641,-0.000407
18.4500,2.531207,-0.000224,-3.585305,0.000041,0.001592,-0.000344,-0.690188,-0.364343,-2.734970,0.000041,0.001624,-0.000447
18.5000,2.546235,-0.000229,-3.585354,0.000041,0.001593,-0.000345,-0.690203,-0.364338,-2.735211,-0.000002,0.001634,-0.000349
18.5500,2.561262,-0.000235,-3.585403,0.000041,0.001594,-0.000345,-0.690225,-0.364332,-2.735067,-0.000081,0.001788,-0.000240
18.6000,2.576289,-0.000240,-3.585452,0.000041,0.001594,-0.000346,-0.690238,-0.364329,-2.735307,0.000160,0.001557,-0.000243
18.6500,2.591316,-0.000246,-3.585501,0.000041,0.001595,-0.000347,-0.690257,-0.364324,-2.735163,-0.000234,0.001602,-0.000346
18.7000,2.606343,-0.000251,-3.585549,0.000041,0.001596,-0.000347,-0.690269,-0.364320,-2.735403,-0.000073,0.001541,-0.000327
18.7500,2.621369,-0.000257,-3.585597,0.000041,0.001597,-0.000348,-0.690289,-0.364312,-2.735257,-0.000048,0.001460,-0.000458
18.8000,2.636395,-0.000262,-3.585645,0.000041,0.001597,-0.000349,-0.690303,-0.364306,-2.735497,0.000203,0.001734,-0.000229
18.8500,2.651421,-0.000267,-3.585693,0.000041,0.001598,-0.000349,-0.690325,-0.364298,-2.735351,0.000089,0.001599,-0.000166
18.9000,2.666447,-0.000273,-3.585741,0.000041,0.001599,-0.000350,-0.690339,-0.364294,-2.735591,0.000199,0.001602,-0.000348
18.9500,2.681472,-0.000278,-3.585788,0.000041,0.001599,-0.000351,-0.690361,-0.364292,-2.735444,0.000176,0.001678,-0.000316
19.0000,2.696497,-0.000284,-3.585835,0.000041,0.001600,-0.000352,-0.690374,-0.364290,-2.735684,-0.000111,0.001503,-0.000322
19.0500,2.711522,-0.000289,-3.585882,0.000041,0.001601,-0.000352,-0.690398,-0.364287,-2.735537,0.000099,0.001637,-0.000296
19.1000,2.726546,-0.000295,-3.585929,0.000041,0.001601,-0.000353,-0.690413,-0.364284,-2.735776,-0.000081,0.001696,-0.000435
19.1500,2.741571,-0.000301,-3.585975,0.000041,0.001602,-0.000353,-0.690439,-0.364278,-2.735628,0.000055,0.001566,-0.000361
19.2000,2.756595,-0.000306,-3.586021,0.000041,0.001603,-0.000354,-0.690455,-0.364276,-2.735867,0.000061,0.001641,-0.000206
19.2500,2.771619,-0.000312,-3.586067,0.000041,0.001603,-0.000355,-0.690482,-0.364271,-2.735719,0.000000,0.001552,-0.000467
19.3000,2.786642,-0.000317,-3.586113,0.000041,0.001604,-0.000355,-0.690499,-0.364268,-2.735957,0.000211,0.001563,-0.000407
19.3500,2.801666,-0.000323,-3.586159,0.000041,0.001604,-0.000356,-0.690526,-0.364265,-2.735809,0.000145,0.001772,-0.000329
19.4000,2.816689,-0.000328,-3.586204,0.000041,0.001605,-0.000357,-0.690542,-0.364264,-2.736047,0.000281,0.001556,-0.000244
19.4520,2.831712,-0.000334,-3.586249,0.000041,0.001606,-0.000357,2.236570,0.270729,-2.736219,0.000254,0.001737,-0.000350
19.5000,2.846734,-0.000339,-3.586294,0.000041,0.001606,-0.000358,2.323545,0.289594,-2.736481,0.000093,0.001650,-0.000488
19.5500,2.861757,-0.000345,-3.586339,0.000040,0.001607,-0.000359,2.454007,0.317892,-2.736279,-0.000085,0.001435,-0.000374
19.6000,2.876779,-0.000351,-3.586384,0.000040,0.001607,-0.000359,2.540981,0.336758,-2.736536,0.000133,0.001667,-0.000415
19.6500,2.891801,-0.000356,-3.586428,0.000040,0.001608,-0.000360,2.671444,0.365041,-2.736340,0.000042,0.001696,-0.000409
19.7000,2.906823,-0.000362,-3.586473,0.000040,0.001608,-0.000360,2.758418,0.383910,-2.736598,-0.000035,0.001534,-0.000365
19.7500,2.921844,-0.000367,-3.586517,0.000040,0.001609,-0.000361,2.888877,0.412209,-2.736399,0.000079,0.001413,-0.000359
19.8000,2.936866,-0.000373,-3.586561,0.000040,0.001610,-0.000361,2.975851,0.431072,-2.736641,0.000048,0.001529,-0.000374
19.8520,2.951887,-0.000379,-3.586604,0.000040,0.001610,-0.000362,3.106305,0.459383,-2.736456,0.000103,0.001621,-0.000297
19.9000,2.966908,-0.000384,-3.586648,0.000040,0.001611,-0.000363,3.193279,0.478243,-2.736697,0.000182,0.001466,-0.000159
19.9500,2.981929,-0.000390,-3.586691,0.000040,0.001611,-0.000363,3.323732,0.506554,-2.736507,-0.000013,0.001680,-0.000288
20.0000,2.996949,-0.000396,-3.586734,0.000040,0.001612,-0.000364,3.410704,0.525423,-2.736758,0.000154,0.001663,-0.000390
20.0520,3.011969,-0.000401,-3.586777,0.000040,0.001612,-0.000364,3.541159,0.553727,-2.736574,-0.000077,0.001580,-0.000461
20.1000,3.026990,-0.000407,-3.586820,0.000040,0.001613,-0.000365,3.628133,0.572587,-2.736814,0.000016,0.001557,-0.000192
20.1500,3.042010,-0.000413,-3.586863,0.000040,0.001613,-0.000365,3.758588,0.600896,-2.736641,0.000044,0.001703,-0.000411
20.2000,3.057029,-0.000418,-3.586905,0.000040,0.001614,-0.000366,3.845563,0.619762,-2.736885,-0.000120,0.001759,-0.000427
20.2500,3.072049,-0.000424,-3.586947,0.000040,0.001614,-0.000366,3.976025,0.648062,-2.736711,0.000005,0.001592,-0.000325
20.3000,3.087068,-0.000430,-3.586989,0.000040,0.001615,-0.000367,4.063002,0.666927,-2.736954,0.000117,0.001675,-0.000362
20.3500,3.102087,-0.000435,-3.587031,0.000040,0.001615,-0.000368,4.193464,0.695235,-2.736771,0.000151,0.001683,-0.000227
20.4000,3.117106,-0.000441,-3.587073,0.000040,0.001616,-0.000368,4.280440,0.714112,-2.737006,0.000034,0.001542,-0.000423
20.4500,3.132125,-0.000447,-3.587115,0.000040,0.001616,-0.000369,3.390312,0.325396,-2.736712,-0.000194,0.001699,-0.000523
20.5000,3.147144,-0.000452,-3.587156,0.000040,0.001617,-0.000369,3.446957,0.331873,-2.736937,-0.000048,0.001544,-0.000401
20.5500,3.162162,-0.000458,-3.587198,0.000040,0.001617,-0.000370,3.531923,0.341588,-2.736784,0.000212,0.001692,-0.000293
20.6000,3.177180,-0.000464,-3.587239,0.000040,0.001618,-0.000370,3.588568,0.348065,-2.737013,-0.000095,0.001744,-0.000408
20.6500,3.192198,-0.000470,-3.587280,0.000040,0.001618,-0.000371,3.673536,0.357781,-2.736864,0.000010,0.001692,-0.000335
20.7000,3.207216,-0.000475,-3.587321,0.000040,0.001619,-0.000371,3.730182,0.364254,-2.737086,0.000175,0.001575,-0.000306
20.7500,3.222234,-0.000481,-3.587361,0.000040,0.001619,-0.000372,3.815147,0.373969,-2.736934,0.000114,0.001712,-0.000288
20.8000,3.237251,-0.000487,-3.587402,0.000040,0.001620,-0.000372,3.871791,0.380446,-2.737165,-0.000144,0.001449,-0.000277
20.8500,3.252269,-0.000493,-3.587442,0.000040,0.001620,-0.000373,3.956754,0.390164,-2.737010,-0.000007,0.001679,-0.000356
20.9000,3.267286,-0.000498,-3.587482,0.000040,0.001620,-0.000373,4.013396,0.396641,-2.737238,-0.000159,0.001690,-0.000247
20.9500,3.282303,-0.000504,-3.587522,0.000040,0.001621,-0.000374,4.098356,0.406362,-2.737089,0.000306,0.001697,-0.000378
21.0000,3.297320,-0.000510,-3.587562,0.000040,0.001621,-0.000374,4.154997,0.412836,-2.737318,-0.000029,0.001739,-0.000625
21.0500,3.312336,-0.000516,-3.587602,0.000040,0.001622,-0.000374,4.239957,0.422540,-2.737169,-0.000197,0.001701,-0.000250
21.1000,3.327353,-0.000521,-3.587642,0.000040,0.001622,-0.000375,4.296596,0.429024,-2.737401,-0.000072,0.001724,-0.000223
21.1500,3.342369,-0.000527,-3.587681,0.000040,0.001623,-0.000375,4.381553,0.438741,-2.737253,-0.000142,0.001744,-0.000483
21.2000,3.357385,-0.000533,-3.587721,0.000040,0.001623,-0.000376,4.438193,0.445215,-2.737485,-0.000009,0.001698,-0.000280
21.2500,3.372401,-0.000539,-3.587760,0.000040,0.001623,-0.000376,4.523148,0.454939,-2.737343,0.000165,0.001824,-0.000305
21.3000,3.387417,-0.000545,-3.587799,0.000040,0.001624,-0.000377,4.579789,0.461418,-2.737578,0.000050,0.001674,-0.000251
21.3520,3.402433,-0.000550,-3.587838,0.000040,0.001624,-0.000377,4.664749,0.471136,-2.737429,-0.000007,0.001643,-0.000448
21.4000,3.417449,-0.000556,-3.587877,0.000040,0.001625,-0.000378,4.721391,0.477608,-2.737660,0.000089,0.001656,-0.000384
21.4500,3.432464,-0.000562,-3.587915,0.000040,0.001625,-0.000378,3.421268,-0.205898,-2.737358,0.000231,0.001632,-0.000369
21.5000,3.447479,-0.000568,-3.587954,0.000040,0.001625,-0.000378,3.436715,-0.220042,-2.737581,0.000057,0.001574,-0.000508
21.5500,3.462494,-0.000574,-3.587992,0.000040,0.001626,-0.000379,3.459885,-0.241258,-2.737451,-0.000013,0.001574,-0.000416
21.6020,3.477509,-0.000580,-3.588030,0.000040,0.001626,-0.000379,3.475332,-0.255402,-2.737674,-0.000049,0.001762,-0.000293
21.6500,3.492524,-0.000585,-3.588069,0.000040,0.001627,-0.000380,3.498505,-0.276614,-2.737544,0.000069,0.001588,-0.000542
21.7000,3.507539,-0.000591,-3.588107,0.000040,0.001627,-0.000380,3.513952,-0.290758,-2.737768,-0.000086,0.001607,-0.000264
21.7500,3.522553,-0.000597,-3.588144,0.000040,0.001627,-0.000381,3.537127,-0.311966,-2.737636,0.000082,0.001603,-0.000356
21.8000,3.537567,-0.000603,-3.588182,0.000040,0.001628,-0.000381,3.552577,-0.326105,-2.737861,0.000060,0.001677,-0.000283
21.8500,3.552582,-0.000609,-3.588220,0.000040,0.001628,-0.000381,3.575753,-0.347311,-2.737725,0.000133,0.001577,-0.000234
21.9000,3.567596,-0.000615,-3.588257,0.000040,0.001628,-0.000382,3.591202,-0.361447,-2.737951,0.000109,0.001599,-0.000385
21.9500,3.582610,-0.000621,-3.588295,0.000040,0.001629,-0.000382,3.614374,-0.382653,-2.737817,0.000198,0.001583,-0.000437
22.0000,3.597393,-0.000626,-3.588317,0.000041,0.001797,-0.000385,3.629795,-0.396793,-2.738042,0.000063,0.001559,-0.000401
22.0500,3.609759,-0.000631,-3.588363,0.000054,0.002232,-0.000417,3.651107,-0.418006,-2.737722,0.000077,0.002376,-0.000448
22.1000,3.617344,-0.000632,-3.588430,0.000077,0.002518,-0.000508,3.662015,-0.432146,-2.737975,0.000030,0.002496,-0.000626
22.1500,3.620080,-0.000630,-3.588491,0.000089,0.002595,-0.000588,3.672338,-0.453353,-2.737615,0.000222,0.002681,-0.000645
22.2000,3.619566,-0.000627,-3.588535,0.000089,0.002654,-0.000616,3.676051,-0.467490,-2.737851,0.000105,0.002613,-0.000736
22.2500,3.617850,-0.000632,-3.588523,0.000099,0.002871,-0.000666,3.679466,-0.488703,-2.737380,0.000138,0.002945,-0.000674
22.3000,3.616112,-0.000641,-3.588444,0.000128,0.003111,-0.000729,3.681500,-0.502853,-2.737511,0.000388,0.003119,-0.000662
22.3500,3.614693,-0.000650,-3.588343,0.000149,0.003145,-0.000765,3.684804,-0.524080,-2.736874,0.000137,0.003151,-0.000852
22.4020,3.613814,-0.000657,-3.588262,0.000147,0.003080,-0.000781,3.687399,-0.538230,-2.736967,0.000154,0.003262,-0.000686
22.4500,3.613444,-0.000661,-3.588220,0.000135,0.003036,-0.000797,3.710011,0.208718,-2.736476,0.000307,0.003023,-0.000968
22.5000,3.613387,-0.000661,-3.588215,0.000129,0.002995,-0.000809,3.713894,0.217416,-2.736618,0.000186,0.003139,-0.000788
22.5500,3.613428,-0.000658,-3.588234,0.000122,0.002914,-0.000810,3.719904,0.230466,-2.736305,0.000148,0.003010,-0.000882
22.6000,3.613466,-0.000656,-3.588264,0.000109,0.002817,-0.000807,3.723931,0.239164,-2.736480,0.000148,0.002930,-0.000661
22.6500,3.613466,-0.000654,-3.588293,0.000093,0.002732,-0.000803,3.729937,0.252213,-2.736284,0.000045,0.002967,-0.000758
22.7000,3.613407,-0.000654,-3.588317,0.000078,0.002650,-0.000797,3.733900,0.260912,-2.736460,0.000108,0.002519,-0.000905
22.7500,3.613293,-0.000653,-3.588335,0.000065,0.002561,-0.000790,3.739773,0.273959,-2.736324,0.000048,0.002719,-0.000805
22.8000,3.613149,-0.000652,-3.588347,0.000049,0.002469,-0.000782,3.743658,0.282658,-2.736496,0.000153,0.002372,-0.000866
22.8520,3.612999,-0.000651,-3.588357,0.000033,0.002382,-0.000774,3.749469,0.295708,-2.736410,0.000051,0.002490,-0.000702
22.9000,3.612852,-0.000649,-3.588367,0.000019,0.002296,-0.000766,3.753343,0.304407,-2.736586,-0.000030,0.002369,-0.000796
22.9500,3.612712,-0.000649,-3.588377,0.000005,0.002211,-0.000759,3.759157,0.317455,-2.736549,0.000015,0.002193,-0.000816
23.0000,3.612603,-0.000661,-3.588388,-0.000036,0.002128,-0.000243,3.763045,0.326150,-2.736733,0.000020,0.002160,-0.000556
23.0500,3.612577,-0.000699,-3.588471,-0.000251,0.002060,0.003827,3.768954,0.339166,-2.736813,-0.000177,0.002184,0.003881
23.1000,3.612570,-0.000737,-3.588561,-0.000513,0.001934,0.010892,3.772895,0.347858,-2.737094,-0.000642,0.001913,0.009539
23.1500,3.612542,-0.000795,-3.588544,-0.000574,0.001677,0.018316,3.778690,0.360928,-2.737248,-0.000706,0.001618,0.018409
23.2000,3.612481,-0.000859,-3.588450,-0.000568,0.001468,0.026274,3.782468,0.369658,-2.737401,-0.000467,0.001450,0.024746
23.2500,3.612383,-0.000907,-3.588338,-0.000647,0.001354,0.035484,3.787979,0.382812,-2.737438,-0.000570,0.001532,0.035412
23.3000,3.612262,-0.000927,-3.588250,-0.000743,0.001285,0.045770,3.791547,0.391633,-2.737589,-0.000584,0.001256,0.043758
23.3500,3.612135,-0.000918,-3.588202,-0.000747,0.001218,0.056513,3.796747,0.404954,-2.737672,-0.000749,0.001181,0.056445
23.4020,3.612009,-0.000897,-3.588193,-0.000715,0.001156,0.067568,3.800116,0.413887,-2.737901,-0.000809,0.001134,0.065294
23.4500,3.611889,-0.000877,-3.588209,-0.000724,0.001108,0.079004,3.311397,-0.373521,-2.737946,-0.000657,0.001025,0.079024
23.5000,3.611777,-0.000864,-3.588237,-0.000756,0.001076,0.090770,3.301528,-0.389253,-2.738223,-0.000641,0.000994,0.088310
23.5500,3.611672,-0.000861,-3.588265,-0.000769,0.001054,0.102729,3.287010,-0.413036,-2.738343,-0.000885,0.001016,0.102796
23.6000,3.611570,-0.000866,-3.588289,-0.000763,0.001038,0.114810,3.277525,-0.429014,-2.738628,-0.000734,0.000886,0.112511
23.6500,3.611470,-0.000878,-3.588307,-0.000755,0.001030,0.127004,3.263595,-0.453163,-2.738675,-0.000720,0.001049,0.127006
23.7020,3.611371,-0.000892,-3.588320,-0.000741,0.001029,0.139297,3.254507,-0.469378,-2.738956,-0.000588,0.001088,0.136831
23.7500,3.611272,-0.000907,-3.588330,-0.000714,0.001033,0.151657,3.241178,-0.493869,-2.738927,-0.000488,0.001145,0.151796
23.8000,3.611173,-0.000922,-3.588340,-0.000677,0.001038,0.164062,3.232498,-0.510307,-2.739211,-0.000691,0.000922,0.161614
23.8500,3.611075,-0.000936,-3.588350,-0.000638,0.001044,0.176502,3.219783,-0.535122,-2.739119,-0.000716,0.001253,0.176388
23.9000,3.610977,-0.000950,-3.588362,-0.000599,0.001050,0.188971,3.211513,-0.551767,-2.739401,-0.000642,0.001050,0.186537
23.9500,3.610881,-0.000965,-3.588374,-0.000561,0.001057,0.201462,3.199422,-0.576886,-2.739258,-0.000513,0.001024,0.201504
24.0000,3.610787,-0.000981,-3.588386,-0.000522,0.001064,0.213969,3.191573,-0.593730,-2.739544,-0.000539,0.001011,0.211348
24.0520,3.610693,-0.000998,-3.588399,-0.000484,0.001071,0.226486,3.180116,-0.619144,-2.739362,-0.000520,0.001064,0.226527
24.1000,3.610601,-0.001017,-3.588411,-0.000448,0.001078,0.239012,3.172694,-0.636182,-2.739642,-0.000395,0.001056,0.236388
24.1500,3.610511,-0.001036,-3.588423,-0.000412,0.001085,0.251545,3.161880,-0.661879,-2.739427,-0.000312,0.000978,0.251414
24.2000,3.610421,-0.001057,-3.588435,-0.000377,0.001092,0.264082,3.154888,-0.679101,-2.739701,-0.000345,0.001189,0.261683
24.2500,3.610333,-0.001078,-3.588447,-0.000343,0.001099,0.276623,3.144730,-0.705068,-2.739459,-0.000337,0.001078,0.276523
24.3000,3.610245,-0.001101,-3.588458,-0.000310,0.001105,0.289166,3.138176,-0.722462,-2.739726,-0.000236,0.001068,0.286769
24.3500,3.610159,-0.001124,-3.588469,-0.000278,0.001111,0.301711,3.128675,-0.748680,-2.739465,-0.000231,0.001036,0.301607
24.4000,3.610074,-0.001148,-3.588480,-0.000248,0.001117,0.314257,3.122558,-0.766237,-2.739727,-0.000336,0.001250,0.311825
24.4500,3.609991,-0.001173,-3.588492,-0.000218,0.001122,0.326804,3.486733,-0.390311,-2.739466,-0.000132,0.001186,0.326788
24.5000,3.609908,-0.001199,-3.588503,-0.000190,0.001127,0.339351,3.490225,-0.394475,-2.739718,-0.000120,0.001200,0.336814
24.5500,3.609826,-0.001225,-3.588514,-0.000164,0.001132,0.351898,3.495543,-0.400655,-2.739431,-0.000080,0.000927,0.351768
24.6000,3.609746,-0.001252,-3.588524,-0.000138,0.001136,0.364446,3.499140,-0.404733,-2.739674,-0.000182,0.001102,0.361967
24.6500,3.609667,-0.001280,-3.588535,-0.000114,0.001140,0.376993,3.504613,-0.410784,-2.739384,-0.000222,0.001153,0.376945
24.7000,3.609589,-0.001309,-3.588546,-0.000091,0.001144,0.389540,3.508313,-0.414772,-2.739619,-0.000074,0.000955,0.387005
24.7500,3.609512,-0.001338,-3.588556,-0.000069,0.001148,0.402087,3.513934,-0.420686,-2.739330,-0.000055,0.001110,0.402099
24.8000,3.609437,-0.001368,-3.588567,-0.000048,0.001151,0.414634,3.517731,-0.424583,-2.739559,0.000010,0.001178,0.412253
24.8500,3.609362,-0.001399,-3.588577,-0.000028,0.001154,0.427180,3.523499,-0.430358,-2.739274,-0.000111,0.001082,0.427122
24.9000,3.609289,-0.001430,-3.588587,-0.000009,0.001157,0.439726,3.527393,-0.434158,-2.739496,0.000170,0.001087,0.437229
24.9500,3.609217,-0.001462,-3.588597,0.000009,0.001159,0.452272,3.533304,-0.439789,-2.739217,0.000091,0.001091,0.452182
25.0000,3.609145,-0.001494,-3.588607,0.000026,0.001162,0.464817,3.537293,-0.443495,-2.739435,-0.000104,0.001142,0.462225
25.0500,3.609076,-0.001527,-3.588617,0.000043,0.001164,0.477361,3.543344,-0.448981,-2.739163,0.000066,0.001144,0.477359
25.1000,3.609007,-0.001561,-3.588627,0.000059,0.001166,0.489906,3.547425,-0.452588,-2.739376,-0.000013,0.001288,0.487372
25.1500,3.608939,-0.001595,-3.588636,0.000074,0.001168,0.502450,3.553615,-0.457922,-2.739111,-0.000003,0.001326,0.502589
25.2000,3.608873,-0.001630,-3.588646,0.000088,0.001169,0.514993,3.557789,-0.461422,-2.739320,0.000160,0.001163,0.512426
25.2500,3.608807,-0.001665,-3.588656,0.000102,0.001171,0.527536,3.564114,-0.466595,-2.739064,0.000019,0.001269,0.527541
25.3000,3.608743,-0.001700,-3.588665,0.000115,0.001172,0.540079,3.568379,-0.469991,-2.739269,0.000064,0.001028,0.537643
25.3500,3.608680,-0.001736,-3.588674,0.000128,0.001173,0.552621,3.574835,-0.475003,-2.739021,0.000166,0.001098,0.552678
25.4020,3.608617,-0.001773,-3.588684,0.000140,0.001174,0.565163,3.579182,-0.478290,-2.739224,0.000276,0.001370,0.562656
25.4500,3.608556,-0.001810,-3.588693,0.000151,0.001175,0.577704,4.189382,-0.127149,-2.739040,0.000099,0.001257,0.577789
25.5000,3.608496,-0.001847,-3.588702,0.000163,0.001176,0.590245,4.209806,-0.116793,-2.739248,0.000097,0.001365,0.587891
25.5520,3.608438,-0.001885,-3.588711,0.000173,0.001176,0.602786,4.240246,-0.100871,-2.739009,-0.000003,0.001267,0.602849
25.6020,3.608380,-0.001923,-3.588720,0.000183,0.001177,0.615326,4.260407,-0.090003,-2.739213,0.000159,0.001352,0.612515
25.6500,3.608323,-0.001961,-3.588728,0.000193,0.001177,0.627866,4.290447,-0.073326,-2.738980,0.000024,0.001293,0.627707
25.7000,3.608267,-0.002000,-3.588737,0.000203,0.001178,0.640405,4.310333,-0.061957,-2.739182,0.000122,0.001271,0.638094
25.7500,3.608213,-0.002039,-3.588746,0.000212,0.001178,0.652944,4.339943,-0.044522,-2.738956,0.000302,0.001233,0.652970
25.8000,3.608159,-0.002078,-3.588754,0.000221,0.001178,0.665483,4.359539,-0.032654,-2.739155,0.000280,0.001152,0.663037
25.8500,3.608107,-0.002117,-3.588763,0.000229,0.001178,0.678021,4.388706,-0.014486,-2.738934,0.000209,0.001312,0.677844
25.9000,3.608055,-0.002157,-3.588771,0.000237,0.001178,0.690559,4.408004,-0.002137,-2.739134,0.000271,0.001177,0.688083
25.9500,3.608005,-0.002197,-3.588779,0.000245,0.001178,0.703096,4.436713,0.016752,-2.738920,0.000288,0.001255,0.703143
26.0000,3.607956,-0.002238,-3.588787,0.000253,0.001178,0.715634,4.455696,0.029583,-2.739120,0.000077,0.001180,0.713431
26.0500,3.607907,-0.002278,-3.588796,0.000260,0.001177,0.728170,4.483921,0.049194,-2.738909,0.000308,0.001201,0.728176
26.1020,3.607860,-0.002319,-3.588804,0.000267,0.001177,0.740707,4.502577,0.062499,-2.739108,0.000274,0.001164,0.738354
26.1500,3.607813,-0.002360,-3.588812,0.000274,0.001176,0.753243,4.530304,0.082810,-2.738900,0.000164,0.001250,0.753244
26.2000,3.607768,-0.002401,-3.588819,0.000281,0.001176,0.765778,4.548619,0.096580,-2.739100,0.000317,0.001220,0.763176
26.2500,3.607724,-0.002442,-3.588827,0.000288,0.001175,0.778314,4.575832,0.117576,-2.738901,0.000314,0.001191,0.778358
26.3000,3.607680,-0.002483,-3.588835,0.000294,0.001175,0.790849,4.593800,0.131802,-2.739099,0.000226,0.001337,0.788334
26.3500,3.607638,-0.002525,-3.588843,0.000300,0.001174,0.803383,4.620483,0.153476,-2.738904,0.000172,0.001133,0.803336
26.4000,3.607596,-0.002567,-3.588850,0.000306,0.001173,0.815917,4.638093,0.168147,-2.739100,0.000211,0.001170,0.813527
26.4500,3.607556,-0.002608,-3.588858,0.000312,0.001173,0.828451,3.489260,-0.688355,-2.738785,0.000274,0.001285,0.828568
26.5000,3.607516,-0.002650,-3.588865,0.000318,0.001172,0.840985,3.476375,-0.705184,-2.738977,0.000313,0.001218,0.838594
26.5500,3.607477,-0.002692,-3.588873,0.000323,0.001171,0.853518,3.457370,-0.730669,-2.738800,0.000554,0.001232,0.853587
26.6000,3.607440,-0.002734,-3.588880,0.000329,0.001170,0.866051,3.444917,-0.747815,-2.738993,0.000312,0.001068,0.863566
26.6500,3.607403,-0.002776,-3.588887,0.000334,0.001169,0.878584,3.426560,-0.773767,-2.738821,0.000391,0.001252,0.878746
26.7000,3.607367,-0.002818,-3.588894,0.000339,0.001168,0.891116,3.414542,-0.791220,-2.739015,0.000314,0.001336,0.888701
26.7500,3.607332,-0.002860,-3.588901,0.000344,0.001167,0.903648,3.396849,-0.817623,-2.738841,0.000376,0.001209,0.903585
26.8000,3.607298,-0.002902,-3.588908,0.000349,0.001166,0.916180,3.385277,-0.835371,-2.739039,0.000405,0.001035,0.913799
26.8500,3.607265,-0.002944,-3.588915,0.000354,0.001165,0.928711,3.368251,-0.862212,-2.738870,0.000231,0.001134,0.928614
26.9000,3.607232,-0.002986,-3.588922,0.000359,0.001164,0.941242,3.357123,-0.880246,-2.739071,0.000523,0.001066,0.938955
26.9500,3.607201,-0.003028,-3.588929,0.000363,0.001162,0.953773,3.340774,-0.907511,-2.738897,0.000350,0.001148,0.953835
27.0000,3.607170,-0.003070,-3.588936,0.000368,0.001161,0.966303,3.330106,-0.925823,-2.739098,0.000419,0.000980,0.963931
27.0500,3.607140,-0.003112,-3.588942,0.000373,0.001160,0.978833,3.314447,-0.953491,-2.738921,0.000598,0.001221,0.978930
27.1000,3.607111,-0.003154,-3.588949,0.000377,0.001159,0.991363,3.304242,-0.972064,-2.739123,0.000428,0.001103,0.988773
27.1500,3.607083,-0.003196,-3.588955,0.000381,0.001157,1.003893,3.289280,-1.000113,-2.738945,0.000257,0.001205,1.003946
27.2020,3.607056,-0.003238,-3.588962,0.000386,0.001156,1.016422,3.279543,-1.018936,-2.739148,0.000370,0.001278,1.013772
27.2500,3.607029,-0.003280,-3.588968,0.000390,0.001155,1.028951,3.265290,-1.047348,-2.738966,0.000463,0.001278,1.028880
27.3000,3.607004,-0.003322,-3.588975,0.000394,0.001153,1.041479,3.256029,-1.066405,-2.739169,0.000420,0.001203,1.038871
27.3500,3.606979,-0.003363,-3.588981,0.000398,0.001152,1.054008,3.242501,-1.095164,-2.738986,0.000401,0.001140,1.054206
27.4000,3.606955,-0.003405,-3.588987,0.000402,0.001151,1.066536,3.233727,-1.114447,-2.739192,0.000406,0.001093,1.063988
27.4500,3.606931,-0.003446,-3.588993,0.000406,0.001149,1.079064,3.547351,-0.109857,-2.739077,0.000323,0.001111,1.079113
27.5000,3.606909,-0.003487,-3.588999,0.000410,0.001148,1.091591,3.543360,-0.097204,-2.739288,0.000320,0.001199,1.089155
27.5500,3.606887,-0.003528,-3.589006,0.000414,0.001146,1.104118,3.537135,-0.078300,-2.739094,0.000223,0.001067,1.104011
27.6000,3.606866,-0.003569,-3.589012,0.000418,0.001145,1.116645,3.532829,-0.065748,-2.739304,0.000485,0.001110,1.114098
27.6500,3.606845,-0.003610,-3.589017,0.000421,0.001143,1.129172,3.526132,-0.047005,-2.739107,0.000587,0.001190,1.129087
27.7020,3.606826,-0.003651,-3.589023,0.000425,0.001142,1.141699,3.521513,-0.034567,-2.739316,0.000452,0.001071,1.139154
27.7500,3.606807,-0.003691,-3.589029,0.000429,0.001140,1.154225,3.514349,-0.016001,-2.739118,0.000585,0.001243,1.154101
27.8000,3.606789,-0.003731,-3.589035,0.000432,0.001138,1.166751,3.509421,-0.003684,-2.739327,0.000465,0.001078,1.164414
27.8500,3.606771,-0.003771,-3.589041,0.000436,0.001137,1.179277,3.501796,0.014698,-2.739129,0.000367,0.001130,1.179312
27.9000,3.606754,-0.003811,-3.589046,0.000439,0.001135,1.191802,3.496560,0.026887,-2.739338,0.000313,0.001030,1.189282
27.9500,3.606738,-0.003851,-3.589052,0.000443,0.001134,1.204327,3.488476,0.045071,-2.739141,0.000381,0.001224,1.204309
28.0000,3.606723,-0.003891,-3.589057,0.000446,0.001132,1.216852,3.482933,0.057126,-2.739349,0.000614,0.001096,1.214400
28.0500,3.606708,-0.003930,-3.589063,0.000450,0.001130,1.229377,3.474396,0.075102,-2.739150,0.000442,0.001200,1.229335
28.1020,3.606694,-0.003969,-3.589068,0.000453,0.001129,1.241901,3.468558,0.087015,-2.739358,0.000380,0.001024,1.239375
28.1500,3.606680,-0.004008,-3.589074,0.000457,0.001127,1.254425,3.459577,0.104771,-2.739159,0.000533,0.001132,1.254500
28.2000,3.606667,-0.004047,-3.589079,0.000460,0.001125,1.266949,3.453444,0.116534,-2.739368,0.000506,0.001194,1.264380
28.2500,3.606655,-0.004085,-3.589084,0.000463,0.001123,1.279473,3.444025,0.134062,-2.739169,0.000385,0.001059,1.279395
28.3000,3.606643,-0.004123,-3.589089,0.000467,0.001122,1.291997,3.437599,0.145668,-2.739376,0.000453,0.001105,1.289524
28.3500,3.606632,-0.004161,-3.589095,0.000470,0.001120,1.304520,3.427739,0.162952,-2.739180,0.000532,0.001317,1.304561
28.4000,3.606622,-0.004199,-3.589100,0.000473,0.001118,1.317043,3.421023,0.174395,-2.739387,0.000716,0.001343,1.314587
28.4500,3.606612,-0.004236,-3.589105,0.000476,0.001116,1.329566,3.537979,0.314402,-2.739203,0.000672,0.001241,1.329470
28.5000,3.606603,-0.004274,-3.589110,0.000480,0.001115,1.342088,3.534103,0.329954,-2.739409,0.000635,0.001171,1.339661
28.5500,3.606594,-0.004311,-3.589115,0.000483,0.001113,1.354611,3.528002,0.353206,-2.739210,0.000381,0.001155,1.354578
28.6000,3.606586,-0.004347,-3.589120,0.000486,0.001111,1.367133,3.523738,0.368656,-2.739416,0.000630,0.001298,1.364456
28.6500,3.606578,-0.004384,-3.589125,0.000489,0.001109,1.379655,3.517057,0.391749,-2.739218,0.000416,0.000954,1.379634
28.7000,3.606571,-0.004420,-3.589129,0.000492,0.001107,1.392176,3.512412,0.407087,-2.739423,0.000438,0.001107,1.389675
28.7520,3.606565,-0.004456,-3.589134,0.000495,0.001105,1.404698,3.505154,0.430003,-2.739225,0.000313,0.001227,1.404722
28.8000,3.606559,-0.004491,-3.589139,0.000498,0.001104,1.417219,3.500125,0.445220,-2.739434,0.000544,0.001154,1.414657
28.8500,3.606553,-0.004527,-3.589144,0.000501,0.001102,1.429740,3.492296,0.467952,-2.739236,0.000614,0.001085,1.429707
28.9000,3.606548,-0.004562,-3.589148,0.000504,0.001100,1.442261,3.486888,0.483040,-2.739442,0.000464,0.001007,1.439710
28.9500,3.606544,-0.004596,-3.589153,0.000507,0.001098,1.454782,3.478495,0.505569,-2.739244,0.000606,0.001207,1.454665
29.0000,3.606540,-0.004631,-3.589157,0.000510,0.001096,1.467302,3.472713,0.520520,-2.739452,0.000410,0.001206,1.464828
29.0500,3.606536,-0.004665,-3.589162,0.000513,0.001094,1.479822,3.463757,0.542836,-2.739255,0.000519,0.001076,1.479929
29.1000,3.606533,-0.004699,-3.589166,0.000516,0.001092,1.492343,3.457601,0.557639,-2.739461,0.000491,0.001041,1.489983
29.1500,3.606530,-0.004732,-3.589171,0.000519,0.001090,1.504862,3.448088,0.579724,-2.739262,0.000628,0.001286,1.504901
29.2000,3.606528,-0.004765,-3.589175,0.000522,0.001088,1.517382,3.441566,0.594368,-2.739468,0.000577,0.000925,1.514957
29.2520,3.606526,-0.004798,-3.589180,0.000525,0.001086,1.529901,3.431508,0.616209,-2.739271,0.000632,0.001024,1.530057
29.3000,3.606524,-0.004831,-3.589177,0.000547,0.001080,1.542006,3.424621,0.630685,-2.739471,0.000470,0.000974,1.539837
29.3500,3.606519,-0.004869,-3.589230,0.000740,0.001072,1.550739,3.414041,0.652272,-2.739288,0.000675,0.001003,1.550839
29.4000,3.606511,-0.004915,-3.589291,0.001004,0.001001,1.556360,3.406868,0.666599,-2.739546,0.000836,0.001059,1.555457
29.4500,3.606488,-0.004971,-3.589255,0.001081,0.000776,1.561473,3.821829,-0.125399,-2.739355,0.000993,0.000695,1.561353
29.5000,3.606458,-0.005023,-3.589156,0.001069,0.000592,1.565845,3.830812,-0.133253,-2.739499,0.001030,0.000648,1.564948
29.5500,3.606434,-0.005070,-3.589048,0.001129,0.000511,1.568862,3.844337,-0.144974,-2.739276,0.001082,0.000424,1.568995
29.6000,3.606436,-0.005115,-3.588966,0.001218,0.000457,1.570859,3.853389,-0.152759,-2.739421,0.001244,0.000515,1.570496
29.6500,3.606481,-0.005154,-3.588922,0.001238,0.000391,1.572481,3.867042,-0.164406,-2.739267,0.001197,0.000355,1.572338
29.7000,3.606543,-0.005187,-3.588912,0.001221,0.000341,1.573727,3.876179,-0.172153,-2.739476,0.001336,0.000574,1.573379
29.7500,3.606598,-0.005218,-3.588925,0.001225,0.000320,1.574503,3.889900,-0.183751,-2.739397,0.001221,0.000221,1.574589
29.8000,3.606630,-0.005252,-3.588946,0.001231,0.000310,1.574935,3.899041,-0.191477,-2.739643,0.001144,0.000272,1.574918
29.8500,3.606638,-0.005288,-3.588967,0.001211,0.000302,1.575189,3.912725,-0.203065,-2.739562,0.001290,0.000239,1.575303
29.9000,3.606629,-0.005327,-3.588983,0.001175,0.000300,1.575293,3.921834,-0.210790,-2.739808,0.001032,0.000241,1.575227
29.9500,3.606614,-0.005366,-3.588993,0.001140,0.000307,1.575248,3.935483,-0.222378,-2.739696,0.001262,0.000362,1.575251
30.0000,3.606601,-0.005405,-3.588999,0.001106,0.000318,1.575095,3.944583,-0.230104,-2.739934,0.001243,0.000278,1.575233
30.0500,3.606594,-0.005442,-3.589003,0.001065,0.000330,1.574876,3.958237,-0.241691,-2.739792,0.001009,0.000332,1.574904
30.1000,3.606592,-0.005479,-3.589007,0.001021,0.000344,1.574605,3.967341,-0.249419,-2.740026,0.001177,0.000443,1.574786
30.1500,3.606592,-0.005515,-3.589011,0.000976,0.000359,1.574289,3.980997,-0.261012,-2.739865,0.000982,0.000175,1.574244
30.2000,3.606593,-0.005550,-3.589016,0.000931,0.000376,1.573940,3.990102,-0.268744,-2.740101,0.000895,0.000429,1.573853
30.2500,3.606593,-0.005585,-3.589022,0.000885,0.000393,1.573571,4.003752,-0.280345,-2.739924,0.000744,0.000452,1.573391
30.3020,3.606584,-0.005318,-3.589018,0.000837,0.000274,1.573114,4.012846,-0.288039,-2.740152,0.000892,0.000411,1.573212
30.3500,3.606543,-0.002345,-3.589053,0.000777,0.000014,1.572459,4.026448,-0.297459,-2.740106,0.000717,0.000063,1.572454
30.4000,3.606485,0.005552,-3.589124,0.000712,-0.000041,1.571795,4.035494,-0.300264,-2.740393,0.000795,-0.000037,1.571723
30.4500,3.606430,0.018249,-3.589196,0.000653,0.000071,1.571243,2.965841,0.506933,-2.740287,0.000755,0.000085,1.571378
30.5020,3.606391,0.034020,-3.589251,0.000605,0.000157,1.570747,2.941946,0.534226,-2.740574,0.000734,0.000166,1.570819
30.5500,3.606363,0.050783,-3.589253,0.000556,0.000079,1.570244,2.906145,0.577075,-2.740498,0.000513,0.000266,1.570180
30.6020,3.606335,0.067420,-3.589185,0.000495,-0.000067,1.569752,2.882292,0.605765,-2.740700,0.000487,0.000057,1.569911
30.6500,3.606314,0.083648,-3.589090,0.000437,-0.000075,1.569291,2.846537,0.648421,-2.740513,0.000470,-0.000159,1.569305
30.7000,3.606306,0.099327,-3.589009,0.000398,-0.000015,1.568846,2.822722,0.676448,-2.740684,0.000568,-0.000085,1.569005
30.7500,3.606315,0.114554,-3.588962,0.000373,0.000022,1.568408,2.787037,0.717906,-2.740484,0.000572,0.000054,1.568681
30.8000,3.606339,0.129547,-3.588949,0.000348,0.000057,1.567985,2.763274,0.745301,-2.740710,0.000221,0.000049,1.568075
30.8500,3.606365,0.144434,-3.588958,0.000320,0.000113,1.567568,2.727655,0.786254,-2.740547,0.000433,0.000015,1.567587
30.9000,3.606398,0.159303,-3.588979,0.000300,0.000178,1.567163,2.703926,0.813522,-2.740806,0.000264,0.000266,1.567317
30.9500,3.606440,0.174228,-3.589001,0.000286,0.000250,1.566769,2.668355,0.854479,-2.740616,0.000244,0.000300,1.566496
31.0000,3.606490,0.189239,-3.589018,0.000275,0.000329,1.566382,2.644662,0.881861,-2.740880,0.000360,0.000233,1.566275
31.0500,3.606547,0.204321,-3.589032,0.000265,0.000413,1.566002,2.609142,0.923034,-2.740624,0.000166,0.000219,1.566089
31.1000,3.606611,0.219446,-3.589041,0.000258,0.000498,1.565627,2.585478,0.950534,-2.740876,0.000265,0.000604,1.565598
31.1500,3.606680,0.234583,-3.589050,0.000253,0.000581,1.565257,2.550008,0.991824,-2.740571,0.000405,0.000465,1.565436
31.2000,3.606755,0.249714,-3.589059,0.000249,0.000662,1.564892,2.526372,1.019355,-2.740816,0.000292,0.000592,1.564968
31.2500,3.606835,0.264831,-3.589070,0.000246,0.000741,1.564531,2.490945,1.060648,-2.740476,0.000377,0.000821,1.564451
31.3000,3.606921,0.279934,-3.589084,0.000243,0.000818,1.564174,2.467343,1.088176,-2.740721,0.000330,0.000743,1.564350
31.3500,3.607013,0.295027,-3.589099,0.000241,0.000892,1.563821,2.431961,1.129459,-2.740358,0.000163,0.000881,1.563929
31.4000,3.607110,0.310115,-3.589116,0.000239,0.000963,1.563472,2.408385,1.156983,-2.740601,0.000494,0.000955,1.563411
31.4520,3.607212,0.325202,-3.589135,0.000237,0.001031,1.563126,3.352006,0.783293,-2.740165,0.000226,0.001124,1.562990
31.5000,3.607320,0.340290,-3.589155,0.000235,0.001097,1.562784,3.357565,0.798528,-2.740388,0.000169,0.001102,1.562783
31.5520,3.607434,0.355379,-3.589175,0.000233,0.001160,1.562446,3.365915,0.821379,-2.740012,0.000200,0.000906,1.562403
31.6000,3.607553,0.370470,-3.589197,0.000231,0.001220,1.562111,3.371490,0.836611,-2.740226,0.000155,0.001120,1.562170
31.6500,3.607677,0.385560,-3.589219,0.000229,0.001277,1.561779,3.379866,0.859456,-2.739854,0.000122,0.001173,1.561918
31.7000,3.607806,0.400650,-3.589242,0.000226,0.001332,1.561451,3.385459,0.874682,-2.740060,0.000163,0.001369,1.561654
31.7500,3.607941,0.415738,-3.589266,0.000223,0.001383,1.561126,3.393861,0.897514,-2.739699,0.000172,0.001408,1.560950
31.8020,3.608080,0.430825,-3.589291,0.000220,0.001433,1.560804,3.399475,0.912732,-2.739900,0.000127,0.001586,1.560884
31.8500,3.608225,0.445911,-3.589317,0.000217,0.001479,1.560485,3.407905,0.935553,-2.739553,0.000204,0.001382,1.560365
31.9000,3.608375,0.460995,-3.589343,0.000213,0.001524,1.560169,3.413535,0.950765,-2.739749,0.000215,0.001333,1.560297
31.9500,3.608529,0.476079,-3.589371,0.000209,0.001566,1.559856,3.421989,0.973574,-2.739415,0.000109,0.001617,1.559961
32.0000,3.608689,0.491161,-3.589398,0.000205,0.001606,1.559546,3.427632,0.988780,-2.739611,0.000228,0.001467,1.559687
32.0500,3.608853,0.506243,-3.589427,0.000201,0.001644,1.559240,3.436112,1.011582,-2.739295,0.000198,0.001713,1.559294
32.1000,3.609022,0.521324,-3.589456,0.000197,0.001680,1.558936,3.441775,1.026783,-2.739487,0.000193,0.001774,1.558968
32.1500,3.609196,0.536404,-3.589486,0.000193,0.001714,1.558635,3.450280,1.049580,-2.739190,0.000217,0.001948,1.558678
32.2000,3.609375,0.551484,-3.589516,0.000189,0.001746,1.558338,3.455961,1.064780,-2.739382,0.000166,0.001778,1.558419
32.2500,3.609558,0.566562,-3.589547,0.000184,0.001776,1.558043,3.464496,1.087573,-2.739103,0.000029,0.001932,1.558195
32.3020,3.609746,0.581640,-3.589578,0.000180,0.001805,1.557751,3.470192,1.102773,-2.739292,0.000125,0.001849,1.557882
32.3500,3.609939,0.596716,-3.589609,0.000175,0.001832,1.557461,3.478749,1.125563,-2.739029,0.000197,0.001829,1.557595
32.4000,3.610136,0.611792,-3.589641,0.000171,0.001858,1.557175,3.484461,1.140759,-2.739216,0.000062,0.001784,1.557319
32.4500,3.610337,0.626867,-3.589674,0.000166,0.001883,1.556892,3.547086,1.256694,-2.738990,0.000202,0.001757,1.556778
32.5000,3.610543,0.641941,-3.589707,0.000162,0.001906,1.556611,3.554431,1.274646,-2.739179,0.000277,0.001974,1.556791
32.5500,3.610753,0.657015,-3.589740,0.000158,0.001927,1.556333,3.565458,1.301571,-2.738947,0.000168,0.001913,1.556373
32.6000,3.610968,0.672087,-3.589773,0.000153,0.001948,1.556058,3.572819,1.319518,-2.739137,0.000225,0.001901,1.556031
32.6500,3.611187,0.687159,-3.589807,0.000149,0.001967,1.555785,3.583876,1.346432,-2.738919,0.000079,0.001975,1.555773
32.7000,3.611410,0.702230,-3.589841,0.000145,0.001985,1.555515,3.591252,1.364373,-2.739109,0.000212,0.001908,1.555706
32.7500,3.611637,0.717300,-3.589876,0.000141,0.002002,1.555248,3.602329,1.391278,-2.738906,0.000155,0.002021,1.555259
32.8000,3.611869,0.732369,-3.589910,0.000137,0.002018,1.554983,3.609720,1.409216,-2.739099,0.000252,0.001994,1.554926
32.8500,3.612104,0.747438,-3.589945,0.000133,0.002034,1.554721,3.620822,1.436114,-2.738906,0.000160,0.001871,1.554749
32.9000,3.612344,0.762506,-3.589980,0.000129,0.002048,1.554462,3.628230,1.454044,-2.739100,0.000243,0.001864,1.554492
32.9500,3.612588,0.777573,-3.590015,0.000125,0.002061,1.554205,3.639358,1.480930,-2.738916,0.000304,0.002135,1.554250
33.0000,3.612836,0.792639,-3.590051,0.000121,0.002074,1.553951,3.646786,1.498851,-2.739114,0.000301,0.002018,1.554067
33.0500,3.613087,0.807705,-3.590086,0.000117,0.002085,1.553700,3.657942,1.525726,-2.738940,0.000140,0.002249,1.553787
33.1000,3.613343,0.822770,-3.590122,0.000114,0.002097,1.553450,3.665389,1.543641,-2.739142,0.000090,0.002214,1.553349
33.1500,3.613603,0.837834,-3.590158,0.000111,0.002107,1.553204,3.676569,1.570509,-2.738979,0.000176,0.002025,1.553086
33.2000,3.613866,0.852897,-3.590194,0.000107,0.002116,1.552959,3.684032,1.588422,-2.739180,-0.000001,0.002125,1.552966
33.2500,3.614133,0.867960,-3.590230,0.000104,0.002125,1.552718,3.695233,1.615284,-2.739020,0.000026,0.002198,1.552731
33.3000,3.614404,0.883022,-3.590267,0.000101,0.002134,1.552478,3.702708,1.633191,-2.739225,0.000331,0.002079,1.552505
33.3500,3.614679,0.898083,-3.590303,0.000098,0.002142,1.552241,3.713929,1.660046,-2.739071,0.000222,0.002066,1.552251
33.4000,3.614957,0.913143,-3.590339,0.000095,0.002149,1.552007,3.721420,1.677949,-2.739280,0.000254,0.002130,1.552140
33.4500,3.615239,0.928203,-3.590376,0.000092,0.002156,1.551775,3.404728,1.229534,-2.739042,0.000003,0.002093,1.551889
33.5000,3.615524,0.943262,-3.590413,0.000090,0.002162,1.551545,3.402432,1.233331,-2.739244,0.000057,0.002171,1.551566
33.5520,3.615813,0.958321,-3.590449,0.000087,0.002168,1.551317,3.398992,1.239025,-2.739109,-0.000073,0.002176,1.551258
33.6000,3.616106,0.973378,-3.590486,0.000085,0.002173,1.551092,3.396702,1.242822,-2.739316,0.000106,0.002217,1.551225
33.6500,3.616402,0.988436,-3.590523,0.000082,0.002178,1.550869,3.393271,1.248516,-2.739183,0.000091,0.002336,1.550823
33.7000,3.616701,1.003492,-3.590560,0.000080,0.002183,1.550648,3.390989,1.252315,-2.739393,-0.000046,0.002096,1.550892
33.7500,3.617004,1.018548,-3.590597,0.000078,0.002187,1.550429,3.387568,1.258009,-2.739261,0.000090,0.002135,1.550552
33.8000,3.617311,1.033603,-3.590634,0.000076,0.002191,1.550213,3.385290,1.261805,-2.739473,0.000132,0.002149,1.550272
33.8500,3.617620,1.048657,-3.590671,0.000074,0.002194,1.549999,3.381879,1.267497,-2.739342,-0.000003,0.002166,1.549936
33.9000,3.617933,1.063711,-3.590708,0.000072,0.002197,1.549787,3.379610,1.271293,-2.739557,0.000211,0.002186,1.549762
33.9500,3.618250,1.078764,-3.590745,0.000070,0.002200,1.549577,3.376213,1.276985,-2.739425,0.000017,0.002165,1.549554
34.0000,3.618569,1.093817,-3.590782,0.000068,0.002203,1.549369,3.373951,1.280781,-2.739644,0.000032,0.002145,1.549573
34.0500,3.618892,1.108869,-3.590819,0.000067,0.002205,1.549163,3.370561,1.286472,-2.739511,0.000252,0.002286,1.549220
34.1000,3.619218,1.123920,-3.590856,0.000065,0.002207,1.548960,3.368307,1.290268,-2.739731,0.000074,0.002236,1.549058
34.1520,3.619547,1.138971,-3.590893,0.000063,0.002209,1.548758,3.364930,1.295960,-2.739597,0.000221,0.002247,1.548853
34.2000,3.619879,1.154021,-3.590930,0.000062,0.002211,1.548558,3.362683,1.299757,-2.739820,0.000084,0.002229,1.548660
34.2500,3.620214,1.169071,-3.590967,0.000061,0.002212,1.548361,3.359317,1.305452,-2.739685,-0.000040,0.002214,1.548460
34.3000,3.620553,1.184120,-3.591004,0.000059,0.002213,1.548165,3.357074,1.309252,-2.739909,0.000006,0.002226,1.548192
34.3520,3.620894,1.199168,-3.591041,0.000058,0.002214,1.547972,3.353714,1.314946,-2.739772,0.000129,0.002190,1.547886
34.4000,3.621238,1.214216,-3.591078,0.000057,0.002215,1.547780,3.351477,1.318745,-2.739998,0.000147,0.002412,1.547864
34.4500,3.621585,1.229263,-3.591115,0.000056,0.002216,1.547591,3.392882,1.224191,-2.739843,0.000112,0.002260,1.547548
34.5000,3.621935,1.244310,-3.591152,0.000055,0.002216,1.547403,3.391975,1.225009,-2.740070,0.000006,0.002287,1.547254
34.5500,3.622288,1.259356,-3.591189,0.000054,0.002216,1.547217,3.390618,1.226238,-2.739932,0.000073,0.002194,1.547170
34.6000,3.622644,1.274401,-3.591226,0.000053,0.002217,1.547033,3.389715,1.227057,-2.740159,0.000049,0.002305,1.547205
34.6500,3.623003,1.289446,-3.591263,0.000052,0.002217,1.546851,3.388363,1.228283,-2.740019,0.000018,0.002295,1.546767
34.7000,3.623364,1.304490,-3.591300,0.000051,0.002216,1.546671,3.387465,1.229103,-2.740248,-0.000038,0.002240,1.546971
34.7500,3.623729,1.319534,-3.591337,0.000050,0.002216,1.546492,3.386121,1.230331,-2.740106,0.000067,0.002426,1.546491
34.8000,3.624096,1.334577,-3.591373,0.000050,0.002216,1.546316,3.385228,1.231152,-2.740336,-0.000114,0.002301,1.546305
34.8500,3.624465,1.349620,-3.591410,0.000049,0.002215,1.546141,3.383888,1.232382,-2.740192,-0.000075,0.002109,1.546136
34.9000,3.624838,1.364662,-3.591447,0.000048,0.002215,1.545968,3.382995,1.233202,-2.740423,-0.000133,0.002338,1.545981
34.9500,3.625213,1.379704,-3.591484,0.000048,0.002214,1.545797,3.381657,1.234431,-2.740278,0.000025,0.002259,1.545814
35.0000,3.625590,1.394745,-3.591520,0.000047,0.002214,1.545627,3.380766,1.235252,-2.740509,0.000146,0.002246,1.545708
35.0500,3.625971,1.409786,-3.591557,0.000047,0.002213,1.545459,3.379433,1.236481,-2.740362,-0.000077,0.002282,1.545388
35.1000,3.626354,1.424826,-3.591593,0.000046,0.002212,1.545293,3.378547,1.237303,-2.740594,0.000052,0.002260,1.545191
35.1500,3.626739,1.439866,-3.591630,0.000046,0.002211,1.545129,3.377220,1.238534,-2.740446,-0.000073,0.002377,1.545006
35.2000,3.627127,1.454905,-3.591666,0.000045,0.002210,1.544966,3.376337,1.239357,-2.740678,0.000008,0.002245,1.545145
35.2500,3.627517,1.469943,-3.591703,0.000045,0.002209,1.544805,3.375014,1.240589,-2.740529,0.000152,0.002226,1.544714
35.3000,3.627910,1.484981,-3.591739,0.000044,0.002208,1.544646,3.374135,1.241413,-2.740761,0.000070,0.002249,1.544762
35.3500,3.628305,1.500019,-3.591775,0.000044,0.002207,1.544488,3.372819,1.242645,-2.740610,0.000059,0.002093,1.544401
35.4020,3.628703,1.515056,-3.591812,0.000044,0.002205,1.544332,3.371945,1.243467,-2.740843,-0.000017,0.002123,1.544396
35.4500,3.629103,1.530093,-3.591848,0.000043,0.002204,1.544177,3.397267,1.209143,-2.740686,0.000129,0.002296,1.544127
35.5020,3.629506,1.545129,-3.591884,0.000043,0.002203,1.544024,3.397186,1.208905,-2.740919,-0.000007,0.002321,1.544077
35.5500,3.629910,1.560165,-3.591920,0.000043,0.002202,1.543872,3.397066,1.208547,-2.740767,0.000066,0.002264,1.543964
35.6000,3.630317,1.575200,-3.591956,0.000043,0.002200,1.543722,3.396988,1.208309,-2.740999,0.000139,0.002112,1.543603
35.6500,3.630727,1.590235,-3.591992,0.000043,0.002199,1.543574,3.396876,1.207948,-2.740846,0.000051,0.002137,1.543656
35.7000,3.631139,1.605269,-3.592028,0.000042,0.002197,1.543427,3.396804,1.207709,-2.741079,-0.000051,0.002236,1.543346
35.7520,3.631552,1.620303,-3.592064,0.000042,0.002196,1.543282,3.396699,1.207347,-2.740926,0.000117,0.002272,1.543280
35.8020,3.631969,1.635336,-3.592100,0.000042,0.002194,1.543138,3.396631,1.207106,-2.741159,-0.000110,0.002363,1.543149
35.8500,3.632387,1.650369,-3.592136,0.000042,0.002193,1.542995,3.396530,1.206745,-2.741004,-0.000100,0.002286,1.543076
35.9000,3.632807,1.665402,-3.592172,0.000042,0.002191,1.542854,3.396464,1.206506,-2.741237,-0.000128,0.001976,1.542725
35.9500,3.633230,1.680434,-3.592208,0.000042,0.002190,1.542715,3.396365,1.206141,-2.741082,-0.000023,0.002106,1.542671
36.0000,3.633655,1.695465,-3.592243,0.000042,0.002188,1.542576,3.396299,1.205897,-2.741315,-0.000078,0.002337,1.542528
36.0500,3.634081,1.710497,-3.592279,0.000042,0.002187,1.542440,3.396203,1.205531,-2.741159,0.000123,0.002207,1.542308
36.1000,3.634510,1.725527,-3.592314,0.000042,0.002185,1.542304,3.396143,1.205288,-2.741392,-0.000032,0.002269,1.542393
36.1500,3.634941,1.740558,-3.592350,0.000042,0.002183,1.542170,3.396056,1.204924,-2.741236,-0.000007,0.001998,1.542059
36.2000,3.635374,1.755588,-3.592385,0.000042,0.002182,1.542038,3.396000,1.204683,-2.741469,0.000243,0.002199,1.542058
36.2500,3.635809,1.770617,-3.592421,0.000042,0.002180,1.541906,3.395919,1.204318,-2.741313,0.000226,0.002273,1.541856
36.3000,3.636246,1.785646,-3.592456,0.000042,0.002178,1.541776,3.395868,1.204078,-2.741545,0.000095,0.002223,1.541916
36.3520,3.636685,1.800675,-3.592492,0.000042,0.002177,1.541648,3.395794,1.203714,-2.741388,0.000143,0.002144,1.541645
36.4020,3.637126,1.815704,-3.592527,0.000042,0.002175,1.541520,3.395748,1.203474,-2.741621,0.000304,0.002237,1.541661
36.4500,3.637569,1.830731,-3.592562,0.000042,0.002173,1.541394,3.401950,1.201447,-2.741464,0.000132,0.002191,1.541375
36.5000,3.638014,1.845759,-3.592597,0.000042,0.002172,1.541270,3.402095,1.201156,-2.741696,0.000093,0.001986,1.541357
36.5500,3.638461,1.860786,-3.592632,0.000042,0.002170,1.541146,3.402314,1.200717,-2.741539,0.000162,0.002240,1.541178
36.6000,3.638909,1.875813,-3.592667,0.000042,0.002168,1.541024,3.402462,1.200425,-2.741771,0.000134,0.002081,1.541109
36.6500,3.639360,1.890839,-3.592702,0.000042,0.002167,1.540903,3.402685,1.199985,-2.741613,0.000099,0.002254,1.540805
36.7000,3.639812,1.905865,-3.592737,0.000042,0.002165,1.540783,3.402836,1.199694,-2.741846,-0.000021,0.002087,1.540738
36.7500,3.640266,1.920891,-3.592772,0.000042,0.002163,1.540665,3.403061,1.199255,-2.741688,0.000010,0.002101,1.540707
36.8000,3.640722,1.935916,-3.592807,0.000043,0.002162,1.540547,3.403211,1.198964,-2.741920,0.000047,0.002255,1.540610
36.8500,3.641180,1.950941,-3.592842,0.000043,0.002160,1.540431,3.403436,1.198527,-2.741762,-0.000013,0.002049,1.540412
36.9000,3.641639,1.965965,-3.592877,0.000043,0.002159,1.540316,3.403587,1.198237,-2.741994,0.000049,0.002172,1.540279
36.9500,3.642100,1.980989,-3.592912,0.000043,0.002157,1.540203,3.403815,1.197796,-2.741836,0.000062,0.002194,1.540197
37.0020,3.642563,1.996013,-3.592946,0.000043,0.002155,1.540090,3.403969,1.197506,-2.742068,0.000072,0.002050,1.540076
37.0520,3.643027,2.011037,-3.592981,0.000043,0.002154,1.539979,3.404200,1.197065,-2.741909,0.000165,0.002181,1.539934
37.1000,3.643494,2.026060,-3.593015,0.000043,0.002152,1.539868,3.404357,1.196774,-2.742141,0.000037,0.002262,1.539797
37.1500,3.643961,2.041082,-3.593050,0.000043,0.002150,1.539759,3.404592,1.196334,-2.741982,0.000007,0.002234,1.539678
37.2000,3.644431,2.056105,-3.593084,0.000044,0.002149,1.539651,3.404748,1.196044,-2.742214,-0.000053,0.002045,1.539699
37.2500,3.644902,2.071127,-3.593119,0.000044,0.002147,1.539544,3.404984,1.195603,-2.742055,0.000071,0.002255,1.539566
37.3000,3.645375,2.086148,-3.593153,0.000044,0.002146,1.539438,3.405143,1.195313,-2.742287,0.000057,0.002105,1.539420
37.3500,3.645849,2.101170,-3.593188,0.000044,0.002144,1.539333,3.405381,1.194873,-2.742128,0.000026,0.002301,1.539374
37.4000,3.646325,2.116191,-3.593222,0.000044,0.002142,1.539230,3.405541,1.194582,-2.742360,-0.000109,0.002275,1.539316
37.4500,3.646803,2.131211,-3.593256,0.000044,0.002141,1.539127,3.403806,1.199831,-2.742202,-0.000047,0.001975,1.539094
37.5000,3.647282,2.146232,-3.593290,0.000044,0.002139,1.539025,3.403908,1.199706,-2.742433,0.000061,0.002122,1.539126
37.5500,3.647762,2.161252,-3.593325,0.000045,0.002138,1.538925,3.404064,1.199516,-2.742274,-0.000051,0.002226,1.538855
37.6000,3.648245,2.176272,-3.593359,0.000045,0.002136,1.538825,3.404169,1.199390,-2.742505,-0.000177,0.002200,1.538805
37.6500,3.648728,2.191291,-3.593393,0.000045,0.002135,1.538727,3.404325,1.199201,-2.742346,-0.000035,0.002207,1.538696
37.7000,3.649213,2.206310,-3.593427,0.000045,0.002133,1.538629,3.404429,1.199075,-2.742577,-0.000092,0.002201,1.538658
37.7500,3.649700,2.221329,-3.593461,0.000045,0.002132,1.538533,3.404584,1.198886,-2.742417,0.000039,0.001920,1.538432
37.8000,3.650188,2.236347,-3.593495,0.000045,0.002130,1.538437,3.404688,1.198759,-2.742649,-0.000006,0.002190,1.538341
37.8500,3.650677,2.251365,-3.593529,0.000046,0.002129,1.538342,3.404845,1.198566,-2.742489,0.000071,0.002213,1.538467
37.9000,3.651168,2.266383,-3.593563,0.000046,0.002127,1.538249,3.404951,1.198438,-2.742720,0.000147,0.002274,1.538311
37.9500,3.651660,2.281401,-3.593596,0.000046,0.002126,1.538156,3.405112,1.198246,-2.742560,-0.000002,0.002207,1.538211
38.0000,3.652154,2.296418,-3.593630,0.000046,0.002124,1.538064,3.405220,1.198120,-2.742791,0.000184,0.002140,1.537996
38.0500,3.652649,2.311435,-3.593664,0.000046,0.002123,1.537974,3.405385,1.197928,-2.742631,0.000214,0.002005,1.538096
38.1000,3.653145,2.326452,-3.593698,0.000046,0.002121,1.537884,3.405498,1.197800,-2.742862,-0.000002,0.002175,1.537977
38.1500,3.653643,2.341468,-3.593731,0.000047,0.002120,1.537795,3.405668,1.197606,-2.742702,0.000059,0.002032,1.537765
38.2000,3.654142,2.356484,-3.593765,0.000047,0.002118,1.537707,3.405781,1.197477,-2.742933,0.000209,0.002127,1.537567
38.2500,3.654643,2.371500,-3.593799,0.000047,0.002117,1.537619,3.405956,1.197279,-2.742773,0.000024,0.002059,1.537402
38.3000,3.655144,2.386515,-3.593832,0.000047,0.002116,1.537533,3.406075,1.197149,-2.743004,0.000065,0.002034,1.537483
38.3500,3.655647,2.401530,-3.593866,0.000047,0.002114,1.537448,3.406252,1.196948,-2.742843,0.000081,0.001958,1.537380
38.4000,3.656152,2.416545,-3.593899,0.000048,0.002113,1.537363,3.406371,1.196817,-2.743074,0.000019,0.002179,1.537388
38.4500,3.656657,2.431560,-3.593933,0.000048,0.002112,1.537280,3.403933,1.200313,-2.742914,-0.000179,0.002190,1.537111
38.5000,3.657164,2.446575,-3.593966,0.000048,0.002110,1.537197,3.403973,1.200291,-2.743145,-0.000019,0.002030,1.537079
38.5500,3.657672,2.461589,-3.593999,0.000048,0.002109,1.537115,3.404029,1.200258,-2.742984,-0.000033,0.002149,1.537387
38.6000,3.658181,2.476603,-3.594033,0.000048,0.002108,1.537034,3.404066,1.200236,-2.743214,0.000063,0.002012,1.536963
38.6500,3.658692,2.491616,-3.594066,0.000048,0.002106,1.536954,3.404122,1.200199,-2.743054,0.000022,0.002050,1.536899
38.7000,3.659203,2.506630,-3.594099,0.000049,0.002105,1.536874,3.404160,1.200175,-2.743284,-0.000004,0.002243,1.537034
38.7500,3.659716,2.521643,-3.594132,0.000049,0.002104,1.536795,3.404217,1.200139,-2.743123,0.000140,0.002061,1.536767
38.8000,3.660230,2.536655,-3.594166,0.000049,0.002102,1.536718,3.404257,1.200115,-2.743354,-0.000025,0.001985,1.536776
38.8500,3.660745,2.551668,-3.594199,0.000049,0.002101,1.536640,3.404317,1.200077,-2.743193,0.000063,0.002223,1.536478
38.9000,3.661262,2.566680,-3.594232,0.000049,0.002100,1.536564,3.404359,1.200051,-2.743423,-0.000002,0.002075,1.536584
38.9500,3.661779,2.581693,-3.594265,0.000049,0.002099,1.536489,3.404421,1.200011,-2.743262,-0.000089,0.002219,1.536608
39.0000,3.662298,2.596704,-3.594298,0.000050,0.002097,1.536414,3.404463,1.199987,-2.743492,-0.000069,0.002212,1.536469
39.0500,3.662817,2.611716,-3.594331,0.000050,0.002096,1.536340,3.404524,1.199950,-2.743331,0.000096,0.001969,1.536227
39.1000,3.663338,2.626727,-3.594364,0.000050,0.002095,1.536267,3.404567,1.199927,-2.743561,0.000001,0.002161,1.536281
39.1500,3.663860,2.641738,-3.594397,0.000050,0.002094,1.536194,3.404632,1.199888,-2.743400,0.000142,0.001982,1.536168
39.2000,3.664383,2.656749,-3.594430,0.000050,0.002093,1.536123,3.404677,1.199862,-2.743630,0.000112,0.002191,1.536247
39.2500,3.664907,2.671760,-3.594463,0.000050,0.002092,1.536052,3.404748,1.199819,-2.743469,-0.000071,0.002148,1.535990
39.3000,3.665432,2.686770,-3.594495,0.000051,0.002090,1.535981,3.404797,1.199791,-2.743698,-0.000065,0.002057,1.536003
39.3500,3.665958,2.701781,-3.594528,0.000051,0.002089,1.535912,3.404869,1.199746,-2.743537,0.000031,0.002006,1.535844
39.4020,3.666486,2.716791,-3.594561,0.000051,0.002088,1.535843,3.404918,1.199718,-2.743767,-0.000112,0.002087,1.536010
39.4520,3.667014,2.731800,-3.594594,0.000051,0.002087,1.535775,3.403638,1.200884,-2.743605,-0.000037,0.002114,1.535727
39.5000,3.667543,2.746810,-3.594626,0.000051,0.002086,1.535707,3.403646,1.200892,-2.743835,0.000033,0.002157,1.535822
39.5500,3.668073,2.761819,-3.594659,0.000051,0.002085,1.535641,3.403657,1.200902,-2.743674,0.000024,0.002205,1.535576
39.6000,3.668604,2.776828,-3.594692,0.000051,0.002084,1.535574,3.403664,1.200909,-2.743903,0.000058,0.002081,1.535769
39.6500,3.669137,2.791837,-3.594724,0.000052,0.002083,1.535509,3.403675,1.200918,-2.743741,-0.000188,0.002098,1.535577
39.7000,3.669670,2.806846,-3.594757,0.000052,0.002081,1.535444,3.403682,1.200926,-2.743971,0.000137,0.001947,1.535281
39.7500,3.670204,2.821854,-3.594790,0.000052,0.002080,1.535380,3.403694,1.200933,-2.743809,0.000068,0.002082,1.535226
39.8000,3.670739,2.836862,-3.594822,0.000052,0.002079,1.535317,3.403704,1.200937,-2.744039,0.000081,0.001958,1.535293
39.8500,3.671275,2.851870,-3.594855,0.000052,0.002078,1.535254,3.403719,1.200941,-2.743877,0.000073,0.002155,1.535238
39.9000,3.671812,2.866878,-3.594887,0.000052,0.002077,1.535192,3.403730,1.200946,-2.744106,0.000123,0.002091,1.535121
39.9500,3.672350,2.881886,-3.594919,0.000053,0.002076,1.535130,3.403747,1.200951,-2.743944,0.000008,0.002144,1.535144
40.0000,3.672888,2.896893,-3.594952,0.000053,0.002075,1.535070,3.403759,1.200957,-2.744174,-0.000008,0.001953,1.534900
40.0500,3.673428,2.911900,-3.594984,0.000053,0.002074,1.535009,3.403777,1.200961,-2.744012,-0.000001,0.001957,1.535010
40.1000,3.673969,2.926907,-3.595017,0.000053,0.002073,1.534950,3.403789,1.200964,-2.744241,0.000052,0.002272,1.534984
40.1500,3.674510,2.941914,-3.595049,0.000053,0.002072,1.534891,3.403809,1.200967,-2.744079,0.000015,0.002089,1.534786
40.2000,3.675052,2.956921,-3.595081,0.000053,0.002071,1.534832,3.403825,1.200971,-2.744308,-0.000078,0.002109,1.534872
40.2500,3.675596,2.971927,-3.595114,0.000053,0.002070,1.534774,3.403846,1.200975,-2.744146,-0.000099,0.002024,1.534727
40.3000,3.676140,2.986933,-3.595146,0.000054,0.002069,1.534717,3.403860,1.200979,-2.744375,-0.000073,0.002019,1.534765
40.3500,3.676685,3.001939,-3.595178,0.000054,0.002068,1.534660,3.403879,1.200979,-2.744213,-0.000074,0.002172,1.534597
40.4000,3.677230,3.016945,-3.595210,0.000054,0.002067,1.534604,3.403892,1.200980,-2.744442,0.000106,0.002212,1.534674
40.4520,3.677777,3.031951,-3.595242,0.000054,0.002067,1.534549,3.403436,1.201126,-2.744279,0.000036,0.001929,1.534642
40.5000,3.678324,3.046956,-3.595274,0.000054,0.002066,1.534494,3.403438,1.201132,-2.744508,-0.000075,0.002069,1.534679
40.5500,3.678872,3.061962,-3.595307,0.000054,0.002065,1.534439,3.403440,1.201138,-2.744346,0.000299,0.002041,1.534540
40.6000,3.679421,3.076967,-3.595339,0.000054,0.002064,1.534386,3.403444,1.201141,-2.744575,-0.000046,0.002169,1.534299
40.6500,3.679971,3.091972,-3.595371,0.000054,0.002063,1.534332,3.403447,1.201145,-2.744412,-0.000135,0.002039,1.534449
40.7000,3.680522,3.106977,-3.595403,0.000055,0.002062,1.534280,3.403448,1.201148,-2.744641,0.000109,0.002078,1.534387
40.7500,3.681073,3.121981,-3.595435,0.000055,0.002061,1.534227,3.403450,1.201150,-2.744478,0.000145,0.001951,1.534175
40.8000,3.681625,3.136986,-3.595467,0.000055,0.002060,1.534176,3.403453,1.201151,-2.744707,-0.000137,0.002119,1.534194
40.8500,3.682178,3.151990,-3.595499,0.000055,0.002059,1.534125,3.403458,1.201151,-2.744544,0.000115,0.002098,1.534145
40.9000,3.682732,3.166994,-3.595531,0.000055,0.002059,1.534074,3.403462,1.201153,-2.744773,0.000064,0.001973,1.534032
40.9520,3.683286,3.181998,-3.595563,0.000055,0.002058,1.534024,3.403469,1.201154,-2.744610,0.000046,0.002147,1.533953
41.0000,3.683841,3.197002,-3.595595,0.000055,0.002057,1.533974,3.403474,1.201157,-2.744839,0.000194,0.002167,1.533939
41.0500,3.684397,3.212005,-3.595626,0.000055,0.002056,1.533925,3.403486,1.201160,-2.744676,0.000109,0.002109,1.533892
41.1000,3.684953,3.227009,-3.595658,0.000056,0.002055,1.533877,3.403495,1.201162,-2.744905,-0.000114,0.002075,1.533844
41.1500,3.685511,3.242012,-3.595690,0.000056,0.002054,1.533828,3.403505,1.201164,-2.744742,0.000026,0.002037,1.533992
41.2020,3.686069,3.257015,-3.595722,0.000056,0.002054,1.533781,3.403513,1.201167,-2.744971,-0.000044,0.002028,1.533735
41.2500,3.686627,3.272018,-3.595754,0.000056,0.002053,1.533734,3.403523,1.201167,-2.744807,-0.000013,0.002111,1.533586
41.3000,3.687187,3.287021,-3.595786,0.000056,0.002052,1.533687,3.403531,1.201169,-2.745036,-0.000030,0.002013,1.533650
41.3500,3.687747,3.302023,-3.595817,0.000056,0.002051,1.533641,3.403543,1.201165,-2.744873,0.000002,0.001971,1.533579
41.4000,3.688308,3.317026,-3.595849,0.000056,0.002051,1.533595,3.403552,1.201164,-2.745101,0.000020,0.002071,1.533508
41.4500,3.688869,3.332028,-3.595881,0.000056,0.002050,1.533550,3.403373,1.201157,-2.744938,-0.000175,0.001941,1.533467
41.5000,3.689431,3.347030,-3.595912,0.000056,0.002049,1.533505,3.403376,1.201154,-2.745167,-0.000007,0.002046,1.533483
41.5500,3.689994,3.362032,-3.595944,0.000057,0.002048,1.533461,3.403378,1.201148,-2.745003,0.000118,0.002193,1.533501
41.6000,3.690557,3.377034,-3.595976,0.000057,0.002048,1.533417,3.403380,1.201147,-2.745232,0.000218,0.002031,1.533341
41.6500,3.691121,3.392036,-3.596007,0.000057,0.002047,1.533374,3.403387,1.201145,-2.745068,0.000057,0.001959,1.533362
41.7000,3.691686,3.407037,-3.596039,0.000057,0.002046,1.533331,3.403392,1.201144,-2.745297,-0.000048,0.002139,1.533329
41.7500,3.692251,3.422039,-3.596070,0.000057,0.002045,1.533288,3.403399,1.201143,-2.745133,-0.000047,0.002203,1.533317
41.8000,3.692817,3.437040,-3.596102,0.000057,0.002045,1.533246,3.403404,1.201143,-2.745362,0.000226,0.002115,1.533237
41.8500,3.693383,3.452041,-3.596134,0.000057,0.002044,1.533204,3.403413,1.201141,-2.745198,0.000176,0.002093,1.533254
41.9020,3.693950,3.467042,-3.596165,0.000057,0.002043,1.533163,3.403422,1.201141,-2.745426,0.000098,0.001897,1.533233
41.9500,3.694518,3.482043,-3.596197,0.000057,0.002043,1.533122,3.403438,1.201135,-2.745263,0.000121,0.002138,1.533219
42.0000,3.695087,3.497044,-3.596228,0.000058,0.002042,1.533082,3.403451,1.201131,-2.745491,-0.000086,0.001983,1.532985
42.0500,3.695655,3.512044,-3.596260,0.000058,0.002041,1.533042,3.403470,1.201122,-2.745327,0.000177,0.001938,1.533141
42.1000,3.696225,3.527045,-3.596291,0.000058,0.002041,1.533002,3.403484,1.201116,-2.745556,0.000165,0.001911,1.533287
42.1500,3.696795,3.542045,-3.596322,0.000058,0.002040,1.532963,3.403506,1.201102,-2.745392,-0.000076,0.002037,1.532870
42.2020,3.697366,3.557045,-3.596354,0.000058,0.002039,1.532924,3.403519,1.201094,-2.745620,-0.000031,0.002160,1.532761
42.2500,3.697937,3.572045,-3.596385,0.000058,0.002039,1.532886,3.403537,1.201082,-2.745456,0.000112,0.001936,1.532996
42.3000,3.698510,3.586842,-3.596402,0.000062,0.002213,1.532868,3.403550,1.201055,-2.745680,-0.000038,0.002216,1.532999
42.3500,3.699027,3.599310,-3.596441,0.000089,0.002678,1.532888,3.403539,1.199288,-2.745317,0.000101,0.002642,1.533039
42.4000,3.699376,3.607009,-3.596500,0.000131,0.002996,1.532846,3.403425,1.194852,-2.745555,-0.000026,0.003022,1.532756
42.4500,3.699528,3.609773,-3.596549,0.000160,0.003077,1.532769,3.403187,1.195216,-2.745131,0.000233,0.003120,1.532680
42.5000,3.699521,3.609172,-3.596581,0.000163,0.003109,1.532714,3.402780,1.183879,-2.745338,0.000319,0.003073,1.532588
42.5500,3.699430,3.607329,-3.596560,0.000159,0.003299,1.532663,3.402038,1.164645,-2.744829,0.000289,0.003303,1.532676
42.6000,3.699333,3.605471,-3.596473,0.000176,0.003528,1.532620,3.401520,1.151576,-2.744934,0.000129,0.003506,1.532742
42.6520,3.699251,3.603962,-3.596361,0.000198,0.003554,1.532592,3.400755,1.132258,-2.744269,0.000230,0.003608,1.532689
42.7000,3.699199,3.603037,-3.596269,0.000198,0.003480,1.532562,3.400264,1.119801,-2.744331,0.000306,0.003487,1.532575
42.7500,3.699178,3.602660,-3.596215,0.000186,0.003429,1.532524,3.399566,1.101808,-2.743830,0.000124,0.003341,1.532383
42.8000,3.699178,3.602621,-3.596198,0.000177,0.003386,1.532489,3.399119,1.090158,-2.743947,0.000240,0.003357,1.532490
42.8500,3.699186,3.602685,-3.596206,0.000170,0.003301,1.532461,3.398463,1.072875,-2.743629,0.000143,0.003310,1.532260
42.9000,3.699194,3.602744,-3.596225,0.000156,0.003200,1.532434,3.398027,1.061372,-2.743781,0.000128,0.003379,1.532523
42.9500,3.699202,3.602759,-3.596244,0.000138,0.003112,1.532407,3.397370,1.044076,-2.743588,0.000037,0.003101,1.532271
43.0020,3.699205,3.602705,-3.596257,0.000122,0.003027,1.532381,3.396928,1.032497,-2.743745,0.000157,0.003065,1.532497
43.0500,3.699205,3.602591,-3.596264,0.000107,0.002933,1.532355,3.396263,1.015047,-2.743620,0.000012,0.003013,1.532517
43.1020,3.699202,3.602443,-3.596266,0.000090,0.002838,1.532329,3.395818,1.003380,-2.743777,-0.000098,0.002868,1.532415
43.1500,3.699197,3.602289,-3.596266,0.000073,0.002747,1.532302,3.395142,0.985860,-2.743708,0.000102,0.002586,1.532331
43.2000,3.699192,3.602138,-3.596265,0.000057,0.002659,1.532275,3.394689,0.974181,-2.743876,-0.000125,0.002768,1.532220
43.2500,3.699188,3.601994,-3.596265,0.000042,0.002571,1.532248,3.394007,0.956666,-2.743854,0.000160,0.002578,1.532205
43.3000,3.699193,3.601890,-3.596266,-0.000002,0.002488,1.532715,3.393554,0.945003,-2.744034,-0.000016,0.002539,1.532381
43.3500,3.699218,3.601880,-3.596340,-0.000221,0.002419,1.536679,3.392918,0.927616,-2.744127,-0.000221,0.002378,1.536744
43.4000,3.699239,3.601895,-3.596423,-0.000488,0.002293,1.543666,3.392555,0.916064,-2.744403,-0.000504,0.002227,1.542121
43.4500,3.699268,3.601889,-3.596406,-0.000563,0.002042,1.551065,3.401238,1.144228,-2.744615,-0.000515,0.002077,1.551022
43.5000,3.699298,3.601843,-3.596317,-0.000568,0.001845,1.559029,3.401182,1.139934,-2.744777,-0.000480,0.001832,1.557512
43.5520,3.699316,3.601752,-3.596207,-0.000659,0.001740,1.568243,3.401142,1.133434,-2.744826,-0.000617,0.001905,1.568404
43.6000,3.699321,3.601630,-3.596116,-0.000769,0.001675,1.578527,3.401147,1.129071,-2.744983,-0.000602,0.001628,1.576283
43.6500,3.699311,3.601498,-3.596061,-0.000796,0.001610,1.589276,3.401206,1.122506,-2.745065,-0.000699,0.001672,1.589365
43.7000,3.699298,3.601366,-3.596041,-0.000784,0.001547,1.600342,3.401288,1.118130,-2.745294,-0.000788,0.001525,1.598100
43.7500,3.699287,3.601241,-3.596046,-0.000800,0.001495,1.611785,3.401483,1.111573,-2.745416,-0.000608,0.001648,1.611957
43.8000,3.699283,3.601124,-3.596062,-0.000829,0.001455,1.623561,3.401669,1.107209,-2.745694,-0.000810,0.001203,1.621190
43.8500,3.699285,3.601015,-3.596080,-0.000835,0.001422,1.635530,3.402035,1.100676,-2.745793,-0.000716,0.001534,1.635591
43.9000,3.699293,3.600910,-3.596095,-0.000820,0.001394,1.647618,3.402337,1.096329,-2.746083,-0.000798,0.001343,1.645089
43.9500,3.699304,3.600808,-3.596103,-0.000801,0.001374,1.659817,3.402872,1.089817,-2.746113,-0.000925,0.001357,1.659714
44.0000,3.699317,3.600707,-3.596108,-0.000779,0.001361,1.672114,3.403281,1.085482,-2.746400,-0.000862,0.001371,1.669683
44.0500,3.699330,3.600605,-3.596110,-0.000746,0.001353,1.684479,3.403976,1.078986,-2.746358,-0.000665,0.001284,1.684521
44.1000,3.699343,3.600504,-3.596111,-0.000704,0.001348,1.696887,3.404493,1.074663,-2.746643,-0.000692,0.001395,1.694696
44.1500,3.699357,3.600404,-3.596112,-0.000662,0.001343,1.709330,3.405353,1.068190,-2.746542,-0.000594,0.001391,1.709344
44.2000,3.699371,3.600304,-3.596114,-0.000621,0.001340,1.721802,3.405979,1.063883,-2.746826,-0.000653,0.001402,1.719334
44.2500,3.699386,3.600206,-3.596118,-0.000579,0.001337,1.734296,3.407001,1.057437,-2.746677,-0.000590,0.001310,1.734391
44.3000,3.699403,3.600108,-3.596121,-0.000537,0.001335,1.746805,3.407733,1.053149,-2.746959,-0.000483,0.001148,1.744390
44.3500,3.699421,3.600013,-3.596125,-0.000496,0.001333,1.759324,3.408918,1.046732,-2.746770,-0.000773,0.001316,1.759528
44.4000,3.699439,3.599919,-3.596129,-0.000456,0.001332,1.771852,3.409760,1.042464,-2.747048,-0.000414,0.001223,1.769543
44.4520,3.699459,3.599826,-3.596133,-0.000417,0.001330,1.784387,4.089674,3.503367,-2.746752,-0.000594,0.001462,1.784427
44.5020,3.699480,3.599734,-3.596137,-0.000378,0.001329,1.796926,4.100406,3.574730,-2.747014,-0.000488,0.001418,1.794414
44.5500,3.699502,3.599643,-3.596140,-0.000341,0.001328,1.809469,4.115168,3.681966,-2.746777,-0.000357,0.001344,1.809476
44.6000,3.699525,3.599554,-3.596143,-0.000306,0.001327,1.822014,4.124113,3.753576,-2.747034,-0.000330,0.001456,1.819471
44.6500,3.699548,3.599466,-3.596147,-0.000272,0.001326,1.834560,4.136194,3.861151,-2.746798,-0.000231,0.001318,1.834665
44.7000,3.699573,3.599379,-3.596150,-0.000239,0.001325,1.847108,4.143333,3.932969,-2.747048,-0.000142,0.001230,1.844546
44.7520,3.699598,3.599293,-3.596153,-0.000208,0.001324,1.859656,4.152706,4.040820,-2.746781,-0.000197,0.001240,1.859714
44.8000,3.699624,3.599208,-3.596156,-0.000178,0.001323,1.872205,4.158063,4.112793,-2.747027,-0.000160,0.001225,1.869593
44.8500,3.699651,3.599125,-3.596159,-0.000149,0.001322,1.884754,4.164732,4.220846,-2.746749,-0.000152,0.001363,1.884849
44.9000,3.699678,3.599042,-3.596163,-0.000122,0.001321,1.897303,4.168266,4.292932,-2.746990,-0.000185,0.001298,1.895016
44.9520,3.699707,3.598961,-3.596166,-0.000096,0.001319,1.909852,4.172204,4.401119,-2.746715,-0.000159,0.001329,1.909930
45.0000,3.699736,3.598882,-3.596169,-0.000071,0.001318,1.922401,4.173926,4.473273,-2.746944,-0.000044,0.001314,1.919806
45.0500,3.699766,3.598803,-3.596172,-0.000048,0.001317,1.934949,4.175163,4.581525,-2.746673,0.000033,0.001381,1.934848
45.1000,3.699796,3.598725,-3.596175,-0.000025,0.001315,1.947497,4.175085,4.653702,-2.746905,-0.000039,0.001270,1.944918
45.1500,3.699828,3.598649,-3.596178,-0.000004,0.001314,1.960045,4.173615,4.761954,-2.746629,0.000101,0.001144,1.960179
45.2000,3.699859,3.598574,-3.596181,0.000017,0.001312,1.972592,4.171719,4.834106,-2.746850,-0.000018,0.001385,1.970048
45.2500,3.699892,3.598500,-3.596184,0.000036,0.001311,1.985139,4.167530,4.942288,-2.746582,0.000184,0.001523,1.984986
45.3000,3.699925,3.598427,-3.596187,0.000054,0.001309,1.997686,4.163845,5.014374,-2.746811,0.000054,0.001210,1.995128
45.3520,3.699958,3.598356,-3.596190,0.000072,0.001308,2.010232,4.156943,5.122423,-2.746549,0.000141,0.001189,2.010311
45.4000,3.699993,3.598285,-3.596193,0.000089,0.001306,2.022778,4.151437,5.194395,-2.746760,0.000262,0.001234,2.020321
45.4500,3.700027,3.598216,-3.596196,0.000105,0.001304,2.035323,3.649217,3.993414,-2.746372,0.000148,0.001284,2.035403
45.5000,3.700063,3.598148,-3.596198,0.000120,0.001303,2.047868,3.633896,4.024193,-2.746569,0.000016,0.001218,2.045216
45.5500,3.700098,3.598081,-3.596201,0.000135,0.001301,2.060412,3.610341,4.070069,-2.746325,-0.000044,0.001270,2.060579
45.6000,3.700135,3.598015,-3.596204,0.000149,0.001299,2.072956,3.594250,4.100451,-2.746524,-0.000005,0.001326,2.070385
45.6500,3.700171,3.597950,-3.596207,0.000162,0.001298,2.085500,3.569547,4.145718,-2.746288,0.000103,0.001408,2.085566
45.7000,3.700208,3.597886,-3.596209,0.000175,0.001296,2.098043,3.552702,4.175689,-2.746487,0.000172,0.001249,2.095527
45.7500,3.700246,3.597824,-3.596212,0.000188,0.001294,2.110586,3.526874,4.220326,-2.746258,0.000123,0.001214,2.110401
45.8020,3.700284,3.597763,-3.596215,0.000199,0.001292,2.123128,3.509287,4.249869,-2.746454,0.000377,0.001313,2.120584
45.8500,3.700322,3.597702,-3.596217,0.000211,0.001291,2.135670,3.482353,4.293848,-2.746230,0.000351,0.001494,2.135598
45.9000,3.700361,3.597643,-3.596220,0.000222,0.001289,2.148211,3.464030,4.322942,-2.746428,0.000022,0.001293,2.145833
45.9500,3.700400,3.597585,-3.596223,0.000232,0.001287,2.160752,3.435998,4.366231,-2.746210,0.000076,0.001079,2.160857
46.0000,3.700440,3.597528,-3.596225,0.000242,0.001285,2.173293,3.416946,4.394852,-2.746401,0.000389,0.001275,2.170734
46.0500,3.700479,3.597472,-3.596228,0.000252,0.001284,2.185833,3.387845,4.437428,-2.746189,0.000153,0.001263,2.185853
46.1000,3.700519,3.597417,-3.596230,0.000261,0.001282,2.198373,3.368091,4.465569,-2.746384,0.000310,0.001209,2.195935
46.1520,3.700560,3.597364,-3.596233,0.000270,0.001280,2.210912,3.337931,4.507402,-2.746176,0.000116,0.001388,2.210823
46.2000,3.700600,3.597311,-3.596235,0.000279,0.001278,2.223451,3.317472,4.535037,-2.746374,0.000242,0.001208,2.221028
46.2500,3.700641,3.597259,-3.596237,0.000287,0.001276,2.235990,3.286272,4.576103,-2.746167,0.000393,0.001170,2.235917
46.3000,3.700682,3.597209,-3.596240,0.000295,0.001275,2.248528,3.265130,4.603219,-2.746362,0.000184,0.001340,2.246114
46.3500,3.700724,3.597159,-3.596242,0.000303,0.001273,2.261066,3.232909,4.643489,-2.746160,0.000317,0.001264,2.260870
46.4020,3.700765,3.597111,-3.596245,0.000310,0.001271,2.273604,3.211095,4.670068,-2.746354,0.000323,0.001285,2.271131
46.4500,3.700807,3.597063,-3.596247,0.000318,0.001269,2.286141,4.104845,3.793623,-2.746066,0.000339,0.001246,2.286009
46.5000,3.700849,3.597017,-3.596249,0.000325,0.001267,2.298678,4.114389,3.797395,-2.746256,0.000320,0.001173,2.296138
46.5500,3.700891,3.596971,-3.596252,0.000332,0.001265,2.311214,4.128637,3.803231,-2.746075,0.000465,0.001300,2.311404
46.6000,3.700933,3.596927,-3.596254,0.000339,0.001263,2.323750,4.138086,3.807243,-2.746267,0.000266,0.001249,2.321363
46.6500,3.700975,3.596883,-3.596256,0.000345,0.001262,2.336286,4.152185,3.813435,-2.746085,0.000314,0.001328,2.336169
46.7000,3.701018,3.596841,-3.596258,0.000351,0.001260,2.348821,4.161533,3.817681,-2.746279,0.000324,0.001368,2.346427
46.7500,3.701060,3.596799,-3.596260,0.000358,0.001258,2.361356,4.175473,3.824227,-2.746096,0.000507,0.001370,2.361357
46.8020,3.701103,3.596759,-3.596263,0.000364,0.001256,2.373891,4.184709,3.828708,-2.746292,0.000416,0.001439,2.371454
46.8500,3.701146,3.596719,-3.596265,0.000369,0.001254,2.386425,4.198477,3.835604,-2.746110,0.000303,0.001240,2.386471
46.9000,3.701189,3.596680,-3.596267,0.000375,0.001252,2.398959,4.207598,3.840317,-2.746308,0.000353,0.001271,2.396542
46.9500,3.701231,3.596642,-3.596269,0.000381,0.001250,2.411493,4.221189,3.847558,-2.746125,0.000380,0.001489,2.411576
47.0000,3.701274,3.596606,-3.596271,0.000386,0.001248,2.424026,4.230187,3.852502,-2.746323,0.000333,0.001140,2.421411
47.0500,3.701317,3.596570,-3.596273,0.000391,0.001247,2.436559,4.243590,3.860084,-2.746140,0.000387,0.001156,2.436609
47.1000,3.701360,3.596535,-3.596275,0.000397,0.001245,2.449092,4.252462,3.865252,-2.746340,0.000254,0.001400,2.446530
47.1500,3.701403,3.596501,-3.596277,0.000402,0.001243,2.461624,4.265670,3.873169,-2.746154,0.000426,0.001189,2.461544
47.2000,3.701446,3.596468,-3.596279,0.000407,0.001241,2.474156,4.274408,3.878560,-2.746356,0.000408,0.001291,2.471614
47.2500,3.701489,3.596435,-3.596281,0.000412,0.001239,2.486688,4.287414,3.886808,-2.746170,0.000557,0.001349,2.486639
47.3000,3.701532,3.596404,-3.596283,0.000416,0.001237,2.499219,4.296013,3.892419,-2.746372,0.000375,0.001310,2.496792
47.3500,3.701575,3.596373,-3.596285,0.000421,0.001235,2.511750,4.308805,3.900998,-2.746184,0.000327,0.001212,2.511786
47.4000,3.701618,3.596344,-3.596287,0.000426,0.001233,2.524281,4.317258,3.906825,-2.746386,0.000435,0.001378,2.521763
47.4520,3.701661,3.596315,-3.596289,0.000430,0.001231,2.536811,3.857513,3.607010,-2.746188,0.000331,0.001415,2.536861
47.5000,3.701703,3.596287,-3.596291,0.000435,0.001229,2.549341,3.853482,3.601518,-2.746390,0.000560,0.001283,2.546875
47.5500,3.701746,3.596260,-3.596293,0.000439,0.001227,2.561871,3.847540,3.593207,-2.746200,0.000352,0.001236,2.561917
47.6000,3.701788,3.596233,-3.596295,0.000444,0.001226,2.574401,3.843648,3.587617,-2.746403,0.000558,0.001150,2.572004
47.6500,3.701831,3.596208,-3.596297,0.000448,0.001224,2.586930,3.837919,3.579161,-2.746211,0.000537,0.001274,2.586990
47.7000,3.701873,3.596183,-3.596298,0.000452,0.001222,2.599459,3.834171,3.573476,-2.746415,0.000400,0.001355,2.596883
47.7500,3.701915,3.596159,-3.596300,0.000456,0.001220,2.611988,3.828655,3.564878,-2.746223,0.000350,0.001279,2.612127
47.8000,3.701957,3.596136,-3.596302,0.000460,0.001218,2.624516,3.825048,3.559101,-2.746427,0.000550,0.001312,2.622088
47.8500,3.701999,3.596113,-3.596304,0.000464,0.001216,2.637044,3.819746,3.550366,-2.746234,0.000451,0.001249,2.637077
47.9000,3.702041,3.596092,-3.596306,0.000468,0.001214,2.649572,3.816282,3.544499,-2.746438,0.000494,0.001246,2.647091
47.9500,3.702083,3.596071,-3.596307,0.000472,0.001212,2.662100,3.811195,3.535635,-2.746243,0.000589,0.001052,2.662087
48.0000,3.702124,3.596051,-3.596309,0.000476,0.001210,2.674627,3.807878,3.529685,-2.746447,0.000301,0.001234,2.672107
48.0500,3.702166,3.596031,-3.596311,0.000480,0.001208,2.687154,3.803015,3.520698,-2.746251,0.000575,0.001104,2.687074
48.1000,3.702207,3.596013,-3.596312,0.000484,0.001206,2.699681,3.799847,3.514669,-2.746456,0.000449,0.001036,2.697289
48.1500,3.702248,3.595995,-3.596314,0.000488,0.001204,2.712207,3.795211,3.505563,-2.746260,0.000338,0.001271,2.712374
48.2000,3.702288,3.595977,-3.596316,0.000491,0.001202,2.724733,3.792194,3.499454,-2.746465,0.000497,0.001268,2.722178
48.2500,3.702329,3.595961,-3.596317,0.000495,0.001200,2.737259,3.787785,3.490231,-2.746268,0.000576,0.001097,2.737248
48.3000,3.702369,3.595945,-3.596319,0.000499,0.001198,2.749785,3.784924,3.484047,-2.746472,0.000367,0.001241,2.747410
48.3500,3.702409,3.595930,-3.596321,0.000502,0.001196,2.762310,3.780751,3.474716,-2.746275,0.000423,0.001089,2.762171
48.4000,3.702449,3.595915,-3.596322,0.000506,0.001194,2.774836,3.778047,3.468461,-2.746479,0.000514,0.001141,2.772205
48.4500,3.702489,3.595901,-3.596324,0.000509,0.001192,2.787361,3.503776,3.106913,-2.746271,0.000354,0.001215,2.787558
48.5020,3.702529,3.595888,-3.596325,0.000513,0.001190,2.799885,3.495077,3.088820,-2.746475,0.000536,0.001138,2.797413
48.5500,3.702568,3.595875,-3.596327,0.000516,0.001188,2.812410,3.482366,3.061519,-2.746277,0.000435,0.001202,2.812343
48.6000,3.702607,3.595863,-3.596328,0.000520,0.001186,2.824934,3.474120,3.043214,-2.746481,0.000372,0.001210,2.822381
48.6500,3.702646,3.595852,-3.596330,0.000523,0.001183,2.837458,3.462100,3.015601,-2.746284,0.000562,0.001029,2.837517
48.7020,3.702684,3.595841,-3.596332,0.000527,0.001181,2.849982,3.454316,2.997095,-2.746486,0.000549,0.001130,2.847463
48.7500,3.702722,3.595831,-3.596333,0.000530,0.001179,2.862505,3.442992,2.969193,-2.746286,0.000488,0.001277,2.862608
48.8000,3.702760,3.595821,-3.596334,0.000533,0.001177,2.875029,3.435674,2.950501,-2.746490,0.000402,0.001141,2.872720
48.8500,3.702798,3.595812,-3.596336,0.000536,0.001175,2.887552,3.425051,2.922323,-2.746295,0.000361,0.001004,2.887502
48.9020,3.702836,3.595804,-3.596337,0.000540,0.001173,2.900075,3.418202,2.903449,-2.746501,0.000519,0.001287,2.897411
48.9500,3.702873,3.595796,-3.596339,0.000543,0.001171,2.912597,3.408285,2.875010,-2.746302,0.000409,0.001097,2.912660
49.0000,3.702910,3.595789,-3.596340,0.000546,0.001169,2.925120,3.401911,2.855968,-2.746508,0.000611,0.001138,2.922723
49.0520,3.702946,3.595782,-3.596342,0.000549,0.001167,2.937642,3.392710,2.827288,-2.746307,0.000435,0.001366,2.937782
49.1000,3.702983,3.595776,-3.596343,0.000553,0.001165,2.950164,3.386815,2.808092,-2.746512,0.000479,0.001002,2.947582
49.1500,3.703019,3.595770,-3.596344,0.000556,0.001163,2.962685,3.378338,2.779187,-2.746314,0.000568,0.001055,2.962660
49.2000,3.703055,3.595765,-3.596346,0.000559,0.001160,2.975207,3.372928,2.759849,-2.746517,0.000595,0.001204,2.972639
49.2500,3.703090,3.595760,-3.596347,0.000562,0.001158,2.987728,3.365177,2.730741,-2.746317,0.000414,0.001237,2.987605
49.3000,3.703125,3.595756,-3.596348,0.000565,0.001156,3.000249,3.360252,2.711274,-2.746520,0.000672,0.001112,2.997581
49.3500,3.703160,3.595752,-3.596350,0.000568,0.001154,3.012770,3.353230,2.681984,-2.746319,0.000456,0.001261,3.012615
49.4000,3.703195,3.595749,-3.596351,0.000571,0.001152,3.025291,3.348790,2.662402,-2.746525,0.000483,0.001313,3.022675
49.4500,3.703229,3.595746,-3.596352,0.000574,0.001150,3.037811,3.510018,3.262978,-2.746353,0.000691,0.001076,3.037921
49.5000,3.703263,3.595744,-3.596354,0.000577,0.001148,3.050332,3.507762,3.262724,-2.746559,0.000490,0.000964,3.047869
49.5500,3.703296,3.595742,-3.596355,0.000580,0.001145,3.062852,3.504386,3.262301,-2.746357,0.000666,0.001195,3.062986
49.6000,3.703319,3.595740,-3.596352,0.000597,0.001138,3.074986,3.502138,3.261993,-2.746559,0.000561,0.001077,3.072664
49.6500,3.703323,3.595751,-3.596413,0.000803,0.001134,3.083672,3.498751,3.261504,-2.746379,0.000748,0.001083,3.083686
49.7000,3.703346,3.595796,-3.596477,0.001098,0.001071,3.089050,3.496504,3.261183,-2.746650,0.001219,0.001120,3.088119
49.7500,3.703387,3.595831,-3.596415,0.001164,0.000805,3.093978,3.493163,3.260693,-2.746459,0.001154,0.000941,3.094092
49.8000,3.703433,3.595844,-3.596266,0.001101,0.000561,3.098336,3.490942,3.260337,-2.746561,0.001302,0.000608,3.097585
49.8500,3.703479,3.595843,-3.596102,0.001126,0.000447,3.101408,3.487613,3.259770,-2.746294,0.001223,0.000429,3.101456
49.9000,3.703524,3.595855,-3.595977,0.001223,0.000392,3.103373,3.485393,3.259386,-2.746390,0.001310,0.000417,3.102936
49.9500,3.703565,3.595905,-3.595907,0.001255,0.000317,3.104974,3.482061,3.258849,-2.746219,0.001174,0.000289,3.104938
50.0000,3.703601,3.595968,-3.595889,0.001229,0.000251,3.106248,3.479836,3.258508,-2.746407,0.001121,0.000161,3.106151
50.0500,3.703637,3.596022,-3.595902,0.001225,0.000221,3.107049,3.476500,3.257984,-2.746357,0.001348,0.000084,3.107086
50.1000,3.703674,3.596051,-3.595929,0.001234,0.000212,3.107479,3.474279,3.257618,-2.746598,0.001380,0.000284,3.107399
50.1520,3.703713,3.596049,-3.595956,0.001214,0.000205,3.107749,3.470948,3.257029,-2.746552,0.001221,0.000193,3.107677
50.2000,3.703753,3.596027,-3.595976,0.001173,0.000203,3.107886,3.468729,3.256617,-2.746798,0.001338,0.000303,3.107758
50.2500,3.703793,3.595999,-3.595987,0.001136,0.000211,3.107864,3.465396,3.255985,-2.746713,0.001083,0.000205,3.107954
50.3000,3.703832,3.595978,-3.595992,0.001104,0.000225,3.107719,3.463176,3.255568,-2.746948,0.001150,0.000345,3.107833
50.3500,3.703868,3.595970,-3.595994,0.001067,0.000241,3.107511,3.459840,3.254955,-2.746822,0.001074,0.000289,3.107568
50.4020,3.703904,3.595971,-3.595995,0.001025,0.000258,3.107257,3.457615,3.254557,-2.747055,0.000878,0.000296,3.107093
50.4500,3.703939,3.595976,-3.595997,0.000981,0.000278,3.106955,2.683448,3.825890,-2.746916,0.000986,0.000396,3.106839
50.5000,3.703975,3.595979,-3.596000,0.000938,0.000298,3.106615,2.657364,3.841346,-2.747150,0.000969,0.000385,3.106743
50.5500,3.704011,3.595979,-3.596005,0.000892,0.000318,3.106255,2.618241,3.864535,-2.746978,0.000821,0.000308,3.106236
50.6000,3.703809,3.595969,-3.596005,0.000839,0.000196,3.105823,2.592136,3.880000,-2.747206,0.000823,0.000181,3.106029
50.6500,3.701088,3.596004,-3.596049,0.000766,-0.000114,3.105203,2.551081,3.903236,-2.747182,0.000714,-0.000036,3.105217
50.7000,3.693470,3.596202,-3.596130,0.000688,-0.000209,3.104575,2.520331,3.918846,-2.747457,0.000621,-0.000220,3.104823
50.7500,3.680924,3.596597,-3.596206,0.000621,-0.000100,3.104073,2.468065,3.942518,-2.747471,0.000651,-0.000124,3.103942
50.8020,3.665127,3.597155,-3.596258,0.000575,-0.000002,3.103590,2.430041,3.958463,-2.747741,0.000673,-0.000048,3.103780
50.8500,3.648213,3.597793,-3.596256,0.000541,-0.000050,3.103052,2.370936,3.982539,-2.747652,0.000582,-0.000037,3.103058
50.9000,3.631413,3.598431,-3.596180,0.000490,-0.000186,3.102522,2.331393,3.998623,-2.747834,0.000475,-0.000184,3.102516
50.9500,3.615054,3.599057,-3.596072,0.000434,-0.000192,3.102040,2.272513,4.022775,-2.747615,0.000233,-0.000317,3.101824
51.0020,3.599305,3.599666,-3.595981,0.000399,-0.000127,3.101588,2.233732,4.038883,-2.747756,0.000500,-0.000003,3.101544
51.0500,3.584069,3.600261,-3.595927,0.000379,-0.000083,3.101140,2.176246,4.063054,-2.747537,0.000479,-0.000047,3.101009
51.1000,3.569109,3.600851,-3.595909,0.000357,-0.000044,3.100698,2.138225,4.079181,-2.747745,0.000404,0.000049,3.100802
51.1500,3.554262,3.601438,-3.595917,0.000331,0.000016,3.100265,2.081374,4.103385,-2.747567,0.000447,0.000047,3.100171
51.2020,3.539436,3.602031,-3.595936,0.000312,0.000084,3.099849,2.043528,4.119542,-2.747817,0.000281,0.000159,3.099852
51.2500,3.524548,3.602635,-3.595957,0.000299,0.000159,3.099450,1.986717,4.143816,-2.747622,0.000306,0.000205,3.099393
51.3000,3.509563,3.603253,-3.595973,0.000289,0.000243,3.099061,1.948776,4.160023,-2.747872,0.000309,0.000254,3.099158
51.3500,3.494493,3.603883,-3.595984,0.000280,0.000332,3.098678,1.891764,4.184375,-2.747613,0.000156,0.000275,3.098738
51.4000,3.479372,3.604524,-3.595991,0.000274,0.000422,3.098301,1.853710,4.200632,-2.747852,0.000153,0.000270,3.098477
51.4500,3.464234,3.605171,-3.595996,0.000270,0.000510,3.097931,3.128841,4.201681,-2.747534,0.000352,0.000474,3.098128
51.5000,3.449106,3.605823,-3.596003,0.000266,0.000595,3.097566,3.130387,4.217473,-2.747754,0.000235,0.000636,3.097824
51.5500,3.433997,3.606480,-3.596011,0.000264,0.000678,3.097206,3.132736,4.241167,-2.747395,0.000320,0.000698,3.097295
51.6000,3.418906,3.607142,-3.596022,0.000262,0.000758,3.096850,3.134322,4.256967,-2.747608,0.000270,0.000827,3.097056
51.6500,3.403829,3.607808,-3.596036,0.000260,0.000835,3.096498,3.136729,4.280673,-2.747234,0.000475,0.000766,3.096472
51.7000,3.388757,3.608479,-3.596051,0.000258,0.000910,3.096151,3.138346,4.296480,-2.747441,0.000222,0.000860,3.096084
51.7500,3.373687,3.609156,-3.596068,0.000256,0.000982,3.095808,3.140784,4.320197,-2.747062,0.000214,0.001027,3.095955
51.8000,3.358614,3.609839,-3.596086,0.000254,0.001050,3.095468,3.142412,4.336012,-2.747261,0.000293,0.001033,3.095565
51.8500,3.343540,3.610527,-3.596105,0.000252,0.001116,3.095132,3.144860,4.359743,-2.746883,0.000337,0.001123,3.095021
51.9000,3.328464,3.611220,-3.596125,0.000250,0.001179,3.094799,3.146498,4.375569,-2.747076,0.000385,0.001224,3.094969
51.9500,3.313388,3.611919,-3.596146,0.000248,0.001239,3.094469,3.148960,4.399316,-2.746703,0.000089,0.001289,3.094485
52.0000,3.298313,3.612623,-3.596167,0.000245,0.001296,3.094143,3.150603,4.415150,-2.746887,0.000278,0.001287,3.094239
52.0500,3.283240,3.613332,-3.596190,0.000242,0.001350,3.093820,3.153080,4.438909,-2.746529,0.000360,0.001353,3.093858
52.1020,3.268168,3.614046,-3.596213,0.000239,0.001402,3.093500,3.154737,4.454754,-2.746710,0.000223,0.001495,3.093514
52.1500,3.253098,3.614765,-3.596237,0.000236,0.001451,3.093184,3.157237,4.478528,-2.746365,0.000203,0.001404,3.093032
52.2000,3.238030,3.615489,-3.596262,0.000232,0.001498,3.092870,3.158908,4.494380,-2.746539,0.000333,0.001486,3.092936
52.2500,3.222962,3.616218,-3.596288,0.000228,0.001542,3.092560,3.161427,4.518165,-2.746214,0.000354,0.001504,3.092688
52.3000,3.207896,3.616951,-3.596315,0.000224,0.001584,3.092252,3.163108,4.534026,-2.746387,0.000311,0.001436,3.092281
52.3500,3.192831,3.617690,-3.596342,0.000220,0.001623,3.091948,3.165648,4.557824,-2.746081,0.000030,0.001493,3.092017
52.4000,3.177766,3.618433,-3.596370,0.000216,0.001661,3.091646,3.167342,4.573692,-2.746248,0.000012,0.001635,3.091699
52.4520,3.162703,3.619180,-3.596399,0.000211,0.001697,3.091347,3.885001,3.364129,-2.745808,0.000105,0.001722,3.091280
52.5000,3.147641,3.619933,-3.596428,0.000207,0.001731,3.091052,3.907855,3.343294,-2.745960,0.000213,0.001799,3.090955
52.5500,3.132580,3.620690,-3.596457,0.000202,0.001763,3.090759,3.942128,3.312034,-2.745705,0.000022,0.001795,3.090741
52.6000,3.117520,3.621451,-3.596487,0.000198,0.001793,3.090469,3.964971,3.291193,-2.745857,0.000184,0.001694,3.090553
52.6500,3.102460,3.622217,-3.596518,0.000193,0.001821,3.090182,3.999229,3.259925,-2.745629,0.000197,0.001784,3.090089
52.7000,3.087402,3.622988,-3.596549,0.000188,0.001848,3.089897,4.022061,3.239078,-2.745779,0.000158,0.001753,3.089968
52.7500,3.072345,3.623763,-3.596581,0.000184,0.001874,3.089616,4.056300,3.207802,-2.745571,0.000178,0.001741,3.089524
52.8000,3.057289,3.624542,-3.596612,0.000179,0.001898,3.089337,4.079122,3.186950,-2.745729,0.000340,0.001883,3.089445
52.8500,3.042234,3.625326,-3.596645,0.000174,0.001921,3.089061,4.113353,3.155671,-2.745535,0.000056,0.001891,3.089175
52.9000,3.027180,3.626114,-3.596677,0.000170,0.001943,3.088788,4.136167,3.134815,-2.745694,0.000118,0.001795,3.088859
52.9500,3.012127,3.626906,-3.596710,0.000165,0.001963,3.088517,4.170384,3.103527,-2.745520,-0.000069,0.002038,3.088452
53.0000,2.997075,3.627702,-3.596744,0.000161,0.001982,3.088249,4.193188,3.082665,-2.745684,0.000039,0.001950,3.088149
53.0500,2.982024,3.628503,-3.596777,0.000157,0.002000,3.087983,4.227388,3.051366,-2.745521,0.000012,0.001927,3.087892
53.1000,2.966973,3.629307,-3.596811,0.000153,0.002017,3.087721,4.250184,3.030497,-2.745692,0.000136,0.001941,3.087720
53.1500,2.951924,3.630116,-3.596845,0.000148,0.002033,3.087461,4.284374,2.999189,-2.745538,0.000220,0.001895,3.087492
53.2000,2.936876,3.630929,-3.596879,0.000144,0.002048,3.087203,4.307163,2.978317,-2.745711,-0.000027,0.002079,3.087460
53.2500,2.921828,3.631745,-3.596914,0.000140,0.002062,3.086948,4.341343,2.947005,-2.745566,-0.000115,0.001993,3.086786
53.3000,2.906782,3.632566,-3.596949,0.000136,0.002076,3.086695,4.364122,2.926126,-2.745751,0.000121,0.002316,3.086826
53.3520,2.891736,3.633390,-3.596983,0.000133,0.002088,3.086445,4.398291,2.894804,-2.745611,0.000180,0.001886,3.086625
53.4000,2.876691,3.634219,-3.597019,0.000129,0.002100,3.086198,4.421064,2.873921,-2.745796,0.000074,0.002127,3.086406
53.4500,2.861647,3.635051,-3.597054,0.000125,0.002111,3.085953,2.803050,3.056403,-2.745971,-0.000048,0.001906,3.085924
53.5000,2.846604,3.635887,-3.597089,0.000122,0.002121,3.085710,2.776737,3.042039,-2.746191,0.000157,0.002139,3.085675
53.5500,2.831562,3.636726,-3.597125,0.000119,0.002130,3.085470,2.737267,3.020503,-2.746018,0.000179,0.002127,3.085483
53.6000,2.816521,3.637570,-3.597161,0.000115,0.002139,3.085232,2.710951,3.006155,-2.746237,0.000261,0.002185,3.085245
53.6500,2.801481,3.638417,-3.597196,0.000112,0.002148,3.084997,2.671474,2.984650,-2.746067,0.000009,0.002110,3.084971
53.7000,2.786441,3.639267,-3.597232,0.000109,0.002155,3.084764,2.645153,2.970322,-2.746287,0.000324,0.002049,3.084812
53.7500,2.771402,3.640122,-3.597268,0.000106,0.002163,3.084533,2.605671,2.948849,-2.746116,0.000036,0.002254,3.084683
53.8000,2.756364,3.640979,-3.597304,0.000104,0.002169,3.084305,2.579347,2.934541,-2.746340,0.000084,0.002202,3.084284
53.8500,2.741327,3.641841,-3.597341,0.000101,0.002176,3.084079,2.539858,2.913097,-2.746174,-0.000061,0.002060,3.084074
53.9000,2.726291,3.642706,-3.597377,0.000098,0.002181,3.083855,2.513530,2.898808,-2.746397,0.000041,0.002303,3.083824
53.9500,2.711256,3.643574,-3.597413,0.000096,0.002187,3.083633,2.474037,2.877387,-2.746235,0.000022,0.002172,3.083653
54.0000,2.696221,3.644445,-3.597450,0.000094,0.002192,3.083414,2.447704,2.863115,-2.746460,0.000020,0.002217,3.083506
54.0500,2.681187,3.645320,-3.597486,0.000091,0.002196,3.083197,2.408209,2.841710,-2.746300,0.000021,0.002191,3.083221
54.1000,2.666154,3.646199,-3.597523,0.000089,0.002200,3.082982,2.381873,2.827451,-2.746524,0.000159,0.002247,3.082975
54.1500,2.651122,3.647080,-3.597559,0.000087,0.002204,3.082769,2.342370,2.806075,-2.746363,-0.000058,0.002127,3.082748
54.2000,2.636090,3.647965,-3.597596,0.000085,0.002208,3.082558,2.316031,2.791833,-2.746588,0.000151,0.002250,3.082707
54.2500,2.621059,3.648853,-3.597632,0.000083,0.002211,3.082350,2.276523,2.770482,-2.746433,0.000009,0.002136,3.082344
54.3000,2.606029,3.649745,-3.597669,0.000081,0.002214,3.082143,2.250177,2.756257,-2.746659,-0.000032,0.002101,3.082148
54.3500,2.591000,3.650639,-3.597706,0.000079,0.002216,3.081939,2.210661,2.734928,-2.746502,0.000039,0.002186,3.082079
54.4000,2.575971,3.651537,-3.597742,0.000078,0.002218,3.081737,2.184314,2.720713,-2.746727,0.000171,0.002175,3.081740
54.4500,2.560944,3.652437,-3.597779,0.000076,0.002221,3.081537,2.532539,2.968114,-2.746508,0.000040,0.002366,3.081678
54.5000,2.545917,3.653341,-3.597816,0.000075,0.002222,3.081338,2.517735,2.961866,-2.746731,0.000091,0.002333,3.081270
54.5520,2.530890,3.654248,-3.597852,0.000073,0.002224,3.081142,2.495526,2.952506,-2.746585,0.000160,0.002306,3.081024
54.6000,2.515865,3.655158,-3.597889,0.000072,0.002225,3.080948,2.480717,2.946275,-2.746809,0.000174,0.002231,3.081140
54.6500,2.500840,3.656071,-3.597926,0.000070,0.002226,3.080756,2.458504,2.936934,-2.746662,0.000127,0.002325,3.080702
54.7000,2.485815,3.656986,-3.597962,0.000069,0.002227,3.080565,2.443692,2.930717,-2.746886,-0.000059,0.002245,3.080725
54.7520,2.470792,3.657905,-3.597999,0.000068,0.002228,3.080377,2.421476,2.921397,-2.746740,-0.000026,0.002349,3.080288
54.8000,2.455769,3.658826,-3.598036,0.000067,0.002229,3.080190,2.406663,2.915187,-2.746967,-0.000002,0.002295,3.080308
54.8500,2.440747,3.659751,-3.598072,0.000066,0.002229,3.080006,2.384445,2.905876,-2.746822,0.000112,0.002251,3.080030
54.9000,2.425725,3.660678,-3.598109,0.000065,0.002230,3.079823,2.369630,2.899672,-2.747050,0.000055,0.002191,3.079841
54.9500,2.410704,3.661608,-3.598145,0.000064,0.002230,3.079642,2.347406,2.890376,-2.746902,0.000042,0.002148,3.079658
55.0000,2.395684,3.662541,-3.598182,0.000063,0.002230,3.079463,2.332589,2.884182,-2.747129,0.000112,0.002221,3.079469
55.0500,2.380665,3.663476,-3.598218,0.000062,0.002230,3.079286,2.310364,2.874901,-2.746982,0.000201,0.002165,3.079309
55.1000,2.365646,3.664414,-3.598255,0.000061,0.002230,3.079110,2.295545,2.868718,-2.747208,-0.000063,0.002046,3.078946
55.1500,2.350628,3.665355,-3.598291,0.000061,0.002229,3.078937,2.273321,2.859451,-2.747060,0.000196,0.002363,3.078995
55.2000,2.335610,3.666298,-3.598328,0.000060,0.002229,3.078765,2.258501,2.853277,-2.747290,-0.000003,0.002197,3.078623
55.2500,2.320593,3.667244,-3.598364,0.000059,0.002228,3.078595,2.236273,2.844023,-2.747141,0.000023,0.002242,3.078369
55.3000,2.305577,3.668193,-3.598401,0.000059,0.002228,3.078426,2.221450,2.837862,-2.747370,0.000028,0.002231,3.078581
55.3500,2.290561,3.669144,-3.598437,0.000058,0.002227,3.078260,2.199221,2.828619,-2.747221,-0.000057,0.002382,3.078091
55.4000,2.275546,3.670098,-3.598473,0.000058,0.002226,3.078095,2.184397,2.822464,-2.747453,0.000238,0.002051,3.078155
55.4500,2.260531,3.671054,-3.598510,0.000057,0.002225,3.077931,2.238000,3.512743,-2.747297,-0.000023,0.002201,3.077959
55.5000,2.245518,3.672013,-3.598546,0.000057,0.002225,3.077770,2.225483,3.527379,-2.747527,0.000113,0.002279,3.077658
55.5500,2.230504,3.672974,-3.598582,0.000056,0.002224,3.077610,2.206712,3.549340,-2.747378,-0.000076,0.002374,3.077612
55.6000,2.215492,3.673938,-3.598618,0.000056,0.002223,3.077451,2.194199,3.563985,-2.747607,-0.000106,0.002118,3.077367
55.6500,2.200479,3.674904,-3.598654,0.000056,0.002221,3.077294,2.175437,3.585956,-2.747456,0.000166,0.002216,3.077346
55.7000,2.185468,3.675872,-3.598690,0.000055,0.002220,3.077139,2.162929,3.600608,-2.747688,0.000085,0.002291,3.077322
55.7500,2.170457,3.676843,-3.598726,0.000055,0.002219,3.076985,2.144169,3.622589,-2.748054,-0.000195,0.002172,3.076915
55.8000,2.155447,3.677816,-3.598762,0.000055,0.002218,3.076833,2.131670,3.637247,-2.747765,-0.000012,0.002180,3.076827
55.8500,2.140437,3.678791,-3.598798,0.000054,0.002217,3.076683,2.112923,3.659239,-2.747612,0.000082,0.002191,3.076784
55.9000,2.125427,3.679769,-3.598834,0.000054,0.002215,3.076534,2.100426,3.673902,-2.747842,0.000206,0.002349,3.076451
55.9520,2.110419,3.680749,-3.598870,0.000054,0.002214,3.076386,2.081690,3.695905,-2.747691,-0.000120,0.002184,3.076165
56.0000,2.095411,3.681731,-3.598906,0.000054,0.002212,3.076240,2.069197,3.710574,-2.747921,0.000174,0.002187,3.076239
56.0500,2.080403,3.682716,-3.598942,0.000054,0.002211,3.076096,2.050467,3.732585,-2.747770,-0.000022,0.002224,3.076042
56.1000,2.065396,3.683702,-3.598977,0.000053,0.002210,3.075953,2.037979,3.747263,-2.748002,0.000131,0.002198,3.076079
56.1500,2.050389,3.684691,-3.599013,0.000053,0.002208,3.075811,2.019254,3.769285,-2.747848,-0.000019,0.002014,3.075844
56.2000,2.035383,3.685682,-3.599049,0.000053,0.002207,3.075671,2.006772,3.783969,-2.748077,0.000175,0.002092,3.075607
56.2500,2.020378,3.686675,-3.599084,0.000053,0.002205,3.075533,1.988062,3.806001,-2.747922,-0.000059,0.002197,3.075536
56.3000,2.005373,3.687670,-3.599120,0.000053,0.002204,3.075395,1.975588,3.820692,-2.748154,0.000019,0.002376,3.075408
56.3500,1.990368,3.688667,-3.599155,0.000053,0.002202,3.075259,1.956884,3.842733,-2.748004,0.000256,0.002154,3.075254
56.4000,1.975364,3.689666,-3.599191,0.000053,0.002200,3.075125,1.944414,3.857435,-2.748238,-0.000012,0.002357,3.075129
56.4500,1.960361,3.690667,-3.599226,0.000053,0.002199,3.074992,2.900990,3.842526,-2.747941,0.000043,0.002006,3.075003
56.5000,1.945358,3.691670,-3.599262,0.000053,0.002197,3.074860,2.917508,3.856076,-2.748163,0.000083,0.002150,3.074953
56.5500,1.930355,3.692675,-3.599297,0.000053,0.002196,3.074729,2.942285,3.876402,-2.748030,0.000251,0.002129,3.074917
56.6000,1.915353,3.693683,-3.599332,0.000053,0.002194,3.074600,2.958805,3.889955,-2.748256,-0.000053,0.002174,3.074508
56.6500,1.900352,3.694692,-3.599367,0.000053,0.002192,3.074473,2.983594,3.910279,-2.748121,0.000079,0.002154,3.074576
56.7000,1.885351,3.695703,-3.599402,0.000053,0.002191,3.074346,3.000122,3.923829,-2.748346,0.000047,0.002265,3.074349
56.7500,1.870350,3.696716,-3.599438,0.000053,0.002189,3.074221,3.024918,3.944151,-2.748209,0.000187,0.002179,3.074187
56.8040,1.855350,3.697730,-3.599473,0.000053,0.002187,3.074097,3.041450,3.957701,-2.748438,-0.000003,0.002047,3.074140
56.8500,1.840350,3.698747,-3.599508,0.000053,0.002186,3.073974,3.066254,3.978027,-2.748300,0.000032,0.002036,3.074160
56.9020,1.825351,3.699766,-3.599543,0.000053,0.002184,3.073853,3.082792,3.991579,-2.748530,0.000141,0.002231,3.073944
56.9500,1.810353,3.700786,-3.599578,0.000053,0.002183,3.073733,3.107607,4.011904,-2.748389,0.000063,0.002091,3.073837
57.0000,1.795354,3.701808,-3.599612,0.000053,0.002181,3.073614,3.124152,4.025454,-2.748617,0.000044,0.002138,3.073564
57.0500,1.780356,3.702832,-3.599647,0.000053,0.002179,3.073496,3.148979,4.045774,-2.748475,-0.000039,0.002161,3.073220
57.1000,1.765359,3.703858,-3.599682,0.000054,0.002178,3.073379,3.165533,4.059318,-2.748705,0.000002,0.002047,3.073532
57.1520,1.750362,3.704885,-3.599717,0.000054,0.002176,3.073264,3.190371,4.079633,-2.748559,0.000145,0.002023,3.073254
57.2000,1.735366,3.705914,-3.599751,0.000054,0.002174,3.073150,3.206931,4.093177,-2.748790,-0.000026,0.002113,3.073081
57.2500,1.720370,3.706945,-3.599786,0.000054,0.002173,3.073037,3.231775,4.113492,-2.748643,-0.000021,0.002281,3.073066
57.3000,1.705374,3.707978,-3.599821,0.000054,0.002171,3.072925,3.248338,4.127034,-2.748872,-0.000030,0.002226,3.072884
57.3500,1.690379,3.709012,-3.599855,0.000054,0.002170,3.072814,3.273191,4.147342,-2.748723,-0.000018,0.002367,3.072803
57.4000,1.675384,3.710048,-3.599890,0.000054,0.002168,3.072705,3.289758,4.160880,-2.748952,-0.000189,0.002298,3.072746
57.4500,1.660390,3.711086,-3.599924,0.000054,0.002166,3.072596,2.145347,3.490969,-2.748963,0.000192,0.002111,3.072595
57.5000,1.645396,3.712125,-3.599959,0.000054,0.002165,3.072489,2.127135,3.484051,-2.749207,0.000119,0.002030,3.072411
57.5500,1.630402,3.713166,-3.599993,0.000055,0.002163,3.072383,2.099817,3.473683,-2.749028,0.000212,0.002101,3.072350
57.6000,1.615409,3.714208,-3.600027,0.000055,0.002162,3.072277,2.081606,3.466773,-2.749270,-0.000007,0.002316,3.072268
57.6500,1.600416,3.715252,-3.600062,0.000055,0.002160,3.072173,2.054286,3.456415,-2.749096,0.000044,0.002207,3.072216
57.7000,1.585424,3.716297,-3.600096,0.000055,0.002158,3.072070,2.036069,3.449515,-2.749338,0.000087,0.002049,3.072089
57.7500,1.570432,3.717345,-3.600130,0.000055,0.002157,3.071968,2.008744,3.439170,-2.749158,-0.000105,0.002288,3.071829
57.8000,1.555440,3.718393,-3.600164,0.000055,0.002155,3.071867,1.990526,3.432276,-2.749398,-0.000091,0.002096,3.072114
57.8500,1.540449,3.719443,-3.600199,0.000056,0.002154,3.071767,1.963203,3.421933,-2.749221,0.000128,0.002222,3.071682
57.9000,1.525458,3.720495,-3.600233,0.000056,0.002152,3.071668,1.944983,3.415045,-2.749460,0.000127,0.002203,3.071676
57.9500,1.510468,3.721548,-3.600267,0.000056,0.002151,3.071570,1.917654,3.404714,-2.749282,0.000200,0.002111,3.071539
58.0000,1.495478,3.722602,-3.600301,0.000056,0.002149,3.071474,1.899434,3.397832,-2.749519,0.000028,0.002105,3.071539
58.0500,1.480488,3.723658,-3.600335,0.000056,0.002148,3.071378,1.872104,3.387510,-2.749342,0.000007,0.002232,3.071359
58.1000,1.465499,3.724716,-3.600369,0.000056,0.002146,3.071283,1.853882,3.380632,-2.749578,0.000241,0.002069,3.071191
58.1500,1.450510,3.725774,-3.600403,0.000056,0.002145,3.071189,1.826551,3.370321,-2.749401,0.000251,0.002212,3.071267
58.2000,1.435521,3.726835,-3.600436,0.000057,0.002143,3.071096,1.808329,3.363449,-2.749635,0.000315,0.002075,3.071081
58.2500,1.420533,3.727896,-3.600470,0.000057,0.002142,3.071004,1.780999,3.353149,-2.749462,-0.000031,0.001992,3.071072
58.3000,1.405545,3.728959,-3.600504,0.000057,0.002140,3.070912,1.762778,3.346283,-2.749693,-0.000014,0.002251,3.070934
58.3500,1.390557,3.730023,-3.600538,0.000057,0.002139,3.070822,1.735447,3.335992,-2.749522,-0.000049,0.002142,3.070924
58.4000,1.375570,3.731089,-3.600571,0.000057,0.002137,3.070733,1.717224,3.329133,-2.749753,0.000097,0.002134,3.070787
58.4500,1.360583,3.732156,-3.600605,0.000057,0.002136,3.070645,2.144070,2.965502,-2.749513,0.000243,0.002142,3.070558
58.5000,1.345597,3.733224,-3.600639,0.000058,0.002135,3.070557,2.139329,2.948133,-2.749737,0.000072,0.002160,3.070662
58.5500,1.330610,3.734294,-3.600672,0.000058,0.002133,3.070471,2.132219,2.922081,-2.749581,0.000012,0.002166,3.070468
58.6000,1.315625,3.735365,-3.600706,0.000058,0.002132,3.070385,2.127477,2.904714,-2.749807,0.000082,0.002212,3.070412
58.6500,1.300639,3.736437,-3.600739,0.000058,0.002130,3.070300,2.120360,2.878667,-2.749652,0.000028,0.002284,3.070291
58.7000,1.285654,3.737510,-3.600773,0.000058,0.002129,3.070216,2.115612,2.861303,-2.749879,0.000290,0.002212,3.070236
58.7500,1.270669,3.738585,-3.600806,0.000058,0.002128,3.070133,2.108492,2.835261,-2.749721,-0.000117,0.002242,3.070082
58.8020,1.255684,3.739661,-3.600840,0.000059,0.002126,3.070051,2.103742,2.817903,-2.749950,0.000030,0.002087,3.070202
58.8500,1.240700,3.740738,-3.600873,0.000059,0.002125,3.069969,2.096617,2.791865,-2.749795,0.000172,0.002271,3.069891
58.9000,1.225716,3.741816,-3.600906,0.000059,0.002124,3.069889,2.091863,2.774509,-2.750021,0.000078,0.001972,3.070008
58.9500,1.210732,3.742896,-3.600940,0.000059,0.002122,3.069809,2.084735,2.748479,-2.749866,0.000055,0.002170,3.069775
59.0000,1.195749,3.743977,-3.600973,0.000059,0.002121,3.069730,2.079982,2.731126,-2.750094,0.000108,0.001888,3.069622
59.0500,1.180766,3.745058,-3.601006,0.000059,0.002120,3.069652,2.072854,2.705099,-2.749939,0.000181,0.002089,3.069735
59.1000,1.165783,3.746141,-3.601039,0.000060,0.002119,3.069574,2.068101,2.687748,-2.750168,0.000014,0.002167,3.069447
59.1500,1.150801,3.747226,-3.601073,0.000060,0.002117,3.069498,2.060970,2.661722,-2.750014,-0.000052,0.002054,3.069271
59.2000,1.135819,3.748311,-3.601106,0.000060,0.002116,3.069422,2.056212,2.644372,-2.750244,0.000244,0.002079,3.069516
59.2500,1.120837,3.749397,-3.601139,0.000060,0.002115,3.069347,2.049076,2.618348,-2.750085,0.000042,0.002220,3.069301
59.3000,1.105855,3.750485,-3.601172,0.000060,0.002114,3.069273,2.044317,2.601002,-2.750313,0.000088,0.002094,3.069368
59.3520,1.090874,3.751573,-3.601205,0.000060,0.002112,3.069199,2.037184,2.574984,-2.750157,-0.000010,0.001886,3.069266
59.4000,1.075893,3.752663,-3.601238,0.000061,0.002111,3.069127,2.032427,2.557640,-2.750386,-0.000015,0.002268,3.069075
59.4520,1.060913,3.753754,-3.601271,0.000061,0.002110,3.069055,1.089573,3.543750,-2.750367,0.000232,0.002054,3.069114
59.5000,1.045932,3.754846,-3.601304,0.000061,0.002109,3.068983,1.057039,3.556519,-2.750607,0.000091,0.002098,3.068946
59.5500,1.030952,3.755939,-3.601337,0.000061,0.002108,3.068913,1.008244,3.575680,-2.750424,-0.000014,0.002227,3.068842
59.6000,1.015972,3.757032,-3.601370,0.000061,0.002107,3.068843,0.975715,3.588456,-2.750666,0.000146,0.002159,3.068866
59.6500,1.000992,3.758127,-3.601402,0.000061,0.002105,3.068774,0.926921,3.607623,-2.750488,0.000072,0.002081,3.068723
59.7000,0.986013,3.759223,-3.601435,0.000062,0.002104,3.068705,0.894392,3.620405,-2.750724,0.000181,0.002227,3.068780
59.7500,0.971034,3.760320,-3.601468,0.000062,0.002103,3.068638,0.845603,3.639585,-2.750545,0.000119,0.002154,3.068606
59.8000,0.956055,3.761418,-3.601501,0.000062,0.002102,3.068571,0.813076,3.652373,-2.750781,0.000273,0.002150,3.068840
59.8500,0.941077,3.762517,-3.601534,0.000062,0.002101,3.068504,0.764288,3.671559,-2.750605,0.000058,0.002032,3.068543
59.9000,0.926098,3.763617,-3.601566,0.000062,0.002100,3.068439,0.731764,3.684354,-2.750835,0.000041,0.002241,3.068344
59.9500,0.911120,3.764718,-3.601599,0.000062,0.002099,3.068374,0.682981,3.703548,-2.750660,-0.000016,0.002146,3.068365
60.0000,0.896143,3.765820,-3.601632,0.000063,0.002098,3.068309,0.650457,3.716346,-2.750892,0.000004,0.002135,3.068393
60.0500,0.881165,3.766923,-3.601664,0.000063,0.002097,3.068246,0.601677,3.735549,-2.750719,0.000012,0.001993,3.068271
60.1000,0.866188,3.768027,-3.601697,0.000063,0.002096,3.068183,0.569156,3.748352,-2.750948,0.000082,0.002052,3.068125
60.1500,0.851211,3.769131,-3.601729,0.000063,0.002094,3.068120,0.520381,3.767564,-2.750771,0.000185,0.002164,3.068184
60.2000,0.836234,3.770237,-3.601762,0.000063,0.002093,3.068059,0.487864,3.780376,-2.751003,0.000237,0.002135,3.068149
60.2500,0.821257,3.771343,-3.601794,0.000063,0.002092,3.067998,0.439095,3.799601,-2.750830,-0.000037,0.002007,3.068018
60.3000,0.806281,3.772451,-3.601827,0.000063,0.002091,3.067937,0.406584,3.812421,-2.751056,-0.000085,0.002127,3.067931
60.3500,0.791305,3.773559,-3.601859,0.000064,0.002090,3.067877,0.357822,3.831650,-2.750885,-0.000022,0.002230,3.067739
60.4000,0.776329,3.774668,-3.601892,0.000064,0.002089,3.067818,0.325313,3.844473,-2.751116,0.000111,0.002104,3.067736
60.4500,0.761354,3.775778,-3.601924,0.000064,0.002088,3.067759,0.700338,3.579555,-2.750887,0.000043,0.002013,3.067876
60.5020,0.746378,3.776889,-3.601957,0.000064,0.002087,3.067701,0.680416,3.583925,-2.751112,-0.000022,0.002206,3.067773
60.5500,0.731403,3.778001,-3.601989,0.000064,0.002087,3.067644,0.650533,3.590480,-2.750956,0.000048,0.002339,3.067596
60.6000,0.716428,3.779113,-3.602021,0.000064,0.002086,3.067587,0.630609,3.594856,-2.751182,0.000137,0.002090,3.067556
60.6500,0.701453,3.780227,-3.602054,0.000064,0.002085,3.067531,0.600723,3.601422,-2.751026,0.000029,0.002070,3.067427
60.7000,0.686479,3.781341,-3.602086,0.000065,0.002084,3.067475,0.580797,3.605801,-2.751250,0.000089,0.002085,3.067556
60.7500,0.671505,3.782456,-3.602118,0.000065,0.002083,3.067420,0.550911,3.612371,-2.751095,0.000123,0.002121,3.067517
60.8000,0.656530,3.783572,-3.602150,0.000065,0.002082,3.067365,0.530984,3.616756,-2.751322,0.000078,0.002183,3.067493
60.8500,0.641557,3.784689,-3.602182,0.000065,0.002081,3.067311,0.501092,3.623335,-2.751166,-0.000063,0.002139,3.067275
60.9000,0.626583,3.785806,-3.602215,0.000065,0.002080,3.067258,0.481161,3.627723,-2.751393,0.000061,0.002079,3.067251
60.9500,0.611610,3.786924,-3.602247,0.000065,0.002079,3.067205,0.451268,3.634306,-2.751235,0.000205,0.002077,3.067240
61.0000,0.596636,3.788043,-3.602279,0.000065,0.002078,3.067152,0.431336,3.638695,-2.751461,0.000101,0.002015,3.067111
61.0500,0.581663,3.789163,-3.602311,0.000065,0.002077,3.067100,0.401443,3.645282,-2.751300,0.000143,0.001980,3.067033
61.1000,0.566690,3.790284,-3.602343,0.000066,0.002077,3.067049,0.381514,3.649674,-2.751527,0.000119,0.002075,3.067226
61.1500,0.551718,3.791405,-3.602375,0.000066,0.002076,3.066998,0.351625,3.656269,-2.751366,0.000185,0.002125,3.066832
61.2000,0.536745,3.792527,-3.602407,0.000066,0.002075,3.066948,0.331699,3.660669,-2.751593,0.000004,0.002056,3.066910
61.2500,0.521773,3.793650,-3.602439,0.000066,0.002074,3.066898,0.301814,3.667267,-2.751434,0.000092,0.002015,3.067033
61.3000,0.506801,3.794773,-3.602471,0.000066,0.002073,3.066849,0.281890,3.671668,-2.751660,0.000153,0.002100,3.066750
61.3500,0.491829,3.795897,-3.602503,0.000066,0.002072,3.066800,0.252007,3.678272,-2.751502,0.000154,0.002247,3.066790
61.4000,0.476858,3.797022,-3.602535,0.000066,0.002072,3.066752,0.232082,3.682677,-2.751732,0.000069,0.002132,3.066879
61.4500,0.461886,3.798148,-3.602567,0.000066,0.002071,3.066704,0.116246,3.679645,-2.751585,0.000101,0.002148,3.066828
61.5000,0.446915,3.799274,-3.602599,0.000067,0.002070,3.066657,0.093766,3.683769,-2.751814,0.000180,0.001861,3.066675
61.5500,0.431944,3.800401,-3.602631,0.000067,0.002069,3.066610,0.060050,3.689959,-2.751649,0.000131,0.001921,3.066650
61.6000,0.416973,3.801529,-3.602663,0.000067,0.002068,3.066564,0.037574,3.694089,-2.751877,-0.000002,0.002022,3.066530
61.6500,0.402002,3.802657,-3.602695,0.000067,0.002068,3.066518,0.003862,3.700286,-2.751716,0.000026,0.001993,3.066516
61.7000,0.387032,3.803786,-3.602727,0.000067,0.002067,3.066472,-0.018613,3.704419,-2.751944,0.000005,0.002063,3.066565
61.7500,0.372061,3.804916,-3.602758,0.000067,0.002066,3.066427,-0.052325,3.710616,-2.751783,-0.000057,0.002110,3.066428
61.8000,0.357091,3.806046,-3.602790,0.000067,0.002065,3.066383,-0.074801,3.714751,-2.752011,0.000125,0.002116,3.066261
61.8500,0.342121,3.807177,-3.602822,0.000067,0.002065,3.066339,-0.108513,3.720958,-2.751852,0.000196,0.002082,3.066367
61.9000,0.327151,3.808309,-3.602854,0.000067,0.002064,3.066295,-0.130990,3.725097,-2.752079,-0.000045,0.001950,3.066366
61.9500,0.312182,3.809441,-3.602885,0.000068,0.002063,3.066252,-0.164699,3.731309,-2.751913,0.000130,0.001928,3.066091
62.0000,0.297212,3.810574,-3.602917,0.000068,0.002062,3.066210,-0.187170,3.735453,-2.752141,0.000243,0.002152,3.066271
62.0500,0.282243,3.811707,-3.602949,0.000068,0.002062,3.066167,-0.220875,3.741672,-2.751979,0.000116,0.002037,3.066096
62.1000,0.267274,3.812841,-3.602981,0.000068,0.002061,3.066125,-0.243345,3.745821,-2.752207,0.000108,0.001895,3.065904
62.1500,0.252305,3.813976,-3.603012,0.000068,0.002060,3.066084,-0.277045,3.752048,-2.752044,0.000068,0.002065,3.066150
62.2000,0.237336,3.815111,-3.603044,0.000068,0.002060,3.066043,-0.299513,3.756197,-2.752271,-0.000011,0.002085,3.066173
62.2500,0.222367,3.816247,-3.603076,0.000068,0.002059,3.066003,-0.333211,3.762426,-2.752112,0.000142,0.002038,3.066111
62.3000,0.207399,3.817384,-3.603107,0.000068,0.002058,3.065962,-0.355680,3.766579,-2.752338,-0.000012,0.002091,3.065954
62.3500,0.192431,3.818521,-3.603139,0.000068,0.002058,3.065923,-0.389378,3.772813,-2.752175,0.000186,0.001991,3.066132
62.4000,0.177462,3.819659,-3.603170,0.000068,0.002057,3.065883,-0.411844,3.776968,-2.752405,-0.000016,0.002154,3.065969
62.4500,0.162494,3.820797,-3.603202,0.000069,0.002056,3.065844,-0.190352,3.945717,-2.752212,0.000102,0.002095,3.065792
62.5000,0.147526,3.821936,-3.603233,0.000069,0.002056,3.065806,-0.205235,3.954701,-2.752439,0.000113,0.002076,3.065771
62.5500,0.132559,3.823075,-3.603265,0.000069,0.002055,3.065768,-0.227558,3.968181,-2.752280,0.000122,0.002043,3.065892
62.6000,0.117785,3.824200,-3.603282,0.000070,0.002231,3.065728,-0.242422,3.977165,-2.752502,-0.000088,0.002103,3.065834
62.6500,0.105300,3.825152,-3.603322,0.000085,0.002705,3.065659,-0.263031,3.990516,-2.752146,0.000137,0.002645,3.065802
62.7000,0.097539,3.825750,-3.603380,0.000115,0.003023,3.065514,-0.273545,3.999173,-2.752393,0.000089,0.003097,3.065534
62.7500,0.094666,3.825973,-3.603429,0.000131,0.003101,3.065389,-0.283262,4.011702,-2.751988,0.000200,0.003132,3.065378
62.8000,0.095154,3.825919,-3.603460,0.000122,0.003140,3.065325,-0.286506,4.019796,-2.752209,-0.000121,0.003263,3.065247
62.8500,0.096942,3.825748,-3.603440,0.000117,0.003325,3.065201,-0.289078,4.031734,-2.751718,0.000177,0.003337,3.065218
62.9000,0.098767,3.825573,-3.603354,0.000130,0.003553,3.065068,-0.290516,4.039666,-2.751843,0.000187,0.003411,3.065139
62.9520,0.100268,3.825429,-3.603243,0.000140,0.003585,3.064975,-0.292930,4.051589,-2.751195,-0.000003,0.003771,3.065038
63.0000,0.101207,3.825341,-3.603151,0.000133,0.003515,3.064915,-0.294945,4.059577,-2.751276,0.000129,0.003438,3.064853
63.0500,0.101608,3.825307,-3.603096,0.000118,0.003465,3.064860,-0.298639,4.071625,-2.750781,0.000109,0.003434,3.064962
63.1000,0.101669,3.825308,-3.603079,0.000109,0.003422,3.064812,-0.301445,4.079690,-2.750913,0.000128,0.003609,3.064928
63.1500,0.101617,3.825323,-3.603087,0.000102,0.003339,3.064777,-0.305859,4.091812,-2.750592,0.000233,0.003337,3.064892
63.2000,0.101566,3.825339,-3.603106,0.000090,0.003239,3.064745,-0.308826,4.099900,-2.750759,0.000316,0.003408,3.064661
63.2500,0.101556,3.825351,-3.603124,0.000075,0.003150,3.064715,-0.313235,4.112030,-2.750554,0.000024,0.003134,3.064676
63.3000,0.101611,3.825356,-3.603137,0.000062,0.003064,3.064689,-0.316130,4.120113,-2.750721,0.000004,0.003072,3.064738
63.3500,0.101726,3.825354,-3.603144,0.000050,0.002970,3.064666,-0.320390,4.132228,-2.750579,-0.000018,0.002954,3.064642
63.4020,0.101875,3.825347,-3.603147,0.000037,0.002873,3.064643,-0.323199,4.140302,-2.750741,-0.000006,0.003003,3.064717
63.4520,0.102033,3.825338,-3.603146,0.000023,0.002782,3.064620,-0.010179,3.612812,-2.750546,-0.000051,0.002661,3.064654
63.5000,0.102188,3.825330,-3.603145,0.000011,0.002693,3.064596,-0.003561,3.604840,-2.750710,0.000144,0.002781,3.064528
63.5500,0.102336,3.825323,-3.603145,-0.000000,0.002604,3.064573,0.006359,3.592884,-2.750688,0.000083,0.002510,3.064536
63.6000,0.102449,3.825317,-3.603146,-0.000048,0.002517,3.065096,0.012959,3.584917,-2.750865,0.000024,0.002432,3.064908
63.6500,0.102484,3.825314,-3.603216,-0.000286,0.002448,3.069228,0.022786,3.572982,-2.750962,-0.000135,0.002440,3.069341
63.7000,0.102499,3.825325,-3.603288,-0.000565,0.002318,3.076390,0.029342,3.565062,-2.751230,-0.000448,0.002220,3.074770
63.7500,0.102532,3.825363,-3.603256,-0.000647,0.002057,3.083940,0.039280,3.553285,-2.751398,-0.000643,0.002093,3.083808
63.8000,0.102596,3.825409,-3.603150,-0.000653,0.001845,3.092004,0.045984,3.545497,-2.751549,-0.000693,0.001773,3.090237
63.8500,0.102698,3.825444,-3.603030,-0.000737,0.001726,3.101275,0.056184,3.533890,-2.751614,-0.000615,0.001661,3.101363
63.9020,0.102824,3.825457,-3.602935,-0.000840,0.001651,3.111602,0.063083,3.526204,-2.751772,-0.000797,0.001596,3.109529
63.9500,0.102956,3.825448,-3.602881,-0.000853,0.001578,3.122387,0.073567,3.514754,-2.751883,-0.000890,0.001526,3.122328
64.0000,0.103087,3.825430,-3.602866,-0.000825,0.001507,3.133477,0.080637,3.507184,-2.752124,-0.000758,0.001432,3.131405
64.0500,0.103210,3.825412,-3.602875,-0.000830,0.001450,-3.138250,0.091366,3.495948,-2.752276,-0.000916,0.001301,-3.138289
64.1000,0.103325,3.825400,-3.602895,-0.000854,0.001408,-3.126469,0.098598,3.488540,-2.752566,-0.000785,0.001447,-3.128798
64.1500,0.103435,3.825396,-3.602915,-0.000857,0.001376,-3.114499,0.109569,3.477567,-2.752684,-0.000992,0.001299,-3.114416
64.2000,0.103540,3.825399,-3.602929,-0.000842,0.001350,-3.102411,0.116966,3.470344,-2.752984,-0.001007,0.001529,-3.104726
64.2500,0.103645,3.825407,-3.602937,-0.000824,0.001332,-3.090214,0.128190,3.459649,-2.753024,-0.000943,0.001307,-3.090127
64.3000,0.103749,3.825418,-3.602941,-0.000803,0.001323,-3.077920,0.135759,3.452612,-2.753320,-0.000841,0.001502,-3.080357
64.3500,0.103853,3.825429,-3.602943,-0.000770,0.001317,-3.065559,0.147241,3.442201,-2.753280,-0.000620,0.001469,-3.065436
64.4000,0.103957,3.825441,-3.602944,-0.000728,0.001314,-3.053156,0.154980,3.435355,-2.753572,-0.000759,0.001347,-3.055550
64.4760,0.104060,3.825453,-3.602946,-0.000685,0.001311,-3.040719,0.711114,3.734502,-2.753448,-0.000647,0.001278,-3.040805
64.5000,0.104162,3.825466,-3.602949,-0.000642,0.001309,-3.028253,0.734015,3.738895,-2.753744,-0.000653,0.001412,-3.030770
64.5520,0.104263,3.825479,-3.602953,-0.000599,0.001308,-3.015766,0.768278,3.745913,-2.753597,-0.000492,0.001526,-3.015706
64.6000,0.104362,3.825493,-3.602957,-0.000556,0.001307,-3.003264,0.791058,3.750877,-2.753887,-0.000557,0.001473,-3.005744
64.6500,0.104460,3.825508,-3.602961,-0.000514,0.001307,-2.990752,0.825126,3.758753,-2.753696,-0.000608,0.001331,-2.990742
64.7000,0.104557,3.825525,-3.602965,-0.000474,0.001307,-2.978231,0.847770,3.764287,-2.753983,-0.000274,0.001287,-2.980729
64.7520,0.104652,3.825543,-3.602969,-0.000434,0.001307,-2.965703,0.881628,3.773017,-2.753758,-0.000268,0.001273,-2.965524
64.8000,0.104746,3.825562,-3.602973,-0.000396,0.001307,-2.953171,0.904123,3.779125,-2.754038,-0.000432,0.001328,-2.955716
64.8500,0.104839,3.825582,-3.602977,-0.000358,0.001308,-2.940636,0.937749,3.788701,-2.753782,-0.000314,0.001291,-2.940746
64.9000,0.104931,3.825602,-3.602981,-0.000322,0.001308,-2.928098,0.960082,3.795368,-2.754051,-0.000365,0.001220,-2.930567
64.9520,0.105021,3.825624,-3.602984,-0.000288,0.001309,-2.915559,0.993451,3.805789,-2.753778,-0.000364,0.001399,-2.915502
65.0000,0.105111,3.825647,-3.602988,-0.000255,0.001309,-2.903018,1.015607,3.813015,-2.754040,-0.000423,0.001481,-2.905589
65.0500,0.105199,3.825670,-3.602991,-0.000223,0.001309,-2.890477,1.048702,3.824268,-2.753754,-0.000222,0.001098,-2.890584
65.1000,0.105286,3.825695,-3.602995,-0.000193,0.001309,-2.877935,1.070669,3.832048,-2.754009,-0.000331,0.001151,-2.880424
65.1500,0.105371,3.825720,-3.602998,-0.000164,0.001309,-2.865393,1.103474,3.844129,-2.753716,-0.000214,0.001123,-2.865446
65.2000,0.105456,3.825746,-3.603002,-0.000136,0.001309,-2.852851,1.125241,3.852458,-2.753963,-0.000186,0.001348,-2.855090
65.2500,0.105539,3.825773,-3.603005,-0.000110,0.001308,-2.840309,1.157732,3.865360,-2.753665,-0.000040,0.001310,-2.840270
65.3000,0.105621,3.825801,-3.603009,-0.000085,0.001308,-2.827767,1.179283,3.874232,-2.753901,-0.000106,0.001257,-2.830380
65.3500,0.105702,3.825829,-3.603012,-0.000061,0.001308,-2.815225,1.211439,3.887946,-2.753604,-0.000075,0.001281,-2.815154
65.4000,0.105782,3.825858,-3.603015,-0.000039,0.001307,-2.802684,1.232759,3.897357,-2.753833,-0.000106,0.001083,-2.805330
65.4500,0.105861,3.825888,-3.603019,-0.000017,0.001306,-2.790142,0.113355,3.819230,-2.753612,0.000155,0.001358,-2.790217
65.5000,0.105938,3.825919,-3.603022,0.000003,0.001306,-2.777601,0.100969,3.820866,-2.753843,0.000094,0.001295,-2.780201
65.5500,0.106014,3.825950,-3.603025,0.000023,0.001305,-2.765061,0.082360,3.823092,-2.753545,0.000012,0.001387,-2.765051
65.6000,0.106089,3.825982,-3.603028,0.000042,0.001304,-2.752521,0.069935,3.824420,-2.753769,0.000046,0.001236,-2.755060
65.6500,0.106163,3.826014,-3.603032,0.000060,0.001303,-2.739981,0.051272,3.826180,-2.753479,0.000157,0.001395,-2.740175
65.7020,0.106236,3.826047,-3.603035,0.000077,0.001302,-2.727441,0.038813,3.827201,-2.753697,-0.000066,0.001336,-2.729930
65.7500,0.106308,3.826081,-3.603038,0.000093,0.001301,-2.714902,0.020105,3.828493,-2.753414,0.000084,0.001171,-2.714767
65.8000,0.106378,3.826115,-3.603041,0.000108,0.001300,-2.702364,0.007623,3.829199,-2.753625,0.000136,0.001369,-2.704799
65.8500,0.106447,3.826150,-3.603044,0.000123,0.001299,-2.689825,-0.011112,3.830024,-2.753351,0.000123,0.001129,-2.689752
65.9000,0.106515,3.826185,-3.603047,0.000137,0.001298,-2.677287,-0.023609,3.830418,-2.753557,0.000237,0.001053,-2.679869
65.9500,0.106582,3.826221,-3.603050,0.000151,0.001297,-2.664750,-0.042358,3.830779,-2.753291,0.000194,0.001298,-2.664642
66.0000,0.106648,3.826257,-3.603053,0.000164,0.001296,-2.652213,-0.054860,3.830861,-2.753496,0.000216,0.001108,-2.654711
66.0500,0.106713,3.826294,-3.603056,0.000176,0.001295,-2.639676,-0.073611,3.830749,-2.753239,0.000199,0.001106,-2.639738
66.1000,0.106776,3.826331,-3.603059,0.000188,0.001293,-2.627139,-0.086111,3.830521,-2.753440,0.000140,0.001435,-2.629561
66.1520,0.106839,3.826368,-3.603062,0.000200,0.001292,-2.614603,-0.104855,3.829946,-2.753193,0.000143,0.001408,-2.614781
66.2000,0.106900,3.826406,-3.603064,0.000211,0.001291,-2.602067,-0.117347,3.829407,-2.753393,0.000202,0.001255,-2.604455
66.2500,0.106960,3.826445,-3.603067,0.000221,0.001289,-2.589532,-0.136072,3.828360,-2.753154,0.000194,0.001222,-2.589545
66.3000,0.107019,3.826483,-3.603070,0.000231,0.001288,-2.576997,-0.148549,3.827507,-2.753352,0.000296,0.001178,-2.579310
66.3500,0.107077,3.826522,-3.603073,0.000241,0.001287,-2.564462,-0.167245,3.825993,-2.753120,0.000204,0.001459,-2.564417
66.4000,0.107134,3.826562,-3.603075,0.000251,0.001285,-2.551928,-0.179699,3.824825,-2.753317,0.000114,0.001305,-2.554554
66.4500,0.107190,3.826601,-3.603078,0.000260,0.001284,-2.539394,-0.238695,4.289797,-2.753096,0.000246,0.001319,-2.539389
66.5000,0.107245,3.826642,-3.603081,0.000268,0.001282,-2.526860,-0.254687,4.301873,-2.753293,0.000392,0.001254,-2.529144
66.5500,0.107299,3.826682,-3.603084,0.000277,0.001281,-2.514327,-0.278900,4.319686,-2.753076,0.000320,0.001328,-2.514339
66.6000,0.107351,3.826722,-3.603086,0.000285,0.001279,-2.501794,-0.295190,4.331362,-2.753273,0.000273,0.001087,-2.504220
66.6500,0.107403,3.826763,-3.603089,0.000293,0.001278,-2.489261,-0.319843,4.348567,-2.753059,0.000400,0.001531,-2.489210
66.7000,0.107453,3.826804,-3.603091,0.000301,0.001276,-2.476729,-0.336427,4.359825,-2.753258,0.000197,0.001137,-2.479273
66.7500,0.107503,3.826846,-3.603094,0.000308,0.001275,-2.464197,-0.361510,4.376404,-2.753048,0.000196,0.001357,-2.464143
66.8000,0.107551,3.826887,-3.603096,0.000315,0.001273,-2.451665,-0.378371,4.387244,-2.753242,0.000254,0.001177,-2.454174
66.8500,0.107599,3.826929,-3.603099,0.000322,0.001271,-2.439133,-0.403861,4.403187,-2.753037,0.000506,0.001156,-2.439157
66.9000,0.107645,3.826971,-3.603101,0.000329,0.001270,-2.426602,-0.420989,4.413601,-2.753237,0.000267,0.001309,-2.429013
66.9500,0.107691,3.827013,-3.603104,0.000336,0.001268,-2.414072,-0.446876,4.428902,-2.753033,0.000386,0.001361,-2.414060
67.0000,0.107735,3.827055,-3.603106,0.000342,0.001266,-2.401541,-0.464263,4.438884,-2.753233,0.000193,0.001205,-2.403901
67.0500,0.107779,3.827097,-3.603109,0.000348,0.001265,-2.389011,-0.490527,4.453533,-2.753031,0.000442,0.001298,-2.389231
67.1000,0.107821,3.827140,-3.603111,0.000354,0.001263,-2.376481,-0.508160,4.463079,-2.753231,0.000454,0.001225,-2.379005
67.1500,0.107863,3.827182,-3.603113,0.000360,0.001262,-2.363951,-0.534787,4.477066,-2.753033,0.000273,0.001319,-2.363914
67.2000,0.107903,3.827225,-3.603116,0.000366,0.001260,-2.351422,-0.552658,4.486165,-2.753232,0.000439,0.001200,-2.353786
67.2500,0.107943,3.827268,-3.603118,0.000372,0.001258,-2.338893,-0.579632,4.499478,-2.753034,0.000358,0.001249,-2.338862
67.3000,0.107981,3.827311,-3.603120,0.000377,0.001256,-2.326364,-0.597727,4.508128,-2.753237,0.000348,0.001180,-2.328779
67.3520,0.108019,3.827353,-3.603123,0.000383,0.001255,-2.313836,-0.625031,4.520765,-2.753039,0.000399,0.001331,-2.313810
67.4000,0.108056,3.827396,-3.603125,0.000388,0.001253,-2.301308,-0.643341,4.528959,-2.753240,0.000386,0.001370,-2.303765
67.4500,0.108092,3.827439,-3.603127,0.000393,0.001251,-2.288780,-0.007289,4.113671,-2.752991,0.000624,0.001290,-2.288553
67.5000,0.108127,3.827482,-3.603129,0.000398,0.001250,-2.276252,-0.004041,4.112224,-2.753188,0.000366,0.001447,-2.278945
67.5500,0.108161,3.827525,-3.603131,0.000403,0.001248,-2.263725,0.000854,4.110115,-2.752999,0.000511,0.001261,-2.263760
67.6000,0.108194,3.827568,-3.603134,0.000408,0.001246,-2.251198,0.004134,4.108750,-2.753197,0.000507,0.001138,-2.253758
67.6500,0.108226,3.827611,-3.603136,0.000413,0.001244,-2.238671,0.009079,4.106766,-2.753008,0.000467,0.001190,-2.238697
67.7000,0.108257,3.827654,-3.603138,0.000417,0.001242,-2.226144,0.012392,4.105486,-2.753207,0.000502,0.001388,-2.228629
67.7500,0.108288,3.827697,-3.603140,0.000422,0.001241,-2.213618,0.017384,4.103629,-2.753018,0.000417,0.001255,-2.213556
67.8020,0.108318,3.827739,-3.603142,0.000426,0.001239,-2.201092,0.020727,4.102433,-2.753217,0.000431,0.001203,-2.203748
67.8500,0.108346,3.827782,-3.603144,0.000431,0.001237,-2.188566,0.025762,4.100702,-2.753028,0.000220,0.001150,-2.188578
67.9020,0.108374,3.827825,-3.603146,0.000435,0.001235,-2.176041,0.029134,4.099589,-2.753229,0.000394,0.001454,-2.178665
67.9500,0.108401,3.827867,-3.603148,0.000440,0.001233,-2.163516,0.034210,4.097980,-2.753039,0.000399,0.001165,-2.163404
68.0000,0.108428,3.827910,-3.603150,0.000444,0.001232,-2.150991,0.037606,4.096950,-2.753240,0.000419,0.001314,-2.153501
68.0500,0.108453,3.827952,-3.603152,0.000448,0.001230,-2.138466,0.042718,4.095468,-2.753049,0.000720,0.001241,-2.138550
68.1000,0.108478,3.827995,-3.603154,0.000452,0.001228,-2.125941,0.046134,4.094523,-2.753250,0.000323,0.001009,-2.128533
68.1500,0.108502,3.828037,-3.603156,0.000456,0.001226,-2.113417,0.051278,4.093171,-2.753059,0.000450,0.001225,-2.113367
68.2000,0.108525,3.828079,-3.603158,0.000460,0.001224,-2.100893,0.054718,4.092313,-2.753262,0.000422,0.001312,-2.103432
68.2500,0.108548,3.828121,-3.603160,0.000464,0.001222,-2.088369,0.059894,4.091091,-2.753070,0.000336,0.001271,-2.088422
68.3020,0.108569,3.828163,-3.603162,0.000468,0.001220,-2.075846,0.063353,4.090318,-2.753273,0.000384,0.001224,-2.078388
68.3500,0.108590,3.828204,-3.603164,0.000472,0.001218,-2.063323,0.068558,4.089227,-2.753080,0.000390,0.001200,-2.063461
68.4000,0.108610,3.828246,-3.603166,0.000476,0.001216,-2.050799,0.072036,4.088541,-2.753283,0.000519,0.001172,-2.053289
68.4500,0.108630,3.828287,-3.603167,0.000480,0.001215,-2.038277,0.220182,4.757142,-2.753050,0.000465,0.001023,-2.038241
68.5020,0.108648,3.828328,-3.603169,0.000484,0.001213,-2.025754,0.224443,4.777016,-2.753254,0.000563,0.001284,-2.028229
68.5500,0.108666,3.828369,-3.603171,0.000487,0.001211,-2.013232,0.230455,4.806906,-2.753066,0.000543,0.001291,-2.013408
68.6000,0.108683,3.828410,-3.603173,0.000491,0.001209,-2.000709,0.234215,4.826881,-2.753265,0.000529,0.001139,-2.003059
68.6500,0.108700,3.828450,-3.603174,0.000495,0.001207,-1.988187,0.239474,4.856911,-2.753075,0.000416,0.001184,-1.988335
68.7000,0.108716,3.828491,-3.603176,0.000498,0.001205,-1.975666,0.242731,4.876972,-2.753278,0.000399,0.001246,-1.978134
68.7500,0.108731,3.828531,-3.603178,0.000502,0.001203,-1.963144,0.247236,4.907122,-2.753087,0.000586,0.001279,-1.963236
68.8000,0.108746,3.828571,-3.603180,0.000505,0.001201,-1.950623,0.249987,4.927256,-2.753289,0.000526,0.001160,-1.952843
68.8500,0.108759,3.828610,-3.603181,0.000509,0.001199,-1.938102,0.253733,4.957507,-2.753099,0.000343,0.001215,-1.938054
68.9000,0.108773,3.828650,-3.603183,0.000512,0.001197,-1.925581,0.255976,4.977704,-2.753301,0.000457,0.001294,-1.928076
68.9500,0.108785,3.828689,-3.603185,0.000516,0.001195,-1.913060,0.258964,5.008036,-2.753109,0.000316,0.001428,-1.912959
69.0000,0.108797,3.828728,-3.603186,0.000519,0.001193,-1.900540,0.260698,5.028278,-2.753310,0.000615,0.001170,-1.903116
69.0500,0.108809,3.828767,-3.603188,0.000523,0.001191,-1.888019,0.262922,5.058672,-2.753119,0.000459,0.001142,-1.888007
69.1000,0.108819,3.828805,-3.603190,0.000526,0.001189,-1.875499,0.264148,5.078951,-2.753325,0.000558,0.001190,-1.877997
69.1500,0.108830,3.828843,-3.603191,0.000529,0.001187,-1.862979,0.265609,5.109392,-2.753131,0.000349,0.001386,-1.862915
69.2000,0.108839,3.828881,-3.603193,0.000533,0.001185,-1.850460,0.266328,5.129694,-2.753335,0.000636,0.001287,-1.852928
69.2500,0.108848,3.828919,-3.603194,0.000536,0.001183,-1.837940,0.267021,5.160159,-2.753143,0.000749,0.001279,-1.837804
69.3020,0.108856,3.828957,-3.603196,0.000539,0.001181,-1.825421,0.267225,5.180474,-2.753347,0.000576,0.001022,-1.827778
69.3500,0.108864,3.828994,-3.603197,0.000543,0.001179,-1.812902,0.267150,5.210949,-2.753154,0.000750,0.001280,-1.813019
69.4000,0.108872,3.829031,-3.603199,0.000546,0.001177,-1.800383,0.266847,5.231264,-2.753359,0.000446,0.001104,-1.802969
69.4500,0.108878,3.829067,-3.603200,0.000549,0.001175,-1.787864,0.411274,4.223081,-2.753211,0.000647,0.001109,-1.787901
69.5020,0.108885,3.829104,-3.603202,0.000552,0.001172,-1.775346,0.420091,4.213514,-2.753419,0.000710,0.001155,-1.777725
69.5500,0.108890,3.829140,-3.603203,0.000555,0.001170,-1.762827,0.433493,4.199331,-2.753212,0.000677,0.001145,-1.762818
69.6000,0.108895,3.829175,-3.603205,0.000559,0.001168,-1.750309,0.442544,4.189990,-2.753418,0.000496,0.001159,-1.752737
69.6500,0.108900,3.829211,-3.603206,0.000562,0.001166,-1.737791,0.456292,4.176151,-2.753213,0.000519,0.001291,-1.737777
69.7000,0.108904,3.829246,-3.603208,0.000565,0.001164,-1.725273,0.465573,4.167040,-2.753421,0.000624,0.001329,-1.727736
69.7500,0.108908,3.829281,-3.603209,0.000568,0.001162,-1.712755,0.479665,4.153549,-2.753216,0.000432,0.001138,-1.712565
69.8000,0.108911,3.829315,-3.603211,0.000571,0.001160,-1.700238,0.489172,4.144672,-2.753424,0.000501,0.001082,-1.702661
69.8500,0.108914,3.829349,-3.603212,0.000574,0.001158,-1.687721,0.503596,4.131536,-2.753217,0.000561,0.001171,-1.687634
69.9000,0.108921,3.829377,-3.603210,0.000609,0.001155,-1.675667,0.513322,4.122898,-2.753421,0.000370,0.001092,-1.677892
69.9500,0.108948,3.829387,-3.603270,0.000833,0.001169,-1.667101,0.528080,4.110091,-2.753227,0.000880,0.001327,-1.667160
70.0000,0.108963,3.829402,-3.603333,0.001096,0.001115,-1.661551,0.537992,4.101624,-2.753493,0.001150,0.000953,-1.662606
70.0500,0.108988,3.829432,-3.603288,0.001118,0.000883,-1.656431,0.552928,4.089028,-2.753293,0.001044,0.000925,-1.656570
70.1000,0.109017,3.829467,-3.603167,0.001046,0.000685,-1.652029,0.562936,4.080684,-2.753408,0.001179,0.000862,-1.652933
70.1500,0.109036,3.829511,-3.603031,0.001080,0.000592,-1.648998,0.577994,4.068242,-2.753139,0.001123,0.000528,-1.649020
70.2000,0.109028,3.829560,-3.602926,0.001160,0.000530,-1.646979,0.588042,4.059982,-2.753244,0.001055,0.000558,-1.647196
70.2500,0.108979,3.829607,-3.602866,0.001169,0.000454,-1.645317,0.603091,4.047622,-2.753065,0.001214,0.000601,-1.645032
70.3000,0.108914,3.829651,-3.602848,0.001142,0.000396,-1.644041,0.613114,4.039395,-2.753246,0.001221,0.000481,-1.644372
70.3500,0.108857,3.829693,-3.602859,0.001142,0.000368,-1.643251,0.628164,4.027065,-2.753171,0.001259,0.000353,-1.643161
70.4000,0.108826,3.829733,-3.602881,0.001148,0.000354,-1.642809,0.638218,4.018853,-2.753397,0.001152,0.000462,-1.642817
70.4500,0.108820,3.829773,-3.602903,0.001128,0.000342,-1.642546,0.257930,4.072167,-2.753383,0.001103,0.000285,-1.642628
70.5020,0.108832,3.829811,-3.602920,0.001093,0.000337,-1.642433,0.256083,4.064860,-2.753619,0.001075,0.000373,-1.642362
70.5500,0.108850,3.829850,-3.602929,0.001061,0.000341,-1.642471,0.253329,4.053899,-2.753522,0.000892,0.000257,-1.642619
70.6000,0.108866,3.829888,-3.602933,0.001029,0.000349,-1.642621,0.251492,4.046591,-2.753750,0.001220,0.000380,-1.642507
70.6500,0.108875,3.829927,-3.602935,0.000992,0.000359,-1.642838,0.248727,4.035631,-2.753622,0.000994,0.000395,-1.642746
70.7000,0.108879,3.829965,-3.602936,0.000952,0.000371,-1.643105,0.246877,4.028325,-2.753849,0.001027,0.000365,-1.643099
70.7500,0.108879,3.830003,-3.602938,0.000911,0.000385,-1.643418,0.244094,4.017365,-2.753702,0.000819,0.000349,-1.643210
70.8000,0.108879,3.830040,-3.602941,0.000870,0.000400,-1.643765,0.242235,4.010059,-2.753932,0.000888,0.000183,-1.643667
70.8500,0.108879,3.830077,-3.602945,0.000828,0.000416,-1.644132,0.239444,3.999101,-2.753770,0.000938,0.000521,-1.644219
70.9000,0.108870,3.829856,-3.602939,0.000783,0.000282,-1.644580,0.237580,3.991761,-2.753997,0.000604,0.000256,-1.644544
70.9500,0.108695,3.827056,-3.602971,0.000725,-0.000027,-1.645226,0.234660,3.978776,-2.753980,0.000674,0.000066,-1.645464
71.0000,0.108158,3.819364,-3.603040,0.000665,-0.000121,-1.645884,0.232467,3.966706,-2.754261,0.000700,-0.000135,-1.645778
71.0500,0.107242,3.806818,-3.603108,0.000612,-0.000020,-1.646421,0.228693,3.942521,-2.754283,0.000647,-0.000013,-1.646519
71.1000,0.106073,3.791131,-3.603160,0.000568,0.000061,-1.646907,0.225918,3.923282,-2.754565,0.000720,0.000051,-1.646865
71.1500,0.104813,3.774412,-3.603161,0.000524,-0.000020,-1.647420,0.221577,3.892473,-2.754503,0.000464,-0.000107,-1.647271
71.2000,0.103562,3.757815,-3.603090,0.000471,-0.000173,-1.647930,0.218664,3.871818,-2.754701,0.000356,-0.000277,-1.647820
71.2500,0.102336,3.741623,-3.602990,0.000418,-0.000186,-1.648404,0.214306,3.841227,-2.754520,0.000320,-0.000179,-1.648397
71.3000,0.101141,3.725979,-3.602905,0.000383,-0.000126,-1.648855,0.211415,3.821254,-2.754685,0.000318,-0.000122,-1.648829
71.3500,0.099967,3.710789,-3.602853,0.000362,-0.000087,-1.649298,0.207095,3.791892,-2.754490,0.000351,-0.000055,-1.649177
71.4000,0.098800,3.695840,-3.602835,0.000341,-0.000051,-1.649730,0.204219,3.772575,-2.754710,0.000413,0.000217,-1.649789
71.4520,0.097640,3.680998,-3.602841,0.000317,0.000006,-1.650156,-0.302967,3.499019,-2.754522,0.000331,0.000042,-1.650088
71.5000,0.096474,3.666176,-3.602859,0.000299,0.000074,-1.650567,-0.320726,3.472392,-2.754771,0.000435,0.000171,-1.650432
71.5500,0.095297,3.651298,-3.602877,0.000287,0.000149,-1.650964,-0.347398,3.432419,-2.754574,0.000250,0.000123,-1.651181
71.6000,0.094106,3.636334,-3.602892,0.000277,0.000232,-1.651352,-0.365206,3.405718,-2.754822,0.000247,0.000141,-1.651412
71.6500,0.092902,3.621297,-3.602902,0.000269,0.000320,-1.651734,-0.391947,3.365579,-2.754561,0.000318,0.000383,-1.651877
71.7000,0.091688,3.606218,-3.602909,0.000263,0.000409,-1.652110,-0.409792,3.338783,-2.754800,0.000384,0.000403,-1.652016
71.7500,0.090466,3.591125,-3.602914,0.000260,0.000497,-1.652479,-0.436589,3.298575,-2.754490,0.000364,0.000561,-1.652634
71.8020,0.089239,3.576039,-3.602921,0.000257,0.000582,-1.652844,-0.454471,3.271778,-2.754729,0.000467,0.000664,-1.652622
71.8500,0.088008,3.560968,-3.602929,0.000255,0.000665,-1.653205,-0.481309,3.231602,-2.754384,0.000325,0.000795,-1.653160
71.9000,0.086772,3.545912,-3.602939,0.000254,0.000746,-1.653561,-0.499215,3.204836,-2.754619,0.000173,0.000935,-1.653434
71.9500,0.085532,3.530867,-3.602952,0.000252,0.000824,-1.653913,-0.526093,3.164712,-2.754256,0.000313,0.000769,-1.653937
72.0000,0.084287,3.515827,-3.602967,0.000251,0.000899,-1.654260,-0.544027,3.137975,-2.754486,0.000400,0.000976,-1.654393
72.0500,0.083036,3.500789,-3.602983,0.000250,0.000971,-1.654605,-0.570949,3.097884,-2.754113,0.000168,0.000790,-1.654797
72.1000,0.081780,3.485750,-3.603000,0.000249,0.001041,-1.654945,-0.588911,3.071162,-2.754336,0.000253,0.001133,-1.654898
72.1500,0.080518,3.470710,-3.603019,0.000247,0.001107,-1.655282,-0.615871,3.031086,-2.753962,0.000212,0.001256,-1.655114
72.2000,0.079251,3.455669,-3.603038,0.000245,0.001170,-1.655616,-0.633857,3.004368,-2.754184,0.000268,0.001130,-1.655527
72.2500,0.077979,3.440629,-3.603058,0.000243,0.001231,-1.655946,-0.660857,2.964306,-2.753804,0.000203,0.001220,-1.655790
72.3000,0.076701,3.425590,-3.603079,0.000241,0.001288,-1.656273,-0.678869,2.937601,-2.754016,0.000213,0.001407,-1.656113
72.3500,0.075419,3.410553,-3.603101,0.000238,0.001343,-1.656597,-0.705907,2.897560,-2.753647,0.000397,0.001177,-1.656591
72.4000,0.074131,3.395517,-3.603124,0.000235,0.001395,-1.656917,-0.723946,2.870871,-2.753855,0.000232,0.001341,-1.656968
72.4520,0.072839,3.380483,-3.603147,0.000232,0.001444,-1.657235,0.016560,3.039243,-2.753450,0.000372,0.001389,-1.657147
72.5000,0.071542,3.365451,-3.603172,0.000229,0.001491,-1.657549,0.021331,3.018730,-2.753647,0.000434,0.001370,-1.657639
72.5500,0.070240,3.350420,-3.603197,0.000225,0.001536,-1.657861,0.028462,2.987963,-2.753303,0.000249,0.001560,-1.657930
72.6000,0.068933,3.335391,-3.603223,0.000221,0.001578,-1.658169,0.033204,2.967450,-2.753499,0.000185,0.001594,-1.658267
72.6520,0.067621,3.320363,-3.603250,0.000217,0.001618,-1.658475,0.040304,2.936680,-2.753175,0.000242,0.001663,-1.658474
72.7000,0.066305,3.305336,-3.603277,0.000213,0.001656,-1.658777,0.045027,2.916165,-2.753368,0.000171,0.001648,-1.658786
72.7500,0.064984,3.290310,-3.603306,0.000209,0.001692,-1.659077,0.052097,2.885392,-2.753061,0.000260,0.001682,-1.659007
72.8000,0.063659,3.275285,-3.603334,0.000205,0.001726,-1.659373,0.056804,2.864877,-2.753249,0.000273,0.001685,-1.659449
72.8500,0.062329,3.260262,-3.603363,0.000200,0.001758,-1.659667,0.063847,2.834108,-2.752959,0.000408,0.001752,-1.659600
72.9000,0.060994,3.245239,-3.603393,0.000196,0.001789,-1.659958,0.068536,2.813595,-2.753147,0.000177,0.001794,-1.659832
72.9500,0.059655,3.230219,-3.603423,0.000191,0.001818,-1.660246,0.075552,2.782828,-2.752876,0.000228,0.001864,-1.660270
73.0000,0.058311,3.215199,-3.603454,0.000187,0.001845,-1.660531,0.080216,2.762314,-2.753064,0.000031,0.002022,-1.660463
73.0520,0.056964,3.200180,-3.603485,0.000182,0.001871,-1.660813,0.087208,2.731547,-2.752815,0.000090,0.001919,-1.660802
73.1000,0.055611,3.185163,-3.603516,0.000178,0.001895,-1.661093,0.091859,2.711032,-2.753002,0.000112,0.001812,-1.661087
73.1520,0.054255,3.170147,-3.603548,0.000173,0.001918,-1.661370,0.098824,2.680265,-2.752766,0.000350,0.001871,-1.661333
73.2000,0.052894,3.155132,-3.603580,0.000169,0.001940,-1.661644,0.103458,2.659751,-2.752952,0.000428,0.001814,-1.661690
73.2500,0.051529,3.140118,-3.603613,0.000164,0.001961,-1.661915,0.110389,2.628987,-2.752729,0.000169,0.002062,-1.661833
73.3000,0.050160,3.125106,-3.603646,0.000160,0.001980,-1.662184,0.115000,2.608474,-2.752922,0.000228,0.001804,-1.662079
73.3500,0.048787,3.110094,-3.603679,0.000156,0.001998,-1.662450,0.121903,2.577709,-2.752713,0.000111,0.002102,-1.662436
73.4000,0.047410,3.095084,-3.603712,0.000151,0.002015,-1.662714,0.126496,2.557195,-2.752906,0.000060,0.002005,-1.662610
73.4500,0.046029,3.080074,-3.603746,0.000147,0.002032,-1.662975,-0.326997,3.168938,-2.752592,0.000041,0.002181,-1.662877
73.5000,0.044644,3.065066,-3.603780,0.000143,0.002047,-1.663233,-0.336045,3.167574,-2.752774,0.000107,0.002045,-1.662900
73.5500,0.043254,3.050059,-3.603814,0.000139,0.002061,-1.663489,-0.349620,3.165536,-2.752602,0.000031,0.002244,-1.663497
73.6000,0.041861,3.035053,-3.603848,0.000135,0.002074,-1.663742,-0.358674,3.164181,-2.752788,-0.000083,0.002087,-1.663732
73.6500,0.040464,3.020048,-3.603883,0.000132,0.002087,-1.663993,-0.372261,3.162153,-2.752626,0.000265,0.001955,-1.663999
73.7000,0.039063,3.005044,-3.603918,0.000128,0.002099,-1.664241,-0.381323,3.160803,-2.752815,0.000082,0.002072,-1.664161
73.7500,0.037659,2.990041,-3.603953,0.000124,0.002110,-1.664487,-0.394921,3.158787,-2.752661,0.000132,0.002120,-1.664561
73.8000,0.036251,2.975039,-3.603988,0.000121,0.002120,-1.664730,-0.403989,3.157443,-2.752854,0.000174,0.002270,-1.664802
73.8500,0.034839,2.960038,-3.604023,0.000118,0.002130,-1.664971,-0.417597,3.155433,-2.752707,0.000055,0.002268,-1.664906
73.9000,0.033423,2.945039,-3.604058,0.000114,0.002139,-1.665210,-0.426673,3.154093,-2.752903,0.000111,0.002145,-1.664963
73.9500,0.032004,2.930040,-3.604094,0.000111,0.002147,-1.665446,-0.440293,3.152088,-2.752761,0.000042,0.002233,-1.665343
74.0020,0.030581,2.915042,-3.604129,0.000108,0.002155,-1.665679,-0.449376,3.150752,-2.752960,0.000034,0.002148,-1.665519
74.0500,0.029154,2.900045,-3.604165,0.000105,0.002163,-1.665911,-0.463004,3.148757,-2.752821,0.000206,0.002417,-1.665948
74.1000,0.027724,2.885049,-3.604201,0.000103,0.002169,-1.666140,-0.472094,3.147426,-2.753025,0.000056,0.002234,-1.666047
74.1500,0.026291,2.870055,-3.604237,0.000100,0.002176,-1.666367,-0.485730,3.145435,-2.752887,0.000193,0.002080,-1.666483
74.2000,0.024854,2.855061,-3.604273,0.000097,0.002182,-1.666591,-0.494825,3.144109,-2.753094,0.000229,0.002237,-1.666685
74.2500,0.023413,2.840068,-3.604309,0.000095,0.002187,-1.666813,-0.508472,3.142128,-2.752959,0.000132,0.002171,-1.666652
74.3000,0.021970,2.825076,-3.604345,0.000092,0.002192,-1.667033,-0.517574,3.140806,-2.753170,-0.000085,0.002363,-1.667026
74.3500,0.020523,2.810085,-3.604381,0.000090,0.002197,-1.667251,-0.531229,3.138831,-2.753034,0.000291,0.002042,-1.667090
74.4000,0.019072,2.795095,-3.604417,0.000088,0.002201,-1.667467,-0.540335,3.137515,-2.753247,-0.000096,0.002153,-1.667543
74.4500,0.017619,2.780105,-3.604454,0.000086,0.002205,-1.667680,-0.166183,2.246706,-2.753262,0.000126,0.002187,-1.667742
74.5000,0.016162,2.765117,-3.604490,0.000084,0.002208,-1.667892,-0.163853,2.218940,-2.753491,-0.000064,0.002173,-1.667854
74.5500,0.014702,2.750130,-3.604526,0.000082,0.002211,-1.668101,-0.160367,2.177290,-2.753332,0.000219,0.002262,-1.668255
74.6000,0.013238,2.735143,-3.604563,0.000080,0.002214,-1.668308,-0.158057,2.149524,-2.753563,0.000004,0.002173,-1.668332
74.6500,0.011772,2.720157,-3.604599,0.000078,0.002217,-1.668513,-0.154597,2.107874,-2.753406,0.000028,0.002142,-1.668416
74.7000,0.010303,2.705173,-3.604635,0.000077,0.002219,-1.668716,-0.152294,2.080107,-2.753632,-0.000035,0.002157,-1.668561
74.7500,0.008830,2.690189,-3.604672,0.000075,0.002221,-1.668916,-0.148852,2.038461,-2.753475,0.000026,0.002408,-1.668923
74.8020,0.007354,2.675206,-3.604708,0.000073,0.002223,-1.669115,-0.146570,2.010694,-2.753708,0.000220,0.002181,-1.669245
74.8500,0.005876,2.660223,-3.604745,0.000072,0.002225,-1.669312,-0.143158,1.969045,-2.753549,0.000118,0.002168,-1.669347
74.9000,0.004394,2.645242,-3.604781,0.000071,0.002226,-1.669507,-0.140893,1.941278,-2.753778,0.000258,0.002243,-1.669445
74.9500,0.002910,2.630262,-3.604818,0.000069,0.002227,-1.669700,-0.137504,1.899631,-2.753620,-0.000002,0.002467,-1.669519
75.0020,0.001422,2.615282,-3.604854,0.000068,0.002228,-1.669891,-0.135253,1.871863,-2.753853,-0.000060,0.002205,-1.669691
75.0500,-0.000068,2.600303,-3.604890,0.000067,0.002229,-1.670080,-0.131886,1.830214,-2.753696,-0.000095,0.002135,-1.670066
75.1000,-0.001561,2.585325,-3.604927,0.000066,0.002230,-1.670267,-0.129651,1.802446,-2.753924,0.000034,0.002137,-1.670152
75.1500,-0.003057,2.570348,-3.604963,0.000065,0.002230,-1.670452,-0.126303,1.760802,-2.753762,0.000078,0.002155,-1.670390
75.2000,-0.004556,2.555371,-3.605000,0.000064,0.002231,-1.670635,-0.124080,1.733039,-2.753992,0.000056,0.002404,-1.670524
75.2500,-0.006057,2.540395,-3.605036,0.000063,0.002231,-1.670817,-0.120751,1.691396,-2.753837,0.000130,0.002257,-1.670762
75.3000,-0.007562,2.525420,-3.605072,0.000062,0.002231,-1.670996,-0.118540,1.663632,-2.754069,0.000249,0.002220,-1.670737
75.3520,-0.009069,2.510446,-3.605109,0.000061,0.002231,-1.671174,-0.115238,1.621990,-2.753912,-0.000011,0.002107,-1.671153
75.4000,-0.010578,2.495473,-3.605145,0.000060,0.002231,-1.671350,-0.113040,1.594227,-2.754137,0.000193,0.002231,-1.671379
75.4500,-0.012090,2.480500,-3.605181,0.000060,0.002230,-1.671524,0.311865,2.561657,-2.753827,0.000168,0.002114,-1.671413
75.5000,-0.013605,2.465528,-3.605217,0.000059,0.002230,-1.671696,0.326658,2.563850,-2.754044,-0.000070,0.002332,-1.671920
75.5500,-0.015123,2.450557,-3.605253,0.000058,0.002229,-1.671867,0.348847,2.567132,-2.753913,-0.000027,0.002109,-1.671999
75.6000,-0.016643,2.435587,-3.605290,0.000058,0.002229,-1.672036,0.363637,2.569319,-2.754134,0.000046,0.002125,-1.671949
75.6500,-0.018166,2.420617,-3.605326,0.000057,0.002228,-1.672203,0.385821,2.572603,-2.754003,-0.000151,0.002366,-1.672252
75.7000,-0.019691,2.405648,-3.605362,0.000056,0.002227,-1.672369,0.400611,2.574789,-2.754228,0.000204,0.002256,-1.672220
75.7500,-0.021218,2.390680,-3.605398,0.000056,0.002226,-1.672533,0.422794,2.578068,-2.754093,0.000087,0.002191,-1.672459
75.8000,-0.022748,2.375712,-3.605434,0.000055,0.002225,-1.672695,0.437581,2.580250,-2.754317,0.000043,0.002148,-1.672649
75.8500,-0.024281,2.360746,-3.605470,0.000055,0.002224,-1.672855,0.459758,2.583522,-2.754181,0.000046,0.002267,-1.672935
75.9000,-0.025816,2.345779,-3.605506,0.000055,0.002223,-1.673014,0.474539,2.585700,-2.754407,0.000132,0.002265,-1.673206
75.9500,-0.027353,2.330814,-3.605542,0.000054,0.002222,-1.673171,0.496710,2.588963,-2.754271,-0.000070,0.002112,-1.673242
76.0000,-0.028893,2.315849,-3.605578,0.000054,0.002221,-1.673327,0.511490,2.591137,-2.754499,-0.000027,0.002170,-1.673338
76.0500,-0.030435,2.300885,-3.605614,0.000054,0.002220,-1.673481,0.533656,2.594399,-2.754360,0.000125,0.002333,-1.673554
76.1000,-0.031979,2.285922,-3.605649,0.000053,0.002219,-1.673634,0.548432,2.596572,-2.754589,0.000108,0.002244,-1.673594
76.1520,-0.033525,2.270959,-3.605685,0.000053,0.002217,-1.673785,0.570593,2.599831,-2.754447,-0.000123,0.002315,-1.673964
76.2000,-0.035074,2.255997,-3.605721,0.000053,0.002216,-1.673934,0.585365,2.601997,-2.754678,-0.000010,0.002012,-1.673927
76.2500,-0.036625,2.241035,-3.605756,0.000053,0.002215,-1.674082,0.607523,2.605251,-2.754536,0.000080,0.002258,-1.674216
76.3000,-0.038179,2.226074,-3.605792,0.000052,0.002213,-1.674229,0.622293,2.607418,-2.754767,-0.000118,0.002255,-1.674093
76.3500,-0.039734,2.211114,-3.605828,0.000052,0.002212,-1.674374,0.644450,2.610668,-2.754624,0.000109,0.002169,-1.674267
76.4000,-0.041292,2.196155,-3.605863,0.000052,0.002210,-1.674517,0.659219,2.612832,-2.754856,0.000114,0.002269,-1.674542
76.4500,-0.042851,2.181196,-3.605899,0.000052,0.002209,-1.674659,0.291960,2.034642,-2.754801,0.000088,0.002026,-1.674551
76.5000,-0.044413,2.166237,-3.605934,0.000052,0.002207,-1.674800,0.295117,2.019547,-2.755039,-0.000093,0.002388,-1.674740
76.5500,-0.045977,2.151280,-3.605970,0.000052,0.002206,-1.674939,0.299851,1.996906,-2.754878,-0.000122,0.002231,-1.675021
76.6000,-0.047543,2.136323,-3.606005,0.000052,0.002204,-1.675076,0.303003,1.981809,-2.755117,0.000144,0.002100,-1.675023
76.6500,-0.049111,2.121366,-3.606040,0.000052,0.002203,-1.675213,0.307730,1.959166,-2.754952,0.000163,0.002265,-1.675283
76.7000,-0.050681,2.106410,-3.606076,0.000052,0.002201,-1.675348,0.310874,1.944069,-2.755189,0.000012,0.002433,-1.675253
76.7500,-0.052254,2.091455,-3.606111,0.000052,0.002200,-1.675481,0.315588,1.921424,-2.755026,-0.000009,0.002346,-1.675368
76.8000,-0.053828,2.076500,-3.606146,0.000052,0.002198,-1.675613,0.318725,1.906323,-2.755265,0.000010,0.002329,-1.675475
76.8500,-0.055404,2.061546,-3.606181,0.000052,0.002196,-1.675744,0.323425,1.883670,-2.755099,0.000118,0.002067,-1.675884
76.9000,-0.056982,2.046592,-3.606216,0.000052,0.002195,-1.675874,0.326554,1.868567,-2.755333,0.000063,0.002253,-1.675717
76.9500,-0.058562,2.031639,-3.606251,0.000052,0.002193,-1.676002,0.331243,1.845915,-2.755168,-0.000025,0.002254,-1.676044
77.0000,-0.060144,2.016687,-3.606286,0.000052,0.002191,-1.676129,0.334364,1.830811,-2.755404,0.000215,0.002253,-1.675991
77.0500,-0.061727,2.001735,-3.606321,0.000052,0.002190,-1.676254,0.339042,1.808157,-2.755236,0.000097,0.002257,-1.676372
77.1020,-0.063313,1.986783,-3.606356,0.000052,0.002188,-1.676379,0.342157,1.793053,-2.755470,0.000179,0.002127,-1.676343
77.1500,-0.064901,1.971833,-3.606391,0.000052,0.002187,-1.676502,0.346825,1.770403,-2.755303,-0.000091,0.002162,-1.676601
77.2000,-0.066490,1.956882,-3.606426,0.000052,0.002185,-1.676623,0.349933,1.755302,-2.755536,0.000106,0.002083,-1.676604
77.2500,-0.068081,1.941933,-3.606460,0.000052,0.002183,-1.676744,0.354593,1.732655,-2.755371,0.000158,0.002293,-1.676474
77.3000,-0.069674,1.926983,-3.606495,0.000052,0.002182,-1.676863,0.357697,1.717556,-2.755604,-0.000075,0.002175,-1.677046
77.3500,-0.071269,1.912035,-3.606530,0.000052,0.002180,-1.676981,0.362345,1.694908,-2.755441,0.000050,0.002092,-1.676767
77.4000,-0.072865,1.897087,-3.606565,0.000052,0.002178,-1.677098,0.365442,1.679807,-2.755672,-0.000121,0.002158,-1.677206
77.4500,-0.074463,1.882139,-3.606599,0.000052,0.002177,-1.677214,-0.400536,1.986866,-2.755477,0.000001,0.002177,-1.677264
77.5000,-0.076063,1.867192,-3.606634,0.000052,0.002175,-1.677328,-0.420328,1.981607,-2.755706,0.000120,0.002285,-1.677309
77.5500,-0.077665,1.852245,-3.606668,0.000053,0.002173,-1.677442,-0.450020,1.973721,-2.755550,-0.000078,0.002112,-1.677553
77.6000,-0.079268,1.837299,-3.606703,0.000053,0.002172,-1.677554,-0.469816,1.968468,-2.755776,0.000077,0.002126,-1.677631
77.6500,-0.080873,1.822353,-3.606737,0.000053,0.002170,-1.677665,-0.499510,1.960593,-2.755620,0.000107,0.002117,-1.677605
77.7000,-0.082479,1.807408,-3.606771,0.000053,0.002168,-1.677775,-0.519308,1.955342,-2.755851,0.000040,0.001987,-1.677837
77.7500,-0.084087,1.792463,-3.606806,0.000053,0.002167,-1.677884,-0.549009,1.947478,-2.755693,0.000212,0.002196,-1.677683
77.8020,-0.085697,1.777519,-3.606840,0.000053,0.002165,-1.677992,-0.568811,1.942235,-2.755923,0.000011,0.002013,-1.678046
77.8500,-0.087309,1.762575,-3.606874,0.000053,0.002164,-1.678098,-0.598516,1.934379,-2.755766,-0.000069,0.002121,-1.678218
77.9000,-0.088922,1.747632,-3.606909,0.000053,0.002162,-1.678204,-0.618321,1.929146,-2.755996,0.000194,0.002271,-1.678150
77.9500,-0.090536,1.732689,-3.606943,0.000054,0.002160,-1.678308,-0.648033,1.921298,-2.755841,-0.000056,0.002006,-1.678300
78.0000,-0.092152,1.717747,-3.606977,0.000054,0.002159,-1.678411,-0.667842,1.916069,-2.756071,-0.000038,0.002282,-1.678477
78.0500,-0.093770,1.702805,-3.607011,0.000054,0.002157,-1.678514,-0.697561,1.908234,-2.755916,0.000031,0.002026,-1.678466
78.1000,-0.095389,1.687864,-3.607045,0.000054,0.002156,-1.678615,-0.717376,1.903014,-2.756146,0.000220,0.002300,-1.678667
78.1500,-0.097009,1.672923,-3.607079,0.000054,0.002154,-1.678715,-0.747104,1.895191,-2.755990,0.000261,0.002294,-1.678789
78.2000,-0.098631,1.657982,-3.607113,0.000054,0.002153,-1.678815,-0.766925,1.889975,-2.756222,0.000090,0.002116,-1.678860
78.2520,-0.100255,1.643042,-3.607147,0.000054,0.002151,-1.678913,-0.796659,1.882158,-2.756063,0.000173,0.002065,-1.678829
78.3000,-0.101880,1.628103,-3.607181,0.000055,0.002150,-1.679010,-0.816484,1.876948,-2.756294,0.000117,0.002239,-1.678818
78.3500,-0.103506,1.613163,-3.607215,0.000055,0.002148,-1.679106,-0.846224,1.869138,-2.756135,-0.000046,0.002063,-1.679101
78.4000,-0.105134,1.598224,-3.607248,0.000055,0.002147,-1.679201,-0.866050,1.863931,-2.756365,0.000060,0.002246,-1.679131
78.4500,-0.106763,1.583286,-3.607282,0.000055,0.002145,-1.679296,-0.250249,2.573470,-2.756093,0.000072,0.002146,-1.679161
78.5020,-0.108394,1.568348,-3.607316,0.000055,0.002144,-1.679389,-0.250865,2.589556,-2.756313,0.000092,0.002280,-1.679410
78.5500,-0.110026,1.553411,-3.607350,0.000055,0.002142,-1.679481,-0.251788,2.613683,-2.756173,0.000130,0.002200,-1.679549
78.6000,-0.111659,1.538473,-3.607383,0.000056,0.002141,-1.679573,-0.252404,2.629768,-2.756397,-0.000000,0.002156,-1.679661
78.6500,-0.113294,1.523537,-3.607417,0.000056,0.002139,-1.679663,-0.253330,2.653897,-2.756255,0.000115,0.002262,-1.679743
78.7000,-0.114930,1.508600,-3.607450,0.000056,0.002138,-1.679753,-0.253945,2.669982,-2.756479,0.000138,0.002045,-1.679689
78.7500,-0.116567,1.493664,-3.607484,0.000056,0.002136,-1.679841,-0.254870,2.694110,-2.756336,0.000047,0.002111,-1.679988
78.8020,-0.118206,1.478729,-3.607517,0.000056,0.002135,-1.679929,-0.255484,2.710194,-2.756563,0.000028,0.001944,-1.679999
78.8500,-0.119846,1.463794,-3.607551,0.000056,0.002134,-1.680016,-0.256403,2.734324,-2.756421,-0.000021,0.002107,-1.679965
78.9000,-0.121487,1.448859,-3.607584,0.000057,0.002132,-1.680102,-0.257015,2.750412,-2.756651,0.000023,0.002085,-1.680165
78.9500,-0.123129,1.433925,-3.607618,0.000057,0.002131,-1.680187,-0.257931,2.774549,-2.756506,-0.000044,0.001862,-1.680294
79.0000,-0.124773,1.418991,-3.607651,0.000057,0.002129,-1.680271,-0.258541,2.790642,-2.756737,0.000085,0.002106,-1.680104
79.0500,-0.126418,1.404057,-3.607684,0.000057,0.002128,-1.680355,-0.259456,2.814788,-2.756590,0.000005,0.002218,-1.680204
79.1000,-0.128064,1.389124,-3.607718,0.000057,0.002127,-1.680437,-0.260067,2.830884,-2.756818,0.000029,0.002141,-1.680440
79.1500,-0.129711,1.374191,-3.607751,0.000058,0.002125,-1.680519,-0.260979,2.855031,-2.756668,0.000195,0.002264,-1.680568
79.2000,-0.131360,1.359258,-3.607784,0.000058,0.002124,-1.680600,-0.261587,2.871128,-2.756897,0.000074,0.002083,-1.680659
79.2500,-0.133010,1.344326,-3.607817,0.000058,0.002123,-1.680680,-0.262498,2.895277,-2.756746,0.000048,0.002140,-1.680441
79.3000,-0.134660,1.329394,-3.607851,0.000058,0.002121,-1.680759,-0.263108,2.911375,-2.756976,0.000170,0.002049,-1.680670
79.3520,-0.136312,1.314463,-3.607884,0.000058,0.002120,-1.680837,-0.264024,2.935528,-2.756823,-0.000027,0.002234,-1.680840
79.4020,-0.137966,1.299532,-3.607917,0.000058,0.002119,-1.680915,-0.264632,2.951627,-2.757053,0.000196,0.002102,-1.680887
79.4500,-0.139620,1.284601,-3.607950,0.000059,0.002118,-1.680992,0.173335,1.206037,-2.757127,-0.000070,0.002189,-1.681031
79.5000,-0.141275,1.269671,-3.607983,0.000059,0.002116,-1.681068,0.185704,1.169528,-2.757376,-0.000048,0.002154,-1.680992
79.5500,-0.142932,1.254741,-3.608016,0.000059,0.002115,-1.681143,0.204255,1.114767,-2.757185,0.000020,0.001957,-1.680993
79.6000,-0.144590,1.239811,-3.608049,0.000059,0.002114,-1.681217,0.216621,1.078260,-2.757429,0.000058,0.002236,-1.681287
79.6500,-0.146248,1.224881,-3.608082,0.000059,0.002113,-1.681291,0.235155,1.023495,-2.757244,0.000015,0.002152,-1.681347
79.7000,-0.147908,1.209952,-3.608115,0.000059,0.002111,-1.681364,0.247511,0.986983,-2.757488,-0.000031,0.002172,-1.681363
79.7500,-0.149569,1.195024,-3.608148,0.000060,0.002110,-1.681436,0.266037,0.932213,-2.757295,-0.000060,0.002223,-1.681490
79.8000,-0.151231,1.180095,-3.608180,0.000060,0.002109,-1.681508,0.278388,0.895699,-2.757541,0.000123,0.002091,-1.681655
79.8500,-0.152894,1.165167,-3.608213,0.000060,0.002108,-1.681579,0.296904,0.840926,-2.757347,0.000083,0.002377,-1.681574
79.9000,-0.154558,1.150239,-3.608246,0.000060,0.002107,-1.681649,0.309241,0.804407,-2.757587,0.000121,0.002070,-1.681713
79.9500,-0.156223,1.135312,-3.608279,0.000060,0.002106,-1.681718,0.327747,0.749633,-2.757397,0.000087,0.002221,-1.681905
80.0020,-0.157889,1.120385,-3.608312,0.000060,0.002104,-1.681787,0.340075,0.713112,-2.757635,-0.000154,0.002117,-1.681728
80.0500,-0.159556,1.105458,-3.608344,0.000060,0.002103,-1.681854,0.358575,0.658335,-2.757451,0.000069,0.002033,-1.681717
80.1000,-0.161224,1.090531,-3.608377,0.000061,0.002102,-1.681922,0.370904,0.621813,-2.757683,0.000006,0.002160,-1.681727
80.1520,-0.162893,1.075605,-3.608410,0.000061,0.002101,-1.681988,0.389392,0.567032,-2.757501,0.000013,0.002157,-1.682122
80.2000,-0.164563,1.060679,-3.608442,0.000061,0.002100,-1.682054,0.401714,0.530507,-2.757732,0.000118,0.002055,-1.682131
80.2500,-0.166234,1.045754,-3.608475,0.000061,0.002099,-1.682119,0.420186,0.475723,-2.757545,0.000140,0.001910,-1.682255
80.3000,-0.167906,1.030828,-3.608507,0.000061,0.002098,-1.682184,0.432498,0.439200,-2.757773,-0.000183,0.002111,-1.682172
80.3500,-0.169579,1.015903,-3.608540,0.000061,0.002097,-1.682248,0.450970,0.384419,-2.757599,-0.000179,0.002118,-1.682325
80.4000,-0.171252,1.000978,-3.608572,0.000062,0.002096,-1.682311,0.463287,0.347896,-2.757831,0.000051,0.002071,-1.682377
80.4500,-0.172927,0.986054,-3.608605,0.000062,0.002095,-1.682373,0.729335,0.861891,-2.757572,0.000042,0.002237,-1.682422
80.5000,-0.174603,0.971130,-3.608637,0.000062,0.002094,-1.682435,0.749017,0.842261,-2.757796,-0.000051,0.002082,-1.682369
80.5500,-0.176279,0.956206,-3.608670,0.000062,0.002093,-1.682497,0.778542,0.812817,-2.757635,0.000111,0.001968,-1.682661
80.6000,-0.177956,0.941282,-3.608702,0.000062,0.002091,-1.682557,0.798222,0.793186,-2.757857,0.000108,0.001954,-1.682369
80.6500,-0.179635,0.926359,-3.608734,0.000062,0.002090,-1.682617,0.827741,0.763741,-2.757696,0.000043,0.002068,-1.682751
80.7000,-0.181314,0.911436,-3.608767,0.000062,0.002089,-1.682677,0.847418,0.744108,-2.757920,0.000000,0.002155,-1.682579
80.7500,-0.182994,0.896513,-3.608799,0.000063,0.002088,-1.682736,0.876935,0.714660,-2.757764,0.000221,0.001989,-1.682522
80.8000,-0.184674,0.881590,-3.608831,0.000063,0.002088,-1.682794,0.896612,0.695027,-2.757986,0.000150,0.002163,-1.682930
80.8500,-0.186356,0.866668,-3.608864,0.000063,0.002087,-1.682851,0.926126,0.665579,-2.757829,0.000099,0.002041,-1.682820
80.9000,-0.188038,0.851746,-3.608896,0.000063,0.002086,-1.682909,0.945803,0.645946,-2.758054,0.000080,0.001959,-1.682868
80.9500,-0.189722,0.836824,-3.608928,0.000063,0.002085,-1.682965,0.975318,0.616502,-2.757894,0.000110,0.002040,-1.682829
81.0000,-0.191406,0.821902,-3.608960,0.000063,0.002084,-1.683021,0.994992,0.596871,-2.758121,0.000142,0.002004,-1.682936
81.0500,-0.193091,0.806981,-3.608993,0.000063,0.002083,-1.683076,1.024498,0.567419,-2.757965,0.000072,0.002095,-1.683102
81.1000,-0.194776,0.792060,-3.609025,0.000063,0.002082,-1.683131,1.044168,0.547782,-2.758190,0.000026,0.002026,-1.683121
81.1500,-0.196463,0.777139,-3.609057,0.000064,0.002081,-1.683185,1.073672,0.518330,-2.758032,0.000283,0.002115,-1.683206
81.2020,-0.198150,0.762219,-3.609089,0.000064,0.002080,-1.683239,1.093338,0.498693,-2.758256,0.000020,0.002143,-1.683174
81.2500,-0.199838,0.747298,-3.609121,0.000064,0.002079,-1.683292,1.122838,0.469243,-2.758098,0.000038,0.002208,-1.683271
81.3000,-0.201527,0.732378,-3.609153,0.000064,0.002078,-1.683345,1.142499,0.449605,-2.758325,0.000073,0.002077,-1.683212
81.3500,-0.203217,0.717459,-3.609185,0.000064,0.002077,-1.683397,1.171994,0.420154,-2.758168,0.000051,0.002076,-1.683514
81.4000,-0.204907,0.702539,-3.609217,0.000064,0.002076,-1.683448,1.191654,0.400515,-2.758396,-0.000017,0.002222,-1.683376
81.4500,-0.206598,0.687620,-3.609249,0.000064,0.002076,-1.683499,0.768996,0.282282,-2.758263,0.000016,0.002050,-1.683474
81.5000,-0.208290,0.672700,-3.609281,0.000065,0.002075,-1.683549,0.775214,0.260012,-2.758490,0.000177,0.002007,-1.683617
81.5500,-0.209983,0.657782,-3.609313,0.000065,0.002074,-1.683599,0.784537,0.226611,-2.758329,-0.000147,0.001923,-1.683701
81.6020,-0.211676,0.642863,-3.609345,0.000065,0.002073,-1.683649,0.790751,0.204342,-2.758558,0.000054,0.002131,-1.683534
81.6500,-0.213370,0.627944,-3.609377,0.000065,0.002072,-1.683698,0.800078,0.170940,-2.758398,0.000074,0.002073,-1.683658
81.7000,-0.215064,0.613026,-3.609409,0.000065,0.002071,-1.683746,0.806292,0.148670,-2.758625,0.000033,0.002108,-1.683709
81.7500,-0.216760,0.598108,-3.609441,0.000065,0.002071,-1.683794,0.815615,0.115269,-2.758463,0.000344,0.002227,-1.683852
81.8000,-0.218456,0.583190,-3.609473,0.000065,0.002070,-1.683842,0.821828,0.093000,-2.758692,0.000014,0.002047,-1.684004
81.8500,-0.220153,0.568273,-3.609504,0.000065,0.002069,-1.683889,0.831141,0.059599,-2.758529,-0.000030,0.001999,-1.683848
81.9000,-0.221850,0.553355,-3.609536,0.000065,0.002068,-1.683935,0.837351,0.037331,-2.758757,-0.000001,0.002230,-1.683869
81.9500,-0.223548,0.538438,-3.609568,0.000066,0.002067,-1.683981,0.846664,0.003930,-2.758597,0.000004,0.002232,-1.683931
82.0000,-0.225247,0.523521,-3.609600,0.000066,0.002067,-1.684027,0.852874,-0.018340,-2.758829,0.000031,0.002062,-1.684069
82.0500,-0.226946,0.508605,-3.609631,0.000066,0.002066,-1.684072,0.862189,-0.051743,-2.758665,0.000204,0.002081,-1.684148
82.1000,-0.228646,0.493688,-3.609663,0.000066,0.002065,-1.684116,0.868396,-0.074014,-2.758895,-0.000014,0.002151,-1.684320
82.1500,-0.230347,0.478772,-3.609695,0.000066,0.002064,-1.684160,0.877707,-0.107421,-2.758732,0.000105,0.001941,-1.684246
82.2000,-0.232048,0.463856,-3.609727,0.000066,0.002064,-1.684204,0.883913,-0.129693,-2.758960,0.000244,0.002165,-1.684242
82.2500,-0.233750,0.448940,-3.609758,0.000066,0.002063,-1.684247,0.893221,-0.163098,-2.758794,0.000133,0.002291,-1.684258
82.3000,-0.235453,0.434024,-3.609790,0.000066,0.002062,-1.684290,0.899421,-0.185371,-2.759025,0.000043,0.001898,-1.684253
82.3500,-0.237156,0.419108,-3.609822,0.000066,0.002062,-1.684333,0.908723,-0.218777,-2.758861,0.000030,0.001951,-1.684397
82.4020,-0.238860,0.404193,-3.609853,0.000067,0.002061,-1.684375,0.914919,-0.241050,-2.759088,0.000027,0.002023,-1.684134
82.4500,-0.240564,0.389278,-3.609885,0.000067,0.002060,-1.684416,-0.312969,0.303027,-2.758871,0.000066,0.001974,-1.684416
82.5000,-0.242269,0.374363,-3.609916,0.000067,0.002059,-1.684457,-0.343528,0.297944,-2.759095,-0.000034,0.002158,-1.684578
82.5500,-0.243975,0.359448,-3.609948,0.000067,0.002059,-1.684498,-0.389366,0.290318,-2.758940,-0.000020,0.002111,-1.684557
82.6000,-0.245681,0.344534,-3.609980,0.000067,0.002058,-1.684538,-0.419926,0.285236,-2.759163,0.000126,0.001799,-1.684448
82.6500,-0.247387,0.329619,-3.610011,0.000067,0.002057,-1.684578,-0.465764,0.277620,-2.759007,-0.000067,0.002159,-1.684441
82.7000,-0.249095,0.314705,-3.610043,0.000067,0.002057,-1.684617,-0.496322,0.272542,-2.759230,0.000064,0.002006,-1.684562
82.7500,-0.250802,0.299791,-3.610074,0.000067,0.002056,-1.684656,-0.542160,0.264932,-2.759075,-0.000007,0.002056,-1.684688
82.8000,-0.252511,0.284877,-3.610106,0.000067,0.002055,-1.684695,-0.572718,0.259858,-2.759303,0.000079,0.002022,-1.684649
82.8500,-0.254220,0.269963,-3.610137,0.000067,0.002055,-1.684733,-0.618558,0.252255,-2.759147,0.000213,0.002001,-1.684866
82.9000,-0.255905,0.255261,-3.610154,0.000069,0.002226,-1.684773,-0.649116,0.247208,-2.759372,0.000101,0.002309,-1.684581
82.9500,-0.257324,0.242900,-3.610194,0.000083,0.002677,-1.684844,-0.694758,0.241379,-2.759030,-0.000029,0.002965,-1.684969
83.0000,-0.258202,0.235267,-3.610252,0.000110,0.002974,-1.684975,-0.724818,0.240747,-2.759274,0.000135,0.002804,-1.685093
83.0500,-0.258534,0.232480,-3.610302,0.000130,0.003047,-1.685118,-0.769225,0.245821,-2.758878,0.000248,0.003020,-1.685291
83.1000,-0.258486,0.233001,-3.610333,0.000136,0.003081,-1.685238,-0.798472,0.252399,-2.759099,0.000125,0.003051,-1.685275
83.1500,-0.258283,0.234764,-3.610312,0.000135,0.003265,-1.685347,-0.842072,0.264488,-2.758614,0.000314,0.003236,-1.685332
83.2000,-0.258077,0.236545,-3.610226,0.000153,0.003495,-1.685450,-0.871108,0.272796,-2.758737,0.000088,0.003394,-1.685376
83.2500,-0.257909,0.237997,-3.610115,0.000173,0.003529,-1.685524,-0.914691,0.284996,-2.758088,0.000223,0.003416,-1.685288
83.3000,-0.257804,0.238895,-3.610024,0.000174,0.003460,-1.685579,-0.943792,0.292727,-2.758167,0.000154,0.003483,-1.685704
83.3500,-0.257759,0.239276,-3.609970,0.000162,0.003410,-1.685631,-0.987516,0.303685,-2.757677,0.000247,0.003567,-1.685539
83.4000,-0.257755,0.239333,-3.609953,0.000154,0.003367,-1.685677,-1.016707,0.310655,-2.757806,0.000045,0.003438,-1.685654
83.4500,-0.257766,0.239281,-3.609961,0.000148,0.003286,-1.685709,-0.034592,0.399931,-2.757402,0.000248,0.003203,-1.685546
83.5000,-0.257778,0.239227,-3.609980,0.000136,0.003184,-1.685738,-0.033316,0.409069,-2.757557,0.000233,0.003323,-1.685650
83.5500,-0.257786,0.239212,-3.610000,0.000120,0.003096,-1.685766,-0.031403,0.422808,-2.757368,0.000146,0.003328,-1.685775
83.6000,-0.257785,0.239263,-3.610013,0.000105,0.003012,-1.685793,-0.030122,0.432011,-2.757526,0.000006,0.003109,-1.685735
83.6500,-0.257778,0.239373,-3.610021,0.000091,0.002920,-1.685817,-0.028193,0.445891,-2.757403,0.000246,0.002813,-1.685770
83.7000,-0.257764,0.239520,-3.610023,0.000077,0.002826,-1.685840,-0.026902,0.455182,-2.757563,0.000084,0.002822,-1.685947
83.7500,-0.257749,0.239676,-3.610022,0.000061,0.002736,-1.685863,-0.024961,0.469141,-2.757492,0.000077,0.002865,-1.685777
83.8020,-0.257735,0.239829,-3.610021,0.000047,0.002649,-1.685886,-0.023667,0.478445,-2.757659,0.000020,0.002765,-1.685977
83.8500,-0.257723,0.239976,-3.610021,0.000034,0.002562,-1.685910,-0.021728,0.492393,-2.757634,-0.000066,0.002444,-1.685971
83.9000,-0.257712,0.240087,-3.610021,-0.000015,0.002478,-1.685387,-0.020436,0.501679,-2.757814,-0.000027,0.002582,-1.685594
83.9500,-0.257705,0.240120,-3.610094,-0.000252,0.002403,-1.681255,-0.018516,0.515518,-2.757909,-0.000340,0.002740,-1.681226
84.0000,-0.257701,0.240142,-3.610172,-0.000531,0.002265,-1.674069,-0.017281,0.524716,-2.758181,-0.000441,0.002271,-1.675537
84.0500,-0.257718,0.240191,-3.610148,-0.000616,0.002011,-1.666489,-0.015551,0.538554,-2.758353,-0.000600,0.001994,-1.666462
84.1000,-0.257740,0.240278,-3.610049,-0.000626,0.001814,-1.658422,-0.014478,0.547814,-2.758509,-0.000623,0.001759,-1.660098
84.1500,-0.257753,0.240399,-3.609932,-0.000717,0.001700,-1.649160,-0.012979,0.561763,-2.758570,-0.000655,0.001730,-1.649274
84.2000,-0.257749,0.240538,-3.609838,-0.000829,0.001620,-1.638830,-0.012059,0.571090,-2.758728,-0.000760,0.001619,-1.640954
84.2500,-0.257729,0.240673,-3.609783,-0.000858,0.001540,-1.628032,-0.010804,0.585099,-2.758836,-0.000746,0.001522,-1.628097
84.3000,-0.257705,0.240799,-3.609765,-0.000845,0.001463,-1.616935,-0.010064,0.594439,-2.759072,-0.000999,0.001454,-1.619182
84.3500,-0.257684,0.240915,-3.609772,-0.000859,0.001403,-1.605475,-0.009113,0.608447,-2.759226,-0.000597,0.001378,-1.605439
84.4000,-0.257670,0.241023,-3.609791,-0.000887,0.001360,-1.593694,-0.008595,0.617786,-2.759514,-0.000969,0.001356,-1.596109
84.4500,-0.257663,0.241127,-3.609810,-0.000894,0.001330,-1.581724,-0.281748,1.028582,-2.759600,-0.000777,0.001346,-1.581687
84.5000,-0.257663,0.241229,-3.609824,-0.000879,0.001308,-1.569634,-0.290544,1.049009,-2.759901,-0.000800,0.001310,-1.572256
84.5500,-0.257668,0.241332,-3.609833,-0.000859,0.001294,-1.557435,-0.304113,1.079490,-2.759954,-0.000895,0.001377,-1.557382
84.6000,-0.257674,0.241435,-3.609837,-0.000836,0.001287,-1.545141,-0.313411,1.099699,-2.760251,-0.000621,0.001202,-1.547667
84.6500,-0.257681,0.241538,-3.609838,-0.000802,0.001283,-1.532781,-0.327732,1.129840,-2.760224,-0.000966,0.001408,-1.532732
84.7000,-0.257689,0.241641,-3.609839,-0.000758,0.001281,-1.520378,-0.337526,1.149814,-2.760517,-0.000863,0.001204,-1.522977
84.7500,-0.257696,0.241742,-3.609841,-0.000713,0.001279,-1.507941,-0.352587,1.179590,-2.760420,-0.000860,0.001238,-1.507865
84.8000,-0.257704,0.241843,-3.609843,-0.000669,0.001279,-1.495476,-0.362873,1.199314,-2.760717,-0.000690,0.001273,-1.497988
84.8500,-0.257713,0.241942,-3.609847,-0.000625,0.001279,-1.482989,-0.378672,1.228703,-2.760568,-0.000550,0.001275,-1.483048
84.9000,-0.257723,0.242040,-3.609851,-0.000581,0.001279,-1.470488,-0.389447,1.248164,-2.760863,-0.000641,0.001252,-1.472909
84.9500,-0.257735,0.242136,-3.609855,-0.000537,0.001279,-1.457976,-0.405977,1.277150,-2.760669,-0.000598,0.001373,-1.457965
85.0000,-0.257747,0.242231,-3.609859,-0.000495,0.001280,-1.445455,-0.417239,1.296332,-2.760954,-0.000469,0.001084,-1.447932
85.0520,-0.257761,0.242325,-3.609862,-0.000454,0.001282,-1.432928,-0.434491,1.324893,-2.760727,-0.000329,0.001435,-1.432894
85.1000,-0.257776,0.242418,-3.609866,-0.000414,0.001283,-1.420397,-0.446234,1.343787,-2.761006,-0.000529,0.001397,-1.422964
85.1500,-0.257792,0.242510,-3.609869,-0.000376,0.001284,-1.407862,-0.464202,1.371902,-2.760744,-0.000360,0.001376,-1.407966
85.2000,-0.257809,0.242601,-3.609873,-0.000338,0.001285,-1.395325,-0.476413,1.390492,-2.761016,-0.000156,0.001190,-1.397783
85.2500,-0.257827,0.242690,-3.609876,-0.000303,0.001287,-1.382786,-0.495082,1.418147,-2.760740,-0.000291,0.001347,-1.382937
85.3000,-0.257846,0.242779,-3.609879,-0.000268,0.001287,-1.370246,-0.507757,1.436426,-2.761003,-0.000519,0.001205,-1.372774
85.3500,-0.257865,0.242866,-3.609883,-0.000236,0.001288,-1.357706,-0.527115,1.463602,-2.760709,-0.000123,0.001253,-1.357885
85.4000,-0.257886,0.242952,-3.609886,-0.000204,0.001289,-1.345164,-0.540243,1.481558,-2.760965,-0.000195,0.001401,-1.347678
85.4500,-0.257907,0.243037,-3.609889,-0.000174,0.001289,-1.332623,-1.226328,0.953207,-2.760678,-0.000239,0.001395,-1.332429
85.5000,-0.257930,0.243121,-3.609893,-0.000146,0.001290,-1.320081,-1.256951,0.951386,-2.760933,0.000006,0.001474,-1.322558
85.5500,-0.257953,0.243204,-3.609896,-0.000119,0.001290,-1.307540,-1.302850,0.948074,-2.760636,-0.000124,0.001457,-1.307546
85.6020,-0.257977,0.243285,-3.609899,-0.000093,0.001290,-1.294999,-1.333419,0.945479,-2.760883,-0.000246,0.001331,-1.297494
85.6500,-0.258001,0.243366,-3.609902,-0.000069,0.001290,-1.282457,-1.379222,0.941006,-2.760585,-0.000210,0.001273,-1.282473
85.7000,-0.258027,0.243445,-3.609905,-0.000045,0.001290,-1.269916,-1.409718,0.937642,-2.760823,-0.000062,0.001264,-1.272496
85.7500,-0.258053,0.243523,-3.609908,-0.000023,0.001290,-1.257376,-1.455396,0.932022,-2.760524,0.000022,0.001318,-1.257385
85.8000,-0.258080,0.243600,-3.609911,-0.000002,0.001290,-1.244836,-1.485799,0.927893,-2.760761,-0.000057,0.001244,-1.247284
85.8500,-0.258108,0.243676,-3.609914,0.000018,0.001289,-1.232296,-1.531323,0.921130,-2.760462,0.000094,0.001244,-1.232275
85.9000,-0.258136,0.243751,-3.609917,0.000038,0.001289,-1.219756,-1.561613,0.916240,-2.760690,0.000018,0.001287,-1.222155
85.9520,-0.258165,0.243825,-3.609920,0.000056,0.001288,-1.207217,-1.606952,0.908340,-2.760401,0.000032,0.001162,-1.207166
86.0000,-0.258194,0.243897,-3.609923,0.000073,0.001288,-1.194678,-1.637110,0.902695,-2.760621,0.000067,0.001457,-1.197238
86.0500,-0.258225,0.243969,-3.609926,0.000090,0.001287,-1.182139,-1.682236,0.893661,-2.760341,0.000341,0.001502,-1.182067
86.1000,-0.258255,0.244039,-3.609929,0.000106,0.001286,-1.169601,-1.712244,0.887256,-2.760563,0.000147,0.001120,-1.172205
86.1500,-0.258287,0.244108,-3.609932,0.000121,0.001285,-1.157063,-1.757133,0.877087,-2.760290,0.000218,0.001272,-1.157130
86.2000,-0.258319,0.244176,-3.609935,0.000136,0.001285,-1.144526,-1.786973,0.869927,-2.760505,-0.000026,0.001321,-1.147105
86.2500,-0.258351,0.244243,-3.609937,0.000150,0.001284,-1.131989,-1.831594,0.858631,-2.760239,0.000194,0.001311,-1.132101
86.3000,-0.258384,0.244309,-3.609940,0.000163,0.001283,-1.119452,-1.861247,0.850725,-2.760450,0.000245,0.001369,-1.121849
86.3500,-0.258418,0.244374,-3.609943,0.000176,0.001282,-1.106916,-1.905572,0.838306,-2.760191,0.000149,0.001212,-1.106909
86.4020,-0.258452,0.244437,-3.609946,0.000188,0.001281,-1.094380,-1.935016,0.829655,-2.760399,0.000140,0.001258,-1.096824
86.4500,-0.258486,0.244500,-3.609948,0.000199,0.001280,-1.081844,-1.188033,0.122730,-2.760195,0.000197,0.001199,-1.081955
86.5000,-0.258521,0.244562,-3.609951,0.000211,0.001278,-1.069309,-1.190434,0.096911,-2.760402,0.000324,0.001129,-1.071714
86.5500,-0.258556,0.244622,-3.609954,0.000221,0.001277,-1.056774,-1.193556,0.058139,-2.760148,0.000345,0.001249,-1.056837
86.6000,-0.258592,0.244682,-3.609956,0.000232,0.001276,-1.044239,-1.195316,0.032266,-2.760353,0.000293,0.001296,-1.046695
86.6500,-0.258628,0.244740,-3.609959,0.000242,0.001275,-1.031705,-1.197466,-0.006575,-2.760107,0.000321,0.001227,-1.031881
86.7020,-0.258664,0.244797,-3.609961,0.000251,0.001274,-1.019171,-1.198580,-0.032486,-2.760312,0.000230,0.001297,-1.021471
86.7500,-0.258701,0.244853,-3.609964,0.000261,0.001272,-1.006638,-1.199757,-0.071374,-2.760072,0.000317,0.001368,-1.006397
86.8000,-0.258738,0.244909,-3.609966,0.000270,0.001271,-0.994104,-1.200216,-0.097309,-2.760273,0.000331,0.001148,-0.996581
86.8500,-0.258775,0.244963,-3.609969,0.000278,0.001270,-0.981571,-1.200424,-0.136215,-2.760036,0.000369,0.001321,-0.981399
86.9000,-0.258813,0.245016,-3.609971,0.000286,0.001268,-0.969039,-1.200236,-0.162153,-2.760240,0.000158,0.001373,-0.971534
86.9500,-0.258851,0.245068,-3.609974,0.000294,0.001267,-0.956507,-1.199474,-0.201056,-2.760013,0.000305,0.001369,-0.956626
87.0000,-0.258890,0.245119,-3.609976,0.000302,0.001265,-0.943975,-1.198642,-0.226986,-2.760213,0.000290,0.001089,-0.946399
87.0500,-0.258928,0.245169,-3.609978,0.000310,0.001264,-0.931443,-1.196913,-0.265861,-2.759990,0.000374,0.001151,-0.931343
87.1000,-0.258967,0.245218,-3.609981,0.000317,0.001262,-0.918912,-1.195434,-0.291762,-2.760186,0.000435,0.001366,-0.921344
87.1500,-0.259006,0.245267,-3.609983,0.000324,0.001261,-0.906381,-1.192730,-0.330583,-2.759972,0.000317,0.001366,-0.906383
87.2000,-0.259045,0.245314,-3.609985,0.000331,0.001259,-0.893850,-1.190603,-0.356442,-2.760171,0.000317,0.001420,-0.896177
87.2500,-0.259085,0.245360,-3.609988,0.000338,0.001258,-0.881320,-1.186922,-0.395188,-2.759961,0.000344,0.001339,-0.881275
87.3000,-0.259124,0.245405,-3.609990,0.000344,0.001256,-0.868790,-1.184145,-0.420990,-2.760157,0.000276,0.001095,-0.871318
87.3500,-0.259164,0.245449,-3.609992,0.000350,0.001255,-0.856260,-1.179497,-0.459633,-2.759947,0.000308,0.001224,-0.856298
87.4000,-0.259204,0.245492,-3.609994,0.000356,0.001253,-0.843730,-1.176076,-0.485356,-2.760145,0.000517,0.001268,-0.846252
87.4500,-0.259244,0.245535,-3.609997,0.000362,0.001252,-0.831201,-0.737286,1.133181,-2.759797,0.000459,0.001286,-0.831265
87.5000,-0.259284,0.245576,-3.609999,0.000368,0.001250,-0.818672,-0.728963,1.158618,-2.759980,0.000281,0.001101,-0.821018
87.5500,-0.259325,0.245617,-3.610001,0.000374,0.001248,-0.806144,-0.716960,1.196926,-2.759801,0.000120,0.001072,-0.806237
87.6000,-0.259365,0.245656,-3.610003,0.000379,0.001247,-0.793615,-0.709275,1.222564,-2.759995,0.000362,0.001196,-0.795972
87.6520,-0.259406,0.245695,-3.610005,0.000385,0.001245,-0.781087,-0.698237,1.261164,-2.759815,0.000580,0.001186,-0.781121
87.7000,-0.259446,0.245732,-3.610007,0.000390,0.001243,-0.768560,-0.691197,1.286986,-2.760004,0.000387,0.001339,-0.771058
87.7500,-0.259487,0.245769,-3.610009,0.000395,0.001242,-0.756032,-0.681126,1.325848,-2.759824,0.000425,0.001139,-0.755834
87.8000,-0.259528,0.245805,-3.610011,0.000400,0.001240,-0.743505,-0.674742,1.351838,-2.760017,0.000251,0.001141,-0.745900
87.8500,-0.259568,0.245840,-3.610014,0.000405,0.001238,-0.730978,-0.665653,1.390941,-2.759838,0.000468,0.001292,-0.731039
87.9000,-0.259609,0.245874,-3.610016,0.000410,0.001237,-0.718451,-0.659918,1.417082,-2.760032,0.000543,0.001331,-0.721022
87.9500,-0.259650,0.245907,-3.610018,0.000415,0.001235,-0.705925,-0.651811,1.456396,-2.759848,0.000359,0.001517,-0.705729
88.0000,-0.259691,0.245940,-3.610020,0.000420,0.001233,-0.693399,-0.646735,1.482669,-2.760042,0.000549,0.001272,-0.695795
88.0500,-0.259731,0.245971,-3.610021,0.000424,0.001231,-0.680873,-0.639613,1.522168,-2.759861,0.000476,0.001267,-0.680798
88.1000,-0.259772,0.246002,-3.610023,0.000429,0.001230,-0.668347,-0.635196,1.548557,-2.760057,0.000506,0.001190,-0.670834
88.1500,-0.259813,0.246032,-3.610025,0.000433,0.001228,-0.655822,-0.629069,1.588218,-2.759872,0.000391,0.001274,-0.655771
88.2000,-0.259854,0.246061,-3.610027,0.000438,0.001226,-0.643297,-0.625312,1.614705,-2.760071,0.000467,0.001360,-0.645856
88.2500,-0.259894,0.246089,-3.610029,0.000442,0.001224,-0.630772,-0.620178,1.654503,-2.759889,0.000436,0.001275,-0.630720
88.3000,-0.259935,0.246117,-3.610031,0.000446,0.001222,-0.618247,-0.617087,1.681074,-2.760089,0.000378,0.000999,-0.620547
88.3500,-0.259976,0.246143,-3.610033,0.000450,0.001220,-0.605723,-0.612954,1.720989,-2.759905,0.000519,0.001280,-0.605825
88.4000,-0.260016,0.246169,-3.610035,0.000455,0.001219,-0.593198,-0.610528,1.747627,-2.760104,0.000542,0.001193,-0.595592
88.4500,-0.260057,0.246194,-3.610036,0.000459,0.001217,-0.580675,-0.976563,0.352334,-2.760028,0.000395,0.001266,-0.580532
88.5000,-0.260097,0.246219,-3.610038,0.000463,0.001215,-0.568151,-0.978298,0.334816,-2.760237,0.000459,0.001070,-0.570559
88.5500,-0.260137,0.246242,-3.610040,0.000467,0.001213,-0.555627,-0.980574,0.308511,-2.760034,0.000473,0.001127,-0.555643
88.6000,-0.260177,0.246265,-3.610042,0.000471,0.001211,-0.543104,-0.981873,0.290954,-2.760242,0.000304,0.001151,-0.545705
88.6500,-0.260217,0.246287,-3.610044,0.000474,0.001209,-0.530581,-0.983490,0.264599,-2.760037,0.000290,0.001325,-0.530532
88.7000,-0.260257,0.246308,-3.610045,0.000478,0.001207,-0.518058,-0.984348,0.247018,-2.760244,0.000349,0.001228,-0.520557
88.7500,-0.260297,0.246329,-3.610047,0.000482,0.001206,-0.505536,-0.985304,0.220634,-2.760038,0.000382,0.000978,-0.505604
88.8000,-0.260336,0.246349,-3.610049,0.000486,0.001204,-0.493014,-0.985723,0.203039,-2.760245,0.000521,0.001161,-0.495285
88.8500,-0.260376,0.246368,-3.610050,0.000489,0.001202,-0.480491,-0.986018,0.176641,-2.760041,0.000405,0.001242,-0.480335
88.9000,-0.260415,0.246387,-3.610052,0.000493,0.001200,-0.467970,-0.985993,0.159041,-2.760249,0.000317,0.001157,-0.470261
88.9500,-0.260454,0.246404,-3.610054,0.000497,0.001198,-0.455448,-0.985625,0.132645,-2.760043,0.000513,0.001129,-0.455529
89.0000,-0.260493,0.246421,-3.610055,0.000500,0.001196,-0.442926,-0.985159,0.115052,-2.760251,0.000521,0.001144,-0.445463
89.0500,-0.260532,0.246438,-3.610057,0.000504,0.001194,-0.430405,-0.984130,0.088673,-2.760047,0.000568,0.001193,-0.430259
89.1000,-0.260570,0.246454,-3.610058,0.000507,0.001192,-0.417884,-0.983222,0.071095,-2.760254,0.000412,0.001191,-0.420349
89.1500,-0.260609,0.246469,-3.610060,0.000511,0.001190,-0.405363,-0.981528,0.044751,-2.760050,0.000559,0.001147,-0.405226
89.2000,-0.260647,0.246483,-3.610062,0.000514,0.001188,-0.392843,-0.980177,0.027201,-2.760257,0.000517,0.001086,-0.395344
89.2500,-0.260685,0.246497,-3.610063,0.000518,0.001186,-0.380322,-0.977824,0.000907,-2.760053,0.000619,0.001347,-0.380325
89.3000,-0.260722,0.246510,-3.610065,0.000521,0.001184,-0.367802,-0.976035,-0.016605,-2.760259,0.000539,0.001013,-0.370372
89.3500,-0.260760,0.246523,-3.610066,0.000525,0.001182,-0.355282,-0.973025,-0.042834,-2.760055,0.000702,0.001297,-0.355115
89.4000,-0.260797,0.246535,-3.610068,0.000528,0.001180,-0.342762,-0.970796,-0.060296,-2.760263,0.000457,0.001170,-0.345260
89.4500,-0.260834,0.246547,-3.610069,0.000531,0.001178,-0.330243,-0.805952,-0.062046,-2.760066,0.000523,0.001265,-0.330352
89.5000,-0.260871,0.246557,-3.610071,0.000535,0.001176,-0.317723,-0.798663,-0.077899,-2.760271,0.000623,0.001161,-0.320154
89.5500,-0.260908,0.246568,-3.610072,0.000538,0.001174,-0.305204,-0.787431,-0.101539,-2.760069,0.000465,0.001055,-0.305080
89.6000,-0.260944,0.246577,-3.610074,0.000541,0.001172,-0.292685,-0.779745,-0.117206,-2.760273,0.000540,0.001075,-0.295353
89.6500,-0.260980,0.246586,-3.610075,0.000544,0.001170,-0.280166,-0.767929,-0.140560,-2.760068,0.000468,0.001227,-0.280185
89.7000,-0.261016,0.246595,-3.610076,0.000547,0.001168,-0.267648,-0.759853,-0.156028,-2.760273,0.000476,0.001081,-0.270136
89.7500,-0.261052,0.246603,-3.610078,0.000551,0.001166,-0.255129,-0.747452,-0.179076,-2.760070,0.000498,0.001236,-0.255141
89.8000,-0.261087,0.246611,-3.610079,0.000554,0.001164,-0.242611,-0.738992,-0.194338,-2.760275,0.000456,0.001286,-0.244987
89.8500,-0.261122,0.246618,-3.610081,0.000557,0.001162,-0.230093,-0.726011,-0.217067,-2.760073,0.000666,0.001213,-0.230089
89.9000,-0.261157,0.246624,-3.610082,0.000560,0.001159,-0.217575,-0.717167,-0.232112,-2.760279,0.000593,0.001097,-0.220186
89.9500,-0.261191,0.246630,-3.610083,0.000563,0.001157,-0.205057,-0.703622,-0.254514,-2.760077,0.000520,0.001272,-0.204992
90.0000,-0.261226,0.246635,-3.610085,0.000566,0.001155,-0.192539,-0.694406,-0.269336,-2.760281,0.000616,0.001084,-0.195130
90.0500,-0.261260,0.246640,-3.610086,0.000569,0.001153,-0.180022,-0.680308,-0.291395,-2.760079,0.000524,0.001159,-0.179902
90.1000,-0.261293,0.246645,-3.610087,0.000572,0.001151,-0.167505,-0.670725,-0.305983,-2.760284,0.000550,0.001053,-0.170054
90.1500,-0.261327,0.246649,-3.610089,0.000575,0.001149,-0.154988,-0.656080,-0.327683,-2.760080,0.000554,0.001012,-0.154945
90.2000,-0.261360,0.246653,-3.610082,0.000597,0.001142,-0.142886,-0.646139,-0.342027,-2.760280,0.000659,0.001127,-0.145248
90.2500,-0.261398,0.246662,-3.610133,0.000790,0.001135,-0.134155,-0.630982,-0.363362,-2.760095,0.000771,0.001281,-0.134124
90.3020,-0.261444,0.246674,-3.610191,0.001054,0.001064,-0.128536,-0.620769,-0.377503,-2.760359,0.000972,0.001264,-0.129517
90.3500,-0.261499,0.246699,-3.610153,0.001128,0.000840,-0.123409,-0.605344,-0.398616,-2.760187,0.001029,0.000828,-0.123343
90.4000,-0.261554,0.246727,-3.610053,0.001111,0.000658,-0.118997,-0.594991,-0.412635,-2.760327,0.000966,0.000517,-0.119742
90.4500,-0.261606,0.246745,-3.609943,0.001170,0.000575,-0.115939,0.253902,0.992013,-2.759965,0.001297,0.000541,-0.115631
90.5000,-0.261651,0.246739,-3.609858,0.001260,0.000520,-0.113917,0.283173,1.023765,-2.760059,0.001267,0.000586,-0.114269
90.5500,-0.261682,0.246701,-3.609810,0.001282,0.000452,-0.112306,0.327014,1.071430,-2.759880,0.001102,0.000330,-0.112265
90.6000,-0.261706,0.246653,-3.609797,0.001266,0.000401,-0.111084,0.356203,1.103235,-2.760038,0.001391,0.000429,-0.111501
90.6520,-0.261731,0.246614,-3.609806,0.001266,0.000380,-0.110321,0.399936,1.150996,-2.759944,0.001213,0.000217,-0.110308
90.7000,-0.261762,0.246594,-3.609824,0.001269,0.000369,-0.109894,0.429061,1.182873,-2.760138,0.001205,0.000393,-0.109993
90.7500,-0.261798,0.246591,-3.609842,0.001247,0.000360,-0.109653,0.472729,1.230723,-2.760063,0.001244,0.000338,-0.109662
90.8000,-0.261838,0.246600,-3.609856,0.001211,0.000358,-0.109562,0.501826,1.262642,-2.760265,0.001159,0.000195,-0.109588
90.8520,-0.261879,0.246613,-3.609864,0.001174,0.000363,-0.109614,0.545470,1.310531,-2.760172,0.001167,0.000448,-0.109781
90.9020,-0.261920,0.246625,-3.609867,0.001137,0.000373,-0.109772,0.574569,1.342451,-2.760372,0.001038,0.000275,-0.109711
90.9500,-0.261959,0.246634,-3.609869,0.001094,0.000383,-0.109996,0.618220,1.390328,-2.760265,0.001139,0.000419,-0.109992
91.0020,-0.261996,0.246639,-3.609870,0.001048,0.000396,-0.110272,0.647325,1.422238,-2.760470,0.001119,0.000438,-0.110054
91.0500,-0.262032,0.246642,-3.609872,0.001001,0.000411,-0.110592,0.691000,1.470087,-2.760355,0.000986,0.000368,-0.110713
91.1000,-0.262068,0.246645,-3.609874,0.000955,0.000426,-0.110942,0.720130,1.501972,-2.760571,0.000906,0.000325,-0.110937
91.1500,-0.262103,0.246647,-3.609877,0.000907,0.000441,-0.111313,0.763843,1.549788,-2.760448,0.000826,0.000359,-0.111435
91.2000,-0.262138,0.246651,-3.609881,0.000860,0.000457,-0.111700,0.792997,1.581653,-2.760672,0.000999,0.000555,-0.111753
91.2500,-0.262173,0.246654,-3.609885,0.000815,0.000472,-0.112097,0.836748,1.629436,-2.760536,0.000817,0.000392,-0.112001
91.3000,-0.262208,0.246658,-3.609889,0.000770,0.000487,-0.112501,0.865921,1.661286,-2.760763,0.000827,0.000455,-0.112410
91.3500,-0.262242,0.246662,-3.609893,0.000726,0.000502,-0.112911,0.909706,1.709035,-2.760609,0.000832,0.000674,-0.113059
91.4000,-0.262277,0.246666,-3.609896,0.000684,0.000517,-0.113322,0.938907,1.740855,-2.760842,0.000738,0.000571,-0.113433
91.4500,-0.262311,0.246670,-3.609900,0.000644,0.000531,-0.113735,0.184659,1.038143,-2.760727,0.000663,0.000374,-0.113749
91.5020,-0.262344,0.246673,-3.609903,0.000605,0.000544,-0.114147,0.190645,1.047010,-2.760956,0.000643,0.000621,-0.114114
91.5500,-0.262377,0.246677,-3.609906,0.000568,0.000556,-0.114557,0.199632,1.060305,-2.760768,0.000580,0.000530,-0.114568
91.6000,-0.262410,0.246680,-3.609909,0.000532,0.000568,-0.114966,0.205627,1.069165,-2.760996,0.000536,0.000595,-0.114627
91.6500,-0.262443,0.246683,-3.609913,0.000499,0.000579,-0.115372,0.214623,1.082451,-2.760801,0.000357,0.000773,-0.115374
91.7000,-0.262475,0.246686,-3.609916,0.000467,0.000589,-0.115776,0.220628,1.091305,-2.761029,0.000504,0.000525,-0.115665
91.7500,-0.262506,0.246690,-3.609919,0.000437,0.000599,-0.116176,0.229639,1.104583,-2.760828,0.000520,0.000858,-0.116098
91.8000,-0.262538,0.246693,-3.609922,0.000409,0.000608,-0.116573,0.235651,1.113433,-2.761055,0.000357,0.000765,-0.116467
91.8500,-0.262569,0.246696,-3.609925,0.000383,0.000616,-0.116966,0.244677,1.126703,-2.760848,0.000357,0.000617,-0.117047
91.9000,-0.262600,0.246699,-3.609928,0.000359,0.000624,-0.117356,0.250699,1.135546,-2.761073,0.000400,0.000643,-0.117111
91.9500,-0.262631,0.246703,-3.609931,0.000336,0.000631,-0.117742,0.259733,1.148808,-2.760863,0.000238,0.000597,-0.117684
92.0000,-0.262661,0.246706,-3.609934,0.000315,0.000638,-0.118125,0.265759,1.157647,-2.761086,0.000287,0.000664,-0.118054
92.0500,-0.262691,0.246709,-3.609937,0.000295,0.000644,-0.118504,0.274803,1.170899,-2.760873,0.000351,0.000586,-0.118536
92.1000,-0.262721,0.246712,-3.609940,0.000276,0.000649,-0.118879,0.280836,1.179733,-2.761095,0.000397,0.000531,-0.118793
92.1520,-0.262750,0.246715,-3.609943,0.000259,0.000654,-0.119250,0.289887,1.192981,-2.760880,0.000349,0.000631,-0.119404
92.2000,-0.262779,0.246718,-3.609946,0.000243,0.000659,-0.119618,0.295926,1.201811,-2.761100,0.000256,0.000806,-0.119445
92.2500,-0.262808,0.246721,-3.609949,0.000228,0.000663,-0.119982,0.304988,1.215053,-2.760885,0.000189,0.000772,-0.119858
92.3000,-0.262837,0.246724,-3.609952,0.000215,0.000667,-0.120342,0.311034,1.223879,-2.761104,0.000152,0.000711,-0.120289
92.3500,-0.262865,0.246727,-3.609955,0.000202,0.000670,-0.120699,0.320109,1.237115,-2.760887,0.000089,0.000646,-0.120709
92.4000,-0.262893,0.246729,-3.609957,0.000190,0.000674,-0.121052,0.326162,1.245936,-2.761104,-0.000061,0.000752,-0.120949
92.4500,-0.262920,0.246732,-3.609960,0.000180,0.000677,-0.121401,-0.135264,0.636435,-2.760839,0.000131,0.000777,-0.121301
92.5000,-0.262948,0.246735,-3.609963,0.000170,0.000679,-0.121747,-0.143180,0.626743,-2.761048,0.000222,0.000637,-0.121616
92.5500,-0.262975,0.246738,-3.609966,0.000160,0.000682,-0.122090,-0.155061,0.612210,-2.760836,0.000286,0.000679,-0.122338
92.6000,-0.263002,0.246741,-3.609968,0.000152,0.000684,-0.122429,-0.162987,0.602525,-2.761042,0.000082,0.000801,-0.122369
92.6500,-0.263028,0.246743,-3.609971,0.000144,0.000686,-0.122764,-0.174874,0.588000,-2.760831,0.000184,0.000696,-0.122738
92.7000,-0.263055,0.246746,-3.609974,0.000137,0.000687,-0.123096,-0.182801,0.578321,-2.761036,0.000179,0.000588,-0.122988
92.7500,-0.263081,0.246749,-3.609976,0.000130,0.000689,-0.123425,-0.194695,0.563804,-2.760829,0.000162,0.000593,-0.123557
92.8000,-0.263107,0.246751,-3.609979,0.000124,0.000690,-0.123750,-0.202628,0.554128,-2.761035,0.000112,0.000815,-0.123545
92.8500,-0.263132,0.246754,-3.609981,0.000118,0.000692,-0.124072,-0.214532,0.539616,-2.760828,0.000174,0.000742,-0.124061
92.9000,-0.263157,0.246757,-3.609984,0.000113,0.000693,-0.124391,-0.222470,0.529944,-2.761032,-0.000001,0.000700,-0.124464
92.9500,-0.263182,0.246759,-3.609986,0.000109,0.000694,-0.124706,-0.234380,0.515440,-2.760826,0.000078,0.000629,-0.124701
93.0000,-0.263207,0.246762,-3.609989,0.000104,0.000695,-0.125019,-0.242322,0.505772,-2.761029,-0.000057,0.000694,-0.124901
93.0500,-0.263232,0.246764,-3.609991,0.000100,0.000695,-0.125328,-0.254239,0.491279,-2.760825,0.000083,0.000820,-0.125452
93.1000,-0.263256,0.246767,-3.609994,0.000097,0.000696,-0.125634,-0.262185,0.481619,-2.761028,0.000073,0.000688,-0.125493
93.1500,-0.263280,0.246770,-3.609996,0.000094,0.000697,-0.125936,-0.274110,0.467133,-2.760825,0.000221,0.000762,-0.125846
93.2000,-0.263304,0.246772,-3.609998,0.000091,0.000697,-0.126236,-0.282059,0.457477,-2.761028,0.000190,0.000518,-0.126089
93.2500,-0.263327,0.246775,-3.610001,0.000088,0.000698,-0.126533,-0.293990,0.442995,-2.760828,0.000103,0.000659,-0.126387
93.3000,-0.263350,0.246777,-3.610003,0.000086,0.000698,-0.126826,-0.301946,0.433342,-2.761031,0.000125,0.000746,-0.126813
93.3500,-0.263374,0.246779,-3.610005,0.000084,0.000699,-0.127117,-0.313887,0.418868,-2.760830,0.000152,0.000725,-0.127012
93.4000,-0.263396,0.246782,-3.610008,0.000082,0.000699,-0.127405,-0.321850,0.409223,-2.761032,-0.000008,0.000658,-0.127300
93.4500,-0.263419,0.246784,-3.610010,0.000080,0.000699,-0.127689,-0.264817,0.822401,-2.760839,0.000131,0.000682,-0.127643
93.5000,-0.263441,0.246787,-3.610012,0.000078,0.000700,-0.127971,-0.270692,0.825461,-2.761043,0.000043,0.000645,-0.128129
93.5500,-0.263463,0.246789,-3.610015,0.000077,0.000700,-0.128250,-0.279504,0.830055,-2.760842,0.000206,0.000615,-0.128402
93.6000,-0.263485,0.246791,-3.610017,0.000076,0.000700,-0.128526,-0.285377,0.833119,-2.761047,0.000145,0.000733,-0.128360
93.6500,-0.263507,0.246794,-3.610019,0.000074,0.000700,-0.128800,-0.294187,0.837720,-2.760847,0.000028,0.000682,-0.128876
93.7000,-0.263529,0.246796,-3.610021,0.000073,0.000700,-0.129070,-0.300060,0.840790,-2.761051,0.000254,0.000663,-0.129023
93.7500,-0.263550,0.246798,-3.610023,0.000072,0.000700,-0.129338,-0.308869,0.845396,-2.760850,0.000003,0.000589,-0.129406
93.8000,-0.263571,0.246801,-3.610025,0.000071,0.000700,-0.129603,-0.314739,0.848469,-2.761055,0.000035,0.000706,-0.129495
93.8500,-0.263592,0.246803,-3.610027,0.000071,0.000700,-0.129865,-0.323546,0.853081,-2.760855,-0.000086,0.000843,-0.129810
93.9000,-0.263612,0.246805,-3.610029,0.000070,0.000700,-0.130125,-0.329415,0.856160,-2.761059,0.000133,0.000711,-0.130014
93.9500,-0.263633,0.246807,-3.610032,0.000069,0.000700,-0.130382,-0.338219,0.860780,-2.760859,0.000153,0.000682,-0.130538
94.0000,-0.263653,0.246809,-3.610034,0.000069,0.000700,-0.130636,-0.344087,0.863861,-2.761063,-0.000120,0.000738,-0.130518
94.0500,-0.263673,0.246812,-3.610036,0.000068,0.000700,-0.130888,-0.352890,0.868485,-2.760864,0.000070,0.000614,-0.130768
94.1000,-0.263693,0.246814,-3.610038,0.000068,0.000700,-0.131137,-0.358759,0.871570,-2.761068,0.000190,0.000747,-0.131253
94.1500,-0.263712,0.246816,-3.610040,0.000067,0.000700,-0.131384,-0.367563,0.876199,-2.760869,0.000039,0.000826,-0.131415
94.2000,-0.263732,0.246818,-3.610042,0.000067,0.000700,-0.131628,-0.373431,0.879288,-2.761072,0.000285,0.000945,-0.131612
94.2500,-0.263751,0.246820,-3.610043,0.000067,0.000700,-0.131869,-0.382228,0.883918,-2.760871,0.000276,0.000689,-0.131824
94.3000,-0.263770,0.246822,-3.610045,0.000066,0.000700,-0.132108,-0.388091,0.887004,-2.761075,-0.000000,0.000897,-0.131995
94.3500,-0.263789,0.246824,-3.610047,0.000066,0.000700,-0.132345,-0.396885,0.891633,-2.760875,0.000132,0.000671,-0.132447
94.4000,-0.263807,0.246827,-3.610049,0.000066,0.000700,-0.132579,-0.402745,0.894720,-2.761078,0.000107,0.000666,-0.132533
94.4500,-0.263826,0.246829,-3.610051,0.000066,0.000699,-0.132811,-0.766722,0.628455,-2.760865,0.000170,0.000716,-0.132772
94.5020,-0.263844,0.246831,-3.610053,0.000066,0.000699,-0.133041,-0.783162,0.623529,-2.761067,0.000079,0.000904,-0.133031
94.5520,-0.263862,0.246833,-3.610055,0.000066,0.000699,-0.133268,-0.807821,0.616143,-2.760870,0.000112,0.000643,-0.133185
94.6000,-0.263880,0.246835,-3.610056,0.000065,0.000699,-0.133493,-0.824262,0.611221,-2.761073,0.000012,0.000641,-0.133540
94.6500,-0.263898,0.246837,-3.610058,0.000065,0.000699,-0.133716,-0.848925,0.603845,-2.760875,-0.000010,0.000687,-0.133771
94.7000,-0.263915,0.246839,-3.610060,0.000065,0.000699,-0.133936,-0.865366,0.598931,-2.761078,0.000119,0.000915,-0.134007
94.7500,-0.263932,0.246841,-3.610062,0.000065,0.000699,-0.134154,-0.890027,0.591564,-2.760879,0.000130,0.000746,-0.134269
94.8000,-0.263950,0.246842,-3.610064,0.000065,0.000699,-0.134370,-0.906467,0.586656,-2.761082,-0.000025,0.000773,-0.134286
94.8500,-0.263967,0.246844,-3.610065,0.000065,0.000698,-0.134583,-0.931128,0.579297,-2.760886,-0.000004,0.000654,-0.134722
94.9000,-0.263983,0.246846,-3.610067,0.000065,0.000698,-0.134795,-0.947571,0.574398,-2.761090,0.000044,0.000728,-0.134760
94.9500,-0.264000,0.246848,-3.610069,0.000065,0.000698,-0.135004,-0.972237,0.567053,-2.760892,0.000134,0.000712,-0.135053
95.0000,-0.264017,0.246850,-3.610070,0.000065,0.000698,-0.135211,-0.988681,0.562158,-2.761096,0.000187,0.000669,-0.135135
95.0500,-0.264033,0.246852,-3.610072,0.000065,0.000698,-0.135416,-1.013350,0.554820,-2.760899,0.000008,0.000609,-0.135572
95.1000,-0.264049,0.246854,-3.610074,0.000065,0.000698,-0.135619,-1.029798,0.549934,-2.761103,0.000005,0.000806,-0.135550
95.1500,-0.264065,0.246856,-3.610075,0.000065,0.000697,-0.135820,-1.054467,0.542605,-2.760901,-0.000042,0.000834,-0.135774
95.2020,-0.264081,0.246857,-3.610077,0.000066,0.000697,-0.136019,-1.070911,0.537723,-2.761105,-0.000022,0.000626,-0.136074
95.2520,-0.264096,0.246859,-3.610078,0.000066,0.000697,-0.136216,-1.095582,0.530409,-2.760908,0.000014,0.000703,-0.136266
95.3000,-0.264112,0.246861,-3.610080,0.000066,0.000697,-0.136411,-1.112030,0.525536,-2.761112,0.000069,0.000672,-0.136481
95.3520,-0.264127,0.246863,-3.610082,0.000066,0.000697,-0.136603,-1.136705,0.518233,-2.760914,0.000088,0.000688,-0.136708
95.4020,-0.264142,0.246865,-3.610083,0.000066,0.000697,-0.136794,-1.153155,0.513365,-2.761117,0.000044,0.000675,-0.136741
95.4500,-0.264157,0.246866,-3.610085,0.000066,0.000697,-0.136983,-0.177041,0.181283,-2.760965,0.000067,0.000939,-0.136911
95.5000,-0.264172,0.246868,-3.610086,0.000066,0.000696,-0.137170,-0.163777,0.166683,-2.761174,-0.000091,0.000662,-0.137119
95.5500,-0.264187,0.246870,-3.610088,0.000066,0.000696,-0.137355,-0.143886,0.144779,-2.760967,-0.000079,0.000564,-0.137476
95.6000,-0.264202,0.246871,-3.610089,0.000066,0.000696,-0.137538,-0.130628,0.130172,-2.761173,0.000084,0.000719,-0.137338
95.6500,-0.264216,0.246873,-3.610091,0.000066,0.000696,-0.137719,-0.110743,0.108261,-2.760966,-0.000046,0.000785,-0.137578
95.7000,-0.264230,0.246875,-3.610092,0.000066,0.000696,-0.137899,-0.097485,0.093654,-2.761172,0.000060,0.000729,-0.137904
95.7520,-0.264245,0.246876,-3.610094,0.000067,0.000696,-0.138076,-0.077606,0.071736,-2.760963,0.000159,0.000683,-0.138177
95.8000,-0.264259,0.246878,-3.610095,0.000067,0.000696,-0.138252,-0.064357,0.057123,-2.761170,0.000106,0.000646,-0.138145
95.8500,-0.264272,0.246880,-3.610096,0.000067,0.000696,-0.138426,-0.044484,0.035200,-2.760964,0.000250,0.000686,-0.138406
95.9000,-0.264286,0.246881,-3.610098,0.000067,0.000695,-0.138598,-0.031237,0.020582,-2.761170,0.000172,0.000808,-0.138665
95.9500,-0.264300,0.246883,-3.610099,0.000067,0.000695,-0.138769,-0.011374,-0.001353,-2.760965,0.000240,0.000569,-0.138765
96.0000,-0.264313,0.246885,-3.610101,0.000067,0.000695,-0.138938,0.001867,-0.015979,-2.761168,0.000013,0.000726,-0.138834
96.0500,-0.264326,0.246886,-3.610102,0.000067,0.000695,-0.139105,0.021724,-0.037919,-2.760962,0.000085,0.000615,-0.139086
96.1000,-0.264340,0.246888,-3.610103,0.000067,0.000695,-0.139270,0.034957,-0.052550,-2.761166,0.000081,0.000516,-0.139160
96.1500,-0.264353,0.246889,-3.610105,0.000067,0.000695,-0.139434,0.054800,-0.074500,-2.760959,0.000020,0.000525,-0.139343
96.2000,-0.264365,0.246891,-3.610106,0.000067,0.000695,-0.139595,0.068026,-0.089134,-2.761162,0.000239,0.000670,-0.139604
96.2500,-0.264378,0.246892,-3.610107,0.000068,0.000695,-0.139756,0.087858,-0.111092,-2.760959,0.000017,0.000928,-0.139654
96.3000,-0.264391,0.246894,-3.610109,0.000068,0.000694,-0.139914,0.101079,-0.125734,-2.761165,0.000008,0.000721,-0.139727
96.3500,-0.264403,0.246895,-3.610110,0.000068,0.000694,-0.140071,0.120908,-0.147699,-2.760961,-0.000014,0.000674,-0.140063
96.4000,-0.264416,0.246897,-3.610111,0.000068,0.000694,-0.140227,0.134126,-0.162344,-2.761163,-0.000122,0.000679,-0.140152
96.4500,-0.264428,0.246898,-3.610112,0.000068,0.000694,-0.140381,-0.157065,0.577323,-2.760939,-0.000105,0.000745,-0.140480
96.5000,-0.264440,0.246900,-3.610114,0.000068,0.000694,-0.140533,-0.153038,0.585333,-2.761141,0.000086,0.000782,-0.140486
96.5500,-0.264452,0.246901,-3.610115,0.000068,0.000694,-0.140684,-0.146997,0.597348,-2.760941,0.000088,0.000702,-0.140549
96.6000,-0.264464,0.246903,-3.610116,0.000068,0.000694,-0.140833,-0.142968,0.605356,-2.761142,0.000007,0.000738,-0.140866
96.6520,-0.264476,0.246904,-3.610117,0.000068,0.000693,-0.140980,-0.136921,0.617368,-2.760944,0.000089,0.000894,-0.141177
96.7020,-0.264488,0.246905,-3.610118,0.000068,0.000693,-0.141127,-0.132885,0.625376,-2.761147,0.000075,0.000705,-0.140979
96.7520,-0.264499,0.246907,-3.610120,0.000068,0.000693,-0.141271,-0.126829,0.637387,-2.760947,-0.000067,0.000725,-0.141585
96.8000,-0.264510,0.246908,-3.610121,0.000068,0.000693,-0.141414,-0.122786,0.645391,-2.761150,0.000071,0.000696,-0.141329
96.8500,-0.264522,0.246910,-3.610122,0.000068,0.000693,-0.141556,-0.116721,0.657398,-2.760951,0.000146,0.000603,-0.141605
96.9000,-0.264533,0.246911,-3.610123,0.000069,0.000693,-0.141696,-0.112675,0.665402,-2.761153,0.000070,0.000648,-0.141705
96.9500,-0.264544,0.246912,-3.610124,0.000069,0.000693,-0.141835,-0.106605,0.677407,-2.760953,0.000053,0.000679,-0.141744
97.0000,-0.264555,0.246914,-3.610125,0.000069,0.000693,-0.141973,-0.102557,0.685409,-2.761156,0.000342,0.000804,-0.141869
97.0500,-0.264566,0.246915,-3.610127,0.000069,0.000693,-0.142109,-0.096482,0.697408,-2.760955,0.000390,0.000630,-0.142068
97.1000,-0.264577,0.246916,-3.610128,0.000069,0.000692,-0.142243,-0.092431,0.705404,-2.761156,0.000095,0.000826,-0.142259
97.1500,-0.264587,0.246917,-3.610129,0.000069,0.000692,-0.142376,-0.086354,0.717395,-2.760957,0.000055,0.000676,-0.142241
97.2000,-0.264598,0.246919,-3.610130,0.000069,0.000692,-0.142508,-0.082302,0.725388,-2.761160,0.000044,0.000718,-0.142465
97.2500,-0.264608,0.246920,-3.610131,0.000069,0.000692,-0.142639,-0.076222,0.737377,-2.760961,0.000058,0.000867,-0.142476
97.3000,-0.264618,0.246921,-3.610132,0.000069,0.000692,-0.142768,-0.072167,0.745367,-2.761163,0.000074,0.000676,-0.142623
97.3500,-0.264629,0.246923,-3.610133,0.000069,0.000692,-0.142896,-0.066084,0.757352,-2.760965,0.000034,0.000692,-0.142780
97.4000,-0.264639,0.246924,-3.610134,0.000069,0.000692,-0.143023,-0.062028,0.765342,-2.761167,-0.000090,0.000629,-0.142951
97.4500,-0.264649,0.246925,-3.610135,0.000070,0.000692,-0.143148,-0.336941,0.684194,-2.760958,0.000102,0.000702,-0.143204
97.5000,-0.264659,0.246926,-3.610136,0.000070,0.000692,-0.143272,-0.341240,0.689431,-2.761160,0.000081,0.000649,-0.143148
97.5500,-0.264668,0.246927,-3.610137,0.000070,0.000692,-0.143395,-0.347689,0.697288,-2.760963,0.000083,0.000667,-0.143470
97.6020,-0.264678,0.246929,-3.610138,0.000070,0.000692,-0.143516,-0.351986,0.702527,-2.761165,0.000207,0.000646,-0.143558
97.6500,-0.264688,0.246930,-3.610139,0.000070,0.000691,-0.143636,-0.358432,0.710384,-2.760966,0.000103,0.000595,-0.143761
97.7000,-0.264697,0.246931,-3.610140,0.000070,0.000691,-0.143755,-0.362728,0.715623,-2.761170,-0.000061,0.000609,-0.143674
97.7500,-0.264707,0.246932,-3.610141,0.000070,0.000691,-0.143873,-0.369173,0.723485,-2.760972,0.000047,0.000643,-0.143912
97.8000,-0.264716,0.246933,-3.610142,0.000070,0.000691,-0.143990,-0.373468,0.728728,-2.761174,0.000010,0.000734,-0.143848
97.8500,-0.264725,0.246934,-3.610143,0.000070,0.000691,-0.144105,-0.379909,0.736593,-2.760975,-0.000030,0.000710,-0.144068
97.9000,-0.264734,0.246936,-3.610144,0.000071,0.000691,-0.144219,-0.384202,0.741838,-2.761178,0.000057,0.000652,-0.144189
97.9500,-0.264743,0.246937,-3.610145,0.000071,0.000691,-0.144332,-0.390640,0.749707,-2.760979,0.000113,0.000604,-0.144441
98.0000,-0.264752,0.246938,-3.610146,0.000071,0.000691,-0.144444,-0.394933,0.754953,-2.761182,0.000075,0.000685,-0.144438
98.0500,-0.264761,0.246939,-3.610147,0.000071,0.000691,-0.144555,-0.401371,0.762823,-2.760982,0.000042,0.000624,-0.144514
98.1000,-0.264770,0.246940,-3.610148,0.000071,0.000691,-0.144665,-0.405662,0.768070,-2.761186,0.000091,0.000735,-0.144730
98.1500,-0.264779,0.246941,-3.610149,0.000071,0.000691,-0.144773,-0.412099,0.775941,-2.760985,0.000157,0.000777,-0.144751
98.2000,-0.264787,0.246942,-3.610149,0.000071,0.000691,-0.144881,-0.416388,0.781188,-2.761188,0.000108,0.000672,-0.144772
98.2500,-0.264796,0.246943,-3.610150,0.000071,0.000691,-0.144987,-0.422823,0.789059,-2.760989,0.000016,0.000682,-0.145021
98.3020,-0.264804,0.246944,-3.610151,0.000071,0.000691,-0.145092,-0.427113,0.794306,-2.761192,-0.000046,0.000659,-0.145188
98.3500,-0.264812,0.246945,-3.610152,0.000072,0.000691,-0.145196,-0.433549,0.802179,-2.760991,0.000181,0.000899,-0.145125
98.4000,-0.264821,0.246946,-3.610153,0.000072,0.000690,-0.145299,-0.437838,0.807426,-2.761194,0.000019,0.000609,-0.145309
98.4500,-0.264829,0.246947,-3.610154,0.000072,0.000690,-0.145402,0.110261,0.549978,-2.761021,0.000179,0.000771,-0.145442
98.5000,-0.264837,0.246948,-3.610155,0.000072,0.000690,-0.145503,0.122441,0.547315,-2.761227,0.000080,0.000661,-0.145516
98.5500,-0.264845,0.246949,-3.610155,0.000072,0.000690,-0.145602,0.140711,0.543320,-2.761022,0.000026,0.000716,-0.145575
98.6020,-0.264853,0.246950,-3.610156,0.000072,0.000690,-0.145701,0.152891,0.540657,-2.761227,0.000197,0.000769,-0.145657
98.6500,-0.264861,0.246951,-3.610157,0.000072,0.000690,-0.145799,0.171163,0.536659,-2.761023,-0.000008,0.000712,-0.145642
98.7000,-0.264868,0.246952,-3.610158,0.000072,0.000690,-0.145896,0.183346,0.533993,-2.761228,0.000061,0.000669,-0.145835
98.7500,-0.264876,0.246953,-3.610159,0.000072,0.000690,-0.145992,0.201618,0.529990,-2.761022,0.000019,0.000832,-0.146003
98.8000,-0.264884,0.246954,-3.610159,0.000072,0.000690,-0.146087,0.213800,0.527321,-2.761228,0.000083,0.000628,-0.146072
98.8500,-0.264891,0.246955,-3.610160,0.000073,0.000690,-0.146181,0.232073,0.523317,-2.761022,0.000112,0.000493,-0.146152
98.9000,-0.264899,0.246956,-3.610161,0.000073,0.000690,-0.146274,0.244254,0.520647,-2.761225,0.000003,0.000576,-0.146304
98.9520,-0.264906,0.246957,-3.610162,0.000073,0.000690,-0.146366,0.262524,0.516639,-2.761020,-0.000057,0.000648,-0.146227
99.0000,-0.264913,0.246958,-3.610163,0.000073,0.000690,-0.146457,0.274705,0.513967,-2.761224,-0.000050,0.000643,-0.146238
99.0500,-0.264921,0.246959,-3.610163,0.000073,0.000690,-0.146548,0.292974,0.509959,-2.761018,0.000006,0.000670,-0.146448
99.1000,-0.264928,0.246960,-3.610164,0.000073,0.000690,-0.146637,0.305153,0.507286,-2.761222,-0.000068,0.000729,-0.146630
99.1500,-0.264935,0.246961,-3.610165,0.000073,0.000690,-0.146725,0.323422,0.503278,-2.761018,0.000126,0.000835,-0.146565
99.2000,-0.264942,0.246962,-3.610166,0.000073,0.000690,-0.146813,0.335602,0.500605,-2.761222,0.000123,0.000668,-0.146764
99.2500,-0.264949,0.246963,-3.610166,0.000073,0.000690,-0.146899,0.353871,0.496593,-2.761017,0.000222,0.000746,-0.146815
99.3000,-0.264956,0.246963,-3.610167,0.000073,0.000690,-0.146985,0.366050,0.493918,-2.761221,0.000194,0.000814,-0.146817
99.3500,-0.264962,0.246964,-3.610168,0.000073,0.000690,-0.147070,0.384318,0.489900,-2.761019,0.000097,0.000694,-0.147133
99.4000,-0.264969,0.246965,-3.610168,0.000074,0.000690,-0.147154,0.396498,0.487218,-2.761222,0.000137,0.000784,-0.147155
99.4500,-0.264976,0.246966,-3.610169,0.000074,0.000690,-0.147237,0.019688,0.284618,-2.761003,0.000122,0.000827,-0.147172
99.5000,-0.264982,0.246967,-3.610170,0.000074,0.000690,-0.147319,0.020123,0.276047,-2.761205,0.000276,0.000571,-0.147314
99.5500,-0.264989,0.246968,-3.610170,0.000074,0.000690,-0.147401,0.020771,0.263189,-2.761005,-0.000059,0.000628,-0.147605
99.6000,-0.264995,0.246968,-3.610171,0.000074,0.000690,-0.147481,0.021201,0.254618,-2.761206,-0.000022,0.000634,-0.147438
99.6500,-0.265002,0.246969,-3.610172,0.000074,0.000690,-0.147561,0.021848,0.241762,-2.761006,0.000207,0.000625,-0.147640
99.7000,-0.265008,0.246970,-3.610173,0.000074,0.000690,-0.147640,0.022279,0.233189,-2.761208,-0.000025,0.000571,-0.147348
99.7500,-0.265014,0.246971,-3.610173,0.000074,0.000689,-0.147718,0.022925,0.220331,-2.761007,0.000230,0.000745,-0.147567
99.8000,-0.265020,0.246972,-3.610174,0.000074,0.000689,-0.147795,0.023355,0.211758,-2.761209,0.000061,0.000693,-0.147572
99.8500,-0.265027,0.246972,-3.610174,0.000074,0.000689,-0.147872,0.023997,0.198900,-2.761009,0.000157,0.000731,-0.147734
99.9000,-0.265033,0.246973,-3.610175,0.000074,0.000689,-0.147948,0.024424,0.190327,-2.761211,0.000074,0.000596,-0.147989
99.9500,-0.265039,0.246974,-3.610176,0.000075,0.000689,-0.148023,0.025063,0.177469,-2.761010,0.000164,0.000592,-0.148080
100.0000,-0.265045,0.246975,-3.610176,0.000075,0.000689,-0.148097,0.025487,0.168897,-2.761212,0.000019,0.000748,-0.148069
100.0500,-0.265050,0.246976,-3.610177,0.000075,0.000689,-0.148170,0.026122,0.156041,-2.761011,0.000111,0.000584,-0.148135
100.1000,-0.265056,0.246976,-3.610178,0.000075,0.000689,-0.148243,0.026545,0.147470,-2.761214,0.000204,0.000608,-0.148162
100.1500,-0.265062,0.246977,-3.610178,0.000075,0.000689,-0.148315,0.027173,0.134613,-2.761013,0.000194,0.000670,-0.148265
100.2000,-0.265068,0.246978,-3.610179,0.000075,0.000689,-0.148386,0.027592,0.126041,-2.761217,0.000180,0.000653,-0.148339
100.2500,-0.265073,0.246979,-3.610179,0.000075,0.000689,-0.148457,0.028215,0.113181,-2.761017,0.000052,0.000581,-0.148508
100.3000,-0.265079,0.246979,-3.610180,0.000075,0.000689,-0.148527,0.028630,0.104607,-2.761219,0.000139,0.000568,-0.148444
100.3500,-0.265085,0.246980,-3.610181,0.000075,0.000689,-0.148596,0.029248,0.091745,-2.761018,0.000084,0.000750,-0.148698
100.4000,-0.265090,0.246981,-3.610181,0.000075,0.000689,-0.148664,0.029659,0.083171,-2.761220,0.000016,0.000702,-0.148562
100.4500,-0.265096,0.246981,-3.610182,0.000075,0.000689,-0.148732,-0.303273,1.164304,-2.760993,0.000046,0.000644,-0.148666
100.5000,-0.265101,0.246982,-3.610182,0.000075,0.000689,-0.148799,-0.312737,1.188253,-2.761192,0.000096,0.000712,-0.148800
100.5500,-0.265106,0.246983,-3.610183,0.000075,0.000689,-0.148865,-0.326930,1.224178,-2.760996,0.000127,0.000794,-0.148986
100.6000,-0.265111,0.246983,-3.610183,0.000076,0.000689,-0.148931,-0.336391,1.248128,-2.761196,0.000044,0.000880,-0.148916
100.6500,-0.265117,0.246984,-3.610184,0.000076,0.000689,-0.148996,-0.350581,1.284052,-2.760997,0.000164,0.000589,-0.149050
100.7000,-0.265122,0.246985,-3.610185,0.000076,0.000689,-0.149060,-0.360039,1.308001,-2.761200,0.000101,0.000736,-0.148952
100.7500,-0.265127,0.246985,-3.610185,0.000076,0.000689,-0.149124,-0.374226,1.343928,-2.761006,0.000177,0.000656,-0.149202
100.8000,-0.265132,0.246986,-3.610186,0.000076,0.000689,-0.149187,-0.383679,1.367881,-2.761206,0.000092,0.000806,-0.149292
100.8500,-0.265137,0.246987,-3.610186,0.000076,0.000689,-0.149249,-0.397859,1.403811,-2.761007,0.000033,0.000705,-0.149033
100.9020,-0.265142,0.246987,-3.610187,0.000076,0.000689,-0.149311,-0.407311,1.427764,-2.761209,0.000043,0.000634,-0.149180
100.9500,-0.265147,0.246988,-3.610187,0.000076,0.000689,-0.149372,-0.421489,1.463695,-2.761013,-0.000000,0.000659,-0.149454
101.0000,-0.265152,0.246989,-3.610188,0.000076,0.000689,-0.149432,-0.430938,1.487651,-2.761217,0.000027,0.000625,-0.149445
101.0500,-0.265157,0.246989,-3.610188,0.000076,0.000689,-0.149492,-0.445113,1.523588,-2.761019,0.000074,0.000584,-0.149566
101.1000,-0.265161,0.246990,-3.610189,0.000076,0.000689,-0.149551,-0.454561,1.547546,-2.761221,0.000129,0.000827,-0.149535
101.1500,-0.265166,0.246991,-3.610189,0.000076,0.000689,-0.149610,-0.468728,1.583485,-2.761022,0.000236,0.000673,-0.149642
101.2000,-0.265171,0.246991,-3.610190,0.000076,0.000689,-0.149668,-0.478176,1.607443,-2.761222,0.000039,0.000852,-0.149517
101.2500,-0.265175,0.246992,-3.610190,0.000076,0.000689,-0.149725,-0.492339,1.643382,-2.761023,0.000092,0.000657,-0.149644
101.3000,-0.265180,0.246992,-3.610191,0.000076,0.000689,-0.149782,-0.501782,1.667342,-2.761226,-0.000019,0.000693,-0.149897
101.3500,-0.265184,0.246993,-3.610191,0.000077,0.000689,-0.149838,-0.515942,1.703286,-2.761027,-0.000015,0.000823,-0.149723
101.4000,-0.265189,0.246994,-3.610192,0.000077,0.000689,-0.149894,-0.525381,1.727249,-2.761232,0.000111,0.000555,-0.150009
101.4500,-0.265193,0.246994,-3.610192,0.000077,0.000689,-0.149949,-0.030327,0.252700,-2.761065,0.000018,0.000488,-0.149880
101.5000,-0.265198,0.246995,-3.610193,0.000077,0.000689,-0.150004,-0.024674,0.231763,-2.761270,0.000193,0.000666,-0.150025
101.5500,-0.265202,0.246995,-3.610193,0.000077,0.000689,-0.150058,-0.016198,0.200357,-2.761066,0.000103,0.000912,-0.149914
101.6020,-0.265206,0.246996,-3.610193,0.000077,0.000689,-0.150111,-0.010545,0.179417,-2.761273,-0.000105,0.000735,-0.150097
101.6500,-0.265211,0.246996,-3.610194,0.000077,0.000689,-0.150164,-0.002069,0.148009,-2.761065,0.000158,0.000532,-0.150268
101.7000,-0.265215,0.246997,-3.610194,0.000077,0.000689,-0.150216,0.003578,0.127069,-2.761270,0.000245,0.000513,-0.150267
101.7500,-0.265219,0.246997,-3.610195,0.000077,0.000689,-0.150268,0.012045,0.095659,-2.761064,-0.000232,0.000488,-0.150192
101.8000,-0.265223,0.246998,-3.610195,0.000077,0.000689,-0.150319,0.017688,0.074721,-2.761265,0.000019,0.000826,-0.150338
101.8500,-0.265227,0.246999,-3.610196,0.000077,0.000689,-0.150370,0.026150,0.043316,-2.761056,-0.000088,0.000716,-0.150355
101.9000,-0.265231,0.246999,-3.610196,0.000077,0.000689,-0.150420,0.031791,0.022381,-2.761261,0.000035,0.000648,-0.150569
101.9500,-0.265235,0.247000,-3.610197,0.000077,0.000689,-0.150470,0.040249,-0.009023,-2.761058,0.000044,0.000649,-0.150595
102.0000,-0.265239,0.247000,-3.610197,0.000077,0.000689,-0.150519,0.045888,-0.029960,-2.761262,0.000210,0.000750,-0.150504
102.0500,-0.265243,0.247001,-3.610197,0.000077,0.000689,-0.150568,0.054346,-0.061368,-2.761060,-0.000023,0.000751,-0.150507
102.1000,-0.265247,0.247001,-3.610198,0.000077,0.000689,-0.150616,0.059984,-0.082308,-2.761263,-0.000014,0.000659,-0.150609
102.1500,-0.265251,0.247002,-3.610198,0.000077,0.000689,-0.150664,0.068439,-0.113717,-2.761056,-0.000015,0.000626,-0.150725
102.2000,-0.265255,0.247002,-3.610199,0.000078,0.000689,-0.150711,0.074075,-0.134656,-2.761257,0.000087,0.000717,-0.150579
102.2500,-0.265258,0.247003,-3.610199,0.000078,0.000689,-0.150758,0.082530,-0.166062,-2.761053,-0.000063,0.000847,-0.150775
102.3000,-0.265262,0.247003,-3.610199,0.000078,0.000689,-0.150804,0.088165,-0.187000,-2.761256,0.000021,0.000554,-0.150958
102.3500,-0.265266,0.247004,-3.610200,0.000078,0.000689,-0.150850,0.096614,-0.218404,-2.761050,-0.000003,0.000848,-0.150888
102.4000,-0.265269,0.247004,-3.610200,0.000078,0.000689,-0.150896,0.102247,-0.239341,-2.761254,0.000166,0.000646,-0.150817
102.4500,-0.265273,0.247005,-3.610201,0.000078,0.000689,-0.150940,0.124914,-0.404401,-2.761053,0.000089,0.000650,-0.150880
102.5020,-0.265277,0.247005,-3.610201,0.000078,0.000689,-0.150985,0.130965,-0.429311,-2.761257,0.000253,0.000533,-0.150958
102.5500,-0.265280,0.247006,-3.610201,0.000078,0.000689,-0.151029,0.140030,-0.466681,-2.761054,0.000160,0.000700,-0.151018
102.6000,-0.265284,0.247006,-3.610202,0.000078,0.000689,-0.151072,0.146075,-0.491594,-2.761259,0.000042,0.000498,-0.151012
102.6520,-0.265287,0.247006,-3.610202,0.000078,0.000689,-0.151115,0.155138,-0.528965,-2.761051,0.000047,0.000674,-0.151025
102.7000,-0.265291,0.247007,-3.610202,0.000078,0.000689,-0.151158,0.161178,-0.553877,-2.761255,0.000141,0.000892,-0.151107
102.7500,-0.265294,0.247007,-3.610203,0.000078,0.000689,-0.151200,0.170239,-0.591248,-2.761053,0.000042,0.000729,-0.151260
102.8000,-0.265297,0.247008,-3.610203,0.000078,0.000689,-0.151242,0.176280,-0.616162,-2.761254,0.000295,0.000829,-0.151104
102.8520,-0.265301,0.247008,-3.610204,0.000078,0.000689,-0.151283,0.185339,-0.653534,-2.761052,0.000230,0.000624,-0.151417
102.9000,-0.265304,0.247009,-3.610204,0.000078,0.000689,-0.151324,0.191377,-0.678450,-2.761258,0.000092,0.000648,-0.151337
102.9500,-0.265307,0.247009,-3.610204,0.000078,0.000689,-0.151365,0.200431,-0.715826,-2.761054,0.000142,0.000365,-0.151292
103.0000,-0.265310,0.247010,-3.610205,0.000078,0.000689,-0.151405,0.206466,-0.740745,-2.761257,-0.000010,0.000861,-0.151473
103.0500,-0.265314,0.247010,-3.610205,0.000078,0.000689,-0.151445,0.215514,-0.778123,-2.761053,0.000175,0.000803,-0.151589
103.1000,-0.265317,0.247010,-3.610205,0.000078,0.000689,-0.151484,0.221544,-0.803043,-2.761253,0.000008,0.000598,-0.151460
103.1520,-0.265320,0.247011,-3.610206,0.000078,0.000689,-0.151523,0.230585,-0.840421,-2.761049,-0.000052,0.000587,-0.151424
103.2020,-0.265323,0.247011,-3.610206,0.000079,0.000689,-0.151561,0.236615,-0.865337,-2.761248,0.000168,0.000836,-0.151522
103.2500,-0.265326,0.247012,-3.610206,0.000079,0.000689,-0.151599,0.245656,-0.902713,-2.761048,0.000105,0.000696,-0.151643
103.3000,-0.265329,0.247012,-3.610207,0.000079,0.000689,-0.151637,0.251683,-0.927631,-2.761252,0.000226,0.000766,-0.151537
103.3500,-0.265332,0.247012,-3.610207,0.000079,0.000689,-0.151674,0.260727,-0.965009,-2.761051,0.000001,0.000666,-0.151622
103.4020,-0.265335,0.247013,-3.610207,0.000079,0.000689,-0.151711,0.266759,-0.989928,-2.761253,0.000279,0.000888,-0.151785
103.4500,-0.265338,0.247013,-3.610208,0.000079,0.000689,-0.151748,0.428790,-0.034815,-2.761045,-0.000073,0.000710,-0.151688
103.5000,-0.265341,0.247014,-3.610208,0.000079,0.000689,-0.151784,0.439385,-0.030222,-2.761248,0.000149,0.000718,-0.151904
103.5500,-0.265344,0.247014,-3.610208,0.000079,0.000689,-0.151820,0.455282,-0.023333,-2.761047,0.000033,0.000658,-0.151894
103.6000,-0.265347,0.247014,-3.610209,0.000079,0.000689,-0.151855,0.465880,-0.018740,-2.761250,0.000075,0.000540,-0.152124
103.6500,-0.265350,0.247015,-3.610209,0.000079,0.000689,-0.151890,0.481777,-0.011853,-2.761046,0.000138,0.000578,-0.151937
103.7000,-0.265352,0.247015,-3.610209,0.000079,0.000689,-0.151925,0.492373,-0.007263,-2.761248,0.000151,0.000754,-0.151840
103.7500,-0.265355,0.247016,-3.610209,0.000079,0.000689,-0.151959,0.508267,-0.000376,-2.761046,-0.000057,0.000744,-0.151973
103.8000,-0.265358,0.247016,-3.610210,0.000079,0.000689,-0.151994,0.518865,0.004214,-2.761250,0.000107,0.000777,-0.152126
103.8500,-0.265361,0.247016,-3.610210,0.000079,0.000689,-0.152027,0.534764,0.011097,-2.761048,0.000184,0.000782,-0.151778
103.9000,-0.265363,0.247017,-3.610210,0.000079,0.000689,-0.152061,0.545364,0.015688,-2.761250,0.000063,0.000634,-0.151925
103.9500,-0.265366,0.247017,-3.610211,0.000079,0.000689,-0.152093,0.561262,0.022569,-2.761047,0.000043,0.000972,-0.152097
104.0000,-0.265369,0.247017,-3.610211,0.000079,0.000689,-0.152126,0.571863,0.027156,-2.761251,0.000122,0.000590,-0.152234
104.0500,-0.265371,0.247018,-3.610211,0.000079,0.000689,-0.152158,0.587763,0.034036,-2.761048,0.000196,0.000778,-0.152152
104.1000,-0.265374,0.247018,-3.610211,0.000079,0.000689,-0.152190,0.598363,0.038623,-2.761251,0.000082,0.000587,-0.152321
104.1500,-0.265376,0.247018,-3.610212,0.000079,0.000689,-0.152222,0.614261,0.045502,-2.761048,0.000189,0.000660,-0.152139
104.2000,-0.265379,0.247019,-3.610212,0.000079,0.000689,-0.152253,0.624860,0.050086,-2.761250,0.000004,0.000832,-0.152091
104.2500,-0.265381,0.247019,-3.610212,0.000079,0.000688,-0.152284,0.640759,0.056962,-2.761050,0.000171,0.000662,-0.152289
104.3000,-0.265384,0.247019,-3.610213,0.000079,0.000688,-0.152315,0.651360,0.061544,-2.761252,0.000048,0.000829,-0.152292
104.3500,-0.265386,0.247020,-3.610213,0.000079,0.000688,-0.152346,0.667262,0.068418,-2.761052,-0.000010,0.000486,-0.152442
104.4000,-0.265389,0.247020,-3.610213,0.000079,0.000688,-0.152376,0.677865,0.073001,-2.761254,-0.000010,0.000686,-0.152361
104.4500,-0.265391,0.247020,-3.610213,0.000079,0.000688,-0.152405,0.505139,0.170276,-2.761043,0.000116,0.000658,-0.152484
104.5000,-0.265394,0.247021,-3.610214,0.000079,0.000688,-0.152435,0.510132,0.177551,-2.761244,0.000090,0.000596,-0.152390
104.5500,-0.265396,0.247021,-3.610214,0.000080,0.000688,-0.152464,0.517620,0.188465,-2.761044,0.000076,0.000609,-0.152567
104.6000,-0.265398,0.247021,-3.610214,0.000080,0.000688,-0.152493,0.522613,0.195741,-2.761246,0.000112,0.000754,-0.152522
104.6500,-0.265401,0.247022,-3.610214,0.000080,0.000688,-0.152521,0.530101,0.206654,-2.761046,-0.000073,0.000671,-0.152508
104.7000,-0.265403,0.247022,-3.610215,0.000080,0.000688,-0.152550,0.535094,0.213931,-2.761248,0.000054,0.000739,-0.152574
104.7520,-0.265405,0.247022,-3.610215,0.000080,0.000688,-0.152578,0.542584,0.224847,-2.761048,-0.000004,0.000692,-0.152559
104.8000,-0.265407,0.247023,-3.610215,0.000080,0.000688,-0.152605,0.547579,0.232127,-2.761251,0.000170,0.000750,-0.152581
104.8500,-0.265410,0.247023,-3.610215,0.000080,0.000688,-0.152633,0.555070,0.243047,-2.761050,0.000123,0.000705,-0.152591
104.9000,-0.265412,0.247023,-3.610216,0.000080,0.000688,-0.152660,0.560063,0.250328,-2.761252,0.000084,0.000757,-0.152630
104.9500,-0.265414,0.247023,-3.610216,0.000080,0.000688,-0.152687,0.567553,0.261249,-2.761051,-0.000101,0.000752,-0.152736
105.0000,-0.265416,0.247024,-3.610216,0.000080,0.000688,-0.152713,0.572547,0.268531,-2.761254,0.000152,0.000811,-0.152680
105.0500,-0.265418,0.247024,-3.610216,0.000080,0.000688,-0.152740,0.580039,0.279452,-2.761052,0.000138,0.000779,-0.152653
105.1000,-0.265420,0.247024,-3.610217,0.000080,0.000688,-0.152766,0.585033,0.286733,-2.761254,0.000143,0.000816,-0.152679
105.1500,-0.265422,0.247025,-3.610217,0.000080,0.000688,-0.152792,0.592525,0.297653,-2.761053,-0.000007,0.000708,-0.152869
105.2000,-0.265425,0.247025,-3.610217,0.000080,0.000688,-0.152817,0.597521,0.304932,-2.761256,0.000232,0.000541,-0.152948
105.2500,-0.265427,0.247025,-3.610217,0.000080,0.000688,-0.152842,0.605011,0.315850,-2.761052,0.000038,0.000665,-0.152821
105.3000,-0.265429,0.247025,-3.610217,0.000080,0.000688,-0.152867,0.610004,0.323127,-2.761255,0.000175,0.000739,-0.152886
105.3500,-0.265431,0.247026,-3.610218,0.000080,0.000688,-0.152892,0.617492,0.334043,-2.761054,0.000061,0.000738,-0.152845
105.4000,-0.265433,0.247026,-3.610218,0.000080,0.000688,-0.152917,0.622483,0.341320,-2.761256,-0.000137,0.000570,-0.152623
105.4500,-0.265435,0.247026,-3.610218,0.000080,0.000688,-0.152941,0.492245,0.219686,-2.761051,0.000134,0.000714,-0.153015
105.5000,-0.265437,0.247026,-3.610218,0.000080,0.000688,-0.152965,0.493143,0.223024,-2.761253,0.000003,0.000637,-0.153008
105.5500,-0.265438,0.247027,-3.610219,0.000080,0.000688,-0.152989,0.494489,0.228032,-2.761053,-0.000072,0.000714,-0.152978
105.6000,-0.265440,0.247027,-3.610219,0.000080,0.000688,-0.153012,0.495386,0.231373,-2.761255,0.000117,0.000668,-0.152970
105.6500,-0.265442,0.247027,-3.610219,0.000080,0.000688,-0.153035,0.496731,0.236383,-2.761054,-0.000057,0.000596,-0.153080
105.7000,-0.265444,0.247027,-3.610219,0.000080,0.000688,-0.153058,0.497627,0.239722,-2.761256,0.000026,0.000714,-0.152993
105.7500,-0.265446,0.247028,-3.610219,0.000080,0.000688,-0.153081,0.498968,0.244731,-2.761055,0.000001,0.000866,-0.153031
105.8000,-0.265448,0.247028,-3.610220,0.000080,0.000688,-0.153104,0.499863,0.248073,-2.761258,-0.000089,0.000872,-0.153107
105.8500,-0.265450,0.247028,-3.610220,0.000080,0.000688,-0.153126,0.501210,0.253090,-2.761057,-0.000050,0.000657,-0.153079
105.9000,-0.265451,0.247028,-3.610220,0.000080,0.000688,-0.153148,0.502106,0.256435,-2.761259,-0.000128,0.000684,-0.153226
105.9500,-0.265453,0.247029,-3.610220,0.000080,0.000688,-0.153170,0.503451,0.261454,-2.761058,0.000169,0.000727,-0.153041
106.0000,-0.265455,0.247029,-3.610220,0.000080,0.000688,-0.153192,0.504347,0.264800,-2.761261,0.000129,0.000714,-0.153206
106.0500,-0.265457,0.247029,-3.610221,0.000080,0.000688,-0.153213,0.505693,0.269820,-2.761059,0.000004,0.000683,-0.153265
106.1000,-0.265458,0.247029,-3.610221,0.000080,0.000688,-0.153234,0.506591,0.273166,-2.761262,0.000091,0.000577,-0.153275
106.1500,-0.265460,0.247030,-3.610221,0.000080,0.000688,-0.153255,0.507937,0.278187,-2.761059,0.000028,0.000582,-0.153401
106.2000,-0.265462,0.247030,-3.610221,0.000080,0.000688,-0.153276,0.508836,0.281532,-2.761262,-0.000056,0.000606,-0.153420
106.2500,-0.265463,0.247030,-3.610221,0.000080,0.000688,-0.153297,0.510181,0.286551,-2.761060,0.000001,0.000668,-0.153150
106.3020,-0.265465,0.247030,-3.610221,0.000081,0.000688,-0.153317,0.511077,0.289899,-2.761262,0.000177,0.000738,-0.153245
106.3500,-0.265467,0.247031,-3.610222,0.000081,0.000688,-0.153337,0.512421,0.294916,-2.761060,0.000127,0.000763,-0.153315
106.4000,-0.265468,0.247031,-3.610222,0.000081,0.000688,-0.153357,0.513319,0.298261,-2.761263,0.000008,0.000770,-0.153393
106.4500,-0.265470,0.247031,-3.610222,0.000081,0.000688,-0.153377,0.470621,0.209964,-2.761060,0.000062,0.000619,-0.153377
106.5000,-0.265472,0.247031,-3.610222,0.000081,0.000688,-0.153396,0.470210,0.210539,-2.761263,0.000048,0.000870,-0.153313
106.5500,-0.265473,0.247031,-3.610222,0.000081,0.000688,-0.153416,0.469597,0.211402,-2.761061,0.000112,0.000841,-0.153348
106.6000,-0.265475,0.247032,-3.610223,0.000081,0.000688,-0.153435,0.469190,0.211977,-2.761263,-0.000075,0.000654,-0.153224
106.6500,-0.265476,0.247032,-3.610223,0.000081,0.000688,-0.153454,0.468579,0.212841,-2.761061,0.000021,0.000508,-0.153458
106.7000,-0.265478,0.247032,-3.610223,0.000081,0.000688,-0.153473,0.468170,0.213417,-2.761264,0.000056,0.000949,-0.153590
106.7500,-0.265479,0.247032,-3.610223,0.000081,0.000688,-0.153491,0.467559,0.214281,-2.761062,-0.000080,0.000745,-0.153501
106.8000,-0.265481,0.247032,-3.610223,0.000081,0.000688,-0.153510,0.467155,0.214858,-2.761264,0.000136,0.000647,-0.153490
106.8500,-0.265482,0.247033,-3.610223,0.000081,0.000688,-0.153528,0.466549,0.215722,-2.761062,-0.000007,0.000766,-0.153566
106.9000,-0.265484,0.247033,-3.610224,0.000081,0.000688,-0.153546,0.466144,0.216300,-2.761265,0.000323,0.000592,-0.153534
106.9500,-0.265485,0.247033,-3.610224,0.000081,0.000688,-0.153564,0.465536,0.217165,-2.761063,-0.000020,0.000458,-0.153690
107.0000,-0.265487,0.247033,-3.610224,0.000081,0.000688,-0.153581,0.465131,0.217741,-2.761265,0.000150,0.000797,-0.153598
107.0500,-0.265488,0.247033,-3.610224,0.000081,0.000688,-0.153599,0.464522,0.218604,-2.761063,0.000028,0.000741,-0.153407
107.1000,-0.265489,0.247034,-3.610224,0.000081,0.000688,-0.153616,0.464117,0.219180,-2.761266,0.000038,0.000696,-0.153660
107.1500,-0.265491,0.247034,-3.610224,0.000081,0.000688,-0.153633,0.463511,0.220045,-2.761064,0.000032,0.000673,-0.153642
107.2000,-0.265492,0.247034,-3.610224,0.000081,0.000688,-0.153650,0.463107,0.220621,-2.761266,0.000047,0.000691,-0.153785
107.2500,-0.265493,0.247034,-3.610225,0.000081,0.000688,-0.153667,0.462499,0.221485,-2.761064,0.000016,0.000690,-0.153639
107.3000,-0.265495,0.247034,-3.610225,0.000081,0.000688,-0.153683,0.462095,0.222060,-2.761267,0.000190,0.000852,-0.153633
107.3500,-0.265496,0.247035,-3.610225,0.000081,0.000688,-0.153700,0.461491,0.222921,-2.761064,0.000319,0.000825,-0.153710
107.4000,-0.265497,0.247035,-3.610225,0.000081,0.000688,-0.153716,0.461090,0.223492,-2.761267,0.000057,0.000777,-0.153544
107.4500,-0.265499,0.247035,-3.610225,0.000081,0.000688,-0.153732,0.460614,0.195167,-2.761065,0.000059,0.000816,-0.153686
107.5000,-0.265500,0.247035,-3.610225,0.000081,0.000688,-0.153748,0.460219,0.194871,-2.761268,0.000130,0.000693,-0.153747
107.5500,-0.265501,0.247035,-3.610225,0.000081,0.000688,-0.153764,0.459626,0.194425,-2.761066,0.000062,0.000567,-0.153846
107.6000,-0.265503,0.247035,-3.610226,0.000081,0.000688,-0.153779,0.459230,0.194127,-2.761268,0.000262,0.000696,-0.153692
107.6500,-0.265504,0.247036,-3.610226,0.000081,0.000688,-0.153795,0.458636,0.193680,-2.761066,0.000006,0.000770,-0.153879
107.7000,-0.265505,0.247036,-3.610226,0.000081,0.000688,-0.153810,0.458242,0.193381,-2.761268,0.000176,0.000764,-0.153805
107.7500,-0.265506,0.247036,-3.610226,0.000081,0.000688,-0.153825,0.457653,0.192934,-2.761066,0.000204,0.000635,-0.153780
107.8000,-0.265508,0.247036,-3.610226,0.000081,0.000688,-0.153840,0.457260,0.192634,-2.761268,-0.000020,0.000699,-0.153805
107.8500,-0.265509,0.247036,-3.610226,0.000081,0.000688,-0.153855,0.456671,0.192187,-2.761066,0.000169,0.000707,-0.153722
107.9000,-0.265510,0.247036,-3.610226,0.000081,0.000688,-0.153870,0.456279,0.191890,-2.761269,0.000133,0.000693,-0.153904
107.9500,-0.265511,0.247037,-3.610227,0.000081,0.000688,-0.153884,0.455690,0.191443,-2.761066,0.000222,0.000578,-0.153951
108.0020,-0.265512,0.247037,-3.610227,0.000081,0.000688,-0.153898,0.455296,0.191143,-2.761269,0.000180,0.000572,-0.153963
108.0500,-0.265513,0.247037,-3.610227,0.000081,0.000688,-0.153913,0.454703,0.190690,-2.761067,0.000120,0.000670,-0.153885
108.1000,-0.265515,0.247037,-3.610227,0.000081,0.000688,-0.153927,0.454308,0.190386,-2.761269,0.000119,0.000506,-0.153898
108.1500,-0.265516,0.247037,-3.610227,0.000081,0.000688,-0.153941,0.453710,0.189931,-2.761067,0.000110,0.000539,-0.153880
108.2000,-0.265517,0.247037,-3.610227,0.000081,0.000688,-0.153954,0.453310,0.189627,-2.761269,0.000221,0.000626,-0.154061
108.2520,-0.265518,0.247038,-3.610227,0.000081,0.000688,-0.153968,0.452709,0.189172,-2.761067,0.000077,0.000657,-0.153929
108.3000,-0.265519,0.247038,-3.610227,0.000081,0.000688,-0.153982,0.452308,0.188869,-2.761270,0.000156,0.000681,-0.154099
108.3500,-0.265520,0.247038,-3.610228,0.000081,0.000688,-0.153995,0.451703,0.188413,-2.761067,0.000235,0.000661,-0.154018
108.4000,-0.265521,0.247038,-3.610228,0.000081,0.000688,-0.154008,0.451299,0.188108,-2.761270,0.000105,0.000741,-0.154078
108.4500,-0.265522,0.247038,-3.610228,0.000081,0.000688,-0.154021,0.458862,0.188390,-2.761068,0.000034,0.000452,-0.153927
108.5000,-0.265523,0.247038,-3.610228,0.000081,0.000688,-0.154034,0.458701,0.188108,-2.761270,0.000215,0.000652,-0.153900
108.5500,-0.265524,0.247038,-3.610228,0.000081,0.000688,-0.154047,0.458458,0.187686,-2.761068,-0.000108,0.000786,-0.154108
108.6000,-0.265525,0.247039,-3.610228,0.000081,0.000688,-0.154060,0.458297,0.187404,-2.761270,0.000164,0.000663,-0.154099
108.6500,-0.265526,0.247039,-3.610228,0.000081,0.000688,-0.154072,0.458054,0.186981,-2.761068,0.000038,0.000607,-0.153969
108.7000,-0.265527,0.247039,-3.610228,0.000081,0.000688,-0.154085,0.457892,0.186699,-2.761270,0.000065,0.000834,-0.154068
108.7500,-0.265528,0.247039,-3.610228,0.000081,0.000688,-0.154097,0.457648,0.186278,-2.761068,-0.000052,0.000737,-0.154180
108.8000,-0.265529,0.247039,-3.610229,0.000081,0.000688,-0.154109,0.457486,0.185998,-2.761271,0.000084,0.000740,-0.154090
108.8500,-0.265530,0.247039,-3.610229,0.000081,0.000688,-0.154121,0.457244,0.185580,-2.761068,0.000223,0.000705,-0.154149
108.9000,-0.265531,0.247039,-3.610229,0.000081,0.000688,-0.154133,0.457084,0.185300,-2.761271,0.000115,0.000574,-0.154169
108.9500,-0.265532,0.247040,-3.610229,0.000081,0.000688,-0.154145,0.456842,0.184880,-2.761068,0.000252,0.000548,-0.154070
109.0000,-0.265533,0.247040,-3.610229,0.000081,0.000688,-0.154157,0.456679,0.184597,-2.761271,0.000123,0.000521,-0.154164
109.0500,-0.265534,0.247040,-3.610229,0.000081,0.000688,-0.154168,0.456431,0.184173,-2.761069,0.000026,0.000599,-0.154110
109.1000,-0.265535,0.247040,-3.610229,0.000081,0.000688,-0.154180,0.456265,0.183890,-2.761271,-0.000085,0.000799,-0.154114
109.1500,-0.265536,0.247040,-3.610229,0.000081,0.000688,-0.154191,0.456017,0.183465,-2.761069,0.000005,0.000700,-0.154270
109.2000,-0.265537,0.247040,-3.610229,0.000082,0.000688,-0.154202,0.455853,0.183182,-2.761271,0.000173,0.000660,-0.154256
109.2500,-0.265538,0.247040,-3.610230,0.000082,0.000688,-0.154213,0.455607,0.182756,-2.761069,0.000223,0.000677,-0.154179
109.3000,-0.265539,0.247040,-3.610230,0.000082,0.000688,-0.154224,0.455445,0.182470,-2.761271,-0.000049,0.000764,-0.154303
109.3500,-0.265540,0.247041,-3.610230,0.000082,0.000688,-0.154235,0.455201,0.182043,-2.761069,0.000035,0.000640,-0.154122
109.4000,-0.265541,0.247041,-3.610230,0.000082,0.000688,-0.154246,0.455039,0.181758,-2.761272,0.000279,0.000754,-0.154152
109.4500,-0.265542,0.247041,-3.610230,0.000082,0.000688,-0.154257,0.459655,0.187264,-2.761069,-0.000025,0.000754,-0.154304
109.5000,-0.265542,0.247041,-3.610230,0.000082,0.000688,-0.154267,0.459638,0.187154,-2.761272,0.000033,0.000686,-0.154351
109.5520,-0.265543,0.247041,-3.610230,0.000082,0.000688,-0.154278,0.459614,0.186990,-2.761070,0.000071,0.000405,-0.154334
109.6000,-0.265544,0.247041,-3.610230,0.000082,0.000688,-0.154288,0.459597,0.186881,-2.761272,0.000141,0.000626,-0.154287
109.6500,-0.265545,0.247041,-3.610230,0.000082,0.000688,-0.154298,0.459568,0.186717,-2.761070,0.000040,0.000807,-0.154306
109.7000,-0.265546,0.247041,-3.610230,0.000082,0.000688,-0.154308,0.459550,0.186608,-2.761272,0.000072,0.000793,-0.154261
109.7500,-0.265547,0.247041,-3.610231,0.000082,0.000688,-0.154319,0.459524,0.186443,-2.761070,0.000166,0.000868,-0.154341
109.8000,-0.265547,0.247042,-3.610231,0.000082,0.000688,-0.154328,0.459508,0.186331,-2.761272,0.000215,0.000598,-0.154261
109.8500,-0.265548,0.247042,-3.610231,0.000082,0.000688,-0.154338,0.459485,0.186162,-2.761070,0.000102,0.000682,-0.154205
109.9000,-0.265549,0.247042,-3.610231,0.000082,0.000688,-0.154348,0.459470,0.186050,-2.761272,0.000209,0.000685,-0.154276
109.9500,-0.265550,0.247042,-3.610231,0.000082,0.000688,-0.154358,0.459448,0.185882,-2.761070,0.000082,0.000802,-0.154239
110.0000,-0.265551,0.247042,-3.610231,0.000082,0.000688,-0.154367,0.459436,0.185770,-2.761272,0.000055,0.000584,-0.154451
110.0500,-0.265551,0.247042,-3.610231,0.000082,0.000688,-0.154377,0.459416,0.185604,-2.761070,0.000011,0.000749,-0.154393
110.1000,-0.265552,0.247042,-3.610231,0.000082,0.000688,-0.154386,0.459405,0.185494,-2.761273,0.000140,0.000606,-0.154366
110.1500,-0.265553,0.247042,-3.610231,0.000082,0.000688,-0.154395,0.459389,0.185329,-2.761070,-0.000028,0.000673,-0.154350
110.2000,-0.265554,0.247042,-3.610231,0.000082,0.000688,-0.154404,0.459379,0.185218,-2.761273,0.000174,0.000718,-0.154354
110.2520,-0.265554,0.247043,-3.610231,0.000082,0.000688,-0.154413,0.459364,0.185054,-2.761071,0.000149,0.000791,-0.154413
110.3000,-0.265555,0.247043,-3.610231,0.000082,0.000688,-0.154422,0.459354,0.184945,-2.761273,0.000224,0.000671,-0.154261
110.3500,-0.265556,0.247043,-3.610232,0.000082,0.000688,-0.154431,0.459338,0.184782,-2.761071,0.000016,0.000558,-0.154234
110.4000,-0.265556,0.247043,-3.610232,0.000082,0.000688,-0.154440,0.459327,0.184673,-2.761273,0.000114,0.000844,-0.154485
110.4520,-0.265557,0.247043,-3.610232,0.000082,0.000688,-0.154449,0.460499,0.187876,-2.761071,0.000143,0.000673,-0.154369
110.5000,-0.265558,0.247043,-3.610232,0.000082,0.000688,-0.154457,0.460523,0.187866,-2.761273,-0.000025,0.000656,-0.154464
110.5520,-0.265559,0.247043,-3.610232,0.000082,0.000688,-0.154466,0.460558,0.187851,-2.761071,0.000002,0.000637,-0.154368
110.6020,-0.265559,0.247043,-3.610232,0.000082,0.000688,-0.154474,0.460580,0.187842,-2.761273,-0.000172,0.000775,-0.154340
110.6500,-0.265560,0.247043,-3.610232,0.000082,0.000688,-0.154482,0.460615,0.187831,-2.761071,-0.000022,0.000794,-0.154348
110.7000,-0.265561,0.247043,-3.610232,0.000082,0.000688,-0.154491,0.460638,0.187825,-2.761274,-0.000085,0.000880,-0.154448
110.7500,-0.265561,0.247043,-3.610232,0.000082,0.000688,-0.154499,0.460676,0.187817,-2.761071,0.000179,0.000905,-0.154399
110.8000,-0.265562,0.247044,-3.610232,0.000082,0.000688,-0.154507,0.460705,0.187811,-2.761274,0.000102,0.000658,-0.154580
110.8500,-0.265563,0.247044,-3.610232,0.000082,0.000688,-0.154515,0.460747,0.187802,-2.761071,0.000039,0.000701,-0.154563
110.9000,-0.265563,0.247044,-3.610232,0.000082,0.000688,-0.154523,0.460776,0.187797,-2.761274,-0.000030,0.000823,-0.154583
110.9500,-0.265564,0.247044,-3.610232,0.000082,0.000688,-0.154531,0.460821,0.187790,-2.761072,0.000176,0.000817,-0.154538
111.0000,-0.265565,0.247044,-3.610233,0.000082,0.000688,-0.154538,0.460853,0.187786,-2.761274,0.000083,0.000564,-0.154559
111.0500,-0.265565,0.247044,-3.610233,0.000082,0.000688,-0.154546,0.460899,0.187780,-2.761072,0.000181,0.000738,-0.154420
111.1000,-0.265566,0.247044,-3.610233,0.000082,0.000688,-0.154554,0.460930,0.187775,-2.761274,-0.000032,0.000666,-0.154235
111.1500,-0.265566,0.247044,-3.610233,0.000082,0.000688,-0.154561,0.460976,0.187772,-2.761072,0.000205,0.000795,-0.154702
111.2000,-0.265567,0.247044,-3.610233,0.000082,0.000688,-0.154569,0.461006,0.187771,-2.761274,-0.000032,0.000592,-0.154523
111.2500,-0.265568,0.247044,-3.610233,0.000082,0.000688,-0.154576,0.461051,0.187770,-2.761072,0.000033,0.000588,-0.154728
111.3000,-0.265568,0.247044,-3.610233,0.000082,0.000688,-0.154583,0.461082,0.187770,-2.761274,0.000128,0.000570,-0.154607
111.3500,-0.265569,0.247045,-3.610233,0.000082,0.000688,-0.154591,0.461124,0.187771,-2.761072,0.000091,0.000593,-0.154566
111.4000,-0.265569,0.247045,-3.610233,0.000082,0.000688,-0.154598,0.461152,0.187772,-2.761275,-0.000071,0.000580,-0.154585
111.4500,-0.265570,0.247045,-3.610233,0.000082,0.000688,-0.154605,0.460845,0.188488,-2.761072,-0.000049,0.000651,-0.154631
111.5000,-0.265571,0.247045,-3.610233,0.000082,0.000688,-0.154612,0.460861,0.188513,-2.761275,0.000194,0.000757,-0.154565
111.5500,-0.265571,0.247045,-3.610233,0.000082,0.000688,-0.154619,0.460886,0.188550,-2.761072,0.000183,0.000634,-0.154598
111.6000,-0.265572,0.247045,-3.610233,0.000082,0.000688,-0.154626,0.460902,0.188575,-2.761275,0.000051,0.000791,-0.154589
111.6500,-0.265572,0.247045,-3.610233,0.000082,0.000688,-0.154632,0.460927,0.188612,-2.761072,0.000055,0.000553,-0.154672
111.7000,-0.265573,0.247045,-3.610234,0.000082,0.000688,-0.154639,0.460944,0.188638,-2.761275,-0.000005,0.000617,-0.154441
111.7520,-0.265573,0.247045,-3.610234,0.000082,0.000688,-0.154646,0.460966,0.188677,-2.761073,0.000096,0.000569,-0.154690
111.8000,-0.265574,0.247045,-3.610234,0.000082,0.000688,-0.154652,0.460980,0.188705,-2.761275,0.000142,0.000747,-0.154484
111.8500,-0.265574,0.247045,-3.610234,0.000082,0.000688,-0.154659,0.460999,0.188745,-2.761073,0.000043,0.000630,-0.154688
111.9000,-0.265575,0.247045,-3.610234,0.000082,0.000688,-0.154665,0.461012,0.188773,-2.761275,0.000013,0.000768,-0.154578
111.9500,-0.265575,0.247045,-3.610234,0.000082,0.000688,-0.154672,0.461030,0.188818,-2.761073,0.000058,0.000687,-0.154685
112.0000,-0.265576,0.247046,-3.610234,0.000082,0.000688,-0.154678,0.461042,0.188849,-2.761275,-0.000114,0.000718,-0.154680
112.0500,-0.265576,0.247046,-3.610234,0.000082,0.000688,-0.154684,0.461061,0.188898,-2.761073,0.000243,0.000781,-0.154639
112.1000,-0.265577,0.247046,-3.610234,0.000082,0.000688,-0.154690,0.461075,0.188930,-2.761275,0.000070,0.000860,-0.154781
112.1500,-0.265578,0.247046,-3.610234,0.000082,0.000688,-0.154697,0.461095,0.188976,-2.761073,0.000069,0.001053,-0.154687
112.2000,-0.265578,0.247046,-3.610234,0.000082,0.000688,-0.154703,0.461112,0.189007,-2.761275,0.000194,0.000705,-0.154775
112.2500,-0.265578,0.247046,-3.610234,0.000082,0.000688,-0.154709,0.461139,0.189053,-2.761073,-0.000014,0.000802,-0.154797
112.3000,-0.265579,0.247046,-3.610234,0.000082,0.000688,-0.154715,0.461160,0.189084,-2.761276,0.000147,0.000601,-0.154680
112.3500,-0.265579,0.247046,-3.610234,0.000082,0.000688,-0.154720,0.461191,0.189132,-2.761073,0.000209,0.000723,-0.154737
112.4000,-0.265580,0.247046,-3.610234,0.000082,0.000688,-0.154726,0.461214,0.189164,-2.761276,0.000184,0.000715,-0.154859
112.4500,-0.265580,0.247046,-3.610234,0.000082,0.000688,-0.154732,0.460854,0.188751,-2.761073,0.000120,0.000584,-0.154464
112.5000,-0.265581,0.247046,-3.610234,0.000082,0.000688,-0.154738,0.460864,0.188769,-2.761276,-0.000030,0.000496,-0.154681
112.5500,-0.265581,0.247046,-3.610234,0.000082,0.000688,-0.154743,0.460878,0.188795,-2.761073,0.000024,0.000639,-0.154863
112.6000,-0.265582,0.247046,-3.610235,0.000082,0.000688,-0.154749,0.460886,0.188813,-2.761276,0.000019,0.000743,-0.154944
112.6500,-0.265582,0.247046,-3.610235,0.000082,0.000688,-0.154754,0.460900,0.188840,-2.761074,0.000073,0.000608,-0.154803
112.7000,-0.265583,0.247046,-3.610235,0.000082,0.000688,-0.154760,0.460911,0.188858,-2.761276,0.000096,0.000798,-0.154615
112.7500,-0.265583,0.247046,-3.610235,0.000082,0.000688,-0.154765,0.460926,0.188883,-2.761074,0.000019,0.000653,-0.154838
112.8000,-0.265584,0.247047,-3.610235,0.000082,0.000688,-0.154771,0.460936,0.188899,-2.761276,0.000165,0.000651,-0.154906
112.8500,-0.265584,0.247047,-3.610235,0.000082,0.000688,-0.154776,0.460950,0.188923,-2.761074,0.000051,0.000594,-0.154749
112.9000,-0.265584,0.247047,-3.610235,0.000082,0.000688,-0.154781,0.460959,0.188939,-2.761276,0.000236,0.000601,-0.154799
112.9500,-0.265585,0.247047,-3.610235,0.000082,0.000688,-0.154786,0.460970,0.188962,-2.761074,0.000060,0.000599,-0.154641
113.0000,-0.265585,0.247047,-3.610235,0.000082,0.000688,-0.154792,0.460979,0.188976,-2.761276,-0.000119,0.000580,-0.154772
113.0500,-0.265586,0.247047,-3.610235,0.000082,0.000688,-0.154797,0.460991,0.188997,-2.761074,0.000222,0.000591,-0.154845
113.1000,-0.265586,0.247047,-3.610235,0.000082,0.000688,-0.154802,0.460999,0.189011,-2.761276,0.000021,0.000639,-0.154903
113.1500,-0.265587,0.247047,-3.610235,0.000082,0.000688,-0.154807,0.461008,0.189031,-2.761074,0.000210,0.000703,-0.154650
113.2000,-0.265587,0.247047,-3.610235,0.000082,0.000688,-0.154812,0.461015,0.189044,-2.761276,0.000120,0.000663,-0.154653
113.2500,-0.265587,0.247047,-3.610235,0.000082,0.000688,-0.154817,0.461026,0.189063,-2.761074,0.000051,0.000653,-0.155016
113.3000,-0.265588,0.247047,-3.610235,0.000082,0.000688,-0.154821,0.461035,0.189077,-2.761277,0.000012,0.000631,-0.155034
113.3500,-0.265588,0.247047,-3.610235,0.000082,0.000688,-0.154826,0.461044,0.189101,-2.761074,0.000223,0.000565,-0.154828
113.4000,-0.265589,0.247047,-3.610235,0.000082,0.000688,-0.154831,0.461049,0.189115,-2.761277,-0.000011,0.000690,-0.154934
113.4540,-0.265589,0.247047,-3.610235,0.000082,0.000688,-0.154836,0.460816,0.188734,-2.761074,-0.000071,0.000646,-0.154717
113.5000,-0.265589,0.247047,-3.610235,0.000082,0.000688,-0.154840,0.460815,0.188736,-2.761277,-0.000060,0.000719,-0.154855
113.5500,-0.265590,0.247047,-3.610235,0.000082,0.000688,-0.154845,0.460813,0.188740,-2.761074,0.000030,0.000632,-0.154802
113.6000,-0.265590,0.247047,-3.610235,0.000082,0.000688,-0.154849,0.460811,0.188744,-2.761277,0.000175,0.000798,-0.154647
113.6500,-0.265590,0.247048,-3.610236,0.000082,0.000688,-0.154854,0.460806,0.188748,-2.761074,0.000114,0.000722,-0.154869
113.7000,-0.265591,0.247048,-3.610236,0.000082,0.000688,-0.154858,0.460802,0.188750,-2.761277,0.000225,0.000722,-0.154959
113.7500,-0.265591,0.247048,-3.610236,0.000082,0.000688,-0.154863,0.460794,0.188753,-2.761074,0.000370,0.000622,-0.154858
113.8000,-0.265592,0.247048,-3.610236,0.000082,0.000688,-0.154867,0.460789,0.188753,-2.761277,0.000031,0.000605,-0.154841
113.8500,-0.265592,0.247048,-3.610236,0.000082,0.000688,-0.154871,0.460781,0.188752,-2.761075,0.000196,0.000903,-0.154906
113.9000,-0.265592,0.247048,-3.610236,0.000082,0.000688,-0.154876,0.460778,0.188752,-2.761277,0.000151,0.000641,-0.154959
113.9500,-0.265593,0.247048,-3.610236,0.000082,0.000688,-0.154880,0.460771,0.188752,-2.761075,0.000127,0.000646,-0.154854
114.0020,-0.265593,0.247048,-3.610236,0.000082,0.000688,-0.154884,0.460766,0.188752,-2.761277,0.000179,0.000532,-0.155062
114.0500,-0.265593,0.247048,-3.610236,0.000082,0.000688,-0.154888,0.460755,0.188754,-2.761075,0.000006,0.000758,-0.155001
114.1000,-0.265594,0.247048,-3.610236,0.000082,0.000688,-0.154892,0.460749,0.188755,-2.761277,0.000217,0.000679,-0.154687
114.1500,-0.265594,0.247048,-3.610236,0.000082,0.000688,-0.154896,0.460737,0.188756,-2.761075,0.000279,0.000492,-0.154892
114.2000,-0.265594,0.247048,-3.610236,0.000082,0.000688,-0.154900,0.460726,0.188756,-2.761277,0.000099,0.000581,-0.154807
114.2500,-0.265595,0.247048,-3.610236,0.000082,0.000688,-0.154904,0.460709,0.188757,-2.761075,0.000006,0.000705,-0.154777
114.3000,-0.265595,0.247048,-3.610236,0.000082,0.000688,-0.154908,0.460697,0.188758,-2.761277,0.000081,0.000653,-0.154760
114.3500,-0.265595,0.247048,-3.610236,0.000082,0.000688,-0.154912,0.460677,0.188760,-2.761075,-0.000018,0.000651,-0.155006
114.4000,-0.265596,0.247048,-3.610236,0.000082,0.000688,-0.154916,0.460665,0.188761,-2.761277,0.000203,0.000546,-0.154931
114.4500,-0.265596,0.247048,-3.610236,0.000082,0.000688,-0.154920,0.005999,-0.079402,-2.761060,-0.000079,0.000719,-0.154967
114.5000,-0.265596,0.247048,-3.610236,0.000082,0.000688,-0.154924,-0.007525,-0.087368,-2.761259,0.000091,0.000576,-0.154891
114.5500,-0.265597,0.247048,-3.610236,0.000082,0.000688,-0.154927,-0.027814,-0.099315,-2.761060,-0.000011,0.000460,-0.154979
114.6000,-0.265597,0.247048,-3.610236,0.000082,0.000688,-0.154931,-0.041340,-0.107279,-2.761260,0.000022,0.000633,-0.154809
114.6500,-0.265597,0.247048,-3.610236,0.000082,0.000688,-0.154935,-0.061631,-0.119224,-2.761061,0.000243,0.000634,-0.155014
114.7000,-0.265597,0.247048,-3.610236,0.000082,0.000688,-0.154938,-0.075159,-0.127187,-2.761264,0.000080,0.000841,-0.154960
114.7500,-0.265598,0.247049,-3.610236,0.000082,0.000688,-0.154942,-0.095451,-0.139134,-2.761062,0.000132,0.000648,-0.155048
114.8020,-0.265598,0.247049,-3.610236,0.000082,0.000688,-0.154946,-0.108978,-0.147099,-2.761263,0.000198,0.000670,-0.154979
114.8500,-0.265598,0.247049,-3.610236,0.000082,0.000688,-0.154949,-0.129268,-0.159046,-2.761063,0.000191,0.000563,-0.155027
114.9000,-0.265599,0.247049,-3.610236,0.000082,0.000688,-0.154953,-0.142795,-0.167011,-2.761266,-0.000073,0.000668,-0.154769
114.9500,-0.265599,0.247049,-3.610237,0.000082,0.000688,-0.154956,-0.163084,-0.178963,-2.761065,-0.000056,0.000624,-0.154906
115.0000,-0.265599,0.247049,-3.610237,0.000082,0.000688,-0.154959,-0.176610,-0.186930,-2.761265,0.000133,0.000867,-0.155024
115.0500,-0.265599,0.247049,-3.610237,0.000082,0.000688,-0.154963,-0.196898,-0.198876,-2.761064,0.000052,0.000494,-0.154874
115.1000,-0.265600,0.247049,-3.610237,0.000082,0.000688,-0.154966,-0.210423,-0.206841,-2.761268,0.000093,0.000853,-0.154917
115.1520,-0.265600,0.247049,-3.610237,0.000082,0.000688,-0.154969,-0.230712,-0.218789,-2.761066,0.000160,0.000633,-0.154962
115.2000,-0.265600,0.247049,-3.610237,0.000082,0.000688,-0.154973,-0.244236,-0.226755,-2.761268,0.000155,0.000591,-0.154761
115.2500,-0.265601,0.247049,-3.610237,0.000082,0.000688,-0.154976,-0.264523,-0.238703,-2.761067,-0.000034,0.000605,-0.155076
115.3000,-0.265601,0.247049,-3.610237,0.000082,0.000688,-0.154979,-0.278047,-0.246666,-2.761268,0.000139,0.000630,-0.154803
115.3500,-0.265601,0.247049,-3.610237,0.000082,0.000688,-0.154982,-0.298332,-0.258615,-2.761069,0.000074,0.000706,-0.155116
115.4000,-0.265601,0.247049,-3.610237,0.000082,0.000688,-0.154985,-0.311854,-0.266581,-2.761270,0.000029,0.000678,-0.154792
115.4500,-0.265602,0.247049,-3.610237,0.000082,0.000688,-0.154989,-0.076355,0.068562,-2.761077,0.000097,0.000782,-0.155050
115.5000,-0.265602,0.247049,-3.610237,0.000082,0.000688,-0.154992,-0.082274,0.070912,-2.761280,-0.000012,0.000750,-0.154975
115.5500,-0.265602,0.247049,-3.610237,0.000082,0.000688,-0.154995,-0.091151,0.074438,-2.761077,0.000225,0.000845,-0.154954
115.6000,-0.265602,0.247049,-3.610237,0.000082,0.000688,-0.154998,-0.097067,0.076789,-2.761280,0.000188,0.000712,-0.155088
115.6500,-0.265603,0.247049,-3.610237,0.000082,0.000688,-0.155001,-0.105942,0.080313,-2.761078,0.000300,0.000753,-0.154928
115.7000,-0.265603,0.247049,-3.610237,0.000082,0.000688,-0.155004,-0.111858,0.082662,-2.761280,0.000178,0.000770,-0.155095
115.7500,-0.265603,0.247049,-3.610237,0.000082,0.000688,-0.155007,-0.120734,0.086182,-2.761078,-0.000009,0.000658,-0.154869
115.8000,-0.265603,0.247049,-3.610237,0.000082,0.000688,-0.155010,-0.126651,0.088529,-2.761281,0.000179,0.000784,-0.154943
115.8500,-0.265604,0.247049,-3.610237,0.000082,0.000688,-0.155012,-0.135528,0.092049,-2.761078,0.000046,0.000733,-0.154907
115.9000,-0.265604,0.247049,-3.610237,0.000082,0.000688,-0.155015,-0.141444,0.094396,-2.761281,-0.000071,0.000643,-0.155028
115.9500,-0.265604,0.247049,-3.610237,0.000082,0.000688,-0.155018,-0.150318,0.097916,-2.761078,0.000032,0.000603,-0.154874
116.0000,-0.265604,0.247049,-3.610237,0.000082,0.000688,-0.155021,-0.156233,0.100261,-2.761280,0.000181,0.000575,-0.155073
116.0520,-0.265604,0.247049,-3.610237,0.000082,0.000688,-0.155024,-0.165106,0.103781,-2.761079,0.000262,0.000693,-0.155055
116.1000,-0.265605,0.247049,-3.610237,0.000082,0.000688,-0.155026,-0.171021,0.106126,-2.761281,0.000236,0.000616,-0.154834
116.1500,-0.265605,0.247050,-3.610237,0.000082,0.000688,-0.155029,-0.179897,0.109641,-2.761079,0.000018,0.000631,-0.155042
116.2020,-0.265605,0.247050,-3.610237,0.000082,0.000688,-0.155032,-0.185814,0.111986,-2.761281,0.000238,0.000669,-0.155166
116.2500,-0.265605,0.247050,-3.610237,0.000082,0.000688,-0.155034,-0.194690,0.115501,-2.761078,0.000137,0.000772,-0.154980
116.3000,-0.265606,0.247050,-3.610237,0.000082,0.000688,-0.155037,-0.200606,0.117845,-2.761282,0.000323,0.000721,-0.154890
116.3500,-0.265606,0.247050,-3.610237,0.000082,0.000688,-0.155039,-0.209484,0.121359,-2.761079,0.000154,0.000862,-0.155166
116.4020,-0.265606,0.247050,-3.610237,0.000082,0.000688,-0.155042,-0.215402,0.123701,-2.761281,0.000171,0.000755,-0.155199
116.4500,-0.265606,0.247050,-3.610237,0.000082,0.000688,-0.155045,0.148050,0.550900,-2.761086,0.000141,0.000695,-0.155165
116.5000,-0.265606,0.247050,-3.610237,0.000082,0.000688,-0.155047,0.153198,0.565829,-2.761288,0.000027,0.000683,-0.154985
116.5500,-0.265607,0.247050,-3.610237,0.000082,0.000688,-0.155050,0.160920,0.588224,-2.761085,0.000121,0.000739,-0.155014
116.6000,-0.265607,0.247050,-3.610237,0.000082,0.000688,-0.155052,0.166068,0.603153,-2.761290,0.000159,0.000576,-0.155074
116.6500,-0.265607,0.247050,-3.610237,0.000082,0.000688,-0.155054,0.173788,0.625549,-2.761086,0.000200,0.000621,-0.155000
116.7000,-0.265607,0.247050,-3.610238,0.000082,0.000688,-0.155057,0.178935,0.640478,-2.761287,0.000147,0.000648,-0.155023
116.7500,-0.265607,0.247050,-3.610238,0.000082,0.000688,-0.155059,0.186655,0.662870,-2.761084,-0.000011,0.000684,-0.155028
116.8000,-0.265608,0.247050,-3.610238,0.000082,0.000688,-0.155062,0.191799,0.677800,-2.761288,0.000063,0.000701,-0.155193
116.8500,-0.265608,0.247050,-3.610238,0.000082,0.000688,-0.155064,0.199517,0.700195,-2.761084,0.000074,0.000688,-0.155009
116.9000,-0.265608,0.247050,-3.610238,0.000082,0.000688,-0.155066,0.204661,0.715125,-2.761287,0.000090,0.000773,-0.155033
116.9500,-0.265608,0.247050,-3.610238,0.000082,0.000688,-0.155069,0.212377,0.737519,-2.761083,0.000003,0.000727,-0.154993
117.0000,-0.265608,0.247050,-3.610238,0.000083,0.000688,-0.155071,0.217521,0.752448,-2.761285,-0.000075,0.000625,-0.155094
117.0500,-0.265609,0.247050,-3.610238,0.000083,0.000688,-0.155073,0.225237,0.774842,-2.761082,0.000198,0.000655,-0.155124
117.1000,-0.265609,0.247050,-3.610238,0.000083,0.000688,-0.155075,0.230382,0.789769,-2.761284,0.000039,0.000542,-0.155174
117.1500,-0.265609,0.247050,-3.610238,0.000083,0.000688,-0.155077,0.238098,0.812160,-2.761082,0.000157,0.000886,-0.155187
117.2000,-0.265609,0.247050,-3.610238,0.000083,0.000688,-0.155080,0.243245,0.827087,-2.761285,0.000144,0.000631,-0.155151
117.2500,-0.265609,0.247050,-3.610238,0.000083,0.000688,-0.155082,0.250965,0.849478,-2.761082,0.000162,0.000583,-0.155214
117.3000,-0.265609,0.247050,-3.610238,0.000083,0.000688,-0.155084,0.256114,0.864405,-2.761285,0.000058,0.000707,-0.154927
117.3500,-0.265610,0.247050,-3.610238,0.000083,0.000688,-0.155086,0.263833,0.886798,-2.761083,0.000049,0.000665,-0.155296
117.4000,-0.265610,0.247050,-3.610238,0.000083,0.000688,-0.155088,0.268984,0.901726,-2.761286,-0.000015,0.000678,-0.155226
117.4500,-0.265610,0.247050,-3.610238,0.000083,0.000688,-0.155090,-0.683746,-0.027866,-2.761042,0.000131,0.000621,-0.155061
117.5000,-0.265610,0.247050,-3.610238,0.000083,0.000688,-0.155092,-0.707140,-0.041226,-2.761245,0.000087,0.000931,-0.154997
117.5500,-0.265610,0.247050,-3.610238,0.000083,0.000688,-0.155094,-0.742232,-0.061266,-2.761045,0.000130,0.000801,-0.155157
117.6000,-0.265610,0.247050,-3.610238,0.000083,0.000688,-0.155096,-0.765627,-0.074623,-2.761245,-0.000076,0.000812,-0.155134
117.6500,-0.265611,0.247050,-3.610238,0.000083,0.000688,-0.155098,-0.800714,-0.094662,-2.761046,0.000001,0.000605,-0.155068
117.7000,-0.265611,0.247050,-3.610238,0.000083,0.000688,-0.155100,-0.824107,-0.108019,-2.761248,-0.000030,0.000839,-0.155144
117.7500,-0.265611,0.247050,-3.610238,0.000083,0.000688,-0.155102,-0.859194,-0.128055,-2.761046,0.000145,0.000756,-0.155033
117.8000,-0.265611,0.247050,-3.610238,0.000083,0.000688,-0.155104,-0.882583,-0.141412,-2.761247,0.000123,0.000798,-0.155105
117.8500,-0.265611,0.247050,-3.610238,0.000083,0.000688,-0.155106,-0.917667,-0.161444,-2.761047,0.000115,0.000595,-0.155148
117.9000,-0.265611,0.247050,-3.610238,0.000083,0.000688,-0.155108,-0.941055,-0.174799,-2.761252,-0.000033,0.000662,-0.155296
117.9500,-0.265612,0.247050,-3.610238,0.000083,0.000688,-0.155110,-0.976139,-0.194831,-2.761055,0.000203,0.000720,-0.155004
118.0000,-0.265612,0.247050,-3.610238,0.000083,0.000688,-0.155111,-0.999527,-0.208188,-2.761257,0.000255,0.000829,-0.155088
118.0500,-0.265612,0.247050,-3.610238,0.000083,0.000688,-0.155113,-1.034609,-0.228223,-2.761060,0.000070,0.000709,-0.154948
118.1000,-0.265612,0.247051,-3.610238,0.000083,0.000688,-0.155115,-1.057995,-0.241583,-2.761260,0.000089,0.000815,-0.155181
118.1500,-0.265612,0.247051,-3.610238,0.000083,0.000688,-0.155117,-1.093075,-0.261617,-2.761061,-0.000078,0.000783,-0.155268
118.2000,-0.265612,0.247051,-3.610238,0.000083,0.000688,-0.155119,-1.116461,-0.274971,-2.761261,-0.000067,0.000698,-0.155053
118.2500,-0.265612,0.247051,-3.610238,0.000083,0.000688,-0.155120,-1.151539,-0.295003,-2.761060,0.000039,0.000494,-0.154894
118.3000,-0.265613,0.247051,-3.610238,0.000083,0.000688,-0.155122,-1.174924,-0.308355,-2.761266,-0.000102,0.000631,-0.155185
118.3500,-0.265613,0.247051,-3.610238,0.000083,0.000688,-0.155124,-1.210007,-0.328378,-2.761067,0.000054,0.000551,-0.155132
118.4000,-0.265613,0.247051,-3.610238,0.000083,0.000688,-0.155126,-1.233395,-0.341727,-2.761270,0.000279,0.000734,-0.155030
118.4500,-0.265613,0.247051,-3.610238,0.000083,0.000688,-0.155127,-0.664436,-0.105216,-2.761094,0.000135,0.000669,-0.155168
118.5000,-0.265613,0.247051,-3.610238,0.000083,0.000688,-0.155129,-0.669874,-0.110943,-2.761299,0.000005,0.000564,-0.155134
118.5500,-0.265613,0.247051,-3.610238,0.000083,0.000688,-0.155131,-0.678031,-0.119532,-2.761094,0.000009,0.000809,-0.155192
118.6000,-0.265613,0.247051,-3.610238,0.000083,0.000688,-0.155132,-0.683471,-0.125257,-2.761298,-0.000005,0.000679,-0.154914
118.6500,-0.265614,0.247051,-3.610238,0.000083,0.000688,-0.155134,-0.691630,-0.133841,-2.761094,-0.000041,0.000589,-0.155124
118.7000,-0.265614,0.247051,-3.610238,0.000083,0.000688,-0.155135,-0.697070,-0.139565,-2.761298,0.000122,0.000751,-0.155013
118.7500,-0.265614,0.247051,-3.610238,0.000083,0.000688,-0.155137,-0.705230,-0.148150,-2.761093,0.000005,0.000722,-0.155100
118.8000,-0.265614,0.247051,-3.610238,0.000083,0.000688,-0.155139,-0.710668,-0.153873,-2.761296,-0.000028,0.000630,-0.155067
118.8500,-0.265614,0.247051,-3.610238,0.000083,0.000688,-0.155140,-0.718825,-0.162456,-2.761091,0.000044,0.000751,-0.155362
118.9000,-0.265614,0.247051,-3.610238,0.000083,0.000688,-0.155142,-0.724264,-0.168176,-2.761294,0.000102,0.000656,-0.155280
118.9500,-0.265614,0.247051,-3.610238,0.000083,0.000688,-0.155143,-0.732421,-0.176755,-2.761090,0.000134,0.000622,-0.155209
119.0000,-0.265614,0.247051,-3.610238,0.000083,0.000688,-0.155145,-0.737860,-0.182476,-2.761294,-0.000041,0.000796,-0.155250
119.0500,-0.265615,0.247051,-3.610238,0.000083,0.000688,-0.155146,-0.746020,-0.191056,-2.761090,0.000034,0.000733,-0.155062
119.1000,-0.265615,0.247051,-3.610238,0.000083,0.000688,-0.155148,-0.751461,-0.196777,-2.761293,0.000069,0.000582,-0.155079
119.1500,-0.265615,0.247051,-3.610238,0.000083,0.000688,-0.155149,-0.759624,-0.205358,-2.761089,0.000065,0.000594,-0.155190
119.2000,-0.265615,0.247051,-3.610238,0.000083,0.000688,-0.155150,-0.765066,-0.211080,-2.761292,0.000191,0.000851,-0.155321
119.2500,-0.265615,0.247051,-3.610238,0.000083,0.000688,-0.155152,-0.773230,-0.219663,-2.761087,-0.000196,0.000607,-0.155251
119.3000,-0.265615,0.247051,-3.610238,0.000083,0.000688,-0.155153,-0.778670,-0.225384,-2.761289,0.000053,0.000616,-0.155051
119.3520,-0.265615,0.247051,-3.610238,0.000083,0.000688,-0.155155,-0.786832,-0.233966,-2.761086,0.000080,0.000718,-0.155114
119.4020,-0.265615,0.247051,-3.610238,0.000083,0.000688,-0.155156,-0.792272,-0.239689,-2.761288,0.000193,0.000826,-0.155110
119.4500,-0.265616,0.247051,-3.610239,0.000083,0.000688,-0.155157,0.295375,-0.288039,-2.761135,0.000312,0.000772,-0.155337
119.5000,-0.265616,0.247051,-3.610239,0.000083,0.000688,-0.155159,0.322500,-0.294950,-2.761343,0.000107,0.000523,-0.155202
119.5500,-0.265616,0.247051,-3.610239,0.000083,0.000688,-0.155160,0.363186,-0.305313,-2.761128,0.000120,0.000699,-0.155247
119.6000,-0.265616,0.247051,-3.610239,0.000083,0.000688,-0.155161,0.390309,-0.312222,-2.761332,0.000090,0.000723,-0.155167
119.6500,-0.265616,0.247051,-3.610239,0.000083,0.000688,-0.155163,0.430992,-0.322583,-2.761121,-0.000028,0.000697,-0.155119
119.7000,-0.265616,0.247051,-3.610239,0.000083,0.000688,-0.155164,0.458113,-0.329494,-2.761327,-0.000003,0.000528,-0.155280
119.7500,-0.265616,0.247051,-3.610239,0.000083,0.000688,-0.155165,0.498793,-0.339859,-2.761114,0.000016,0.000799,-0.155191
119.8000,-0.265616,0.247051,-3.610239,0.000083,0.000688,-0.155167,0.525913,-0.346768,-2.761319,0.000135,0.000610,-0.155143
119.8500,-0.265616,0.247051,-3.610239,0.000083,0.000688,-0.155168,0.566593,-0.357129,-2.761110,-0.000028,0.000634,-0.155283
119.9000,-0.265617,0.247051,-3.610239,0.000083,0.000688,-0.155169,0.593713,-0.364038,-2.761313,0.000012,0.000725,-0.155246
119.9500,-0.265617,0.247051,-3.610239,0.000083,0.000688,-0.155170,0.634391,-0.374398,-2.761103,0.000189,0.000848,-0.155263
120.0000,-0.265617,0.247051,-3.610239,0.000083,0.000688,-0.155172,0.661511,-0.381304,-2.761312,0.000134,0.000536,-0.155207
120.0500,-0.265617,0.247051,-3.610239,0.000083,0.000688,-0.155173,0.702191,-0.391665,-2.761104,0.000203,0.000780,-0.155208
120.1000,-0.265617,0.247051,-3.610239,0.000083,0.000688,-0.155174,0.729313,-0.398572,-2.761308,0.000078,0.000787,-0.155242
120.1500,-0.265617,0.247051,-3.610239,0.000083,0.000688,-0.155175,0.769997,-0.408928,-2.761104,0.000132,0.000603,-0.155138
120.2000,-0.265617,0.247051,-3.610239,0.000083,0.000688,-0.155176,0.797121,-0.415836,-2.761307,0.000050,0.000740,-0.155163
120.2500,-0.265617,0.247051,-3.610239,0.000083,0.000688,-0.155178,0.837807,-0.426198,-2.761100,-0.000125,0.000620,-0.155294
120.3000,-0.265617,0.247051,-3.610239,0.000083,0.000688,-0.155179,0.864930,-0.433107,-2.761298,-0.000160,0.000603,-0.155037
120.3500,-0.265617,0.247051,-3.610239,0.000083,0.000688,-0.155180,0.905612,-0.443464,-2.761090,0.000090,0.000574,-0.155111
120.4000,-0.265618,0.247051,-3.610239,0.000083,0.000688,-0.155181,0.932734,-0.450368,-2.761291,0.000020,0.000773,-0.155129
120.4500,-0.265618,0.247051,-3.610239,0.000083,0.000688,-0.155182,-0.330501,0.271464,-2.761023,0.000252,0.000661,-0.155381
120.5000,-0.265618,0.247051,-3.610239,0.000083,0.000688,-0.155183,-0.342132,0.286318,-2.761219,0.000161,0.000769,-0.155129
120.5500,-0.265618,0.247051,-3.610239,0.000083,0.000688,-0.155184,-0.359580,0.308595,-2.761022,0.000068,0.000729,-0.155301
120.6000,-0.265618,0.247051,-3.610239,0.000083,0.000688,-0.155185,-0.371209,0.323448,-2.761221,-0.000004,0.000699,-0.155234
120.6500,-0.265618,0.247051,-3.610239,0.000083,0.000688,-0.155186,-0.388654,0.345728,-2.761027,0.000006,0.000670,-0.154868
120.7000,-0.265618,0.247051,-3.610239,0.000083,0.000688,-0.155187,-0.400287,0.360580,-2.761225,0.000223,0.000685,-0.155052
120.7520,-0.265618,0.247051,-3.610239,0.000083,0.000688,-0.155188,-0.417732,0.382859,-2.761031,0.000123,0.000641,-0.155155
120.8000,-0.265618,0.247051,-3.610239,0.000083,0.000688,-0.155190,-0.429363,0.397712,-2.761230,0.000211,0.000699,-0.155125
120.8500,-0.265618,0.247051,-3.610239,0.000083,0.000688,-0.155191,-0.446809,0.419991,-2.761035,0.000223,0.000850,-0.155350
120.9000,-0.265618,0.247051,-3.610239,0.000083,0.000688,-0.155192,-0.458437,0.434843,-2.761232,0.000187,0.000890,-0.155137
120.9500,-0.265618,0.247051,-3.610239,0.000083,0.000688,-0.155193,-0.475879,0.457119,-2.761037,0.000040,0.000691,-0.155118
121.0000,-0.265619,0.247051,-3.610239,0.000083,0.000688,-0.155194,-0.487508,0.471970,-2.761238,0.000066,0.000724,-0.155143
121.0500,-0.265619,0.247051,-3.610239,0.000083,0.000688,-0.155195,-0.504951,0.494245,-2.761041,0.000044,0.000674,-0.155219
121.1000,-0.265619,0.247051,-3.610239,0.000083,0.000688,-0.155196,-0.516578,0.509096,-2.761242,-0.000035,0.000527,-0.155100
121.1520,-0.265619,0.247051,-3.610239,0.000083,0.000688,-0.155196,-0.534022,0.531371,-2.761048,0.000116,0.000621,-0.155067
121.2000,-0.265619,0.247051,-3.610239,0.000083,0.000688,-0.155197,-0.545653,0.546220,-2.761250,0.000172,0.000884,-0.155150
121.2500,-0.265619,0.247051,-3.610239,0.000083,0.000688,-0.155198,-0.563095,0.568494,-2.761051,0.000233,0.000761,-0.155265
121.3000,-0.265619,0.247052,-3.610239,0.000083,0.000688,-0.155199,-0.574722,0.583343,-2.761253,-0.000028,0.000705,-0.155227
121.3500,-0.265619,0.247052,-3.610239,0.000083,0.000688,-0.155200,-0.592166,0.605615,-2.761055,0.000181,0.000759,-0.155162
121.4000,-0.265619,0.247052,-3.610239,0.000083,0.000688,-0.155201,-0.603795,0.620461,-2.761257,0.000153,0.000703,-0.155163
121.4500,-0.265619,0.247052,-3.610239,0.000083,0.000688,-0.155202,-0.625171,0.474119,-2.761062,0.000106,0.000843,-0.155230
121.5000,-0.265619,0.247052,-3.610239,0.000083,0.000688,-0.155203,-0.636915,0.483956,-2.761265,0.000222,0.000562,-0.154961
121.5500,-0.265619,0.247052,-3.610239,0.000083,0.000688,-0.155204,-0.654534,0.498710,-2.761066,0.000148,0.000713,-0.155272
121.6000,-0.265620,0.247052,-3.610239,0.000083,0.000688,-0.155205,-0.666278,0.508548,-2.761268,0.000072,0.000753,-0.155216
121.6500,-0.265620,0.247052,-3.610239,0.000083,0.000688,-0.155206,-0.683893,0.523304,-2.761069,0.000058,0.000640,-0.155204
121.7000,-0.265620,0.247052,-3.610239,0.000083,0.000688,-0.155206,-0.695638,0.533141,-2.761272,0.000041,0.000823,-0.155190
121.7500,-0.265620,0.247052,-3.610239,0.000083,0.000688,-0.155207,-0.713253,0.547900,-2.761072,0.000035,0.000639,-0.155345
121.8000,-0.265620,0.247052,-3.610239,0.000083,0.000688,-0.155208,-0.724995,0.557741,-2.761276,-0.000099,0.000718,-0.155412
121.8500,-0.265620,0.247052,-3.610239,0.000083,0.000688,-0.155209,-0.742609,0.572507,-2.761077,0.000045,0.000823,-0.155000
121.9000,-0.265620,0.247052,-3.610239,0.000083,0.000688,-0.155210,-0.754354,0.582349,-2.761280,0.000032,0.000637,-0.155114
121.9500,-0.265620,0.247052,-3.610239,0.000083,0.000688,-0.155211,-0.771972,0.597115,-2.761080,0.000166,0.000711,-0.155125
122.0000,-0.265620,0.247052,-3.610239,0.000083,0.000688,-0.155211,-0.783719,0.606957,-2.761282,0.000181,0.000824,-0.155123
122.0500,-0.265620,0.247052,-3.610239,0.000083,0.000688,-0.155212,-0.801339,0.621720,-2.761079,0.000256,0.000639,-0.155199
122.1020,-0.265620,0.247052,-3.610239,0.000083,0.000688,-0.155213,-0.813087,0.631560,-2.761282,0.000111,0.000727,-0.155072
122.1500,-0.265620,0.247052,-3.610239,0.000083,0.000688,-0.155214,-0.830709,0.646319,-2.761079,0.000078,0.000700,-0.155208
122.2000,-0.265620,0.247052,-3.610239,0.000083,0.000688,-0.155215,-0.842458,0.656157,-2.761282,0.000276,0.000787,-0.155117
122.2500,-0.265620,0.247052,-3.610239,0.000083,0.000688,-0.155215,-0.860082,0.670911,-2.761078,0.000176,0.000666,-0.155135
122.3020,-0.265620,0.247052,-3.610239,0.000083,0.000688,-0.155216,-0.871830,0.680746,-2.761281,-0.000114,0.000650,-0.155009
122.3500,-0.265621,0.247052,-3.610239,0.000083,0.000688,-0.155217,-0.889456,0.695499,-2.761080,-0.000073,0.000692,-0.155286
122.4000,-0.265621,0.247052,-3.610239,0.000083,0.000688,-0.155218,-0.901204,0.705338,-2.761283,0.000083,0.000896,-0.155281
122.4520,-0.265621,0.247052,-3.610239,0.000083,0.000688,-0.155218,-0.678409,0.486717,-2.761094,0.000052,0.000634,-0.155324
122.5000,-0.265621,0.247052,-3.610239,0.000083,0.000688,-0.155219,-0.683012,0.489617,-2.761298,0.000122,0.000696,-0.155234
122.5500,-0.265621,0.247052,-3.610239,0.000083,0.000688,-0.155220,-0.689917,0.493967,-2.761093,0.000126,0.000586,-0.155133
122.6000,-0.265621,0.247052,-3.610239,0.000083,0.000688,-0.155221,-0.694520,0.496867,-2.761296,0.000131,0.000813,-0.155237
122.6520,-0.265621,0.247052,-3.610239,0.000083,0.000688,-0.155221,-0.701420,0.501217,-2.761091,0.000249,0.000663,-0.155305
122.7000,-0.265621,0.247052,-3.610239,0.000083,0.000688,-0.155222,-0.706020,0.504115,-2.761294,0.000222,0.000538,-0.155187
122.7500,-0.265621,0.247052,-3.610239,0.000083,0.000688,-0.155223,-0.712923,0.508459,-2.761090,0.000229,0.001024,-0.155183
122.8000,-0.265621,0.247052,-3.610239,0.000083,0.000688,-0.155223,-0.717522,0.511354,-2.761292,0.000412,0.000760,-0.155152
122.8500,-0.265621,0.247052,-3.610239,0.000083,0.000688,-0.155224,-0.724421,0.515692,-2.761087,0.000058,0.000589,-0.155225
122.9000,-0.265621,0.247052,-3.610239,0.000083,0.000688,-0.155225,-0.729019,0.518583,-2.761290,0.000152,0.000694,-0.155086
122.9500,-0.265621,0.247052,-3.610239,0.000083,0.000688,-0.155225,-0.735918,0.522918,-2.761087,0.000109,0.000750,-0.155370
123.0000,-0.265621,0.247052,-3.610239,0.000083,0.000688,-0.155226,-0.740517,0.525807,-2.761290,0.000267,0.000800,-0.155331
123.0500,-0.265621,0.247052,-3.610239,0.000083,0.000688,-0.155227,-0.747416,0.530141,-2.761086,0.000135,0.000723,-0.155099
123.1000,-0.265621,0.247052,-3.610239,0.000083,0.000688,-0.155227,-0.752016,0.533028,-2.761288,0.000160,0.000597,-0.155248
123.1500,-0.265621,0.247052,-3.610239,0.000083,0.000688,-0.155228,-0.758917,0.537358,-2.761084,0.000147,0.000737,-0.155243
123.2000,-0.265622,0.247052,-3.610239,0.000083,0.000688,-0.155229,-0.763516,0.540244,-2.761287,0.000083,0.000594,-0.155175
123.2500,-0.265622,0.247052,-3.610239,0.000083,0.000688,-0.155229,-0.770415,0.544572,-2.761084,0.000169,0.000893,-0.155271
123.3000,-0.265622,0.247052,-3.610239,0.000083,0.000688,-0.155230,-0.775014,0.547456,-2.761285,-0.000044,0.000817,-0.155263
123.3500,-0.265622,0.247052,-3.610239,0.000083,0.000688,-0.155230,-0.781910,0.551783,-2.761082,0.000143,0.000644,-0.155362
123.4000,-0.265622,0.247052,-3.610239,0.000083,0.000688,-0.155231,-0.786506,0.554668,-2.761285,0.000154,0.000728,-0.155214
123.4500,-0.265622,0.247052,-3.610239,0.000083,0.000688,-0.155232,-0.654163,0.456178,-2.761090,-0.000093,0.000741,-0.155287
123.5020,-0.265622,0.247052,-3.610239,0.000083,0.000688,-0.155232,-0.654620,0.456005,-2.761293,0.000133,0.000551,-0.155262
123.5520,-0.265622,0.247052,-3.610239,0.000083,0.000688,-0.155233,-0.655308,0.455748,-2.761088,0.000042,0.000515,-0.155065
123.6000,-0.265622,0.247052,-3.610239,0.000083,0.000688,-0.155233,-0.655767,0.455576,-2.761291,0.000121,0.000573,-0.155251
123.6500,-0.265622,0.247052,-3.610239,0.000083,0.000688,-0.155234,-0.656457,0.455317,-2.761087,0.000213,0.000663,-0.155243
123.7000,-0.265622,0.247052,-3.610239,0.000083,0.000688,-0.155235,-0.656918,0.455142,-2.761289,0.000126,0.000783,-0.155023
123.7500,-0.265622,0.247052,-3.610239,0.000083,0.000688,-0.155235,-0.657609,0.454879,-2.761085,-0.000008,0.000646,-0.155216
123.8000,-0.265622,0.247052,-3.610239,0.000083,0.000688,-0.155236,-0.658069,0.454703,-2.761288,0.000023,0.000730,-0.155284
123.8500,-0.265622,0.247052,-3.610239,0.000083,0.000688,-0.155236,-0.658761,0.454441,-2.761084,-0.000025,0.000609,-0.155278
123.9000,-0.265622,0.247052,-3.610239,0.000083,0.000688,-0.155237,-0.659221,0.454268,-2.761287,0.000050,0.000507,-0.155310
123.9500,-0.265622,0.247052,-3.610239,0.000083,0.000688,-0.155237,-0.659914,0.454009,-2.761083,0.000122,0.000569,-0.155310
124.0000,-0.265622,0.247052,-3.610239,0.000083,0.000688,-0.155238,-0.660377,0.453836,-2.761285,0.000224,0.000652,-0.155303
124.0500,-0.265622,0.247052,-3.610239,0.000083,0.000688,-0.155238,-0.661071,0.453575,-2.761082,0.000029,0.000687,-0.155192
124.1000,-0.265622,0.247052,-3.610239,0.000083,0.000688,-0.155239,-0.661532,0.453401,-2.761284,0.000077,0.000737,-0.155220
124.1520,-0.265622,0.247052,-3.610239,0.000083,0.000688,-0.155239,-0.662226,0.453140,-2.761081,0.000239,0.000807,-0.155227
124.2000,-0.265622,0.247052,-3.610239,0.000083,0.000688,-0.155240,-0.662688,0.452968,-2.761283,0.000011,0.000823,-0.155333
124.2500,-0.265623,0.247052,-3.610239,0.000083,0.000688,-0.155241,-0.663381,0.452711,-2.761080,-0.000031,0.000664,-0.155315
124.3000,-0.265623,0.247052,-3.610239,0.000083,0.000688,-0.155241,-0.663842,0.452539,-2.761283,0.000118,0.000747,-0.155164
124.3500,-0.265623,0.247052,-3.610239,0.000083,0.000688,-0.155242,-0.664535,0.452282,-2.761080,0.000062,0.000634,-0.155382
124.4000,-0.265623,0.247052,-3.610239,0.000083,0.000688,-0.155242,-0.664996,0.452110,-2.761282,0.000127,0.000695,-0.155170
124.4500,-0.265623,0.247052,-3.610239,0.000083,0.000688,-0.155243,-0.630387,0.436298,-2.761081,0.000108,0.000665,-0.155342
124.5000,-0.265623,0.247052,-3.610239,0.000083,0.000688,-0.155243,-0.629800,0.435663,-2.761283,-0.000109,0.000597,-0.155174
124.5500,-0.265623,0.247052,-3.610239,0.000083,0.000688,-0.155243,-0.628921,0.434712,-2.761080,0.000153,0.000664,-0.155116
124.6000,-0.265623,0.247052,-3.610239,0.000083,0.000688,-0.155244,-0.628335,0.434078,-2.761283,0.000123,0.000713,-0.155314
124.6500,-0.265623,0.247052,-3.610239,0.000083,0.000688,-0.155244,-0.627456,0.433124,-2.761080,0.000084,0.000709,-0.155141
124.7000,-0.265623,0.247052,-3.610239,0.000083,0.000688,-0.155245,-0.626869,0.432488,-2.761282,0.000129,0.000675,-0.155203
124.7500,-0.265623,0.247052,-3.610239,0.000083,0.000688,-0.155245,-0.625991,0.431534,-2.761079,0.000123,0.000753,-0.155282
124.8000,-0.265623,0.247052,-3.610239,0.000083,0.000688,-0.155246,-0.625404,0.430898,-2.761282,0.000226,0.000648,-0.155334
124.8500,-0.265623,0.247052,-3.610239,0.000083,0.000688,-0.155246,-0.624527,0.429940,-2.761079,0.000090,0.000658,-0.155221
124.9000,-0.265623,0.247052,-3.610239,0.000083,0.000688,-0.155247,-0.623942,0.429301,-2.761281,0.000220,0.000831,-0.155363
124.9500,-0.265623,0.247052,-3.610239,0.000083,0.000688,-0.155247,-0.623064,0.428336,-2.761079,-0.000072,0.000582,-0.155195
125.0000,-0.265623,0.247052,-3.610239,0.000083,0.000688,-0.155248,-0.622480,0.427694,-2.761281,0.000039,0.000548,-0.155125
125.0500,-0.265623,0.247052,-3.610239,0.000083,0.000688,-0.155248,-0.621608,0.426731,-2.761078,0.000023,0.000779,-0.155315
125.1000,-0.265623,0.247052,-3.610239,0.000083,0.000688,-0.155248,-0.621025,0.426087,-2.761281,0.000087,0.000691,-0.155492
125.1500,-0.265623,0.247052,-3.610239,0.000083,0.000688,-0.155249,-0.620151,0.425122,-2.761078,0.000197,0.000925,-0.155090
125.2000,-0.265623,0.247052,-3.610239,0.000083,0.000688,-0.155249,-0.619565,0.424476,-2.761281,0.000236,0.000531,-0.155167
125.2500,-0.265623,0.247052,-3.610239,0.000083,0.000688,-0.155250,-0.618689,0.423504,-2.761078,0.000063,0.000789,-0.155204
125.3000,-0.265623,0.247052,-3.610239,0.000083,0.000688,-0.155250,-0.618105,0.422857,-2.761280,0.000049,0.000599,-0.155287
125.3500,-0.265623,0.247052,-3.610239,0.000083,0.000688,-0.155251,-0.617230,0.421885,-2.761078,0.000050,0.000697,-0.155106
125.4000,-0.265623,0.247052,-3.610239,0.000083,0.000688,-0.155251,-0.616647,0.421238,-2.761280,0.000024,0.000723,-0.155388
125.4500,-0.265623,0.247052,-3.610239,0.000083,0.000688,-0.155251,-0.621184,0.430527,-2.761078,0.000108,0.000407,-0.155249
125.5000,-0.265623,0.247052,-3.610239,0.000083,0.000688,-0.155252,-0.620761,0.430187,-2.761280,0.000162,0.000811,-0.155297
125.5500,-0.265623,0.247052,-3.610239,0.000083,0.000688,-0.155252,-0.620128,0.429677,-2.761077,0.000145,0.000794,-0.155328
125.6000,-0.265624,0.247052,-3.610239,0.000083,0.000688,-0.155252,-0.619706,0.429335,-2.761280,0.000212,0.000944,-0.155270
125.6500,-0.265624,0.247052,-3.610239,0.000083,0.000688,-0.155253,-0.619072,0.428817,-2.761078,0.000092,0.000709,-0.155042
125.7000,-0.265624,0.247052,-3.610239,0.000083,0.000688,-0.155253,-0.618649,0.428470,-2.761280,0.000035,0.000634,-0.155248
125.7500,-0.265624,0.247052,-3.610239,0.000083,0.000688,-0.155254,-0.618017,0.427953,-2.761077,0.000004,0.000778,-0.155259
125.8000,-0.265624,0.247052,-3.610239,0.000083,0.000688,-0.155254,-0.617594,0.427609,-2.761280,0.000175,0.000746,-0.155243
125.8500,-0.265624,0.247052,-3.610240,0.000083,0.000688,-0.155254,-0.616961,0.427092,-2.761077,0.000314,0.000576,-0.155334
125.9000,-0.265624,0.247052,-3.610240,0.000083,0.000688,-0.155255,-0.616540,0.426747,-2.761280,-0.000146,0.000707,-0.155140
125.9500,-0.265624,0.247052,-3.610240,0.000083,0.000688,-0.155255,-0.615907,0.426229,-2.761078,0.000039,0.000708,-0.155212
126.0000,-0.265624,0.247052,-3.610240,0.000083,0.000688,-0.155255,-0.615485,0.425884,-2.761280,-0.000100,0.000689,-0.155186
126.0500,-0.265624,0.247052,-3.610240,0.000083,0.000688,-0.155256,-0.614853,0.425371,-2.761078,0.000011,0.000684,-0.155339
126.1020,-0.265624,0.247052,-3.610240,0.000083,0.000688,-0.155256,-0.614432,0.425029,-2.761280,0.000136,0.000771,-0.155322
126.1520,-0.265624,0.247052,-3.610240,0.000083,0.000688,-0.155256,-0.613801,0.424518,-2.761078,0.000076,0.000505,-0.155276
126.2000,-0.265624,0.247052,-3.610240,0.000083,0.000688,-0.155257,-0.613381,0.424178,-2.761280,0.000215,0.000651,-0.155264
126.2500,-0.265624,0.247052,-3.610240,0.000083,0.000688,-0.155257,-0.612752,0.423669,-2.761078,0.000127,0.000729,-0.155239
126.3000,-0.265624,0.247052,-3.610240,0.000083,0.000688,-0.155258,-0.612333,0.423328,-2.761280,0.000066,0.000694,-0.155386
126.3500,-0.265624,0.247052,-3.610240,0.000083,0.000688,-0.155258,-0.611706,0.422817,-2.761078,-0.000120,0.000700,-0.155421
126.4020,-0.265624,0.247052,-3.610240,0.000083,0.000688,-0.155258,-0.611287,0.422477,-2.761280,-0.000049,0.000660,-0.155284
126.4500,-0.265624,0.247052,-3.610240,0.000083,0.000688,-0.155258,-0.620311,0.430906,-2.761077,0.000070,0.000693,-0.155289
126.5000,-0.265624,0.247052,-3.610240,0.000083,0.000688,-0.155259,-0.620177,0.430833,-2.761280,0.000194,0.000669,-0.155318
126.5500,-0.265624,0.247052,-3.610240,0.000083,0.000688,-0.155259,-0.619976,0.430722,-2.761077,0.000202,0.000598,-0.155401
126.6000,-0.265624,0.247052,-3.610240,0.000083,0.000688,-0.155259,-0.619844,0.430646,-2.761280,0.000031,0.000559,-0.154951
126.6500,-0.265624,0.247052,-3.610240,0.000083,0.000688,-0.155260,-0.619645,0.430533,-2.761078,0.000036,0.000748,-0.155243
126.7000,-0.265624,0.247052,-3.610240,0.000083,0.000688,-0.155260,-0.619513,0.430458,-2.761280,0.000112,0.000676,-0.155044
126.7500,-0.265624,0.247052,-3.610240,0.000083,0.000688,-0.155260,-0.619317,0.430346,-2.761078,-0.000004,0.000731,-0.155345
126.8000,-0.265624,0.247052,-3.610240,0.000083,0.000688,-0.155261,-0.619187,0.430271,-2.761280,0.000173,0.000763,-0.155233
126.8500,-0.265624,0.247052,-3.610240,0.000083,0.000688,-0.155261,-0.618992,0.430158,-2.761078,-0.000006,0.000579,-0.155337
126.9020,-0.265624,0.247052,-3.610240,0.000083,0.000688,-0.155261,-0.618863,0.430083,-2.761280,-0.000031,0.000930,-0.155236
126.9500,-0.265624,0.247052,-3.610240,0.000083,0.000688,-0.155262,-0.618668,0.429970,-2.761078,0.000176,0.000777,-0.155351
127.0020,-0.265624,0.247052,-3.610240,0.000083,0.000688,-0.155262,-0.618537,0.429892,-2.761280,0.000040,0.000747,-0.155055
127.0500,-0.265624,0.247052,-3.610240,0.000083,0.000688,-0.155262,-0.618339,0.429773,-2.761078,0.000183,0.000732,-0.155193
127.1000,-0.265624,0.247052,-3.610240,0.000083,0.000688,-0.155262,-0.618205,0.429691,-2.761280,0.000215,0.000643,-0.155199
127.1500,-0.265624,0.247052,-3.610240,0.000083,0.000688,-0.155263,-0.618008,0.429566,-2.761078,0.000027,0.000589,-0.155261
127.2000,-0.265624,0.247052,-3.610240,0.000083,0.000688,-0.155263,-0.617877,0.429484,-2.761280,0.000112,0.000801,-0.155183
127.2500,-0.265624,0.247052,-3.610240,0.000083,0.000688,-0.155263,-0.617684,0.429363,-2.761078,0.000033,0.000709,-0.155285
127.3000,-0.265624,0.247052,-3.610240,0.000083,0.000688,-0.155264,-0.617554,0.429283,-2.761280,0.000124,0.000752,-0.155310
127.3500,-0.265624,0.247052,-3.610240,0.000083,0.000688,-0.155264,-0.617362,0.429162,-2.761078,0.000155,0.000693,-0.155191
127.4000,-0.265624,0.247052,-3.610240,0.000083,0.000688,-0.155264,-0.617235,0.429082,-2.761281,0.000275,0.000637,-0.155309
127.4500,-0.265625,0.247052,-3.610240,0.000083,0.000688,-0.155264,-0.621525,0.432219,-2.761078,0.000105,0.000585,-0.155165
127.5000,-0.265625,0.247052,-3.610240,0.000083,0.000688,-0.155265,-0.621532,0.432234,-2.761280,0.000105,0.000713,-0.155102
127.5500,-0.265625,0.247052,-3.610240,0.000083,0.000688,-0.155265,-0.621540,0.432259,-2.761078,0.000045,0.000698,-0.155336
127.6000,-0.265625,0.247052,-3.610240,0.000083,0.000688,-0.155265,-0.621544,0.432275,-2.761280,0.000214,0.000697,-0.155522
127.6500,-0.265625,0.247052,-3.610240,0.000083,0.000688,-0.155265,-0.621552,0.432299,-2.761078,-0.000019,0.000691,-0.155115
127.7000,-0.265625,0.247052,-3.610240,0.000083,0.000688,-0.155266,-0.621556,0.432316,-2.761280,-0.000026,0.000661,-0.155271
127.7500,-0.265625,0.247052,-3.610240,0.000083,0.000688,-0.155266,-0.621564,0.432342,-2.761078,0.000180,0.000850,-0.155298
127.8000,-0.265625,0.247052,-3.610240,0.000083,0.000688,-0.155266,-0.621568,0.432360,-2.761280,0.000145,0.000694,-0.155147
127.8500,-0.265625,0.247052,-3.610240,0.000083,0.000688,-0.155266,-0.621576,0.432384,-2.761078,0.000050,0.000752,-0.155215
127.9000,-0.265625,0.247052,-3.610240,0.000083,0.000688,-0.155267,-0.621581,0.432400,-2.761280,0.000052,0.000649,-0.155236
127.9500,-0.265625,0.247052,-3.610240,0.000083,0.000688,-0.155267,-0.621590,0.432423,-2.761078,0.000077,0.000803,-0.155244
128.0000,-0.265625,0.247052,-3.610240,0.000083,0.000688,-0.155267,-0.621594,0.432437,-2.761281,-0.000067,0.000728,-0.155385
128.0500,-0.265625,0.247052,-3.610240,0.000083,0.000688,-0.155267,-0.621599,0.432459,-2.761078,-0.000033,0.000817,-0.155437
128.1000,-0.265625,0.247052,-3.610240,0.000083,0.000688,-0.155268,-0.621599,0.432475,-2.761281,0.000094,0.000792,-0.155234
128.1500,-0.265625,0.247052,-3.610240,0.000083,0.000688,-0.155268,-0.621600,0.432499,-2.761078,0.000088,0.000802,-0.155273
128.2000,-0.265625,0.247052,-3.610240,0.000083,0.000688,-0.155268,-0.621599,0.432515,-2.761281,0.000006,0.000710,-0.155346
128.2500,-0.265625,0.247052,-3.610240,0.000083,0.000688,-0.155268,-0.621599,0.432542,-2.761078,-0.000035,0.000626,-0.155343
128.3000,-0.265625,0.247052,-3.610240,0.000083,0.000688,-0.155268,-0.621598,0.432561,-2.761281,0.000160,0.000714,-0.155200
128.3500,-0.265625,0.247052,-3.610240,0.000083,0.000688,-0.155269,-0.621599,0.432588,-2.761078,0.000049,0.000585,-0.155354
128.4000,-0.265625,0.247052,-3.610240,0.000083,0.000688,-0.155269,-0.621601,0.432607,-2.761281,0.000004,0.000823,-0.155184
128.4520,-0.265625,0.247052,-3.610240,0.000083,0.000688,-0.155269,-0.622371,0.432902,-2.761078,-0.000005,0.000696,-0.155411
128.5000,-0.265625,0.247052,-3.610240,0.000083,0.000688,-0.155269,-0.622395,0.432931,-2.761281,0.000034,0.000851,-0.155180
128.5500,-0.265625,0.247052,-3.610240,0.000083,0.000688,-0.155270,-0.622429,0.432976,-2.761078,0.000053,0.000707,-0.155194
128.6000,-0.265625,0.247052,-3.610240,0.000083,0.000688,-0.155270,-0.622451,0.433004,-2.761281,0.000081,0.000601,-0.155175
128.6500,-0.265625,0.247052,-3.610240,0.000083,0.000688,-0.155270,-0.622487,0.433048,-2.761078,0.000323,0.000688,-0.155265
128.7000,-0.265625,0.247052,-3.610240,0.000083,0.000688,-0.155270,-0.622510,0.433077,-2.761281,0.000106,0.000634,-0.155158
128.7500,-0.265625,0.247052,-3.610240,0.000083,0.000688,-0.155270,-0.622546,0.433120,-2.761078,0.000131,0.000535,-0.155168
128.8000,-0.265625,0.247052,-3.610240,0.000083,0.000688,-0.155271,-0.622571,0.433149,-2.761281,0.000140,0.000814,-0.155448
128.8500,-0.265625,0.247052,-3.610240,0.000083,0.000688,-0.155271,-0.622608,0.433193,-2.761078,0.000069,0.000927,-0.155281
128.9000,-0.265625,0.247052,-3.610240,0.000083,0.000688,-0.155271,-0.622630,0.433224,-2.761281,0.000131,0.000637,-0.155184
128.9500,-0.265625,0.247052,-3.610240,0.000083,0.000688,-0.155271,-0.622667,0.433271,-2.761078,0.000226,0.000755,-0.155484
129.0000,-0.265625,0.247052,-3.610240,0.000083,0.000688,-0.155271,-0.622693,0.433301,-2.761281,0.000348,0.000713,-0.155167
129.0500,-0.265625,0.247052,-3.610240,0.000083,0.000688,-0.155272,-0.622734,0.433342,-2.761078,0.000163,0.000728,-0.155315
129.1020,-0.265625,0.247052,-3.610240,0.000083,0.000688,-0.155272,-0.622761,0.433369,-2.761281,-0.000103,0.000735,-0.155249
129.1500,-0.265625,0.247052,-3.610240,0.000083,0.000688,-0.155272,-0.622802,0.433412,-2.761078,0.000023,0.000582,-0.155090
129.2000,-0.265625,0.247052,-3.610240,0.000083,0.000688,-0.155272,-0.622829,0.433441,-2.761281,0.000162,0.000800,-0.155404
129.2500,-0.265625,0.247052,-3.610240,0.000083,0.000688,-0.155272,-0.622871,0.433486,-2.761078,-0.000014,0.000767,-0.155164
129.3000,-0.265625,0.247052,-3.610240,0.000083,0.000688,-0.155272,-0.622898,0.433519,-2.761281,0.000192,0.000778,-0.155264
129.3500,-0.265625,0.247052,-3.610240,0.000083,0.000688,-0.155273,-0.622940,0.433569,-2.761078,-0.000074,0.000671,-0.155298
129.4000,-0.265625,0.247052,-3.610240,0.000083,0.000688,-0.155273,-0.622966,0.433603,-2.761281,-0.000063,0.000629,-0.155191
129.4520,-0.265625,0.247052,-3.610240,0.000083,0.000688,-0.155273,-0.622629,0.433088,-2.761078,0.000111,0.000690,-0.155420
129.5000,-0.265625,0.247052,-3.610240,0.000083,0.000688,-0.155273,-0.622644,0.433107,-2.761281,0.000035,0.000632,-0.155278
129.5500,-0.265625,0.247052,-3.610240,0.000083,0.000688,-0.155273,-0.622665,0.433135,-2.761078,0.000146,0.000788,-0.155155
129.6000,-0.265625,0.247052,-3.610240,0.000083,0.000688,-0.155273,-0.622678,0.433153,-2.761281,0.000099,0.000663,-0.155319
129.6500,-0.265625,0.247052,-3.610240,0.000083,0.000688,-0.155274,-0.622698,0.433181,-2.761078,0.000191,0.000489,-0.155157
129.7000,-0.265625,0.247052,-3.610240,0.000083,0.000688,-0.155274,-0.622713,0.433200,-2.761281,-0.000143,0.000762,-0.155267
129.7500,-0.265625,0.247052,-3.610240,0.000083,0.000688,-0.155274,-0.622735,0.433229,-2.761078,0.000232,0.000708,-0.155268
129.8000,-0.265625,0.247052,-3.610240,0.000083,0.000688,-0.155274,-0.622750,0.433248,-2.761281,0.000097,0.000698,-0.155247
129.8500,-0.265625,0.247052,-3.610240,0.000083,0.000688,-0.155274,-0.622773,0.433277,-2.761078,-0.000078,0.000732,-0.155258
129.9020,-0.265625,0.247052,-3.610240,0.000083,0.000688,-0.155274,-0.622787,0.433297,-2.761281,0.000192,0.000753,-0.155407
129.9500,-0.265625,0.247052,-3.610240,0.000083,0.000688,-0.155275,-0.622810,0.433327,-2.761078,0.000070,0.000658,-0.155365
130.0000,-0.265625,0.247052,-3.610240,0.000083,0.000688,-0.155275,-0.622824,0.433346,-2.761281,-0.000134,0.000646,-0.155293
130.0520,-0.265625,0.247052,-3.610240,0.000083,0.000688,-0.155275,-0.622847,0.433378,-2.761078,0.000386,0.000718,-0.155288
130.1000,-0.265625,0.247052,-3.610240,0.000083,0.000688,-0.155275,-0.622861,0.433398,-2.761281,-0.000039,0.000734,-0.155182
130.1520,-0.265625,0.247052,-3.610240,0.000083,0.000688,-0.155275,-0.622881,0.433431,-2.761078,0.000224,0.000578,-0.155126
130.2000,-0.265625,0.247052,-3.610240,0.000083,0.000688,-0.155275,-0.622895,0.433452,-2.761281,-0.000148,0.000705,-0.155301
130.2500,-0.265625,0.247052,-3.610240,0.000083,0.000688,-0.155276,-0.622915,0.433486,-2.761078,0.000150,0.000650,-0.155125
130.3000,-0.265625,0.247052,-3.610240,0.000083,0.000688,-0.155276,-0.622928,0.433508,-2.761281,-0.000076,0.000658,-0.155408
130.3500,-0.265625,0.247052,-3.610240,0.000083,0.000688,-0.155276,-0.622949,0.433541,-2.761078,0.000069,0.000557,-0.155285
130.4000,-0.265626,0.247052,-3.610240,0.000083,0.000688,-0.155276,-0.622962,0.433565,-2.761281,0.000267,0.000773,-0.155457
130.4500,-0.265626,0.247052,-3.610240,0.000083,0.000688,-0.155276,-0.252173,-0.299079,-2.761106,0.000053,0.000615,-0.155238
130.5000,-0.265626,0.247052,-3.610240,0.000083,0.000688,-0.155276,-0.241167,-0.320832,-2.761309,0.000169,0.000657,-0.155179
130.5500,-0.265626,0.247052,-3.610240,0.000083,0.000688,-0.155276,-0.224657,-0.353459,-2.761103,0.000241,0.000704,-0.155329
130.6000,-0.265626,0.247052,-3.610240,0.000083,0.000688,-0.155277,-0.213651,-0.375213,-2.761311,-0.000063,0.000619,-0.155282
130.6500,-0.265626,0.247052,-3.610240,0.000083,0.000688,-0.155277,-0.197139,-0.407841,-2.761102,0.000073,0.000762,-0.155219
130.7000,-0.265626,0.247052,-3.610240,0.000083,0.000688,-0.155277,-0.186131,-0.429594,-2.761306,-0.000026,0.000562,-0.155247
130.7500,-0.265626,0.247052,-3.610240,0.000083,0.000688,-0.155277,-0.169622,-0.462223,-2.761100,-0.000045,0.000732,-0.155183
130.8000,-0.265626,0.247052,-3.610240,0.000083,0.000688,-0.155277,-0.158613,-0.483974,-2.761303,0.000037,0.000650,-0.155248
130.8500,-0.265626,0.247052,-3.610240,0.000083,0.000688,-0.155277,-0.142101,-0.516603,-2.761097,0.000097,0.000745,-0.155127
130.9000,-0.265626,0.247052,-3.610240,0.000083,0.000688,-0.155277,-0.131092,-0.538355,-2.761301,0.000103,0.000735,-0.155353
130.9500,-0.265626,0.247052,-3.610240,0.000083,0.000688,-0.155277,-0.114583,-0.570986,-2.761096,0.000085,0.000737,-0.155379
131.0000,-0.265626,0.247052,-3.610240,0.000083,0.000688,-0.155278,-0.103575,-0.592740,-2.761300,0.000090,0.000668,-0.155412
131.0500,-0.265626,0.247052,-3.610240,0.000083,0.000688,-0.155278,-0.087066,-0.625374,-2.761093,0.000092,0.000720,-0.155422
131.1000,-0.265626,0.247052,-3.610240,0.000083,0.000688,-0.155278,-0.076061,-0.647129,-2.761296,0.000022,0.000730,-0.155389
131.1500,-0.265626,0.247052,-3.610240,0.000083,0.000688,-0.155278,-0.059554,-0.679762,-2.761090,0.000215,0.000622,-0.155392
131.2000,-0.265626,0.247052,-3.610240,0.000083,0.000688,-0.155278,-0.048548,-0.701516,-2.761292,0.000077,0.000709,-0.155334
131.2500,-0.265626,0.247052,-3.610240,0.000083,0.000688,-0.155278,-0.032039,-0.734145,-2.761085,0.000152,0.000715,-0.155261
131.3000,-0.265626,0.247052,-3.610240,0.000083,0.000688,-0.155278,-0.021034,-0.755898,-2.761290,0.000219,0.000626,-0.155375
131.3500,-0.265626,0.247052,-3.610240,0.000083,0.000688,-0.155278,-0.004529,-0.788530,-2.761085,0.000031,0.000616,-0.155344
131.4000,-0.265626,0.247052,-3.610240,0.000083,0.000688,-0.155279,0.006475,-0.810284,-2.761288,-0.000030,0.000450,-0.155111
131.4500,-0.265626,0.247052,-3.610240,0.000083,0.000688,-0.155279,-0.239955,-0.472504,-2.761067,0.000179,0.000778,-0.155299
131.5000,-0.265626,0.247052,-3.610240,0.000083,0.000688,-0.155279,-0.236764,-0.483249,-2.761268,0.000111,0.000714,-0.155303
131.5500,-0.265626,0.247052,-3.610240,0.000083,0.000688,-0.155279,-0.231980,-0.499366,-2.761067,0.000029,0.000794,-0.155341
131.6000,-0.265626,0.247052,-3.610240,0.000083,0.000688,-0.155279,-0.228790,-0.510111,-2.761268,0.000103,0.000740,-0.155191
131.6500,-0.265626,0.247052,-3.610240,0.000083,0.000688,-0.155279,-0.224003,-0.526227,-2.761067,0.000036,0.000771,-0.155494
131.7000,-0.265626,0.247052,-3.610240,0.000083,0.000688,-0.155279,-0.220814,-0.536971,-2.761269,0.000169,0.000786,-0.155274
131.7500,-0.265626,0.247052,-3.610240,0.000083,0.000688,-0.155279,-0.216026,-0.553088,-2.761069,0.000230,0.000958,-0.155334
131.8000,-0.265626,0.247052,-3.610240,0.000083,0.000688,-0.155279,-0.212831,-0.563834,-2.761271,0.000046,0.000789,-0.155064
131.8500,-0.265626,0.247052,-3.610240,0.000083,0.000688,-0.155280,-0.208038,-0.579954,-2.761072,0.000190,0.000540,-0.155338
131.9000,-0.265626,0.247052,-3.610240,0.000083,0.000688,-0.155280,-0.204842,-0.590703,-2.761274,0.000263,0.000658,-0.155375
131.9500,-0.265626,0.247052,-3.610240,0.000083,0.000688,-0.155280,-0.200049,-0.606828,-2.761072,0.000122,0.000590,-0.155195
132.0000,-0.265626,0.247052,-3.610240,0.000083,0.000688,-0.155280,-0.196854,-0.617578,-2.761274,0.000307,0.000839,-0.155295
132.0500,-0.265626,0.247052,-3.610240,0.000083,0.000688,-0.155280,-0.192061,-0.633705,-2.761073,-0.000097,0.000656,-0.155314
132.1020,-0.265626,0.247052,-3.610240,0.000083,0.000688,-0.155280,-0.188865,-0.644454,-2.761273,0.000098,0.000765,-0.155326
132.1500,-0.265626,0.247052,-3.610240,0.000083,0.000688,-0.155280,-0.184071,-0.660578,-2.761073,0.000034,0.000633,-0.155151
132.2000,-0.265626,0.247052,-3.610240,0.000083,0.000688,-0.155280,-0.180875,-0.671328,-2.761274,0.000030,0.000629,-0.155315
132.2520,-0.265626,0.247052,-3.610240,0.000083,0.000688,-0.155280,-0.176082,-0.687451,-2.761073,0.000041,0.000754,-0.155225
132.3000,-0.265626,0.247052,-3.610240,0.000083,0.000688,-0.155281,-0.172885,-0.698200,-2.761274,0.000035,0.000603,-0.155278
132.3500,-0.265626,0.247052,-3.610240,0.000083,0.000688,-0.155281,-0.168092,-0.714323,-2.761073,0.000043,0.000706,-0.155165
132.4000,-0.265626,0.247052,-3.610240,0.000083,0.000688,-0.155281,-0.164896,-0.725071,-2.761275,0.000082,0.000827,-0.155375
132.4520,-0.265626,0.247052,-3.610240,0.000083,0.000688,-0.155281,-0.083862,0.077568,-2.761068,0.000160,0.000685,-0.155196
132.5000,-0.265626,0.247052,-3.610240,0.000083,0.000688,-0.155281,-0.078400,0.091151,-2.761270,0.000076,0.000740,-0.155249
132.5500,-0.265626,0.247052,-3.610240,0.000083,0.000688,-0.155281,-0.070205,0.111527,-2.761069,0.000117,0.000713,-0.155182
132.6000,-0.265626,0.247052,-3.610240,0.000083,0.000688,-0.155281,-0.064743,0.125111,-2.761272,-0.000086,0.000595,-0.155399
132.6500,-0.265626,0.247052,-3.610240,0.000083,0.000688,-0.155281,-0.056549,0.145488,-2.761072,0.000017,0.000643,-0.155425
132.7000,-0.265626,0.247052,-3.610240,0.000083,0.000688,-0.155281,-0.051086,0.159075,-2.761275,-0.000002,0.000731,-0.155443
132.7500,-0.265626,0.247052,-3.610240,0.000083,0.000688,-0.155281,-0.042891,0.179455,-2.761073,0.000181,0.000628,-0.155387
132.8000,-0.265626,0.247052,-3.610240,0.000083,0.000688,-0.155281,-0.037429,0.193042,-2.761275,0.000032,0.000712,-0.155203
132.8500,-0.265626,0.247052,-3.610240,0.000083,0.000688,-0.155282,-0.029236,0.213423,-2.761075,-0.000040,0.000806,-0.155052
132.9000,-0.265626,0.247052,-3.610240,0.000083,0.000688,-0.155282,-0.023775,0.227012,-2.761277,0.000075,0.000718,-0.155175
132.9500,-0.265626,0.247052,-3.610240,0.000083,0.000688,-0.155282,-0.015583,0.247394,-2.761074,0.000116,0.000653,-0.155232
133.0000,-0.265626,0.247052,-3.610240,0.000083,0.000688,-0.155282,-0.010122,0.260980,-2.761274,0.000168,0.000844,-0.155291
133.0500,-0.265626,0.247052,-3.610240,0.000083,0.000688,-0.155282,-0.001930,0.281358,-2.761074,0.000126,0.000664,-0.155493
133.1000,-0.265626,0.247052,-3.610240,0.000083,0.000688,-0.155282,0.003535,0.294942,-2.761277,0.000209,0.000798,-0.155227
133.1500,-0.265626,0.247052,-3.610240,0.000083,0.000688,-0.155282,0.011730,0.315318,-2.761073,-0.000035,0.000664,-0.155202
133.2000,-0.265626,0.247052,-3.610240,0.000083,0.000688,-0.155282,0.017195,0.328901,-2.761276,0.000057,0.000621,-0.155205
133.2500,-0.265626,0.247052,-3.610240,0.000083,0.000688,-0.155282,0.025388,0.349276,-2.761075,0.000117,0.000568,-0.155175
133.3000,-0.265626,0.247052,-3.610240,0.000083,0.000688,-0.155282,0.030850,0.362860,-2.761277,0.000084,0.000707,-0.155267
133.3500,-0.265626,0.247052,-3.610240,0.000083,0.000688,-0.155282,0.039041,0.383235,-2.761074,0.000057,0.000639,-0.155281
133.4000,-0.265626,0.247052,-3.610240,0.000083,0.000688,-0.155282,0.044502,0.396818,-2.761278,0.000061,0.000556,-0.155323
133.4500,-0.265626,0.247052,-3.610240,0.000083,0.000688,-0.155282,0.217207,-0.011917,-2.761088,0.000271,0.000685,-0.155025
133.5000,-0.265626,0.247053,-3.610240,0.000083,0.000688,-0.155283,0.227555,-0.011084,-2.761291,0.000158,0.000485,-0.155219
133.5500,-0.265626,0.247053,-3.610240,0.000083,0.000688,-0.155283,0.243074,-0.009837,-2.761087,0.000015,0.000734,-0.155369
133.6000,-0.265626,0.247053,-3.610240,0.000083,0.000688,-0.155283,0.253421,-0.009006,-2.761291,0.000043,0.000684,-0.155292
133.6500,-0.265626,0.247053,-3.610240,0.000083,0.000688,-0.155283,0.268941,-0.007757,-2.761087,-0.000165,0.000782,-0.155293
133.7000,-0.265626,0.247053,-3.610240,0.000083,0.000688,-0.155283,0.279289,-0.006923,-2.761291,0.000058,0.000719,-0.155218
133.7500,-0.265626,0.247053,-3.610240,0.000083,0.000688,-0.155283,0.294808,-0.005672,-2.761085,0.000046,0.000738,-0.155071
133.8000,-0.265626,0.247053,-3.610240,0.000083,0.000688,-0.155283,0.305153,-0.004838,-2.761290,-0.000038,0.000724,-0.155227
133.8500,-0.265626,0.247053,-3.610240,0.000083,0.000688,-0.155283,0.320673,-0.003588,-2.761087,0.000110,0.000663,-0.155305
133.9020,-0.265626,0.247053,-3.610240,0.000083,0.000688,-0.155283,0.331020,-0.002758,-2.761289,0.000044,0.000673,-0.155423
133.9500,-0.265626,0.247053,-3.610240,0.000083,0.000688,-0.155283,0.346539,-0.001511,-2.761086,0.000101,0.000692,-0.155307
134.0000,-0.265626,0.247053,-3.610240,0.000083,0.000688,-0.155283,0.356887,-0.000680,-2.761289,0.000281,0.000604,-0.155377
134.0500,-0.265626,0.247053,-3.610240,0.000083,0.000688,-0.155283,0.372405,0.000564,-2.761084,-0.000011,0.000643,-0.155215
134.1020,-0.265626,0.247053,-3.610240,0.000083,0.000688,-0.155283,0.382750,0.001394,-2.761287,0.000263,0.000744,-0.155330
134.1500,-0.265626,0.247053,-3.610240,0.000083,0.000688,-0.155283,0.398267,0.002640,-2.761084,0.000096,0.000745,-0.155186
134.2000,-0.265626,0.247053,-3.610240,0.000083,0.000688,-0.155284,0.408613,0.003470,-2.761287,0.000014,0.000579,-0.155290
134.2500,-0.265626,0.247053,-3.610240,0.000083,0.000688,-0.155284,0.424130,0.004716,-2.761083,0.000018,0.000565,-0.155216
134.3000,-0.265626,0.247053,-3.610240,0.000083,0.000688,-0.155284,0.434475,0.005549,-2.761285,0.000013,0.000627,-0.155429
134.3500,-0.265626,0.247053,-3.610240,0.000083,0.000688,-0.155284,0.449991,0.006797,-2.761082,0.000138,0.000622,-0.155279
134.4000,-0.265626,0.247053,-3.610240,0.000083,0.000688,-0.155284,0.460335,0.007628,-2.761284,0.000040,0.000552,-0.155203
134.4500,-0.265626,0.247053,-3.610240,0.000083,0.000688,-0.155284,-0.332430,0.089479,-2.761046,0.000128,0.000643,-0.155411
134.5000,-0.265626,0.247053,-3.610240,0.000083,0.000688,-0.155284,-0.346108,0.092705,-2.761246,0.000055,0.000569,-0.155357
134.5500,-0.265626,0.247053,-3.610240,0.000083,0.000688,-0.155284,-0.366627,0.097542,-2.761047,0.000151,0.000857,-0.155344
134.6000,-0.265626,0.247053,-3.610240,0.000083,0.000688,-0.155284,-0.380304,0.100766,-2.761244,0.000094,0.000680,-0.155203
134.6500,-0.265626,0.247053,-3.610240,0.000083,0.000688,-0.155284,-0.400815,0.105604,-2.761046,0.000151,0.000900,-0.155227
134.7000,-0.265626,0.247053,-3.610240,0.000083,0.000688,-0.155284,-0.414487,0.108827,-2.761245,0.000145,0.000668,-0.155245
134.7500,-0.265626,0.247053,-3.610240,0.000083,0.000688,-0.155284,-0.434994,0.113661,-2.761048,-0.000047,0.000565,-0.155316
134.8000,-0.265626,0.247053,-3.610240,0.000083,0.000688,-0.155284,-0.448667,0.116882,-2.761250,0.000078,0.000519,-0.155234
134.8500,-0.265626,0.247053,-3.610240,0.000083,0.000688,-0.155284,-0.469179,0.121713,-2.761054,0.000045,0.000703,-0.155203
134.9000,-0.265626,0.247053,-3.610240,0.000083,0.000688,-0.155284,-0.482854,0.124933,-2.761255,0.000120,0.000630,-0.155382
134.9520,-0.265626,0.247053,-3.610240,0.000083,0.000688,-0.155284,-0.503368,0.129766,-2.761059,0.000099,0.000857,-0.155331
135.0000,-0.265626,0.247053,-3.610240,0.000083,0.000688,-0.155285,-0.517044,0.132988,-2.761259,-0.000040,0.000890,-0.155230
135.0500,-0.265626,0.247053,-3.610240,0.000083,0.000688,-0.155285,-0.537555,0.137821,-2.761059,0.000029,0.000700,-0.155372
135.1000,-0.265626,0.247053,-3.610240,0.000083,0.000688,-0.155285,-0.551229,0.141041,-2.761261,0.000166,0.000838,-0.155384
135.1500,-0.265626,0.247053,-3.610240,0.000083,0.000688,-0.155285,-0.571737,0.145872,-2.761060,0.000012,0.000585,-0.155339
135.2000,-0.265626,0.247053,-3.610240,0.000083,0.000688,-0.155285,-0.585408,0.149091,-2.761263,-0.000009,0.000881,-0.155296
135.2500,-0.265626,0.247053,-3.610240,0.000083,0.000688,-0.155285,-0.605915,0.153922,-2.761064,0.000053,0.000518,-0.155276
135.3000,-0.265626,0.247053,-3.610240,0.000083,0.000688,-0.155285,-0.619587,0.157143,-2.761267,0.000172,0.000711,-0.155110
135.3500,-0.265626,0.247053,-3.610240,0.000083,0.000688,-0.155285,-0.640096,0.161971,-2.761068,0.000148,0.000676,-0.155331
135.4000,-0.265626,0.247053,-3.610240,0.000083,0.000688,-0.155285,-0.653769,0.165190,-2.761271,0.000125,0.000699,-0.155272
135.4500,-0.265626,0.247053,-3.610240,0.000083,0.000688,-0.155285,-0.656749,1.055018,-2.761059,0.000089,0.000638,-0.155282
135.5000,-0.265626,0.247053,-3.610240,0.000083,0.000688,-0.155285,-0.669900,1.084537,-2.761258,0.000029,0.000694,-0.155270
135.5500,-0.265626,0.247053,-3.610240,0.000083,0.000688,-0.155285,-0.689625,1.128814,-2.761058,0.000054,0.000629,-0.155177
135.6000,-0.265626,0.247053,-3.610240,0.000083,0.000688,-0.155285,-0.702776,1.158330,-2.761261,0.000048,0.000436,-0.155362
135.6500,-0.265626,0.247053,-3.610240,0.000083,0.000688,-0.155285,-0.722504,1.202605,-2.761066,0.000045,0.000624,-0.155308
135.7000,-0.265626,0.247053,-3.610240,0.000083,0.000688,-0.155285,-0.735653,1.232124,-2.761267,0.000088,0.000805,-0.155295
135.7500,-0.265626,0.247053,-3.610240,0.000083,0.000688,-0.155285,-0.755379,1.276400,-2.761069,0.000190,0.000615,-0.155376
135.8000,-0.265626,0.247053,-3.610240,0.000083,0.000688,-0.155285,-0.768528,1.305918,-2.761270,0.000161,0.000797,-0.155277
135.8500,-0.265626,0.247053,-3.610240,0.000083,0.000688,-0.155285,-0.788252,1.350194,-2.761070,0.000128,0.000714,-0.155264
135.9000,-0.265626,0.247053,-3.610240,0.000083,0.000688,-0.155285,-0.801400,1.379712,-2.761274,-0.000027,0.000485,-0.155348
135.9500,-0.265626,0.247053,-3.610240,0.000083,0.000688,-0.155285,-0.821123,1.423991,-2.761075,-0.000072,0.000822,-0.155339
136.0000,-0.265626,0.247053,-3.610240,0.000083,0.000688,-0.155286,-0.834269,1.453511,-2.761279,0.000127,0.000865,-0.155387
136.0500,-0.265626,0.247053,-3.610240,0.000083,0.000688,-0.155286,-0.853991,1.497790,-2.761077,0.000112,0.000641,-0.155074
136.1000,-0.265626,0.247053,-3.610240,0.000083,0.000688,-0.155286,-0.867137,1.527310,-2.761281,0.000110,0.000807,-0.155226
136.1500,-0.265626,0.247053,-3.610240,0.000083,0.000688,-0.155286,-0.886855,1.571592,-2.761080,0.000105,0.000631,-0.155442
136.2000,-0.265626,0.247053,-3.610240,0.000083,0.000688,-0.155286,-0.899998,1.601115,-2.761282,0.000279,0.000713,-0.155489
136.2500,-0.265626,0.247053,-3.610240,0.000083,0.000688,-0.155286,-0.919715,1.645396,-2.761078,0.000198,0.000784,-0.155241
136.3000,-0.265626,0.247053,-3.610240,0.000083,0.000688,-0.155286,-0.932861,1.674915,-2.761277,-0.000115,0.000858,-0.155221
136.3500,-0.265626,0.247053,-3.610240,0.000083,0.000688,-0.155286,-0.952574,1.719195,-2.761078,0.000086,0.000438,-0.155260
136.4000,-0.265626,0.247053,-3.610240,0.000083,0.000688,-0.155286,-0.965714,1.748716,-2.761283,-0.000042,0.000817,-0.155254
136.4500,-0.265626,0.247053,-3.610240,0.000083,0.000688,-0.155286,0.165234,-0.143527,-2.761151,-0.000148,0.000686,-0.155235
136.5000,-0.265626,0.247053,-3.610240,0.000083,0.000688,-0.155286,0.186315,-0.171593,-2.761359,-0.000067,0.000557,-0.155296
136.5500,-0.265626,0.247053,-3.610240,0.000083,0.000688,-0.155286,0.217936,-0.213690,-2.761142,0.000122,0.000694,-0.155314
136.6000,-0.265626,0.247053,-3.610240,0.000083,0.000688,-0.155286,0.239017,-0.241754,-2.761351,0.000084,0.000712,-0.155100
136.6500,-0.265626,0.247053,-3.610240,0.000083,0.000688,-0.155286,0.270642,-0.283848,-2.761137,0.000018,0.000567,-0.155392
136.7000,-0.265626,0.247053,-3.610240,0.000083,0.000688,-0.155286,0.291720,-0.311913,-2.761341,0.000184,0.000739,-0.155253
136.7500,-0.265626,0.247053,-3.610240,0.000083,0.000688,-0.155286,0.323339,-0.354009,-2.761128,0.000010,0.000711,-0.155363
136.8000,-0.265626,0.247053,-3.610240,0.000083,0.000688,-0.155286,0.344418,-0.382071,-2.761334,0.000114,0.000665,-0.155352
136.8500,-0.265626,0.247053,-3.610240,0.000083,0.000688,-0.155286,0.376035,-0.424166,-2.761125,0.000043,0.000681,-0.155154
136.9000,-0.265626,0.247053,-3.610240,0.000083,0.000688,-0.155286,0.397117,-0.452228,-2.761330,0.000118,0.000829,-0.155303
136.9500,-0.265626,0.247053,-3.610240,0.000083,0.000688,-0.155286,0.428731,-0.494329,-2.761122,0.000028,0.000740,-0.155147
137.0000,-0.265626,0.247053,-3.610240,0.000083,0.000688,-0.155286,0.449811,-0.522394,-2.761331,-0.000038,0.000758,-0.155067
137.0500,-0.265626,0.247053,-3.610240,0.000083,0.000688,-0.155286,0.481434,-0.564492,-2.761121,0.000183,0.000689,-0.155228
137.1000,-0.265626,0.247053,-3.610240,0.000083,0.000688,-0.155286,0.502517,-0.592559,-2.761326,0.000203,0.000657,-0.155258
137.1520,-0.265626,0.247053,-3.610240,0.000083,0.000688,-0.155286,0.534139,-0.634661,-2.761117,0.000217,0.000728,-0.155265
137.2000,-0.265626,0.247053,-3.610240,0.000083,0.000688,-0.155287,0.555218,-0.662734,-2.761323,0.000041,0.000609,-0.155316
137.2500,-0.265626,0.247053,-3.610240,0.000083,0.000688,-0.155287,0.586835,-0.704842,-2.761112,0.000006,0.000614,-0.155212
137.3000,-0.265626,0.247053,-3.610240,0.000083,0.000688,-0.155287,0.607915,-0.732914,-2.761314,0.000048,0.000730,-0.155328
137.3500,-0.265626,0.247053,-3.610240,0.000083,0.000688,-0.155287,0.639532,-0.775022,-2.761105,-0.000060,0.000612,-0.155368
137.4000,-0.265626,0.247053,-3.610240,0.000083,0.000688,-0.155287,0.660611,-0.803094,-2.761308,0.000270,0.000660,-0.155371
137.4500,-0.265626,0.247053,-3.610240,0.000083,0.000688,-0.155287,-0.088178,0.235493,-2.761046,0.000093,0.000813,-0.155100
137.5000,-0.265626,0.247053,-3.610240,0.000083,0.000688,-0.155287,-0.090306,0.239556,-2.761245,0.000227,0.000572,-0.155372
137.5500,-0.265626,0.247053,-3.610240,0.000083,0.000688,-0.155287,-0.093501,0.245648,-2.761046,0.000101,0.000660,-0.155338
137.6000,-0.265626,0.247053,-3.610240,0.000083,0.000688,-0.155287,-0.095631,0.249709,-2.761246,0.000079,0.000760,-0.155365
137.6500,-0.265626,0.247053,-3.610240,0.000083,0.000688,-0.155287,-0.098823,0.255803,-2.761047,0.000102,0.000386,-0.155450
137.7000,-0.265626,0.247053,-3.610240,0.000083,0.000688,-0.155287,-0.100952,0.259865,-2.761247,0.000102,0.000597,-0.155238
137.7500,-0.265626,0.247053,-3.610240,0.000083,0.000688,-0.155287,-0.104148,0.265959,-2.761049,-0.000051,0.000777,-0.155296
137.8000,-0.265626,0.247053,-3.610240,0.000083,0.000688,-0.155287,-0.106279,0.270022,-2.761250,0.000078,0.000569,-0.155284
137.8500,-0.265626,0.247053,-3.610240,0.000083,0.000688,-0.155287,-0.109478,0.276119,-2.761052,0.000004,0.000647,-0.155362
137.9000,-0.265626,0.247053,-3.610240,0.000083,0.000688,-0.155287,-0.111612,0.280185,-2.761254,0.000095,0.000708,-0.155333
137.9520,-0.265626,0.247053,-3.610240,0.000083,0.000688,-0.155287,-0.114818,0.286285,-2.761055,-0.000035,0.000664,-0.155200
138.0000,-0.265626,0.247053,-3.610240,0.000083,0.000688,-0.155287,-0.116954,0.290353,-2.761256,0.000136,0.000819,-0.155218
138.0500,-0.265626,0.247053,-3.610240,0.000083,0.000688,-0.155287,-0.120159,0.296454,-2.761057,0.000139,0.000777,-0.155306
138.1000,-0.265626,0.247053,-3.610240,0.000083,0.000688,-0.155287,-0.122295,0.300520,-2.761258,0.000050,0.000641,-0.155290
138.1500,-0.265626,0.247053,-3.610240,0.000083,0.000688,-0.155287,-0.125500,0.306622,-2.761060,0.000056,0.000552,-0.155443
138.2000,-0.265626,0.247053,-3.610240,0.000083,0.000688,-0.155287,-0.127636,0.310690,-2.761262,-0.000009,0.000593,-0.155304
138.2500,-0.265626,0.247053,-3.610240,0.000083,0.000688,-0.155287,-0.130841,0.316795,-2.761062,0.000169,0.000573,-0.155414
138.3000,-0.265626,0.247053,-3.610240,0.000083,0.000688,-0.155287,-0.132978,0.320863,-2.761264,0.000077,0.000671,-0.155121
138.3500,-0.265626,0.247053,-3.610240,0.000083,0.000688,-0.155287,-0.136186,0.326965,-2.761064,0.000202,0.000650,-0.155161
138.4000,-0.265626,0.247053,-3.610240,0.000083,0.000688,-0.155287,-0.138324,0.331031,-2.761266,0.000059,0.000518,-0.155191
138.4500,-0.265626,0.247053,-3.610240,0.000083,0.000688,-0.155287,0.069073,-0.014860,-2.761079,0.000104,0.000778,-0.155341
138.5000,-0.265626,0.247053,-3.610240,0.000083,0.000688,-0.155287,0.073193,-0.021255,-2.761283,0.000040,0.000676,-0.155277
138.5500,-0.265626,0.247053,-3.610240,0.000083,0.000688,-0.155287,0.079375,-0.030849,-2.761082,-0.000010,0.000734,-0.155453
138.6000,-0.265626,0.247053,-3.610240,0.000083,0.000688,-0.155287,0.083497,-0.037244,-2.761285,0.000340,0.000610,-0.155111
138.6500,-0.265626,0.247053,-3.610240,0.000083,0.000688,-0.155287,0.089681,-0.046839,-2.761083,-0.000089,0.000613,-0.155313
138.7000,-0.265626,0.247053,-3.610240,0.000083,0.000688,-0.155287,0.093803,-0.053234,-2.761285,0.000062,0.000630,-0.155267
138.7500,-0.265626,0.247053,-3.610240,0.000083,0.000688,-0.155287,0.099987,-0.062825,-2.761083,0.000157,0.000719,-0.155210
138.8000,-0.265626,0.247053,-3.610240,0.000083,0.000688,-0.155287,0.104108,-0.069222,-2.761286,0.000068,0.000618,-0.155162
138.8500,-0.265626,0.247053,-3.610240,0.000083,0.000688,-0.155288,0.110290,-0.078815,-2.761083,0.000208,0.000815,-0.155345
138.9000,-0.265626,0.247053,-3.610240,0.000083,0.000688,-0.155288,0.114410,-0.085211,-2.761286,-0.000020,0.000779,-0.155328
138.9500,-0.265626,0.247053,-3.610240,0.000083,0.000688,-0.155288,0.120592,-0.094806,-2.761084,0.000153,0.000627,-0.155347
139.0000,-0.265627,0.247053,-3.610240,0.000083,0.000688,-0.155288,0.124711,-0.101205,-2.761287,0.000068,0.000721,-0.155286
139.0500,-0.265627,0.247053,-3.610240,0.000083,0.000688,-0.155288,0.130891,-0.110804,-2.761084,0.000168,0.000626,-0.155244
139.1000,-0.265627,0.247053,-3.610240,0.000083,0.000688,-0.155288,0.135013,-0.117204,-2.761287,-0.000127,0.000634,-0.155357
139.1500,-0.265627,0.247053,-3.610240,0.000083,0.000688,-0.155288,0.141190,-0.126803,-2.761083,0.000189,0.000751,-0.155147
139.2000,-0.265627,0.247053,-3.610240,0.000083,0.000688,-0.155288,0.145308,-0.133203,-2.761286,0.000049,0.000663,-0.155417
139.2500,-0.265627,0.247053,-3.610240,0.000083,0.000688,-0.155288,0.151485,-0.142803,-2.761083,-0.000075,0.000736,-0.155226
139.3000,-0.265627,0.247053,-3.610240,0.000083,0.000688,-0.155288,0.155605,-0.149201,-2.761285,0.000137,0.000496,-0.155305
139.3500,-0.265627,0.247053,-3.610240,0.000083,0.000688,-0.155288,0.161779,-0.158796,-2.761081,0.000041,0.000690,-0.155307
139.4000,-0.265627,0.247053,-3.610240,0.000083,0.000688,-0.155288,0.165895,-0.165192,-2.761283,-0.000148,0.000877,-0.155221
139.4500,-0.265627,0.247053,-3.610240,0.000083,0.000688,-0.155288,0.347923,0.951487,-2.761080,0.000074,0.000641,-0.155276
139.5000,-0.265627,0.247053,-3.610240,0.000083,0.000688,-0.155288,0.357266,0.978563,-2.761283,-0.000032,0.000713,-0.155265
139.5500,-0.265627,0.247053,-3.610240,0.000083,0.000688,-0.155288,0.371281,1.019177,-2.761081,0.000071,0.000710,-0.155241
139.6000,-0.265627,0.247053,-3.610240,0.000083,0.000688,-0.155288,0.380624,1.046254,-2.761284,0.000088,0.000547,-0.155485
139.6500,-0.265627,0.247053,-3.610240,0.000083,0.000688,-0.155288,0.394639,1.086868,-2.761078,-0.000038,0.000585,-0.155040
139.7000,-0.265627,0.247053,-3.610240,0.000083,0.000688,-0.155288,0.403979,1.113944,-2.761280,-0.000024,0.000804,-0.155301
139.7520,-0.265627,0.247053,-3.610240,0.000083,0.000688,-0.155288,0.417993,1.154558,-2.761078,0.000144,0.000752,-0.155277
