t,gt_x,gt_y,gt_z,gt_roll,gt_pitch,gt_yaw,est_x,est_y,est_z,est_roll,est_pitch,est_yaw
0.0000,-0.006447,-0.002272,-2.797691,0.000037,0.000754,-0.001333,0.415112,0.045539,-2.158019,-0.000113,0.000724,-0.001337
0.0000,-0.006447,-0.002272,-2.797691,0.000037,0.000754,-0.001333,0.415112,0.045539,-2.158019,-0.000113,0.000724,-0.001337
0.0500,-0.006448,-0.002272,-2.797559,0.000036,0.000755,-0.001333,0.426757,0.048203,-2.118403,0.000105,0.000708,-0.001287
0.1020,-0.006448,-0.002272,-2.797428,0.000035,0.000757,-0.001333,0.434582,0.049980,-2.122965,-0.000150,0.000881,-0.001383
0.1500,-0.006449,-0.002272,-2.797299,0.000034,0.000758,-0.001333,0.446227,0.052645,-2.088260,0.000011,0.000789,-0.001329
0.2000,-0.006449,-0.002272,-2.797170,0.000034,0.000760,-0.001333,0.454048,0.054422,-2.090747,-0.000039,0.000818,-0.001367
0.2500,-0.006450,-0.002271,-2.797044,0.000033,0.000761,-0.001333,0.465691,0.057087,-2.060845,-0.000193,0.000851,-0.001361
0.3000,-0.006450,-0.002271,-2.796918,0.000032,0.000762,-0.001333,0.473508,0.058867,-2.061658,0.000276,0.000770,-0.001374
0.3500,-0.006451,-0.002271,-2.796794,0.000032,0.000763,-0.001333,0.485157,0.061532,-2.036331,0.000047,0.000775,-0.001351
0.4000,-0.006451,-0.002271,-2.796671,0.000031,0.000764,-0.001333,0.492973,0.063311,-2.035828,-0.000065,0.000788,-0.001284
0.4520,-0.006452,-0.002271,-2.796549,0.000031,0.000765,-0.001333,0.357086,0.055586,-2.014757,-0.000096,0.000648,-0.001355
0.5000,-0.006452,-0.002271,-2.796428,0.000030,0.000766,-0.001333,0.360539,0.057059,-2.013251,0.000053,0.000754,-0.001357
0.5500,-0.006453,-0.002271,-2.796309,0.000030,0.000767,-0.001333,0.365705,0.059268,-1.996091,0.000103,0.000688,-0.001290
0.6000,-0.006454,-0.002271,-2.796191,0.000029,0.000768,-0.001333,0.369155,0.060741,-1.993859,0.000014,0.000747,-0.001339
0.6500,-0.006454,-0.002270,-2.796074,0.000029,0.000769,-0.001333,0.374319,0.062953,-1.980202,0.000012,0.000691,-0.001356
0.7000,-0.006455,-0.002270,-2.795958,0.000028,0.000769,-0.001333,0.377766,0.064428,-1.977476,0.000086,0.000785,-0.001181
0.7500,-0.006455,-0.002270,-2.795844,0.000028,0.000770,-0.001333,0.382928,0.066640,-1.966913,-0.000087,0.000670,-0.001389
0.8000,-0.006456,-0.002270,-2.795731,0.000028,0.000771,-0.001333,0.386374,0.068117,-1.963887,0.000057,0.000636,-0.001304
0.8500,-0.006456,-0.002270,-2.795618,0.000027,0.000772,-0.001333,0.391539,0.070331,-1.956010,0.000151,0.000847,-0.001394
0.9000,-0.006457,-0.002270,-2.795507,0.000027,0.000772,-0.001333,0.394986,0.071805,-1.952843,-0.000154,0.000720,-0.001376
0.9500,-0.006457,-0.002270,-2.795397,0.000027,0.000773,-0.001333,0.400154,0.074021,-1.947261,-0.000013,0.000579,-0.001427
1.0000,-0.006458,-0.002270,-2.795288,0.000026,0.000773,-0.001333,0.403598,0.075500,-1.944078,-0.000036,0.000758,-0.001410
1.0500,-0.006458,-0.002270,-2.795181,0.000026,0.000774,-0.001333,0.408768,0.077719,-1.940421,-0.000000,0.000730,-0.001449
1.1000,-0.006459,-0.002270,-2.795074,0.000026,0.000775,-0.001333,0.412213,0.079198,-1.937322,0.000150,0.000837,-0.001237
1.1520,-0.006459,-0.002269,-2.794969,0.000026,0.000775,-0.001333,0.417386,0.081416,-1.935249,-0.000092,0.000811,-0.001420
1.2000,-0.006460,-0.002269,-2.794864,0.000025,0.000776,-0.001333,0.420831,0.082895,-1.932308,0.000203,0.000793,-0.001576
1.2500,-0.006460,-0.002269,-2.794761,0.000025,0.000776,-0.001333,0.426006,0.085110,-1.931508,-0.000099,0.000751,-0.001322
1.3000,-0.006461,-0.002269,-2.794658,0.000025,0.000777,-0.001333,0.429449,0.086587,-1.928777,0.000088,0.000942,-0.001326
1.3500,-0.006461,-0.002269,-2.794557,0.000025,0.000777,-0.001333,0.434626,0.088799,-1.928977,0.000107,0.000788,-0.001306
1.4020,-0.006462,-0.002269,-2.794457,0.000025,0.000777,-0.001333,0.438072,0.090273,-1.926491,-0.000183,0.000768,-0.001257
1.4500,-0.006462,-0.002269,-2.794357,0.000025,0.000778,-0.001333,-0.198349,-0.064548,-1.927414,0.000101,0.000869,-0.001334
1.5000,-0.006463,-0.002269,-2.794259,0.000024,0.000778,-0.001333,-0.214084,-0.067769,-1.925188,-0.000029,0.000764,-0.001374
1.5500,-0.006463,-0.002269,-2.794162,0.000024,0.000779,-0.001333,-0.237682,-0.072596,-1.926699,-0.000042,0.000755,-0.001357
1.6000,-0.006464,-0.002269,-2.794065,0.000024,0.000779,-0.001333,-0.253416,-0.075814,-1.924745,-0.000080,0.000832,-0.001439
1.6500,-0.006464,-0.002269,-2.793970,0.000024,0.000779,-0.001333,-0.277010,-0.080639,-1.926631,-0.000026,0.000747,-0.001330
1.7000,-0.006464,-0.002269,-2.793876,0.000024,0.000780,-0.001333,-0.292743,-0.083856,-1.924949,0.000062,0.000874,-0.001276
1.7500,-0.006465,-0.002269,-2.793782,0.000024,0.000780,-0.001333,-0.316338,-0.088681,-1.927057,0.000147,0.000951,-0.001478
1.8000,-0.006465,-0.002268,-2.793690,0.000024,0.000781,-0.001333,-0.332069,-0.091897,-1.925635,-0.000036,0.000977,-0.001267
1.8500,-0.006466,-0.002268,-2.793598,0.000024,0.000781,-0.001333,-0.355654,-0.096722,-1.927847,-0.000156,0.000574,-0.001521
1.9000,-0.006466,-0.002268,-2.793508,0.000024,0.000781,-0.001333,-0.371383,-0.099934,-1.926674,0.000050,0.000835,-0.001300
1.9500,-0.006467,-0.002268,-2.793418,0.000024,0.000782,-0.001333,-0.394969,-0.104755,-1.928897,0.000144,0.000937,-0.001265
2.0020,-0.006467,-0.002268,-2.793329,0.000023,0.000782,-0.001333,-0.410696,-0.107969,-1.927950,-0.000149,0.000762,-0.001530
2.0500,-0.006468,-0.002268,-2.793242,0.000023,0.000782,-0.001333,-0.434279,-0.112789,-1.930107,-0.000016,0.000743,-0.001232
2.1000,-0.006468,-0.002268,-2.793155,0.000023,0.000782,-0.001333,-0.450005,-0.116002,-1.929371,0.000058,0.000929,-0.001198
2.1500,-0.006468,-0.002268,-2.793069,0.000023,0.000783,-0.001333,-0.473587,-0.120824,-1.931407,0.000177,0.000827,-0.001440
2.2000,-0.006469,-0.002268,-2.792983,0.000023,0.000783,-0.001333,-0.489313,-0.124037,-1.930855,0.000179,0.000795,-0.001394
2.2500,-0.006469,-0.002268,-2.792899,0.000023,0.000783,-0.001333,-0.512896,-0.128865,-1.932732,0.000031,0.000744,-0.001420
2.3000,-0.006470,-0.002268,-2.792816,0.000023,0.000784,-0.001333,-0.528622,-0.132082,-1.932345,0.000129,0.000619,-0.001356
2.3500,-0.006470,-0.002268,-2.792733,0.000023,0.000784,-0.001333,-0.552209,-0.136911,-1.934035,0.000072,0.000745,-0.001329
2.4000,-0.006471,-0.002268,-2.792651,0.000023,0.000784,-0.001333,-0.567936,-0.140131,-1.933788,0.000151,0.000753,-0.001347
2.4500,-0.006471,-0.002268,-2.792570,0.000023,0.000784,-0.001333,-0.054862,0.027121,-2.750217,0.000058,0.000707,-0.001439
2.5000,-0.006471,-0.002268,-2.792490,0.000023,0.000785,-0.001333,-0.054486,0.028979,-2.789282,-0.000060,0.000758,-0.001470
2.5500,-0.006472,-0.002268,-2.792411,0.000023,0.000785,-0.001333,-0.053905,0.031913,-2.831889,0.000102,0.000971,-0.001206
2.6000,-0.006472,-0.002268,-2.792332,0.000023,0.000785,-0.001333,-0.053520,0.033869,-2.870721,0.000056,0.000644,-0.001366
2.6500,-0.006473,-0.002268,-2.792255,0.000023,0.000785,-0.001333,-0.052998,0.036807,-2.890409,0.000215,0.000823,-0.001319
2.7000,-0.006473,-0.002268,-2.792178,0.000023,0.000786,-0.001333,-0.052623,0.038765,-2.924566,0.000138,0.000796,-0.001314
2.7500,-0.006473,-0.002267,-2.792102,0.000023,0.000786,-0.001333,-0.052197,0.041711,-2.907488,-0.000017,0.000729,-0.001273
2.8000,-0.006474,-0.002267,-2.792026,0.000023,0.000786,-0.001333,-0.051838,0.043665,-2.934387,0.000041,0.000837,-0.001466
2.8500,-0.006474,-0.002267,-2.791952,0.000023,0.000786,-0.001333,-0.051540,0.046609,-2.872455,0.000057,0.000824,-0.001187
2.9000,-0.006475,-0.002267,-2.791878,0.000023,0.000787,-0.001333,-0.051211,0.048566,-2.889961,-0.000026,0.000998,-0.001383
2.9500,-0.006475,-0.002267,-2.791805,0.000023,0.000787,-0.001333,-0.051041,0.051524,-2.786371,-0.000110,0.000760,-0.001417
3.0000,-0.006475,-0.002267,-2.791732,0.000023,0.000787,-0.001333,-0.050740,0.053482,-2.793437,0.000133,0.000829,-0.001504
3.0500,-0.006476,-0.002267,-2.791661,0.000023,0.000787,-0.001333,-0.050658,0.056435,-2.662492,0.000070,0.000792,-0.001320
3.1000,-0.006476,-0.002267,-2.791590,0.000023,0.000787,-0.001333,-0.050388,0.058395,-2.659410,0.000015,0.000666,-0.001311
3.1500,-0.006476,-0.002267,-2.791520,0.000023,0.000788,-0.001333,-0.050346,0.061343,-2.520187,-0.000076,0.000897,-0.001421
3.2000,-0.006477,-0.002267,-2.791450,0.000023,0.000788,-0.001333,-0.050101,0.063305,-2.508343,-0.000151,0.000883,-0.001330
3.2500,-0.006477,-0.002267,-2.791381,0.000023,0.000788,-0.001333,-0.050051,0.066247,-2.377323,-0.000017,0.000807,-0.001265
3.3020,-0.006478,-0.002267,-2.791313,0.000023,0.000788,-0.001333,-0.049828,0.068212,-2.358672,-0.000072,0.000760,-0.001174
3.3500,-0.006478,-0.002267,-2.791246,0.000023,0.000788,-0.001333,-0.049729,0.071150,-2.245993,0.000084,0.001060,-0.001331
3.4000,-0.006478,-0.002267,-2.791179,0.000023,0.000789,-0.001333,-0.049516,0.073113,-2.222568,-0.000082,0.000945,-0.001364
3.4500,-0.006479,-0.002267,-2.791113,0.000023,0.000789,-0.001333,-0.116839,-0.257915,-2.132217,0.000004,0.000952,-0.001289
3.5000,-0.006479,-0.002267,-2.791048,0.000023,0.000789,-0.001333,-0.119794,-0.271575,-2.105836,-0.000024,0.000612,-0.001340
3.5500,-0.006479,-0.002267,-2.790983,0.000023,0.000789,-0.001333,-0.124264,-0.292069,-2.037702,-0.000014,0.000899,-0.001219
3.6000,-0.006480,-0.002267,-2.790919,0.000023,0.000789,-0.001333,-0.127220,-0.305730,-2.009860,0.000068,0.000690,-0.001285
3.6520,-0.006480,-0.002267,-2.790856,0.000023,0.000790,-0.001333,-0.131666,-0.326227,-1.961685,0.000044,0.000691,-0.001512
3.7020,-0.006480,-0.002267,-2.790793,0.000022,0.000790,-0.001333,-0.134630,-0.339890,-1.933543,-0.000099,0.000742,-0.001240
3.7500,-0.006481,-0.002267,-2.790731,0.000022,0.000790,-0.001333,-0.139058,-0.360384,-1.902324,0.000018,0.000983,-0.001237
3.8000,-0.006481,-0.002267,-2.790670,0.000022,0.000790,-0.001333,-0.142013,-0.374045,-1.874758,0.000005,0.001041,-0.001468
3.8500,-0.006481,-0.002267,-2.790609,0.000022,0.000790,-0.001333,-0.146410,-0.394542,-1.857463,-0.000011,0.000793,-0.001315
3.9000,-0.006482,-0.002267,-2.790549,0.000022,0.000791,-0.001333,-0.149365,-0.408208,-1.831120,-0.000159,0.000792,-0.001322
3.9520,-0.006482,-0.002267,-2.790489,0.000022,0.000791,-0.001333,-0.153744,-0.428707,-1.824990,0.000032,0.000835,-0.001052
4.0000,-0.006475,-0.002264,-2.790620,0.000022,0.000754,-0.001331,-0.156691,-0.442373,-1.800359,0.000067,0.000946,-0.001240
4.0500,-0.006419,-0.002248,-2.791787,0.000012,0.000500,-0.001319,-0.160997,-0.462863,-1.804132,0.000045,0.000363,-0.001196
4.1000,-0.006288,-0.002214,-2.794559,-0.000046,-0.000045,-0.001290,-0.163865,-0.476506,-1.783265,0.000100,0.000143,-0.001258
4.1500,-0.006098,-0.002169,-2.799031,-0.000190,-0.000793,-0.001243,-0.168072,-0.496961,-1.798103,-0.000381,-0.000806,-0.001332
4.2000,-0.005883,-0.002121,-2.805056,-0.000412,-0.001629,-0.001183,-0.170874,-0.510584,-1.782109,-0.000329,-0.001525,-0.001194
4.2500,-0.005677,-0.002070,-2.812398,-0.000682,-0.002467,-0.001114,-0.175292,-0.530976,-1.806100,-0.000618,-0.002553,-0.001035
4.3000,-0.005501,-0.002019,-2.820819,-0.000970,-0.003262,-0.001042,-0.178140,-0.544594,-1.794484,-0.001018,-0.003096,-0.001073
4.3500,-0.005363,-0.001970,-2.830106,-0.001255,-0.003992,-0.000972,-0.183067,-0.564870,-1.824843,-0.001270,-0.004070,-0.000952
4.4000,-0.005258,-0.001924,-2.840079,-0.001525,-0.004641,-0.000906,-0.186001,-0.578480,-1.816920,-0.001436,-0.004591,-0.000861
4.4500,-0.005180,-0.001884,-2.850590,-0.001767,-0.005199,-0.000848,0.316751,-0.210852,-1.851074,-0.001747,-0.005118,-0.000925
4.5000,-0.005117,-0.001850,-2.861523,-0.001974,-0.005666,-0.000799,0.328963,-0.212840,-1.846229,-0.001923,-0.005656,-0.000610
4.5500,-0.005062,-0.001825,-2.872786,-0.002143,-0.006044,-0.000759,0.346938,-0.215730,-1.882685,-0.002229,-0.005999,-0.000815
4.6000,-0.005009,-0.001808,-2.884305,-0.002272,-0.006338,-0.000725,0.359123,-0.217724,-1.880542,-0.002280,-0.006371,-0.000739
4.6500,-0.004954,-0.001797,-2.896025,-0.002362,-0.006556,-0.000698,-0.015608,0.087709,-2.812646,-0.002381,-0.006706,-0.000547
4.7000,-0.004897,-0.001793,-2.907901,-0.002415,-0.006705,-0.000680,-0.016746,0.096099,-2.857377,-0.002399,-0.006646,-0.000593
4.7500,-0.004835,-0.001794,-2.919899,-0.002433,-0.006792,-0.000667,-0.018290,0.108622,-2.893975,-0.002514,-0.006643,-0.000413
4.8000,-0.004768,-0.001803,-2.931992,-0.002419,-0.006827,-0.000658,-0.019361,0.116983,-2.936069,-0.002413,-0.006750,-0.000593
4.8500,-0.004697,-0.001817,-2.944159,-0.002378,-0.006815,-0.000652,-0.020391,0.129306,-2.948360,-0.002339,-0.006797,-0.000685
4.9000,-0.004621,-0.001836,-2.956385,-0.002312,-0.006764,-0.000648,-0.021339,0.137623,-2.985623,-0.002313,-0.006692,-0.000451
4.9500,-0.004543,-0.001860,-2.968657,-0.002225,-0.006680,-0.000646,-0.021567,0.149658,-2.964085,-0.002402,-0.006830,-0.000902
5.0020,-0.004462,-0.001888,-2.980964,-0.002121,-0.006568,-0.000646,-0.022346,0.157909,-2.994414,-0.002138,-0.006658,-0.000536
5.0500,-0.004380,-0.001918,-2.993300,-0.002003,-0.006435,-0.000647,-0.021593,0.169619,-2.936436,-0.001734,-0.006312,-0.000568
5.1000,-0.004298,-0.001949,-3.005659,-0.001873,-0.006284,-0.000649,-0.022170,0.177798,-2.958349,-0.001784,-0.006267,-0.000626
5.1500,-0.004216,-0.001982,-3.018035,-0.001735,-0.006119,-0.000652,-0.020582,0.189254,-2.870790,-0.001789,-0.006124,-0.000626
5.2000,-0.004135,-0.002016,-3.030425,-0.001591,-0.005943,-0.000656,-0.020941,0.197356,-2.883837,-0.001713,-0.005905,-0.000783
5.2500,-0.004056,-0.002049,-3.042827,-0.001443,-0.005760,-0.000661,-0.018884,0.208701,-2.780579,-0.001469,-0.005869,-0.000675
5.3000,-0.003978,-0.002083,-3.055238,-0.001294,-0.005572,-0.000666,-0.019040,0.216743,-2.785367,-0.001392,-0.005568,-0.000694
5.3500,-0.003902,-0.002115,-3.067657,-0.001145,-0.005381,-0.000672,-0.016918,0.228139,-2.681553,-0.001199,-0.005418,-0.000676
5.4000,-0.003828,-0.002146,-3.080081,-0.000997,-0.005189,-0.000679,-0.016911,0.236133,-2.679447,-0.000966,-0.005211,-0.000628
5.4520,-0.003757,-0.002176,-3.092510,-0.000852,-0.004997,-0.000686,0.409501,0.407887,-2.586063,-0.000588,-0.004998,-0.000755
5.5000,-0.003688,-0.002205,-3.104943,-0.000711,-0.004806,-0.000694,0.433532,0.424868,-2.578720,-0.000784,-0.004883,-0.000487
5.5500,-0.003621,-0.002232,-3.117380,-0.000575,-0.004618,-0.000702,0.470192,0.450228,-2.503306,-0.000615,-0.004585,-0.000760
5.6000,-0.003556,-0.002258,-3.129819,-0.000445,-0.004433,-0.000711,0.494270,0.467198,-2.492432,-0.000453,-0.004441,-0.000650
5.6500,-0.003495,-0.002281,-3.142261,-0.000320,-0.004252,-0.000720,0.530745,0.492619,-2.436213,-0.000412,-0.004111,-0.000609
5.7000,-0.003436,-0.002303,-3.154704,-0.000202,-0.004075,-0.000729,0.554851,0.509587,-2.423244,-0.000139,-0.004079,-0.000889
5.7500,-0.003380,-0.002322,-3.167149,-0.000091,-0.003902,-0.000738,0.591164,0.535037,-2.385360,0.000060,-0.003628,-0.000746
5.8020,-0.003326,-0.002340,-3.179596,0.000014,-0.003734,-0.000748,0.615286,0.552003,-2.371469,-0.000180,-0.003795,-0.000731
5.8500,-0.003275,-0.002356,-3.192044,0.000111,-0.003572,-0.000757,0.651477,0.577451,-2.349759,0.000177,-0.003752,-0.000829
5.9000,-0.003227,-0.002369,-3.204492,0.000202,-0.003414,-0.000766,0.675597,0.594419,-2.335850,0.000049,-0.003452,-0.000712
5.9500,-0.003181,-0.002381,-3.216942,0.000286,-0.003262,-0.000775,0.711703,0.619843,-2.327752,0.000296,-0.003353,-0.000765
6.0000,-0.003137,-0.002392,-3.229393,0.000363,-0.003115,-0.000784,0.735817,0.636813,-2.314515,0.000271,-0.003075,-0.000822
6.0520,-0.003096,-0.002400,-3.241844,0.000434,-0.002973,-0.000792,0.771897,0.662167,-2.317531,0.000369,-0.002971,-0.000897
6.1000,-0.003057,-0.002407,-3.254296,0.000498,-0.002837,-0.000801,0.796002,0.679135,-2.305464,0.000587,-0.002564,-0.000777
6.1520,-0.003021,-0.002412,-3.266748,0.000556,-0.002705,-0.000809,0.832108,0.704396,-2.317353,0.000756,-0.002677,-0.000871
6.2000,-0.002986,-0.002416,-3.279202,0.000608,-0.002579,-0.000817,0.856205,0.721355,-2.306806,0.000480,-0.002539,-0.000759
6.2500,-0.002954,-0.002419,-3.291655,0.000655,-0.002457,-0.000825,0.892367,0.746520,-2.325617,0.000776,-0.002506,-0.000825
6.3000,-0.002923,-0.002420,-3.304109,0.000697,-0.002340,-0.000832,0.916455,0.763470,-2.316820,0.000637,-0.002410,-0.000769
6.3500,-0.002894,-0.002421,-3.316564,0.000734,-0.002228,-0.000840,0.952693,0.788533,-2.340889,0.000676,-0.002234,-0.000815
6.4000,-0.002868,-0.002420,-3.329019,0.000766,-0.002121,-0.000847,0.976770,0.805475,-2.333976,0.000966,-0.002021,-0.001014
6.4520,-0.002843,-0.002418,-3.341475,0.000794,-0.002018,-0.000854,0.420865,-0.459229,-2.362120,0.000674,-0.002239,-0.000778
6.5000,-0.002819,-0.002415,-3.353930,0.000818,-0.001919,-0.000860,0.426510,-0.482412,-2.357164,0.000772,-0.002001,-0.001091
6.5500,-0.002798,-0.002411,-3.366387,0.000838,-0.001825,-0.000867,0.435006,-0.517279,-2.387679,0.000773,-0.001845,-0.000750
6.6000,-0.002778,-0.002407,-3.378843,0.000855,-0.001735,-0.000873,0.440638,-0.540462,-2.384652,0.000835,-0.001888,-0.000942
6.6500,-0.002759,-0.002402,-3.391300,0.000868,-0.001648,-0.000879,0.449112,-0.575337,-2.416800,0.000909,-0.001651,-0.000718
6.7000,-0.002742,-0.002396,-3.403758,0.000879,-0.001566,-0.000885,0.454733,-0.598521,-2.415644,0.000859,-0.001574,-0.000910
6.7500,-0.002726,-0.002390,-3.416216,0.000887,-0.001487,-0.000891,0.463190,-0.633403,-2.448581,0.000885,-0.001463,-0.000945
6.8000,-0.002711,-0.002383,-3.428674,0.000893,-0.001411,-0.000896,0.468798,-0.656590,-2.449198,0.001065,-0.001320,-0.000904
6.8500,-0.002698,-0.002376,-3.441132,0.000897,-0.001339,-0.000902,0.477241,-0.691480,-2.482244,0.001062,-0.001058,-0.000905
6.9000,-0.002686,-0.002369,-3.453591,0.000898,-0.001271,-0.000907,0.482843,-0.714670,-2.484511,0.000916,-0.001327,-0.000788
6.9500,-0.002675,-0.002361,-3.466051,0.000898,-0.001206,-0.000912,0.491277,-0.749569,-2.517122,0.000922,-0.001220,-0.000814
7.0000,-0.002665,-0.002353,-3.478510,0.000897,-0.001143,-0.000917,0.496867,-0.772766,-2.520888,0.000873,-0.001218,-0.000986
7.0500,-0.002656,-0.002345,-3.490970,0.000894,-0.001084,-0.000922,0.505290,-0.807668,-2.552652,0.000710,-0.001089,-0.000991
7.1000,-0.002648,-0.002336,-3.503430,0.000889,-0.001027,-0.000927,0.510872,-0.830869,-2.557761,0.000996,-0.001060,-0.000851
7.1500,-0.002641,-0.002328,-3.515891,0.000884,-0.000974,-0.000932,0.519291,-0.865769,-2.588382,0.000975,-0.000980,-0.000973
7.2000,-0.002635,-0.002319,-3.528352,0.000878,-0.000922,-0.000936,0.524872,-0.888974,-2.594683,0.000952,-0.000769,-0.001058
7.2500,-0.002629,-0.002310,-3.540813,0.000871,-0.000874,-0.000941,0.533291,-0.923874,-2.623953,0.000717,-0.000932,-0.000907
7.3020,-0.002624,-0.002301,-3.553275,0.000863,-0.000828,-0.000945,0.538871,-0.947082,-2.631280,0.000887,-0.000793,-0.000909
7.3500,-0.002621,-0.002292,-3.565736,0.000854,-0.000784,-0.000950,0.547294,-0.981971,-2.659086,0.000688,-0.000732,-0.001054
7.4020,-0.002617,-0.002283,-3.578199,0.000846,-0.000742,-0.000954,0.552868,-1.005181,-2.667292,0.000829,-0.000831,-0.000912
7.4520,-0.002615,-0.002275,-3.590661,0.000836,-0.000703,-0.000958,0.494136,-0.266609,-2.693512,0.000685,-0.000481,-0.000970
7.5000,-0.002613,-0.002266,-3.603124,0.000827,-0.000665,-0.000962,0.497737,-0.267073,-2.702448,0.000885,-0.000725,-0.000885
7.5520,-0.002612,-0.002257,-3.615587,0.000817,-0.000630,-0.000966,0.503147,-0.267780,-2.727253,0.000913,-0.000604,-0.001059
7.6000,-0.002611,-0.002248,-3.628051,0.000807,-0.000596,-0.000970,0.506744,-0.268247,-2.736792,0.000976,-0.000475,-0.000928
7.6500,-0.002611,-0.002240,-3.640515,0.000797,-0.000565,-0.000974,0.512146,-0.268962,-2.760146,0.000717,-0.000563,-0.000896
7.7000,-0.002611,-0.002231,-3.652979,0.000787,-0.000535,-0.000978,0.515743,-0.269432,-2.770169,0.000798,-0.000569,-0.000882
7.7500,-0.002612,-0.002222,-3.665443,0.000777,-0.000506,-0.000981,0.521140,-0.270145,-2.792152,0.000819,-0.000519,-0.000996
7.8000,-0.002613,-0.002214,-3.677908,0.000767,-0.000479,-0.000985,0.524737,-0.270617,-2.802552,0.000744,-0.000537,-0.000897
7.8500,-0.002614,-0.002206,-3.690373,0.000757,-0.000454,-0.000989,0.530132,-0.271334,-2.823268,0.000709,-0.000427,-0.000978
7.9000,-0.002616,-0.002198,-3.702838,0.000747,-0.000430,-0.000992,0.533726,-0.271808,-2.833953,0.000774,-0.000455,-0.000845
7.9500,-0.002619,-0.002189,-3.715304,0.000737,-0.000407,-0.000996,0.539120,-0.272525,-2.853518,0.000697,-0.000570,-0.001047
8.0000,-0.002627,-0.002183,-3.727629,0.000727,-0.000358,-0.001000,0.542713,-0.272999,-2.864387,0.000696,-0.000511,-0.000966
8.0500,-0.002670,-0.002190,-3.739189,0.000706,-0.000147,-0.001012,0.548068,-0.273727,-2.882120,0.000753,-0.000144,-0.001254
8.1000,-0.002781,-0.002225,-3.749313,0.000644,0.000340,-0.001033,0.551586,-0.274229,-2.891722,0.000778,0.000320,-0.000993
8.1500,-0.002953,-0.002291,-3.757770,0.000506,0.001061,-0.001055,0.556780,-0.275021,-2.904624,0.000608,0.000967,-0.001003
8.2000,-0.003157,-0.002384,-3.764644,0.000294,0.001903,-0.001069,0.560199,-0.275574,-2.911661,0.000265,0.001856,-0.000953
8.2520,-0.003362,-0.002485,-3.770145,0.000036,0.002774,-0.001072,0.565303,-0.276424,-2.919594,0.000033,0.002648,-0.001027
8.3020,-0.003544,-0.002582,-3.774509,-0.000237,0.003620,-0.001068,0.568718,-0.276991,-2.924485,-0.000231,0.003456,-0.001080
8.3500,-0.003693,-0.002665,-3.777957,-0.000504,0.004408,-0.001060,0.573844,-0.277832,-2.928789,-0.000569,0.004207,-0.001106
8.4020,-0.003805,-0.002728,-3.780674,-0.000751,0.005118,-0.001049,0.577304,-0.278377,-2.932195,-0.000718,0.005053,-0.001002
8.4500,-0.003886,-0.002774,-3.782813,-0.000970,0.005737,-0.001039,0.376079,-0.550095,-2.933983,-0.000897,0.005897,-0.000993
8.5000,-0.003943,-0.002803,-3.784494,-0.001157,0.006263,-0.001031,0.373406,-0.558719,-2.936352,-0.000981,0.006306,-0.001003
8.5500,-0.003981,-0.002819,-3.785815,-0.001307,0.006698,-0.001024,0.369398,-0.571644,-2.936774,-0.001219,0.006856,-0.000991
8.6000,-0.004007,-0.002825,-3.786853,-0.001421,0.007047,-0.001019,0.366752,-0.580250,-2.938471,-0.001361,0.007143,-0.001000
8.6500,-0.004025,-0.002825,-3.787667,-0.001503,0.007314,-0.001016,0.362761,-0.593159,-2.938029,-0.001485,0.007340,-0.000966
8.7000,-0.004037,-0.002822,-3.788308,-0.001553,0.007502,-0.001015,0.360127,-0.601758,-2.939267,-0.001439,0.007565,-0.001064
8.7500,-0.004045,-0.002816,-3.788814,-0.001576,0.007626,-0.001014,0.356134,-0.614666,-2.938377,-0.001609,0.007691,-0.000887
8.8000,-0.004052,-0.002809,-3.789206,-0.001575,0.007706,-0.001015,0.353505,-0.623264,-2.939297,-0.001484,0.007571,-0.000959
8.8500,-0.004056,-0.002802,-3.789501,-0.001554,0.007733,-0.001017,0.349506,-0.636175,-2.938194,-0.001517,0.007662,-0.001094
8.9000,-0.004061,-0.002797,-3.789719,-0.001517,0.007708,-0.001019,0.346874,-0.644777,-2.938871,-0.001551,0.007689,-0.001016
8.9500,-0.004064,-0.002792,-3.789876,-0.001472,0.007638,-0.001022,0.342869,-0.657695,-2.937722,-0.001500,0.007572,-0.001184
9.0000,-0.004066,-0.002788,-3.789988,-0.001422,0.007532,-0.001025,0.340235,-0.666299,-2.938227,-0.001464,0.007717,-0.001133
9.0500,-0.004067,-0.002785,-3.790064,-0.001369,0.007398,-0.001027,0.336229,-0.679221,-2.937152,-0.001201,0.007483,-0.000890
9.1000,-0.004069,-0.002783,-3.790112,-0.001314,0.007239,-0.001030,0.333597,-0.687828,-2.937539,-0.001356,0.007257,-0.001239
9.1500,-0.004069,-0.002781,-3.790138,-0.001261,0.007062,-0.001032,0.329598,-0.700751,-2.936601,-0.001264,0.007020,-0.000999
9.2000,-0.004070,-0.002779,-3.790148,-0.001208,0.006870,-0.001034,0.326968,-0.709359,-2.936905,-0.001030,0.006781,-0.001046
9.2500,-0.004071,-0.002778,-3.790144,-0.001158,0.006667,-0.001036,0.322975,-0.722281,-2.936135,-0.001143,0.006630,-0.000865
9.3000,-0.004071,-0.002777,-3.790129,-0.001110,0.006456,-0.001037,0.320343,-0.730890,-2.936385,-0.001232,0.006430,-0.000841
9.3500,-0.004071,-0.002776,-3.790106,-0.001065,0.006240,-0.001038,0.316356,-0.743811,-2.935781,-0.000885,0.006285,-0.001013
9.4020,-0.004072,-0.002775,-3.790077,-0.001023,0.006021,-0.001039,0.313723,-0.752418,-2.935998,-0.001041,0.005836,-0.001066
9.4500,-0.004072,-0.002774,-3.790042,-0.000984,0.005802,-0.001040,-0.509941,-0.441378,-2.935004,-0.000915,0.005853,-0.001096
9.5000,-0.004073,-0.002772,-3.790003,-0.000947,0.005583,-0.001041,-0.537102,-0.440291,-2.935181,-0.000917,0.005551,-0.001168
9.5520,-0.004074,-0.002771,-3.789961,-0.000913,0.005368,-0.001041,-0.577847,-0.438663,-2.934990,-0.000881,0.005401,-0.000988
9.6000,-0.004075,-0.002770,-3.789916,-0.000882,0.005156,-0.001042,-0.605008,-0.437581,-2.935177,-0.000892,0.005183,-0.001141
9.6500,-0.004075,-0.002768,-3.789870,-0.000852,0.004948,-0.001042,-0.074392,-0.070608,-3.732851,-0.000859,0.004886,-0.000968
9.7000,-0.004076,-0.002766,-3.789822,-0.000825,0.004746,-0.001043,-0.081557,-0.056919,-3.772698,-0.000768,0.004952,-0.001164
9.7500,-0.004077,-0.002764,-3.789772,-0.000799,0.004549,-0.001043,-0.092398,-0.036402,-3.799512,-0.000787,0.004676,-0.000909
9.8000,-0.004077,-0.002762,-3.789723,-0.000775,0.004359,-0.001044,-0.099591,-0.022723,-3.836308,-0.000856,0.004500,-0.000934
9.8500,-0.004078,-0.002759,-3.789672,-0.000752,0.004176,-0.001045,-0.110694,-0.002255,-3.836449,-0.000850,0.004282,-0.001141
9.9000,-0.004078,-0.002757,-3.789621,-0.000730,0.003999,-0.001046,-0.117936,0.011420,-3.867903,-0.000667,0.004179,-0.001083
9.9500,-0.004078,-0.002754,-3.789570,-0.000709,0.003830,-0.001046,-0.129425,0.031821,-3.831148,-0.000628,0.003799,-0.000800
10.0000,-0.003869,-0.002753,-3.789524,-0.000689,0.003559,-0.001053,-0.136724,0.045480,-3.855029,-0.000718,0.003647,-0.001099
10.0500,-0.001729,-0.002759,-3.789550,-0.000685,0.002991,-0.001109,-0.147064,0.065793,-3.778721,-0.000622,0.003079,-0.001012
10.1000,0.004008,-0.002775,-3.789677,-0.000710,0.002146,-0.001254,-0.150939,0.079419,-3.793577,-0.000749,0.002266,-0.001074
10.1500,0.013530,-0.002797,-3.789882,-0.000760,0.001173,-0.001479,-0.153016,0.099636,-3.685539,-0.000816,0.001137,-0.001476
10.2000,0.026049,-0.002822,-3.790116,-0.000827,0.000218,-0.001743,-0.151207,0.113231,-3.690900,-0.000877,0.000266,-0.001657
10.2500,0.040483,-0.002850,-3.790328,-0.000902,-0.000657,-0.001991,-0.146245,0.133367,-3.565991,-0.001175,-0.000890,-0.001863
10.3000,0.055880,-0.002876,-3.790490,-0.000972,-0.001399,-0.002195,-0.141671,0.146943,-3.562370,-0.001052,-0.001241,-0.002180
10.3500,0.071560,-0.002903,-3.790594,-0.001032,-0.001988,-0.002363,-0.134008,0.167017,-3.436591,-0.001017,-0.001836,-0.002562
10.4000,0.087183,-0.002931,-3.790641,-0.001077,-0.002428,-0.002518,-0.129062,0.180571,-3.425404,-0.000846,-0.002385,-0.002437
10.4500,0.102702,-0.002961,-3.790642,-0.001109,-0.002732,-0.002652,-0.432227,-0.107267,-3.311094,-0.000877,-0.002845,-0.002609
10.5020,0.118116,-0.002991,-3.790607,-0.001128,-0.002927,-0.002756,-0.444805,-0.110884,-3.294235,-0.001129,-0.002791,-0.002719
10.5500,0.133441,-0.003021,-3.790545,-0.001134,-0.003037,-0.002847,-0.463289,-0.116420,-3.197899,-0.001100,-0.002996,-0.002937
10.6000,0.148700,-0.003053,-3.790465,-0.001127,-0.003081,-0.002916,-0.475993,-0.120043,-3.177090,-0.001056,-0.003220,-0.002724
10.6500,0.163921,-0.003086,-3.790373,-0.001110,-0.003075,-0.002961,-0.494651,-0.125567,-3.100823,-0.001159,-0.003147,-0.002947
10.7020,0.179129,-0.003122,-3.790272,-0.001083,-0.003028,-0.002990,-0.507396,-0.129198,-3.077624,-0.001009,-0.003085,-0.003007
10.7500,0.194341,-0.003159,-3.790168,-0.001047,-0.002950,-0.003009,-0.526220,-0.134700,-3.020578,-0.000965,-0.002733,-0.002855
10.8000,0.209562,-0.003197,-3.790062,-0.001004,-0.002848,-0.003021,-0.538938,-0.138343,-2.996245,-0.001075,-0.002890,-0.003068
10.8500,0.224794,-0.003237,-3.789956,-0.000954,-0.002726,-0.003025,-0.557947,-0.143816,-2.956191,-0.000926,-0.002799,-0.002973
10.9000,0.240034,-0.003278,-3.789850,-0.000900,-0.002589,-0.003023,-0.570644,-0.147463,-2.931701,-0.000974,-0.002786,-0.002964
10.9520,0.255279,-0.003320,-3.789747,-0.000841,-0.002441,-0.003016,-0.589874,-0.152902,-2.905977,-0.000741,-0.002355,-0.003170
11.0000,0.270525,-0.003362,-3.789646,-0.000780,-0.002285,-0.003006,-0.602564,-0.156549,-2.882064,-0.000693,-0.002317,-0.002970
11.0500,0.285771,-0.003405,-3.789547,-0.000717,-0.002123,-0.002992,-0.622003,-0.161971,-2.868069,-0.000796,-0.002044,-0.002969
11.1000,0.301015,-0.003448,-3.789452,-0.000652,-0.001958,-0.002977,-0.634702,-0.165621,-2.845272,-0.000592,-0.001988,-0.003084
11.1500,0.316255,-0.003491,-3.789360,-0.000588,-0.001792,-0.002959,-0.654309,-0.171040,-2.840668,-0.000650,-0.001844,-0.003011
11.2000,0.331494,-0.003535,-3.789271,-0.000524,-0.001626,-0.002941,-0.667029,-0.174689,-2.819366,-0.000595,-0.001601,-0.002890
11.2500,0.346729,-0.003578,-3.789185,-0.000461,-0.001462,-0.002921,-0.686722,-0.180120,-2.822119,-0.000404,-0.001393,-0.002786
11.3000,0.361961,-0.003622,-3.789103,-0.000400,-0.001300,-0.002901,-0.699461,-0.183773,-2.802570,-0.000330,-0.001426,-0.002791
11.3500,0.377192,-0.003665,-3.789025,-0.000341,-0.001141,-0.002880,-0.719169,-0.189250,-2.810944,-0.000389,-0.001076,-0.002950
11.4000,0.392419,-0.003708,-3.788950,-0.000284,-0.000987,-0.002859,-0.731928,-0.192904,-2.793298,-0.000097,-0.000989,-0.002819
11.4500,0.407645,-0.003751,-3.788878,-0.000231,-0.000836,-0.002838,-0.706108,-0.336403,-2.805802,-0.000336,-0.000888,-0.002927
11.5000,0.422868,-0.003794,-3.788809,-0.000180,-0.000691,-0.002818,-0.717481,-0.344325,-2.790132,-0.000182,-0.000639,-0.002874
11.5500,0.438089,-0.003837,-3.788744,-0.000132,-0.000550,-0.002797,-0.734602,-0.356222,-2.805531,-0.000109,-0.000498,-0.002680
11.6000,0.453308,-0.003879,-3.788681,-0.000087,-0.000414,-0.002776,-0.745976,-0.364144,-2.791838,-0.000103,-0.000401,-0.002639
11.6500,0.468524,-0.003921,-3.788622,-0.000046,-0.000283,-0.002756,-0.763072,-0.376047,-2.809061,0.000024,-0.000323,-0.002681
11.7000,0.483739,-0.003963,-3.788565,-0.000007,-0.000158,-0.002737,-0.774449,-0.383969,-2.797292,0.000153,-0.000145,-0.002615
11.7500,0.498951,-0.004004,-3.788511,0.000028,-0.000037,-0.002717,-0.791506,-0.395887,-2.815454,0.000043,0.000025,-0.002630
11.8000,0.514161,-0.004045,-3.788460,0.000060,0.000078,-0.002699,-0.802881,-0.403814,-2.805515,0.000150,0.000091,-0.002675
11.8500,0.529369,-0.004086,-3.788411,0.000089,0.000188,-0.002680,-0.819902,-0.415739,-2.823895,0.000019,0.000042,-0.002642
11.9000,0.544575,-0.004126,-3.788365,0.000115,0.000294,-0.002663,-0.831279,-0.423665,-2.815663,0.000126,0.000277,-0.002591
11.9500,0.559778,-0.004166,-3.788321,0.000138,0.000395,-0.002645,-0.848265,-0.435594,-2.833687,0.000217,0.000496,-0.002636
12.0000,0.574980,-0.004206,-3.788279,0.000159,0.000491,-0.002628,-0.859641,-0.443519,-2.827015,0.000205,0.000521,-0.002664
12.0500,0.590179,-0.004245,-3.788239,0.000177,0.000583,-0.002612,-0.876590,-0.455459,-2.844244,0.000255,0.000504,-0.002644
12.1000,0.605376,-0.004284,-3.788201,0.000192,0.000670,-0.002596,-0.887967,-0.463386,-2.838977,0.000265,0.000655,-0.002793
12.1500,0.620571,-0.004323,-3.788165,0.000206,0.000754,-0.002581,-0.904891,-0.475333,-2.855086,0.000090,0.000781,-0.002599
12.2000,0.635765,-0.004361,-3.788131,0.000217,0.000833,-0.002566,-0.916266,-0.483261,-2.851060,0.000084,0.000810,-0.002409
12.2500,0.650956,-0.004399,-3.788099,0.000227,0.000908,-0.002552,-0.933166,-0.495205,-2.865829,0.000274,0.000790,-0.002415
12.3000,0.666145,-0.004437,-3.788069,0.000234,0.000980,-0.002538,-0.944537,-0.503135,-2.862884,0.000196,0.000915,-0.002728
12.3500,0.681332,-0.004474,-3.788040,0.000240,0.001048,-0.002524,-0.961426,-0.515079,-2.876185,0.000331,0.001124,-0.002632
12.4000,0.696518,-0.004511,-3.788013,0.000245,0.001113,-0.002511,-0.972797,-0.523008,-2.874162,0.000392,0.001203,-0.002541
12.4500,0.711701,-0.004548,-3.787987,0.000248,0.001175,-0.002498,-0.751195,-0.399799,-2.885983,0.000190,0.001225,-0.002401
12.5000,0.726883,-0.004585,-3.787963,0.000250,0.001233,-0.002486,-0.755554,-0.403761,-2.884744,0.000303,0.001278,-0.002560
12.5500,0.742062,-0.004621,-3.787940,0.000251,0.001288,-0.002474,-0.762062,-0.409710,-2.894986,0.000445,0.001308,-0.002499
12.6000,0.757240,-0.004657,-3.787918,0.000250,0.001341,-0.002463,-0.766423,-0.413671,-2.894388,0.000237,0.001255,-0.002508
12.6500,0.772416,-0.004693,-3.787898,0.000249,0.001391,-0.002451,-0.772937,-0.419618,-2.903147,0.000405,0.001194,-0.002273
12.7000,0.787590,-0.004729,-3.787879,0.000247,0.001438,-0.002440,-0.777303,-0.423577,-2.903065,0.000284,0.001404,-0.002636
12.7500,0.802763,-0.004764,-3.787861,0.000245,0.001483,-0.002430,-0.783828,-0.429526,-2.910418,0.000270,0.001533,-0.002315
12.8000,0.817933,-0.004799,-3.787845,0.000241,0.001525,-0.002420,-0.788196,-0.433488,-2.910740,0.000308,0.001669,-0.002393
12.8500,0.833102,-0.004834,-3.787829,0.000237,0.001565,-0.002410,-0.794721,-0.439437,-2.916789,0.000089,0.001550,-0.002341
12.9000,0.848269,-0.004869,-3.787815,0.000233,0.001603,-0.002400,-0.799088,-0.443400,-2.917419,0.000286,0.001631,-0.002358
12.9500,0.863435,-0.004904,-3.787801,0.000229,0.001639,-0.002391,-0.805618,-0.449348,-2.922281,0.000230,0.001870,-0.002077
13.0000,0.878599,-0.004938,-3.787789,0.000224,0.001672,-0.002382,-0.809986,-0.453311,-2.923136,0.000136,0.001618,-0.002350
13.0500,0.893761,-0.004973,-3.787777,0.000218,0.001704,-0.002373,-0.816522,-0.459255,-2.926936,0.000209,0.001789,-0.002384
13.1000,0.908921,-0.005007,-3.787766,0.000213,0.001735,-0.002364,-0.820891,-0.463216,-2.927946,0.000202,0.001826,-0.002490
13.1500,0.924080,-0.005041,-3.787756,0.000207,0.001763,-0.002356,-0.827436,-0.469160,-2.930810,0.000240,0.001755,-0.002441
13.2000,0.939237,-0.005075,-3.787748,0.000201,0.001790,-0.002348,-0.831808,-0.473124,-2.931915,0.000372,0.001831,-0.002383
13.2500,0.954393,-0.005109,-3.787739,0.000195,0.001816,-0.002340,-0.838363,-0.479070,-2.933968,0.000151,0.001705,-0.002363
13.3000,0.969547,-0.005142,-3.787732,0.000190,0.001840,-0.002332,-0.842735,-0.483032,-2.935120,0.000399,0.001888,-0.002345
13.3500,0.984699,-0.005176,-3.787725,0.000184,0.001862,-0.002325,-0.849300,-0.488976,-2.936484,0.000305,0.001914,-0.002421
13.4000,0.999850,-0.005209,-3.787719,0.000178,0.001883,-0.002317,-0.853677,-0.492939,-2.937643,0.000070,0.001787,-0.002297
13.4520,1.015000,-0.005242,-3.787714,0.000172,0.001904,-0.002310,-0.725703,-0.392294,-2.938456,0.000188,0.001865,-0.002235
13.5000,1.030148,-0.005276,-3.787710,0.000166,0.001922,-0.002303,-0.726059,-0.393069,-2.939597,0.000323,0.001766,-0.002216
13.5500,1.045294,-0.005309,-3.787706,0.000160,0.001940,-0.002296,-0.726599,-0.394234,-2.939906,0.000279,0.001866,-0.002265
13.6000,1.060439,-0.005342,-3.787702,0.000154,0.001957,-0.002289,-0.726959,-0.395012,-2.941002,-0.000082,0.001916,-0.002337
13.6500,1.075582,-0.005375,-3.787700,0.000149,0.001973,-0.002283,-0.727507,-0.396177,-2.940931,0.000278,0.001955,-0.002171
13.7000,1.090724,-0.005407,-3.787698,0.000143,0.001987,-0.002277,-0.727870,-0.396954,-2.941967,0.000197,0.002109,-0.002255
13.7500,1.105865,-0.005440,-3.787696,0.000138,0.002001,-0.002270,-0.728421,-0.398119,-2.941598,0.000239,0.002047,-0.002331
13.8000,1.121004,-0.005473,-3.787695,0.000133,0.002014,-0.002264,-0.728783,-0.398896,-2.942563,0.000115,0.002177,-0.002156
13.8500,1.136142,-0.005505,-3.787695,0.000128,0.002026,-0.002258,-0.729335,-0.400059,-2.941970,0.000008,0.002043,-0.002349
13.9000,1.151278,-0.005538,-3.787695,0.000123,0.002038,-0.002252,-0.729701,-0.400833,-2.942858,0.000293,0.002086,-0.002206
13.9500,1.166413,-0.005570,-3.787695,0.000118,0.002048,-0.002247,-0.730261,-0.401995,-2.942103,0.000171,0.001896,-0.002252
14.0000,1.181547,-0.005602,-3.787696,0.000114,0.002059,-0.002241,-0.730630,-0.402769,-2.942912,0.000114,0.002013,-0.002085
14.0500,1.196679,-0.005635,-3.787698,0.000109,0.002068,-0.002236,-0.731196,-0.403930,-2.942049,0.000153,0.002051,-0.002240
14.1000,1.211810,-0.005667,-3.787700,0.000105,0.002077,-0.002230,-0.731567,-0.404705,-2.942779,0.000174,0.001988,-0.002225
14.1500,1.226940,-0.005699,-3.787702,0.000101,0.002085,-0.002225,-0.732140,-0.405867,-2.941852,0.000185,0.002060,-0.002236
14.2000,1.242068,-0.005731,-3.787705,0.000097,0.002093,-0.002220,-0.732517,-0.406643,-2.942506,0.000162,0.002184,-0.002249
14.2500,1.257195,-0.005763,-3.787708,0.000093,0.002100,-0.002215,-0.733098,-0.407805,-2.941550,0.000114,0.001904,-0.002233
14.3000,1.272321,-0.005795,-3.787712,0.000089,0.002106,-0.002209,-0.733479,-0.408580,-2.942133,0.000025,0.001921,-0.002244
14.3500,1.287445,-0.005826,-3.787716,0.000086,0.002113,-0.002205,-0.734067,-0.409743,-2.941177,0.000227,0.002110,-0.002274
14.4000,1.302569,-0.005858,-3.787720,0.000082,0.002118,-0.002200,-0.734452,-0.410520,-2.941694,-0.000042,0.002374,-0.002183
14.4500,1.317691,-0.005890,-3.787725,0.000079,0.002124,-0.002195,-0.701959,-0.375688,-2.940766,0.000134,0.002160,-0.002269
14.5000,1.332812,-0.005922,-3.787730,0.000076,0.002129,-0.002190,-0.701352,-0.375384,-2.941223,0.000019,0.002058,-0.002207
14.5500,1.347931,-0.005953,-3.787736,0.000073,0.002133,-0.002186,-0.700447,-0.374928,-2.940328,0.000184,0.002188,-0.002207
14.6000,1.363050,-0.005985,-3.787742,0.000070,0.002138,-0.002181,-0.699842,-0.374627,-2.940730,0.000119,0.002150,-0.002312
14.6500,1.378167,-0.006016,-3.787748,0.000068,0.002142,-0.002177,1.399210,0.037305,-3.656020,-0.000007,0.001989,-0.002126
14.7000,1.393283,-0.006048,-3.787754,0.000065,0.002145,-0.002172,1.472012,0.051746,-3.691988,0.000046,0.002090,-0.002376
14.7500,1.408398,-0.006079,-3.787761,0.000063,0.002149,-0.002168,1.581167,0.073397,-3.716191,-0.000144,0.002126,-0.002153
14.8000,1.423511,-0.006110,-3.787768,0.000060,0.002152,-0.002164,1.653945,0.087827,-3.749419,0.000124,0.002166,-0.002257
14.8500,1.438624,-0.006142,-3.787776,0.000058,0.002155,-0.002159,1.762954,0.109480,-3.749527,0.000073,0.002122,-0.002125
14.9000,1.453735,-0.006173,-3.787784,0.000056,0.002157,-0.002155,1.835696,0.123925,-3.777934,-0.000080,0.002141,-0.002022
14.9500,1.468846,-0.006204,-3.787792,0.000054,0.002160,-0.002151,1.944467,0.145598,-3.744697,0.000021,0.002118,-0.002060
15.0000,1.483955,-0.006235,-3.787800,0.000052,0.002162,-0.002147,2.017161,0.160040,-3.766256,0.000151,0.002235,-0.002143
15.0500,1.499063,-0.006266,-3.787809,0.000050,0.002164,-0.002143,2.125651,0.181721,-3.697125,-0.000035,0.002076,-0.002112
15.1000,1.514170,-0.006297,-3.787818,0.000049,0.002166,-0.002139,2.198278,0.196169,-3.710425,-0.000144,0.002136,-0.002063
15.1500,1.529276,-0.006328,-3.787827,0.000047,0.002167,-0.002135,2.306498,0.217833,-3.612099,0.000066,0.001984,-0.002059
15.2020,1.544381,-0.006359,-3.787836,0.000046,0.002169,-0.002132,2.379058,0.232278,-3.616679,0.000050,0.002175,-0.002281
15.2500,1.559485,-0.006390,-3.787846,0.000044,0.002170,-0.002128,2.487100,0.253958,-3.502673,0.000066,0.002204,-0.002166
15.3000,1.574588,-0.006421,-3.787856,0.000043,0.002172,-0.002124,2.559593,0.268409,-3.499139,0.000158,0.002221,-0.002077
15.3500,1.589690,-0.006452,-3.787866,0.000041,0.002173,-0.002120,2.667568,0.290084,-3.384198,-0.000018,0.002083,-0.002026
15.4000,1.604791,-0.006482,-3.787877,0.000040,0.002174,-0.002117,2.740005,0.304539,-3.373859,0.000233,0.002261,-0.002089
15.4500,1.619890,-0.006513,-3.787888,0.000039,0.002175,-0.002113,0.927439,-0.049867,-3.268327,0.000009,0.002104,-0.002082
15.5000,1.634989,-0.006544,-3.787899,0.000038,0.002175,-0.002110,0.892766,-0.056384,-3.252742,-0.000208,0.002259,-0.002003
15.5500,1.650087,-0.006574,-3.787910,0.000037,0.002176,-0.002106,0.840520,-0.066163,-3.164806,0.000176,0.002227,-0.002188
15.6000,1.665184,-0.006605,-3.787921,0.000036,0.002176,-0.002103,0.805830,-0.072683,-3.145670,0.000077,0.002102,-0.002064
15.6500,1.680280,-0.006635,-3.787933,0.000035,0.002177,-0.002099,0.753631,-0.082460,-3.076175,0.000080,0.002193,-0.002163
15.7000,1.695375,-0.006666,-3.787945,0.000034,0.002177,-0.002096,0.718927,-0.088982,-3.054893,0.000023,0.002231,-0.001987
15.7500,1.710469,-0.006696,-3.787957,0.000033,0.002178,-0.002093,0.666786,-0.098759,-3.003066,0.000060,0.002179,-0.002097
15.8000,1.725562,-0.006727,-3.787969,0.000032,0.002178,-0.002089,0.632077,-0.105279,-2.980779,0.000020,0.002086,-0.002033
15.8500,1.740654,-0.006757,-3.787982,0.000032,0.002178,-0.002086,0.579995,-0.115056,-2.944582,-0.000087,0.002014,-0.002243
15.9000,1.755745,-0.006788,-3.787994,0.000031,0.002178,-0.002083,0.545278,-0.121570,-2.922182,0.000078,0.002207,-0.002122
15.9500,1.770835,-0.006818,-3.788007,0.000030,0.002178,-0.002080,0.493260,-0.131345,-2.899160,0.000122,0.002395,-0.002145
16.0000,1.785925,-0.006848,-3.788020,0.000030,0.002178,-0.002077,0.458550,-0.137861,-2.877313,0.000139,0.002223,-0.002064
16.0500,1.801013,-0.006878,-3.788034,0.000029,0.002178,-0.002074,0.406604,-0.147637,-2.865075,0.000053,0.002165,-0.002032
16.1000,1.816101,-0.006909,-3.788047,0.000029,0.002178,-0.002070,0.371899,-0.154153,-2.844278,0.000013,0.002103,-0.002168
16.1500,1.831188,-0.006939,-3.788061,0.000028,0.002178,-0.002067,0.320008,-0.163932,-2.840675,0.000116,0.002102,-0.002220
16.2000,1.846274,-0.006969,-3.788075,0.000028,0.002178,-0.002064,0.285308,-0.170446,-2.821275,0.000051,0.002237,-0.001952
16.2500,1.861359,-0.006999,-3.788089,0.000027,0.002178,-0.002061,0.233470,-0.180226,-2.824421,0.000062,0.002362,-0.002092
16.3000,1.876443,-0.007029,-3.788103,0.000027,0.002178,-0.002058,0.198784,-0.186744,-2.806645,0.000020,0.002153,-0.002111
16.3500,1.891526,-0.007059,-3.788118,0.000026,0.002177,-0.002056,0.147001,-0.196527,-2.814933,-0.000002,0.001986,-0.002128
16.4000,1.906609,-0.007089,-3.788133,0.000026,0.002177,-0.002053,0.112324,-0.203046,-2.798928,-0.000178,0.002245,-0.002016
16.4500,1.921690,-0.007119,-3.788147,0.000026,0.002177,-0.002050,-0.557099,-0.339309,-2.810899,-0.000069,0.002030,-0.002110
16.5000,1.936771,-0.007149,-3.788162,0.000025,0.002176,-0.002047,-0.610868,-0.349737,-2.796719,-0.000015,0.002159,-0.002037
16.5500,1.951851,-0.007179,-3.788178,0.000025,0.002176,-0.002044,-0.691454,-0.365381,-2.811409,0.000038,0.002284,-0.002010
16.6000,1.966931,-0.007208,-3.788193,0.000025,0.002176,-0.002042,-0.745215,-0.375811,-2.799049,0.000097,0.002095,-0.002173
16.6500,1.982009,-0.007238,-3.788209,0.000025,0.002175,-0.002039,-0.825773,-0.391453,-2.815366,-0.000046,0.002330,-0.002040
16.7000,1.997087,-0.007268,-3.788224,0.000024,0.002175,-0.002036,-0.879526,-0.401883,-2.804783,-0.000248,0.002109,-0.002049
16.7500,2.012164,-0.007298,-3.788240,0.000024,0.002174,-0.002033,-0.960054,-0.417518,-2.821913,0.000066,0.002288,-0.001955
16.8000,2.027240,-0.007328,-3.788256,0.000024,0.002174,-0.002031,-1.013796,-0.427947,-2.813011,-0.000048,0.002028,-0.002146
16.8500,2.042315,-0.007357,-3.788272,0.000024,0.002174,-0.002028,-1.094301,-0.443578,-2.830303,0.000139,0.002338,-0.002118
16.9000,2.057390,-0.007387,-3.788289,0.000023,0.002173,-0.002026,-1.148036,-0.454008,-2.822973,-0.000057,0.002368,-0.001964
16.9500,2.072464,-0.007416,-3.788305,0.000023,0.002173,-0.002023,-1.228509,-0.469648,-2.839874,-0.000058,0.002367,-0.002003
17.0000,2.087537,-0.007446,-3.788322,0.000023,0.002172,-0.002020,-1.282234,-0.480073,-2.833978,-0.000078,0.002154,-0.002073
17.0500,2.102609,-0.007476,-3.788339,0.000023,0.002172,-0.002018,-1.362686,-0.495714,-2.850099,0.000031,0.002302,-0.002092
17.1000,2.117681,-0.007505,-3.788356,0.000023,0.002171,-0.002015,-1.416400,-0.506140,-2.845492,-0.000002,0.002072,-0.001910
17.1500,2.132752,-0.007535,-3.788373,0.000023,0.002171,-0.002013,-1.496840,-0.521795,-2.860545,0.000023,0.002227,-0.002095
17.2000,2.147822,-0.007564,-3.788390,0.000023,0.002170,-0.002011,-1.550548,-0.532224,-2.857075,-0.000070,0.002182,-0.002064
17.2500,2.162892,-0.007593,-3.788408,0.000022,0.002170,-0.002008,-1.630982,-0.547868,-2.870842,-0.000106,0.002030,-0.002168
17.3000,2.177961,-0.007623,-3.788425,0.000022,0.002169,-0.002006,-1.684683,-0.558295,-2.868367,0.000063,0.002175,-0.001824
17.3500,2.193029,-0.007652,-3.788443,0.000022,0.002169,-0.002003,-1.765121,-0.573946,-2.880745,-0.000127,0.002204,-0.001921
17.4020,2.208097,-0.007682,-3.788461,0.000022,0.002168,-0.002001,-1.818817,-0.584375,-2.879105,0.000030,0.002297,-0.001930
17.4500,2.223164,-0.007711,-3.788479,0.000022,0.002168,-0.001999,-0.926581,-0.412300,-2.890186,0.000238,0.002144,-0.001904
17.5000,2.238230,-0.007740,-3.788497,0.000022,0.002167,-0.001996,-0.951696,-0.417213,-2.889264,0.000113,0.002067,-0.002051
17.5500,2.253295,-0.007769,-3.788515,0.000022,0.002167,-0.001994,-0.989351,-0.424585,-2.898737,0.000086,0.002246,-0.001970
17.6000,2.268360,-0.007799,-3.788534,0.000022,0.002166,-0.001992,-1.014465,-0.429500,-2.898387,0.000141,0.001950,-0.002195
17.6500,2.283424,-0.007828,-3.788552,0.000022,0.002166,-0.001990,-1.052120,-0.436874,-2.906470,-0.000121,0.002215,-0.002080
17.7000,2.298488,-0.007857,-3.788571,0.000022,0.002165,-0.001988,-1.077235,-0.441791,-2.906581,0.000075,0.002146,-0.001935
17.7500,2.313551,-0.007886,-3.788590,0.000022,0.002164,-0.001985,-1.114888,-0.449166,-2.913345,0.000013,0.002234,-0.002048
17.8000,2.328613,-0.007915,-3.788609,0.000022,0.002164,-0.001983,-1.140002,-0.454084,-2.913815,0.000097,0.002170,-0.001878
17.8500,2.343675,-0.007944,-3.788628,0.000022,0.002163,-0.001981,-1.177653,-0.461468,-2.919365,0.000144,0.002219,-0.001872
17.9000,2.358736,-0.007973,-3.788647,0.000021,0.002163,-0.001979,-1.202766,-0.466392,-2.920106,-0.000060,0.002245,-0.002032
17.9500,2.373797,-0.008002,-3.788667,0.000021,0.002162,-0.001977,-1.240419,-0.473776,-2.924547,0.000021,0.002202,-0.002102
18.0000,2.388857,-0.008031,-3.788686,0.000021,0.002162,-0.001975,-1.265531,-0.478697,-2.925483,-0.000127,0.002124,-0.001947
18.0500,2.403916,-0.008060,-3.788706,0.000021,0.002161,-0.001973,-1.303188,-0.486077,-2.928936,-0.000041,0.002199,-0.001940
18.1000,2.418975,-0.008089,-3.788725,0.000021,0.002161,-0.001971,-1.328299,-0.490998,-2.930001,-0.000026,0.002048,-0.001959
18.1500,2.434033,-0.008118,-3.788745,0.000021,0.002160,-0.001969,-1.365961,-0.498380,-2.932589,0.000113,0.002262,-0.001970
18.2000,2.449090,-0.008147,-3.788765,0.000021,0.002160,-0.001967,-1.391072,-0.503302,-2.933730,0.000180,0.002232,-0.001951
18.2500,2.464147,-0.008176,-3.788785,0.000021,0.002159,-0.001965,-1.428737,-0.510690,-2.935567,0.000096,0.002127,-0.001960
18.3020,2.479204,-0.008205,-3.788806,0.000021,0.002159,-0.001963,-1.453849,-0.515612,-2.936741,0.000087,0.002237,-0.002126
18.3500,2.494259,-0.008234,-3.788826,0.000021,0.002158,-0.001961,-1.491521,-0.522993,-2.937941,-0.000046,0.002144,-0.002098
18.4020,2.509315,-0.008263,-3.788846,0.000021,0.002158,-0.001959,-1.516634,-0.527914,-2.939113,-0.000229,0.002083,-0.001878
18.4500,2.524370,-0.008292,-3.788867,0.000021,0.002157,-0.001957,-0.856304,-0.399082,-2.939885,-0.000045,0.002141,-0.001964
18.5000,2.539424,-0.008320,-3.788888,0.000021,0.002157,-0.001955,-0.860528,-0.399924,-2.941035,-0.000063,0.002127,-0.002024
18.5500,2.554477,-0.008349,-3.788908,0.000021,0.002156,-0.001953,-0.866868,-0.401187,-2.941251,0.000001,0.002059,-0.001832
18.6000,2.569530,-0.008378,-3.788929,0.000021,0.002156,-0.001951,-0.871092,-0.402029,-2.942350,0.000006,0.002360,-0.001972
18.6500,2.584583,-0.008406,-3.788950,0.000021,0.002156,-0.001950,-0.877430,-0.403292,-2.942218,0.000015,0.002148,-0.002021
18.7000,2.599635,-0.008435,-3.788971,0.000021,0.002155,-0.001948,-0.881655,-0.404134,-2.943254,0.000095,0.002317,-0.001904
18.7500,2.614687,-0.008464,-3.788993,0.000021,0.002155,-0.001946,-0.887997,-0.405397,-2.942852,-0.000031,0.002457,-0.002018
18.8000,2.629738,-0.008492,-3.789014,0.000021,0.002154,-0.001944,-0.892219,-0.406240,-2.943812,-0.000052,0.002286,-0.001897
18.8500,2.644788,-0.008521,-3.789035,0.000021,0.002154,-0.001943,-0.898555,-0.407504,-2.943209,0.000109,0.002229,-0.001771
18.9020,2.659838,-0.008550,-3.789057,0.000021,0.002153,-0.001941,-0.902772,-0.408347,-2.944093,-0.000020,0.002138,-0.001852
18.9500,2.674888,-0.008578,-3.789079,0.000021,0.002153,-0.001939,-0.909109,-0.409609,-2.943346,0.000062,0.002186,-0.001935
19.0000,2.689937,-0.008607,-3.789100,0.000021,0.002152,-0.001937,-0.913327,-0.410449,-2.944151,0.000097,0.002146,-0.002157
19.0500,2.704985,-0.008635,-3.789122,0.000021,0.002152,-0.001936,-0.919667,-0.411711,-2.943310,-0.000015,0.002145,-0.001889
19.1000,2.720033,-0.008664,-3.789144,0.000021,0.002151,-0.001934,-0.923888,-0.412553,-2.944037,0.000085,0.002162,-0.001794
19.1500,2.735081,-0.008692,-3.789166,0.000021,0.002151,-0.001932,-0.930235,-0.413818,-2.943142,0.000030,0.002120,-0.001926
19.2020,2.750128,-0.008721,-3.789188,0.000021,0.002151,-0.001931,-0.934460,-0.414661,-2.943794,-0.000078,0.002042,-0.002050
19.2500,2.765175,-0.008749,-3.789210,0.000021,0.002150,-0.001929,-0.940811,-0.415923,-2.942877,0.000020,0.002160,-0.001865
19.3000,2.780221,-0.008778,-3.789233,0.000021,0.002150,-0.001928,-0.945037,-0.416764,-2.943460,0.000090,0.002412,-0.001953
19.3520,2.795267,-0.008806,-3.789255,0.000021,0.002149,-0.001926,-0.951387,-0.418028,-2.942548,-0.000014,0.002220,-0.001879
19.4000,2.810312,-0.008835,-3.789278,0.000021,0.002149,-0.001924,-0.955614,-0.418871,-2.943066,-0.000008,0.002013,-0.001871
19.4500,2.825357,-0.008863,-3.789300,0.000021,0.002148,-0.001923,2.161113,0.249114,-2.942625,0.000100,0.002293,-0.001910
19.5000,2.840401,-0.008891,-3.789323,0.000021,0.002148,-0.001921,2.250386,0.268315,-2.943122,0.000144,0.002190,-0.001955
19.5500,2.855445,-0.008920,-3.789346,0.000021,0.002148,-0.001920,2.384292,0.297116,-2.942209,0.000222,0.002079,-0.001772
19.6000,2.870488,-0.008948,-3.789369,0.000021,0.002147,-0.001918,2.473566,0.316312,-2.942638,-0.000046,0.002061,-0.001984
19.6500,2.885531,-0.008976,-3.789392,0.000021,0.002147,-0.001917,2.990498,0.082611,-3.678963,0.000086,0.002080,-0.001985
19.7000,2.900574,-0.009004,-3.789415,0.000021,0.002147,-0.001915,3.093069,0.092773,-3.715996,0.000114,0.002197,-0.002083
19.7500,2.915616,-0.009033,-3.789438,0.000021,0.002146,-0.001914,3.246889,0.108024,-3.740884,0.000295,0.002115,-0.001859
19.8000,2.930658,-0.009061,-3.789461,0.000021,0.002146,-0.001912,3.349440,0.118207,-3.775081,0.000001,0.002292,-0.001857
19.8500,2.945699,-0.009089,-3.789484,0.000021,0.002145,-0.001911,3.503111,0.133468,-3.775166,0.000052,0.002141,-0.001974
19.9000,2.960740,-0.009117,-3.789508,0.000021,0.002145,-0.001909,3.605630,0.143627,-3.804402,0.000024,0.002280,-0.001840
19.9500,2.975781,-0.009146,-3.789531,0.000021,0.002145,-0.001908,3.759061,0.158893,-3.770167,-0.000137,0.002233,-0.001951
20.0000,2.990821,-0.009174,-3.789555,0.000021,0.002144,-0.001907,3.861530,0.169057,-3.792361,0.000125,0.002146,-0.001981
20.0520,3.005861,-0.009202,-3.789579,0.000021,0.002144,-0.001905,4.014676,0.184344,-3.721179,-0.000028,0.002217,-0.001873
20.1000,3.020900,-0.009230,-3.789602,0.000021,0.002144,-0.001904,4.117080,0.194509,-3.734873,-0.000082,0.002229,-0.001913
20.1500,3.035939,-0.009258,-3.789626,0.000021,0.002143,-0.001903,4.269949,0.209763,-3.633661,-0.000024,0.002260,-0.001970
20.2000,3.050978,-0.009286,-3.789650,0.000021,0.002143,-0.001901,4.372287,0.219939,-3.638380,-0.000186,0.002118,-0.001766
20.2500,3.066016,-0.009314,-3.789674,0.000021,0.002142,-0.001900,4.524976,0.235205,-3.521034,0.000120,0.002011,-0.001820
20.3000,3.081054,-0.009343,-3.789698,0.000021,0.002142,-0.001899,4.627247,0.245383,-3.517384,-0.000068,0.002149,-0.001962
20.3500,3.096091,-0.009371,-3.789722,0.000021,0.002142,-0.001897,4.779875,0.260636,-3.399099,0.000204,0.002251,-0.001828
20.4020,3.111128,-0.009399,-3.789746,0.000021,0.002141,-0.001896,4.882091,0.270816,-3.388455,0.000171,0.002283,-0.001862
20.4500,3.126165,-0.009427,-3.789771,0.000021,0.002141,-0.001895,4.008847,0.250729,-3.280339,0.000150,0.002296,-0.001826
20.5000,3.141201,-0.009455,-3.789795,0.000021,0.002141,-0.001893,4.053832,0.258930,-3.264334,0.000059,0.002165,-0.001822
20.5500,3.156237,-0.009483,-3.789820,0.000021,0.002140,-0.001892,4.121065,0.271241,-3.173797,0.000146,0.001962,-0.001899
20.6000,3.171273,-0.009511,-3.789844,0.000021,0.002140,-0.001891,4.166031,0.279442,-3.154123,0.000120,0.002176,-0.001897
20.6520,3.186308,-0.009539,-3.789869,0.000021,0.002140,-0.001890,4.233315,0.291751,-3.082558,-0.000027,0.002103,-0.001995
20.7000,3.201343,-0.009567,-3.789893,0.000021,0.002139,-0.001888,4.278269,0.299953,-3.060671,0.000047,0.002164,-0.001965
20.7500,3.216377,-0.009595,-3.789918,0.000021,0.002139,-0.001887,4.345613,0.312264,-3.007298,0.000007,0.002160,-0.002032
20.8000,3.231411,-0.009622,-3.789943,0.000021,0.002139,-0.001886,4.390564,0.320470,-2.984381,-0.000029,0.002241,-0.002011
20.8500,3.246445,-0.009650,-3.789968,0.000021,0.002139,-0.001885,4.457975,0.332774,-2.947090,0.000068,0.002106,-0.001785
20.9000,3.261479,-0.009678,-3.789993,0.000021,0.002138,-0.001884,4.502920,0.340984,-2.924045,0.000036,0.002119,-0.001854
20.9500,3.276512,-0.009706,-3.790018,0.000021,0.002138,-0.001883,4.570394,0.353293,-2.900326,0.000058,0.002175,-0.001866
21.0000,3.291545,-0.009734,-3.790043,0.000021,0.002138,-0.001881,4.615345,0.361493,-2.877853,-0.000005,0.002073,-0.001889
21.0500,3.306577,-0.009762,-3.790068,0.000021,0.002137,-0.001880,4.682887,0.373789,-2.865241,0.000125,0.001917,-0.001900
21.1000,3.321609,-0.009790,-3.790093,0.000021,0.002137,-0.001879,4.727840,0.381993,-2.843838,-0.000058,0.002086,-0.001907
21.1500,3.336641,-0.009818,-3.790118,0.000021,0.002137,-0.001878,4.795438,0.394292,-2.840112,-0.000072,0.002089,-0.001861
21.2000,3.351673,-0.009845,-3.790144,0.000021,0.002136,-0.001877,4.840405,0.402493,-2.820151,0.000141,0.002030,-0.001986
21.2520,3.366704,-0.009873,-3.790169,0.000021,0.002136,-0.001876,4.908059,0.414797,-2.823376,0.000027,0.002044,-0.001736
21.3000,3.381735,-0.009901,-3.790194,0.000021,0.002136,-0.001875,4.953032,0.423006,-2.805082,0.000038,0.002121,-0.001810
21.3500,3.396766,-0.009929,-3.790220,0.000021,0.002136,-0.001874,5.020722,0.435312,-2.813604,-0.000104,0.002050,-0.001975
21.4000,3.411796,-0.009956,-3.790246,0.000021,0.002135,-0.001873,5.065705,0.443517,-2.797126,-0.000074,0.002139,-0.002089
21.4500,3.426826,-0.009984,-3.790271,0.000021,0.002135,-0.001872,3.479835,-0.214895,-2.809323,0.000084,0.001971,-0.001972
21.5000,3.441856,-0.010012,-3.790297,0.000021,0.002135,-0.001870,3.473684,-0.227433,-2.794712,-0.000061,0.002064,-0.001804
21.5500,3.456885,-0.010040,-3.790323,0.000021,0.002134,-0.001869,3.464522,-0.246241,-2.809854,-0.000093,0.002128,-0.001741
21.6000,3.471914,-0.010067,-3.790348,0.000021,0.002134,-0.001868,3.458381,-0.258780,-2.797123,0.000060,0.002160,-0.002019
21.6500,3.486943,-0.010095,-3.790374,0.000021,0.002134,-0.001867,3.449249,-0.277585,-2.813944,-0.000190,0.002024,-0.001932
21.7000,3.501972,-0.010123,-3.790400,0.000021,0.002134,-0.001866,3.443113,-0.290120,-2.803042,0.000031,0.002140,-0.001965
21.7500,3.517000,-0.010150,-3.790426,0.000021,0.002133,-0.001865,3.434011,-0.308922,-2.820704,0.000094,0.002192,-0.001809
21.8000,3.532028,-0.010178,-3.790452,0.000021,0.002133,-0.001864,3.427887,-0.321459,-2.811541,0.000093,0.002164,-0.001798
21.8500,3.547056,-0.010206,-3.790479,0.000021,0.002133,-0.001863,3.418810,-0.340263,-2.829359,0.000037,0.002478,-0.001874
21.9000,3.562083,-0.010233,-3.790505,0.000021,0.002133,-0.001863,3.412696,-0.352800,-2.821812,0.000123,0.002172,-0.001890
21.9500,3.577110,-0.010261,-3.790531,0.000021,0.002132,-0.001862,3.403654,-0.371609,-2.839240,-0.000117,0.002114,-0.002002
22.0000,3.591969,-0.010281,-3.790542,0.000020,0.002243,-0.001878,3.397530,-0.384143,-2.833167,0.000024,0.002170,-0.001767
22.0520,3.605075,-0.010273,-3.790509,0.000032,0.002667,-0.001954,3.387167,-0.402913,-2.849571,0.000130,0.002734,-0.002032
22.1000,3.614676,-0.010236,-3.790403,0.000077,0.003371,-0.002076,3.377782,-0.415402,-2.844733,0.000116,0.003217,-0.001975
22.1500,3.620488,-0.010183,-3.790226,0.000153,0.004218,-0.002241,3.359296,-0.434116,-2.859398,0.000082,0.004135,-0.002259
22.2000,3.623241,-0.010132,-3.789995,0.000258,0.005104,-0.002444,3.344144,-0.446582,-2.855574,0.000319,0.004875,-0.002452
22.2520,3.623995,-0.010094,-3.789740,0.000376,0.005945,-0.002649,3.318893,-0.465301,-2.868361,0.000400,0.005985,-0.002663
22.3000,3.623712,-0.010071,-3.789499,0.000493,0.006653,-0.002813,3.300799,-0.477781,-2.865448,0.000625,0.006464,-0.002931
22.3500,3.623090,-0.010061,-3.789299,0.000598,0.007198,-0.002937,3.273404,-0.496543,-2.876636,0.000594,0.007172,-0.002951
22.4000,3.622455,-0.010051,-3.789147,0.000688,0.007579,-0.003051,3.254838,-0.509033,-2.874583,0.000637,0.007508,-0.002890
22.4500,3.621871,-0.010045,-3.789040,0.000760,0.007815,-0.003139,3.626722,0.200337,-2.884692,0.000866,0.007768,-0.002990
22.5000,3.621382,-0.010043,-3.788969,0.000812,0.007937,-0.003195,3.620018,0.209221,-2.883424,0.000877,0.007788,-0.003239
22.5500,3.620991,-0.010047,-3.788926,0.000844,0.007971,-0.003231,3.610189,0.222529,-2.892120,0.000822,0.008081,-0.003232
22.6000,3.620677,-0.010053,-3.788903,0.000860,0.007937,-0.003257,3.603645,0.231405,-2.891454,0.000752,0.007985,-0.003128
22.6500,3.620414,-0.010061,-3.788896,0.000860,0.007849,-0.003275,3.594017,0.244707,-2.899044,0.000960,0.007843,-0.003473
22.7000,3.620174,-0.010068,-3.788897,0.000848,0.007721,-0.003284,3.587555,0.253583,-2.898860,0.000861,0.007649,-0.003260
22.7500,3.619942,-0.010075,-3.788904,0.000824,0.007563,-0.003289,3.577993,0.266883,-2.905411,0.001028,0.007557,-0.003244
22.8000,3.619713,-0.010082,-3.788915,0.000791,0.007381,-0.003291,3.571549,0.275756,-2.905609,0.000708,0.007385,-0.003391
22.8500,3.619483,-0.010090,-3.788927,0.000749,0.007183,-0.003287,3.561990,0.289052,-2.911194,0.000756,0.007098,-0.003318
22.9000,3.619252,-0.010097,-3.788940,0.000702,0.006972,-0.003279,3.555552,0.297925,-2.911692,0.000694,0.007169,-0.003122
22.9500,3.619019,-0.010102,-3.788954,0.000650,0.006754,-0.003268,3.545983,0.311226,-2.916385,0.000746,0.006703,-0.003391
23.0000,3.618763,-0.010102,-3.788969,0.000579,0.006516,-0.002827,3.539543,0.320103,-2.917111,0.000524,0.006616,-0.003041
23.0500,3.618455,-0.010122,-3.789015,0.000465,0.006255,0.000440,3.529877,0.333393,-2.921043,0.000460,0.006266,0.000240
23.1000,3.618144,-0.010176,-3.789077,0.000335,0.005986,0.006492,3.523340,0.342201,-2.921981,0.000461,0.005935,0.005180
23.1500,3.617862,-0.010230,-3.789132,0.000215,0.005699,0.013834,3.513520,0.355333,-2.925251,0.000265,0.005632,0.013715
23.2000,3.617605,-0.010279,-3.789177,0.000120,0.005423,0.022055,3.506902,0.364044,-2.926305,0.000291,0.005535,0.020282
23.2500,3.617366,-0.010330,-3.789213,0.000044,0.005167,0.031198,3.496911,0.377022,-2.928916,-0.000150,0.005145,0.031052
23.3000,3.617141,-0.010381,-3.789241,-0.000017,0.004931,0.041160,3.490170,0.385613,-2.930041,0.000102,0.004926,0.039101
23.3500,3.616924,-0.010429,-3.789264,-0.000056,0.004714,0.051713,3.479946,0.398401,-2.932044,-0.000040,0.004696,0.051720
23.4000,3.616713,-0.010469,-3.789282,-0.000073,0.004514,0.062695,3.473043,0.406860,-2.933204,0.000108,0.004566,0.060615
23.4500,3.616506,-0.010504,-3.789297,-0.000073,0.004329,0.074021,3.254245,-0.376789,-2.934564,-0.000070,0.004382,0.074036
23.5000,3.616302,-0.010534,-3.789309,-0.000062,0.004158,0.085627,3.242489,-0.392649,-2.935725,-0.000154,0.004194,0.083289
23.5500,3.616101,-0.010562,-3.789319,-0.000042,0.004000,0.097453,3.225137,-0.416638,-2.936709,0.000089,0.003894,0.097674
23.6000,3.615904,-0.010587,-3.789328,-0.000017,0.003854,0.109446,3.213767,-0.432766,-2.937862,-0.000132,0.003863,0.106889
23.6500,3.615709,-0.010611,-3.789335,0.000011,0.003719,0.121570,3.196997,-0.457157,-2.938430,-0.000025,0.003800,0.121567
23.7000,3.615516,-0.010636,-3.789341,0.000040,0.003593,0.133795,3.186022,-0.473552,-2.939551,0.000141,0.003598,0.131316
23.7500,3.615327,-0.010661,-3.789347,0.000069,0.003478,0.146101,3.169859,-0.498347,-2.939771,0.000102,0.003377,0.146259
23.8000,3.615140,-0.010687,-3.789352,0.000097,0.003371,0.158469,3.159295,-0.515010,-2.940847,0.000168,0.003312,0.156100
23.8500,3.614956,-0.010714,-3.789357,0.000125,0.003272,0.170885,3.143754,-0.540202,-2.940777,0.000130,0.003283,0.170923
23.9000,3.614774,-0.010742,-3.789361,0.000151,0.003180,0.183339,3.133605,-0.557121,-2.941795,0.000130,0.003104,0.180766
23.9500,3.614595,-0.010772,-3.789365,0.000176,0.003096,0.195822,3.118697,-0.582692,-2.941490,0.000253,0.003137,0.195927
24.0000,3.614419,-0.010803,-3.789369,0.000199,0.003018,0.208327,3.108978,-0.599863,-2.942445,0.000307,0.003077,0.205838
24.0500,3.614244,-0.010836,-3.789373,0.000221,0.002947,0.220850,3.094727,-0.625806,-2.941961,0.000220,0.003014,0.220923
24.1000,3.614073,-0.010870,-3.789377,0.000241,0.002880,0.233387,3.085448,-0.643218,-2.942846,0.000253,0.002829,0.230940
24.1500,3.613903,-0.010905,-3.789380,0.000260,0.002819,0.245933,3.071857,-0.669513,-2.942225,0.000312,0.002702,0.245885
24.2000,3.613736,-0.010942,-3.789384,0.000279,0.002763,0.258487,3.063018,-0.687155,-2.943040,0.000299,0.002752,0.255890
24.2500,3.613571,-0.010981,-3.789388,0.000296,0.002711,0.271047,3.050096,-0.713784,-2.942322,0.000343,0.002601,0.271005
24.3020,3.613408,-0.011021,-3.789392,0.000312,0.002662,0.283612,3.041708,-0.731644,-2.943067,0.000313,0.002741,0.281047
24.3500,3.613248,-0.011063,-3.789396,0.000327,0.002618,0.296180,3.029467,-0.758592,-2.942287,0.000326,0.002539,0.296131
24.4000,3.613090,-0.011106,-3.789400,0.000341,0.002576,0.308750,3.021535,-0.776659,-2.942964,0.000382,0.002455,0.306236
24.4500,3.612934,-0.011151,-3.789404,0.000355,0.002538,0.321322,3.468794,-0.400176,-2.942136,0.000483,0.002567,0.321323
24.5000,3.612780,-0.011197,-3.789409,0.000368,0.002503,0.333895,3.473110,-0.404378,-2.942735,0.000250,0.002496,0.331493
24.5500,3.612629,-0.011245,-3.789413,0.000381,0.002470,0.346469,3.479666,-0.410598,-2.941907,0.000262,0.002696,0.346483
24.6000,3.612480,-0.011294,-3.789417,0.000393,0.002439,0.359043,3.484091,-0.414689,-2.942444,0.000432,0.002644,0.356564
24.6500,3.612333,-0.011344,-3.789422,0.000405,0.002411,0.371617,3.681528,0.022783,-3.733201,0.000542,0.002450,0.371662
24.7000,3.612188,-0.011396,-3.789426,0.000416,0.002384,0.384192,3.690692,0.034863,-3.773028,0.000495,0.002249,0.381712
24.7500,3.612046,-0.011449,-3.789431,0.000428,0.002360,0.396766,3.704151,0.053141,-3.799874,0.000653,0.002281,0.396623
24.8000,3.611905,-0.011503,-3.789435,0.000438,0.002336,0.409340,3.712991,0.065440,-3.836654,0.000472,0.002325,0.407027
24.8500,3.611767,-0.011558,-3.789440,0.000449,0.002315,0.421913,3.725826,0.084027,-3.836846,0.000322,0.002460,0.421982
24.9000,3.611631,-0.011615,-3.789444,0.000460,0.002295,0.434486,3.734319,0.096534,-3.868292,0.000289,0.002241,0.431881
24.9500,3.611497,-0.011672,-3.789449,0.000470,0.002276,0.447058,3.746414,0.115406,-3.831602,0.000423,0.002165,0.447187
25.0000,3.611365,-0.011731,-3.789454,0.000480,0.002258,0.459630,3.754538,0.128113,-3.855478,0.000373,0.002290,0.457016
25.0500,3.611236,-0.011791,-3.789458,0.000490,0.002242,0.472201,3.765848,0.147227,-3.779093,0.000532,0.002450,0.472333
25.1000,3.611108,-0.011852,-3.789463,0.000499,0.002226,0.484772,3.773578,0.160119,-3.793823,0.000417,0.002184,0.482487
25.1500,3.610983,-0.011914,-3.789468,0.000509,0.002211,0.497342,3.784116,0.179463,-3.685131,0.000489,0.002297,0.497334
25.2000,3.610859,-0.011977,-3.789472,0.000519,0.002197,0.509911,3.791452,0.192527,-3.690223,0.000489,0.002216,0.507634
25.2500,3.610738,-0.012040,-3.789477,0.000528,0.002184,0.522480,3.801316,0.212106,-3.564175,0.000472,0.002189,0.522419
25.3000,3.610619,-0.012105,-3.789482,0.000537,0.002172,0.535048,3.808256,0.225330,-3.560278,0.000554,0.002193,0.532316
25.3500,3.610502,-0.012171,-3.789486,0.000547,0.002160,0.547615,3.817573,0.245149,-3.433186,0.000604,0.002175,0.547681
25.4000,3.610387,-0.012237,-3.789491,0.000556,0.002149,0.560182,3.824124,0.258524,-3.421759,0.000468,0.001941,0.557823
25.4500,3.610274,-0.012304,-3.789496,0.000565,0.002138,0.572748,4.099988,0.095882,-3.306200,0.000717,0.002062,0.572786
25.5000,3.610163,-0.012372,-3.789500,0.000574,0.002128,0.585313,4.121957,0.100662,-3.289052,0.000508,0.002020,0.582783
25.5500,3.610054,-0.012440,-3.789505,0.000582,0.002119,0.597878,4.154570,0.108202,-3.191629,0.000600,0.002146,0.597945
25.6000,3.609947,-0.012510,-3.789510,0.000591,0.002110,0.610442,4.176396,0.113526,-3.170534,0.000737,0.002016,0.608048
25.6520,3.609842,-0.012580,-3.789514,0.000600,0.002101,0.623006,4.208866,0.121889,-3.093495,0.000643,0.002043,0.622941
25.7000,3.609739,-0.012650,-3.789519,0.000608,0.002093,0.635569,4.230543,0.127753,-3.070009,0.000530,0.002122,0.632956
25.7500,3.609638,-0.012721,-3.789523,0.000617,0.002085,0.648131,4.262859,0.136938,-3.012519,0.000618,0.001986,0.648266
25.8000,3.609539,-0.012793,-3.789528,0.000625,0.002077,0.660693,4.284378,0.143342,-2.987905,0.000448,0.002108,0.658273
25.8500,3.609442,-0.012865,-3.789532,0.000634,0.002070,0.673254,4.316519,0.153353,-2.947704,0.000524,0.002192,0.673286
25.9000,3.609347,-0.012938,-3.789536,0.000642,0.002063,0.685814,4.337872,0.160297,-2.922949,0.000617,0.002091,0.683272
25.9500,3.609254,-0.013011,-3.789541,0.000650,0.002056,0.698374,4.369820,0.171125,-2.897339,0.000764,0.002058,0.698437
26.0000,3.609162,-0.013085,-3.789545,0.000658,0.002049,0.710933,4.390999,0.178602,-2.873187,0.000799,0.001999,0.708405
26.0500,3.609073,-0.013159,-3.789549,0.000666,0.002043,0.723492,4.422740,0.190230,-2.859522,0.000900,0.002080,0.723417
26.1020,3.608985,-0.013233,-3.789554,0.000674,0.002037,0.736050,4.443738,0.198230,-2.836518,0.000630,0.002092,0.733489
26.1520,3.608899,-0.013308,-3.789558,0.000682,0.002031,0.748608,4.475249,0.210659,-2.832412,0.000685,0.001881,0.748510
26.2000,3.608815,-0.013383,-3.789562,0.000689,0.002025,0.761165,4.496048,0.219189,-2.810941,0.000748,0.001874,0.758674
26.2500,3.608733,-0.013458,-3.789566,0.000697,0.002020,0.773721,4.527292,0.232411,-2.814315,0.000798,0.001935,0.773768
26.3000,3.608653,-0.013534,-3.789570,0.000705,0.002014,0.786277,4.547887,0.241463,-2.794639,0.000650,0.002080,0.783775
26.3500,3.608575,-0.013610,-3.789574,0.000712,0.002009,0.798832,4.578851,0.255472,-2.803719,0.000718,0.002095,0.798789
26.4020,3.608498,-0.013686,-3.789579,0.000720,0.002004,0.811387,4.599231,0.265045,-2.785991,0.000763,0.002039,0.808908
26.4500,3.608423,-0.013762,-3.789583,0.000727,0.001999,0.823941,3.489666,-0.675217,-2.799084,0.000723,0.001981,0.823822
26.5000,3.608350,-0.013838,-3.789587,0.000734,0.001994,0.836495,3.479806,-0.700293,-2.783359,0.000738,0.001905,0.833853
26.5500,3.608278,-0.013915,-3.789590,0.000741,0.001990,0.849048,3.465562,-0.738077,-2.799559,0.000754,0.002105,0.848834
26.6000,3.608209,-0.013992,-3.789594,0.000749,0.001985,0.861600,3.456347,-0.763392,-2.785853,0.000775,0.002008,0.859123
26.6500,3.608141,-0.014069,-3.789598,0.000756,0.001981,0.874152,3.443099,-0.801515,-2.803865,0.000556,0.001951,0.873977
26.7000,3.608074,-0.014146,-3.789602,0.000763,0.001976,0.886704,3.434534,-0.827049,-2.792120,0.000763,0.002003,0.884301
26.7500,3.608009,-0.014222,-3.789606,0.000770,0.001972,0.899255,3.422281,-0.865473,-2.811041,0.000752,0.002096,0.899332
26.8020,3.607946,-0.014299,-3.789610,0.000776,0.001968,0.911805,3.414378,-0.891208,-2.801158,0.000629,0.002062,0.909408
26.8500,3.607885,-0.014376,-3.789613,0.000783,0.001963,0.924355,3.403124,-0.929911,-2.820256,0.000923,0.001917,0.924289
26.9000,3.607825,-0.014453,-3.789617,0.000790,0.001959,0.936905,3.395881,-0.955831,-2.812113,0.000787,0.002139,0.934548
26.9500,3.607767,-0.014530,-3.789621,0.000797,0.001955,0.949454,3.385637,-0.994792,-2.830796,0.000965,0.001898,0.949242
27.0000,3.607710,-0.014607,-3.789624,0.000803,0.001951,0.962003,3.379056,-1.020879,-2.824239,0.000800,0.001938,0.959634
27.0500,3.607655,-0.014684,-3.789628,0.000810,0.001947,0.974551,3.369819,-1.060074,-2.842062,0.000653,0.001921,0.974570
27.1000,3.607602,-0.014761,-3.789632,0.000816,0.001943,0.987098,3.363911,-1.086312,-2.836928,0.000770,0.001893,0.984489
27.1500,3.607550,-0.014838,-3.789635,0.000823,0.001940,0.999645,3.355672,-1.125716,-2.853566,0.000700,0.001945,0.999617
27.2000,3.607499,-0.014914,-3.789639,0.000829,0.001936,1.012192,3.350434,-1.152089,-2.849692,0.000844,0.002089,1.009663
27.2500,3.607450,-0.014990,-3.789642,0.000835,0.001932,1.024738,3.343188,-1.191684,-2.864921,0.000919,0.001857,1.024810
27.3000,3.607403,-0.015067,-3.789646,0.000842,0.001928,1.037284,3.338622,-1.218176,-2.862138,0.000887,0.002007,1.034775
27.3500,3.607357,-0.015143,-3.789649,0.000848,0.001925,1.049829,3.332376,-1.257939,-2.875826,0.000958,0.001930,1.049770
27.4000,3.607312,-0.015219,-3.789652,0.000854,0.001921,1.062374,3.328480,-1.284531,-2.873973,0.000860,0.001977,1.059947
27.4500,3.607269,-0.015294,-3.789656,0.000860,0.001917,1.074918,3.565738,-0.164998,-2.886178,0.000712,0.002065,1.074882
27.5000,3.607227,-0.015370,-3.789659,0.000866,0.001914,1.087462,3.563599,-0.156651,-2.885109,0.000885,0.001933,1.085162
27.5500,3.607187,-0.015445,-3.789662,0.000872,0.001910,1.100006,3.560256,-0.144160,-2.895600,0.000924,0.001967,1.100173
27.6000,3.607148,-0.015520,-3.789665,0.000878,0.001907,1.112549,3.557912,-0.135865,-2.895169,0.000832,0.001909,1.110121
27.6500,3.607110,-0.015594,-3.789669,0.000884,0.001903,1.125091,3.554264,-0.123457,-2.904119,0.001033,0.002028,1.125008
27.7020,3.607074,-0.015669,-3.789672,0.000890,0.001899,1.137634,3.551720,-0.115223,-2.904200,0.000749,0.001894,1.134964
27.7500,3.607039,-0.015743,-3.789675,0.000896,0.001896,1.150175,3.547770,-0.102904,-2.911698,0.001040,0.001914,1.150022
27.8000,3.607005,-0.015816,-3.789678,0.000902,0.001892,1.162717,3.545024,-0.094731,-2.912176,0.000922,0.001949,1.160116
27.8500,3.606973,-0.015890,-3.789681,0.000908,0.001889,1.175258,3.540772,-0.082514,-2.918326,0.000898,0.001976,1.175344
27.9000,3.606942,-0.015963,-3.789684,0.000913,0.001885,1.187798,3.537825,-0.074413,-2.919106,0.000935,0.001844,1.185356
27.9500,3.606912,-0.016035,-3.789687,0.000919,0.001882,1.200338,3.533267,-0.062308,-2.924031,0.000913,0.001866,1.200255
28.0000,3.606883,-0.016108,-3.789690,0.000925,0.001879,1.212878,3.530122,-0.054284,-2.925026,0.000886,0.001816,1.210482
28.0500,3.606856,-0.016180,-3.789693,0.000930,0.001875,1.225417,3.525263,-0.042301,-2.928860,0.001045,0.001829,1.225309
28.1000,3.606830,-0.016251,-3.789696,0.000936,0.001872,1.237956,3.521921,-0.034356,-2.929997,0.001115,0.001902,1.235490
28.1500,3.606805,-0.016322,-3.789699,0.000941,0.001868,1.250495,3.516769,-0.022500,-2.932871,0.001043,0.001907,1.250496
28.2000,3.606781,-0.016393,-3.789702,0.000947,0.001865,1.263033,3.513233,-0.014640,-2.934093,0.000962,0.001999,1.260700
28.2500,3.606758,-0.016464,-3.789705,0.000952,0.001861,1.275571,3.507785,-0.002915,-2.936137,0.000891,0.001940,1.275671
28.3000,3.606736,-0.016533,-3.789707,0.000958,0.001858,1.288108,3.504055,0.004858,-2.937396,0.000886,0.001869,1.285650
28.3500,3.606716,-0.016603,-3.789710,0.000963,0.001854,1.300646,3.498309,0.016444,-2.938732,0.000866,0.001750,1.300717
28.4000,3.606696,-0.016672,-3.789713,0.000969,0.001851,1.313182,3.494383,0.024120,-2.939987,0.001006,0.001829,1.310532
28.4500,3.606678,-0.016740,-3.789716,0.000974,0.001847,1.325719,3.552894,0.271530,-2.940760,0.000888,0.001827,1.325792
28.5000,3.606661,-0.016808,-3.789718,0.000979,0.001844,1.338255,3.549475,0.286440,-2.941987,0.001058,0.001811,1.335719
28.5500,3.606645,-0.016876,-3.789721,0.000985,0.001840,1.350790,3.544066,0.308736,-2.942244,0.000931,0.001769,1.350855
28.6000,3.606629,-0.016943,-3.789724,0.000990,0.001837,1.363325,3.540277,0.323554,-2.943416,0.000839,0.001837,1.360729
28.6520,3.606615,-0.017010,-3.789726,0.000995,0.001834,1.375860,3.534310,0.345707,-2.943288,0.000843,0.001804,1.375864
28.7000,3.606602,-0.017076,-3.789729,0.001000,0.001830,1.388395,3.530149,0.360425,-2.944390,0.000866,0.001706,1.385818
28.7500,3.606590,-0.017141,-3.789731,0.001005,0.001827,1.400929,3.523627,0.382419,-2.943961,0.000875,0.001658,1.400852
28.8000,3.606579,-0.017206,-3.789734,0.001010,0.001823,1.413463,3.519096,0.397026,-2.944981,0.001068,0.001779,1.410909
28.8500,3.606568,-0.017271,-3.789736,0.001015,0.001820,1.425997,3.512020,0.418842,-2.944328,0.001095,0.001907,1.425875
28.9000,3.606559,-0.017335,-3.789739,0.001021,0.001816,1.438530,3.507128,0.433331,-2.945265,0.001090,0.001865,1.435886
28.9520,3.606551,-0.017398,-3.789741,0.001026,0.001813,1.451063,3.499509,0.454963,-2.944452,0.001110,0.001656,1.450995
29.0000,3.606543,-0.017461,-3.789744,0.001031,0.001809,1.463595,3.494256,0.469326,-2.945302,0.001358,0.001942,1.461104
29.0500,3.606536,-0.017523,-3.789746,0.001035,0.001805,1.476128,3.486103,0.490764,-2.944381,0.000895,0.001999,1.476204
29.1000,3.606530,-0.017585,-3.789749,0.001040,0.001802,1.488659,3.480492,0.504993,-2.945147,0.000997,0.001896,1.486183
29.1500,3.606525,-0.017646,-3.789751,0.001045,0.001798,1.501191,3.471803,0.526222,-2.944164,0.001133,0.001767,1.501240
29.2000,3.606521,-0.017707,-3.789753,0.001050,0.001795,1.513722,3.465840,0.540307,-2.944845,0.001115,0.001914,1.511187
29.2500,3.606518,-0.017767,-3.789756,0.001055,0.001791,1.526253,3.456623,0.561311,-2.943837,0.001019,0.001798,1.526256
29.3000,3.606500,-0.017825,-3.789756,0.001078,0.001790,1.538411,3.450308,0.575241,-2.944443,0.001309,0.001893,1.536084
29.3500,3.606397,-0.017876,-3.789775,0.001164,0.001789,1.547760,3.440510,0.596027,-2.943441,0.001178,0.001633,1.547846
29.4000,3.606239,-0.017920,-3.789798,0.001264,0.001770,1.554254,3.433796,0.609838,-2.943990,0.001095,0.001797,1.552958
29.4500,3.606113,-0.017970,-3.789808,0.001319,0.001724,1.559462,3.824570,-0.144375,-2.942977,0.001433,0.001608,1.559575
29.5000,3.606022,-0.018026,-3.789804,0.001325,0.001679,1.563706,3.833266,-0.151849,-2.943445,0.001237,0.001610,1.562853
29.5500,3.605953,-0.018084,-3.789793,0.001309,0.001643,1.566931,3.846383,-0.163017,-2.942523,0.001303,0.001724,1.566799
29.6000,3.605897,-0.018143,-3.789779,0.001285,0.001610,1.569293,3.855164,-0.170436,-2.942924,0.001370,0.001665,1.568780
29.6500,3.605853,-0.018203,-3.789765,0.001251,0.001579,1.571043,3.651593,-0.015002,-3.716909,0.001246,0.001547,1.571147
29.7000,3.605820,-0.018264,-3.789752,0.001209,0.001548,1.572332,3.652457,-0.017342,-3.755780,0.001200,0.001566,1.572060
29.7520,3.605796,-0.018325,-3.789740,0.001161,0.001519,1.573239,3.653735,-0.020885,-3.781916,0.001192,0.001499,1.573401
29.8000,3.605778,-0.018386,-3.789730,0.001111,0.001491,1.573839,3.654609,-0.023235,-3.817810,0.001053,0.001745,1.573816
29.8500,3.605765,-0.018447,-3.789722,0.001059,0.001463,1.574202,3.655826,-0.026876,-3.817901,0.000912,0.001516,1.574356
29.9000,3.605757,-0.018509,-3.789715,0.001005,0.001437,1.574383,3.656692,-0.029247,-3.848581,0.000879,0.001521,1.574431
29.9500,3.605752,-0.018570,-3.789710,0.000952,0.001412,1.574419,3.657810,-0.033035,-3.812639,0.001043,0.001465,1.574276
30.0000,3.605750,-0.018630,-3.789706,0.000900,0.001388,1.574341,3.658655,-0.035437,-3.835927,0.000821,0.001438,1.574396
30.0500,3.605750,-0.018691,-3.789704,0.000849,0.001364,1.574175,3.659651,-0.039409,-3.761209,0.000935,0.001352,1.574083
30.1020,3.605751,-0.018751,-3.789702,0.000799,0.001342,1.573941,3.660467,-0.041851,-3.775559,0.000814,0.001300,1.574012
30.1500,3.605754,-0.018811,-3.789701,0.000751,0.001321,1.573653,3.661377,-0.045972,-3.669297,0.000806,0.001250,1.573627
30.2000,3.605758,-0.018870,-3.789701,0.000705,0.001300,1.573325,3.662165,-0.048457,-3.674233,0.000839,0.001324,1.573259
30.2500,3.605763,-0.018929,-3.789701,0.000661,0.001280,1.572967,3.663031,-0.052665,-3.551043,0.000674,0.001215,1.573071
30.3000,3.605766,-0.018777,-3.789708,0.000616,0.001163,1.572509,3.663792,-0.055162,-3.547202,0.000806,0.001200,1.572606
30.3500,3.605766,-0.016693,-3.789785,0.000556,0.000772,1.571815,3.664666,-0.057818,-3.423209,0.000565,0.000610,1.572083
30.4000,3.605775,-0.011007,-3.789955,0.000468,0.000142,1.571037,3.665405,-0.056839,-3.412133,0.000187,0.000421,1.571003
30.4500,3.605799,-0.001516,-3.790192,0.000363,-0.000600,1.570255,3.155249,0.338997,-3.299909,0.000414,-0.000620,1.570270
30.5020,3.605834,0.011007,-3.790456,0.000250,-0.001325,1.569467,3.127566,0.367521,-3.283331,0.000248,-0.001135,1.569593
30.5500,3.605878,0.025467,-3.790698,0.000133,-0.001971,1.568725,3.086056,0.413090,-3.189300,0.000349,-0.001922,1.568683
30.6000,3.605926,0.040879,-3.790892,0.000024,-0.002507,1.568048,3.058429,0.444479,-3.168844,0.000079,-0.002525,1.568273
30.6520,3.605975,0.056556,-3.791028,-0.000069,-0.002915,1.567419,3.017013,0.492245,-3.094760,0.000064,-0.002769,1.567234
30.7000,3.606026,0.072168,-3.791110,-0.000145,-0.003199,1.566806,2.989427,0.524019,-3.071912,-0.000273,-0.003201,1.566881
30.7500,3.606080,0.087669,-3.791148,-0.000206,-0.003373,1.566222,2.948086,0.571715,-3.016776,-0.000064,-0.003304,1.566328
30.8000,3.606139,0.103053,-3.791151,-0.000254,-0.003459,1.565682,2.920537,0.603334,-2.992796,-0.000163,-0.003451,1.565848
30.8500,3.606203,0.118341,-3.791130,-0.000287,-0.003476,1.565166,2.879249,0.650686,-2.954326,-0.000095,-0.003624,1.565483
30.9000,3.606272,0.133554,-3.791091,-0.000308,-0.003439,1.564674,2.851736,0.682179,-2.930208,-0.000178,-0.003266,1.564807
30.9500,3.606349,0.148722,-3.791040,-0.000318,-0.003359,1.564213,2.810485,0.729210,-2.905752,-0.000427,-0.003511,1.564154
31.0000,3.606434,0.163874,-3.790982,-0.000318,-0.003246,1.563775,2.783019,0.760660,-2.882233,-0.000349,-0.003122,1.563827
31.0500,3.606528,0.179027,-3.790921,-0.000311,-0.003108,1.563353,2.741780,0.807455,-2.869225,-0.000308,-0.003201,1.563358
31.1000,3.606631,0.194191,-3.790858,-0.000295,-0.002951,1.562943,2.714349,0.838923,-2.846845,-0.000323,-0.002965,1.563146
31.1500,3.606741,0.209366,-3.790795,-0.000274,-0.002780,1.562544,2.673124,0.885550,-2.842957,-0.000239,-0.002918,1.562503
31.2000,3.606859,0.224551,-3.790733,-0.000247,-0.002599,1.562156,2.645733,0.917046,-2.822088,-0.000185,-0.002544,1.562048
31.2500,3.606984,0.239742,-3.790674,-0.000215,-0.002411,1.561777,2.604522,0.963567,-2.825327,-0.000214,-0.002406,1.561773
31.3000,3.607115,0.254935,-3.790617,-0.000180,-0.002219,1.561405,2.577157,0.995068,-2.806215,-0.000077,-0.002241,1.561482
31.3500,3.607253,0.270129,-3.790563,-0.000143,-0.002025,1.561040,2.535974,1.041548,-2.814865,-0.000032,-0.002100,1.561230
31.4000,3.607397,0.285321,-3.790512,-0.000104,-0.001831,1.560681,2.508640,1.073044,-2.797644,-0.000041,-0.001745,1.560820
31.4500,3.607547,0.300511,-3.790464,-0.000064,-0.001638,1.560328,3.365038,0.747800,-2.810327,0.000063,-0.001622,1.560375
31.5020,3.607703,0.315698,-3.790419,-0.000024,-0.001449,1.559979,3.365419,0.767641,-2.795065,0.000036,-0.001388,1.559953
31.5500,3.607865,0.330883,-3.790378,0.000016,-0.001263,1.559636,3.365980,0.797276,-2.810400,-0.000046,-0.001547,1.559563
31.6000,3.608032,0.346066,-3.790340,0.000055,-0.001082,1.559296,3.366385,0.817106,-2.797087,0.000037,-0.001223,1.559257
31.6500,3.608205,0.361246,-3.790305,0.000093,-0.000906,1.558960,3.366989,0.846746,-2.814130,0.000151,-0.001079,1.559017
31.7000,3.608383,0.376424,-3.790273,0.000129,-0.000736,1.558628,3.367417,0.866569,-2.802715,0.000132,-0.000801,1.558913
31.7520,3.608567,0.391601,-3.790245,0.000163,-0.000572,1.558300,3.368066,0.896235,-2.820610,0.000312,-0.000549,1.558234
31.8000,3.608756,0.406775,-3.790220,0.000195,-0.000413,1.557975,3.368520,0.916052,-2.810994,0.000156,-0.000486,1.558302
31.8500,3.608950,0.421948,-3.790197,0.000225,-0.000261,1.557654,3.369218,0.945756,-2.829045,0.000197,-0.000207,1.557632
31.9000,3.609149,0.437119,-3.790178,0.000253,-0.000116,1.557335,3.369692,0.965571,-2.821105,0.000097,-0.000064,1.557595
31.9500,3.609353,0.452288,-3.790161,0.000278,0.000024,1.557020,3.370431,0.995319,-2.838754,0.000307,-0.000100,1.557033
32.0000,3.609562,0.467455,-3.790146,0.000301,0.000157,1.556707,3.370927,1.015129,-2.832339,0.000447,0.000114,1.556664
32.0500,3.609776,0.482620,-3.790134,0.000322,0.000284,1.556397,3.371716,1.044913,-2.849169,0.000470,0.000310,1.556289
32.1000,3.609995,0.497784,-3.790125,0.000340,0.000406,1.556091,3.372236,1.064720,-2.844127,0.000213,0.000224,1.555992
32.1500,3.610218,0.512945,-3.790117,0.000356,0.000522,1.555787,3.373064,1.094541,-2.859828,0.000502,0.000468,1.555871
32.2000,3.610446,0.528105,-3.790112,0.000369,0.000632,1.555485,3.373604,1.114345,-2.855995,0.000422,0.000601,1.555448
32.2500,3.610679,0.543263,-3.790109,0.000381,0.000736,1.555187,3.374474,1.144194,-2.870366,0.000360,0.000696,1.555204
32.3000,3.610916,0.558420,-3.790107,0.000391,0.000836,1.554891,3.375036,1.163999,-2.867585,0.000399,0.000552,1.555012
32.3500,3.611157,0.573574,-3.790108,0.000399,0.000931,1.554598,3.375936,1.193865,-2.880499,0.000305,0.000774,1.554562
32.4000,3.611404,0.588727,-3.790110,0.000405,0.001020,1.554307,3.376517,1.213668,-2.878616,0.000351,0.000960,1.554358
32.4500,3.611654,0.603878,-3.790114,0.000410,0.001105,1.554019,3.524240,1.249863,-2.890038,0.000407,0.001230,1.553843
32.5020,3.611909,0.619028,-3.790119,0.000413,0.001186,1.553734,3.529153,1.269835,-2.888912,0.000467,0.001183,1.553753
32.5500,3.612169,0.634176,-3.790126,0.000414,0.001262,1.553451,3.536544,1.299828,-2.898825,0.000385,0.001230,1.553513
32.6000,3.612432,0.649322,-3.790134,0.000415,0.001334,1.553171,3.541475,1.319800,-2.898313,0.000622,0.001239,1.553060
32.6500,3.612700,0.664466,-3.790143,0.000414,0.001403,1.552893,3.548895,1.349786,-2.906770,0.000440,0.001364,1.552807
32.7000,3.612973,0.679609,-3.790154,0.000412,0.001467,1.552618,3.553847,1.369752,-2.906756,0.000379,0.001488,1.552526
32.7500,3.613249,0.694751,-3.790166,0.000409,0.001529,1.552345,3.561292,1.399733,-2.913843,0.000451,0.001376,1.552287
32.8000,3.613530,0.709890,-3.790179,0.000406,0.001586,1.552075,3.566260,1.419696,-2.914218,0.000251,0.001581,1.552178
32.8500,3.613814,0.725028,-3.790193,0.000402,0.001641,1.551808,3.573731,1.449666,-2.920034,0.000466,0.001542,1.551904
32.9000,3.614103,0.740165,-3.790208,0.000397,0.001692,1.551543,3.578718,1.469624,-2.920705,0.000455,0.001574,1.551699
32.9500,3.614396,0.755300,-3.790224,0.000391,0.001741,1.551280,3.586218,1.499580,-2.925366,0.000403,0.001725,1.551233
33.0000,3.614693,0.770434,-3.790241,0.000386,0.001786,1.551020,3.591224,1.519532,-2.926250,0.000473,0.001791,1.551001
33.0500,3.614993,0.785566,-3.790259,0.000379,0.001829,1.550762,3.598752,1.549472,-2.929885,0.000448,0.001846,1.550606
33.1000,3.615298,0.800696,-3.790277,0.000373,0.001870,1.550507,3.603778,1.569419,-2.930916,0.000284,0.001786,1.550462
33.1500,3.615607,0.815826,-3.790297,0.000366,0.001908,1.550254,3.611329,1.599347,-2.933643,0.000503,0.001966,1.550312
33.2020,3.615919,0.830953,-3.790317,0.000359,0.001944,1.550003,3.616367,1.619290,-2.934760,0.000404,0.001980,1.550014
33.2500,3.616235,0.846080,-3.790337,0.000351,0.001977,1.549755,3.623935,1.649203,-2.936707,0.000305,0.001978,1.549784
33.3000,3.616556,0.861204,-3.790359,0.000344,0.002009,1.549509,3.628988,1.669141,-2.937866,0.000291,0.002003,1.549548
33.3500,3.616879,0.876328,-3.790381,0.000337,0.002039,1.549266,3.636577,1.699038,-2.939148,0.000214,0.002105,1.549153
33.4000,3.617207,0.891450,-3.790403,0.000329,0.002067,1.549025,3.641647,1.718969,-2.940311,0.000284,0.002140,1.549130
33.4500,3.617538,0.906571,-3.790426,0.000322,0.002093,1.548786,3.392593,1.221942,-2.940899,0.000312,0.002231,1.548599
33.5000,3.617873,0.921690,-3.790450,0.000314,0.002117,1.548550,3.389941,1.226142,-2.942024,0.000343,0.002165,1.548618
33.5500,3.618212,0.936808,-3.790474,0.000307,0.002140,1.548316,3.385968,1.232438,-2.942316,0.000158,0.001870,1.548275
33.6000,3.618554,0.951925,-3.790499,0.000300,0.002161,1.548084,3.383324,1.236637,-2.943396,0.000365,0.002069,1.548142
33.6500,3.618900,0.967040,-3.790524,0.000293,0.002181,1.547854,3.379361,1.242928,-2.943325,0.000159,0.002142,1.547875
33.7000,3.619249,0.982154,-3.790549,0.000286,0.002200,1.547627,3.376721,1.247125,-2.944346,0.000203,0.002332,1.547750
33.7500,3.619601,0.997267,-3.790575,0.000279,0.002217,1.547402,3.372765,1.253414,-2.943994,0.000263,0.002188,1.547376
33.8000,3.619958,1.012379,-3.790601,0.000272,0.002233,1.547179,3.370132,1.257613,-2.944946,0.000358,0.002264,1.547121
33.8500,3.620317,1.027489,-3.790627,0.000266,0.002248,1.546958,3.366189,1.263900,-2.944380,0.000224,0.002333,1.547045
33.9000,3.620680,1.042598,-3.790654,0.000260,0.002262,1.546740,3.363563,1.268098,-2.945258,0.000195,0.002295,1.546635
33.9500,3.621046,1.057706,-3.790681,0.000253,0.002275,1.546523,3.359628,1.274381,-2.944541,0.000327,0.002164,1.546468
34.0000,3.621416,1.072812,-3.790709,0.000248,0.002287,1.546309,3.357010,1.278577,-2.945342,0.000260,0.002441,1.546435
34.0500,3.621789,1.087918,-3.790736,0.000242,0.002298,1.546097,3.353087,1.284855,-2.944523,0.000153,0.002330,1.546093
34.1000,3.622165,1.103022,-3.790764,0.000236,0.002309,1.545887,3.350476,1.289049,-2.945248,0.000338,0.002196,1.545997
34.1500,3.622544,1.118125,-3.790792,0.000231,0.002318,1.545679,3.346563,1.295324,-2.944371,0.000025,0.002285,1.545802
34.2020,3.622927,1.133227,-3.790821,0.000226,0.002327,1.545473,3.343956,1.299518,-2.945024,0.000191,0.002382,1.545499
34.2500,3.623312,1.148328,-3.790849,0.000221,0.002335,1.545269,3.340049,1.305793,-2.944122,0.000079,0.002309,1.545309
34.3000,3.623701,1.163427,-3.790878,0.000216,0.002342,1.545067,3.337448,1.309987,-2.944704,0.000182,0.002202,1.545155
34.3500,3.624093,1.178526,-3.790907,0.000212,0.002349,1.544868,3.333549,1.316258,-2.943804,0.000366,0.002229,1.544934
34.4000,3.624488,1.193623,-3.790936,0.000207,0.002355,1.544670,3.330953,1.320447,-2.944323,0.000228,0.002245,1.544720
34.4500,3.624885,1.208719,-3.790965,0.000203,0.002360,1.544474,3.391741,1.207786,-2.943424,0.000327,0.002278,1.544646
34.5020,3.625286,1.223814,-3.790995,0.000199,0.002365,1.544280,3.391078,1.208408,-2.943882,0.000119,0.002387,1.544404
34.5500,3.625690,1.238908,-3.791024,0.000196,0.002370,1.544088,3.390087,1.209335,-2.943048,0.000304,0.002430,1.544165
34.6000,3.626097,1.254001,-3.791054,0.000192,0.002374,1.543899,3.389428,1.209956,-2.943456,0.000273,0.002405,1.543916
34.6500,3.626506,1.269093,-3.791084,0.000189,0.002377,1.543710,3.729428,1.295746,-3.730531,0.000314,0.002404,1.543668
34.7000,3.626919,1.284184,-3.791114,0.000185,0.002381,1.543524,3.740515,1.299393,-3.770064,0.000110,0.002456,1.543577
34.7500,3.627334,1.299274,-3.791144,0.000182,0.002383,1.543340,3.757149,1.304806,-3.796655,0.000115,0.002096,1.543449
34.8000,3.627752,1.314362,-3.791174,0.000179,0.002386,1.543158,3.768239,1.308430,-3.833158,0.000204,0.002312,1.543161
34.8500,3.628173,1.329450,-3.791205,0.000177,0.002388,1.542977,3.784861,1.313661,-3.833264,0.000248,0.002354,1.542894
34.9000,3.628597,1.344537,-3.791235,0.000174,0.002390,1.542799,3.795956,1.317238,-3.864463,0.000180,0.002548,1.542774
34.9500,3.629023,1.359622,-3.791265,0.000172,0.002391,1.542622,3.812556,1.322165,-3.827927,0.000316,0.002320,1.542504
35.0000,3.629452,1.374707,-3.791296,0.000169,0.002393,1.542446,3.823651,1.325675,-3.851608,0.000267,0.002451,1.542467
35.0500,3.629884,1.389791,-3.791327,0.000167,0.002394,1.542273,3.840224,1.330251,-3.775636,0.000286,0.002482,1.542420
35.1000,3.630318,1.404874,-3.791357,0.000165,0.002394,1.542102,3.851317,1.333682,-3.790226,0.000252,0.002531,1.542083
35.1500,3.630755,1.419955,-3.791388,0.000163,0.002395,1.541932,3.867865,1.337921,-3.682173,0.000126,0.002340,1.541875
35.2000,3.631195,1.435036,-3.791419,0.000161,0.002395,1.541764,3.878955,1.341266,-3.687189,0.000116,0.002307,1.541628
35.2500,3.631637,1.450116,-3.791450,0.000160,0.002395,1.541597,3.895502,1.345294,-3.561913,0.000012,0.002350,1.541598
35.3000,3.632082,1.465195,-3.791481,0.000158,0.002395,1.541433,3.906586,1.348554,-3.557999,0.000185,0.002497,1.541483
35.3500,3.632529,1.480273,-3.791512,0.000156,0.002395,1.541270,3.923138,1.352496,-3.431715,0.000282,0.002326,1.541320
35.4000,3.632978,1.495350,-3.791543,0.000155,0.002395,1.541108,3.934223,1.355686,-3.420326,0.000164,0.002374,1.541136
35.4500,3.633430,1.510426,-3.791574,0.000154,0.002394,1.540948,3.655735,1.262538,-3.305348,0.000232,0.002490,1.540951
35.5000,3.633885,1.525502,-3.791605,0.000152,0.002393,1.540790,3.650367,1.260278,-3.288266,0.000216,0.002443,1.540791
35.5500,3.634341,1.540576,-3.791636,0.000151,0.002393,1.540634,3.642290,1.256600,-3.191532,0.000078,0.002421,1.540637
35.6000,3.634800,1.555649,-3.791668,0.000150,0.002392,1.540479,3.636921,1.254321,-3.170535,0.000253,0.002447,1.540589
35.6500,3.635262,1.570722,-3.791699,0.000149,0.002391,1.540326,3.628855,1.250703,-3.094068,0.000039,0.002159,1.540340
35.7020,3.635726,1.585794,-3.791730,0.000148,0.002390,1.540174,3.623485,1.248406,-3.070703,-0.000018,0.002236,1.540256
35.7500,3.636192,1.600865,-3.791762,0.000148,0.002388,1.540024,3.615426,1.244857,-3.013667,0.000109,0.002401,1.540112
35.8000,3.636660,1.615935,-3.791793,0.000147,0.002387,1.539875,3.610058,1.242552,-2.989190,0.000262,0.002509,1.539773
35.8500,3.637131,1.631004,-3.791824,0.000146,0.002386,1.539728,3.602008,1.239083,-2.949337,0.000175,0.002588,1.539551
35.9020,3.637604,1.646073,-3.791856,0.000145,0.002384,1.539582,3.596643,1.236784,-2.924726,0.000107,0.002523,1.539420
35.9500,3.638079,1.661140,-3.791887,0.000145,0.002383,1.539438,3.588602,1.233405,-2.899371,0.000208,0.002250,1.539489
36.0000,3.638556,1.676207,-3.791919,0.000144,0.002381,1.539295,3.583241,1.231107,-2.875365,0.000086,0.002256,1.539370
36.0500,3.639035,1.691273,-3.791950,0.000144,0.002380,1.539154,3.575205,1.227796,-2.861879,0.000172,0.002425,1.539153
36.1020,3.639517,1.706338,-3.791982,0.000143,0.002378,1.539014,3.569843,1.225510,-2.839019,0.000015,0.002395,1.539104
36.1500,3.640000,1.721402,-3.792013,0.000143,0.002376,1.538876,3.561812,1.222282,-2.835027,0.000147,0.002597,1.538709
36.2000,3.640486,1.736466,-3.792045,0.000142,0.002374,1.538739,3.556454,1.220011,-2.813696,0.000076,0.002319,1.538713
36.2500,3.640973,1.751529,-3.792076,0.000142,0.002373,1.538604,3.548437,1.216858,-2.817136,0.000154,0.002320,1.538772
36.3000,3.641463,1.766591,-3.792108,0.000142,0.002371,1.538470,3.543085,1.214598,-2.797591,0.000210,0.002332,1.538614
36.3500,3.641955,1.781652,-3.792139,0.000141,0.002369,1.538337,3.535077,1.211502,-2.806695,0.000163,0.002385,1.538267
36.4000,3.642449,1.796712,-3.792171,0.000141,0.002367,1.538205,3.529729,1.209259,-2.789088,0.000034,0.002507,1.538252
36.4500,3.642944,1.811772,-3.792203,0.000141,0.002365,1.538075,3.427521,1.185146,-2.802344,-0.000006,0.002544,1.537945
36.5000,3.643442,1.826831,-3.792234,0.000141,0.002363,1.537947,3.419259,1.182277,-2.786744,0.000055,0.002671,1.538025
36.5500,3.643941,1.841889,-3.792266,0.000141,0.002361,1.537819,3.406876,1.178059,-2.802883,0.000060,0.002423,1.537622
36.6000,3.644443,1.856947,-3.792297,0.000141,0.002359,1.537693,3.398617,1.175204,-2.789288,0.000260,0.002446,1.537623
36.6500,3.644946,1.872004,-3.792329,0.000140,0.002357,1.537568,3.386241,1.171030,-2.807228,0.000281,0.002365,1.537593
36.7000,3.645451,1.887060,-3.792361,0.000140,0.002356,1.537445,3.377990,1.168188,-2.795583,0.000123,0.002448,1.537541
36.7520,3.645959,1.902115,-3.792392,0.000140,0.002354,1.537323,3.365625,1.164054,-2.814427,-0.000018,0.002463,1.537465
36.8000,3.646467,1.917170,-3.792424,0.000140,0.002352,1.537202,3.357374,1.161227,-2.804636,-0.000040,0.002473,1.537200
36.8500,3.646978,1.932224,-3.792456,0.000140,0.002350,1.537082,3.345007,1.157132,-2.823651,0.000149,0.002165,1.537113
36.9000,3.647491,1.947278,-3.792487,0.000140,0.002348,1.536963,3.336757,1.154317,-2.815586,0.000239,0.002416,1.536945
36.9500,3.648005,1.962330,-3.792519,0.000140,0.002346,1.536846,3.324401,1.150250,-2.834187,0.000118,0.002367,1.536803
37.0000,3.648521,1.977382,-3.792551,0.000140,0.002344,1.536730,3.316156,1.147451,-2.827697,0.000180,0.002258,1.536830
37.0500,3.649039,1.992434,-3.792583,0.000140,0.002342,1.536615,3.303803,1.143405,-2.845444,0.000087,0.002227,1.536701
37.1020,3.649558,2.007484,-3.792614,0.000140,0.002340,1.536501,3.295560,1.140614,-2.840370,0.000179,0.002270,1.536510
37.1500,3.650079,2.022534,-3.792646,0.000140,0.002338,1.536389,3.283211,1.136574,-2.856935,0.000236,0.002432,1.536381
37.2000,3.650602,2.037584,-3.792678,0.000140,0.002336,1.536277,3.274973,1.133794,-2.853108,0.000255,0.002258,1.536149
37.2500,3.651126,2.052632,-3.792709,0.000141,0.002334,1.536167,3.262637,1.129759,-2.868273,0.000195,0.002198,1.536076
37.3000,3.651653,2.067681,-3.792741,0.000141,0.002332,1.536058,3.254405,1.126984,-2.865531,0.000131,0.002152,1.536135
37.3500,3.652180,2.082728,-3.792773,0.000141,0.002330,1.535950,3.242073,1.122948,-2.879168,0.000004,0.002326,1.535921
37.4020,3.652710,2.097775,-3.792805,0.000141,0.002328,1.535843,3.233842,1.120180,-2.877351,0.000086,0.002396,1.535773
37.4500,3.653241,2.112821,-3.792836,0.000141,0.002326,1.535737,3.370924,1.168161,-2.889415,0.000488,0.002239,1.535756
37.5020,3.653773,2.127867,-3.792868,0.000141,0.002324,1.535632,3.367090,1.166922,-2.888371,0.000009,0.002150,1.535476
37.5500,3.654307,2.142912,-3.792900,0.000141,0.002322,1.535528,3.361341,1.165083,-2.898845,0.000098,0.002180,1.535448
37.6000,3.654843,2.157956,-3.792932,0.000141,0.002320,1.535426,3.357507,1.163843,-2.898436,0.000142,0.002323,1.535417
37.6500,3.655380,2.173000,-3.792963,0.000141,0.002319,1.535324,3.351760,1.162008,-2.907379,0.000227,0.002492,1.535197
37.7000,3.655919,2.188043,-3.792995,0.000142,0.002317,1.535224,3.347929,1.160772,-2.907480,0.000116,0.002374,1.535160
37.7500,3.656459,2.203086,-3.793027,0.000142,0.002315,1.535124,3.342186,1.158942,-2.914977,0.000041,0.002155,1.535099
37.8000,3.657000,2.218128,-3.793059,0.000142,0.002313,1.535026,3.338357,1.157708,-2.915475,0.000279,0.002225,1.535219
37.8500,3.657543,2.233170,-3.793090,0.000142,0.002311,1.534928,3.332619,1.155875,-2.921633,0.000037,0.002394,1.534911
37.9000,3.658088,2.248211,-3.793122,0.000142,0.002309,1.534832,3.328793,1.154640,-2.922431,0.000112,0.002304,1.535051
37.9500,3.658634,2.263251,-3.793154,0.000142,0.002308,1.534737,3.323057,1.152803,-2.927371,0.000174,0.002295,1.534741
38.0020,3.659181,2.278291,-3.793186,0.000143,0.002306,1.534642,3.319233,1.151568,-2.928384,0.000212,0.002220,1.534722
38.0500,3.659730,2.293330,-3.793217,0.000143,0.002304,1.534549,3.313500,1.149727,-2.932237,0.000037,0.002006,1.534451
38.1000,3.660280,2.308369,-3.793249,0.000143,0.002302,1.534456,3.309676,1.148490,-2.933393,0.000235,0.002385,1.534490
38.1500,3.660831,2.323407,-3.793281,0.000143,0.002301,1.534364,3.303944,1.146643,-2.936290,0.000085,0.002349,1.534453
38.2000,3.661384,2.338445,-3.793313,0.000143,0.002299,1.534274,3.300122,1.145407,-2.937531,0.000234,0.002287,1.534376
38.2500,3.661938,2.353482,-3.793345,0.000143,0.002297,1.534184,3.294389,1.143557,-2.939601,0.000272,0.002296,1.534317
38.3020,3.662494,2.368519,-3.793376,0.000144,0.002295,1.534095,3.290569,1.142320,-2.940877,0.000112,0.002313,1.534079
38.3500,3.663051,2.383555,-3.793408,0.000144,0.002294,1.534007,3.284840,1.140459,-2.942244,0.000164,0.002461,1.534190
38.4000,3.663609,2.398591,-3.793440,0.000144,0.002292,1.533920,3.281022,1.139219,-2.943518,0.000149,0.002141,1.534002
38.4500,3.664168,2.413626,-3.793472,0.000144,0.002290,1.533834,3.381813,1.172413,-2.944305,0.000218,0.002439,1.533746
38.5000,3.664729,2.428661,-3.793503,0.000144,0.002289,1.533749,3.381185,1.172218,-2.945548,0.000049,0.002421,1.533796
38.5500,3.665291,2.443695,-3.793535,0.000144,0.002287,1.533665,3.380244,1.171923,-2.945846,0.000058,0.002414,1.533718
38.6000,3.665854,2.458729,-3.793567,0.000145,0.002286,1.533581,3.379618,1.171730,-2.947035,0.000200,0.002331,1.533665
38.6500,3.666418,2.473762,-3.793599,0.000145,0.002284,1.533499,3.378680,1.171436,-2.946948,0.000186,0.002428,1.533678
38.7000,3.666984,2.488794,-3.793631,0.000145,0.002282,1.533417,3.378056,1.171245,-2.948069,0.000138,0.002208,1.533390
38.7500,3.667551,2.503827,-3.793662,0.000145,0.002281,1.533336,3.377120,1.170950,-2.947682,0.000130,0.002250,1.533183
38.8000,3.668119,2.518858,-3.793694,0.000145,0.002279,1.533256,3.376498,1.170755,-2.948723,-0.000111,0.002243,1.533460
38.8500,3.668688,2.533890,-3.793726,0.000146,0.002278,1.533177,3.375562,1.170452,-2.948111,0.000090,0.002286,1.533244
38.9000,3.669258,2.548920,-3.793758,0.000146,0.002276,1.533098,3.374939,1.170255,-2.949069,0.000259,0.002174,1.533132
38.9500,3.669830,2.563951,-3.793790,0.000146,0.002275,1.533021,3.374006,1.169950,-2.948296,0.000141,0.002356,1.533046
39.0000,3.670402,2.578981,-3.793821,0.000146,0.002273,1.532944,3.373385,1.169753,-2.949167,0.000228,0.002182,1.532755
39.0500,3.670976,2.594010,-3.793853,0.000146,0.002272,1.532868,3.372456,1.169446,-2.948287,0.000010,0.002379,1.532753
39.1000,3.671551,2.609039,-3.793885,0.000146,0.002270,1.532792,3.371837,1.169250,-2.949073,0.000232,0.002197,1.532945
39.1500,3.672127,2.624068,-3.793917,0.000147,0.002269,1.532718,3.370908,1.168941,-2.948132,0.000067,0.002250,1.532591
39.2000,3.672704,2.639096,-3.793949,0.000147,0.002267,1.532644,3.370290,1.168744,-2.948836,0.000138,0.002112,1.532665
39.2500,3.673282,2.654124,-3.793980,0.000147,0.002266,1.532571,3.369360,1.168433,-2.947869,0.000326,0.002316,1.532642
39.3000,3.673861,2.669151,-3.794012,0.000147,0.002265,1.532499,3.368743,1.168234,-2.948497,0.000230,0.002200,1.532517
39.3500,3.674441,2.684178,-3.794044,0.000147,0.002263,1.532427,3.367819,1.167921,-2.947533,0.000057,0.002145,1.532521
39.4000,3.675023,2.699204,-3.794076,0.000147,0.002262,1.532357,3.367206,1.167719,-2.948090,0.000175,0.002315,1.532365
39.4500,3.675605,2.714230,-3.794108,0.000148,0.002260,1.532287,3.399117,1.178127,-2.947154,0.000179,0.002262,1.532384
39.5000,3.676188,2.729256,-3.794139,0.000148,0.002259,1.532217,3.399487,1.178245,-2.947647,-0.000003,0.002186,1.532211
39.5500,3.676773,2.744281,-3.794171,0.000148,0.002258,1.532149,3.400043,1.178418,-2.946750,-0.000046,0.002307,1.532050
39.6020,3.677358,2.759306,-3.794203,0.000148,0.002256,1.532081,3.400414,1.178536,-2.947186,0.000210,0.002189,1.532202
39.6500,3.677944,2.774330,-3.794235,0.000148,0.002255,1.532014,3.676663,2.882525,-3.722879,0.000163,0.002269,1.531979
39.7000,3.678532,2.789354,-3.794267,0.000148,0.002254,1.531947,3.686572,2.941311,-3.761882,0.000108,0.002252,1.532026
39.7500,3.679120,2.804378,-3.794298,0.000149,0.002252,1.531881,3.701442,3.029446,-3.788119,0.000007,0.002183,1.531847
39.8000,3.679709,2.819401,-3.794330,0.000149,0.002251,1.531816,3.711370,3.088208,-3.824133,0.000156,0.002283,1.532034
39.8500,3.680300,2.834424,-3.794362,0.000149,0.002250,1.531752,3.726224,3.176181,-3.824255,0.000201,0.002114,1.531682
39.9000,3.680891,2.849447,-3.794394,0.000149,0.002249,1.531688,3.736149,3.234905,-3.855041,0.000184,0.002326,1.531748
39.9500,3.681483,2.864469,-3.794426,0.000149,0.002247,1.531625,3.750989,3.322617,-3.819025,0.000152,0.002466,1.531635
40.0000,3.682076,2.879490,-3.794457,0.000149,0.002246,1.531562,3.760920,3.381285,-3.842399,0.000280,0.002212,1.531596
40.0500,3.682670,2.894512,-3.794489,0.000149,0.002245,1.531500,3.775735,3.468678,-3.767489,0.000154,0.002146,1.531499
40.1000,3.683265,2.909533,-3.794521,0.000150,0.002244,1.531439,3.785665,3.527278,-3.781893,0.000305,0.002136,1.531401
40.1500,3.683860,2.924553,-3.794553,0.000150,0.002243,1.531378,3.800469,3.614389,-3.675330,0.000111,0.002319,1.531401
40.2000,3.684457,2.939574,-3.794585,0.000150,0.002241,1.531318,3.810396,3.672911,-3.680297,-0.000039,0.002099,1.531266
40.2520,3.685054,2.954594,-3.794617,0.000150,0.002240,1.531259,3.825203,3.759825,-3.556749,0.000222,0.002239,1.531178
40.3000,3.685653,2.969613,-3.794648,0.000150,0.002239,1.531200,3.835135,3.818273,-3.552906,0.000193,0.002352,1.531007
40.3500,3.686252,2.984632,-3.794680,0.000150,0.002238,1.531142,3.849940,3.905110,-3.428368,0.000194,0.002211,1.531219
40.4000,3.686852,2.999651,-3.794712,0.000151,0.002237,1.531085,3.859869,3.963500,-3.417155,0.000274,0.002203,1.531000
40.4500,3.687453,3.014670,-3.794744,0.000151,0.002236,1.531028,3.620914,2.494477,-3.303046,0.000152,0.002212,1.531055
40.5000,3.688055,3.029688,-3.794776,0.000151,0.002235,1.530971,3.616663,2.466087,-3.286162,0.000230,0.002053,1.531128
40.5500,3.688657,3.044706,-3.794807,0.000151,0.002234,1.530915,3.610256,2.423242,-3.190865,0.000110,0.002156,1.530858
40.6020,3.689260,3.059723,-3.794839,0.000151,0.002232,1.530860,3.606001,2.394835,-3.170127,-0.000073,0.002330,1.530909
40.6500,3.689865,3.074741,-3.794871,0.000151,0.002231,1.530806,3.599594,2.352044,-3.094817,0.000168,0.002131,1.530877
40.7000,3.690470,3.089758,-3.794903,0.000151,0.002230,1.530751,3.595333,2.323619,-3.071757,0.000042,0.002084,1.530682
40.7500,3.691075,3.104774,-3.794935,0.000151,0.002229,1.530698,3.588931,2.280887,-3.015601,0.000186,0.002198,1.530712
40.8000,3.691682,3.119790,-3.794967,0.000152,0.002228,1.530645,3.584668,2.252456,-2.991447,0.000214,0.002333,1.530716
40.8500,3.692289,3.134806,-3.794998,0.000152,0.002227,1.530592,3.578275,2.209798,-2.952224,0.000013,0.002182,1.530675
40.9000,3.692897,3.149822,-3.795030,0.000152,0.002226,1.530541,3.574011,2.181368,-2.927944,0.000266,0.002123,1.530616
40.9500,3.693506,3.164837,-3.795062,0.000152,0.002225,1.530489,3.567621,2.138784,-2.903009,0.000107,0.002220,1.530638
41.0020,3.694115,3.179852,-3.795094,0.000152,0.002224,1.530438,3.563357,2.110358,-2.879331,0.000367,0.002245,1.530465
41.0500,3.694725,3.194867,-3.795126,0.000152,0.002223,1.530388,3.556974,2.067851,-2.866090,0.000144,0.002040,1.530221
41.1000,3.695336,3.209881,-3.795157,0.000152,0.002222,1.530338,3.552705,2.039430,-2.843550,0.000153,0.002129,1.530436
41.1500,3.695948,3.224895,-3.795189,0.000152,0.002221,1.530289,3.546345,1.996976,-2.839666,0.000237,0.002394,1.530192
41.2000,3.696560,3.239909,-3.795221,0.000153,0.002220,1.530240,3.542081,1.968569,-2.818630,-0.000035,0.002042,1.530045
41.2500,3.697174,3.254923,-3.795253,0.000153,0.002219,1.530192,3.535708,1.926178,-2.822068,0.000133,0.002134,1.530183
41.3000,3.697787,3.269936,-3.795285,0.000153,0.002218,1.530144,3.531442,1.897779,-2.802799,-0.000052,0.002273,1.530111
41.3500,3.698402,3.284949,-3.795317,0.000153,0.002218,1.530097,3.525065,1.855451,-2.811808,0.000123,0.002254,1.529935
41.4000,3.699017,3.299962,-3.795348,0.000153,0.002217,1.530050,3.520796,1.827067,-2.794453,0.000405,0.002200,1.529843
41.4500,3.699633,3.314974,-3.795380,0.000153,0.002216,1.530003,3.426256,1.290439,-2.807482,0.000055,0.002315,1.530018
41.5000,3.700249,3.329986,-3.795412,0.000153,0.002215,1.529958,3.419258,1.246786,-2.792097,0.000278,0.002393,1.529773
41.5500,3.700866,3.344998,-3.795444,0.000153,0.002214,1.529912,3.408769,1.181381,-2.808045,0.000089,0.002095,1.529942
41.6000,3.701484,3.360010,-3.795476,0.000154,0.002213,1.529867,3.401767,1.137736,-2.794644,0.000142,0.002211,1.529770
41.6520,3.702103,3.375021,-3.795508,0.000154,0.002212,1.529823,3.391271,1.072366,-2.812358,0.000208,0.002169,1.529829
41.7000,3.702722,3.390032,-3.795539,0.000154,0.002211,1.529779,3.384268,1.028733,-2.800880,0.000013,0.002277,1.529839
41.7500,3.703342,3.405043,-3.795571,0.000154,0.002210,1.529735,3.373772,0.963400,-2.819480,0.000092,0.002067,1.529752
41.8020,3.703962,3.420053,-3.795603,0.000154,0.002210,1.529692,3.366766,0.919777,-2.809834,0.000120,0.002175,1.529948
41.8500,3.704583,3.435064,-3.795635,0.000154,0.002209,1.529649,3.356275,0.854470,-2.828599,0.000063,0.002307,1.529751
41.9000,3.705205,3.450074,-3.795667,0.000154,0.002208,1.529607,3.349268,0.810859,-2.820651,0.000334,0.002048,1.529623
41.9500,3.705827,3.465083,-3.795699,0.000154,0.002207,1.529565,3.338769,0.745578,-2.839006,0.000133,0.002216,1.529561
42.0000,3.706450,3.480093,-3.795730,0.000154,0.002206,1.529524,3.331755,0.701978,-2.832613,0.000113,0.002212,1.529500
42.0500,3.707073,3.495102,-3.795762,0.000154,0.002205,1.529483,3.321240,0.636721,-2.850119,0.000063,0.002166,1.529346
42.1000,3.707697,3.510111,-3.795794,0.000155,0.002205,1.529443,3.314224,0.593130,-2.845123,0.000163,0.002273,1.529136
42.1500,3.708322,3.525120,-3.795826,0.000155,0.002204,1.529402,3.303713,0.527889,-2.861458,0.000085,0.002199,1.529352
42.2000,3.708947,3.540128,-3.795858,0.000155,0.002203,1.529363,3.296700,0.484309,-2.857691,0.000258,0.002216,1.529284
42.2500,3.709572,3.555137,-3.795890,0.000155,0.002202,1.529323,3.286192,0.419074,-2.872649,0.000386,0.002073,1.529335
42.3000,3.710191,3.569970,-3.795907,0.000156,0.002315,1.529284,3.279174,0.375480,-2.869951,-0.000060,0.002451,1.529391
42.3500,3.710731,3.583030,-3.795881,0.000172,0.002740,1.529241,3.268607,0.308878,-2.883169,0.000171,0.002893,1.529432
42.4000,3.711117,3.592589,-3.795781,0.000222,0.003449,1.529152,3.261443,0.261996,-2.881255,0.000126,0.003324,1.529187
42.4500,3.711332,3.598361,-3.795611,0.000305,0.004300,1.528974,3.376473,0.988601,-2.892406,0.000163,0.004348,1.529036
42.5000,3.711410,3.601058,-3.795386,0.000419,0.005183,1.528749,3.372752,0.959505,-2.891102,0.000474,0.005187,1.528747
42.5500,3.711407,3.601735,-3.795137,0.000546,0.006014,1.528536,3.367043,0.913106,-2.899950,0.000486,0.005921,1.528414
42.6000,3.711375,3.601382,-3.794901,0.000672,0.006714,1.528349,3.363188,0.881042,-2.899147,0.000504,0.006629,1.528382
42.6500,3.711346,3.600715,-3.794706,0.000783,0.007249,1.528189,3.357401,0.832421,-2.906325,0.000887,0.007419,1.527987
42.7000,3.711316,3.600042,-3.794560,0.000877,0.007620,1.528040,3.353533,0.799909,-2.905994,0.000834,0.007674,1.528097
42.7500,3.711292,3.599429,-3.794458,0.000951,0.007846,1.527921,3.347744,0.751276,-2.911939,0.001004,0.008008,1.527841
42.8000,3.711278,3.598922,-3.794392,0.001004,0.007960,1.527833,3.343885,0.718880,-2.912009,0.001016,0.007847,1.527846
42.8500,3.711271,3.598522,-3.794354,0.001037,0.007988,1.527762,3.338114,0.670505,-2.916973,0.001035,0.008060,1.527668
42.9000,3.711270,3.598205,-3.794337,0.001053,0.007948,1.527701,3.334259,0.638277,-2.917354,0.001085,0.007959,1.527712
42.9500,3.711271,3.597940,-3.794333,0.001053,0.007857,1.527648,3.328490,0.590091,-2.921489,0.001150,0.007863,1.527760
43.0000,3.711272,3.597700,-3.794339,0.001039,0.007726,1.527603,3.324639,0.557942,-2.922098,0.001058,0.007930,1.527672
43.0520,3.711273,3.597469,-3.794350,0.001014,0.007565,1.527563,3.318876,0.509807,-2.925508,0.000927,0.007482,1.527443
43.1000,3.711275,3.597239,-3.794364,0.000979,0.007382,1.527527,3.315019,0.477676,-2.926291,0.000835,0.007495,1.527495
43.1500,3.711277,3.597009,-3.794380,0.000935,0.007182,1.527495,3.309242,0.429531,-2.929072,0.000663,0.007241,1.527604
43.2000,3.711278,3.596776,-3.794397,0.000886,0.006971,1.527468,3.305384,0.397403,-2.929972,0.000956,0.006931,1.527646
43.2500,3.711278,3.596542,-3.794414,0.000831,0.006752,1.527444,3.299598,0.349239,-2.932210,0.000793,0.006700,1.527380
43.3000,3.711273,3.596290,-3.794433,0.000757,0.006514,1.527864,3.295731,0.317106,-2.933198,0.000735,0.006303,1.527490
43.3500,3.711297,3.595999,-3.794483,0.000638,0.006253,1.531175,3.289997,0.268861,-2.935009,0.000698,0.006307,1.531130
43.4000,3.711354,3.595707,-3.794548,0.000503,0.005982,1.537287,3.286330,0.236664,-2.936089,0.000497,0.006012,1.536014
43.4520,3.711404,3.595438,-3.794606,0.000382,0.005694,1.544636,3.382909,0.993109,-2.938115,0.000520,0.005914,1.544621
43.5000,3.711445,3.595190,-3.794654,0.000289,0.005419,1.552848,3.382319,0.985016,-2.939235,0.000248,0.005482,1.551180
43.5500,3.711485,3.594957,-3.794692,0.000212,0.005166,1.561995,3.381531,0.972885,-2.940213,0.000323,0.005120,1.561966
43.6020,3.711527,3.594733,-3.794724,0.000151,0.004933,1.571966,3.381083,0.964805,-2.941315,0.000155,0.005165,1.569964
43.6500,3.711565,3.594515,-3.794749,0.000108,0.004719,1.582525,3.380532,0.952682,-2.941957,0.000064,0.004799,1.582610
43.7000,3.711599,3.594302,-3.794770,0.000086,0.004522,1.593507,3.380247,0.944605,-2.943028,0.000054,0.004553,1.591329
43.7500,3.711627,3.594092,-3.794787,0.000080,0.004339,1.604834,3.379944,0.932481,-2.943374,0.000077,0.004278,1.604803
43.8000,3.711652,3.593885,-3.794802,0.000084,0.004170,1.616441,3.379831,0.924404,-2.944405,0.000182,0.004264,1.614077
43.8500,3.711674,3.593681,-3.794815,0.000097,0.004013,1.628268,3.379803,0.912280,-2.944495,0.000026,0.004037,1.628382
43.9000,3.711694,3.593480,-3.794826,0.000116,0.003868,1.640261,3.379879,0.904206,-2.945477,0.000351,0.003800,1.637798
43.9500,3.711713,3.593283,-3.794836,0.000137,0.003732,1.652384,3.380139,0.892089,-2.945352,0.000146,0.003765,1.652503
44.0000,3.711733,3.593088,-3.794846,0.000161,0.003607,1.664610,3.380411,0.884022,-2.946278,0.000092,0.003412,1.662100
44.0500,3.711753,3.592895,-3.794854,0.000184,0.003491,1.676915,3.380967,0.871924,-2.945979,0.000134,0.003532,1.677091
44.1000,3.711774,3.592706,-3.794862,0.000208,0.003383,1.689283,3.381436,0.863869,-2.946848,0.000305,0.003290,1.686833
44.1500,3.711796,3.592519,-3.794870,0.000230,0.003283,1.701698,3.382292,0.851792,-2.946411,0.000194,0.003252,1.701581
44.2000,3.711819,3.592335,-3.794877,0.000252,0.003191,1.714151,3.382963,0.843754,-2.947218,0.000375,0.003137,1.711538
44.2500,3.711844,3.592154,-3.794884,0.000272,0.003105,1.726633,3.384124,0.831710,-2.946677,0.000193,0.003096,1.726578
44.3000,3.711870,3.591974,-3.794891,0.000291,0.003027,1.739138,3.384998,0.823694,-2.947422,0.000242,0.003052,1.736697
44.3500,3.711898,3.591798,-3.794898,0.000308,0.002954,1.751660,3.386460,0.811691,-2.946807,0.000455,0.002824,1.751657
44.4020,3.711928,3.591623,-3.794904,0.000325,0.002886,1.764195,3.387536,0.803702,-2.947492,0.000314,0.002797,1.761640
44.4500,3.711959,3.591451,-3.794911,0.000340,0.002824,1.776741,4.093570,3.438285,-2.946699,0.000321,0.002774,1.776753
44.5000,3.711992,3.591281,-3.794918,0.000355,0.002766,1.789294,4.104831,3.511794,-2.947254,0.000402,0.002833,1.786831
44.5500,3.712026,3.591114,-3.794924,0.000369,0.002713,1.801854,4.120347,3.622262,-2.946527,0.000281,0.002704,1.801668
44.6000,3.712062,3.590948,-3.794931,0.000382,0.002664,1.814417,4.129773,3.696034,-2.947021,0.000450,0.002684,1.811731
44.6500,3.712100,3.590785,-3.794938,0.000394,0.002618,1.826984,3.754011,3.646569,-3.688760,0.000477,0.002473,1.826917
44.7020,3.712139,3.590624,-3.794944,0.000406,0.002576,1.839554,3.749012,3.713605,-3.726109,0.000467,0.002658,1.837055
44.7500,3.712180,3.590466,-3.794951,0.000417,0.002536,1.852125,3.740249,3.814003,-3.751280,0.000266,0.002505,1.852025
44.8020,3.712222,3.590309,-3.794958,0.000428,0.002500,1.864697,3.733570,3.880879,-3.785764,0.000407,0.002541,1.862088
44.8500,3.712266,3.590155,-3.794965,0.000438,0.002466,1.877270,3.722290,3.980862,-3.785940,0.000666,0.002506,1.877291
44.9000,3.712311,3.590003,-3.794972,0.000448,0.002435,1.889843,3.713935,4.047509,-3.815430,0.000461,0.002432,1.887323
44.9500,3.712358,3.589854,-3.794979,0.000458,0.002405,1.902417,3.700157,4.146916,-3.781024,0.000417,0.002438,1.902421
45.0000,3.712406,3.589706,-3.794986,0.000467,0.002378,1.914990,3.690132,4.213277,-3.803419,0.000471,0.002378,1.912389
45.0500,3.712456,3.589561,-3.794993,0.000477,0.002352,1.927564,3.673871,4.312001,-3.731793,0.000396,0.002295,1.927722
45.1020,3.712506,3.589417,-3.795000,0.000486,0.002329,1.940137,3.662179,4.378020,-3.745607,0.000457,0.002182,1.937570
45.1500,3.712559,3.589276,-3.795007,0.000495,0.002306,1.952709,3.643457,4.476031,-3.643702,0.000493,0.002276,1.952605
45.2000,3.712612,3.589137,-3.795014,0.000504,0.002285,1.965281,3.630133,4.541666,-3.648488,0.000628,0.002302,1.962673
45.2500,3.712666,3.589000,-3.795021,0.000513,0.002266,1.977853,3.608941,4.638993,-3.530329,0.000474,0.002247,1.977900
45.3000,3.712722,3.588866,-3.795028,0.000522,0.002247,1.990424,3.593979,4.704207,-3.526683,0.000440,0.002269,1.987876
45.3500,3.712779,3.588733,-3.795035,0.000530,0.002230,2.002994,3.570344,4.800928,-3.407545,0.000673,0.002234,2.003061
45.4000,3.712837,3.588603,-3.795042,0.000539,0.002214,2.015564,3.553757,4.865689,-3.396839,0.000600,0.002307,2.013005
45.4500,3.712896,3.588474,-3.795049,0.000548,0.002198,2.028133,3.540766,4.265725,-3.288083,0.000582,0.002255,2.028119
45.5000,3.712956,3.588348,-3.795055,0.000556,0.002184,2.040702,3.526976,4.291400,-3.271987,0.000574,0.002106,2.038219
45.5500,3.713017,3.588224,-3.795062,0.000565,0.002170,2.053270,3.505827,4.329415,-3.180747,0.000596,0.002013,2.053304
45.6000,3.713079,3.588102,-3.795069,0.000574,0.002157,2.065837,3.491402,4.354718,-3.160957,0.000516,0.002205,2.063311
45.6500,3.713142,3.587982,-3.795076,0.000582,0.002145,2.078404,3.469301,4.392244,-3.088826,0.000646,0.002265,2.078418
45.7000,3.713206,3.587864,-3.795083,0.000591,0.002134,2.090970,3.454247,4.417170,-3.066802,0.000667,0.002221,2.088444
45.7500,3.713270,3.587748,-3.795090,0.000599,0.002123,2.103535,3.431208,4.454196,-3.012990,0.000538,0.002193,2.103478
45.8000,3.713336,3.587634,-3.795096,0.000607,0.002112,2.116100,3.415536,4.478736,-2.989917,0.000464,0.002139,2.113631
45.8520,3.713402,3.587522,-3.795103,0.000616,0.002102,2.128664,3.391570,4.515237,-2.952303,0.000620,0.001984,2.128697
45.9000,3.713469,3.587413,-3.795110,0.000624,0.002093,2.141228,3.375289,4.539376,-2.929100,0.000620,0.002043,2.138592
45.9500,3.713537,3.587305,-3.795116,0.000632,0.002084,2.153791,3.350411,4.575323,-2.905151,0.000741,0.002262,2.153839
46.0000,3.713605,3.587199,-3.795123,0.000640,0.002075,2.166353,3.333528,4.599053,-2.882522,0.000679,0.001926,2.163723
46.0500,3.713674,3.587095,-3.795129,0.000648,0.002067,2.178915,3.307752,4.634430,-2.869763,0.000749,0.001997,2.178884
46.1000,3.713744,3.586993,-3.795136,0.000656,0.002059,2.191476,3.290275,4.657737,-2.848212,0.000572,0.001943,2.189050
46.1500,3.713814,3.586893,-3.795142,0.000664,0.002051,2.204036,3.263610,4.692505,-2.844402,0.000831,0.002090,2.203963
46.2000,3.713885,3.586795,-3.795148,0.000672,0.002044,2.216596,3.245558,4.715377,-2.824289,0.000780,0.002204,2.213941
46.2500,3.713956,3.586699,-3.795155,0.000680,0.002036,2.229155,3.218032,4.749524,-2.827489,0.000659,0.001996,2.229276
46.3000,3.714028,3.586605,-3.795161,0.000688,0.002030,2.241714,3.199407,4.771945,-2.809057,0.000605,0.002021,2.239311
46.3500,3.714100,3.586512,-3.795167,0.000696,0.002023,2.254272,3.171022,4.805433,-2.817601,0.000584,0.002066,2.254239
46.4000,3.714173,3.586422,-3.795173,0.000703,0.002017,2.266829,3.151836,4.827396,-2.800998,0.000792,0.002010,2.264264
46.4500,3.714246,3.586333,-3.795179,0.000711,0.002011,2.279386,4.100873,3.815100,-2.813318,0.000605,0.002063,2.279529
46.5000,3.714320,3.586246,-3.795185,0.000719,0.002005,2.291943,4.116520,3.809617,-2.798596,0.000648,0.001967,2.289568
46.5500,3.714393,3.586161,-3.795191,0.000726,0.001999,2.304498,4.140080,3.801749,-2.813794,0.000597,0.001954,2.304519
46.6000,3.714468,3.586078,-3.795197,0.000734,0.001993,2.317054,4.155856,3.796668,-2.800967,0.000662,0.002088,2.314468
46.6500,3.714542,3.585997,-3.795203,0.000741,0.001988,2.329608,4.179594,3.789422,-2.817860,0.000855,0.001917,2.329599
46.7020,3.714617,3.585917,-3.795209,0.000748,0.001983,2.342162,4.195490,3.784748,-2.806873,0.000904,0.001938,2.339523
46.7500,3.714692,3.585840,-3.795215,0.000755,0.001977,2.354716,4.219396,3.778131,-2.824617,0.000833,0.002036,2.354826
46.8020,3.714767,3.585764,-3.795220,0.000763,0.001972,2.367269,4.235401,3.773874,-2.815376,0.000850,0.002046,2.364458
46.8500,3.714842,3.585690,-3.795226,0.000770,0.001968,2.379822,4.259454,3.767906,-2.833275,0.000657,0.001896,2.379936
46.9000,3.714918,3.585617,-3.795232,0.000777,0.001963,2.392374,4.275556,3.764065,-2.825665,0.000693,0.002080,2.389668
46.9500,3.714994,3.585546,-3.795237,0.000784,0.001958,2.404925,4.299740,3.758729,-2.843174,0.000761,0.001842,2.405044
47.0000,3.715069,3.585477,-3.795243,0.000791,0.001954,2.417476,4.315928,3.755307,-2.837050,0.000895,0.001911,2.414872
47.0500,3.715145,3.585410,-3.795248,0.000797,0.001949,2.430027,4.340239,3.750599,-2.853753,0.000805,0.001958,2.430044
47.1000,3.715221,3.585344,-3.795254,0.000804,0.001945,2.442577,4.356506,3.747595,-2.848962,0.000883,0.001907,2.440104
47.1500,3.715298,3.585280,-3.795259,0.000811,0.001940,2.455126,4.380924,3.743519,-2.864547,0.000808,0.001901,2.454980
47.2000,3.715374,3.585217,-3.795264,0.000818,0.001936,2.467675,4.397258,3.740931,-2.860935,0.000719,0.001876,2.465140
47.2500,3.715450,3.585157,-3.795269,0.000824,0.001932,2.480224,4.421766,3.737478,-2.875197,0.000843,0.002036,2.480258
47.3000,3.715526,3.585097,-3.795275,0.000831,0.001928,2.492772,4.438154,3.735315,-2.872606,0.000758,0.001870,2.490315
47.3500,3.715602,3.585040,-3.795280,0.000837,0.001924,2.505319,4.462738,3.732484,-2.885426,0.000713,0.001992,2.505338
47.4000,3.715678,3.584984,-3.795285,0.000844,0.001920,2.517866,4.479170,3.730737,-2.883706,0.000784,0.001995,2.515503
47.4500,3.715754,3.584929,-3.795290,0.000850,0.001916,2.530413,3.906930,3.565184,-2.895037,0.000939,0.001885,2.530464
47.5020,3.715830,3.584876,-3.795295,0.000856,0.001912,2.542959,3.906841,3.556018,-2.894047,0.000793,0.001876,2.540442
47.5500,3.715906,3.584824,-3.795300,0.000863,0.001908,2.555505,3.906875,3.542290,-2.903881,0.000778,0.001866,2.555807
47.6000,3.715981,3.584774,-3.795305,0.000869,0.001904,2.568050,3.907016,3.533128,-2.903490,0.000898,0.001945,2.565528
47.6500,3.716057,3.584726,-3.795310,0.000875,0.001900,2.580595,3.907391,3.519409,-2.911880,0.000916,0.001738,2.580532
47.7000,3.716132,3.584679,-3.795314,0.000881,0.001897,2.593139,3.907762,3.510257,-2.911968,0.000840,0.001836,2.590687
47.7500,3.716207,3.584633,-3.795319,0.000887,0.001893,2.605683,3.908481,3.496557,-2.918993,0.000923,0.002039,2.605552
47.8000,3.716282,3.584589,-3.795324,0.000893,0.001889,2.618227,3.909077,3.487422,-2.919455,0.000940,0.002011,2.615705
47.8500,3.716357,3.584546,-3.795329,0.000899,0.001886,2.630770,3.910133,3.473750,-2.925217,0.000793,0.001904,2.630547
47.9000,3.716432,3.584505,-3.795333,0.000905,0.001882,2.643312,3.910953,3.464636,-2.925962,0.000843,0.001948,2.640805
47.9500,3.716506,3.584465,-3.795338,0.000911,0.001878,2.655854,3.912351,3.450994,-2.930577,0.000961,0.001867,2.655780
48.0000,3.716580,3.584426,-3.795342,0.000917,0.001875,2.668396,3.913401,3.441905,-2.931523,0.000863,0.001963,2.665939
48.0500,3.716654,3.584389,-3.795347,0.000923,0.001871,2.680937,3.915143,3.428303,-2.935111,0.000952,0.001915,2.680865
48.1000,3.716727,3.584353,-3.795351,0.000928,0.001867,2.693478,3.916417,3.419247,-2.936192,0.000853,0.001978,2.690958
48.1500,3.716801,3.584318,-3.795355,0.000934,0.001864,2.706019,3.918497,3.405695,-2.938879,0.000896,0.002006,2.706146
48.2000,3.716873,3.584285,-3.795360,0.000940,0.001860,2.718559,3.919999,3.396678,-2.940039,0.001094,0.001877,2.716019
48.2520,3.716946,3.584252,-3.795364,0.000945,0.001857,2.731099,3.922415,3.383186,-2.941945,0.001128,0.001840,2.731177
48.3000,3.717018,3.584222,-3.795368,0.000951,0.001853,2.743638,3.924140,3.374216,-2.943140,0.001149,0.001855,2.741029
48.3500,3.717090,3.584192,-3.795373,0.000956,0.001850,2.756177,3.926896,3.360794,-2.944383,0.000824,0.001862,2.756041
48.4000,3.717162,3.584164,-3.795377,0.000962,0.001846,2.768716,3.928845,3.351874,-2.945577,0.000938,0.001904,2.766357
48.4500,3.717233,3.584136,-3.795381,0.000967,0.001843,2.781254,3.548505,3.079098,-2.946261,0.000970,0.001793,2.781209
48.5000,3.717304,3.584110,-3.795385,0.000973,0.001839,2.793792,3.540628,3.060551,-2.947422,0.000916,0.001915,2.791042
48.5520,3.717374,3.584085,-3.795389,0.000978,0.001836,2.806329,3.529161,3.032584,-2.947663,0.000977,0.001857,2.806481
48.6000,3.717444,3.584062,-3.795393,0.000984,0.001832,2.818866,3.521754,3.013845,-2.948774,0.000946,0.001767,2.816263
48.6500,3.717513,3.584039,-3.795397,0.000989,0.001829,2.831403,3.510994,2.985597,-2.948651,0.000973,0.001695,2.831450
48.7000,3.717582,3.584018,-3.795401,0.000994,0.001825,2.843939,3.504057,2.966677,-2.949698,0.001105,0.001807,2.841398
48.7500,3.717651,3.583997,-3.795405,0.001000,0.001822,2.856475,3.494013,2.938165,-2.949292,0.001104,0.001818,2.856550
48.8000,3.717719,3.583978,-3.795409,0.001005,0.001818,2.869011,3.487553,2.919077,-2.950263,0.000950,0.001929,2.866726
48.8500,3.717787,3.583960,-3.795412,0.001010,0.001815,2.881546,3.478227,2.890321,-2.949643,0.000912,0.001854,2.881577
48.9000,3.717854,3.583943,-3.795416,0.001015,0.001811,2.894081,3.472244,2.871078,-2.950536,0.000945,0.001776,2.891587
48.9500,3.717921,3.583927,-3.795420,0.001020,0.001808,2.906615,3.463639,2.842096,-2.949765,0.000859,0.001700,2.906630
49.0000,3.717988,3.583912,-3.795424,0.001025,0.001804,2.919150,3.458138,2.822708,-2.950579,0.001052,0.001807,2.916786
49.0500,3.718053,3.583897,-3.795427,0.001030,0.001801,2.931683,3.450260,2.793516,-2.949707,0.000969,0.001842,2.931648
49.1000,3.718119,3.583884,-3.795431,0.001036,0.001797,2.944217,3.445243,2.773995,-2.950438,0.001059,0.001842,2.941616
49.1500,3.718184,3.583872,-3.795434,0.001041,0.001793,2.956750,3.438094,2.744614,-2.949505,0.001082,0.001900,2.956782
49.2000,3.718248,3.583861,-3.795438,0.001046,0.001790,2.969283,3.433570,2.724975,-2.950159,0.001213,0.001821,2.966640
49.2500,3.718312,3.583851,-3.795441,0.001050,0.001786,2.981816,3.427157,2.695427,-2.949205,0.001141,0.001835,2.981774
49.3000,3.718375,3.583841,-3.795445,0.001055,0.001783,2.994348,3.423119,2.675682,-2.949784,0.000942,0.001770,2.991803
49.3500,3.718438,3.583833,-3.795448,0.001060,0.001779,3.006880,3.417445,2.645982,-2.948833,0.000930,0.001671,3.006922
49.4000,3.718500,3.583825,-3.795452,0.001065,0.001776,3.019411,3.413907,2.626142,-2.949348,0.000911,0.001834,3.016920
49.4500,3.718562,3.583819,-3.795455,0.001070,0.001772,3.031943,3.535141,3.245555,-2.948476,0.001057,0.001687,3.031975
49.5000,3.718623,3.583813,-3.795458,0.001075,0.001768,3.044474,3.532496,3.245553,-2.948934,0.001016,0.001798,3.041924
49.5500,3.718683,3.583808,-3.795462,0.001080,0.001765,3.057004,3.528531,3.245499,-2.948039,0.001131,0.001984,3.057138
49.6000,3.718742,3.583788,-3.795464,0.001102,0.001764,3.069162,3.525887,3.245429,-2.948442,0.001036,0.001924,3.066826
49.6500,3.718788,3.583685,-3.795483,0.001186,0.001763,3.078574,3.750215,3.562936,-3.733947,0.001161,0.001752,3.078686
49.7000,3.718828,3.583529,-3.795508,0.001285,0.001744,3.085185,3.753645,3.574776,-3.773416,0.001382,0.001777,3.084107
49.7500,3.718873,3.583394,-3.795520,0.001342,0.001700,3.090430,3.758721,3.592537,-3.799958,0.001146,0.001584,3.090389
49.8000,3.718923,3.583291,-3.795520,0.001354,0.001656,3.094659,3.762035,3.604432,-3.836384,0.001415,0.001794,3.093919
49.8500,3.718978,3.583210,-3.795512,0.001341,0.001621,3.097877,3.767067,3.622188,-3.836462,0.001286,0.001768,3.097820
49.9020,3.719034,3.583145,-3.795501,0.001316,0.001589,3.100249,3.770332,3.634110,-3.867584,0.001365,0.001382,3.099759
49.9500,3.719092,3.583094,-3.795489,0.001280,0.001559,3.102005,3.775438,3.651751,-3.831081,0.001393,0.001708,3.101997
50.0000,3.719152,3.583057,-3.795477,0.001236,0.001530,3.103294,3.778697,3.663673,-3.854696,0.001205,0.001503,3.102983
50.0500,3.719212,3.583029,-3.795468,0.001186,0.001502,3.104201,3.783965,3.681142,-3.778842,0.000964,0.001424,3.104280
50.1000,3.719272,3.583008,-3.795459,0.001133,0.001475,3.104802,3.787241,3.693042,-3.793384,0.000947,0.001310,3.104613
50.1500,3.719334,3.582994,-3.795452,0.001078,0.001449,3.105165,3.792647,3.710379,-3.685523,0.001256,0.001402,3.105154
50.2000,3.719395,3.582984,-3.795447,0.001023,0.001424,3.105344,3.795963,3.722241,-3.690514,0.001186,0.001303,3.105319
50.2500,3.719456,3.582978,-3.795443,0.000968,0.001399,3.105378,3.801468,3.739502,-3.565486,0.001053,0.001533,3.105215
50.3000,3.719518,3.582975,-3.795441,0.000914,0.001376,3.105298,3.804825,3.751327,-3.561568,0.000977,0.001087,3.105388
50.3500,3.719579,3.582974,-3.795439,0.000862,0.001354,3.105130,3.810360,3.768602,-3.435549,0.000786,0.001460,3.105076
50.4000,3.719640,3.582974,-3.795438,0.000811,0.001332,3.104893,3.813753,3.780392,-3.424169,0.000584,0.001466,3.104881
50.4500,3.719700,3.582976,-3.795438,0.000762,0.001311,3.104604,3.118795,3.874938,-3.309722,0.000709,0.001359,3.104643
50.5000,3.719760,3.582978,-3.795438,0.000715,0.001291,3.104274,3.083167,3.890838,-3.292679,0.000879,0.001253,3.104416
50.5500,3.719819,3.582982,-3.795439,0.000671,0.001272,3.103913,3.029875,3.914615,-3.196120,0.000661,0.001159,3.103876
50.6000,3.719651,3.582991,-3.795448,0.000630,0.001151,3.103449,2.994242,3.930537,-3.175162,0.000669,0.001316,3.103644
50.6500,3.717508,3.583077,-3.795527,0.000578,0.000754,3.102749,2.939329,3.954444,-3.099038,0.000668,0.000856,3.102837
50.7000,3.711745,3.583313,-3.795699,0.000497,0.000121,3.101960,2.900161,3.970546,-3.075817,0.000764,0.000199,3.102138
50.7500,3.702192,3.583719,-3.795938,0.000396,-0.000621,3.101171,2.836848,3.994931,-3.019642,0.000402,-0.000556,3.101247
50.8020,3.689637,3.584259,-3.796202,0.000287,-0.001344,3.100394,2.791972,4.011352,-2.995373,0.000215,-0.001311,3.100555
50.8500,3.675169,3.584885,-3.796444,0.000172,-0.001989,3.099658,2.722011,4.036145,-2.956667,0.000087,-0.001835,3.099499
50.9000,3.659756,3.585554,-3.796637,0.000066,-0.002521,3.098983,2.674378,4.052758,-2.932203,0.000063,-0.002486,3.099060
50.9500,3.644082,3.586230,-3.796772,-0.000026,-0.002925,3.098356,2.602529,4.077727,-2.907951,-0.000017,-0.002878,3.098361
51.0000,3.628477,3.586907,-3.796854,-0.000100,-0.003206,3.097745,2.554589,4.094408,-2.884003,-0.000100,-0.003142,3.097730
51.0500,3.612986,3.587582,-3.796892,-0.000160,-0.003378,3.097164,2.483131,4.119426,-2.871443,-0.000077,-0.003198,3.097180
51.1020,3.597614,3.588256,-3.796896,-0.000207,-0.003462,3.096628,2.435411,4.136158,-2.848601,-0.000276,-0.003273,3.096736
51.1500,3.582340,3.588930,-3.796875,-0.000241,-0.003478,3.096118,2.364546,4.161183,-2.845328,-0.000282,-0.003459,3.096065
51.2000,3.567143,3.589605,-3.796836,-0.000263,-0.003439,3.095632,2.317018,4.177961,-2.824004,-0.000314,-0.003616,3.095704
51.2520,3.551993,3.590287,-3.796786,-0.000274,-0.003358,3.095174,2.246680,4.202980,-2.827933,-0.000215,-0.003435,3.095263
51.3000,3.536860,3.590976,-3.796729,-0.000276,-0.003244,3.094737,2.199263,4.219807,-2.808412,-0.000351,-0.003115,3.094836
51.3500,3.521727,3.591673,-3.796668,-0.000269,-0.003105,3.094316,2.129263,4.244837,-2.817800,-0.000190,-0.003211,3.094312
51.4000,3.506584,3.592380,-3.796605,-0.000256,-0.002948,3.093906,2.081896,4.261716,-2.800233,-0.000177,-0.002966,3.094053
51.4500,3.491429,3.593095,-3.796543,-0.000236,-0.002777,3.093507,3.185126,4.200762,-2.814326,-0.000162,-0.002856,3.093475
51.5000,3.476265,3.593818,-3.796482,-0.000210,-0.002595,3.093118,3.174048,4.214838,-2.798853,-0.000339,-0.002637,3.093125
51.5500,3.461095,3.594548,-3.796423,-0.000181,-0.002407,3.092738,3.157673,4.235905,-2.814812,-0.000085,-0.002223,3.092730
51.6000,3.445923,3.595285,-3.796367,-0.000147,-0.002215,3.092365,3.146596,4.250001,-2.801339,-0.000094,-0.002142,3.092461
51.6500,3.430750,3.596028,-3.796313,-0.000112,-0.002021,3.091998,3.130232,4.271102,-2.818937,-0.000157,-0.002060,3.092031
51.7000,3.415580,3.596777,-3.796262,-0.000074,-0.001827,3.091638,3.119173,4.285214,-2.807394,-0.000273,-0.002087,3.091984
51.7500,3.400411,3.597533,-3.796215,-0.000036,-0.001635,3.091283,3.102825,4.306337,-2.825765,-0.000028,-0.001662,3.091386
51.8000,3.385245,3.598294,-3.796171,0.000002,-0.001445,3.090933,3.091790,4.320463,-2.816054,-0.000105,-0.001555,3.091069
51.8500,3.370082,3.599061,-3.796130,0.000041,-0.001260,3.090587,3.075444,4.341619,-2.834505,0.000130,-0.001217,3.090590
51.9000,3.354922,3.599834,-3.796093,0.000078,-0.001079,3.090246,3.064436,4.355763,-2.826497,0.000221,-0.001201,3.090314
51.9500,3.339764,3.600611,-3.796059,0.000114,-0.000903,3.089908,3.048065,4.376962,-2.844479,0.000168,-0.000964,3.090009
52.0000,3.324608,3.601395,-3.796028,0.000149,-0.000733,3.089575,3.037074,4.391121,-2.838018,0.000200,-0.000867,3.089773
52.0500,3.309454,3.602183,-3.796000,0.000182,-0.000569,3.089245,3.020673,4.412357,-2.855108,0.000141,-0.000635,3.089341
52.1000,3.294302,3.602977,-3.795975,0.000213,-0.000411,3.088918,3.009698,4.426530,-2.850037,0.000166,-0.000250,3.089020
52.1520,3.279153,3.603776,-3.795953,0.000242,-0.000260,3.088594,2.993254,4.447801,-2.865938,0.000238,-0.000120,3.088562
52.2000,3.264005,3.604580,-3.795934,0.000268,-0.000114,3.088274,2.982291,4.461991,-2.862092,0.000360,-0.000105,3.088436
52.2500,3.248859,3.605389,-3.795918,0.000292,0.000025,3.087957,2.965808,4.483304,-2.876604,0.000278,-0.000078,3.087916
52.3000,3.233716,3.606202,-3.795904,0.000314,0.000158,3.087643,2.954855,4.497509,-2.873816,0.000161,0.000245,3.087867
52.3500,3.218574,3.607021,-3.795892,0.000334,0.000286,3.087331,2.938345,4.518854,-2.886824,0.000335,0.000310,3.087413
52.4000,3.203434,3.607844,-3.795883,0.000351,0.000407,3.087023,2.927400,4.533071,-2.884940,0.000224,0.000517,3.087031
52.4500,3.188297,3.608672,-3.795876,0.000367,0.000522,3.086717,3.846618,3.360119,-2.896180,0.000366,0.000573,3.086776
52.5000,3.173161,3.609504,-3.795871,0.000380,0.000632,3.086414,3.863010,3.339135,-2.894993,0.000326,0.000502,3.086541
52.5520,3.158027,3.610341,-3.795868,0.000391,0.000737,3.086114,3.887564,3.307661,-2.904917,0.000262,0.000713,3.086038
52.6020,3.142895,3.611183,-3.795867,0.000400,0.000836,3.085816,3.903947,3.286672,-2.904349,0.000379,0.000946,3.085740
52.6500,3.127765,3.612029,-3.795868,0.000407,0.000930,3.085521,3.928483,3.255193,-2.912805,0.000518,0.000917,3.085446
52.7000,3.112637,3.612879,-3.795871,0.000413,0.001020,3.085229,3.944854,3.234202,-2.912726,0.000441,0.000909,3.085087
52.7500,3.097511,3.613734,-3.795875,0.000417,0.001105,3.084939,3.969378,3.202729,-2.919804,0.000406,0.000983,3.085080
52.8000,3.082386,3.614593,-3.795881,0.000420,0.001185,3.084653,3.985744,3.181742,-2.920120,0.000453,0.001125,3.084767
52.8500,3.067264,3.615457,-3.795888,0.000421,0.001261,3.084368,4.010259,3.150267,-2.925928,0.000483,0.001289,3.084422
52.9000,3.052143,3.616324,-3.795896,0.000421,0.001333,3.084086,4.026614,3.129278,-2.926535,0.000625,0.001533,3.084223
52.9500,3.037024,3.617196,-3.795906,0.000420,0.001401,3.083807,4.051114,3.097802,-2.931188,0.000424,0.001404,3.083653
53.0000,3.021906,3.618073,-3.795917,0.000418,0.001466,3.083530,4.067454,3.076809,-2.932012,0.000484,0.001526,3.083609
53.0500,3.006791,3.618953,-3.795930,0.000415,0.001527,3.083256,4.091942,3.045327,-2.935640,0.000618,0.001527,3.083241
53.1000,2.991677,3.619837,-3.795943,0.000411,0.001584,3.082985,4.108278,3.024337,-2.936609,0.000296,0.001602,3.082993
53.1500,2.976565,3.620726,-3.795957,0.000407,0.001639,3.082716,4.132760,2.992851,-2.939336,0.000230,0.001617,3.082733
53.2000,2.961454,3.621618,-3.795973,0.000402,0.001690,3.082449,4.149086,2.971857,-2.940402,0.000416,0.001739,3.082617
53.2500,2.946346,3.622515,-3.795989,0.000396,0.001738,3.082185,4.173567,2.940362,-2.942349,0.000474,0.001786,3.081991
53.3020,2.931238,3.623415,-3.796006,0.000390,0.001784,3.081923,4.189883,2.919363,-2.943450,0.000339,0.001742,3.081870
53.3500,2.916133,3.624320,-3.796024,0.000384,0.001827,3.081664,4.214355,2.887863,-2.944739,0.000401,0.001850,3.081629
53.4000,2.901029,3.625228,-3.796043,0.000377,0.001867,3.081407,4.230665,2.866864,-2.945848,0.000451,0.001912,3.081570
53.4500,2.885927,3.626140,-3.796063,0.000370,0.001905,3.081153,2.796360,3.049155,-2.947003,0.000293,0.001883,3.081066
53.5000,2.870826,3.627056,-3.796083,0.000363,0.001941,3.080901,2.769053,3.034722,-2.948141,0.000596,0.002004,3.080847
53.5500,2.855727,3.627976,-3.796104,0.000355,0.001974,3.080652,2.728099,3.013081,-2.948383,0.000224,0.002015,3.080689
53.6000,2.840629,3.628899,-3.796126,0.000348,0.002006,3.080405,2.700790,2.998665,-2.949480,0.000323,0.002097,3.080362
53.6500,2.825533,3.629827,-3.796148,0.000340,0.002035,3.080160,2.659828,2.977051,-2.949362,0.000210,0.002056,3.079969
53.7000,2.810438,3.630758,-3.796171,0.000333,0.002063,3.079918,2.632512,2.962652,-2.950397,0.000341,0.002070,3.080027
53.7520,2.795345,3.631692,-3.796194,0.000325,0.002089,3.079678,2.591547,2.941059,-2.949993,0.000334,0.002076,3.079520
53.8000,2.780254,3.632630,-3.796218,0.000318,0.002113,3.079440,2.564227,2.926679,-2.950952,0.000264,0.002074,3.079504
53.8500,2.765163,3.633572,-3.796243,0.000311,0.002136,3.079204,2.523258,2.905119,-2.950339,0.000435,0.002184,3.079304
53.9000,2.750075,3.634517,-3.796267,0.000303,0.002157,3.078971,2.495935,2.890757,-2.951223,0.000212,0.002123,3.079043
53.9500,2.734987,3.635466,-3.796293,0.000296,0.002177,3.078740,2.454959,2.869230,-2.950459,0.000265,0.002176,3.078718
54.0000,2.719901,3.636419,-3.796318,0.000289,0.002195,3.078512,2.427634,2.854887,-2.951266,0.000160,0.002087,3.078446
54.0500,2.704817,3.637374,-3.796344,0.000283,0.002213,3.078285,2.386658,2.833382,-2.950405,0.000293,0.002257,3.078256
54.1020,2.689734,3.638333,-3.796371,0.000276,0.002229,3.078061,2.359330,2.819055,-2.951136,0.000301,0.002384,3.078040
54.1500,2.674652,3.639296,-3.796397,0.000269,0.002244,3.077839,2.318349,2.797575,-2.950219,0.000170,0.002213,3.077815
54.2020,2.659572,3.640262,-3.796424,0.000263,0.002258,3.077620,2.291014,2.783268,-2.950876,0.000224,0.002509,3.077644
54.2500,2.644492,3.641231,-3.796452,0.000257,0.002270,3.077402,2.250029,2.761810,-2.949941,0.000112,0.002264,3.077327
54.3000,2.629415,3.642203,-3.796479,0.000251,0.002282,3.077187,2.222689,2.747514,-2.950529,0.000184,0.002326,3.077186
54.3500,2.614338,3.643179,-3.796507,0.000245,0.002293,3.076973,2.181691,2.726085,-2.949597,0.000194,0.002242,3.076888
54.4000,2.599263,3.644158,-3.796535,0.000240,0.002304,3.076762,2.154343,2.711808,-2.950118,0.000337,0.002347,3.076748
54.4500,2.584189,3.645140,-3.796564,0.000235,0.002313,3.076553,2.547557,2.961078,-2.949120,0.000194,0.002294,3.076695
54.5000,2.569117,3.646125,-3.796592,0.000229,0.002322,3.076346,2.533224,2.954870,-2.949573,0.000112,0.002339,3.076346
54.5500,2.554046,3.647114,-3.796621,0.000224,0.002329,3.076141,2.511728,2.945567,-2.948720,0.000042,0.002257,3.076139
54.6000,2.538976,3.648105,-3.796650,0.000220,0.002337,3.075938,2.497395,2.939369,-2.949122,0.000303,0.002350,3.076083
54.6500,2.523907,3.649099,-3.796679,0.000215,0.002343,3.075738,2.529388,3.631921,-3.676843,0.000171,0.002340,3.075935
54.7000,2.508839,3.650097,-3.796708,0.000211,0.002349,3.075539,2.516830,3.649864,-3.713417,0.000078,0.002363,3.075593
54.7500,2.493773,3.651097,-3.796738,0.000207,0.002355,3.075342,2.498048,3.676776,-3.738020,0.000272,0.002256,3.075364
54.8000,2.478708,3.652101,-3.796767,0.000203,0.002360,3.075147,2.485516,3.694723,-3.771793,0.000189,0.002497,3.075109
54.8500,2.463644,3.653107,-3.796797,0.000199,0.002364,3.074954,2.466910,3.721630,-3.771894,0.000025,0.002342,3.074887
54.9000,2.448581,3.654116,-3.796827,0.000196,0.002368,3.074763,2.454423,3.739581,-3.800763,0.000359,0.002392,3.074805
54.9500,2.433519,3.655128,-3.796857,0.000192,0.002372,3.074574,2.436095,3.766451,-3.766968,0.000091,0.002385,3.074518
55.0000,2.418459,3.656143,-3.796887,0.000189,0.002375,3.074387,2.423676,3.784409,-3.788881,0.000175,0.002387,3.074486
55.0500,2.403399,3.657161,-3.796918,0.000186,0.002378,3.074202,2.405676,3.811249,-3.718600,0.000175,0.002328,3.074155
55.1020,2.388341,3.658181,-3.796948,0.000183,0.002380,3.074018,2.393331,3.829203,-3.732105,0.000148,0.002304,3.074114
55.1500,2.373284,3.659205,-3.796978,0.000180,0.002382,3.073837,2.375634,3.856009,-3.632142,0.000145,0.002508,3.073818
55.2000,2.358228,3.660231,-3.797009,0.000178,0.002384,3.073657,2.363373,3.873960,-3.636790,0.000279,0.002433,3.073718
55.2500,2.343173,3.661259,-3.797040,0.000175,0.002386,3.073479,2.345894,3.900761,-3.520893,0.000166,0.002325,3.073518
55.3000,2.328119,3.662290,-3.797070,0.000173,0.002387,3.073303,2.333709,3.918708,-3.517285,0.000046,0.002356,3.073342
55.3500,2.313066,3.663324,-3.797101,0.000171,0.002388,3.073129,2.316312,3.945511,-3.400451,0.000298,0.002463,3.073196
55.4000,2.298015,3.664361,-3.797132,0.000169,0.002389,3.072956,2.304196,3.963460,-3.389925,0.000192,0.002365,3.072871
55.4500,2.282964,3.665400,-3.797163,0.000167,0.002389,3.072786,2.283199,3.812454,-3.283597,-0.000001,0.002413,3.072905
55.5020,2.267914,3.666441,-3.797194,0.000165,0.002389,3.072617,2.270928,3.820486,-3.267808,0.000144,0.002276,3.072712
55.5500,2.252866,3.667486,-3.797225,0.000163,0.002389,3.072449,2.252790,3.832509,-3.178302,-0.000013,0.002333,3.072503
55.6000,2.237818,3.668532,-3.797256,0.000162,0.002389,3.072284,2.240543,3.840544,-3.158891,0.000079,0.002587,3.072256
55.6500,2.222772,3.669581,-3.797287,0.000160,0.002389,3.072120,2.222353,3.852584,-3.088136,0.000248,0.002334,3.071997
55.7000,2.207726,3.670633,-3.797318,0.000159,0.002389,3.071958,2.210121,3.860631,-3.066536,0.000086,0.002629,3.071888
55.7500,2.192682,3.671687,-3.797350,0.000157,0.002388,3.071797,2.191870,3.872693,-3.013757,0.000152,0.002348,3.071735
55.8000,2.177638,3.672743,-3.797381,0.000156,0.002387,3.071638,2.179647,3.880746,-2.991127,0.000235,0.002393,3.071711
55.8500,2.162596,3.673802,-3.797412,0.000155,0.002387,3.071481,2.161331,3.892830,-2.954245,0.000271,0.002272,3.071374
55.9000,2.147554,3.674863,-3.797444,0.000154,0.002386,3.071325,2.149116,3.900894,-2.931491,0.000174,0.002256,3.071266
55.9500,2.132513,3.675926,-3.797475,0.000153,0.002385,3.071171,2.130742,3.913002,-2.908020,0.000277,0.002460,3.070970
56.0000,2.117474,3.676992,-3.797506,0.000152,0.002383,3.071018,2.118527,3.921074,-2.885827,0.000426,0.002454,3.071127
56.0500,2.102435,3.678060,-3.797538,0.000151,0.002382,3.070867,2.100076,3.933209,-2.873340,-0.000049,0.002525,3.071002
56.1000,2.087397,3.679130,-3.797569,0.000150,0.002381,3.070718,2.087853,3.941286,-2.852207,0.000259,0.002372,3.070759
56.1500,2.072360,3.680202,-3.797601,0.000150,0.002380,3.070570,2.069336,3.953443,-2.848502,0.000241,0.002344,3.070580
56.2000,2.057324,3.681277,-3.797632,0.000149,0.002378,3.070424,2.057108,3.961533,-2.828784,0.000102,0.002283,3.070654
56.2500,2.042289,3.682353,-3.797664,0.000148,0.002377,3.070279,2.038537,3.973703,-2.831954,0.000003,0.002238,3.070270
56.3000,2.027254,3.683432,-3.797695,0.000148,0.002375,3.070135,2.026302,3.981799,-2.813887,0.000132,0.002382,3.070221
56.3500,2.012221,3.684513,-3.797727,0.000147,0.002373,3.069993,2.007691,3.993985,-2.822297,0.000219,0.002377,3.070007
56.4000,1.997189,3.685596,-3.797759,0.000147,0.002372,3.069853,1.995449,4.002093,-2.806024,0.000122,0.002498,3.069882
56.4500,1.982157,3.686681,-3.797790,0.000147,0.002370,3.069714,2.922136,3.861627,-2.818132,0.000147,0.002581,3.069666
56.5000,1.967126,3.687769,-3.797822,0.000146,0.002368,3.069576,2.939103,3.864961,-2.803704,0.000063,0.002368,3.069683
56.5500,1.952096,3.688858,-3.797853,0.000146,0.002366,3.069440,2.964482,3.869965,-2.818648,0.000029,0.002302,3.069422
56.6000,1.937067,3.689949,-3.797885,0.000145,0.002365,3.069305,2.981443,3.873295,-2.806079,0.000161,0.002234,3.069266
56.6500,1.922039,3.691042,-3.797917,0.000145,0.002363,3.069171,3.006794,3.878299,-2.822689,0.000257,0.002193,3.069243
56.7000,1.907011,3.692138,-3.797948,0.000145,0.002361,3.069039,3.023751,3.881630,-2.811928,0.000094,0.002331,3.069128
56.7500,1.891985,3.693235,-3.797980,0.000145,0.002359,3.068908,3.049077,3.886635,-2.829371,0.000254,0.002361,3.068727
56.8000,1.876959,3.694334,-3.798012,0.000145,0.002357,3.068779,3.066026,3.889965,-2.820324,0.000162,0.002465,3.068918
56.8500,1.861934,3.695435,-3.798044,0.000144,0.002355,3.068651,3.091321,3.894975,-2.837922,0.000174,0.002358,3.068737
56.9000,1.846910,3.696538,-3.798075,0.000144,0.002353,3.068524,3.108260,3.898306,-2.830473,0.000179,0.002087,3.068468
56.9500,1.831886,3.697642,-3.798107,0.000144,0.002351,3.068399,3.133539,3.903313,-2.847691,0.000096,0.002497,3.068386
57.0000,1.816863,3.698749,-3.798139,0.000144,0.002349,3.068274,3.150472,3.906642,-2.841702,0.000086,0.002441,3.068295
57.0500,1.801841,3.699857,-3.798170,0.000144,0.002347,3.068152,3.175737,3.911649,-2.858124,0.000054,0.002270,3.068326
57.1000,1.786820,3.700968,-3.798202,0.000144,0.002345,3.068030,3.192665,3.914977,-2.853445,0.000223,0.002274,3.068059
57.1500,1.771800,3.702080,-3.798234,0.000144,0.002343,3.067909,3.217922,3.919982,-2.868771,0.000131,0.002388,3.067740
57.2000,1.756780,3.703193,-3.798266,0.000144,0.002341,3.067790,3.234842,3.923309,-2.865248,0.000025,0.002360,3.067752
57.2500,1.741761,3.704309,-3.798297,0.000144,0.002339,3.067672,3.260090,3.928314,-2.879277,0.000180,0.002393,3.067602
57.3000,1.726743,3.705426,-3.798329,0.000144,0.002337,3.067556,3.277003,3.931640,-2.876756,0.000164,0.002294,3.067735
57.3500,1.711725,3.706545,-3.798361,0.000144,0.002336,3.067440,3.302249,3.936647,-2.889371,0.000083,0.002343,3.067582
57.4000,1.696709,3.707666,-3.798393,0.000144,0.002334,3.067326,3.319156,3.939975,-2.887707,0.000158,0.002522,3.067433
57.4520,1.681693,3.708788,-3.798425,0.000144,0.002332,3.067212,2.180209,3.449962,-2.899032,0.000045,0.002216,3.067210
57.5000,1.666677,3.709912,-3.798456,0.000144,0.002330,3.067100,2.162882,3.438806,-2.898096,0.000200,0.002243,3.067218
57.5500,1.651663,3.711037,-3.798488,0.000144,0.002328,3.066990,2.136867,3.422082,-2.907756,-0.000152,0.002412,3.067064
57.6020,1.636649,3.712165,-3.798520,0.000144,0.002326,3.066880,2.119533,3.410931,-2.907409,0.000206,0.002400,3.066965
57.6500,1.621635,3.713294,-3.798552,0.000145,0.002324,3.066771,2.093506,3.394211,-2.915652,0.000197,0.002441,3.066889
57.7000,1.606623,3.714424,-3.798583,0.000145,0.002322,3.066664,2.076166,3.383067,-2.915772,0.000092,0.002560,3.066715
57.7500,1.591611,3.715556,-3.798615,0.000145,0.002320,3.066557,2.050130,3.366357,-2.922678,0.000054,0.002207,3.066586
57.8000,1.576599,3.716689,-3.798647,0.000145,0.002318,3.066452,2.032784,3.355217,-2.923162,0.000262,0.002294,3.066556
57.8500,1.561589,3.717825,-3.798679,0.000145,0.002316,3.066348,2.006746,3.338516,-2.928827,0.000030,0.002284,3.066362
57.9000,1.546579,3.718961,-3.798711,0.000145,0.002314,3.066245,1.989399,3.327383,-2.929588,0.000147,0.002319,3.066353
57.9500,1.531569,3.720099,-3.798742,0.000145,0.002312,3.066143,1.963360,3.310689,-2.934128,0.000225,0.002278,3.066179
58.0000,1.516561,3.721239,-3.798774,0.000145,0.002310,3.066042,1.946011,3.299560,-2.935086,0.000118,0.002179,3.066142
58.0500,1.501553,3.722380,-3.798806,0.000146,0.002309,3.065941,1.919976,3.282875,-2.938619,0.000040,0.002405,3.065931
58.1000,1.486545,3.723522,-3.798838,0.000146,0.002307,3.065843,1.902625,3.271754,-2.939711,0.000077,0.002285,3.065927
58.1500,1.471538,3.724666,-3.798870,0.000146,0.002305,3.065745,1.876589,3.255079,-2.942363,0.000128,0.002190,3.065848
58.2000,1.456532,3.725812,-3.798901,0.000146,0.002303,3.065648,1.859237,3.243963,-2.943531,0.000041,0.002264,3.065715
58.2500,1.441526,3.726959,-3.798933,0.000146,0.002301,3.065552,1.833207,3.227292,-2.945421,0.000043,0.002385,3.065467
58.3000,1.426521,3.728107,-3.798965,0.000146,0.002300,3.065457,1.815852,3.216180,-2.946620,0.000344,0.002456,3.065289
58.3500,1.411517,3.729256,-3.798997,0.000147,0.002298,3.065363,1.789819,3.199522,-2.947862,0.000273,0.002329,3.065375
58.4000,1.396513,3.730407,-3.799029,0.000147,0.002296,3.065270,1.772461,3.188418,-2.949057,0.000170,0.002286,3.065238
58.4500,1.381510,3.731560,-3.799060,0.000147,0.002294,3.065177,2.170550,2.941539,-2.949684,0.000178,0.002330,3.065346
58.5000,1.366507,3.732713,-3.799092,0.000147,0.002293,3.065086,2.165868,2.923538,-2.950845,0.000345,0.002287,3.065051
58.5500,1.351505,3.733868,-3.799124,0.000147,0.002291,3.064996,2.158843,2.896542,-2.951112,0.000171,0.002228,3.065172
58.6000,1.336503,3.735024,-3.799156,0.000147,0.002289,3.064907,2.154162,2.878545,-2.952225,0.000169,0.002395,3.064794
58.6500,1.321502,3.736182,-3.799188,0.000148,0.002287,3.064819,2.147138,2.851550,-2.952138,0.000037,0.002421,3.064757
58.7000,1.306502,3.737341,-3.799219,0.000148,0.002286,3.064731,2.142450,2.833554,-2.953189,0.000267,0.002215,3.064810
58.7500,1.291502,3.738501,-3.799251,0.000148,0.002284,3.064644,2.135423,2.806563,-2.952825,0.000136,0.002526,3.064475
58.8000,1.276503,3.739662,-3.799283,0.000148,0.002282,3.064559,2.130733,2.788569,-2.953803,0.000067,0.002370,3.064723
58.8500,1.261504,3.740825,-3.799315,0.000148,0.002281,3.064474,2.123708,2.761577,-2.953231,0.000137,0.002303,3.064467
58.9000,1.246505,3.741989,-3.799347,0.000148,0.002279,3.064390,2.119018,2.743584,-2.954131,0.000067,0.002353,3.064543
58.9500,1.231508,3.743154,-3.799378,0.000149,0.002278,3.064307,2.111994,2.716593,-2.953410,0.000052,0.002297,3.064475
59.0000,1.216510,3.744320,-3.799410,0.000149,0.002276,3.064225,2.107303,2.698602,-2.954230,0.000211,0.002352,3.064039
59.0500,1.201514,3.745487,-3.799442,0.000149,0.002275,3.064143,2.100272,2.671617,-2.953410,0.000217,0.002364,3.064120
59.1000,1.186517,3.746656,-3.799474,0.000149,0.002273,3.064063,2.095577,2.653629,-2.954150,0.000114,0.002191,3.064147
59.1520,1.171522,3.747826,-3.799506,0.000149,0.002271,3.063983,2.088546,2.626649,-2.953272,0.000110,0.002308,3.063985
59.2000,1.156526,3.748997,-3.799537,0.000150,0.002270,3.063904,2.083851,2.608665,-2.953939,0.000165,0.002359,3.063822
59.2500,1.141532,3.750169,-3.799569,0.000150,0.002268,3.063826,2.076821,2.581689,-2.953038,0.000172,0.002387,3.063822
59.3000,1.126538,3.751342,-3.799601,0.000150,0.002267,3.063749,2.072125,2.563707,-2.953635,0.000113,0.002264,3.063761
59.3500,1.111544,3.752516,-3.799633,0.000150,0.002265,3.063673,2.065090,2.536733,-2.952737,0.000249,0.002200,3.063678
59.4000,1.096551,3.753691,-3.799665,0.000150,0.002264,3.063597,2.060392,2.518753,-2.953267,0.000203,0.002273,3.063727
59.4500,1.081558,3.754868,-3.799696,0.000150,0.002262,3.063522,1.118207,3.533718,-2.952559,0.000034,0.002262,3.063525
59.5000,1.066565,3.756045,-3.799728,0.000151,0.002261,3.063448,1.085564,3.546949,-2.953044,0.000181,0.002267,3.063495
59.5500,1.051574,3.757224,-3.799760,0.000151,0.002260,3.063374,1.036604,3.566797,-2.952180,0.000300,0.002381,3.063515
59.6000,1.036582,3.758404,-3.799792,0.000151,0.002258,3.063302,1.003964,3.580033,-2.952610,-0.000017,0.002109,3.063242
59.6500,1.021591,3.759584,-3.799824,0.000151,0.002257,3.063230,1.107869,3.720313,-3.691971,0.000062,0.002335,3.063239
59.7000,1.006601,3.760766,-3.799856,0.000151,0.002255,3.063159,1.080353,3.737711,-3.729148,0.000349,0.002049,3.062975
59.7500,0.991611,3.761949,-3.799887,0.000151,0.002254,3.063088,1.039120,3.763800,-3.754162,0.000345,0.002303,3.063069
59.8000,0.976621,3.763133,-3.799919,0.000152,0.002253,3.063019,1.011620,3.781196,-3.788492,0.000143,0.002133,3.062807
59.8520,0.961632,3.764318,-3.799951,0.000152,0.002251,3.062950,0.970553,3.807282,-3.788608,0.000262,0.002172,3.062829
59.9000,0.946643,3.765503,-3.799983,0.000152,0.002250,3.062881,0.943096,3.824683,-3.817953,0.000283,0.002238,3.062948
59.9500,0.931655,3.766690,-3.800015,0.000152,0.002249,3.062814,0.902278,3.850732,-3.783622,0.000098,0.002171,3.062871
60.0000,0.916667,3.767878,-3.800046,0.000152,0.002247,3.062747,0.874873,3.868126,-3.805898,0.000217,0.002296,3.062731
60.0500,0.901680,3.769067,-3.800078,0.000152,0.002246,3.062681,0.834348,3.894138,-3.734488,0.000126,0.002105,3.062810
60.1000,0.886693,3.770256,-3.800110,0.000153,0.002245,3.062615,0.807012,3.911526,-3.748221,0.000133,0.002209,3.062644
60.1500,0.871706,3.771447,-3.800142,0.000153,0.002244,3.062551,0.766776,3.937501,-3.646651,0.000179,0.002324,3.062646
60.2000,0.856720,3.772638,-3.800174,0.000153,0.002242,3.062486,0.739512,3.954886,-3.651386,-0.000013,0.002243,3.062434
60.2500,0.841734,3.773831,-3.800205,0.000153,0.002241,3.062423,0.699464,3.980850,-3.533617,0.000033,0.002435,3.062391
60.3000,0.826749,3.775024,-3.800237,0.000153,0.002240,3.062360,0.672268,3.998228,-3.529959,0.000244,0.002248,3.062330
60.3500,0.811764,3.776218,-3.800269,0.000153,0.002239,3.062298,0.632297,4.024193,-3.411236,0.000309,0.002154,3.062101
60.4000,0.796779,3.777413,-3.800301,0.000153,0.002237,3.062236,0.605166,4.041574,-3.400545,0.000162,0.002209,3.062242
60.4500,0.781795,3.778609,-3.800333,0.000154,0.002236,3.062175,0.703657,3.769168,-3.292419,0.000197,0.002120,3.062260
60.5000,0.766811,3.779806,-3.800364,0.000154,0.002235,3.062115,0.684288,3.769909,-3.276375,0.000079,0.002191,3.062228
60.5500,0.751828,3.781004,-3.800396,0.000154,0.002234,3.062055,0.655476,3.770981,-3.185433,-0.000022,0.002010,3.062160
60.6000,0.736845,3.782202,-3.800428,0.000154,0.002233,3.061996,0.636125,3.771717,-3.165707,0.000253,0.002215,3.062043
60.6500,0.721862,3.783402,-3.800460,0.000154,0.002232,3.061938,0.607263,3.772803,-3.093816,0.000200,0.002231,3.061898
60.7000,0.706880,3.784602,-3.800492,0.000154,0.002231,3.061880,0.587922,3.773546,-3.071865,0.000230,0.002128,3.061790
60.7500,0.691898,3.785803,-3.800523,0.000155,0.002229,3.061823,0.559002,3.774651,-3.018237,0.000205,0.002278,3.061767
60.8000,0.676916,3.787005,-3.800555,0.000155,0.002228,3.061766,0.539668,3.775397,-2.995241,0.000073,0.002275,3.061767
60.8500,0.661935,3.788208,-3.800587,0.000155,0.002227,3.061710,0.510683,3.776513,-2.957767,0.000113,0.002384,3.061712
60.9000,0.646954,3.789411,-3.800619,0.000155,0.002226,3.061654,0.491349,3.777260,-2.934646,0.000205,0.002280,3.061620
60.9520,0.631974,3.790616,-3.800651,0.000155,0.002225,3.061599,0.462294,3.778394,-2.910802,0.000138,0.002098,3.061555
61.0000,0.616994,3.791821,-3.800682,0.000155,0.002224,3.061545,0.442961,3.779147,-2.888246,0.000186,0.002295,3.061559
61.0500,0.602014,3.793027,-3.800714,0.000155,0.002223,3.061491,0.413842,3.780296,-2.875558,0.000119,0.002275,3.061530
61.1000,0.587035,3.794233,-3.800746,0.000155,0.002222,3.061438,0.394501,3.781050,-2.854081,0.000308,0.002226,3.061390
61.1520,0.572055,3.795441,-3.800778,0.000156,0.002221,3.061385,0.365321,3.782214,-2.850318,-0.000001,0.002222,3.061251
61.2020,0.557077,3.796649,-3.800810,0.000156,0.002220,3.061333,0.345971,3.782972,-2.830280,0.000175,0.002229,3.061485
61.2500,0.542098,3.797858,-3.800841,0.000156,0.002219,3.061281,0.316726,3.784135,-2.833504,-0.000016,0.002290,3.061154
61.3000,0.527120,3.799067,-3.800873,0.000156,0.002218,3.061230,0.297362,3.784894,-2.815145,0.000144,0.002354,3.060980
61.3500,0.512142,3.800277,-3.800905,0.000156,0.002217,3.061179,0.268052,3.786065,-2.823694,0.000033,0.002204,3.061146
61.4000,0.497165,3.801488,-3.800937,0.000156,0.002216,3.061129,0.248674,3.786827,-2.807156,0.000005,0.002298,3.061139
61.4500,0.482188,3.802700,-3.800969,0.000156,0.002215,3.061080,0.139971,3.700676,-2.819620,0.000110,0.002106,3.060835
61.5000,0.467211,3.803913,-3.801000,0.000156,0.002214,3.061031,0.118123,3.698745,-2.804968,0.000156,0.002293,3.060992
61.5500,0.452234,3.805126,-3.801032,0.000157,0.002213,3.060982,0.085278,3.695856,-2.820128,0.000135,0.002245,3.060818
61.6000,0.437258,3.806340,-3.801064,0.000157,0.002212,3.060934,0.063419,3.693931,-2.807362,0.000152,0.002226,3.060918
61.6500,0.422282,3.807554,-3.801096,0.000157,0.002211,3.060886,0.030541,3.691054,-2.824214,0.000210,0.002197,3.060722
61.7000,0.407307,3.808769,-3.801128,0.000157,0.002210,3.060839,0.008673,3.689132,-2.813280,0.000134,0.002242,3.060807
61.7500,0.392332,3.809985,-3.801159,0.000157,0.002209,3.060793,-0.024237,3.686268,-2.830980,0.000293,0.002073,3.060808
61.8000,0.377357,3.811202,-3.801191,0.000157,0.002208,3.060747,-0.046113,3.684352,-2.821787,0.000192,0.002338,3.060570
61.8500,0.362382,3.812419,-3.801223,0.000157,0.002208,3.060701,-0.079055,3.681502,-2.839651,0.000271,0.002301,3.060674
61.9000,0.347407,3.813637,-3.801255,0.000157,0.002207,3.060656,-0.100945,3.679592,-2.832082,0.000069,0.002213,3.060547
61.9520,0.332433,3.814855,-3.801286,0.000157,0.002206,3.060611,-0.133917,3.676753,-2.849557,0.000231,0.002215,3.060777
62.0000,0.317460,3.816074,-3.801318,0.000158,0.002205,3.060567,-0.155818,3.674846,-2.843469,0.000082,0.002112,3.060712
62.0500,0.302486,3.817294,-3.801350,0.000158,0.002204,3.060523,-0.188808,3.672012,-2.860138,0.000136,0.002089,3.060573
62.1000,0.287513,3.818514,-3.801382,0.000158,0.002203,3.060480,-0.210719,3.670112,-2.855380,0.000245,0.002298,3.060470
62.1500,0.272540,3.819735,-3.801414,0.000158,0.002202,3.060437,-0.243727,3.667290,-2.870940,0.000259,0.002258,3.060395
62.2000,0.257567,3.820957,-3.801445,0.000158,0.002202,3.060394,-0.265650,3.665394,-2.867356,0.000229,0.002297,3.060358
62.2500,0.242595,3.822179,-3.801477,0.000158,0.002201,3.060352,-0.298669,3.662575,-2.881601,0.000119,0.002308,3.060424
62.3000,0.227622,3.823402,-3.801509,0.000158,0.002200,3.060311,-0.320602,3.660683,-2.879037,0.000099,0.002297,3.060346
62.3500,0.212651,3.824625,-3.801541,0.000158,0.002199,3.060270,-0.353631,3.657864,-2.891845,0.000026,0.002360,3.060158
62.4000,0.197679,3.825849,-3.801573,0.000158,0.002198,3.060229,-0.375576,3.655975,-2.890147,0.000007,0.002259,3.060143
62.4500,0.182708,3.827073,-3.801604,0.000159,0.002198,3.060188,-0.166472,3.922960,-2.901430,0.000049,0.002074,3.060281
62.5000,0.167737,3.828298,-3.801636,0.000159,0.002197,3.060149,-0.181302,3.928993,-2.900458,-0.000055,0.002150,3.060144
62.5500,0.152766,3.829524,-3.801668,0.000159,0.002196,3.060109,-0.203568,3.938047,-2.910295,0.000030,0.002260,3.059910
62.6000,0.137976,3.830729,-3.801685,0.000159,0.002307,3.060087,-0.218378,3.944080,-2.909918,0.000344,0.002287,3.060068
62.6500,0.124974,3.831766,-3.801659,0.000174,0.002732,3.060112,-0.239260,3.952999,-2.918108,0.000269,0.002834,3.060187
62.7000,0.115481,3.832495,-3.801559,0.000222,0.003445,3.060102,-0.250757,3.958728,-2.918132,0.000289,0.003213,3.060117
62.7500,0.109761,3.832911,-3.801388,0.000304,0.004307,3.059988,-0.263455,3.966941,-2.924344,0.000237,0.004376,3.059995
62.8020,0.107091,3.833085,-3.801163,0.000416,0.005205,3.059807,-0.269199,3.972197,-2.924615,0.000531,0.004838,3.059852
62.8500,0.106417,3.833103,-3.800914,0.000539,0.006049,3.059617,-0.275063,3.979871,-2.929021,0.000495,0.005977,3.059849
62.9000,0.106769,3.833050,-3.800679,0.000661,0.006756,3.059447,-0.277860,3.984903,-2.929503,0.000695,0.006596,3.059478
62.9500,0.107442,3.832986,-3.800485,0.000769,0.007296,3.059316,-0.281484,3.992429,-2.932610,0.000862,0.007337,3.059309
63.0000,0.108123,3.832921,-3.800340,0.000860,0.007669,3.059194,-0.283817,3.997443,-2.933306,0.000948,0.007607,3.059352
63.0500,0.108743,3.832867,-3.800239,0.000931,0.007897,3.059094,-0.287392,4.004975,-2.935552,0.000925,0.007807,3.059166
63.1000,0.109256,3.832828,-3.800174,0.000982,0.008011,3.059018,-0.289835,4.010006,-2.936403,0.001021,0.007945,3.058926
63.1500,0.109660,3.832803,-3.800137,0.001013,0.008038,3.058956,-0.293638,4.017574,-2.938033,0.001035,0.008047,3.059098
63.2000,0.109978,3.832788,-3.800120,0.001027,0.007998,3.058900,-0.296244,4.022628,-2.938968,0.000859,0.007865,3.058948
63.2500,0.110243,3.832779,-3.800117,0.001025,0.007905,3.058851,-0.300216,4.030214,-2.940134,0.000986,0.007757,3.058755
63.3020,0.110482,3.832771,-3.800123,0.001010,0.007772,3.058808,-0.302898,4.035276,-2.941103,0.001000,0.007692,3.058892
63.3500,0.110713,3.832764,-3.800135,0.000985,0.007609,3.058769,-0.306904,4.042865,-2.941910,0.000996,0.007600,3.058607
63.4000,0.110941,3.832758,-3.800150,0.000949,0.007424,3.058733,-0.309595,4.047929,-2.942879,0.000922,0.007433,3.058702
63.4500,0.111170,3.832752,-3.800166,0.000906,0.007223,3.058701,-0.002656,3.604150,-2.943020,0.001047,0.007106,3.058776
63.5000,0.111401,3.832745,-3.800183,0.000857,0.007010,3.058672,0.003942,3.595708,-2.943932,0.000683,0.007105,3.058645
63.5500,0.111633,3.832736,-3.800200,0.000803,0.006789,3.058647,0.013849,3.583039,-2.944308,0.000877,0.006719,3.058575
63.6000,0.111878,3.832720,-3.800219,0.000729,0.006550,3.059075,0.020450,3.574592,-2.945199,0.000749,0.006438,3.058816
63.6520,0.112158,3.832727,-3.800269,0.000611,0.006288,3.062372,0.030416,3.561935,-2.945473,0.000552,0.006407,3.062329
63.7000,0.112450,3.832775,-3.800335,0.000474,0.006019,3.068473,0.037103,3.553560,-2.946377,0.000574,0.006192,3.067157
63.7500,0.112729,3.832826,-3.800395,0.000345,0.005736,3.075880,0.047216,3.541077,-2.946600,0.000105,0.005639,3.075794
63.8000,0.112989,3.832871,-3.800444,0.000246,0.005466,3.084143,0.053996,3.532801,-2.947472,0.000310,0.005529,3.082408
63.8520,0.113234,3.832913,-3.800484,0.000169,0.005215,3.093308,0.064270,3.520466,-2.947593,0.000105,0.005351,3.093204
63.9000,0.113467,3.832953,-3.800517,0.000111,0.004982,3.103286,0.071173,3.512307,-2.948420,0.000170,0.005022,3.101110
63.9500,0.113689,3.832988,-3.800543,0.000075,0.004766,3.113857,0.081655,3.500171,-2.948436,0.000188,0.004716,3.113723
64.0000,0.113903,3.833016,-3.800566,0.000059,0.004565,3.124853,0.088710,3.492151,-2.949223,0.000100,0.004609,3.122654
64.0500,0.114112,3.833037,-3.800584,0.000060,0.004378,3.136187,0.099435,3.480232,-2.949138,0.000152,0.004408,3.136416
64.1000,0.114317,3.833054,-3.800600,0.000071,0.004206,-3.135386,0.106664,3.472367,-2.949883,0.000064,0.004248,-3.137867
64.1500,0.114519,3.833069,-3.800614,0.000089,0.004046,-3.123556,0.117649,3.460688,-2.949706,0.000109,0.004025,-3.123535
64.2000,0.114718,3.833082,-3.800626,0.000111,0.003898,-3.111560,0.125052,3.452985,-2.950409,0.000019,0.004022,-3.113951
64.2500,0.114915,3.833094,-3.800636,0.000136,0.003760,-3.099436,0.136303,3.441570,-2.950149,0.000009,0.003751,-3.099461
64.3000,0.115108,3.833107,-3.800646,0.000161,0.003633,-3.087210,0.143884,3.434048,-2.950812,0.000285,0.003790,-3.089493
64.3500,0.115300,3.833120,-3.800654,0.000187,0.003516,-3.074904,0.155397,3.422909,-2.950485,0.000053,0.003680,-3.074842
64.4020,0.115488,3.833135,-3.800662,0.000212,0.003407,-3.062537,0.163156,3.415576,-2.951106,0.000157,0.003385,-3.065048
64.4500,0.115674,3.833150,-3.800670,0.000235,0.003306,-3.050122,0.716801,3.735662,-2.950686,0.000139,0.003328,-3.050119
64.5000,0.115858,3.833167,-3.800677,0.000258,0.003212,-3.037669,0.739714,3.740256,-2.951285,0.000387,0.003212,-3.040005
64.5500,0.116039,3.833186,-3.800684,0.000279,0.003126,-3.025188,0.773993,3.747579,-2.950893,0.000246,0.003081,-3.025081
64.6000,0.116218,3.833206,-3.800690,0.000298,0.003046,-3.012684,0.796782,3.752746,-2.951456,0.000338,0.003196,-3.015263
64.6500,0.116394,3.833228,-3.800697,0.000316,0.002972,-3.000164,0.075017,3.801804,-3.728779,0.000353,0.003001,-3.000089
64.7000,0.116568,3.833251,-3.800704,0.000333,0.002904,-2.987630,0.071443,3.805945,-3.767951,0.000399,0.002874,-2.990140
64.7500,0.116740,3.833276,-3.800710,0.000349,0.002841,-2.975085,0.066070,3.812084,-3.794429,0.000431,0.002624,-2.975134
64.8020,0.116909,3.833303,-3.800716,0.000364,0.002783,-2.962533,0.062406,3.816133,-3.830611,0.000344,0.002759,-2.965051
64.8500,0.117077,3.833332,-3.800723,0.000377,0.002729,-2.949975,0.057057,3.822124,-3.830926,0.000303,0.002725,-2.949817
64.9020,0.117242,3.833362,-3.800729,0.000390,0.002679,-2.937413,0.053337,3.826084,-3.861872,0.000255,0.002644,-2.939909
64.9500,0.117405,3.833394,-3.800736,0.000403,0.002633,-2.924847,0.048121,3.831929,-3.825979,0.000231,0.002669,-2.924793
65.0000,0.117566,3.833427,-3.800743,0.000414,0.002590,-2.912279,0.044365,3.835796,-3.849498,0.000543,0.002568,-2.914824
65.0500,0.117725,3.833462,-3.800749,0.000425,0.002550,-2.899710,0.039336,3.841490,-3.774624,0.000326,0.002508,-2.899797
65.1000,0.117881,3.833499,-3.800756,0.000436,0.002513,-2.887139,0.035557,3.845262,-3.789162,0.000472,0.002433,-2.889700
65.1500,0.118035,3.833537,-3.800762,0.000446,0.002479,-2.874567,0.030664,3.850809,-3.682550,0.000484,0.002490,-2.874654
65.2000,0.118188,3.833576,-3.800769,0.000455,0.002447,-2.861995,0.026870,3.854491,-3.687627,0.000358,0.002635,-2.864470
65.2500,0.118338,3.833618,-3.800776,0.000465,0.002417,-2.849423,0.022021,3.859900,-3.563951,0.000380,0.002453,-2.849537
65.3000,0.118486,3.833660,-3.800783,0.000474,0.002389,-2.836851,0.018207,3.863492,-3.560201,0.000611,0.002589,-2.839630
65.3500,0.118632,3.833704,-3.800790,0.000483,0.002364,-2.824279,0.013274,3.868769,-3.435474,0.000420,0.002398,-2.824121
65.4000,0.118776,3.833750,-3.800796,0.000492,0.002339,-2.811708,0.009428,3.872270,-3.424327,0.000488,0.002434,-2.814285
65.4500,0.118917,3.833797,-3.800803,0.000501,0.002317,-2.799136,-0.070786,3.838655,-3.310822,0.000436,0.002287,-2.799015
65.5000,0.119057,3.833845,-3.800810,0.000510,0.002296,-2.786566,-0.078639,3.839512,-3.294049,0.000460,0.002245,-2.789182
65.5500,0.119195,3.833894,-3.800817,0.000519,0.002276,-2.773995,-0.090191,3.840645,-3.198414,0.000430,0.002289,-2.773934
65.6000,0.119330,3.833945,-3.800824,0.000527,0.002257,-2.761426,-0.098047,3.841308,-3.177760,0.000494,0.002461,-2.764032
65.6500,0.119463,3.833997,-3.800831,0.000536,0.002240,-2.748857,-0.109683,3.842154,-3.102122,0.000601,0.002291,-2.748890
65.7000,0.119595,3.834050,-3.800837,0.000544,0.002224,-2.736288,-0.117543,3.842627,-3.079115,0.000525,0.002351,-2.738800
65.7500,0.119724,3.834104,-3.800844,0.000553,0.002208,-2.723720,-0.129262,3.843184,-3.022656,0.000338,0.002190,-2.723722
65.8000,0.119851,3.834159,-3.800851,0.000561,0.002194,-2.711153,-0.137130,3.843460,-2.998540,0.000577,0.002174,-2.713653
65.8500,0.119977,3.834215,-3.800858,0.000569,0.002180,-2.698586,-0.148920,3.843727,-2.959047,0.000581,0.002166,-2.698583
65.9000,0.120100,3.834273,-3.800865,0.000578,0.002167,-2.686020,-0.156790,3.843808,-2.934788,0.000637,0.002181,-2.688629
65.9520,0.120221,3.834331,-3.800871,0.000586,0.002154,-2.673455,-0.168650,3.843785,-2.909616,0.000525,0.002012,-2.673468
66.0000,0.120340,3.834390,-3.800878,0.000594,0.002143,-2.660890,-0.176524,3.843668,-2.885943,0.000546,0.002057,-2.663451
66.0500,0.120457,3.834450,-3.800885,0.000603,0.002132,-2.648326,-0.188437,3.843348,-2.872494,0.000551,0.002084,-2.648233
66.1000,0.120572,3.834511,-3.800891,0.000611,0.002121,-2.635762,-0.196316,3.843034,-2.849945,0.000618,0.002099,-2.638312
66.1520,0.120686,3.834573,-3.800898,0.000619,0.002111,-2.623199,-0.208271,3.842431,-2.845877,0.000632,0.001930,-2.623259
66.2000,0.120797,3.834636,-3.800904,0.000627,0.002101,-2.610637,-0.216147,3.841923,-2.824830,0.000651,0.002003,-2.613108
66.2500,0.120906,3.834699,-3.800911,0.000635,0.002092,-2.598075,-0.228127,3.841017,-2.828109,0.000640,0.002204,-2.598178
66.3000,0.121013,3.834763,-3.800917,0.000643,0.002084,-2.585514,-0.236005,3.840308,-2.808820,0.000391,0.001964,-2.588033
66.3500,0.121119,3.834828,-3.800923,0.000651,0.002075,-2.572954,-0.248008,3.839095,-2.817699,0.000721,0.002206,-2.573123
66.4000,0.121222,3.834894,-3.800930,0.000659,0.002067,-2.560394,-0.255883,3.838188,-2.800318,0.000703,0.002028,-2.562758
66.4500,0.121324,3.834960,-3.800936,0.000667,0.002059,-2.547835,-0.237097,4.295694,-2.813306,0.000714,0.001913,-2.547869
66.5000,0.121424,3.835027,-3.800942,0.000675,0.002052,-2.535276,-0.246392,4.308814,-2.797902,0.000785,0.002039,-2.537936
66.5500,0.121521,3.835094,-3.800948,0.000683,0.002045,-2.522718,-0.260644,4.328317,-2.813746,0.000794,0.002081,-2.522844
66.6000,0.121617,3.835162,-3.800955,0.000690,0.002038,-2.510160,-0.270276,4.341201,-2.800318,0.000709,0.001967,-2.512634
66.6500,0.121711,3.835231,-3.800961,0.000698,0.002032,-2.497603,-0.285050,4.360335,-2.817946,0.000602,0.002127,-2.497532
66.7000,0.121804,3.835300,-3.800967,0.000706,0.002025,-2.485047,-0.295016,4.372968,-2.806438,0.000730,0.002016,-2.487515
66.7520,0.121894,3.835369,-3.800973,0.000713,0.002019,-2.472491,-0.310305,4.391717,-2.824966,0.000603,0.002004,-2.472419
66.8000,0.121983,3.835439,-3.800979,0.000721,0.002013,-2.459936,-0.320598,4.404093,-2.815285,0.000764,0.002044,-2.462422
66.8500,0.122069,3.835510,-3.800984,0.000728,0.002007,-2.447381,-0.336388,4.422445,-2.833987,0.000906,0.002058,-2.447297
66.9000,0.122154,3.835580,-3.800990,0.000736,0.002002,-2.434827,-0.347003,4.434557,-2.826009,0.000678,0.001687,-2.437571
66.9500,0.122237,3.835651,-3.800996,0.000743,0.001996,-2.422273,-0.363272,4.452509,-2.844310,0.000805,0.002042,-2.422175
67.0000,0.122319,3.835723,-3.801002,0.000750,0.001991,-2.409720,-0.374198,4.464351,-2.837886,0.000707,0.002048,-2.412254
67.0500,0.122399,3.835795,-3.801007,0.000757,0.001986,-2.397168,-0.390938,4.481886,-2.855347,0.000903,0.001899,-2.397128
67.1000,0.122476,3.835867,-3.801013,0.000764,0.001981,-2.384615,-0.402170,4.493450,-2.850321,0.000690,0.001778,-2.387066
67.1500,0.122553,3.835939,-3.801019,0.000772,0.001976,-2.372064,-0.419360,4.510564,-2.866619,0.000637,0.001908,-2.372060
67.2000,0.122627,3.836011,-3.801024,0.000779,0.001971,-2.359513,-0.430886,4.521841,-2.862821,0.000606,0.001939,-2.362075
67.2500,0.122700,3.836084,-3.801029,0.000785,0.001966,-2.346962,-0.448507,4.538513,-2.877742,0.000732,0.001956,-2.346881
67.3000,0.122771,3.836157,-3.801035,0.000792,0.001962,-2.334412,-0.460322,4.549494,-2.875014,0.000768,0.001971,-2.337039
67.3500,0.122841,3.836230,-3.801040,0.000799,0.001957,-2.321863,-0.478364,4.565717,-2.888431,0.000647,0.001957,-2.321848
67.4000,0.122908,3.836303,-3.801046,0.000806,0.001953,-2.309314,-0.490460,4.576394,-2.886614,0.000838,0.001916,-2.311943
67.4500,0.122974,3.836376,-3.801051,0.000813,0.001948,-2.296765,0.030290,4.134358,-2.898411,0.000794,0.001968,-2.296774
67.5000,0.123039,3.836449,-3.801056,0.000819,0.001944,-2.284217,0.035990,4.134175,-2.897354,0.000882,0.002021,-2.286702
67.5500,0.123102,3.836523,-3.801061,0.000826,0.001940,-2.271669,0.044516,4.134001,-2.907661,0.000604,0.001724,-2.271648
67.6000,0.123163,3.836596,-3.801066,0.000832,0.001936,-2.259122,0.050213,4.133960,-2.907232,0.000863,0.001976,-2.261602
67.6500,0.123223,3.836670,-3.801071,0.000839,0.001932,-2.246576,0.058735,4.133999,-2.916031,0.000819,0.001892,-2.246473
67.7020,0.123281,3.836743,-3.801076,0.000845,0.001928,-2.234030,0.064426,4.134099,-2.916106,0.000850,0.001943,-2.236586
67.7500,0.123338,3.836817,-3.801081,0.000852,0.001924,-2.221484,0.072938,4.134345,-2.923478,0.000923,0.001995,-2.221564
67.8000,0.123393,3.836890,-3.801086,0.000858,0.001920,-2.208938,0.078620,4.134584,-2.923945,0.000711,0.001833,-2.211499
67.8500,0.123447,3.836964,-3.801091,0.000864,0.001916,-2.196394,0.087120,4.135041,-2.929997,0.000736,0.001995,-2.196482
67.9000,0.123499,3.837037,-3.801096,0.000870,0.001912,-2.183849,0.092792,4.135419,-2.930760,0.000925,0.002142,-2.186438
67.9500,0.123550,3.837110,-3.801101,0.000877,0.001908,-2.171305,0.101274,4.136085,-2.935610,0.000823,0.001782,-2.171495
68.0020,0.123599,3.837183,-3.801105,0.000883,0.001905,-2.158762,0.106931,4.136605,-2.936586,0.000994,0.001746,-2.161204
68.0520,0.123647,3.837256,-3.801110,0.000889,0.001901,-2.146219,0.115393,4.137487,-2.940362,0.000918,0.001918,-2.146125
68.1000,0.123693,3.837329,-3.801114,0.000895,0.001897,-2.133676,0.121031,4.138150,-2.941481,0.000853,0.001916,-2.136383
68.1500,0.123738,3.837402,-3.801119,0.000901,0.001894,-2.121134,0.129469,4.139245,-2.944314,0.000743,0.001995,-2.121053
68.2000,0.123782,3.837474,-3.801124,0.000907,0.001890,-2.108592,0.135088,4.140046,-2.945516,0.000955,0.001990,-2.111243
68.2500,0.123824,3.837547,-3.801128,0.000912,0.001886,-2.096051,0.143496,4.141350,-2.947531,0.000881,0.002003,-2.095970
68.3000,0.123865,3.837619,-3.801133,0.000918,0.001883,-2.083510,0.149089,4.142289,-2.948770,0.000898,0.001806,-2.086045
68.3500,0.123905,3.837691,-3.801137,0.000924,0.001879,-2.070969,0.157465,4.143801,-2.950091,0.001083,0.001887,-2.070907
68.4000,0.123943,3.837762,-3.801141,0.000930,0.001875,-2.058429,0.163031,4.144880,-2.951327,0.000821,0.002103,-2.060917
68.4500,0.123980,3.837834,-3.801146,0.000936,0.001872,-2.045889,0.249306,4.769909,-2.952018,0.000895,0.002004,-2.045828
68.5000,0.124016,3.837905,-3.801150,0.000941,0.001868,-2.033350,0.253936,4.790021,-2.953218,0.000991,0.001874,-2.035744
68.5500,0.124050,3.837976,-3.801154,0.000947,0.001865,-2.020811,0.260500,4.820271,-2.953492,0.001016,0.001773,-2.020793
68.6000,0.124083,3.838046,-3.801158,0.000952,0.001861,-2.008272,0.264620,4.840491,-2.954647,0.000822,0.002143,-2.010874
68.6500,0.124115,3.838117,-3.801162,0.000958,0.001858,-1.995734,0.270423,4.870895,-2.954534,0.001043,0.001773,-1.995829
68.7020,0.124145,3.838186,-3.801166,0.000964,0.001854,-1.983196,0.274035,4.891208,-2.955620,0.000941,0.001820,-1.985585
68.7500,0.124175,3.838256,-3.801170,0.000969,0.001851,-1.970659,0.279071,4.921747,-2.955219,0.000810,0.001772,-1.970674
68.8000,0.124203,3.838325,-3.801174,0.000974,0.001847,-1.958122,0.282168,4.942146,-2.956226,0.001079,0.001886,-1.960581
68.8500,0.124230,3.838394,-3.801178,0.000980,0.001844,-1.945585,0.286441,4.972803,-2.955601,0.000999,0.001684,-1.945652
68.9000,0.124256,3.838463,-3.801182,0.000985,0.001840,-1.933049,0.289030,4.993275,-2.956529,0.000954,0.001882,-1.935348
68.9500,0.124281,3.838531,-3.801186,0.000991,0.001837,-1.920513,0.292528,5.024033,-2.955736,0.001061,0.001799,-1.920441
69.0000,0.124304,3.838599,-3.801190,0.000996,0.001833,-1.907977,0.294598,5.044560,-2.956578,0.001124,0.001849,-1.910283
69.0500,0.124327,3.838666,-3.801194,0.001001,0.001830,-1.895442,0.297323,5.075394,-2.955683,0.000813,0.001839,-1.895479
69.1000,0.124348,3.838733,-3.801198,0.001006,0.001826,-1.882907,0.298882,5.095967,-2.956441,0.001071,0.002057,-1.885286
69.1500,0.124369,3.838800,-3.801201,0.001012,0.001823,-1.870372,0.300836,5.126859,-2.955482,0.000805,0.001905,-1.870404
69.2020,0.124388,3.838866,-3.801205,0.001017,0.001819,-1.857838,0.301877,5.147462,-2.956159,0.000967,0.001979,-1.860458
69.2500,0.124406,3.838932,-3.801209,0.001022,0.001815,-1.845304,0.303060,5.178391,-2.955175,0.000948,0.001829,-1.845182
69.3000,0.124424,3.838997,-3.801212,0.001027,0.001812,-1.832770,0.303583,5.199015,-2.955778,0.000978,0.001797,-1.835193
69.3500,0.124440,3.839062,-3.801216,0.001032,0.001808,-1.820237,0.303989,5.229966,-2.954797,0.001071,0.001813,-1.820059
69.4000,0.124455,3.839126,-3.801220,0.001037,0.001805,-1.807704,0.303994,5.250599,-2.955330,0.000988,0.001724,-1.810358
69.4500,0.124469,3.839190,-3.801223,0.001042,0.001801,-1.795172,0.429155,4.237991,-2.954438,0.000948,0.001826,-1.795186
69.5000,0.124483,3.839253,-3.801227,0.001047,0.001798,-1.782639,0.437751,4.228291,-2.954911,0.001141,0.001633,-1.784998
69.5500,0.124495,3.839316,-3.801230,0.001052,0.001794,-1.770108,0.450826,4.213909,-2.953980,0.000996,0.001757,-1.770086
69.6000,0.124506,3.839379,-3.801233,0.001057,0.001791,-1.757576,0.459661,4.204431,-2.954396,0.001129,0.001708,-1.760189
69.6500,0.124517,3.839441,-3.801237,0.001062,0.001787,-1.745045,0.135533,3.816137,-3.838205,0.001043,0.001750,-1.745077
69.7000,0.124527,3.839502,-3.801240,0.001067,0.001784,-1.732514,0.134908,3.792249,-3.882557,0.001171,0.001938,-1.734971
69.7500,0.124535,3.839563,-3.801243,0.001072,0.001780,-1.719983,0.134457,3.756448,-3.912367,0.001110,0.001760,-1.719992
69.8000,0.124543,3.839623,-3.801247,0.001076,0.001776,-1.707453,0.134438,3.732560,-3.953311,0.001268,0.001832,-1.709906
69.8500,0.124550,3.839683,-3.801250,0.001081,0.001773,-1.694923,0.135008,3.696878,-3.953382,0.001028,0.001856,-1.694935
69.9000,0.124556,3.839743,-3.801253,0.001086,0.001769,-1.682393,0.135610,3.673034,-3.988375,0.000994,0.001774,-1.684994
69.9500,0.124569,3.839800,-3.801255,0.001100,0.001769,-1.670261,0.137251,3.637588,-3.947305,0.000945,0.001795,-1.670375
70.0000,0.124637,3.839852,-3.801274,0.001160,0.001768,-1.660950,0.138503,3.613799,-3.973856,0.001124,0.001856,-1.662454
70.0500,0.124747,3.839902,-3.801297,0.001235,0.001755,-1.654408,0.141194,3.578636,-3.888541,0.001126,0.001850,-1.654237
70.1000,0.124845,3.839954,-3.801306,0.001279,0.001721,-1.649153,0.142903,3.554926,-3.904888,0.001244,0.001734,-1.650141
70.1500,0.124925,3.840009,-3.801304,0.001289,0.001686,-1.644910,0.146207,3.520035,-3.783539,0.001416,0.001611,-1.644941
70.2000,0.124994,3.840064,-3.801294,0.001283,0.001655,-1.641699,0.148153,3.496405,-3.789114,0.001402,0.001629,-1.642455
70.2500,0.125052,3.840120,-3.801282,0.001266,0.001626,-1.639342,0.151828,3.461667,-3.648438,0.001463,0.001505,-1.639290
70.3000,0.125100,3.840177,-3.801270,0.001238,0.001597,-1.637596,0.153929,3.438111,-3.643986,0.001112,0.001760,-1.637758
70.3500,0.125138,3.840235,-3.801259,0.001201,0.001568,-1.636314,0.157777,3.403429,-3.502207,0.001182,0.001663,-1.636397
70.4000,0.125168,3.840293,-3.801249,0.001158,0.001540,-1.635411,0.159973,3.379926,-3.489366,0.001002,0.001526,-1.635436
70.4500,0.125191,3.840352,-3.801240,0.001111,0.001513,-1.634814,0.175141,3.754476,-3.360247,0.001133,0.001485,-1.634761
70.5000,0.125208,3.840412,-3.801234,0.001061,0.001486,-1.634452,0.177346,3.753841,-3.341018,0.000962,0.001657,-1.634491
70.5520,0.125221,3.840472,-3.801228,0.001010,0.001460,-1.634275,0.180833,3.753075,-3.232479,0.000919,0.001471,-1.634187
70.6000,0.125230,3.840531,-3.801225,0.000959,0.001435,-1.634241,0.183049,3.752457,-3.208861,0.001000,0.001394,-1.634279
70.7800,0.125245,3.840769,-3.801220,0.000761,0.001341,-1.635009,0.192095,3.750191,-3.032871,0.000696,0.001503,-1.634571
70.8300,0.125246,3.840827,-3.801220,0.000716,0.001320,-1.635337,0.194328,3.749585,-3.005358,0.000819,0.001500,-1.634898
70.8800,0.125245,3.840885,-3.801221,0.000672,0.001300,-1.635696,0.197676,3.748681,-2.960703,0.000866,0.001345,-1.635306
70.9300,0.125230,3.840700,-3.801229,0.000629,0.001183,-1.636163,0.199903,3.748076,-2.933044,0.000619,0.001401,-1.635669
70.9800,0.125082,3.838499,-3.801306,0.000573,0.000801,-1.636864,0.203218,3.747030,-2.904694,0.000529,0.001181,-1.636141
71.0300,0.124684,3.832675,-3.801476,0.000489,0.000182,-1.637648,0.205379,3.745379,-2.877754,0.000609,0.001072,-1.636866
71.0820,0.124026,3.823093,-3.801714,0.000387,-0.000548,-1.638430,0.208323,3.738944,-2.863182,0.000598,0.000242,-1.637727
71.1300,0.123164,3.810562,-3.801978,0.000279,-0.001263,-1.639203,0.210084,3.731617,-2.837682,0.000463,-0.000433,-1.638242
71.1800,0.122176,3.796158,-3.802221,0.000165,-0.001903,-1.639946,0.212451,3.716819,-2.834274,0.000241,-0.001304,-1.639339
71.2300,0.121124,3.780823,-3.802414,0.000058,-0.002431,-1.640634,0.213897,3.705112,-2.810543,0.000269,-0.001656,-1.639757
71.2800,0.120047,3.765219,-3.802551,-0.000036,-0.002833,-1.641262,0.216019,3.686450,-2.815623,0.000083,-0.002303,-1.640675
71.3300,0.118968,3.749675,-3.802635,-0.000114,-0.003114,-1.641871,0.217356,3.673432,-2.793848,0.000029,-0.002598,-1.641243
71.3800,0.117891,3.734237,-3.802676,-0.000179,-0.003288,-1.642454,0.219517,3.654624,-2.805164,0.000007,-0.003059,-1.641912
71.4300,0.116812,3.718908,-3.802682,-0.000229,-0.003375,-1.642996,0.220840,3.641716,-2.785518,-0.000298,-0.003311,-1.642500
71.4800,0.115732,3.703671,-3.802663,-0.000266,-0.003393,-1.643511,-0.278047,3.513789,-2.801159,-0.000087,-0.003505,-1.643218
71.5320,0.114648,3.688504,-3.802627,-0.000290,-0.003357,-1.643996,-0.292225,3.497683,-2.783712,-0.000412,-0.003462,-1.643510
71.5800,0.113554,3.673377,-3.802578,-0.000304,-0.003279,-1.644451,-0.313430,3.473916,-2.802448,-0.000241,-0.003355,-1.643963
71.6300,0.112451,3.658266,-3.802523,-0.000308,-0.003168,-1.644885,-0.327630,3.457934,-2.787253,-0.000296,-0.003441,-1.644525
71.6820,0.111339,3.643152,-3.802464,-0.000303,-0.003032,-1.645306,-0.348861,3.434356,-2.807769,-0.000181,-0.003174,-1.644742
71.7300,0.110218,3.628029,-3.802403,-0.000290,-0.002878,-1.645714,-0.363089,3.418422,-2.794766,-0.000346,-0.002901,-1.645189
71.7800,0.109088,3.612896,-3.802342,-0.000270,-0.002709,-1.646111,-0.384353,3.394914,-2.816077,-0.000493,-0.002787,-1.645845
71.8300,0.107951,3.597754,-3.802283,-0.000244,-0.002531,-1.646498,-0.398606,3.378990,-2.805158,-0.000264,-0.002823,-1.645982
71.8800,0.106808,3.582607,-3.802225,-0.000214,-0.002346,-1.646876,-0.419899,3.355505,-2.826461,-0.000200,-0.002359,-1.646365
71.9300,0.105657,3.567458,-3.802170,-0.000180,-0.002156,-1.647247,-0.434171,3.339590,-2.817477,-0.000129,-0.002542,-1.646945
71.9800,0.104501,3.552310,-3.802117,-0.000143,-0.001965,-1.647612,-0.455504,3.316107,-2.838150,-0.000187,-0.002247,-1.647278
72.0300,0.103338,3.537163,-3.802067,-0.000105,-0.001774,-1.647970,-0.469800,3.300217,-2.830925,-0.000092,-0.002112,-1.647501
72.0820,0.102170,3.522019,-3.802021,-0.000065,-0.001584,-1.648323,-0.491175,3.276723,-2.850497,-0.000068,-0.001639,-1.648071
72.1300,0.100996,3.506879,-3.801978,-0.000025,-0.001397,-1.648672,-0.505492,3.260858,-2.844848,-0.000004,-0.001602,-1.648254
72.1800,0.099816,3.491741,-3.801938,0.000014,-0.001214,-1.649015,-0.526917,3.237329,-2.862988,-0.000167,-0.001238,-1.648647
72.2300,0.098631,3.476606,-3.801901,0.000053,-0.001035,-1.649355,-0.541252,3.221485,-2.858724,0.000185,-0.001204,-1.648925
72.2800,0.097441,3.461473,-3.801868,0.000090,-0.000862,-1.649690,-0.562729,3.197906,-2.875215,0.000103,-0.001148,-1.649417
72.3300,0.096245,3.446343,-3.801837,0.000126,-0.000694,-1.650022,-0.577088,3.182087,-2.872145,0.000200,-0.000879,-1.649710
72.3800,0.095044,3.431214,-3.801810,0.000160,-0.000533,-1.650350,-0.598617,3.158464,-2.886870,0.000179,-0.000741,-1.649965
72.4300,0.093838,3.416089,-3.801786,0.000192,-0.000377,-1.650675,-0.612992,3.142660,-2.884818,-0.000025,-0.000607,-1.650422
72.4800,0.092627,3.400965,-3.801765,0.000222,-0.000227,-1.650997,0.049108,3.124366,-2.897747,0.000365,-0.000502,-1.650626
72.5300,0.091411,3.385843,-3.801746,0.000250,-0.000083,-1.651315,0.054803,3.108657,-2.896530,0.000339,-0.000411,-1.651038
72.5800,0.090191,3.370724,-3.801730,0.000275,0.000054,-1.651630,0.063321,3.085090,-2.907673,0.000231,-0.000119,-1.651349
72.6300,0.088965,3.355607,-3.801717,0.000298,0.000185,-1.651943,0.068993,3.069381,-2.907148,0.000350,0.000205,-1.651720
72.6800,0.087735,3.340491,-3.801706,0.000318,0.000311,-1.652252,0.077483,3.045805,-2.916593,0.000325,0.000197,-1.651881
72.7300,0.086500,3.325378,-3.801697,0.000337,0.000431,-1.652559,0.083138,3.030095,-2.916618,0.000277,0.000453,-1.652078
72.7800,0.085261,3.310268,-3.801691,0.000353,0.000545,-1.652863,0.091597,3.006511,-2.924469,0.000460,0.000430,-1.652517
72.8300,0.084017,3.295159,-3.801686,0.000367,0.000653,-1.653164,0.097232,2.990800,-2.924923,0.000307,0.000586,-1.652756
72.8800,0.082768,3.280052,-3.801684,0.000379,0.000756,-1.653463,0.105665,2.967214,-2.931310,0.000344,0.000529,-1.652932
72.9320,0.081515,3.264947,-3.801683,0.000388,0.000854,-1.653759,0.111283,2.951504,-2.932084,0.000381,0.000739,-1.653333
72.9800,0.080258,3.249845,-3.801684,0.000397,0.000948,-1.654052,0.119691,2.927921,-2.937153,0.000587,0.000741,-1.653866
73.0300,0.078996,3.234744,-3.801687,0.000403,0.001036,-1.654342,0.125289,2.912210,-2.938155,0.000346,0.001034,-1.654008
73.0800,0.077730,3.219645,-3.801691,0.000408,0.001120,-1.654630,0.133671,2.888628,-2.942056,0.000647,0.001021,-1.654172
73.1300,0.076460,3.204549,-3.801697,0.000411,0.001199,-1.654915,0.139253,2.872917,-2.943210,0.000355,0.001220,-1.654730
73.1800,0.075186,3.189454,-3.801705,0.000413,0.001274,-1.655198,0.147608,2.849339,-2.946090,0.000482,0.001126,-1.654889
73.2300,0.073907,3.174361,-3.801713,0.000413,0.001345,-1.655478,0.153171,2.833626,-2.947334,0.000477,0.001303,-1.654982
73.2800,0.072624,3.159270,-3.801723,0.000413,0.001413,-1.655756,0.161502,2.810054,-2.949337,0.000426,0.001372,-1.655377
73.3300,0.071337,3.144181,-3.801735,0.000411,0.001476,-1.656031,0.167050,2.794341,-2.950617,0.000136,0.001349,-1.655657
73.3800,0.070047,3.129094,-3.801747,0.000409,0.001537,-1.656303,0.175364,2.770781,-2.951884,0.000344,0.001548,-1.656033
73.4300,0.068752,3.114008,-3.801761,0.000405,0.001593,-1.656573,0.180897,2.755067,-2.953160,0.000450,0.001583,-1.656195
73.4800,0.067453,3.098925,-3.801775,0.000401,0.001647,-1.656840,-0.294930,3.233047,-2.953710,0.000268,0.001594,-1.656764
73.5300,0.066150,3.083843,-3.801791,0.000397,0.001698,-1.657105,-0.303830,3.232393,-2.954934,0.000434,0.001643,-1.656742
73.5800,0.064843,3.068763,-3.801807,0.000391,0.001745,-1.657368,-0.317184,3.231422,-2.955103,0.000293,0.001608,-1.657016
73.6300,0.063532,3.053685,-3.801825,0.000386,0.001790,-1.657628,-0.326090,3.230775,-2.956270,0.000300,0.001614,-1.657419
73.6800,0.062218,3.038609,-3.801843,0.000379,0.001833,-1.657886,-0.339451,3.229819,-2.956050,0.000334,0.001994,-1.657626
73.7300,0.060899,3.023534,-3.801862,0.000373,0.001873,-1.658141,-0.348363,3.229180,-2.957145,0.000370,0.002046,-1.657932
73.7800,0.059577,3.008461,-3.801881,0.000366,0.001910,-1.658394,-0.361733,3.228238,-2.956626,0.000315,0.001730,-1.658008
73.8320,0.058251,2.993389,-3.801902,0.000359,0.001946,-1.658644,-0.370651,3.227607,-2.957638,0.000354,0.001868,-1.658247
73.8800,0.056921,2.978320,-3.801923,0.000352,0.001979,-1.658892,-0.384027,3.226681,-2.956900,0.000490,0.001922,-1.658701
73.9300,0.055588,2.963252,-3.801945,0.000345,0.002010,-1.659138,-0.392949,3.226059,-2.957825,0.000350,0.002108,-1.658921
73.9800,0.054251,2.948185,-3.801967,0.000338,0.002039,-1.659381,-0.406334,3.225144,-2.956936,0.000403,0.002028,-1.659119
74.0300,0.052910,2.933120,-3.801990,0.000331,0.002066,-1.659622,-0.415263,3.224527,-2.957773,0.000152,0.001969,-1.659224
74.0800,0.051566,2.918057,-3.802013,0.000323,0.002092,-1.659860,-0.428655,3.223625,-2.956786,0.000143,0.002161,-1.659569
74.1300,0.050218,2.902996,-3.802037,0.000316,0.002116,-1.660097,-0.437586,3.223016,-2.957535,0.000392,0.002194,-1.659780
74.1800,0.048867,2.887935,-3.802062,0.000309,0.002139,-1.660331,-0.450982,3.222125,-2.956501,0.000296,0.002267,-1.660245
74.2300,0.047512,2.872877,-3.802087,0.000302,0.002160,-1.660562,-0.459919,3.221522,-2.957168,0.000279,0.001943,-1.660338
74.2800,0.046154,2.857820,-3.802112,0.000295,0.002179,-1.660792,-0.473326,3.220643,-2.956120,0.000206,0.002223,-1.660514
74.3300,0.044793,2.842765,-3.802137,0.000288,0.002198,-1.661019,-0.482268,3.220046,-2.956710,0.000382,0.002004,-1.660646
74.3800,0.043428,2.827711,-3.802163,0.000281,0.002215,-1.661244,-0.495683,3.219180,-2.955678,0.000206,0.002144,-1.661038
74.4320,0.042059,2.812658,-3.802190,0.000275,0.002231,-1.661467,-0.504630,3.218592,-2.956196,0.000259,0.002310,-1.661084
74.4800,0.040688,2.797607,-3.802217,0.000268,0.002245,-1.661687,-0.140600,2.294265,-2.955403,0.000054,0.002225,-1.661450
74.5300,0.039313,2.782557,-3.802244,0.000262,0.002259,-1.661906,-0.138348,2.266016,-2.955880,0.000280,0.002149,-1.661683
74.5800,0.037935,2.767509,-3.802271,0.000256,0.002272,-1.662122,-0.134983,2.223649,-2.954910,0.000278,0.002027,-1.661935
74.6300,0.036553,2.752463,-3.802299,0.000250,0.002284,-1.662336,-0.132751,2.195406,-2.955322,0.000235,0.002336,-1.662015
74.6800,0.035169,2.737417,-3.802326,0.000245,0.002294,-1.662548,0.111943,2.748875,-3.748678,0.000408,0.002481,-1.662417
74.7300,0.033781,2.722373,-3.802355,0.000239,0.002305,-1.662758,0.122483,2.740965,-3.788521,0.000082,0.002291,-1.662406
74.7800,0.032390,2.707331,-3.802383,0.000234,0.002314,-1.662966,0.138293,2.729146,-3.815300,0.000333,0.002324,-1.662817
74.8300,0.030996,2.692290,-3.802411,0.000229,0.002322,-1.663172,0.148831,2.721255,-3.852086,0.000248,0.002309,-1.662866
74.8800,0.029599,2.677250,-3.802440,0.000224,0.002330,-1.663375,0.164671,2.709608,-3.852155,0.000388,0.002282,-1.663118
74.9300,0.028199,2.662212,-3.802469,0.000220,0.002337,-1.663577,0.175201,2.701751,-3.883594,0.000400,0.002406,-1.663482
74.9800,0.026796,2.647174,-3.802498,0.000215,0.002344,-1.663777,0.191082,2.690385,-3.846712,0.000100,0.002233,-1.663488
75.0300,0.025391,2.632139,-3.802528,0.000211,0.002350,-1.663974,0.201616,2.682585,-3.870569,0.000198,0.002138,-1.663807
75.0800,0.023982,2.617104,-3.802557,0.000207,0.002355,-1.664170,0.217543,2.671557,-3.793924,0.000301,0.002291,-1.664044
75.1320,0.022570,2.602071,-3.802587,0.000203,0.002360,-1.664363,0.228086,2.663829,-3.808614,-0.000010,0.002402,-1.664117
75.1800,0.021155,2.587039,-3.802617,0.000199,0.002365,-1.664555,0.244047,2.653118,-3.699625,0.000072,0.002406,-1.664367
75.2300,0.019738,2.572008,-3.802647,0.000196,0.002369,-1.664745,0.254600,2.645470,-3.704662,0.000095,0.002373,-1.664535
75.2800,0.018318,2.556979,-3.802677,0.000193,0.002372,-1.664933,0.270588,2.634979,-3.578314,0.000141,0.002318,-1.664742
75.3300,0.016894,2.541950,-3.802707,0.000189,0.002375,-1.665119,0.281148,2.627405,-3.574350,0.000301,0.002270,-1.664884
75.3800,0.015469,2.526923,-3.802737,0.000186,0.002378,-1.665303,0.297125,2.616985,-3.446991,0.000093,0.002407,-1.665084
75.4320,0.014040,2.511898,-3.802767,0.000183,0.002380,-1.665485,0.307691,2.609476,-3.435486,0.000377,0.002295,-1.665217
75.4800,0.012609,2.496873,-3.802798,0.000181,0.002382,-1.665666,0.381475,2.719290,-3.319534,0.000163,0.002367,-1.665594
75.5300,0.011175,2.481850,-3.802828,0.000178,0.002384,-1.665844,0.395275,2.718529,-3.302290,0.000181,0.002380,-1.665760
75.5800,0.009739,2.466827,-3.802859,0.000176,0.002386,-1.666021,0.416013,2.717676,-3.204745,0.000248,0.002390,-1.665684
75.6300,0.008299,2.451806,-3.802890,0.000174,0.002387,-1.666196,0.429810,2.716935,-3.183553,0.000406,0.002378,-1.665905
75.6800,0.006858,2.436786,-3.802920,0.000171,0.002388,-1.666369,0.450529,2.716019,-3.106446,0.000263,0.002339,-1.666183
75.7300,0.005413,2.421768,-3.802951,0.000169,0.002388,-1.666541,0.464319,2.715286,-3.082867,0.000424,0.002531,-1.666320
75.7800,0.003967,2.406750,-3.802982,0.000167,0.002389,-1.666710,0.485015,2.714292,-3.025359,0.000241,0.002340,-1.666407
75.8300,0.002517,2.391733,-3.803013,0.000166,0.002389,-1.666878,0.498800,2.713567,-3.000662,0.000349,0.002450,-1.666623
75.8800,0.001066,2.376718,-3.803044,0.000164,0.002389,-1.667045,0.519468,2.712491,-2.960484,0.000173,0.002356,-1.666957
75.9300,-0.000389,2.361703,-3.803075,0.000162,0.002389,-1.667209,0.533244,2.711760,-2.935653,0.000292,0.002544,-1.666924
75.9800,-0.001845,2.346690,-3.803107,0.000161,0.002389,-1.667372,0.553892,2.710595,-2.910100,0.000063,0.002400,-1.667120
76.0320,-0.003304,2.331678,-3.803138,0.000159,0.002389,-1.667533,0.567666,2.709861,-2.885882,0.000040,0.002160,-1.667255
76.0800,-0.004766,2.316667,-3.803169,0.000158,0.002388,-1.667693,0.588301,2.708620,-2.872296,0.000055,0.002383,-1.667628
76.1300,-0.006229,2.301657,-3.803200,0.000157,0.002387,-1.667851,0.602070,2.707873,-2.849234,0.000185,0.002329,-1.667588
76.1800,-0.007695,2.286648,-3.803232,0.000156,0.002386,-1.668007,0.622695,2.706552,-2.845224,0.000256,0.002219,-1.667753
76.2320,-0.009164,2.271640,-3.803263,0.000155,0.002386,-1.668162,0.636457,2.705798,-2.823705,0.000090,0.002317,-1.668046
76.2800,-0.010634,2.256633,-3.803294,0.000154,0.002385,-1.668315,0.657061,2.704403,-2.827186,0.000093,0.002417,-1.668151
76.3300,-0.012107,2.241627,-3.803326,0.000153,0.002383,-1.668467,0.670821,2.703630,-2.807472,0.000090,0.002483,-1.668224
76.3800,-0.013582,2.226622,-3.803357,0.000152,0.002382,-1.668617,0.691428,2.702167,-2.816666,0.000158,0.002373,-1.668491
76.4300,-0.015060,2.211618,-3.803389,0.000151,0.002381,-1.668766,0.705186,2.701373,-2.798907,-0.000128,0.002425,-1.668570
76.4800,-0.016539,2.196615,-3.803420,0.000151,0.002379,-1.668913,0.323549,2.079268,-2.812395,0.000157,0.002416,-1.668799
76.5300,-0.018021,2.181613,-3.803452,0.000150,0.002378,-1.669058,0.324819,2.059289,-2.796666,0.000411,0.002573,-1.668963
76.5800,-0.019504,2.166612,-3.803483,0.000149,0.002377,-1.669202,0.326705,2.029228,-2.812938,0.000049,0.002545,-1.668954
76.6300,-0.020990,2.151611,-3.803515,0.000149,0.002375,-1.669345,0.327966,2.009235,-2.799232,0.000164,0.002363,-1.669195
76.6800,-0.022478,2.136612,-3.803546,0.000148,0.002373,-1.669486,0.329834,1.979137,-2.817316,0.000200,0.002305,-1.669541
76.7300,-0.023968,2.121614,-3.803578,0.000148,0.002372,-1.669626,0.331080,1.959133,-2.805576,0.000163,0.002514,-1.669504
76.7800,-0.025460,2.106617,-3.803610,0.000147,0.002370,-1.669764,0.332923,1.928997,-2.824570,0.000134,0.002351,-1.669609
76.8300,-0.026954,2.091620,-3.803641,0.000147,0.002368,-1.669901,0.334159,1.908981,-2.814699,-0.000008,0.002347,-1.669711
76.8800,-0.028450,2.076625,-3.803673,0.000147,0.002366,-1.670036,0.335994,1.878813,-2.833864,0.000206,0.002544,-1.669969
76.9300,-0.029948,2.061630,-3.803704,0.000146,0.002365,-1.670170,0.337221,1.858784,-2.825732,0.000297,0.002366,-1.670059
76.9800,-0.031448,2.046636,-3.803736,0.000146,0.002363,-1.670303,0.339024,1.828589,-2.844482,-0.000099,0.002161,-1.670242
77.0300,-0.032950,2.031644,-3.803768,0.000146,0.002361,-1.670434,0.340238,1.808553,-2.837934,0.000320,0.002354,-1.670461
77.0800,-0.034454,2.016652,-3.803799,0.000146,0.002359,-1.670564,0.342021,1.778344,-2.855824,0.000223,0.002350,-1.670445
77.1300,-0.035959,2.001660,-3.803831,0.000145,0.002357,-1.670693,0.343222,1.758299,-2.850704,0.000145,0.002347,-1.670514
77.1800,-0.037467,1.986670,-3.803863,0.000145,0.002355,-1.670820,0.344988,1.728080,-2.867404,0.000074,0.002308,-1.670563
77.2300,-0.038976,1.971681,-3.803895,0.000145,0.002353,-1.670946,0.346180,1.708027,-2.863544,0.000295,0.002317,-1.670887
77.2800,-0.040487,1.956692,-3.803926,0.000145,0.002351,-1.671071,0.347928,1.677805,-2.878833,0.000045,0.002440,-1.671098
77.3300,-0.042001,1.941704,-3.803958,0.000145,0.002349,-1.671194,0.349108,1.657743,-2.876066,0.000243,0.002472,-1.671061
77.3800,-0.043515,1.926717,-3.803990,0.000145,0.002347,-1.671316,0.350850,1.627517,-2.889816,0.000185,0.002382,-1.671180
77.4300,-0.045032,1.911731,-3.804022,0.000145,0.002345,-1.671437,0.352021,1.607449,-2.887980,0.000124,0.002257,-1.671343
77.4800,-0.046550,1.896746,-3.804053,0.000145,0.002343,-1.671557,-0.370868,1.993709,-2.900084,0.000135,0.002248,-1.671352
77.5300,-0.048070,1.881761,-3.804085,0.000145,0.002342,-1.671676,-0.390971,1.985914,-2.899024,0.000072,0.002194,-1.671594
77.5800,-0.049592,1.866778,-3.804117,0.000145,0.002340,-1.671793,-0.421133,1.974203,-2.909592,0.000299,0.002410,-1.671638
77.6300,-0.051116,1.851795,-3.804149,0.000145,0.002338,-1.671909,-0.441242,1.966411,-2.909176,0.000166,0.002335,-1.671840
77.6800,-0.052641,1.836813,-3.804180,0.000145,0.002336,-1.672024,-0.471415,1.954703,-2.918203,0.000230,0.002394,-1.672036
77.7300,-0.054168,1.821831,-3.804212,0.000145,0.002334,-1.672137,-0.491531,1.946916,-2.918298,0.000054,0.002376,-1.671971
77.7820,-0.055696,1.806850,-3.804244,0.000145,0.002332,-1.672250,-0.521709,1.935209,-2.925866,0.000157,0.002084,-1.672056
77.8300,-0.057226,1.791871,-3.804276,0.000145,0.002330,-1.672361,-0.541827,1.927425,-2.926361,0.000097,0.002374,-1.672161
77.8800,-0.058758,1.776891,-3.804307,0.000145,0.002328,-1.672471,-0.572009,1.915728,-2.932579,0.000031,0.002316,-1.672336
77.9300,-0.060291,1.761913,-3.804339,0.000145,0.002326,-1.672580,-0.592129,1.907948,-2.933376,0.000131,0.002279,-1.672424
77.9800,-0.061826,1.746935,-3.804371,0.000145,0.002324,-1.672688,-0.622313,1.896261,-2.938367,0.000136,0.002523,-1.672600
78.0300,-0.063363,1.731958,-3.804403,0.000146,0.002322,-1.672795,-0.642436,1.888483,-2.939386,-0.000004,0.002314,-1.672749
78.0800,-0.064901,1.716982,-3.804435,0.000146,0.002320,-1.672901,-0.672625,1.876809,-2.943277,0.000117,0.002318,-1.672696
78.1300,-0.066440,1.702006,-3.804466,0.000146,0.002318,-1.673006,-0.692750,1.869031,-2.944439,-0.000057,0.002373,-1.672935
78.1800,-0.067981,1.687031,-3.804498,0.000146,0.002316,-1.673109,-0.722937,1.857362,-2.947366,0.000121,0.002296,-1.673068
78.2300,-0.069524,1.672057,-3.804530,0.000146,0.002314,-1.673212,-0.743061,1.849589,-2.948611,0.000273,0.002393,-1.673235
78.2800,-0.071068,1.657084,-3.804562,0.000146,0.002313,-1.673313,-0.773250,1.837933,-2.950710,0.000321,0.002458,-1.673400
78.3300,-0.072613,1.642111,-3.804594,0.000146,0.002311,-1.673414,-0.793379,1.830166,-2.951998,0.000348,0.002291,-1.673258
78.3800,-0.074160,1.627139,-3.804625,0.000146,0.002309,-1.673513,-0.823577,1.818517,-2.953384,0.000169,0.002332,-1.673440
78.4300,-0.075708,1.612167,-3.804657,0.000147,0.002307,-1.673611,-0.843712,1.810754,-2.954667,-0.000068,0.002360,-1.673482
78.4820,-0.077258,1.597196,-3.804689,0.000147,0.002305,-1.673709,-0.223646,2.580496,-2.955319,0.000241,0.002356,-1.673428
78.5300,-0.078809,1.582226,-3.804721,0.000147,0.002303,-1.673805,-0.224300,2.596077,-2.956559,0.000124,0.002383,-1.673714
78.5800,-0.080362,1.567257,-3.804753,0.000147,0.002302,-1.673901,-0.225277,2.619451,-2.956888,0.000301,0.002236,-1.673620
78.6300,-0.081916,1.552288,-3.804784,0.000147,0.002300,-1.673995,-0.225931,2.635033,-2.958077,0.000113,0.002349,-1.673862
78.6800,-0.083471,1.537320,-3.804816,0.000147,0.002298,-1.674088,-0.226911,2.658412,-2.958018,0.000105,0.002224,-1.673916
78.7300,-0.085027,1.522352,-3.804848,0.000148,0.002296,-1.674181,-0.227565,2.673998,-2.959141,0.000087,0.002222,-1.674065
78.7840,-0.086585,1.507385,-3.804880,0.000148,0.002295,-1.674272,-0.229188,2.712977,-2.959819,0.000047,0.002243,-1.674397
78.8300,-0.088144,1.492419,-3.804912,0.000148,0.002293,-1.674363,-0.229188,2.712977,-2.959819,0.000047,0.002243,-1.674397
78.8800,-0.089705,1.477453,-3.804943,0.000148,0.002291,-1.674453,-0.230156,2.736369,-2.959226,0.000102,0.002503,-1.674257
78.9300,-0.091267,1.462488,-3.804975,0.000148,0.002289,-1.674541,-0.230803,2.751959,-2.960183,0.000188,0.002217,-1.674333
78.9800,-0.092830,1.447523,-3.805007,0.000148,0.002288,-1.674629,-0.231771,2.775355,-2.959426,0.000233,0.002149,-1.674585
79.0300,-0.094394,1.432559,-3.805039,0.000149,0.002286,-1.674716,-0.232415,2.790947,-2.960300,0.000103,0.002396,-1.674642
79.0800,-0.095960,1.417596,-3.805071,0.000149,0.002284,-1.674802,-0.233380,2.814347,-2.959430,0.000143,0.002241,-1.674996
79.1300,-0.097526,1.402633,-3.805102,0.000149,0.002283,-1.674887,-0.234022,2.829939,-2.960221,0.000156,0.002383,-1.674796
79.1820,-0.099094,1.387671,-3.805134,0.000149,0.002281,-1.674972,-0.234987,2.853341,-2.959287,0.000135,0.002378,-1.674764
79.2320,-0.100664,1.372709,-3.805166,0.000149,0.002280,-1.675055,-0.235634,2.868935,-2.959995,-0.000001,0.002328,-1.674840
79.2800,-0.102234,1.357748,-3.805198,0.000150,0.002278,-1.675138,-0.236601,2.892339,-2.959034,0.000043,0.002275,-1.674839
79.3300,-0.103806,1.342787,-3.805230,0.000150,0.002276,-1.675219,-0.237247,2.907935,-2.959667,0.000162,0.002148,-1.675219
79.3800,-0.105378,1.327827,-3.805261,0.000150,0.002275,-1.675300,-0.238209,2.931346,-2.958708,-0.000155,0.002284,-1.675364
79.4300,-0.106952,1.312868,-3.805293,0.000150,0.002273,-1.675380,-0.238849,2.946946,-2.959269,0.000128,0.002228,-1.675122
79.4820,-0.108527,1.297909,-3.805325,0.000150,0.002272,-1.675459,0.202034,1.236509,-2.958576,0.000195,0.002353,-1.675383
79.5320,-0.110103,1.282950,-3.805357,0.000150,0.002270,-1.675538,0.214550,1.200220,-2.959093,0.000004,0.002117,-1.675361
79.5800,-0.111681,1.267993,-3.805389,0.000151,0.002269,-1.675615,0.233324,1.145792,-2.958155,0.000075,0.002250,-1.675444
79.6300,-0.113259,1.253035,-3.805421,0.000151,0.002267,-1.675692,0.245832,1.109503,-2.958609,-0.000028,0.002207,-1.675657
79.6800,-0.114839,1.238078,-3.805452,0.000151,0.002266,-1.675768,-0.071137,1.229793,-3.788210,0.000044,0.002412,-1.675594
79.7300,-0.116419,1.223122,-3.805484,0.000151,0.002264,-1.675843,-0.070185,1.199364,-3.829898,0.000201,0.002352,-1.675692
79.7800,-0.118001,1.208166,-3.805516,0.000151,0.002263,-1.675918,-0.068763,1.153774,-3.857939,0.000148,0.002154,-1.675922
79.8300,-0.119583,1.193211,-3.805548,0.000151,0.002261,-1.675992,-0.067816,1.123355,-3.896423,0.000193,0.002166,-1.675938
79.8800,-0.121167,1.178256,-3.805580,0.000152,0.002260,-1.676065,-0.066371,1.077937,-3.896531,0.000051,0.002084,-1.676213
79.9300,-0.122752,1.163302,-3.805611,0.000152,0.002259,-1.676137,-0.065425,1.047565,-3.929424,0.000140,0.002390,-1.676068
79.9800,-0.124338,1.148348,-3.805643,0.000152,0.002257,-1.676208,-0.063946,1.002424,-3.890893,0.000168,0.002237,-1.676259
80.0300,-0.125924,1.133395,-3.805675,0.000152,0.002256,-1.676279,-0.062994,0.972113,-3.915856,0.000155,0.002202,-1.676349
80.0800,-0.127512,1.118442,-3.805707,0.000152,0.002255,-1.676349,-0.061457,0.927302,-3.835741,0.000051,0.002307,-1.676309
80.1300,-0.129101,1.103489,-3.805739,0.000152,0.002253,-1.676418,-0.060499,0.897067,-3.851122,0.000223,0.002333,-1.676200
80.1800,-0.130691,1.088537,-3.805770,0.000153,0.002252,-1.676487,-0.058905,0.852578,-3.737183,0.000022,0.002192,-1.676363
80.2300,-0.132282,1.073586,-3.805802,0.000153,0.002251,-1.676555,-0.057937,0.822421,-3.742465,0.000123,0.002196,-1.676466
80.2800,-0.133873,1.058635,-3.805834,0.000153,0.002249,-1.676622,-0.056329,0.778124,-3.610364,0.000199,0.002242,-1.676599
80.3300,-0.135466,1.043685,-3.805866,0.000153,0.002248,-1.676688,-0.055355,0.748046,-3.606231,-0.000058,0.002210,-1.676642
80.3800,-0.137060,1.028734,-3.805898,0.000153,0.002247,-1.676754,-0.053740,0.703827,-3.473073,0.000123,0.002222,-1.676716
80.4320,-0.138654,1.013785,-3.805929,0.000153,0.002245,-1.676819,-0.052760,0.673814,-3.461053,0.000281,0.002299,-1.676691
80.4800,-0.140250,0.998836,-3.805961,0.000154,0.002244,-1.676883,0.418765,0.842458,-3.339745,0.000186,0.002102,-1.676926
80.5300,-0.141846,0.983887,-3.805993,0.000154,0.002243,-1.676947,0.445950,0.824347,-3.321719,0.000101,0.002369,-1.676823
80.5800,-0.143443,0.968939,-3.806025,0.000154,0.002242,-1.677010,0.486776,0.797456,-3.219734,0.000087,0.002299,-1.676792
80.6300,-0.145041,0.953991,-3.806057,0.000154,0.002240,-1.677073,0.513967,0.779365,-3.197585,0.000503,0.002199,-1.676956
80.6800,-0.146640,0.939043,-3.806088,0.000154,0.002239,-1.677135,0.554775,0.752416,-3.116966,0.000110,0.002426,-1.677022
80.7300,-0.148240,0.924096,-3.806120,0.000154,0.002238,-1.677196,0.581957,0.734329,-3.092315,0.000100,0.002311,-1.677144
80.7800,-0.149841,0.909149,-3.806152,0.000154,0.002237,-1.677256,0.622745,0.707297,-3.032187,0.000267,0.002190,-1.677098
80.8300,-0.151443,0.894203,-3.806184,0.000155,0.002236,-1.677316,0.649925,0.689218,-3.006363,0.000185,0.002397,-1.677010
80.8800,-0.153045,0.879257,-3.806216,0.000155,0.002234,-1.677376,0.690700,0.662115,-2.964358,0.000240,0.002187,-1.677485
80.9300,-0.154648,0.864312,-3.806248,0.000155,0.002233,-1.677434,0.717873,0.644028,-2.938394,0.000155,0.002126,-1.677217
80.9800,-0.156253,0.849367,-3.806279,0.000155,0.002232,-1.677493,0.758629,0.616844,-2.911673,0.000323,0.002225,-1.677342
81.0300,-0.157857,0.834422,-3.806311,0.000155,0.002231,-1.677550,0.785801,0.598757,-2.886345,0.000106,0.002030,-1.677509
81.0800,-0.159463,0.819478,-3.806343,0.000155,0.002230,-1.677607,0.826537,0.571500,-2.872135,0.000084,0.002088,-1.677486
81.1300,-0.161070,0.804534,-3.806375,0.000155,0.002229,-1.677663,0.853705,0.553406,-2.848017,0.000073,0.002297,-1.677746
81.1800,-0.162677,0.789591,-3.806407,0.000156,0.002228,-1.677719,0.894419,0.526058,-2.843822,0.000105,0.002307,-1.677663
81.2300,-0.164285,0.774648,-3.806438,0.000156,0.002227,-1.677774,0.921582,0.507945,-2.821318,0.000271,0.001990,-1.677776
81.2800,-0.165894,0.759705,-3.806470,0.000156,0.002226,-1.677829,0.962286,0.480534,-2.824956,0.000320,0.002219,-1.677612
81.3300,-0.167504,0.744763,-3.806502,0.000156,0.002225,-1.677883,0.989446,0.462410,-2.804335,-0.000012,0.002262,-1.677718
81.3800,-0.169114,0.729821,-3.806534,0.000156,0.002224,-1.677937,1.030144,0.434925,-2.813947,0.000195,0.002173,-1.677984
81.4300,-0.170725,0.714879,-3.806566,0.000156,0.002223,-1.677990,1.057298,0.416775,-2.795371,0.000260,0.002118,-1.678104
81.4800,-0.172337,0.699938,-3.806597,0.000156,0.002221,-1.678042,0.776466,0.311932,-2.809378,0.000060,0.002285,-1.677939
81.5300,-0.173950,0.684997,-3.806629,0.000157,0.002220,-1.678094,0.793674,0.291384,-2.792919,0.000083,0.002262,-1.677982
81.5800,-0.175563,0.670057,-3.806661,0.000157,0.002219,-1.678145,0.819471,0.260473,-2.809944,0.000175,0.002349,-1.677965
81.6320,-0.177177,0.655117,-3.806693,0.000157,0.002218,-1.678196,0.836673,0.239908,-2.795598,0.000201,0.002332,-1.678183
81.6800,-0.178792,0.640177,-3.806725,0.000157,0.002217,-1.678246,0.862456,0.208955,-2.814518,0.000288,0.002251,-1.678030
81.7300,-0.180408,0.625237,-3.806756,0.000157,0.002217,-1.678296,0.879653,0.188377,-2.802229,0.000107,0.002258,-1.678244
81.7800,-0.182024,0.610298,-3.806788,0.000157,0.002216,-1.678345,0.905421,0.157380,-2.822100,0.000051,0.002050,-1.678344
81.8300,-0.183641,0.595359,-3.806820,0.000157,0.002215,-1.678394,0.922612,0.136788,-2.811763,0.000086,0.002297,-1.678275
81.8800,-0.185259,0.580421,-3.806852,0.000157,0.002214,-1.678442,0.948375,0.105762,-2.831815,0.000208,0.002056,-1.678424
81.9300,-0.186877,0.565483,-3.806884,0.000158,0.002213,-1.678490,0.965560,0.085157,-2.823296,0.000068,0.002260,-1.678533
81.9800,-0.188496,0.550545,-3.806915,0.000158,0.002212,-1.678537,0.991310,0.054099,-2.842914,0.000138,0.002154,-1.678375
82.0300,-0.190115,0.535608,-3.806947,0.000158,0.002211,-1.678584,1.008490,0.033483,-2.836055,-0.000038,0.002244,-1.678532
82.0800,-0.191736,0.520670,-3.806979,0.000158,0.002210,-1.678631,1.034235,0.002406,-2.854774,0.000096,0.002277,-1.678695
82.1320,-0.193356,0.505734,-3.807011,0.000158,0.002209,-1.678676,1.051414,-0.018221,-2.849410,0.000114,0.002086,-1.678499
82.1800,-0.194978,0.490797,-3.807043,0.000158,0.002208,-1.678722,1.077157,-0.049310,-2.866880,0.000128,0.002251,-1.678746
82.2300,-0.196600,0.475861,-3.807075,0.000158,0.002207,-1.678767,1.094331,-0.069948,-2.862832,0.000165,0.002122,-1.678619
82.2800,-0.198223,0.460925,-3.807106,0.000158,0.002206,-1.678811,1.120059,-0.101049,-2.878826,0.000052,0.002331,-1.678807
82.3300,-0.199846,0.445989,-3.807138,0.000158,0.002206,-1.678855,1.137227,-0.121698,-2.875921,0.000173,0.002343,-1.678815
82.3800,-0.201470,0.431054,-3.807170,0.000159,0.002205,-1.678899,1.162952,-0.152804,-2.890306,0.000127,0.002355,-1.678812
82.4300,-0.203095,0.416119,-3.807202,0.000159,0.002204,-1.678942,1.180115,-0.173461,-2.888373,0.000105,0.002047,-1.678871
82.4800,-0.204720,0.401184,-3.807234,0.000159,0.002203,-1.678984,-0.214092,0.334554,-2.901051,0.000048,0.002253,-1.678965
82.5300,-0.206346,0.386250,-3.807265,0.000159,0.002202,-1.679027,-0.238641,0.329757,-2.899932,0.000220,0.002252,-1.679182
82.5800,-0.207972,0.371316,-3.807297,0.000159,0.002201,-1.679068,-0.275468,0.322536,-2.910986,0.000181,0.002230,-1.679088
82.6300,-0.209599,0.356382,-3.807329,0.000159,0.002201,-1.679110,-0.300016,0.317737,-2.910538,0.000124,0.002131,-1.678990
82.6800,-0.211227,0.341448,-3.807361,0.000159,0.002200,-1.679151,-0.336843,0.310518,-2.919983,0.000198,0.002134,-1.679218
82.7320,-0.212855,0.326515,-3.807393,0.000159,0.002199,-1.679191,-0.361394,0.305722,-2.920074,0.000352,0.002064,-1.679109
82.7800,-0.214484,0.311582,-3.807424,0.000159,0.002198,-1.679231,-0.398228,0.298502,-2.927996,0.000204,0.002262,-1.679269
82.8300,-0.216113,0.296650,-3.807456,0.000159,0.002197,-1.679271,-0.422783,0.293705,-2.928505,0.000106,0.002230,-1.679317
82.8800,-0.217743,0.281717,-3.807488,0.000160,0.002197,-1.679310,-0.459620,0.286490,-2.935011,0.000050,0.002122,-1.679349
82.9300,-0.219347,0.266965,-3.807505,0.000159,0.002308,-1.679332,-0.484176,0.281693,-2.935834,0.000025,0.002203,-1.679266
82.9800,-0.220734,0.253997,-3.807479,0.000174,0.002733,-1.679305,-0.521001,0.274555,-2.941013,0.000143,0.002347,-1.679358
83.0300,-0.221721,0.244518,-3.807379,0.000223,0.003444,-1.679312,-0.545447,0.270635,-2.942031,0.000064,0.002649,-1.679263
83.0820,-0.222283,0.238799,-3.807208,0.000305,0.004302,-1.679423,-0.581683,0.268453,-2.945597,0.000300,0.003474,-1.679336
83.1300,-0.222514,0.236110,-3.806983,0.000417,0.005197,-1.679601,-0.605496,0.270051,-2.946642,0.000321,0.004043,-1.679454
83.1800,-0.222546,0.235392,-3.806733,0.000540,0.006041,-1.679788,-0.640775,0.276415,-2.948560,0.000495,0.005239,-1.679493
83.2300,-0.222493,0.235690,-3.806498,0.000659,0.006750,-1.679962,-0.664094,0.282561,-2.949576,0.000509,0.005814,-1.679744
83.2800,-0.222423,0.236322,-3.806304,0.000765,0.007292,-1.680105,-0.698929,0.293340,-2.950248,0.000674,0.006916,-1.680126
83.3300,-0.222352,0.236968,-3.806157,0.000855,0.007670,-1.680238,-0.722125,0.300963,-2.951273,0.000737,0.007261,-1.680217
83.3800,-0.222291,0.237562,-3.806055,0.000927,0.007902,-1.680346,-0.756904,0.312535,-2.951238,0.000854,0.007728,-1.680162
83.4300,-0.222244,0.238060,-3.805989,0.000978,0.008021,-1.680427,-0.780099,0.320199,-2.952283,0.000866,0.007782,-1.680443
83.4800,-0.222212,0.238457,-3.805951,0.001011,0.008052,-1.680493,0.035925,0.398728,-2.951672,0.001080,0.007868,-1.680496
83.5300,-0.222191,0.238774,-3.805933,0.001026,0.008015,-1.680552,0.038158,0.408225,-2.952653,0.000939,0.008198,-1.680550
83.5800,-0.222175,0.239040,-3.805930,0.001026,0.007925,-1.680604,0.041496,0.422388,-2.952054,0.001181,0.007986,-1.680659
83.6320,-0.222161,0.239282,-3.805936,0.001013,0.007794,-1.680648,0.043713,0.431766,-2.952986,0.000920,0.007893,-1.680662
83.6800,-0.222147,0.239516,-3.805947,0.000988,0.007633,-1.680689,0.047042,0.445826,-2.952314,0.000944,0.007774,-1.680597
83.7300,-0.222135,0.239747,-3.805961,0.000954,0.007449,-1.680726,0.049259,0.455172,-2.953181,0.001059,0.007616,-1.680643
83.7800,-0.222122,0.239978,-3.805977,0.000912,0.007249,-1.680759,0.052591,0.469220,-2.952501,0.000896,0.007332,-1.680632
83.8300,-0.222109,0.240211,-3.805994,0.000863,0.007036,-1.680788,0.054806,0.478565,-2.953302,0.001087,0.007481,-1.680781
83.8800,-0.222094,0.240446,-3.806011,0.000810,0.006815,-1.680814,0.058139,0.492621,-2.952656,0.000862,0.006869,-1.680596
83.9300,-0.222075,0.240697,-3.806030,0.000737,0.006575,-1.680427,0.060356,0.501970,-2.953394,0.000775,0.006928,-1.680865
83.9800,-0.222087,0.240996,-3.806080,0.000620,0.006311,-1.677193,0.063697,0.516041,-2.952812,0.000826,0.006428,-1.680414
84.0300,-0.222137,0.241306,-3.806145,0.000484,0.006038,-1.671107,0.065902,0.525435,-2.953511,0.000620,0.006303,-1.678032
84.0820,-0.222180,0.241591,-3.806204,0.000363,0.005744,-1.663748,0.069107,0.539605,-2.953097,0.000346,0.006201,-1.671287
84.1300,-0.222213,0.241852,-3.806251,0.000272,0.005462,-1.655539,0.071176,0.549026,-2.953769,0.000349,0.005853,-1.665312
84.1800,-0.222242,0.242095,-3.806290,0.000201,0.005201,-1.646407,0.074193,0.563181,-2.953455,0.000215,0.005505,-1.655551
84.2300,-0.222271,0.242327,-3.806321,0.000145,0.004962,-1.636450,0.076129,0.572598,-2.954075,0.000412,0.005230,-1.648331
84.2820,-0.222297,0.242550,-3.806346,0.000107,0.004741,-1.625898,0.078902,0.586762,-2.953814,0.000263,0.004941,-1.636254
84.3300,-0.222317,0.242766,-3.806367,0.000089,0.004537,-1.614919,0.080653,0.596199,-2.954394,0.000070,0.004825,-1.628262
84.3800,-0.222332,0.242978,-3.806384,0.000085,0.004349,-1.603596,0.083139,0.610396,-2.954160,0.000133,0.004520,-1.614918
84.4300,-0.222344,0.243186,-3.806399,0.000092,0.004175,-1.591990,0.084693,0.619864,-2.954706,0.000064,0.004349,-1.605740
84.4800,-0.222353,0.243391,-3.806412,0.000107,0.004014,-1.580164,-0.233546,1.026753,-2.954371,-0.000111,0.004141,-1.591973
84.5320,-0.222360,0.243593,-3.806423,0.000127,0.003865,-1.568170,-0.242617,1.047273,-2.954894,0.000104,0.004120,-1.582698
84.5800,-0.222367,0.243791,-3.806433,0.000149,0.003727,-1.556047,-0.256584,1.077887,-2.954695,-0.000001,0.003780,-1.568348
84.6300,-0.222374,0.243987,-3.806442,0.000173,0.003600,-1.543821,-0.266135,1.098181,-2.955199,0.000101,0.003710,-1.558287
84.6800,-0.222382,0.244180,-3.806451,0.000196,0.003482,-1.531515,-0.196882,0.272584,-3.761317,0.000188,0.003519,-1.543746
84.7300,-0.222391,0.244371,-3.806459,0.000219,0.003373,-1.519146,-0.201521,0.263264,-3.801858,0.000268,0.003549,-1.534230
84.7800,-0.222401,0.244559,-3.806466,0.000241,0.003273,-1.506729,-0.208299,0.249260,-3.829253,0.000272,0.003521,-1.519386
84.8300,-0.222413,0.244744,-3.806473,0.000262,0.003180,-1.494275,-0.212704,0.239847,-3.866697,0.000244,0.003296,-1.509227
84.8800,-0.222427,0.244927,-3.806480,0.000282,0.003095,-1.481791,-0.219125,0.225878,-3.867017,0.000495,0.003180,-1.494250
84.9320,-0.222442,0.245108,-3.806487,0.000300,0.003016,-1.469285,-0.223289,0.216394,-3.899038,0.000058,0.003007,-1.484233
84.9800,-0.222459,0.245286,-3.806494,0.000317,0.002943,-1.456761,-0.229333,0.202576,-3.861892,0.000287,0.003051,-1.469246
85.0300,-0.222477,0.245462,-3.806500,0.000333,0.002876,-1.444225,-0.233265,0.193059,-3.886225,0.000286,0.003000,-1.459197
85.0800,-0.222498,0.245636,-3.806507,0.000348,0.002815,-1.431677,-0.238924,0.179452,-3.808749,0.000300,0.002741,-1.444303
85.1300,-0.222520,0.245808,-3.806514,0.000362,0.002757,-1.419122,-0.242615,0.169920,-3.823789,0.000459,0.002918,-1.434075
85.1800,-0.222544,0.245978,-3.806520,0.000375,0.002705,-1.406562,-0.247893,0.156478,-3.713480,0.000395,0.002720,-1.419159
85.2300,-0.222570,0.246145,-3.806527,0.000388,0.002656,-1.393996,-0.251350,0.146941,-3.718728,0.000289,0.002831,-1.408990
85.2800,-0.222597,0.246310,-3.806534,0.000399,0.002611,-1.381428,-0.256260,0.133542,-3.590769,0.000424,0.002657,-1.394000
85.3300,-0.222626,0.246474,-3.806540,0.000411,0.002569,-1.368857,-0.259478,0.123999,-3.586884,0.000421,0.002697,-1.384235
85.3820,-0.222657,0.246635,-3.806547,0.000421,0.002531,-1.356284,-0.264042,0.110498,-3.457842,0.000468,0.002521,-1.368867
85.4320,-0.222689,0.246793,-3.806554,0.000432,0.002495,-1.343710,-0.267024,0.100944,-3.446303,0.000385,0.002686,-1.358806
85.4800,-0.222723,0.246950,-3.806561,0.000442,0.002462,-1.331136,-0.848480,0.489869,-3.328687,0.000435,0.002540,-1.343757
85.5300,-0.222759,0.247105,-3.806568,0.000451,0.002431,-1.318561,-0.885423,0.499623,-3.311322,0.000476,0.002513,-1.333566
85.5800,-0.222796,0.247257,-3.806575,0.000461,0.002403,-1.305986,-0.940994,0.513798,-3.212432,0.000423,0.002599,-1.318523
85.6300,-0.222835,0.247408,-3.806582,0.000470,0.002376,-1.293411,-0.978170,0.522639,-3.191056,0.000544,0.002469,-1.308688
85.6800,-0.222876,0.247556,-3.806589,0.000479,0.002351,-1.280836,-1.034089,0.535356,-3.112860,0.000663,0.002418,-1.293502
85.7300,-0.222917,0.247703,-3.806596,0.000488,0.002328,-1.268262,-1.071487,0.543271,-3.089064,0.000407,0.002602,-1.283255
85.7800,-0.222960,0.247847,-3.806603,0.000497,0.002306,-1.255688,-1.127716,0.554507,-3.030700,0.000513,0.002413,-1.268315
85.8300,-0.223005,0.247989,-3.806610,0.000506,0.002286,-1.243114,-1.165302,0.561475,-3.005754,0.000356,0.002351,-1.258273
85.8820,-0.223051,0.248129,-3.806617,0.000514,0.002267,-1.230541,-1.221807,0.571229,-2.964944,0.000573,0.002260,-1.243006
85.9300,-0.223098,0.248267,-3.806624,0.000523,0.002249,-1.217969,-1.259564,0.577247,-2.939857,0.000565,0.002467,-1.232999
85.9800,-0.223147,0.248403,-3.806631,0.000532,0.002233,-1.205397,-1.316313,0.585517,-2.913856,0.000423,0.002177,-1.218035
86.0300,-0.223196,0.248537,-3.806638,0.000540,0.002217,-1.192826,-1.354209,0.590585,-2.889374,0.000544,0.002281,-1.207965
86.0800,-0.223247,0.248669,-3.806646,0.000549,0.002202,-1.180255,-1.411159,0.597369,-2.875493,0.000563,0.002309,-1.192812
86.1300,-0.223299,0.248799,-3.806653,0.000557,0.002188,-1.167685,-1.449170,0.601468,-2.852172,0.000479,0.002213,-1.182777
86.1800,-0.223353,0.248927,-3.806659,0.000566,0.002175,-1.155116,-1.506284,0.606761,-2.847995,0.000581,0.002255,-1.167651
86.2300,-0.223407,0.249052,-3.806666,0.000574,0.002162,-1.142547,-1.544388,0.609886,-2.826231,0.000739,0.002329,-1.157561
86.2800,-0.223462,0.249176,-3.806673,0.000582,0.002151,-1.129979,-1.601638,0.613679,-2.829650,0.000519,0.002107,-1.142317
86.3300,-0.223519,0.249298,-3.806680,0.000591,0.002139,-1.117412,-1.639812,0.615828,-2.809704,0.000435,0.002295,-1.132381
86.3800,-0.223576,0.249418,-3.806687,0.000599,0.002129,-1.104845,-1.697132,0.618139,-2.818900,0.000607,0.002164,-1.117403
86.4320,-0.223634,0.249536,-3.806694,0.000608,0.002119,-1.092279,-1.735345,0.619313,-2.800929,0.000457,0.002130,-1.107310
86.4820,-0.223693,0.249652,-3.806701,0.000616,0.002109,-1.079714,-1.127995,0.097193,-2.814425,0.000502,0.002123,-1.092232
86.5300,-0.223754,0.249766,-3.806707,0.000624,0.002100,-1.067149,-1.143146,0.084799,-2.798495,0.000782,0.002099,-1.082226
86.5800,-0.223814,0.249878,-3.806714,0.000632,0.002091,-1.054585,-1.165647,0.065862,-2.814886,0.000525,0.002050,-1.067161
86.6320,-0.223876,0.249988,-3.806721,0.000640,0.002083,-1.042021,-1.180484,0.053079,-2.800999,0.000834,0.002170,-1.057105
86.6800,-0.223939,0.250096,-3.806727,0.000648,0.002075,-1.029459,-1.202497,0.033535,-2.819234,0.000562,0.001915,-1.042015
86.7300,-0.224002,0.250202,-3.806734,0.000656,0.002067,-1.016896,-1.217008,0.020369,-2.807334,0.000725,0.002041,-1.031930
86.7800,-0.224066,0.250306,-3.806740,0.000664,0.002060,-1.004335,-1.238522,0.000245,-2.826495,0.000391,0.002083,-1.016972
86.8300,-0.224130,0.250409,-3.806746,0.000672,0.002053,-0.991774,-1.252697,-0.013293,-2.816483,0.000647,0.002213,-1.006896
86.8800,-0.224196,0.250509,-3.806753,0.000680,0.002046,-0.979213,-1.273692,-0.033980,-2.835821,0.000561,0.002140,-0.991846
86.9300,-0.224261,0.250608,-3.806759,0.000688,0.002039,-0.966653,-1.287518,-0.047883,-2.827570,0.000474,0.002188,-0.981592
86.9800,-0.224328,0.250705,-3.806765,0.000696,0.002033,-0.954094,-1.307975,-0.069125,-2.846495,0.000654,0.001940,-0.966617
87.0300,-0.224395,0.250800,-3.806772,0.000703,0.002027,-0.941536,-1.321444,-0.083386,-2.839851,0.000904,0.002052,-0.956666
87.0820,-0.224462,0.250893,-3.806778,0.000711,0.002021,-0.928978,-1.341370,-0.105153,-2.857908,0.000606,0.001997,-0.941589
87.1300,-0.224530,0.250984,-3.806784,0.000719,0.002015,-0.916420,-1.354478,-0.119756,-2.852705,0.000785,0.002069,-0.931457
87.1800,-0.224599,0.251074,-3.806790,0.000726,0.002009,-0.903863,-1.373848,-0.142037,-2.869563,0.000682,0.001982,-0.916333
87.2300,-0.224668,0.251161,-3.806796,0.000734,0.002004,-0.891307,-1.386582,-0.156978,-2.865634,0.000671,0.001750,-0.906465
87.2800,-0.224737,0.251247,-3.806802,0.000741,0.001999,-0.878751,-1.405389,-0.179745,-2.881064,0.000774,0.001942,-0.891315
87.3300,-0.224807,0.251331,-3.806808,0.000748,0.001994,-0.866196,-1.417743,-0.195009,-2.878241,0.000758,0.002070,-0.881146
87.3800,-0.224877,0.251414,-3.806813,0.000755,0.001989,-0.853641,-1.435974,-0.218249,-2.892116,0.000796,0.001940,-0.866120
87.4300,-0.224947,0.251494,-3.806819,0.000763,0.001984,-0.841087,-1.447940,-0.233828,-2.890235,0.000810,0.002030,-0.856155
87.4800,-0.225018,0.251573,-3.806825,0.000770,0.001979,-0.828534,-0.771602,1.172354,-2.902317,0.000794,0.001955,-0.841144
87.5300,-0.225089,0.251650,-3.806831,0.000777,0.001974,-0.815981,-0.770341,1.201704,-2.901207,0.000834,0.002063,-0.831265
87.5800,-0.225160,0.251726,-3.806836,0.000784,0.001970,-0.803428,-0.768998,1.245721,-2.911884,0.000845,0.001931,-0.816023
87.6300,-0.225232,0.251799,-3.806842,0.000791,0.001965,-0.790876,-0.768473,1.275085,-2.911426,0.000806,0.002051,-0.805942
87.6800,-0.225303,0.251872,-3.806847,0.000797,0.001961,-0.778325,-0.768235,1.319109,-2.920545,0.000804,0.001746,-0.790862
87.7300,-0.225375,0.251942,-3.806853,0.000804,0.001956,-0.765774,-0.768446,1.348470,-2.920611,0.000860,0.001990,-0.780863
87.7800,-0.225447,0.252011,-3.806858,0.000811,0.001952,-0.753223,-0.769316,1.392481,-2.928257,0.000879,0.001981,-0.765800
87.8300,-0.225519,0.252078,-3.806863,0.000818,0.001948,-0.740673,-0.770264,1.421824,-2.928728,0.000648,0.002056,-0.755802
87.8800,-0.225591,0.252144,-3.806869,0.000824,0.001944,-0.728124,-0.772232,1.465795,-2.935006,0.001110,0.002011,-0.740742
87.9300,-0.225664,0.252207,-3.806874,0.000831,0.001940,-0.715575,-0.773916,1.495100,-2.935780,0.000821,0.001922,-0.730642
87.9800,-0.225736,0.252270,-3.806879,0.000837,0.001936,-0.703026,-0.776993,1.539001,-2.940816,0.001107,0.002007,-0.715530
88.0300,-0.225809,0.252331,-3.806884,0.000844,0.001932,-0.690478,-0.779417,1.568247,-2.941811,0.001040,0.001797,-0.705500
88.0800,-0.225881,0.252390,-3.806889,0.000850,0.001928,-0.677931,-0.783604,1.612051,-2.945735,0.000999,0.001877,-0.690256
88.1300,-0.225954,0.252448,-3.806894,0.000856,0.001924,-0.665384,-0.786769,1.641220,-2.946880,0.001043,0.002057,-0.680443
88.1800,-0.226026,0.252504,-3.806899,0.000863,0.001920,-0.652837,-0.792056,1.684901,-2.949827,0.000881,0.001940,-0.665313
88.2300,-0.226099,0.252559,-3.806904,0.000869,0.001917,-0.640291,-0.795947,1.713977,-2.951060,0.000867,0.001729,-0.655328
88.2800,-0.226171,0.252612,-3.806909,0.000875,0.001913,-0.627745,-0.802336,1.757512,-2.953166,0.000953,0.001905,-0.640394
88.3300,-0.226243,0.252664,-3.806914,0.000881,0.001909,-0.615200,-0.806958,1.786480,-2.954438,0.000947,0.001882,-0.630182
88.3800,-0.226316,0.252714,-3.806919,0.000887,0.001905,-0.602655,-0.814439,1.829842,-2.955817,0.000929,0.001867,-0.615236
88.4300,-0.226388,0.252763,-3.806923,0.000893,0.001902,-0.590111,-0.819787,1.858680,-2.957087,0.000854,0.001846,-0.605243
88.4800,-0.226460,0.252810,-3.806928,0.000899,0.001898,-0.577567,-0.989710,0.388594,-2.958076,0.000982,0.001898,-0.590176
88.5320,-0.226532,0.252856,-3.806933,0.000905,0.001895,-0.565024,-0.992755,0.371552,-2.959333,0.000875,0.001894,-0.580018
88.5800,-0.226604,0.252901,-3.806937,0.000911,0.001891,-0.552481,-0.997007,0.345934,-2.959587,0.000741,0.001876,-0.564905
88.6300,-0.226675,0.252944,-3.806942,0.000917,0.001887,-0.539938,-0.999624,0.328819,-2.960786,0.000933,0.001793,-0.555013
88.6800,-0.226747,0.252986,-3.806946,0.000923,0.001884,-0.527396,-1.003235,0.303102,-2.960648,0.000868,0.001851,-0.539902
88.7320,-0.226818,0.253027,-3.806951,0.000929,0.001880,-0.514854,-1.005424,0.285925,-2.961773,0.000858,0.001835,-0.529829
88.7800,-0.226889,0.253066,-3.806955,0.000934,0.001877,-0.502313,-1.008387,0.260126,-2.961329,0.001022,0.001880,-0.514841
88.8300,-0.226959,0.253104,-3.806960,0.000940,0.001873,-0.489772,-1.010145,0.242899,-2.962374,0.000863,0.001903,-0.504672
88.8800,-0.227030,0.253140,-3.806964,0.000946,0.001870,-0.477231,-1.012461,0.217033,-2.961700,0.000889,0.001987,-0.489955
88.9300,-0.227100,0.253176,-3.806968,0.000951,0.001866,-0.464691,-1.013789,0.199767,-2.962658,0.000839,0.001821,-0.479660
88.9800,-0.227170,0.253210,-3.806973,0.000957,0.001863,-0.452151,-1.015461,0.173852,-2.961819,0.001076,0.001936,-0.464737
89.0300,-0.227240,0.253243,-3.806977,0.000963,0.001859,-0.439612,-1.016352,0.156557,-2.962688,0.000928,0.001871,-0.454500
89.0800,-0.227309,0.253274,-3.806981,0.000968,0.001856,-0.427073,-1.017369,0.130609,-2.961743,0.000954,0.001947,-0.439676
89.1300,-0.227378,0.253305,-3.806985,0.000973,0.001852,-0.414535,-1.017826,0.113297,-2.962523,0.000862,0.001887,-0.429537
89.1800,-0.227447,0.253334,-3.806989,0.000979,0.001849,-0.401996,-1.018191,0.087334,-2.961515,0.000921,0.001900,-0.414566
89.2300,-0.227515,0.253362,-3.806993,0.000984,0.001845,-0.389459,-1.018212,0.070018,-2.962211,0.001045,0.001801,-0.404519
89.2800,-0.227584,0.253389,-3.806997,0.000990,0.001842,-0.376921,-1.017923,0.044055,-2.961181,0.001079,0.001801,-0.389799
89.3300,-0.227651,0.253415,-3.807001,0.000995,0.001838,-0.364384,-1.017515,0.026742,-2.961798,0.000988,0.001726,-0.379333
89.3800,-0.227719,0.253439,-3.807005,0.001000,0.001835,-0.351848,-1.016577,0.000793,-2.960774,0.001029,0.001869,-0.364439
89.4300,-0.227786,0.253463,-3.807009,0.001006,0.001831,-0.339311,-1.015732,-0.016505,-2.961316,0.000923,0.001838,-0.354403
89.4800,-0.227852,0.253485,-3.807013,0.001011,0.001828,-0.326775,-0.789236,-0.045680,-2.960336,0.001042,0.001785,-0.339169
89.5300,-0.227918,0.253507,-3.807016,0.001016,0.001824,-0.314240,-0.781264,-0.061888,-2.960814,0.000954,0.001808,-0.329391
89.5800,-0.227984,0.253527,-3.807020,0.001021,0.001821,-0.301704,-0.769007,-0.086046,-2.959859,0.000995,0.001712,-0.314205
89.6300,-0.228049,0.253546,-3.807024,0.001026,0.001817,-0.289170,-0.760632,-0.102051,-2.960276,0.001038,0.001833,-0.304204
89.6800,-0.228114,0.253564,-3.807028,0.001031,0.001814,-0.276635,-0.179878,0.271827,-3.776366,0.001020,0.001661,-0.289204
89.7300,-0.228179,0.253582,-3.807031,0.001036,0.001810,-0.264101,-0.153676,0.272449,-3.817346,0.000925,0.001738,-0.278962
89.7800,-0.228243,0.253598,-3.807035,0.001041,0.001807,-0.251567,-0.114421,0.273922,-3.844890,0.001107,0.001679,-0.264103
89.8300,-0.228306,0.253613,-3.807038,0.001046,0.001803,-0.239033,-0.088258,0.275218,-3.882728,0.001168,0.001784,-0.254130
89.8800,-0.228370,0.253627,-3.807042,0.001051,0.001800,-0.226500,-0.049153,0.277791,-3.882797,0.000994,0.001921,-0.239098
89.9300,-0.228432,0.253640,-3.807045,0.001056,0.001796,-0.213967,-0.023057,0.279763,-3.915135,0.001050,0.001809,-0.228924
89.9800,-0.228494,0.253653,-3.807049,0.001061,0.001792,-0.201435,0.015801,0.283498,-3.877195,0.001133,0.001738,-0.213969
90.0300,-0.228556,0.253664,-3.807052,0.001066,0.001789,-0.188903,0.041805,0.286159,-3.901731,0.001056,0.001737,-0.203886
90.0800,-0.228617,0.253675,-3.807056,0.001071,0.001785,-0.176371,0.080349,0.291097,-3.822888,0.001069,0.001806,-0.188759
90.1300,-0.228678,0.253684,-3.807059,0.001076,0.001782,-0.163839,0.106228,0.294455,-3.837997,0.001004,0.001835,-0.178980
90.1800,-0.228738,0.253693,-3.807062,0.001081,0.001778,-0.151308,0.144439,0.300560,-3.725877,0.001201,0.001863,-0.163881
90.2300,-0.228791,0.253712,-3.807064,0.001099,0.001775,-0.139162,0.170175,0.304615,-3.731053,0.001020,0.001603,-0.153771
90.2800,-0.228822,0.253795,-3.807085,0.001171,0.001768,-0.129807,0.208097,0.311823,-3.601068,0.001129,0.001744,-0.139092
90.3300,-0.228841,0.253919,-3.807109,0.001255,0.001748,-0.123241,0.233693,0.316584,-3.596990,0.001320,0.001819,-0.131381
90.3800,-0.228867,0.254023,-3.807120,0.001303,0.001708,-0.117990,0.271452,0.324749,-3.465983,0.001268,0.001836,-0.123233
90.4300,-0.228903,0.254106,-3.807118,0.001313,0.001669,-0.113751,0.296942,0.329969,-3.454146,0.001376,0.001779,-0.118824
90.4800,-0.228947,0.254177,-3.807109,0.001306,0.001638,-0.110539,0.408894,0.870539,-3.334750,0.001270,0.001728,-0.113637
90.5300,-0.228996,0.254238,-3.807097,0.001289,0.001610,-0.108184,0.436317,0.905916,-3.316981,0.001333,0.001737,-0.111228
90.5800,-0.229051,0.254289,-3.807085,0.001261,0.001583,-0.106442,0.477118,0.959291,-3.216626,0.001244,0.001575,-0.108254
90.6300,-0.229108,0.254330,-3.807073,0.001223,0.001555,-0.105160,0.504337,0.994805,-3.194792,0.001109,0.001594,-0.106675
90.6800,-0.229168,0.254362,-3.807063,0.001178,0.001528,-0.104258,0.544953,1.048276,-3.115493,0.001295,0.001647,-0.105261
90.7300,-0.229228,0.254387,-3.807054,0.001130,0.001502,-0.103662,0.572063,1.083861,-3.091208,0.001067,0.001622,-0.104409
90.7800,-0.229290,0.254406,-3.807047,0.001080,0.001476,-0.103303,0.612614,1.137343,-3.032081,0.001105,0.001491,-0.103627
90.8300,-0.229351,0.254421,-3.807042,0.001028,0.001451,-0.103126,0.639658,1.172968,-3.006652,0.001045,0.001561,-0.103464
90.8800,-0.229413,0.254433,-3.807038,0.000975,0.001427,-0.103093,0.680212,1.226422,-2.965375,0.001013,0.001371,-0.103039
90.9300,-0.229474,0.254441,-3.807036,0.000923,0.001403,-0.103173,0.707241,1.262058,-2.939818,0.000822,0.001312,-0.102949
90.9800,-0.229536,0.254448,-3.807034,0.000872,0.001380,-0.103342,0.747807,1.315478,-2.913583,0.000845,0.001507,-0.103098
91.0300,-0.229597,0.254453,-3.807033,0.000822,0.001358,-0.103578,0.774841,1.351111,-2.888668,0.000825,0.001358,-0.103396
91.0800,-0.229658,0.254456,-3.807033,0.000774,0.001336,-0.103866,0.815464,1.404488,-2.874753,0.000767,0.001529,-0.103496
91.1300,-0.229718,0.254458,-3.807034,0.000727,0.001315,-0.104195,0.842519,1.440103,-2.851030,0.000780,0.001237,-0.103914
91.1800,-0.229778,0.254460,-3.807035,0.000683,0.001295,-0.104555,0.883195,1.493445,-2.846964,0.000602,0.001356,-0.104162
91.2300,-0.229837,0.254461,-3.807037,0.000640,0.001276,-0.104938,0.910281,1.529038,-2.824839,0.000855,0.001269,-0.104573
91.2800,-0.229896,0.254461,-3.807039,0.000600,0.001258,-0.105338,0.951013,1.582357,-2.828479,0.000565,0.001267,-0.104961
91.3300,-0.229955,0.254461,-3.807041,0.000562,0.001240,-0.105751,0.978129,1.617926,-2.808209,0.000610,0.001336,-0.105282
91.3800,-0.230013,0.254460,-3.807043,0.000526,0.001223,-0.106173,1.018924,1.671231,-2.817720,0.000631,0.001114,-0.105650
91.4300,-0.230070,0.254460,-3.807046,0.000492,0.001206,-0.106601,1.046075,1.706770,-2.799458,0.000487,0.001183,-0.106022
91.4800,-0.230127,0.254459,-3.807048,0.000460,0.001190,-0.107033,0.232004,1.040782,-2.813238,0.000330,0.001123,-0.106590
91.5300,-0.230183,0.254458,-3.807051,0.000430,0.001175,-0.107466,0.233090,1.053610,-2.797061,0.000567,0.001108,-0.107010
91.5800,-0.230238,0.254457,-3.807054,0.000401,0.001161,-0.107901,0.234755,1.072851,-2.813854,0.000286,0.001103,-0.107452
91.6300,-0.230294,0.254455,-3.807057,0.000375,0.001147,-0.108335,0.235857,1.085677,-2.799759,0.000289,0.001258,-0.107877
91.6800,-0.230348,0.254453,-3.807060,0.000349,0.001134,-0.108767,0.237555,1.104921,-2.818408,0.000365,0.000967,-0.108422
91.7300,-0.230402,0.254452,-3.807063,0.000326,0.001121,-0.109198,0.238672,1.117743,-2.806336,0.000304,0.001307,-0.108763
91.7820,-0.230456,0.254450,-3.807066,0.000304,0.001108,-0.109627,0.240401,1.136979,-2.825911,0.000212,0.001270,-0.109276
91.8320,-0.230509,0.254448,-3.807070,0.000283,0.001097,-0.110052,0.241538,1.149797,-2.815762,0.000228,0.001069,-0.109559
91.8800,-0.230561,0.254446,-3.807073,0.000264,0.001085,-0.110475,0.243298,1.169032,-2.835505,0.000151,0.001110,-0.110193
91.9300,-0.230613,0.254444,-3.807076,0.000246,0.001074,-0.110894,0.244453,1.181850,-2.827146,0.000301,0.001089,-0.110437
91.9820,-0.230664,0.254442,-3.807079,0.000230,0.001063,-0.111309,0.246250,1.201085,-2.846451,0.000298,0.001116,-0.110849
92.0300,-0.230715,0.254441,-3.807082,0.000215,0.001053,-0.111721,0.247420,1.213899,-2.839726,0.000081,0.000960,-0.111177
92.0800,-0.230765,0.254439,-3.807085,0.000202,0.001043,-0.112129,0.249241,1.233136,-2.858134,0.000348,0.000895,-0.111905
92.1300,-0.230815,0.254437,-3.807088,0.000190,0.001034,-0.112533,0.250426,1.245950,-2.852875,0.000262,0.001032,-0.112128
92.1800,-0.230864,0.254435,-3.807091,0.000179,0.001025,-0.112933,0.252266,1.265184,-2.870050,0.000205,0.001166,-0.112546
92.2320,-0.230913,0.254433,-3.807095,0.000169,0.001016,-0.113329,0.253467,1.277995,-2.866085,0.000060,0.000931,-0.112861
92.2800,-0.230961,0.254432,-3.807098,0.000160,0.001008,-0.113722,0.255324,1.297228,-2.881799,0.000227,0.000887,-0.113374
92.3300,-0.231009,0.254430,-3.807101,0.000152,0.001000,-0.114111,0.256539,1.310038,-2.878957,0.000003,0.001215,-0.113774
92.3800,-0.231056,0.254428,-3.807104,0.000145,0.000992,-0.114495,0.258415,1.329272,-2.893080,0.000152,0.001055,-0.114089
92.4300,-0.231103,0.254426,-3.807107,0.000139,0.000984,-0.114876,0.259644,1.342083,-2.891193,0.000300,0.001023,-0.114411
92.4800,-0.231149,0.254425,-3.807110,0.000134,0.000977,-0.115253,-0.118825,0.668733,-2.903633,0.000197,0.000954,-0.114858
92.5300,-0.231195,0.254423,-3.807113,0.000130,0.000971,-0.115627,-0.128787,0.661203,-2.902544,0.000072,0.000847,-0.115223
92.5800,-0.231240,0.254421,-3.807115,0.000126,0.000964,-0.115996,-0.143727,0.649919,-2.913379,0.000058,0.000959,-0.115630
92.6300,-0.231285,0.254419,-3.807118,0.000123,0.000958,-0.116362,-0.153694,0.642399,-2.912946,-0.000012,0.001022,-0.115873
92.6800,-0.231330,0.254418,-3.807121,0.000120,0.000952,-0.116724,-0.168639,0.631123,-2.922191,0.000145,0.000908,-0.116246
92.7300,-0.231374,0.254416,-3.807124,0.000118,0.000946,-0.117082,-0.178612,0.623608,-2.922285,0.000096,0.000906,-0.116536
92.7820,-0.231417,0.254414,-3.807127,0.000116,0.000940,-0.117436,-0.193568,0.612342,-2.930027,0.000280,0.001017,-0.117082
92.8300,-0.231460,0.254412,-3.807130,0.000115,0.000935,-0.117787,-0.203546,0.604834,-2.930532,0.000278,0.000916,-0.117244
92.8800,-0.231503,0.254410,-3.807132,0.000114,0.000930,-0.118135,-0.218509,0.593571,-2.936882,0.000293,0.000970,-0.117909
92.9300,-0.231545,0.254409,-3.807135,0.000113,0.000925,-0.118479,-0.228494,0.586066,-2.937695,0.000187,0.001028,-0.118198
92.9800,-0.231587,0.254407,-3.807138,0.000113,0.000920,-0.118819,-0.243467,0.574813,-2.942778,0.000153,0.000834,-0.118547
93.0300,-0.231628,0.254405,-3.807141,0.000112,0.000916,-0.119156,-0.253455,0.567316,-2.943812,0.000231,0.000855,-0.118784
93.0800,-0.231669,0.254404,-3.807143,0.000112,0.000912,-0.119489,-0.268437,0.556074,-2.947766,-0.000014,0.000983,-0.119191
93.1300,-0.231709,0.254402,-3.807146,0.000112,0.000908,-0.119819,-0.278430,0.548585,-2.948947,0.000201,0.000859,-0.119420
93.1800,-0.231749,0.254400,-3.807149,0.000113,0.000904,-0.120145,-0.293421,0.537357,-2.951909,-0.000013,0.001024,-0.119857
93.2320,-0.231789,0.254399,-3.807151,0.000113,0.000900,-0.120469,-0.303417,0.529876,-2.953175,0.000227,0.000835,-0.120050
93.2800,-0.231828,0.254397,-3.807154,0.000114,0.000896,-0.120788,-0.318413,0.518657,-2.955281,-0.000004,0.001086,-0.120452
93.3300,-0.231867,0.254396,-3.807156,0.000114,0.000893,-0.121105,-0.328412,0.511180,-2.956581,0.000173,0.000952,-0.120692
93.3800,-0.231906,0.254394,-3.807159,0.000115,0.000890,-0.121418,-0.343416,0.499972,-2.957957,0.000199,0.000947,-0.121116
93.4320,-0.231944,0.254393,-3.807161,0.000116,0.000887,-0.121728,-0.353418,0.492501,-2.959257,0.000141,0.000878,-0.121333
93.4800,-0.231981,0.254391,-3.807164,0.000116,0.000884,-0.122035,-0.245148,0.842573,-2.960027,0.000239,0.000964,-0.121585
93.5300,-0.232019,0.254390,-3.807166,0.000117,0.000881,-0.122339,-0.251427,0.845896,-2.961292,0.000066,0.000834,-0.122061
93.5800,-0.232055,0.254388,-3.807169,0.000118,0.000878,-0.122640,-0.260842,0.850884,-2.961559,0.000067,0.001110,-0.122428
93.6300,-0.232092,0.254387,-3.807171,0.000119,0.000876,-0.122937,-0.267114,0.854214,-2.962766,0.000149,0.000739,-0.122623
93.6800,-0.232128,0.254385,-3.807174,0.000120,0.000873,-0.123232,-0.276523,0.859212,-2.962635,0.000009,0.000803,-0.122945
93.7300,-0.232164,0.254384,-3.807176,0.000121,0.000871,-0.123523,-0.282794,0.862545,-2.963771,0.000055,0.000741,-0.123125
93.7800,-0.232199,0.254383,-3.807178,0.000121,0.000869,-0.123812,-0.292202,0.867552,-2.963330,0.000016,0.000731,-0.123370
93.8300,-0.232234,0.254381,-3.807181,0.000122,0.000867,-0.124097,-0.298474,0.870892,-2.964383,0.000068,0.000842,-0.123569
93.8800,-0.232269,0.254380,-3.807183,0.000123,0.000865,-0.124380,-0.307882,0.875908,-2.963708,0.000125,0.001000,-0.124103
93.9300,-0.232303,0.254379,-3.807185,0.000124,0.000863,-0.124659,-0.314150,0.879253,-2.964672,0.000152,0.000920,-0.124363
93.9800,-0.232337,0.254378,-3.807187,0.000125,0.000861,-0.124936,-0.323553,0.884274,-2.963831,0.000214,0.000896,-0.124566
94.0300,-0.232371,0.254376,-3.807190,0.000126,0.000859,-0.125210,-0.329817,0.887621,-2.964704,0.000165,0.000884,-0.124868
94.0800,-0.232404,0.254375,-3.807192,0.000127,0.000858,-0.125481,-0.339216,0.892642,-2.963753,0.000122,0.000822,-0.124988
94.1300,-0.232437,0.254374,-3.807194,0.000127,0.000856,-0.125749,-0.345479,0.895989,-2.964539,0.000201,0.000747,-0.125469
94.1800,-0.232470,0.254373,-3.807196,0.000128,0.000855,-0.126015,-0.354876,0.901014,-2.963524,0.000084,0.000768,-0.125726
94.2300,-0.232502,0.254372,-3.807198,0.000129,0.000853,-0.126278,-0.361137,0.904365,-2.964224,0.000016,0.000895,-0.125852
94.2800,-0.232534,0.254371,-3.807201,0.000130,0.000852,-0.126538,-0.370533,0.909394,-2.963184,0.000135,0.000894,-0.126187
94.3300,-0.232565,0.254369,-3.807203,0.000130,0.000851,-0.126795,-0.376792,0.912747,-2.963803,0.000163,0.000813,-0.126407
94.3800,-0.232597,0.254368,-3.807205,0.000131,0.000849,-0.127050,-0.386184,0.917778,-2.962767,0.000151,0.000828,-0.126687
94.4320,-0.232627,0.254367,-3.807207,0.000132,0.000848,-0.127302,-0.392441,0.921131,-2.963312,0.000116,0.000813,-0.127028
94.4800,-0.232658,0.254366,-3.807209,0.000133,0.000847,-0.127552,-0.736323,0.640742,-2.962293,0.000099,0.000768,-0.127372
94.5300,-0.232688,0.254365,-3.807211,0.000133,0.000846,-0.127799,-0.752618,0.635596,-2.962773,0.000249,0.000758,-0.127645
94.5800,-0.232718,0.254364,-3.807213,0.000134,0.000845,-0.128043,-0.777064,0.627884,-2.961810,0.000179,0.000925,-0.127825
94.6300,-0.232748,0.254363,-3.807215,0.000134,0.000844,-0.128285,-0.793362,0.622743,-2.962230,0.000111,0.000895,-0.128128
94.6800,-0.232778,0.254362,-3.807217,0.000135,0.000844,-0.128525,-0.145100,0.268655,-3.776765,0.000035,0.000718,-0.128385
94.7300,-0.232807,0.254362,-3.807219,0.000136,0.000843,-0.128762,-0.138272,0.251529,-3.817672,0.000071,0.000770,-0.128601
94.7800,-0.232835,0.254361,-3.807221,0.000136,0.000842,-0.128997,-0.128052,0.225840,-3.845168,0.000251,0.000813,-0.128775
94.8300,-0.232864,0.254360,-3.807223,0.000137,0.000841,-0.129229,-0.121237,0.208719,-3.882939,0.000136,0.000743,-0.128800
94.8800,-0.232892,0.254359,-3.807225,0.000137,0.000841,-0.129459,-0.111084,0.183040,-3.883010,0.000036,0.000666,-0.129375
94.9300,-0.232920,0.254358,-3.807227,0.000138,0.000840,-0.129686,-0.104291,0.165912,-3.915285,0.000087,0.000859,-0.129383
94.9800,-0.232948,0.254357,-3.807228,0.000138,0.000839,-0.129911,-0.094245,0.140260,-3.877418,0.000089,0.000853,-0.129656
95.0320,-0.232975,0.254356,-3.807230,0.000139,0.000839,-0.130134,-0.087480,0.123139,-3.901909,0.000049,0.000818,-0.129864
95.0800,-0.233002,0.254356,-3.807232,0.000139,0.000838,-0.130354,-0.077561,0.097508,-3.823212,0.000103,0.000849,-0.130061
95.1300,-0.233029,0.254355,-3.807234,0.000139,0.000837,-0.130573,-0.070830,0.080392,-3.838292,0.000348,0.000783,-0.130295
95.1820,-0.233055,0.254354,-3.807236,0.000140,0.000837,-0.130789,-0.061026,0.054798,-3.726381,0.000130,0.000920,-0.130583
95.2300,-0.233082,0.254353,-3.807237,0.000140,0.000836,-0.131002,-0.054330,0.037684,-3.731546,0.000091,0.000842,-0.130631
95.2800,-0.233108,0.254353,-3.807239,0.000141,0.000836,-0.131214,-0.044614,0.012097,-3.601804,0.000173,0.000842,-0.130829
95.3300,-0.233133,0.254352,-3.807241,0.000141,0.000835,-0.131423,-0.037947,-0.005009,-3.597726,0.000017,0.000971,-0.131190
95.3800,-0.233159,0.254351,-3.807243,0.000141,0.000835,-0.131630,-0.028280,-0.030601,-3.466937,0.000106,0.000661,-0.131440
95.4300,-0.233184,0.254350,-3.807244,0.000141,0.000834,-0.131836,-0.021645,-0.047702,-3.455115,0.000303,0.000876,-0.131516
95.4800,-0.233209,0.254350,-3.807246,0.000142,0.000834,-0.132039,0.036610,0.030541,-3.336109,0.000207,0.000754,-0.131808
95.5320,-0.233234,0.254349,-3.807248,0.000142,0.000834,-0.132239,0.045937,0.019222,-3.318399,0.000271,0.000699,-0.131847
95.5820,-0.233258,0.254349,-3.807249,0.000142,0.000833,-0.132438,0.059827,0.002270,-3.218196,-0.000104,0.000796,-0.132057
95.6300,-0.233282,0.254348,-3.807251,0.000142,0.000833,-0.132635,0.069141,-0.009045,-3.196429,0.000200,0.000876,-0.132489
95.6800,-0.233306,0.254347,-3.807253,0.000143,0.000832,-0.132830,0.083045,-0.026006,-3.117210,0.000244,0.000670,-0.132506
95.7300,-0.233330,0.254347,-3.807254,0.000143,0.000832,-0.133023,0.092351,-0.037328,-3.092991,0.000040,0.000878,-0.132852
95.7800,-0.233353,0.254346,-3.807256,0.000143,0.000832,-0.133213,0.106271,-0.054299,-3.033890,0.000132,0.000706,-0.133034
95.8300,-0.233376,0.254346,-3.807257,0.000143,0.000831,-0.133402,0.115567,-0.065622,-3.008517,0.000046,0.000776,-0.133219
95.8800,-0.233399,0.254345,-3.807259,0.000143,0.000831,-0.133589,0.129506,-0.082606,-2.967210,0.000089,0.000865,-0.133279
95.9300,-0.233422,0.254344,-3.807260,0.000144,0.000831,-0.133774,0.138800,-0.093932,-2.941699,0.000126,0.000755,-0.133644
95.9800,-0.233445,0.254344,-3.807262,0.000144,0.000831,-0.133957,0.152762,-0.110935,-2.915404,0.000112,0.000774,-0.133643
96.0300,-0.233467,0.254343,-3.807263,0.000144,0.000830,-0.134138,0.162051,-0.122266,-2.890517,0.000197,0.000607,-0.133770
96.0800,-0.233489,0.254343,-3.807265,0.000144,0.000830,-0.134318,0.176023,-0.139286,-2.876508,0.000268,0.000699,-0.134007
96.1300,-0.233511,0.254342,-3.807266,0.000144,0.000830,-0.134495,0.185308,-0.150624,-2.852808,0.000307,0.000678,-0.134351
96.1800,-0.233532,0.254342,-3.807268,0.000145,0.000829,-0.134671,0.199299,-0.167665,-2.848632,0.000318,0.000874,-0.134443
96.2300,-0.233554,0.254341,-3.807269,0.000145,0.000829,-0.134845,0.208586,-0.179011,-2.826516,0.000015,0.000676,-0.134612
96.2800,-0.233575,0.254341,-3.807271,0.000145,0.000829,-0.135017,0.222595,-0.196056,-2.830033,0.000101,0.000867,-0.135002
96.3320,-0.233596,0.254340,-3.807272,0.000145,0.000829,-0.135187,0.231885,-0.207402,-2.809765,0.000124,0.000881,-0.135001
96.3800,-0.233616,0.254340,-3.807273,0.000145,0.000829,-0.135355,0.245924,-0.224448,-2.819148,0.000180,0.000933,-0.135366
96.4300,-0.233637,0.254340,-3.807275,0.000146,0.000828,-0.135522,0.255215,-0.235798,-2.800885,0.000087,0.000823,-0.135220
96.4800,-0.233657,0.254339,-3.807276,0.000146,0.000828,-0.135687,-0.110451,0.566937,-2.814540,0.000134,0.000930,-0.135361
96.5320,-0.233677,0.254339,-3.807278,0.000146,0.000828,-0.135851,-0.112835,0.580965,-2.798351,0.000158,0.001056,-0.135655
96.5800,-0.233697,0.254338,-3.807279,0.000146,0.000828,-0.136012,-0.116370,0.601993,-2.815025,0.000169,0.000853,-0.135671
96.6320,-0.233717,0.254338,-3.807280,0.000146,0.000828,-0.136172,-0.118744,0.616018,-2.800913,0.000109,0.000919,-0.135931
96.6800,-0.233736,0.254337,-3.807281,0.000147,0.000827,-0.136331,-0.122257,0.637045,-2.819454,0.000003,0.000864,-0.136361
96.7300,-0.233756,0.254337,-3.807283,0.000147,0.000827,-0.136488,-0.124620,0.651073,-2.807363,0.000207,0.000815,-0.136330
96.7800,-0.233775,0.254337,-3.807284,0.000147,0.000827,-0.136643,-0.128118,0.672099,-2.826839,0.000148,0.000851,-0.136491
96.8300,-0.233794,0.254336,-3.807285,0.000147,0.000827,-0.136796,-0.130471,0.686124,-2.816665,0.000076,0.000866,-0.136743
96.8800,-0.233812,0.254336,-3.807287,0.000147,0.000827,-0.136948,-0.133945,0.707153,-2.836320,0.000292,0.000937,-0.136806
96.9300,-0.233831,0.254336,-3.807288,0.000148,0.000827,-0.137099,-0.136289,0.721177,-2.827930,0.000044,0.000859,-0.136998
96.9800,-0.233849,0.254335,-3.807289,0.000148,0.000827,-0.137248,-0.139749,0.742199,-2.847159,0.000098,0.000785,-0.137193
97.0320,-0.233867,0.254335,-3.807290,0.000148,0.000826,-0.137395,-0.142085,0.756224,-2.840403,0.000212,0.000802,-0.137373
97.0800,-0.233885,0.254335,-3.807291,0.000148,0.000826,-0.137541,-0.145531,0.777242,-2.858745,0.000312,0.000997,-0.137333
97.1300,-0.233903,0.254334,-3.807293,0.000148,0.000826,-0.137685,-0.147860,0.791264,-2.853452,0.000235,0.000920,-0.137430
97.1800,-0.233921,0.254334,-3.807294,0.000149,0.000826,-0.137828,-0.151291,0.812271,-2.870571,0.000151,0.000989,-0.137652
97.2300,-0.233938,0.254334,-3.807295,0.000149,0.000826,-0.137969,-0.153609,0.826290,-2.866573,-0.000021,0.000906,-0.137778
97.2800,-0.233955,0.254333,-3.807296,0.000149,0.000826,-0.138109,-0.157024,0.847301,-2.882245,0.000234,0.000877,-0.138020
97.3300,-0.233972,0.254333,-3.807297,0.000149,0.000826,-0.138248,-0.159332,0.861320,-2.879370,0.000049,0.000848,-0.138220
97.3800,-0.233989,0.254333,-3.807298,0.000149,0.000826,-0.138385,-0.162740,0.882331,-2.893456,0.000091,0.000719,-0.138315
97.4300,-0.234006,0.254333,-3.807300,0.000150,0.000826,-0.138520,-0.165043,0.896349,-2.891539,0.000241,0.000711,-0.138129
97.4800,-0.234022,0.254332,-3.807301,0.000150,0.000826,-0.138655,-0.331023,0.717026,-2.903982,0.000110,0.000804,-0.138551
97.5300,-0.234039,0.254332,-3.807302,0.000150,0.000826,-0.138787,-0.338109,0.725167,-2.902866,0.000003,0.000687,-0.138631
97.5800,-0.234055,0.254332,-3.807303,0.000150,0.000825,-0.138919,-0.348728,0.737382,-2.913681,0.000026,0.000857,-0.138719
97.6320,-0.234071,0.254332,-3.807304,0.000150,0.000825,-0.139049,-0.355811,0.745527,-2.913221,0.000104,0.000880,-0.138986
97.6800,-0.234087,0.254331,-3.807305,0.000150,0.000825,-0.139178,-0.366422,0.757744,-2.922451,0.000194,0.000952,-0.139067
97.7300,-0.234102,0.254331,-3.807306,0.000151,0.000825,-0.139305,-0.373500,0.765892,-2.922519,0.000007,0.000830,-0.139146
97.7800,-0.234118,0.254331,-3.807307,0.000151,0.000825,-0.139432,-0.384105,0.778112,-2.930251,0.000142,0.000949,-0.139150
97.8300,-0.234133,0.254331,-3.807308,0.000151,0.000825,-0.139556,-0.391177,0.786262,-2.930730,0.000153,0.000731,-0.139387
97.8800,-0.234149,0.254330,-3.807309,0.000151,0.000825,-0.139680,-0.401775,0.798486,-2.937076,0.000061,0.000856,-0.139650
97.9300,-0.234164,0.254330,-3.807310,0.000151,0.000825,-0.139802,-0.408843,0.806640,-2.937867,0.000006,0.000909,-0.139715
97.9800,-0.234179,0.254330,-3.807311,0.000151,0.000825,-0.139923,-0.419436,0.818870,-2.942952,0.000315,0.000884,-0.139923
98.0300,-0.234193,0.254330,-3.807312,0.000152,0.000825,-0.140043,-0.426501,0.827024,-2.943964,0.000258,0.000915,-0.139816
98.0800,-0.234208,0.254329,-3.807313,0.000152,0.000825,-0.140162,-0.437093,0.839252,-2.947921,-0.000141,0.000690,-0.140077
98.1300,-0.234222,0.254329,-3.807314,0.000152,0.000825,-0.140279,-0.444155,0.847407,-2.949085,0.000135,0.000953,-0.140213
98.1800,-0.234237,0.254329,-3.807315,0.000152,0.000825,-0.140395,-0.454744,0.859641,-2.952053,0.000272,0.000752,-0.140205
98.2300,-0.234251,0.254329,-3.807316,0.000152,0.000825,-0.140510,-0.461805,0.867799,-2.953303,-0.000069,0.000862,-0.140474
98.2800,-0.234265,0.254329,-3.807317,0.000152,0.000825,-0.140624,-0.472393,0.880040,-2.955414,0.000134,0.000777,-0.140477
98.3300,-0.234279,0.254329,-3.807318,0.000153,0.000825,-0.140737,-0.479451,0.888201,-2.956702,0.000251,0.000980,-0.140555
98.3800,-0.234292,0.254328,-3.807319,0.000153,0.000825,-0.140848,-0.490035,0.900447,-2.958084,0.000081,0.000811,-0.140718
98.4300,-0.234306,0.254328,-3.807320,0.000153,0.000824,-0.140959,-0.497089,0.908610,-2.959370,0.000201,0.000843,-0.140762
98.4800,-0.234320,0.254328,-3.807320,0.000153,0.000824,-0.141068,0.118721,0.577450,-2.960185,0.000265,0.000838,-0.141047
98.5300,-0.234333,0.254328,-3.807321,0.000153,0.000824,-0.141176,0.130386,0.575309,-2.961439,0.000185,0.000896,-0.140972
98.5800,-0.234346,0.254328,-3.807322,0.000153,0.000824,-0.141283,0.147881,0.572096,-2.961710,-0.000007,0.000874,-0.141265
98.6300,-0.234359,0.254328,-3.807323,0.000153,0.000824,-0.141389,0.159545,0.569952,-2.962908,0.000141,0.000818,-0.141184
98.6800,-0.234372,0.254327,-3.807324,0.000154,0.000824,-0.141493,0.177037,0.566739,-2.962780,0.000250,0.000780,-0.141542
98.7300,-0.234385,0.254327,-3.807325,0.000154,0.000824,-0.141597,0.188700,0.564593,-2.963908,0.000215,0.000972,-0.141409
98.7800,-0.234397,0.254327,-3.807326,0.000154,0.000824,-0.141700,0.206193,0.561372,-2.963470,0.000191,0.000899,-0.141691
98.8300,-0.234410,0.254327,-3.807326,0.000154,0.000824,-0.141801,0.217857,0.559224,-2.964516,0.000127,0.000615,-0.141625
98.8800,-0.234422,0.254327,-3.807327,0.000154,0.000824,-0.141902,0.235348,0.556004,-2.963843,0.000112,0.000729,-0.141748
98.9300,-0.234435,0.254327,-3.807328,0.000154,0.000824,-0.142001,0.247009,0.553854,-2.964800,0.000110,0.000674,-0.141904
98.9800,-0.234447,0.254327,-3.807329,0.000154,0.000824,-0.142100,0.264495,0.550629,-2.963961,-0.000067,0.000845,-0.141892
99.0300,-0.234459,0.254326,-3.807330,0.000155,0.000824,-0.142197,0.276153,0.548481,-2.964829,0.000172,0.000846,-0.142009
99.0800,-0.234471,0.254326,-3.807331,0.000155,0.000824,-0.142293,0.293635,0.545256,-2.963882,0.000270,0.000812,-0.142277
99.1300,-0.234482,0.254326,-3.807331,0.000155,0.000824,-0.142389,0.305291,0.543103,-2.964661,0.000084,0.000818,-0.142300
99.1820,-0.234494,0.254326,-3.807332,0.000155,0.000824,-0.142483,0.322769,0.539874,-2.963650,0.000156,0.000858,-0.142468
99.2300,-0.234506,0.254326,-3.807333,0.000155,0.000824,-0.142577,0.334424,0.537722,-2.964345,0.000304,0.000870,-0.142517
99.2800,-0.234517,0.254326,-3.807334,0.000155,0.000824,-0.142669,0.351902,0.534491,-2.963309,0.000089,0.000808,-0.142549
99.3300,-0.234528,0.254326,-3.807334,0.000155,0.000824,-0.142761,0.363556,0.532338,-2.963925,0.000295,0.000830,-0.142603
99.3800,-0.234540,0.254326,-3.807335,0.000155,0.000824,-0.142852,0.381034,0.529106,-2.962892,0.000299,0.001083,-0.142589
99.4300,-0.234551,0.254326,-3.807336,0.000156,0.000824,-0.142941,0.392691,0.526948,-2.963436,0.000161,0.000747,-0.142772
99.4800,-0.234562,0.254325,-3.807337,0.000156,0.000824,-0.143030,0.043979,0.300091,-2.962413,0.000155,0.000845,-0.142978
99.5320,-0.234572,0.254325,-3.807337,0.000156,0.000824,-0.143118,0.044662,0.291250,-2.962888,0.000029,0.000762,-0.142972
99.5800,-0.234583,0.254325,-3.807338,0.000156,0.000824,-0.143205,0.045684,0.277988,-2.961928,0.000067,0.000735,-0.143121
99.6300,-0.234594,0.254325,-3.807339,0.000156,0.000824,-0.143291,0.046365,0.269146,-2.962342,0.000090,0.000949,-0.142978
99.6800,-0.234604,0.254325,-3.807339,0.000156,0.000824,-0.143376,-0.208617,0.261293,-3.678859,0.000078,0.000762,-0.143237
99.7300,-0.234615,0.254325,-3.807340,0.000156,0.000824,-0.143461,-0.216688,0.252628,-3.714992,0.000151,0.001020,-0.143387
99.7800,-0.234625,0.254325,-3.807341,0.000156,0.000824,-0.143544,-0.228828,0.239645,-3.739630,0.000221,0.000811,-0.143223
99.8300,-0.234635,0.254325,-3.807341,0.000156,0.000824,-0.143627,-0.236910,0.230989,-3.773037,0.000246,0.000803,-0.143363
99.8800,-0.234645,0.254325,-3.807342,0.000157,0.000824,-0.143708,-0.249084,0.218017,-3.773704,0.000322,0.001035,-0.143794
99.9300,-0.234655,0.254325,-3.807343,0.000157,0.000824,-0.143789,-0.257184,0.209366,-3.802311,0.000135,0.000855,-0.143548
99.9820,-0.234665,0.254325,-3.807343,0.000157,0.000824,-0.143869,-0.269454,0.196418,-3.769635,0.000219,0.001037,-0.143763
100.0300,-0.234675,0.254325,-3.807344,0.000157,0.000824,-0.143948,-0.277570,0.187776,-3.791412,0.000073,0.000782,-0.143783
100.0800,-0.234685,0.254325,-3.807345,0.000157,0.000824,-0.144027,-0.289950,0.174880,-3.722675,0.000250,0.000881,-0.143743
100.1300,-0.234694,0.254324,-3.807345,0.000157,0.000824,-0.144105,-0.298087,0.166242,-3.736168,0.000271,0.000744,-0.143906
100.1800,-0.234704,0.254324,-3.807346,0.000157,0.000824,-0.144181,-0.310562,0.153386,-3.637904,0.000051,0.000809,-0.144108
100.2320,-0.234713,0.254324,-3.807347,0.000157,0.000824,-0.144257,-0.318726,0.144757,-3.642648,0.000299,0.000917,-0.144014
100.2800,-0.234722,0.254324,-3.807347,0.000157,0.000824,-0.144333,-0.331268,0.131919,-3.528346,0.000101,0.000964,-0.144218
100.3320,-0.234732,0.254324,-3.807348,0.000158,0.000824,-0.144407,-0.339455,0.123302,-3.524917,0.000110,0.000762,-0.144267
100.3800,-0.234741,0.254324,-3.807348,0.000158,0.000824,-0.144481,-0.352029,0.110464,-3.409413,-0.000001,0.000838,-0.144199
100.4300,-0.234750,0.254324,-3.807349,0.000158,0.000824,-0.144554,-0.360236,0.101857,-3.399123,0.000188,0.000704,-0.144494
100.4800,-0.234759,0.254324,-3.807350,0.000158,0.000824,-0.144626,-0.358546,0.805757,-3.293793,0.000104,0.000647,-0.144649
100.5300,-0.234767,0.254324,-3.807350,0.000158,0.000824,-0.144697,-0.365952,0.837197,-3.278273,0.000043,0.000842,-0.144682
100.5800,-0.234776,0.254324,-3.807351,0.000158,0.000824,-0.144768,-0.377142,0.884386,-3.189499,-0.000006,0.000851,-0.144725
100.7160,-0.234793,0.254324,-3.807352,0.000158,0.000824,-0.144907,-0.403115,0.994465,-3.078786,0.000073,0.000880,-0.144774
100.7160,-0.234793,0.254324,-3.807352,0.000158,0.000824,-0.144907,-0.403115,0.994465,-3.078786,0.000073,0.000880,-0.144774
100.7300,-0.234802,0.254324,-3.807352,0.000158,0.000824,-0.144976,-0.403115,0.994465,-3.078786,0.000073,0.000880,-0.144774
100.7820,-0.234810,0.254324,-3.807353,0.000158,0.000824,-0.145044,-0.414254,1.041649,-3.026298,0.000180,0.000824,-0.145013
100.8300,-0.234819,0.254324,-3.807353,0.000158,0.000824,-0.145111,-0.421660,1.073097,-3.003941,0.000411,0.000675,-0.144932
100.8800,-0.234827,0.254324,-3.807354,0.000159,0.000824,-0.145177,-0.432773,1.120271,-2.967194,0.000067,0.000804,-0.145221
100.9300,-0.234835,0.254324,-3.807355,0.000159,0.000824,-0.145243,-0.440175,1.151723,-2.944704,0.000274,0.000551,-0.145164
100.9820,-0.234843,0.254324,-3.807355,0.000159,0.000824,-0.145308,-0.451270,1.198892,-2.921250,0.000154,0.000758,-0.145319
101.0300,-0.234851,0.254324,-3.807356,0.000159,0.000824,-0.145373,-0.458670,1.230343,-2.899299,0.000055,0.000735,-0.145208
101.0800,-0.234859,0.254324,-3.807356,0.000159,0.000824,-0.145437,-0.469732,1.277513,-2.886733,0.000176,0.000969,-0.145451
101.1320,-0.234867,0.254324,-3.807357,0.000159,0.000824,-0.145500,-0.477129,1.308965,-2.865821,0.000145,0.000653,-0.145394
101.1800,-0.234874,0.254324,-3.807357,0.000159,0.000824,-0.145562,-0.488167,1.356140,-2.861971,0.000117,0.000851,-0.145482
101.2300,-0.234882,0.254324,-3.807358,0.000159,0.000824,-0.145624,-0.495562,1.387599,-2.842453,0.000192,0.000873,-0.145427
101.2800,-0.234890,0.254324,-3.807358,0.000159,0.000824,-0.145685,-0.506585,1.434763,-2.845416,0.000095,0.000786,-0.145712
101.3300,-0.234897,0.254324,-3.807359,0.000159,0.000824,-0.145746,-0.513971,1.466221,-2.827525,0.000141,0.001064,-0.145767
101.3800,-0.234905,0.254324,-3.807359,0.000159,0.000824,-0.145806,-0.524954,1.513392,-2.835695,0.000199,0.000705,-0.145852
101.4300,-0.234912,0.254323,-3.807360,0.000159,0.000824,-0.145865,-0.532331,1.544851,-2.819571,0.000323,0.000783,-0.145739
101.4820,-0.234919,0.254323,-3.807360,0.000160,0.000824,-0.145924,-0.008928,0.236279,-2.831608,0.000215,0.000744,-0.145859
101.5300,-0.234926,0.254323,-3.807361,0.000160,0.000824,-0.145982,0.000201,0.225776,-2.817318,0.000071,0.000862,-0.145945
101.5820,-0.234933,0.254323,-3.807361,0.000160,0.000824,-0.146039,0.013920,0.210012,-2.831956,0.000265,0.000707,-0.145797
101.6300,-0.234941,0.254323,-3.807361,0.000160,0.000824,-0.146096,0.023052,0.199508,-2.819498,-0.000019,0.000926,-0.146111
101.6800,-0.234947,0.254323,-3.807362,0.000160,0.000824,-0.146153,0.036786,0.183742,-2.835798,0.000273,0.000908,-0.146055
101.7300,-0.234954,0.254323,-3.807362,0.000160,0.000824,-0.146208,0.045923,0.173237,-2.825123,0.000135,0.000827,-0.146100
101.7800,-0.234961,0.254323,-3.807363,0.000160,0.000824,-0.146263,0.059668,0.157466,-2.842262,0.000146,0.000782,-0.146060
101.8300,-0.234968,0.254323,-3.807363,0.000160,0.000824,-0.146318,0.068808,0.146959,-2.833282,0.000168,0.000923,-0.146194
101.8820,-0.234975,0.254323,-3.807364,0.000160,0.000824,-0.146372,0.082569,0.131184,-2.850590,0.000222,0.001123,-0.146320
101.9300,-0.234981,0.254323,-3.807364,0.000160,0.000824,-0.146426,0.091719,0.120676,-2.843190,0.000300,0.000775,-0.146386
101.9800,-0.234988,0.254323,-3.807365,0.000160,0.000824,-0.146479,0.105490,0.104892,-2.860130,0.000244,0.000904,-0.146403
102.0320,-0.234994,0.254323,-3.807365,0.000160,0.000824,-0.146531,0.114641,0.094379,-2.854170,0.000121,0.000697,-0.146488
102.0800,-0.235001,0.254323,-3.807365,0.000160,0.000824,-0.146583,0.128418,0.078591,-2.870336,0.000070,0.000763,-0.146544
102.1300,-0.235007,0.254323,-3.807366,0.000161,0.000824,-0.146634,0.137570,0.068076,-2.865669,0.000087,0.000598,-0.146526
102.1800,-0.235013,0.254323,-3.807366,0.000161,0.000824,-0.146685,0.151339,0.052284,-2.880762,0.000182,0.000904,-0.146585
102.2300,-0.235020,0.254323,-3.807367,0.000161,0.000824,-0.146735,0.160491,0.041766,-2.877240,0.000115,0.000831,-0.146829
102.2800,-0.235026,0.254323,-3.807367,0.000161,0.000824,-0.146785,0.174262,0.025971,-2.891059,-0.000019,0.000810,-0.146656
102.3300,-0.235032,0.254323,-3.807367,0.000161,0.000824,-0.146834,0.183416,0.015455,-2.888526,0.000252,0.000859,-0.146612
102.3800,-0.235038,0.254323,-3.807368,0.000161,0.000824,-0.146883,0.197188,-0.000332,-2.900952,0.000243,0.000850,-0.146927
102.4300,-0.235044,0.254323,-3.807368,0.000161,0.000824,-0.146931,0.206343,-0.010850,-2.899271,0.000182,0.000935,-0.147019
102.4800,-0.235050,0.254323,-3.807369,0.000161,0.000824,-0.146979,0.169311,-0.346413,-2.910257,0.000200,0.000831,-0.146941
102.5300,-0.235056,0.254323,-3.807369,0.000161,0.000824,-0.147026,0.176971,-0.366329,-2.909286,0.000225,0.000877,-0.146834
102.5820,-0.235061,0.254323,-3.807369,0.000161,0.000824,-0.147073,0.188469,-0.396210,-2.918824,0.000311,0.000769,-0.146942
102.6300,-0.235067,0.254323,-3.807370,0.000161,0.000824,-0.147119,0.196129,-0.416132,-2.918436,0.000288,0.000949,-0.147107
102.6800,-0.235073,0.254323,-3.807370,0.000161,0.000824,-0.147165,0.207630,-0.446022,-2.926577,0.000085,0.000882,-0.147100
102.7300,-0.235079,0.254323,-3.807370,0.000161,0.000824,-0.147210,0.215291,-0.465948,-2.926653,0.000026,0.000948,-0.147194
102.7800,-0.235084,0.254323,-3.807371,0.000161,0.000824,-0.147255,0.226792,-0.495840,-2.933467,0.000121,0.000881,-0.147182
102.8300,-0.235090,0.254323,-3.807371,0.000161,0.000824,-0.147300,0.234456,-0.515765,-2.933907,0.000329,0.000701,-0.147245
102.8800,-0.235095,0.254323,-3.807372,0.000161,0.000824,-0.147344,0.245955,-0.545659,-2.939501,0.000121,0.000771,-0.147278
102.9300,-0.235100,0.254323,-3.807372,0.000161,0.000824,-0.147387,0.253614,-0.565588,-2.940216,0.000072,0.000927,-0.147418
102.9800,-0.235106,0.254323,-3.807372,0.000162,0.000824,-0.147430,0.265107,-0.595484,-2.944692,0.000022,0.000790,-0.147476
103.0300,-0.235111,0.254323,-3.807373,0.000162,0.000824,-0.147473,0.272767,-0.615411,-2.945602,0.000166,0.000756,-0.147522
103.0800,-0.235116,0.254323,-3.807373,0.000162,0.000824,-0.147515,0.284260,-0.645302,-2.949084,0.000071,0.000879,-0.147479
103.1300,-0.235121,0.254323,-3.807373,0.000162,0.000824,-0.147557,0.291920,-0.665227,-2.950129,0.000264,0.000809,-0.147479
103.1800,-0.235127,0.254323,-3.807374,0.000162,0.000824,-0.147598,0.303414,-0.695115,-2.952738,0.000102,0.000740,-0.147586
103.2300,-0.235132,0.254323,-3.807374,0.000162,0.000824,-0.147639,0.311074,-0.715040,-2.953860,0.000218,0.000912,-0.147721
103.2800,-0.235137,0.254323,-3.807374,0.000162,0.000824,-0.147679,0.322561,-0.744928,-2.955711,0.000156,0.000790,-0.147645
103.3300,-0.235142,0.254323,-3.807375,0.000162,0.000824,-0.147719,0.330218,-0.764852,-2.956867,0.000069,0.000716,-0.147559
103.3820,-0.235147,0.254323,-3.807375,0.000162,0.000824,-0.147759,0.341701,-0.794737,-2.958074,0.000105,0.000784,-0.147672
103.4300,-0.235151,0.254323,-3.807375,0.000162,0.000824,-0.147798,0.349357,-0.814660,-2.959229,-0.000014,0.000775,-0.147665
103.4800,-0.235156,0.254323,-3.807375,0.000162,0.000824,-0.147837,0.467337,0.000508,-2.959893,0.000190,0.000933,-0.147864
103.5300,-0.235161,0.254324,-3.807376,0.000162,0.000824,-0.147876,0.478192,0.005856,-2.961021,0.000106,0.000847,-0.147826
103.5800,-0.235166,0.254324,-3.807376,0.000162,0.000824,-0.147914,0.494473,0.013881,-2.961250,0.000037,0.000794,-0.147949
103.6300,-0.235170,0.254324,-3.807376,0.000162,0.000824,-0.147951,0.505327,0.019230,-2.962329,0.000061,0.000724,-0.147862
103.6800,-0.235175,0.254324,-3.807377,0.000162,0.000824,-0.147988,0.521609,0.027255,-2.962205,0.000132,0.000958,-0.147858
103.7300,-0.235180,0.254324,-3.807377,0.000162,0.000824,-0.148025,0.532467,0.032605,-2.963222,0.000301,0.000749,-0.147914
103.7800,-0.235184,0.254324,-3.807377,0.000162,0.000824,-0.148062,0.548752,0.040627,-2.962822,0.000218,0.000993,-0.148188
103.8300,-0.235189,0.254324,-3.807378,0.000162,0.000824,-0.148098,0.559612,0.045971,-2.963767,0.000092,0.001022,-0.148082
103.8800,-0.235193,0.254324,-3.807378,0.000162,0.000824,-0.148134,0.575903,0.053989,-2.963162,0.000186,0.000729,-0.148308
103.9320,-0.235197,0.254324,-3.807378,0.000163,0.000824,-0.148169,0.586767,0.059333,-2.964029,0.000186,0.000822,-0.148114
103.9800,-0.235202,0.254324,-3.807378,0.000163,0.000824,-0.148204,0.603056,0.067353,-2.963273,0.000108,0.001085,-0.148133
104.0300,-0.235206,0.254324,-3.807379,0.000163,0.000824,-0.148239,0.613920,0.072698,-2.964064,0.000189,0.000960,-0.148125
104.0800,-0.235210,0.254324,-3.807379,0.000163,0.000824,-0.148273,0.630214,0.080715,-2.963210,-0.000019,0.000781,-0.148129
104.1300,-0.235215,0.254324,-3.807379,0.000163,0.000824,-0.148307,0.641079,0.086058,-2.963922,0.000165,0.000861,-0.148187
104.1800,-0.235219,0.254324,-3.807380,0.000163,0.000824,-0.148341,0.657372,0.094075,-2.963010,0.000152,0.000843,-0.148201
104.2300,-0.235223,0.254324,-3.807380,0.000163,0.000824,-0.148374,0.668236,0.099419,-2.963647,0.000189,0.000700,-0.148310
104.2800,-0.235227,0.254324,-3.807380,0.000163,0.000824,-0.148407,0.684527,0.107435,-2.962711,0.000187,0.000849,-0.148322
104.3300,-0.235231,0.254324,-3.807380,0.000163,0.000824,-0.148439,0.695391,0.112778,-2.963278,0.000113,0.000788,-0.148597
104.3800,-0.235235,0.254324,-3.807381,0.000163,0.000824,-0.148471,0.711684,0.120792,-2.962345,0.000082,0.000856,-0.148366
104.4300,-0.235239,0.254324,-3.807381,0.000163,0.000824,-0.148503,0.722548,0.126134,-2.962849,0.000149,0.000683,-0.148422
104.4800,-0.235243,0.254324,-3.807381,0.000163,0.000824,-0.148535,0.537430,0.185022,-2.961927,0.000161,0.000942,-0.148558
104.5320,-0.235247,0.254324,-3.807381,0.000163,0.000824,-0.148566,0.542271,0.191888,-2.962371,0.000166,0.000620,-0.148441
104.5800,-0.235251,0.254324,-3.807382,0.000163,0.000824,-0.148597,0.549530,0.202188,-2.961500,0.000089,0.000786,-0.148704
104.6300,-0.235254,0.254324,-3.807382,0.000163,0.000824,-0.148628,0.554371,0.209054,-2.961892,0.000111,0.000827,-0.148598
104.6800,-0.235258,0.254324,-3.807382,0.000163,0.000824,-0.148658,-0.300642,0.312036,-3.681584,0.000213,0.000923,-0.148585
104.7300,-0.235262,0.254324,-3.807382,0.000163,0.000824,-0.148688,-0.325371,0.322080,-3.717745,0.000256,0.000886,-0.148713
104.7820,-0.235266,0.254324,-3.807383,0.000163,0.000824,-0.148718,-0.362489,0.337168,-3.742052,0.000268,0.000833,-0.148628
104.8300,-0.235269,0.254324,-3.807383,0.000163,0.000824,-0.148747,-0.387220,0.347215,-3.775444,-0.000036,0.000741,-0.148779
104.8800,-0.235273,0.254324,-3.807383,0.000163,0.000824,-0.148776,-0.424384,0.362311,-3.775525,0.000277,0.000873,-0.148882
104.9300,-0.235276,0.254324,-3.807383,0.000163,0.000824,-0.148805,-0.449130,0.372367,-3.804063,0.000064,0.000880,-0.148960
104.9800,-0.235280,0.254324,-3.807383,0.000163,0.000824,-0.148833,-0.486377,0.387508,-3.770612,0.000081,0.000685,-0.148928
105.0320,-0.235283,0.254324,-3.807384,0.000163,0.000824,-0.148861,-0.511139,0.397566,-3.792275,0.000216,0.000780,-0.148839
105.0800,-0.235287,0.254324,-3.807384,0.000163,0.000824,-0.148889,-0.548495,0.412740,-3.722734,0.000080,0.000692,-0.148715
105.1300,-0.235290,0.254324,-3.807384,0.000163,0.000824,-0.148917,-0.573280,0.422813,-3.736080,0.000270,0.000869,-0.148832
105.1800,-0.235294,0.254324,-3.807384,0.000164,0.000824,-0.148944,-0.610732,0.438031,-3.637173,0.000096,0.000773,-0.148931
105.2300,-0.235297,0.254324,-3.807385,0.000164,0.000824,-0.148971,-0.635541,0.448113,-3.641760,0.000196,0.000952,-0.148979
105.2800,-0.235300,0.254324,-3.807385,0.000164,0.000824,-0.148998,-0.673053,0.463355,-3.527088,0.000021,0.000758,-0.148998
105.3300,-0.235304,0.254324,-3.807385,0.000164,0.000824,-0.149025,-0.697884,0.473451,-3.523507,-0.000006,0.000767,-0.149007
105.3800,-0.235307,0.254324,-3.807385,0.000164,0.000824,-0.149051,-0.735403,0.488695,-3.407910,0.000229,0.000825,-0.149228
105.4300,-0.235310,0.254324,-3.807385,0.000164,0.000824,-0.149077,-0.760256,0.498800,-3.397484,0.000284,0.000933,-0.148946
105.4800,-0.235313,0.254324,-3.807386,0.000164,0.000824,-0.149102,-0.099000,0.341782,-3.292411,0.000180,0.000716,-0.149079
105.5300,-0.235317,0.254324,-3.807386,0.000164,0.000824,-0.149128,-0.084915,0.342280,-3.276789,0.000230,0.000822,-0.149055
105.5800,-0.235320,0.254324,-3.807386,0.000164,0.000824,-0.149153,-0.063870,0.343059,-3.188190,0.000334,0.000749,-0.149191
105.6300,-0.235323,0.254324,-3.807386,0.000164,0.000824,-0.149178,-0.049795,0.343556,-3.168980,0.000288,0.000861,-0.149163
105.6800,-0.235326,0.254324,-3.807386,0.000164,0.000824,-0.149202,-0.028733,0.344322,-3.098925,0.000064,0.000880,-0.149304
105.7300,-0.235329,0.254324,-3.807387,0.000164,0.000824,-0.149227,-0.014657,0.344823,-3.077548,0.000247,0.000756,-0.149378
105.7800,-0.235332,0.254324,-3.807387,0.000164,0.000824,-0.149251,0.006426,0.345581,-3.025273,0.000142,0.000809,-0.149257
105.8300,-0.235335,0.254324,-3.807387,0.000164,0.000824,-0.149275,0.020498,0.346080,-3.002874,0.000090,0.000787,-0.149279
105.8800,-0.235338,0.254324,-3.807387,0.000164,0.000824,-0.149298,0.041606,0.346833,-2.966327,0.000180,0.000781,-0.149239
105.9300,-0.235341,0.254324,-3.807387,0.000164,0.000824,-0.149322,0.055679,0.347333,-2.943804,0.000017,0.000975,-0.149225
105.9800,-0.235344,0.254324,-3.807387,0.000164,0.000824,-0.149345,0.076812,0.348077,-2.920524,0.000309,0.000866,-0.149200
106.0300,-0.235347,0.254325,-3.807388,0.000164,0.000824,-0.149368,0.090888,0.348575,-2.898554,0.000265,0.000909,-0.149409
106.0800,-0.235349,0.254325,-3.807388,0.000164,0.000824,-0.149391,0.112049,0.349307,-2.886137,-0.000045,0.000789,-0.149394
106.1300,-0.235352,0.254325,-3.807388,0.000164,0.000824,-0.149413,0.126131,0.349809,-2.865215,0.000329,0.000840,-0.149459
106.1800,-0.235355,0.254325,-3.807388,0.000164,0.000824,-0.149435,0.147312,0.350536,-2.861487,0.000237,0.000851,-0.149348
106.2300,-0.235358,0.254325,-3.807388,0.000164,0.000824,-0.149457,0.161395,0.351030,-2.841962,-0.000040,0.000738,-0.149273
106.2800,-0.235360,0.254325,-3.807389,0.000164,0.000824,-0.149479,0.182599,0.351755,-2.845039,0.000103,0.000972,-0.149630
106.3300,-0.235363,0.254325,-3.807389,0.000164,0.000824,-0.149501,0.196689,0.352249,-2.827149,0.000191,0.000784,-0.149547
106.3800,-0.235366,0.254325,-3.807389,0.000164,0.000824,-0.149522,0.217911,0.352959,-2.835409,0.000216,0.000882,-0.149545
106.4300,-0.235368,0.254325,-3.807389,0.000164,0.000824,-0.149543,0.232004,0.353450,-2.819291,0.000237,0.000939,-0.149649
106.4800,-0.235371,0.254325,-3.807389,0.000164,0.000824,-0.149564,0.447965,0.225363,-2.831372,0.000128,0.000908,-0.149765
106.5300,-0.235373,0.254325,-3.807389,0.000164,0.000824,-0.149584,0.468085,0.221862,-2.817091,0.000156,0.000871,-0.149460
106.5800,-0.235376,0.254325,-3.807390,0.000164,0.000824,-0.149605,0.498297,0.216611,-2.831794,0.000249,0.000786,-0.149664
106.6320,-0.235379,0.254325,-3.807390,0.000164,0.000824,-0.149625,0.518420,0.213111,-2.819345,0.000354,0.000948,-0.149806
106.6800,-0.235381,0.254325,-3.807390,0.000164,0.000824,-0.149645,0.548643,0.207844,-2.835699,0.000276,0.000759,-0.149723
106.7300,-0.235384,0.254325,-3.807390,0.000164,0.000824,-0.149665,0.568773,0.204336,-2.825035,0.000145,0.000804,-0.149641
106.7800,-0.235386,0.254325,-3.807390,0.000164,0.000824,-0.149685,0.599007,0.199065,-2.842214,0.000107,0.000839,-0.149599
106.8300,-0.235388,0.254325,-3.807390,0.000165,0.000824,-0.149704,0.619142,0.195562,-2.833247,-0.000062,0.000831,-0.149739
106.8800,-0.235391,0.254325,-3.807390,0.000165,0.000824,-0.149723,0.649385,0.190295,-2.850580,0.000110,0.000711,-0.149719
106.9320,-0.235393,0.254325,-3.807391,0.000165,0.000824,-0.149742,0.669519,0.186792,-2.843188,0.000164,0.000822,-0.149817
106.9820,-0.235395,0.254325,-3.807391,0.000165,0.000824,-0.149761,0.699768,0.181523,-2.860152,0.000366,0.000802,-0.149676
107.0300,-0.235398,0.254325,-3.807391,0.000165,0.000824,-0.149780,0.719907,0.178017,-2.854205,0.000094,0.000953,-0.149744
107.0800,-0.235400,0.254325,-3.807391,0.000165,0.000824,-0.149798,0.750167,0.172736,-2.870386,0.000091,0.000733,-0.149808
107.1300,-0.235402,0.254325,-3.807391,0.000165,0.000824,-0.149816,0.770310,0.169225,-2.865732,0.000187,0.001013,-0.149646
107.1820,-0.235405,0.254325,-3.807391,0.000165,0.000824,-0.149834,0.800577,0.163942,-2.880833,0.000102,0.000834,-0.149747
107.2300,-0.235407,0.254325,-3.807391,0.000165,0.000824,-0.149852,0.820725,0.160430,-2.877323,0.000347,0.000823,-0.149851
107.2820,-0.235409,0.254325,-3.807392,0.000165,0.000824,-0.149870,0.850991,0.155137,-2.891142,0.000143,0.000787,-0.149919
107.3300,-0.235411,0.254325,-3.807392,0.000165,0.000824,-0.149888,0.871141,0.151620,-2.888624,0.000174,0.000845,-0.149982
107.3800,-0.235413,0.254325,-3.807392,0.000165,0.000824,-0.149905,0.901410,0.146320,-2.901048,0.000019,0.000825,-0.149808
107.4300,-0.235416,0.254325,-3.807392,0.000165,0.000824,-0.149922,0.921563,0.142800,-2.899375,0.000181,0.000766,-0.149913
107.4800,-0.235418,0.254325,-3.807392,0.000165,0.000824,-0.149939,0.579712,0.184617,-2.910325,0.000001,0.000665,-0.149864
107.5300,-0.235420,0.254325,-3.807392,0.000165,0.000824,-0.149956,0.588933,0.182482,-2.909357,0.000193,0.000964,-0.149944
107.5820,-0.235422,0.254325,-3.807392,0.000165,0.000824,-0.149972,0.602772,0.179277,-2.918892,0.000338,0.000803,-0.149906
107.6300,-0.235424,0.254325,-3.807393,0.000165,0.000824,-0.149989,0.611994,0.177140,-2.918507,0.000163,0.000870,-0.150026
107.6800,-0.235426,0.254325,-3.807393,0.000165,0.000824,-0.150005,0.625836,0.173928,-2.926641,0.000101,0.000805,-0.149840
107.7300,-0.235428,0.254325,-3.807393,0.000165,0.000824,-0.150021,0.635060,0.171791,-2.926722,0.000157,0.000966,-0.150027
107.7820,-0.235430,0.254325,-3.807393,0.000165,0.000824,-0.150037,0.648904,0.168579,-2.933533,0.000401,0.000900,-0.150047
107.8300,-0.235432,0.254325,-3.807393,0.000165,0.000824,-0.150053,0.658130,0.166439,-2.933980,0.000109,0.000863,-0.150096
107.8800,-0.235434,0.254325,-3.807393,0.000165,0.000824,-0.150069,0.671977,0.163225,-2.939565,0.000283,0.000895,-0.150063
107.9300,-0.235436,0.254325,-3.807393,0.000165,0.000824,-0.150084,0.681204,0.161084,-2.940285,0.000271,0.000805,-0.149891
107.9800,-0.235438,0.254325,-3.807393,0.000165,0.000824,-0.150099,0.695050,0.157871,-2.944756,0.000185,0.000800,-0.150068
108.0320,-0.235440,0.254325,-3.807394,0.000165,0.000824,-0.150115,0.704277,0.155728,-2.945673,0.000091,0.000808,-0.150193
108.0800,-0.235441,0.254325,-3.807394,0.000165,0.000824,-0.150130,0.718121,0.152512,-2.949148,0.000197,0.000808,-0.150207
108.1300,-0.235443,0.254325,-3.807394,0.000165,0.000824,-0.150144,0.727348,0.150370,-2.950197,0.000098,0.000897,-0.149937
108.1820,-0.235445,0.254326,-3.807394,0.000165,0.000824,-0.150159,0.741191,0.147158,-2.952798,0.000010,0.000860,-0.150286
108.2300,-0.235447,0.254326,-3.807394,0.000165,0.000824,-0.150174,0.750420,0.145017,-2.953925,0.000299,0.000774,-0.150107
108.2800,-0.235449,0.254326,-3.807394,0.000165,0.000824,-0.150188,0.764264,0.141805,-2.955769,0.000248,0.000700,-0.150181
108.3300,-0.235451,0.254326,-3.807394,0.000165,0.000824,-0.150202,0.773493,0.139664,-2.956928,0.000081,0.000900,-0.150250
108.3800,-0.235452,0.254326,-3.807394,0.000165,0.000824,-0.150216,0.787336,0.136451,-2.958128,0.000194,0.000945,-0.150258
108.4300,-0.235454,0.254326,-3.807394,0.000165,0.000824,-0.150230,0.796566,0.134309,-2.959287,0.000085,0.000666,-0.150224
108.4800,-0.235456,0.254326,-3.807395,0.000165,0.000824,-0.150244,0.551207,0.183698,-2.959933,0.000154,0.000911,-0.150297
108.5300,-0.235457,0.254326,-3.807395,0.000165,0.000824,-0.150258,0.552682,0.183133,-2.961061,0.000098,0.000854,-0.150273
108.5800,-0.235459,0.254326,-3.807395,0.000165,0.000824,-0.150271,0.554896,0.182287,-2.961285,0.000174,0.000731,-0.150197
108.6320,-0.235461,0.254326,-3.807395,0.000165,0.000824,-0.150285,0.556373,0.181723,-2.962364,0.000152,0.000746,-0.150331
108.6820,-0.235463,0.254326,-3.807395,0.000165,0.000824,-0.150298,0.558586,0.180878,-2.962236,0.000272,0.000822,-0.150334
108.7300,-0.235464,0.254326,-3.807395,0.000165,0.000824,-0.150311,0.560061,0.180314,-2.963253,0.000240,0.000848,-0.150219
108.7820,-0.235466,0.254326,-3.807395,0.000165,0.000824,-0.150324,0.562271,0.179466,-2.962849,0.000153,0.000887,-0.150349
108.8300,-0.235467,0.254326,-3.807395,0.000165,0.000824,-0.150337,0.563746,0.178901,-2.963794,0.000129,0.000745,-0.150276
108.8820,-0.235469,0.254326,-3.807395,0.000165,0.000824,-0.150350,0.565955,0.178055,-2.963185,0.000145,0.000816,-0.150223
108.9300,-0.235471,0.254326,-3.807395,0.000165,0.000824,-0.150362,0.567429,0.177492,-2.964052,0.000274,0.000789,-0.150527
108.9800,-0.235472,0.254326,-3.807396,0.000165,0.000824,-0.150375,0.569636,0.176648,-2.963295,0.000208,0.000891,-0.150373
109.0300,-0.235474,0.254326,-3.807396,0.000165,0.000824,-0.150387,0.571110,0.176085,-2.964085,0.000148,0.000788,-0.150343
109.0800,-0.235475,0.254326,-3.807396,0.000165,0.000824,-0.150399,0.573317,0.175242,-2.963229,0.000107,0.001027,-0.150355
109.1300,-0.235477,0.254326,-3.807396,0.000165,0.000824,-0.150411,0.574794,0.174679,-2.963941,0.000181,0.000850,-0.150450
109.1800,-0.235478,0.254326,-3.807396,0.000165,0.000824,-0.150423,0.577006,0.173834,-2.963028,0.000200,0.000900,-0.150410
109.2300,-0.235480,0.254326,-3.807396,0.000165,0.000824,-0.150435,0.578484,0.173269,-2.963666,0.000065,0.000780,-0.150247
109.2800,-0.235481,0.254326,-3.807396,0.000165,0.000824,-0.150447,0.580697,0.172426,-2.962729,0.000205,0.000683,-0.150446
109.3300,-0.235483,0.254326,-3.807396,0.000165,0.000824,-0.150458,0.582175,0.171863,-2.963296,0.000233,0.000622,-0.150538
109.3800,-0.235484,0.254326,-3.807396,0.000165,0.000824,-0.150470,0.584386,0.171020,-2.962362,0.000121,0.000565,-0.150502
109.4300,-0.235485,0.254326,-3.807396,0.000165,0.000824,-0.150481,0.585862,0.170459,-2.962864,0.000058,0.000851,-0.150599
109.4800,-0.235487,0.254326,-3.807396,0.000166,0.000824,-0.150492,0.508934,0.191064,-2.961949,0.000177,0.000809,-0.150545
109.5300,-0.235488,0.254326,-3.807397,0.000166,0.000824,-0.150503,0.508041,0.191144,-2.962392,0.000073,0.000869,-0.150668
109.5800,-0.235490,0.254326,-3.807397,0.000166,0.000824,-0.150514,0.506700,0.191267,-2.961521,0.000102,0.000902,-0.150611
109.6300,-0.235491,0.254326,-3.807397,0.000166,0.000824,-0.150525,0.505807,0.191350,-2.961912,0.000355,0.000926,-0.150625
109.6800,-0.235492,0.254326,-3.807397,0.000166,0.000824,-0.150536,-0.198771,0.288187,-3.664491,0.000298,0.000986,-0.150453
109.7300,-0.235494,0.254326,-3.807397,0.000166,0.000824,-0.150547,-0.223773,0.291585,-3.699801,-0.000001,0.000788,-0.150681
109.7800,-0.235495,0.254326,-3.807397,0.000166,0.000824,-0.150557,-0.261291,0.296677,-3.723547,0.000305,0.000881,-0.150697
109.8300,-0.235496,0.254326,-3.807397,0.000166,0.000824,-0.150568,-0.286297,0.300078,-3.756154,0.000214,0.000804,-0.150593
109.8800,-0.235498,0.254326,-3.807397,0.000166,0.000824,-0.150578,-0.323866,0.305194,-3.756238,0.000068,0.000872,-0.150512
109.9300,-0.235499,0.254326,-3.807397,0.000166,0.000824,-0.150588,-0.348882,0.308594,-3.784111,0.000274,0.000943,-0.150489
109.9800,-0.235500,0.254326,-3.807397,0.000166,0.000824,-0.150598,-0.386543,0.313739,-3.751448,0.000267,0.000649,-0.150672
110.0300,-0.235501,0.254326,-3.807397,0.000166,0.000824,-0.150608,-0.411578,0.317148,-3.772605,0.000243,0.000811,-0.150610
110.0800,-0.235503,0.254326,-3.807397,0.000166,0.000824,-0.150618,-0.449341,0.322340,-3.704703,0.000253,0.000881,-0.150647
110.1300,-0.235504,0.254326,-3.807398,0.000166,0.000824,-0.150628,-0.474399,0.325756,-3.717736,0.000033,0.000834,-0.150677
110.1800,-0.235505,0.254326,-3.807398,0.000166,0.000824,-0.150638,-0.512253,0.330982,-3.621164,0.000099,0.000895,-0.150680
110.2300,-0.235506,0.254326,-3.807398,0.000166,0.000824,-0.150647,-0.537333,0.334411,-3.625645,0.000287,0.000746,-0.150479
110.2820,-0.235507,0.254326,-3.807398,0.000166,0.000824,-0.150657,-0.575250,0.339658,-3.513679,0.000093,0.000793,-0.150706
110.3300,-0.235509,0.254326,-3.807398,0.000166,0.000824,-0.150666,-0.600353,0.343093,-3.510182,0.000249,0.000786,-0.150537
110.3820,-0.235510,0.254326,-3.807398,0.000166,0.000824,-0.150676,-0.638292,0.348351,-3.397304,0.000245,0.000762,-0.150640
110.4300,-0.235511,0.254326,-3.807398,0.000166,0.000824,-0.150685,-0.663416,0.351792,-3.387131,0.000166,0.000973,-0.150598
110.4800,-0.235512,0.254326,-3.807398,0.000166,0.000824,-0.150694,-0.054973,0.269718,-3.284528,0.000348,0.000857,-0.150655
110.5300,-0.235513,0.254326,-3.807398,0.000166,0.000824,-0.150703,-0.044075,0.268293,-3.269280,0.000126,0.000943,-0.150741
110.5800,-0.235514,0.254327,-3.807398,0.000166,0.000824,-0.150712,-0.027814,0.266191,-3.182766,0.000132,0.000759,-0.150715
110.6300,-0.235515,0.254327,-3.807398,0.000166,0.000824,-0.150721,-0.016923,0.264770,-3.164014,0.000191,0.000775,-0.150884
110.6820,-0.235517,0.254327,-3.807398,0.000166,0.000824,-0.150730,-0.000644,0.262660,-3.095607,0.000093,0.000738,-0.150682
110.7300,-0.235518,0.254327,-3.807398,0.000166,0.000824,-0.150738,0.010243,0.261242,-3.074736,0.000075,0.000866,-0.150795
110.7800,-0.235519,0.254327,-3.807398,0.000166,0.000824,-0.150747,0.026545,0.259126,-3.023689,0.000144,0.000904,-0.150723
110.8320,-0.235520,0.254327,-3.807399,0.000166,0.000824,-0.150755,0.037432,0.257711,-3.001823,0.000121,0.000990,-0.150896
110.8800,-0.235521,0.254327,-3.807399,0.000166,0.000824,-0.150764,0.053761,0.255588,-2.966133,0.000115,0.000766,-0.150782
110.9320,-0.235522,0.254327,-3.807399,0.000166,0.000824,-0.150772,0.064647,0.254173,-2.944145,0.000109,0.000735,-0.150710
110.9800,-0.235523,0.254327,-3.807399,0.000166,0.000824,-0.150780,0.080993,0.252046,-2.921409,0.000081,0.000753,-0.150861
111.0300,-0.235524,0.254327,-3.807399,0.000166,0.000824,-0.150788,0.091878,0.250634,-2.899961,0.000202,0.000872,-0.150840
111.0800,-0.235525,0.254327,-3.807399,0.000166,0.000824,-0.150796,0.108249,0.248496,-2.887833,0.000130,0.000889,-0.150758
111.1300,-0.235526,0.254327,-3.807399,0.000166,0.000824,-0.150804,0.119138,0.247081,-2.867407,0.000150,0.000861,-0.150532
111.1800,-0.235527,0.254327,-3.807399,0.000166,0.000824,-0.150812,0.135533,0.244937,-2.863765,0.000139,0.000761,-0.150753
111.2300,-0.235528,0.254327,-3.807399,0.000166,0.000824,-0.150820,0.146427,0.243519,-2.844706,0.000147,0.000906,-0.150735
111.2800,-0.235529,0.254327,-3.807399,0.000166,0.000824,-0.150828,0.162852,0.241369,-2.847708,0.000172,0.000814,-0.150769
111.3300,-0.235530,0.254327,-3.807399,0.000166,0.000824,-0.150836,0.173753,0.239950,-2.830243,-0.000002,0.000850,-0.150886
111.3820,-0.235531,0.254327,-3.807399,0.000166,0.000824,-0.150843,0.190198,0.237789,-2.838306,0.000102,0.000834,-0.150817
111.4300,-0.235532,0.254327,-3.807399,0.000166,0.000824,-0.150851,0.201105,0.236368,-2.822572,0.000260,0.000768,-0.150930
111.4800,-0.235533,0.254327,-3.807399,0.000166,0.000824,-0.150858,0.440422,0.203026,-2.834365,0.000034,0.000848,-0.150701
111.5300,-0.235534,0.254327,-3.807399,0.000166,0.000824,-0.150865,0.458232,0.200639,-2.820424,0.000216,0.000740,-0.150819
111.5800,-0.235534,0.254327,-3.807399,0.000166,0.000824,-0.150873,0.484970,0.197041,-2.834773,0.000151,0.000784,-0.150799
111.6300,-0.235535,0.254327,-3.807399,0.000166,0.000824,-0.150880,0.502781,0.194651,-2.822622,0.000196,0.000674,-0.150785
111.6800,-0.235536,0.254327,-3.807400,0.000166,0.000824,-0.150887,0.529521,0.191055,-2.838581,0.000158,0.000868,-0.150901
111.7300,-0.235537,0.254327,-3.807400,0.000166,0.000824,-0.150894,0.547333,0.188664,-2.828174,0.000057,0.000853,-0.150923
111.7800,-0.235538,0.254327,-3.807400,0.000166,0.000824,-0.150901,0.574085,0.185063,-2.844943,0.000149,0.000873,-0.150983
111.8300,-0.235539,0.254327,-3.807400,0.000166,0.000824,-0.150908,0.591901,0.182669,-2.836193,0.000294,0.000798,-0.150957
111.8800,-0.235540,0.254327,-3.807400,0.000166,0.000824,-0.150915,0.618662,0.179060,-2.853116,0.000052,0.000881,-0.151017
111.9320,-0.235541,0.254327,-3.807400,0.000166,0.000824,-0.150922,0.636480,0.176662,-2.845905,0.000165,0.000817,-0.150927
111.9820,-0.235541,0.254327,-3.807400,0.000166,0.000824,-0.150928,0.663246,0.173048,-2.862461,0.000195,0.000763,-0.150945
112.0300,-0.235542,0.254327,-3.807400,0.000166,0.000824,-0.150935,0.681064,0.170648,-2.856658,0.000009,0.000956,-0.150798
112.0800,-0.235543,0.254327,-3.807400,0.000166,0.000824,-0.150941,0.707841,0.167035,-2.872455,0.000092,0.000882,-0.150777
112.1320,-0.235544,0.254327,-3.807400,0.000166,0.000824,-0.150948,0.725666,0.164637,-2.867917,0.000195,0.000721,-0.150942
112.1800,-0.235545,0.254327,-3.807400,0.000166,0.000824,-0.150954,0.752451,0.161021,-2.882658,0.000096,0.000718,-0.150982
112.2300,-0.235546,0.254327,-3.807400,0.000166,0.000824,-0.150961,0.770278,0.158621,-2.879233,0.000153,0.000682,-0.151094
112.2820,-0.235546,0.254327,-3.807400,0.000166,0.000824,-0.150967,0.797061,0.155007,-2.892724,0.000242,0.000900,-0.151019
112.3320,-0.235547,0.254327,-3.807400,0.000166,0.000824,-0.150973,0.814891,0.152606,-2.890270,0.000197,0.000815,-0.150935
112.3800,-0.235548,0.254327,-3.807400,0.000166,0.000824,-0.150979,0.841675,0.148990,-2.902394,0.000055,0.000697,-0.150958
112.4300,-0.235549,0.254327,-3.807400,0.000166,0.000824,-0.150985,0.859505,0.146590,-2.900765,0.000063,0.000737,-0.151086
112.4800,-0.235549,0.254327,-3.807400,0.000166,0.000824,-0.150991,0.567309,0.185720,-2.911458,0.000117,0.000807,-0.151099
112.5300,-0.235550,0.254327,-3.807400,0.000166,0.000824,-0.150997,0.575763,0.184576,-2.910519,0.000327,0.000884,-0.151126
112.5800,-0.235551,0.254327,-3.807400,0.000166,0.000824,-0.151003,0.588452,0.182857,-2.919824,0.000193,0.000817,-0.151059
112.6300,-0.235552,0.254327,-3.807400,0.000166,0.000824,-0.151009,0.596909,0.181713,-2.919454,0.000026,0.000930,-0.150954
112.6800,-0.235552,0.254327,-3.807401,0.000166,0.000824,-0.151015,0.609607,0.179995,-2.927391,-0.000029,0.000708,-0.151051
112.7300,-0.235553,0.254327,-3.807401,0.000166,0.000824,-0.151021,0.618067,0.178850,-2.927475,0.000267,0.000891,-0.151186
112.7800,-0.235554,0.254327,-3.807401,0.000166,0.000824,-0.151026,0.630765,0.177130,-2.934121,0.000052,0.000852,-0.151159
112.8300,-0.235554,0.254327,-3.807401,0.000166,0.000824,-0.151032,0.639226,0.175984,-2.934561,0.000202,0.000779,-0.151136
112.8800,-0.235555,0.254327,-3.807401,0.000166,0.000824,-0.151038,0.651927,0.174263,-2.940010,0.000205,0.000863,-0.151309
112.9320,-0.235556,0.254327,-3.807401,0.000166,0.000824,-0.151043,0.660390,0.173117,-2.940718,0.000232,0.000957,-0.151104
112.9800,-0.235557,0.254327,-3.807401,0.000166,0.000824,-0.151049,0.673092,0.171394,-2.945078,0.000311,0.000750,-0.150927
113.0300,-0.235557,0.254327,-3.807401,0.000166,0.000824,-0.151054,0.681557,0.170249,-2.945979,0.000205,0.000747,-0.151138
113.0820,-0.235558,0.254327,-3.807401,0.000166,0.000824,-0.151059,0.694257,0.168525,-2.949367,0.000297,0.000906,-0.151114
113.1300,-0.235559,0.254327,-3.807401,0.000166,0.000824,-0.151065,0.702723,0.167375,-2.950397,0.000248,0.000930,-0.151138
113.1800,-0.235559,0.254327,-3.807401,0.000166,0.000824,-0.151070,0.715425,0.165648,-2.952931,0.000430,0.000802,-0.151181
113.2300,-0.235560,0.254327,-3.807401,0.000166,0.000824,-0.151075,0.723892,0.164496,-2.954035,0.000088,0.000780,-0.151166
113.2800,-0.235561,0.254327,-3.807401,0.000166,0.000824,-0.151080,0.736592,0.162770,-2.955831,0.000146,0.000987,-0.151276
113.3300,-0.235561,0.254327,-3.807401,0.000166,0.000824,-0.151085,0.745061,0.161618,-2.956968,0.000079,0.000724,-0.150997
113.3800,-0.235562,0.254327,-3.807401,0.000166,0.000824,-0.151090,0.757762,0.159893,-2.958133,0.000175,0.000755,-0.151321
113.4300,-0.235562,0.254327,-3.807401,0.000166,0.000824,-0.151095,0.766229,0.158742,-2.959268,0.000229,0.000776,-0.151086
113.4820,-0.235563,0.254327,-3.807401,0.000166,0.000824,-0.151100,0.094557,-0.077044,-2.959879,0.000074,0.000614,-0.151074
113.5300,-0.235564,0.254327,-3.807401,0.000166,0.000824,-0.151105,0.082549,-0.085193,-2.960984,0.000228,0.000859,-0.151006
113.5800,-0.235564,0.254327,-3.807401,0.000166,0.000824,-0.151110,0.064537,-0.097415,-2.961201,0.000141,0.000667,-0.150977
113.6320,-0.235565,0.254327,-3.807401,0.000166,0.000824,-0.151114,0.052528,-0.105564,-2.962259,0.000217,0.000839,-0.151078
113.6800,-0.235565,0.254327,-3.807401,0.000166,0.000824,-0.151119,0.034513,-0.117789,-2.962133,0.000319,0.000672,-0.151177
113.7300,-0.235566,0.254327,-3.807401,0.000166,0.000824,-0.151124,0.022500,-0.125940,-2.963131,0.000098,0.000676,-0.151158
113.7800,-0.235567,0.254328,-3.807401,0.000166,0.000824,-0.151128,0.004478,-0.138168,-2.962734,0.000309,0.000851,-0.151182
113.8300,-0.235567,0.254328,-3.807401,0.000166,0.000824,-0.151133,-0.007535,-0.146322,-2.963660,0.000127,0.000829,-0.151018
113.8800,-0.235568,0.254328,-3.807401,0.000166,0.000824,-0.151137,-0.025558,-0.158552,-2.963063,0.000230,0.000726,-0.151145
113.9320,-0.235568,0.254328,-3.807401,0.000166,0.000824,-0.151142,-0.037574,-0.166706,-2.963915,0.000300,0.000905,-0.151059
113.9800,-0.235569,0.254328,-3.807402,0.000166,0.000824,-0.151146,-0.055600,-0.178938,-2.963171,0.000154,0.000809,-0.151298
114.0300,-0.235569,0.254328,-3.807402,0.000166,0.000824,-0.151151,-0.067616,-0.187094,-2.963946,0.000266,0.000870,-0.150984
114.0800,-0.235570,0.254328,-3.807402,0.000166,0.000824,-0.151155,-0.085640,-0.199329,-2.963107,0.000240,0.000734,-0.151141
114.1300,-0.235570,0.254328,-3.807402,0.000166,0.000824,-0.151159,-0.097655,-0.207488,-2.963806,0.000213,0.000733,-0.151092
114.1800,-0.235571,0.254328,-3.807402,0.000166,0.000824,-0.151164,-0.115682,-0.219725,-2.962911,0.000147,0.000924,-0.151091
114.2300,-0.235572,0.254328,-3.807402,0.000166,0.000824,-0.151168,-0.127695,-0.227885,-2.963536,0.000223,0.000862,-0.151317
114.2800,-0.235572,0.254328,-3.807402,0.000166,0.000824,-0.151172,-0.145721,-0.240121,-2.962617,0.000108,0.000750,-0.151149
114.3300,-0.235573,0.254328,-3.807402,0.000166,0.000824,-0.151176,-0.157735,-0.248278,-2.963176,0.000146,0.000962,-0.151175
114.3800,-0.235573,0.254328,-3.807402,0.000166,0.000824,-0.151180,-0.175760,-0.260515,-2.962259,0.000110,0.000991,-0.151472
114.4300,-0.235574,0.254328,-3.807402,0.000166,0.000824,-0.151184,-0.187772,-0.268673,-2.962752,0.000223,0.000720,-0.151245
114.4800,-0.235574,0.254328,-3.807402,0.000166,0.000824,-0.151188,-0.027556,0.073182,-2.961863,0.000136,0.000969,-0.151129
114.5300,-0.235575,0.254328,-3.807402,0.000166,0.000824,-0.151192,-0.034230,0.075623,-2.962301,0.000094,0.000886,-0.151114
114.5800,-0.235575,0.254328,-3.807402,0.000166,0.000824,-0.151196,-0.044241,0.079287,-2.961445,0.000199,0.001008,-0.151275
114.6300,-0.235576,0.254328,-3.807402,0.000166,0.000824,-0.151200,-0.050912,0.081731,-2.961832,0.000359,0.000906,-0.151225
114.6800,-0.235576,0.254328,-3.807402,0.000166,0.000824,-0.151204,-0.198588,0.264532,-3.763259,0.000233,0.001012,-0.151099
114.7300,-0.235577,0.254328,-3.807402,0.000166,0.000824,-0.151208,-0.209933,0.273104,-3.803479,0.000011,0.000762,-0.151184
114.7800,-0.235577,0.254328,-3.807402,0.000166,0.000824,-0.151211,-0.226951,0.285964,-3.830519,0.000238,0.000788,-0.151179
114.8320,-0.235577,0.254328,-3.807402,0.000166,0.000824,-0.151215,-0.238295,0.294534,-3.867658,0.000016,0.000710,-0.151205
114.8800,-0.235578,0.254328,-3.807402,0.000166,0.000824,-0.151219,-0.255382,0.307410,-3.867729,0.000013,0.000595,-0.151186
114.9300,-0.235578,0.254328,-3.807402,0.000166,0.000824,-0.151222,-0.266741,0.315984,-3.899469,0.000084,0.000855,-0.151176
114.9800,-0.235579,0.254328,-3.807402,0.000166,0.000824,-0.151226,-0.283927,0.328887,-3.862230,0.000256,0.000719,-0.151143
115.0300,-0.235579,0.254328,-3.807402,0.000166,0.000824,-0.151229,-0.295306,0.337473,-3.886312,0.000089,0.001073,-0.151065
115.0800,-0.235580,0.254328,-3.807402,0.000166,0.000824,-0.151233,-0.312602,0.350428,-3.808922,0.000168,0.000650,-0.151165
115.1300,-0.235580,0.254328,-3.807402,0.000166,0.000824,-0.151236,-0.324005,0.359019,-3.823751,0.000153,0.000935,-0.151127
115.1800,-0.235581,0.254328,-3.807402,0.000166,0.000824,-0.151240,-0.341396,0.371999,-3.713700,0.000152,0.000821,-0.151093
115.2300,-0.235581,0.254328,-3.807402,0.000166,0.000824,-0.151243,-0.352829,0.380601,-3.718778,0.000055,0.000974,-0.151313
115.2820,-0.235582,0.254328,-3.807402,0.000166,0.000824,-0.151247,-0.370297,0.393617,-3.591194,0.000139,0.000737,-0.151370
115.3300,-0.235582,0.254328,-3.807402,0.000166,0.000824,-0.151250,-0.381753,0.402228,-3.587184,0.000149,0.000680,-0.151258
115.3800,-0.235582,0.254328,-3.807402,0.000166,0.000824,-0.151253,-0.399246,0.415252,-3.458575,0.000069,0.000737,-0.151215
115.4320,-0.235583,0.254328,-3.807402,0.000166,0.000824,-0.151257,-0.410724,0.423871,-3.446951,0.000134,0.000888,-0.151370
115.4800,-0.235583,0.254328,-3.807402,0.000166,0.000824,-0.151260,-0.054390,0.553005,-3.329982,0.000115,0.000952,-0.151337
115.5300,-0.235584,0.254328,-3.807402,0.000166,0.000824,-0.151263,-0.045041,0.568100,-3.312570,0.000095,0.001008,-0.151316
115.5800,-0.235584,0.254328,-3.807402,0.000166,0.000824,-0.151266,-0.031115,0.590779,-3.214030,0.000102,0.000729,-0.151327
115.6300,-0.235584,0.254328,-3.807402,0.000166,0.000824,-0.151269,-0.021772,0.605878,-3.192632,0.000129,0.000770,-0.151407
115.6800,-0.235585,0.254328,-3.807402,0.000166,0.000824,-0.151273,-0.007828,0.628550,-3.114724,0.000063,0.000748,-0.151246
115.7300,-0.235585,0.254328,-3.807402,0.000166,0.000824,-0.151276,0.001509,0.643653,-3.090912,0.000289,0.000590,-0.151203
115.7800,-0.235586,0.254328,-3.807403,0.000166,0.000824,-0.151279,0.015473,0.666312,-3.032784,0.000176,0.000701,-0.151041
115.8300,-0.235586,0.254328,-3.807403,0.000167,0.000824,-0.151282,0.024799,0.681412,-3.007836,0.000093,0.000935,-0.151360
115.8800,-0.235586,0.254328,-3.807403,0.000167,0.000824,-0.151285,0.038791,0.704062,-2.967210,0.000406,0.000751,-0.151224
115.9300,-0.235587,0.254328,-3.807403,0.000167,0.000824,-0.151288,0.048118,0.719158,-2.942125,0.000237,0.001013,-0.151399
115.9800,-0.235587,0.254328,-3.807403,0.000167,0.000824,-0.151291,0.062140,0.741789,-2.916260,0.000189,0.000748,-0.151346
116.0300,-0.235587,0.254328,-3.807403,0.000167,0.000824,-0.151293,0.071470,0.756884,-2.891790,0.000147,0.000783,-0.151285
116.0800,-0.235588,0.254328,-3.807403,0.000167,0.000824,-0.151296,0.085511,0.779511,-2.878010,0.000160,0.000694,-0.151142
116.1320,-0.235588,0.254328,-3.807403,0.000167,0.000824,-0.151299,0.094840,0.794611,-2.854708,0.000050,0.000673,-0.151450
116.1800,-0.235588,0.254328,-3.807403,0.000167,0.000824,-0.151302,0.108897,0.817237,-2.850595,0.000124,0.000808,-0.151265
116.2300,-0.235589,0.254328,-3.807403,0.000167,0.000824,-0.151305,0.118230,0.832337,-2.828850,0.000032,0.000762,-0.151129
116.2800,-0.235589,0.254328,-3.807403,0.000167,0.000824,-0.151307,0.132311,0.854958,-2.832303,0.000398,0.000845,-0.151392
116.3300,-0.235590,0.254328,-3.807403,0.000167,0.000824,-0.151310,0.141650,0.870052,-2.812373,0.000250,0.000837,-0.151460
116.3800,-0.235590,0.254328,-3.807403,0.000167,0.000824,-0.151313,0.155759,0.892651,-2.821593,0.000165,0.000949,-0.151155
116.4300,-0.235590,0.254328,-3.807403,0.000167,0.000824,-0.151316,0.165104,0.907743,-2.803638,0.000199,0.000910,-0.151259
116.4800,-0.235591,0.254328,-3.807403,0.000167,0.000824,-0.151318,-0.669877,-0.015259,-2.817067,0.000102,0.000890,-0.151318
116.5300,-0.235591,0.254328,-3.807403,0.000167,0.000824,-0.151321,-0.686784,-0.029411,-2.801150,0.000221,0.000856,-0.151251
116.5800,-0.235591,0.254328,-3.807403,0.000167,0.000824,-0.151323,-0.712118,-0.050655,-2.817542,0.000099,0.000926,-0.151189
116.6300,-0.235592,0.254328,-3.807403,0.000167,0.000824,-0.151326,-0.729020,-0.064812,-2.803666,0.000122,0.000745,-0.151476
116.6820,-0.235592,0.254328,-3.807403,0.000167,0.000824,-0.151329,-0.754341,-0.086055,-2.821891,0.000195,0.000719,-0.151355
116.7300,-0.235592,0.254328,-3.807403,0.000167,0.000824,-0.151331,-0.771244,-0.100210,-2.810003,0.000249,0.000919,-0.151386
116.7800,-0.235592,0.254328,-3.807403,0.000167,0.000824,-0.151333,-0.796557,-0.121458,-2.829148,0.000349,0.000909,-0.151236
116.8300,-0.235593,0.254328,-3.807403,0.000167,0.000824,-0.151336,-0.813455,-0.135617,-2.819148,0.000217,0.000796,-0.151214
116.8800,-0.235593,0.254328,-3.807403,0.000167,0.000824,-0.151338,-0.838753,-0.156876,-2.838466,0.000039,0.000804,-0.151541
116.9320,-0.235593,0.254328,-3.807403,0.000167,0.000824,-0.151341,-0.855647,-0.171033,-2.830218,0.000245,0.000850,-0.151338
116.9800,-0.235594,0.254328,-3.807403,0.000167,0.000824,-0.151343,-0.880937,-0.192290,-2.849121,0.000192,0.000596,-0.151388
117.0300,-0.235594,0.254328,-3.807403,0.000167,0.000824,-0.151346,-0.897831,-0.206449,-2.842483,0.000056,0.000804,-0.151432
117.0820,-0.235594,0.254328,-3.807403,0.000167,0.000824,-0.151348,-0.923119,-0.227716,-2.860514,0.000288,0.000864,-0.151276
117.1300,-0.235595,0.254328,-3.807403,0.000167,0.000824,-0.151350,-0.940008,-0.241882,-2.855314,0.000166,0.000827,-0.151432
117.1800,-0.235595,0.254328,-3.807403,0.000167,0.000824,-0.151352,-0.965292,-0.263151,-2.872140,0.000223,0.000860,-0.151025
117.2300,-0.235595,0.254328,-3.807403,0.000167,0.000824,-0.151355,-0.982177,-0.277320,-2.868213,0.000099,0.000598,-0.151420
117.2800,-0.235595,0.254328,-3.807403,0.000167,0.000824,-0.151357,-1.007466,-0.298589,-2.883617,0.000024,0.000691,-0.151319
117.3300,-0.235596,0.254328,-3.807403,0.000167,0.000824,-0.151359,-1.024354,-0.312756,-2.880792,0.000200,0.000869,-0.151457
117.3820,-0.235596,0.254328,-3.807403,0.000167,0.000824,-0.151361,-1.049645,-0.334023,-2.894639,0.000112,0.000675,-0.151388
117.4300,-0.235596,0.254328,-3.807403,0.000167,0.000824,-0.151363,-1.066531,-0.348192,-2.892755,0.000156,0.000728,-0.151308
117.4800,-0.235597,0.254328,-3.807403,0.000167,0.000824,-0.151366,-0.609667,-0.101542,-2.905008,0.000243,0.000868,-0.151411
117.5300,-0.235597,0.254328,-3.807403,0.000167,0.000824,-0.151368,-0.612374,-0.107837,-2.903914,0.000172,0.000653,-0.151307
117.5800,-0.235597,0.254328,-3.807403,0.000167,0.000824,-0.151370,-0.616427,-0.117281,-2.914538,0.000049,0.000747,-0.151484
117.6300,-0.235597,0.254328,-3.807403,0.000167,0.000824,-0.151372,-0.619135,-0.123575,-2.914090,0.000249,0.000820,-0.151265
117.6800,-0.235598,0.254328,-3.807403,0.000167,0.000824,-0.151374,-0.623185,-0.133021,-2.923156,0.000307,0.000981,-0.151299
117.7300,-0.235598,0.254328,-3.807403,0.000167,0.000824,-0.151376,-0.625890,-0.139317,-2.923228,0.000073,0.000728,-0.151397
117.7800,-0.235598,0.254328,-3.807403,0.000167,0.000824,-0.151378,-0.629940,-0.148765,-2.930822,0.000230,0.000864,-0.151341
117.8300,-0.235598,0.254328,-3.807403,0.000167,0.000824,-0.151380,-0.632645,-0.155062,-2.931297,0.000140,0.000861,-0.151354
117.8820,-0.235599,0.254328,-3.807403,0.000167,0.000824,-0.151382,-0.636693,-0.164509,-2.937528,0.000255,0.000963,-0.151340
117.9300,-0.235599,0.254328,-3.807403,0.000167,0.000824,-0.151384,-0.639396,-0.170805,-2.938308,0.000290,0.001038,-0.151487
117.9820,-0.235599,0.254328,-3.807403,0.000167,0.000824,-0.151386,-0.643442,-0.180257,-2.943301,0.000159,0.000786,-0.151394
118.0300,-0.235599,0.254328,-3.807403,0.000167,0.000824,-0.151388,-0.646144,-0.186558,-2.944300,-0.000069,0.000946,-0.151228
118.0800,-0.235600,0.254328,-3.807403,0.000167,0.000824,-0.151390,-0.650189,-0.196009,-2.948184,0.000193,0.000647,-0.151290
118.1300,-0.235600,0.254328,-3.807403,0.000167,0.000824,-0.151392,-0.652889,-0.202309,-2.949330,0.000213,0.000753,-0.151409
118.1800,-0.235600,0.254328,-3.807403,0.000167,0.000824,-0.151393,-0.656938,-0.211761,-2.952242,0.000194,0.000873,-0.151368
118.2300,-0.235600,0.254328,-3.807403,0.000167,0.000824,-0.151395,-0.659638,-0.218062,-2.953473,0.000227,0.000814,-0.151288
118.2800,-0.235601,0.254328,-3.807403,0.000167,0.000824,-0.151397,-0.663690,-0.227517,-2.955543,0.000150,0.000856,-0.151356
118.3300,-0.235601,0.254328,-3.807403,0.000167,0.000824,-0.151399,-0.666391,-0.233819,-2.956811,0.000080,0.000952,-0.151427
118.3800,-0.235601,0.254328,-3.807403,0.000167,0.000824,-0.151401,-0.670443,-0.243272,-2.958164,0.000259,0.000971,-0.151352
118.4320,-0.235601,0.254328,-3.807403,0.000167,0.000824,-0.151402,-0.673140,-0.249574,-2.959430,0.000045,0.000867,-0.151313
118.4800,-0.235601,0.254328,-3.807403,0.000167,0.000824,-0.151404,0.333338,-0.282860,-2.960249,0.000117,0.000791,-0.151390
118.5300,-0.235602,0.254328,-3.807403,0.000167,0.000824,-0.151406,0.360886,-0.289873,-2.961488,0.000108,0.000869,-0.151219
118.5800,-0.235602,0.254328,-3.807403,0.000167,0.000824,-0.151408,0.402207,-0.300394,-2.961745,0.000280,0.000725,-0.151297
118.6300,-0.235602,0.254328,-3.807403,0.000167,0.000824,-0.151409,0.429755,-0.307408,-2.962924,0.000292,0.000953,-0.151455
118.6800,-0.235602,0.254328,-3.807404,0.000167,0.000824,-0.151411,0.471074,-0.317932,-2.962791,0.000048,0.000811,-0.151393
118.7300,-0.235602,0.254328,-3.807404,0.000167,0.000824,-0.151413,0.498620,-0.324948,-2.963899,0.000248,0.000820,-0.151430
118.7800,-0.235603,0.254328,-3.807404,0.000167,0.000824,-0.151414,0.539936,-0.335470,-2.963460,0.000175,0.000804,-0.151468
118.8300,-0.235603,0.254328,-3.807404,0.000167,0.000824,-0.151416,0.567479,-0.342489,-2.964490,0.000201,0.000835,-0.151374
118.8800,-0.235603,0.254328,-3.807404,0.000167,0.000824,-0.151418,0.608795,-0.353008,-2.963826,0.000201,0.000815,-0.151381
118.9320,-0.235603,0.254328,-3.807404,0.000167,0.000824,-0.151419,0.636340,-0.360026,-2.964772,0.000087,0.000800,-0.151473
118.9800,-0.235603,0.254328,-3.807404,0.000167,0.000824,-0.151421,0.677655,-0.370549,-2.963941,0.000082,0.000902,-0.151372
119.0300,-0.235604,0.254328,-3.807404,0.000167,0.000824,-0.151422,0.705202,-0.377564,-2.964798,0.000055,0.000941,-0.151495
119.0800,-0.235604,0.254328,-3.807404,0.000167,0.000824,-0.151424,0.746519,-0.388082,-2.963859,0.000192,0.000726,-0.151316
119.1300,-0.235604,0.254328,-3.807404,0.000167,0.000824,-0.151425,0.774065,-0.395094,-2.964627,0.000168,0.000933,-0.151264
119.1800,-0.235604,0.254328,-3.807404,0.000167,0.000824,-0.151427,0.815381,-0.405609,-2.963629,0.000026,0.000799,-0.151490
119.2300,-0.235604,0.254328,-3.807404,0.000167,0.000824,-0.151428,0.842928,-0.412623,-2.964315,0.000265,0.000713,-0.151407
119.2800,-0.235605,0.254328,-3.807404,0.000167,0.000824,-0.151430,0.884241,-0.423145,-2.963289,0.000279,0.000772,-0.151431
119.3300,-0.235605,0.254328,-3.807404,0.000167,0.000824,-0.151431,0.911788,-0.430155,-2.963895,0.000113,0.000847,-0.151397
119.3820,-0.235605,0.254328,-3.807404,0.000167,0.000824,-0.151433,0.953102,-0.440668,-2.962872,0.000086,0.000846,-0.151371
119.4300,-0.235605,0.254328,-3.807404,0.000167,0.000824,-0.151434,0.980647,-0.447680,-2.963410,0.000190,0.000867,-0.151536
119.4800,-0.235605,0.254328,-3.807404,0.000167,0.000824,-0.151436,-0.293336,0.274417,-2.962331,0.000154,0.001100,-0.151481
119.5300,-0.235606,0.254329,-3.807404,0.000167,0.000824,-0.151437,-0.305143,0.289326,-2.962792,0.000221,0.000707,-0.151366
119.5800,-0.235606,0.254329,-3.807404,0.000167,0.000824,-0.151438,-0.322856,0.311687,-2.961853,0.000041,0.000724,-0.151435
119.6300,-0.235606,0.254329,-3.807404,0.000167,0.000824,-0.151440,-0.334664,0.326594,-2.962261,0.000038,0.000777,-0.151266
119.6800,-0.235606,0.254329,-3.807404,0.000167,0.000824,-0.151441,-0.179807,0.311246,-3.711235,0.000161,0.000855,-0.151469
119.7320,-0.235606,0.254329,-3.807404,0.000167,0.000824,-0.151442,-0.185635,0.324838,-3.748871,0.000058,0.000775,-0.151557
119.7800,-0.235606,0.254329,-3.807404,0.000167,0.000824,-0.151444,-0.194397,0.345237,-3.774175,-0.000054,0.000810,-0.151557
119.8300,-0.235607,0.254329,-3.807404,0.000167,0.000824,-0.151445,-0.200231,0.358834,-3.808926,0.000399,0.000941,-0.151293
119.8800,-0.235607,0.254329,-3.807404,0.000167,0.000824,-0.151446,-0.209051,0.379257,-3.809001,0.000162,0.000721,-0.151452
119.9300,-0.235607,0.254329,-3.807404,0.000167,0.000824,-0.151448,-0.214897,0.392858,-3.838702,0.000224,0.000937,-0.151438
119.9820,-0.235607,0.254329,-3.807404,0.000167,0.000824,-0.151449,-0.223801,0.413303,-3.803877,0.000283,0.000801,-0.151398
120.0300,-0.235607,0.254329,-3.807404,0.000167,0.000824,-0.151450,-0.229671,0.426913,-3.826415,0.000388,0.000921,-0.151628
120.0800,-0.235607,0.254329,-3.807404,0.000167,0.000824,-0.151452,-0.238683,0.447407,-3.754026,0.000020,0.000826,-0.151550
120.1300,-0.235608,0.254329,-3.807404,0.000167,0.000824,-0.151453,-0.244571,0.461023,-3.767908,0.000169,0.000572,-0.151387
120.1800,-0.235608,0.254329,-3.807404,0.000167,0.000824,-0.151454,-0.253675,0.481557,-3.664959,0.000078,0.000655,-0.151453
120.2300,-0.235608,0.254329,-3.807404,0.000167,0.000824,-0.151455,-0.259591,0.495182,-3.669725,0.000182,0.000751,-0.151361
120.2800,-0.235608,0.254329,-3.807404,0.000167,0.000824,-0.151456,-0.268753,0.515730,-3.550371,0.000269,0.000990,-0.151478
120.3320,-0.235608,0.254329,-3.807404,0.000167,0.000824,-0.151458,-0.274693,0.529364,-3.546629,0.000094,0.000815,-0.151443
120.3800,-0.235608,0.254329,-3.807404,0.000167,0.000824,-0.151459,-0.283892,0.549930,-3.426306,0.000055,0.000837,-0.151482
120.4320,-0.235608,0.254329,-3.807404,0.000167,0.000824,-0.151460,-0.289849,0.563572,-3.415444,0.000202,0.000713,-0.151492
120.4800,-0.235609,0.254329,-3.807404,0.000167,0.000824,-0.151461,-0.458795,0.506700,-3.305928,0.000256,0.000921,-0.151583
120.5320,-0.235609,0.254329,-3.807404,0.000167,0.000824,-0.151462,-0.473671,0.516028,-3.289644,0.000222,0.000754,-0.151664
120.5820,-0.235609,0.254329,-3.807404,0.000167,0.000824,-0.151463,-0.496080,0.530060,-3.197457,0.000286,0.000809,-0.151470
120.6300,-0.235609,0.254329,-3.807404,0.000167,0.000824,-0.151464,-0.510966,0.539388,-3.177446,0.000164,0.000978,-0.151515
120.6820,-0.235609,0.254329,-3.807404,0.000167,0.000824,-0.151466,-0.533353,0.553408,-3.104560,0.000111,0.000839,-0.151559
120.7300,-0.235609,0.254329,-3.807404,0.000167,0.000824,-0.151467,-0.548240,0.562739,-3.082291,0.000176,0.000784,-0.151506
120.7800,-0.235609,0.254329,-3.807404,0.000167,0.000824,-0.151468,-0.570606,0.576745,-3.027911,0.000152,0.001105,-0.151306
120.8300,-0.235610,0.254329,-3.807404,0.000167,0.000824,-0.151469,-0.585490,0.586076,-3.004582,0.000187,0.000814,-0.151496
120.8800,-0.235610,0.254329,-3.807404,0.000167,0.000824,-0.151470,-0.607827,0.600069,-2.966571,0.000277,0.000823,-0.151303
120.9300,-0.235610,0.254329,-3.807404,0.000167,0.000824,-0.151471,-0.622717,0.609393,-2.943116,0.000203,0.000727,-0.151479
120.9800,-0.235610,0.254329,-3.807404,0.000167,0.000824,-0.151472,-0.645031,0.623370,-2.918914,0.000045,0.000910,-0.151354
121.0300,-0.235610,0.254329,-3.807404,0.000167,0.000824,-0.151473,-0.659917,0.632696,-2.896034,0.000237,0.000905,-0.151541
121.0800,-0.235610,0.254329,-3.807404,0.000167,0.000824,-0.151474,-0.682195,0.646667,-2.883134,0.000158,0.000683,-0.151372
121.1300,-0.235610,0.254329,-3.807404,0.000167,0.000824,-0.151475,-0.697080,0.655990,-2.861347,0.000266,0.000961,-0.151263
121.1800,-0.235611,0.254329,-3.807404,0.000167,0.000824,-0.151476,-0.719340,0.669945,-2.857492,0.000325,0.000809,-0.151358
121.2300,-0.235611,0.254329,-3.807404,0.000167,0.000824,-0.151477,-0.734222,0.679262,-2.837161,0.000222,0.000889,-0.151364
121.2800,-0.235611,0.254329,-3.807404,0.000167,0.000824,-0.151478,-0.756464,0.693202,-2.840385,0.000208,0.000883,-0.151460
121.3300,-0.235611,0.254329,-3.807404,0.000167,0.000824,-0.151479,-0.771339,0.702521,-2.821755,0.000117,0.000767,-0.151596
121.3800,-0.235611,0.254329,-3.807404,0.000167,0.000824,-0.151480,-0.793554,0.716466,-2.830373,0.000051,0.000770,-0.151475
121.4300,-0.235611,0.254329,-3.807404,0.000167,0.000824,-0.151481,-0.808423,0.725786,-2.813589,0.000264,0.000654,-0.151607
121.4800,-0.235611,0.254329,-3.807404,0.000167,0.000824,-0.151482,-0.637947,0.496598,-2.826182,0.000059,0.000632,-0.151556
121.5320,-0.235611,0.254329,-3.807404,0.000167,0.000824,-0.151483,-0.646858,0.498398,-2.811310,0.000199,0.000751,-0.151613
121.5820,-0.235611,0.254329,-3.807404,0.000167,0.000824,-0.151484,-0.660201,0.501088,-2.826629,0.000106,0.000777,-0.151471
121.6300,-0.235612,0.254329,-3.807404,0.000167,0.000824,-0.151485,-0.669108,0.502885,-2.813665,0.000378,0.001073,-0.151561
121.6800,-0.235612,0.254329,-3.807404,0.000167,0.000824,-0.151485,-0.682430,0.505571,-2.830696,0.000039,0.000825,-0.151456
121.7300,-0.235612,0.254329,-3.807404,0.000167,0.000824,-0.151486,-0.691329,0.507368,-2.819589,0.000338,0.000645,-0.151420
121.7800,-0.235612,0.254329,-3.807404,0.000167,0.000824,-0.151487,-0.704641,0.510047,-2.837484,0.000181,0.000782,-0.151425
121.8320,-0.235612,0.254329,-3.807404,0.000167,0.000824,-0.151488,-0.713539,0.511842,-2.828142,-0.000071,0.000766,-0.151443
121.8800,-0.235612,0.254329,-3.807404,0.000167,0.000824,-0.151489,-0.726844,0.514523,-2.846200,0.000048,0.000902,-0.151504
121.9300,-0.235612,0.254329,-3.807404,0.000167,0.000824,-0.151490,-0.735738,0.516319,-2.838501,0.000053,0.000896,-0.151435
121.9800,-0.235612,0.254329,-3.807404,0.000167,0.000824,-0.151491,-0.749030,0.519002,-2.856166,0.000054,0.000693,-0.151403
122.0300,-0.235612,0.254329,-3.807404,0.000167,0.000824,-0.151492,-0.757921,0.520798,-2.849970,0.000379,0.000972,-0.151337
122.0800,-0.235613,0.254329,-3.807404,0.000167,0.000824,-0.151492,-0.771205,0.523475,-2.866818,0.000144,0.000798,-0.151350
122.1300,-0.235613,0.254329,-3.807404,0.000167,0.000824,-0.151493,-0.780090,0.525269,-2.861968,0.000115,0.000925,-0.151408
122.1800,-0.235613,0.254329,-3.807404,0.000167,0.000824,-0.151494,-0.793367,0.527942,-2.877694,0.000343,0.000859,-0.151574
122.2300,-0.235613,0.254329,-3.807404,0.000167,0.000824,-0.151495,-0.802249,0.529733,-2.874033,0.000230,0.000748,-0.151291
122.2820,-0.235613,0.254329,-3.807404,0.000167,0.000824,-0.151496,-0.815524,0.532401,-2.888427,0.000125,0.000719,-0.151370
122.3300,-0.235613,0.254329,-3.807404,0.000167,0.000824,-0.151496,-0.824403,0.534191,-2.885798,0.000368,0.000815,-0.151584
122.3800,-0.235613,0.254329,-3.807404,0.000167,0.000824,-0.151497,-0.837679,0.536852,-2.898736,0.000055,0.000816,-0.151504
122.4320,-0.235613,0.254329,-3.807404,0.000167,0.000824,-0.151498,-0.846555,0.538638,-2.896987,0.000137,0.000865,-0.151560
122.4800,-0.235613,0.254329,-3.807404,0.000167,0.000824,-0.151499,-0.643778,0.459481,-2.908432,-0.000035,0.000815,-0.151465
122.5300,-0.235613,0.254329,-3.807404,0.000167,0.000824,-0.151499,-0.646305,0.458863,-2.907421,0.000180,0.000793,-0.151379
122.5800,-0.235614,0.254329,-3.807404,0.000167,0.000824,-0.151500,-0.650090,0.457934,-2.917346,0.000203,0.000734,-0.151574
122.6300,-0.235614,0.254329,-3.807404,0.000167,0.000824,-0.151501,-0.652618,0.457317,-2.916940,0.000165,0.000822,-0.151375
122.6800,-0.235614,0.254329,-3.807404,0.000167,0.000824,-0.151502,-0.656405,0.456390,-2.925408,0.000164,0.000918,-0.151375
122.7300,-0.235614,0.254329,-3.807404,0.000167,0.000824,-0.151502,-0.658934,0.455774,-2.925487,0.000094,0.000773,-0.151428
122.7800,-0.235614,0.254329,-3.807404,0.000167,0.000824,-0.151503,-0.662719,0.454847,-2.932578,0.000150,0.000831,-0.151505
122.8320,-0.235614,0.254329,-3.807404,0.000167,0.000824,-0.151504,-0.665246,0.454230,-2.933036,0.000167,0.000709,-0.151212
122.8800,-0.235614,0.254329,-3.807404,0.000167,0.000824,-0.151505,-0.669031,0.453300,-2.938852,0.000101,0.000846,-0.151467
122.9300,-0.235614,0.254329,-3.807404,0.000167,0.000824,-0.151505,-0.671559,0.452682,-2.939594,0.000186,0.000835,-0.151384
122.9800,-0.235614,0.254329,-3.807404,0.000167,0.000824,-0.151506,-0.675345,0.451752,-2.944251,0.000162,0.000791,-0.151509
123.0300,-0.235614,0.254329,-3.807404,0.000167,0.000824,-0.151507,-0.677872,0.451133,-2.945199,0.000338,0.000715,-0.151673
123.0800,-0.235614,0.254329,-3.807404,0.000167,0.000824,-0.151507,-0.681660,0.450202,-2.948820,0.000174,0.000762,-0.151626
123.1300,-0.235615,0.254329,-3.807404,0.000167,0.000824,-0.151508,-0.684189,0.449581,-2.949904,0.000198,0.000827,-0.151452
123.1800,-0.235615,0.254329,-3.807404,0.000167,0.000824,-0.151509,-0.687981,0.448645,-2.952615,0.000241,0.000735,-0.151441
123.2300,-0.235615,0.254329,-3.807404,0.000167,0.000824,-0.151509,-0.690510,0.448020,-2.953780,0.000141,0.000825,-0.151700
123.2800,-0.235615,0.254329,-3.807404,0.000167,0.000824,-0.151510,-0.694305,0.447085,-2.955703,0.000279,0.000638,-0.151697
123.3300,-0.235615,0.254329,-3.807404,0.000167,0.000824,-0.151511,-0.696836,0.446462,-2.956902,0.000055,0.000959,-0.151434
123.3800,-0.235615,0.254329,-3.807404,0.000167,0.000824,-0.151511,-0.700635,0.445528,-2.958156,0.000090,0.000834,-0.151593
123.4300,-0.235615,0.254329,-3.807404,0.000167,0.000824,-0.151512,-0.703168,0.444906,-2.959353,0.000120,0.000744,-0.151454
123.4800,-0.235615,0.254329,-3.807404,0.000167,0.000824,-0.151512,-0.614050,0.440877,-2.960052,0.000014,0.000730,-0.151685
123.5300,-0.235615,0.254329,-3.807404,0.000167,0.000824,-0.151513,-0.613807,0.440163,-2.961220,0.000284,0.000736,-0.151570
123.5800,-0.235615,0.254329,-3.807404,0.000167,0.000824,-0.151514,-0.613446,0.439091,-2.961455,0.000072,0.000791,-0.151632
123.6300,-0.235615,0.254329,-3.807404,0.000167,0.000824,-0.151514,-0.613206,0.438376,-2.962572,0.000183,0.000815,-0.151520
123.6800,-0.235615,0.254329,-3.807404,0.000167,0.000824,-0.151515,-0.612848,0.437304,-2.962441,0.000234,0.000830,-0.151443
123.7300,-0.235616,0.254329,-3.807404,0.000167,0.000824,-0.151515,-0.612609,0.436588,-2.963492,0.000162,0.000818,-0.151625
123.7800,-0.235616,0.254329,-3.807404,0.000167,0.000824,-0.151516,-0.612254,0.435517,-2.963076,0.000220,0.000803,-0.151453
123.8300,-0.235616,0.254329,-3.807404,0.000167,0.000824,-0.151517,-0.612016,0.434800,-2.964051,-0.000069,0.000920,-0.151433
123.8800,-0.235616,0.254329,-3.807404,0.000167,0.000824,-0.151517,-0.611663,0.433728,-2.963421,0.000147,0.000987,-0.151600
123.9300,-0.235616,0.254329,-3.807404,0.000167,0.000824,-0.151518,-0.611423,0.433014,-2.964316,0.000164,0.000641,-0.151633
123.9800,-0.235616,0.254329,-3.807404,0.000167,0.000824,-0.151518,-0.611069,0.431947,-2.963533,0.000279,0.000738,-0.151510
124.0300,-0.235616,0.254329,-3.807404,0.000167,0.000824,-0.151519,-0.610831,0.431237,-2.964346,0.000223,0.000877,-0.151484
124.0800,-0.235616,0.254329,-3.807404,0.000167,0.000824,-0.151519,-0.610477,0.430173,-2.963461,0.000234,0.000737,-0.151532
124.1300,-0.235616,0.254329,-3.807404,0.000167,0.000824,-0.151520,-0.610238,0.429463,-2.964193,0.000108,0.000787,-0.151370
124.1800,-0.235616,0.254329,-3.807404,0.000167,0.000824,-0.151520,-0.609884,0.428397,-2.963249,0.000209,0.000751,-0.151301
124.2300,-0.235616,0.254329,-3.807404,0.000167,0.000824,-0.151521,-0.609646,0.427685,-2.963903,0.000314,0.000843,-0.151469
124.2800,-0.235616,0.254329,-3.807404,0.000167,0.000824,-0.151521,-0.609294,0.426616,-2.962935,0.000315,0.000887,-0.151410
124.3300,-0.235616,0.254329,-3.807404,0.000167,0.000824,-0.151522,-0.609056,0.425903,-2.963517,0.000243,0.000779,-0.151521
124.3800,-0.235616,0.254329,-3.807404,0.000167,0.000824,-0.151523,-0.608705,0.424833,-2.962551,0.000036,0.000568,-0.151687
124.4320,-0.235617,0.254329,-3.807404,0.000167,0.000824,-0.151523,-0.608470,0.424119,-2.963065,0.000157,0.000964,-0.151490
124.4800,-0.235617,0.254329,-3.807404,0.000167,0.000824,-0.151524,-0.595375,0.437013,-2.962125,0.000337,0.000603,-0.151565
124.5300,-0.235617,0.254329,-3.807404,0.000167,0.000824,-0.151524,-0.594760,0.436716,-2.962578,0.000163,0.000789,-0.151554
124.5820,-0.235617,0.254329,-3.807404,0.000167,0.000824,-0.151525,-0.593840,0.436270,-2.961677,0.000255,0.000717,-0.151649
124.6300,-0.235617,0.254329,-3.807404,0.000167,0.000824,-0.151525,-0.593225,0.435972,-2.962076,0.000254,0.000974,-0.151351
124.6800,-0.235617,0.254329,-3.807404,0.000167,0.000824,-0.151526,-0.224464,0.293359,-3.840375,0.000080,0.000835,-0.151543
124.7320,-0.235617,0.254329,-3.807404,0.000167,0.000824,-0.151526,-0.211157,0.288154,-3.884433,0.000199,0.000673,-0.151399
124.7800,-0.235617,0.254329,-3.807404,0.000167,0.000824,-0.151526,-0.191210,0.280362,-3.914039,0.000259,0.000960,-0.151700
124.8300,-0.235617,0.254329,-3.807404,0.000167,0.000824,-0.151527,-0.177914,0.275163,-3.954717,0.000265,0.000756,-0.151430
124.8800,-0.235617,0.254329,-3.807404,0.000167,0.000824,-0.151527,-0.158035,0.267387,-3.954780,0.000190,0.000939,-0.151447
124.9300,-0.235617,0.254329,-3.807404,0.000167,0.000824,-0.151528,-0.144752,0.262189,-3.989539,0.000053,0.000890,-0.151428
124.9800,-0.235617,0.254329,-3.807404,0.000167,0.000824,-0.151528,-0.124985,0.254448,-3.948732,0.000260,0.000566,-0.151481
125.0300,-0.235617,0.254329,-3.807404,0.000167,0.000824,-0.151529,-0.111717,0.249262,-3.975099,0.000068,0.000786,-0.151532
125.0820,-0.235617,0.254329,-3.807404,0.000167,0.000824,-0.151529,-0.092066,0.241566,-3.890310,0.000117,0.000783,-0.151402
125.1300,-0.235617,0.254329,-3.807404,0.000167,0.000824,-0.151530,-0.078832,0.236389,-3.906539,-0.000022,0.000909,-0.151464
125.1800,-0.235617,0.254329,-3.807404,0.000167,0.000824,-0.151530,-0.059303,0.228726,-3.785972,0.000170,0.001018,-0.151444
125.2300,-0.235617,0.254329,-3.807404,0.000167,0.000824,-0.151531,-0.046096,0.223562,-3.791523,-0.000048,0.000799,-0.151533
125.2800,-0.235618,0.254329,-3.807404,0.000167,0.000824,-0.151531,-0.026656,0.215922,-3.651755,0.000146,0.000847,-0.151433
125.3300,-0.235618,0.254329,-3.807404,0.000167,0.000824,-0.151531,-0.013476,0.210766,-3.647346,0.000188,0.000875,-0.151753
125.3800,-0.235618,0.254329,-3.807404,0.000167,0.000824,-0.151532,0.005930,0.203143,-3.506458,0.000099,0.000987,-0.151426
125.4300,-0.235618,0.254329,-3.807404,0.000167,0.000824,-0.151532,0.019087,0.197996,-3.493706,0.000137,0.000850,-0.151572
125.4800,-0.235618,0.254329,-3.807404,0.000167,0.000824,-0.151533,-0.303597,0.325832,-3.365433,0.000226,0.000783,-0.151485
125.5300,-0.235618,0.254329,-3.807404,0.000167,0.000824,-0.151533,-0.309534,0.328240,-3.346333,0.000131,0.000923,-0.151404
125.5800,-0.235618,0.254329,-3.807404,0.000167,0.000824,-0.151533,-0.318547,0.331891,-3.238408,0.000119,0.000858,-0.151495
125.6300,-0.235618,0.254329,-3.807404,0.000167,0.000824,-0.151534,-0.324491,0.334301,-3.214940,0.000147,0.000851,-0.151696
125.6800,-0.235618,0.254329,-3.807404,0.000167,0.000824,-0.151534,-0.333477,0.337946,-3.129622,0.000166,0.000712,-0.151434
125.7300,-0.235618,0.254329,-3.807404,0.000167,0.000824,-0.151535,-0.339427,0.340361,-3.103511,0.000104,0.001012,-0.151627
125.7800,-0.235618,0.254329,-3.807404,0.000167,0.000824,-0.151535,-0.348384,0.343997,-3.039865,0.000183,0.000967,-0.151507
125.8300,-0.235618,0.254329,-3.807404,0.000167,0.000824,-0.151535,-0.354330,0.346410,-3.012512,0.000104,0.000807,-0.151366
125.8800,-0.235618,0.254329,-3.807404,0.000167,0.000824,-0.151536,-0.363260,0.350033,-2.968035,0.000141,0.000680,-0.151655
125.9300,-0.235618,0.254329,-3.807404,0.000167,0.000824,-0.151536,-0.369214,0.352449,-2.940535,0.000253,0.000881,-0.151561
125.9800,-0.235618,0.254329,-3.807404,0.000167,0.000824,-0.151536,-0.378114,0.356061,-2.912227,0.000126,0.000804,-0.151499
126.0300,-0.235618,0.254329,-3.807404,0.000167,0.000824,-0.151537,-0.384060,0.358478,-2.885399,0.000178,0.000767,-0.151549
126.0800,-0.235618,0.254329,-3.807404,0.000167,0.000824,-0.151537,-0.392940,0.362082,-2.870329,0.000186,0.000737,-0.151488
126.1300,-0.235618,0.254329,-3.807404,0.000167,0.000824,-0.151538,-0.398891,0.364497,-2.844780,-0.000021,0.000778,-0.151508
126.1800,-0.235618,0.254329,-3.807404,0.000167,0.000824,-0.151538,-0.407752,0.368096,-2.840300,0.000035,0.000805,-0.151563
126.2300,-0.235618,0.254329,-3.807404,0.000167,0.000824,-0.151538,-0.413698,0.370511,-2.816456,0.000268,0.000705,-0.151543
126.2800,-0.235619,0.254329,-3.807404,0.000167,0.000824,-0.151539,-0.422531,0.374088,-2.820265,0.000302,0.000675,-0.151661
126.3300,-0.235619,0.254329,-3.807404,0.000167,0.000824,-0.151539,-0.428477,0.376497,-2.798413,0.000108,0.000758,-0.151488
126.3800,-0.235619,0.254329,-3.807404,0.000167,0.000824,-0.151539,-0.437289,0.380076,-2.808539,0.000157,0.000867,-0.151479
126.4320,-0.235619,0.254329,-3.807404,0.000167,0.000824,-0.151540,-0.443225,0.382485,-2.788848,0.000236,0.000931,-0.151458
126.4800,-0.235619,0.254329,-3.807404,0.000167,0.000824,-0.151540,-0.566920,0.430369,-2.803605,0.000196,0.000785,-0.151604
126.5300,-0.235619,0.254329,-3.807404,0.000167,0.000824,-0.151540,-0.576404,0.434147,-2.786150,0.000117,0.000781,-0.151516
126.5820,-0.235619,0.254329,-3.807404,0.000167,0.000824,-0.151541,-0.590602,0.439803,-2.804127,0.000113,0.000745,-0.151730
126.6300,-0.235619,0.254329,-3.807404,0.000167,0.000824,-0.151541,-0.600083,0.443580,-2.788909,0.000248,0.000768,-0.151369
126.6820,-0.235619,0.254329,-3.807404,0.000167,0.000824,-0.151541,-0.614266,0.449226,-2.808893,0.000348,0.000731,-0.151615
126.7300,-0.235619,0.254329,-3.807404,0.000167,0.000824,-0.151542,-0.623744,0.452995,-2.795851,0.000221,0.000614,-0.151291
126.7800,-0.235619,0.254329,-3.807404,0.000167,0.000824,-0.151542,-0.637916,0.458630,-2.816843,0.000136,0.000927,-0.151617
126.8300,-0.235619,0.254329,-3.807404,0.000167,0.000824,-0.151542,-0.647387,0.462399,-2.805867,0.000204,0.000646,-0.151414
126.8800,-0.235619,0.254329,-3.807404,0.000167,0.000824,-0.151543,-0.661543,0.468030,-2.827050,0.000239,0.000614,-0.151706
126.9300,-0.235619,0.254329,-3.807404,0.000167,0.000824,-0.151543,-0.671012,0.471797,-2.818001,0.000330,0.000802,-0.151539
126.9800,-0.235619,0.254329,-3.807404,0.000167,0.000824,-0.151543,-0.685160,0.477418,-2.838725,0.000014,0.000873,-0.151671
127.0300,-0.235619,0.254329,-3.807404,0.000167,0.000824,-0.151543,-0.694623,0.481182,-2.831431,0.000142,0.000986,-0.151539
127.0820,-0.235619,0.254329,-3.807404,0.000167,0.000824,-0.151544,-0.708756,0.486799,-2.851201,0.000137,0.000737,-0.151627
127.1300,-0.235619,0.254329,-3.807404,0.000167,0.000824,-0.151544,-0.718215,0.490561,-2.845486,0.000169,0.000865,-0.151479
127.1800,-0.235619,0.254329,-3.807404,0.000167,0.000824,-0.151544,-0.732343,0.496177,-2.863940,0.000186,0.000592,-0.151522
127.2300,-0.235619,0.254329,-3.807404,0.000167,0.000824,-0.151545,-0.741798,0.499936,-2.859618,0.000190,0.000641,-0.151496
127.2800,-0.235619,0.254329,-3.807404,0.000167,0.000824,-0.151545,-0.755932,0.505551,-2.876512,0.000214,0.000922,-0.151624
127.3300,-0.235619,0.254329,-3.807404,0.000167,0.000824,-0.151545,-0.765386,0.509307,-2.873399,0.000206,0.000805,-0.151469
127.3800,-0.235619,0.254329,-3.807404,0.000167,0.000824,-0.151545,-0.779519,0.514916,-2.888586,0.000278,0.000901,-0.151399
127.4300,-0.235619,0.254329,-3.807404,0.000167,0.000824,-0.151546,-0.788970,0.518668,-2.886503,0.000229,0.000711,-0.151384
127.4800,-0.235619,0.254329,-3.807404,0.000167,0.000824,-0.151546,-0.633101,0.456422,-2.899936,0.000300,0.000801,-0.151409
127.5300,-0.235619,0.254329,-3.807404,0.000167,0.000824,-0.151546,-0.637557,0.458176,-2.898718,0.000232,0.000774,-0.151584
127.5800,-0.235620,0.254329,-3.807404,0.000167,0.000824,-0.151547,-0.644235,0.460802,-2.910378,0.000012,0.000800,-0.151583
127.6320,-0.235620,0.254329,-3.807404,0.000167,0.000824,-0.151547,-0.648694,0.462555,-2.909868,0.000313,0.000897,-0.151522
127.6800,-0.235620,0.254329,-3.807404,0.000167,0.000824,-0.151547,-0.655370,0.465178,-2.919821,0.000124,0.000912,-0.151469
127.7300,-0.235620,0.254329,-3.807404,0.000167,0.000824,-0.151547,-0.659826,0.466928,-2.919879,0.000473,0.000796,-0.151595
127.7820,-0.235620,0.254329,-3.807404,0.000167,0.000824,-0.151548,-0.666500,0.469547,-2.928219,0.000226,0.000842,-0.151610
127.8300,-0.235620,0.254329,-3.807404,0.000167,0.000824,-0.151548,-0.670955,0.471295,-2.928720,0.000224,0.000931,-0.151521
127.8800,-0.235620,0.254329,-3.807404,0.000167,0.000824,-0.151548,-0.677628,0.473914,-2.935567,0.000232,0.000894,-0.151512
127.9300,-0.235620,0.254329,-3.807404,0.000167,0.000824,-0.151548,-0.682082,0.475662,-2.936403,0.000137,0.000883,-0.151574
127.9800,-0.235620,0.254329,-3.807404,0.000167,0.000824,-0.151549,-0.688755,0.478284,-2.941892,0.000286,0.000680,-0.151569
128.0300,-0.235620,0.254329,-3.807404,0.000167,0.000824,-0.151549,-0.693209,0.480033,-2.942967,0.000199,0.000976,-0.151568
128.0800,-0.235620,0.254329,-3.807404,0.000167,0.000824,-0.151549,-0.699884,0.482654,-2.947243,0.000233,0.000762,-0.151456
128.1320,-0.235620,0.254329,-3.807405,0.000167,0.000824,-0.151549,-0.704337,0.484402,-2.948479,0.000112,0.000803,-0.151487
128.1800,-0.235620,0.254329,-3.807405,0.000167,0.000824,-0.151549,-0.711017,0.487021,-2.951689,0.000152,0.000731,-0.151493
128.2300,-0.235620,0.254329,-3.807405,0.000167,0.000824,-0.151550,-0.715473,0.488769,-2.953019,0.000086,0.000781,-0.151367
128.2800,-0.235620,0.254329,-3.807405,0.000167,0.000824,-0.151550,-0.722158,0.491391,-2.955306,0.000320,0.000885,-0.151640
128.3320,-0.235620,0.254329,-3.807405,0.000167,0.000824,-0.151550,-0.726613,0.493141,-2.956676,-0.000079,0.000733,-0.151430
128.3800,-0.235620,0.254329,-3.807405,0.000167,0.000824,-0.151550,-0.733300,0.495767,-2.958179,0.000183,0.000661,-0.151468
128.4300,-0.235620,0.254329,-3.807405,0.000167,0.000824,-0.151551,-0.737758,0.497519,-2.959548,0.000348,0.000893,-0.151571
128.4800,-0.235620,0.254329,-3.807405,0.000167,0.000824,-0.151551,-0.621188,0.451534,-2.960402,0.000127,0.000815,-0.151616
128.5300,-0.235620,0.254329,-3.807405,0.000167,0.000824,-0.151551,-0.621962,0.451833,-2.961735,-0.000023,0.000857,-0.151358
128.5800,-0.235620,0.254329,-3.807405,0.000167,0.000824,-0.151551,-0.623124,0.452284,-2.962046,0.000137,0.000726,-0.151508
128.6300,-0.235620,0.254329,-3.807405,0.000167,0.000824,-0.151551,-0.623899,0.452585,-2.963319,0.000100,0.000651,-0.151423
128.6800,-0.235620,0.254329,-3.807405,0.000167,0.000824,-0.151552,-0.625064,0.453037,-2.963200,0.000214,0.000870,-0.151772
128.7300,-0.235620,0.254329,-3.807405,0.000167,0.000824,-0.151552,-0.625839,0.453338,-2.964396,0.000254,0.000802,-0.151481
128.7820,-0.235620,0.254329,-3.807405,0.000167,0.000824,-0.151552,-0.627004,0.453788,-2.963943,0.000152,0.000573,-0.151597
128.8300,-0.235620,0.254329,-3.807405,0.000167,0.000824,-0.151552,-0.627782,0.454088,-2.965051,0.000089,0.000914,-0.151588
128.8800,-0.235620,0.254329,-3.807405,0.000167,0.000824,-0.151553,-0.628949,0.454542,-2.964347,0.000141,0.000807,-0.151578
128.9300,-0.235620,0.254329,-3.807405,0.000167,0.000824,-0.151553,-0.629725,0.454843,-2.965361,0.000213,0.000857,-0.151452
128.9800,-0.235620,0.254329,-3.807405,0.000167,0.000824,-0.151553,-0.630893,0.455296,-2.964478,0.000042,0.000839,-0.151485
129.0300,-0.235620,0.254329,-3.807405,0.000167,0.000824,-0.151553,-0.631669,0.455597,-2.965396,0.000299,0.000913,-0.151391
129.0800,-0.235620,0.254329,-3.807405,0.000167,0.000824,-0.151553,-0.632837,0.456049,-2.964393,0.000174,0.000781,-0.151435
129.1320,-0.235620,0.254329,-3.807405,0.000167,0.000824,-0.151554,-0.633613,0.456348,-2.965217,0.000235,0.000756,-0.151705
129.1800,-0.235620,0.254329,-3.807405,0.000167,0.000824,-0.151554,-0.634782,0.456798,-2.964145,0.000023,0.000692,-0.151634
129.2300,-0.235620,0.254329,-3.807405,0.000167,0.000824,-0.151554,-0.635558,0.457096,-2.964877,0.000151,0.000672,-0.151480
129.2800,-0.235620,0.254329,-3.807405,0.000167,0.000824,-0.151554,-0.636729,0.457545,-2.963777,0.000218,0.000848,-0.151373
129.3300,-0.235621,0.254329,-3.807405,0.000167,0.000824,-0.151554,-0.637505,0.457841,-2.964424,0.000051,0.001062,-0.151582
129.3820,-0.235621,0.254329,-3.807405,0.000167,0.000824,-0.151554,-0.638673,0.458290,-2.963327,0.000090,0.000772,-0.151722
129.4300,-0.235621,0.254329,-3.807405,0.000167,0.000824,-0.151555,-0.639447,0.458589,-2.963895,0.000075,0.000737,-0.151603
129.4800,-0.235621,0.254329,-3.807405,0.000167,0.000824,-0.151555,-0.233304,-0.283870,-2.962865,0.000126,0.000929,-0.151604
129.5320,-0.235621,0.254329,-3.807405,0.000167,0.000824,-0.151555,-0.221893,-0.305798,-2.963366,0.000200,0.000789,-0.151634
129.5800,-0.235621,0.254329,-3.807405,0.000167,0.000824,-0.151555,-0.204780,-0.338692,-2.962339,0.000346,0.000826,-0.151647
129.6300,-0.235621,0.254329,-3.807405,0.000167,0.000824,-0.151555,-0.193371,-0.360623,-2.962774,0.000134,0.000558,-0.151747
129.6820,-0.235621,0.254329,-3.807405,0.000167,0.000824,-0.151556,-0.213469,0.124448,-3.713955,0.000163,0.000798,-0.151484
129.7300,-0.235621,0.254329,-3.807405,0.000167,0.000824,-0.151556,-0.203288,0.120293,-3.751724,0.000011,0.000598,-0.151565
129.7800,-0.235621,0.254329,-3.807405,0.000167,0.000824,-0.151556,-0.188032,0.114070,-3.777115,0.000291,0.000883,-0.151576
129.8300,-0.235621,0.254329,-3.807405,0.000167,0.000824,-0.151556,-0.177860,0.109923,-3.811990,0.000319,0.000853,-0.151550
129.8800,-0.235621,0.254329,-3.807405,0.000167,0.000824,-0.151556,-0.162662,0.103717,-3.812066,0.000131,0.000799,-0.151575
129.9300,-0.235621,0.254329,-3.807405,0.000167,0.000824,-0.151556,-0.152501,0.099573,-3.841872,0.000190,0.000834,-0.151233
129.9800,-0.235621,0.254329,-3.807405,0.000167,0.000824,-0.151557,-0.137392,0.093406,-3.806921,0.000251,0.000862,-0.151589
130.0300,-0.235621,0.254329,-3.807405,0.000167,0.000824,-0.151557,-0.127251,0.089266,-3.829541,0.000181,0.001069,-0.151541
130.0800,-0.235621,0.254329,-3.807405,0.000167,0.000824,-0.151557,-0.112260,0.083141,-3.756894,-0.000025,0.000849,-0.151391
130.1300,-0.235621,0.254329,-3.807405,0.000167,0.000824,-0.151557,-0.102139,0.079010,-3.770825,0.000154,0.000760,-0.151481
130.1800,-0.235621,0.254329,-3.807405,0.000167,0.000824,-0.151557,-0.087236,0.072913,-3.667504,0.000164,0.000896,-0.151516
130.2300,-0.235621,0.254329,-3.807405,0.000167,0.000824,-0.151557,-0.077142,0.068793,-3.672284,0.000047,0.000757,-0.151635
130.2800,-0.235621,0.254329,-3.807405,0.000167,0.000824,-0.151557,-0.062308,0.062721,-3.552500,0.000071,0.000805,-0.151449
130.3300,-0.235621,0.254329,-3.807405,0.000167,0.000824,-0.151558,-0.052239,0.058610,-3.548747,0.000153,0.000622,-0.151618
130.3820,-0.235621,0.254329,-3.807405,0.000167,0.000824,-0.151558,-0.037425,0.052546,-3.427992,0.000141,0.000905,-0.151468
130.4300,-0.235621,0.254329,-3.807405,0.000167,0.000824,-0.151558,-0.027378,0.048442,-3.417089,0.000206,0.000664,-0.151590
130.4800,-0.235621,0.254329,-3.807405,0.000167,0.000824,-0.151558,-0.152384,-0.186090,-3.307194,0.000304,0.000940,-0.151509
130.5300,-0.235621,0.254329,-3.807405,0.000167,0.000824,-0.151558,-0.150151,-0.202937,-3.290858,0.000182,0.000981,-0.151631
130.5800,-0.235621,0.254329,-3.807405,0.000167,0.000824,-0.151558,-0.146891,-0.228170,-3.198339,0.000129,0.000859,-0.151511
130.6320,-0.235621,0.254329,-3.807405,0.000167,0.000824,-0.151558,-0.144662,-0.245011,-3.178255,0.000064,0.000823,-0.151631
130.6800,-0.235621,0.254329,-3.807405,0.000167,0.000824,-0.151559,-0.141383,-0.270249,-3.105104,0.000119,0.000962,-0.151451
130.7300,-0.235621,0.254329,-3.807405,0.000167,0.000824,-0.151559,-0.139156,-0.287088,-3.082757,0.000098,0.001064,-0.151434
130.7800,-0.235621,0.254329,-3.807405,0.000167,0.000824,-0.151559,-0.135849,-0.312333,-3.028180,0.000299,0.000963,-0.151535
130.8300,-0.235621,0.254329,-3.807405,0.000167,0.000824,-0.151559,-0.133624,-0.329174,-3.004770,0.000143,0.000917,-0.151536
130.8800,-0.235621,0.254329,-3.807405,0.000167,0.000824,-0.151559,-0.130289,-0.354428,-2.966619,0.000255,0.000855,-0.151487
130.9300,-0.235621,0.254329,-3.807405,0.000167,0.000824,-0.151559,-0.128061,-0.371268,-2.943081,0.000121,0.000973,-0.151422
130.9800,-0.235621,0.254329,-3.807405,0.000167,0.000824,-0.151559,-0.124697,-0.396529,-2.918787,0.000304,0.000691,-0.151655
131.0300,-0.235621,0.254329,-3.807405,0.000167,0.000824,-0.151560,-0.122471,-0.413368,-2.895826,0.000077,0.000834,-0.151768
131.0800,-0.235621,0.254329,-3.807405,0.000167,0.000824,-0.151560,-0.119083,-0.438641,-2.882879,0.000246,0.000858,-0.151681
131.1300,-0.235621,0.254329,-3.807405,0.000167,0.000824,-0.151560,-0.116853,-0.455483,-2.861013,0.000125,0.000709,-0.151613
131.1800,-0.235621,0.254329,-3.807405,0.000167,0.000824,-0.151560,-0.113444,-0.480769,-2.857143,0.000222,0.000725,-0.151662
131.2300,-0.235621,0.254329,-3.807405,0.000167,0.000824,-0.151560,-0.111213,-0.497612,-2.836739,0.000202,0.000805,-0.151597
131.2800,-0.235621,0.254329,-3.807405,0.000167,0.000824,-0.151560,-0.107785,-0.522909,-2.839972,0.000171,0.000834,-0.151600
131.3300,-0.235621,0.254329,-3.807405,0.000167,0.000824,-0.151560,-0.105548,-0.539754,-2.821275,0.000242,0.000811,-0.151440
131.3800,-0.235621,0.254329,-3.807405,0.000167,0.000824,-0.151560,-0.102106,-0.565067,-2.829924,0.000337,0.000732,-0.151698
131.4300,-0.235621,0.254329,-3.807405,0.000167,0.000824,-0.151561,-0.099871,-0.581919,-2.813079,0.000039,0.000677,-0.151671
131.4800,-0.235621,0.254329,-3.807405,0.000167,0.000824,-0.151561,-0.049005,0.102392,-2.825685,0.000219,0.000861,-0.151498
131.5320,-0.235621,0.254329,-3.807405,0.000167,0.000824,-0.151561,-0.045293,0.107511,-2.810756,0.000233,0.000799,-0.151750
131.5800,-0.235621,0.254329,-3.807405,0.000167,0.000824,-0.151561,-0.039702,0.115177,-2.826133,0.000222,0.000721,-0.151426
131.6300,-0.235621,0.254329,-3.807405,0.000167,0.000824,-0.151561,-0.035990,0.120293,-2.813120,0.000242,0.000861,-0.151462
131.6800,-0.235621,0.254329,-3.807405,0.000167,0.000824,-0.151561,-0.030394,0.127951,-2.830217,-0.000043,0.000783,-0.151521
131.7300,-0.235621,0.254329,-3.807405,0.000167,0.000824,-0.151561,-0.026679,0.133067,-2.819069,-0.000016,0.001019,-0.151418
131.7800,-0.235621,0.254329,-3.807405,0.000167,0.000824,-0.151561,-0.021062,0.140727,-2.837032,0.000019,0.000898,-0.151497
131.8300,-0.235621,0.254329,-3.807405,0.000167,0.000824,-0.151561,-0.017340,0.145843,-2.827655,0.000050,0.000872,-0.151564
131.8800,-0.235621,0.254329,-3.807405,0.000167,0.000824,-0.151562,-0.011709,0.153507,-2.845781,0.000103,0.001001,-0.151679
131.9300,-0.235621,0.254329,-3.807405,0.000167,0.000824,-0.151562,-0.007979,0.158624,-2.838054,0.000252,0.000719,-0.151511
131.9800,-0.235621,0.254329,-3.807405,0.000167,0.000824,-0.151562,-0.002332,0.166287,-2.855787,0.000304,0.000858,-0.151599
132.0300,-0.235621,0.254329,-3.807405,0.000167,0.000824,-0.151562,0.001403,0.171403,-2.849566,0.000198,0.000927,-0.151628
132.0800,-0.235622,0.254329,-3.807405,0.000167,0.000824,-0.151562,0.007066,0.179062,-2.866480,0.000172,0.000866,-0.151612
132.1320,-0.235622,0.254329,-3.807405,0.000167,0.000824,-0.151562,0.010808,0.184177,-2.861611,0.000091,0.000945,-0.151615
132.1800,-0.235622,0.254329,-3.807405,0.000167,0.000824,-0.151562,0.016482,0.191835,-2.877397,0.000368,0.000869,-0.151602
132.2320,-0.235622,0.254329,-3.807405,0.000167,0.000824,-0.151562,0.020230,0.196947,-2.873721,0.000068,0.000773,-0.151511
132.2800,-0.235622,0.254329,-3.807405,0.000167,0.000824,-0.151562,0.025905,0.204601,-2.888170,0.000084,0.000803,-0.151650
132.3300,-0.235622,0.254329,-3.807405,0.000167,0.000824,-0.151562,0.029657,0.209714,-2.885531,0.000411,0.000735,-0.151485
132.3800,-0.235622,0.254329,-3.807405,0.000167,0.000824,-0.151563,0.035327,0.217362,-2.898516,-0.000082,0.000687,-0.151674
132.4300,-0.235622,0.254329,-3.807405,0.000167,0.000824,-0.151563,0.039079,0.222473,-2.896761,0.000332,0.000837,-0.151848
132.4800,-0.235622,0.254329,-3.807405,0.000167,0.000824,-0.151563,0.236850,-0.038764,-2.908250,0.000155,0.000696,-0.151530
132.5300,-0.235622,0.254329,-3.807405,0.000167,0.000824,-0.151563,0.246251,-0.041561,-2.907235,0.000250,0.000798,-0.151435
132.5800,-0.235622,0.254329,-3.807405,0.000167,0.000824,-0.151563,0.260358,-0.045761,-2.917197,0.000078,0.000987,-0.151607
132.6300,-0.235622,0.254329,-3.807405,0.000167,0.000824,-0.151563,0.269759,-0.048560,-2.916789,0.000006,0.000912,-0.151649
132.6820,-0.235622,0.254329,-3.807405,0.000167,0.000824,-0.151563,0.283869,-0.052761,-2.925289,0.000220,0.000864,-0.151509
132.7300,-0.235622,0.254329,-3.807405,0.000167,0.000824,-0.151563,0.293271,-0.055559,-2.925369,0.000247,0.000864,-0.151601
132.7800,-0.235622,0.254329,-3.807405,0.000167,0.000824,-0.151563,0.307383,-0.059767,-2.932487,0.000281,0.000842,-0.151581
132.8300,-0.235622,0.254329,-3.807405,0.000167,0.000824,-0.151563,0.316787,-0.062570,-2.932946,0.000211,0.000784,-0.151555
132.8820,-0.235622,0.254329,-3.807405,0.000167,0.000824,-0.151564,0.330898,-0.066778,-2.938783,0.000258,0.000849,-0.151432
132.9300,-0.235622,0.254329,-3.807405,0.000167,0.000824,-0.151564,0.340301,-0.069584,-2.939528,0.000103,0.000746,-0.151557
132.9800,-0.235622,0.254329,-3.807405,0.000167,0.000824,-0.151564,0.354410,-0.073794,-2.944202,0.000364,0.000661,-0.151497
133.0300,-0.235622,0.254329,-3.807405,0.000167,0.000824,-0.151564,0.363812,-0.076601,-2.945152,0.000245,0.000753,-0.151893
133.0800,-0.235622,0.254329,-3.807405,0.000167,0.000824,-0.151564,0.377917,-0.080816,-2.948786,0.000021,0.000901,-0.151485
133.1300,-0.235622,0.254329,-3.807405,0.000167,0.000824,-0.151564,0.387317,-0.083624,-2.949874,0.000047,0.000873,-0.151578
133.1800,-0.235622,0.254329,-3.807405,0.000167,0.000824,-0.151564,0.401421,-0.087834,-2.952596,0.000072,0.000688,-0.151464
133.2300,-0.235622,0.254329,-3.807405,0.000167,0.000824,-0.151564,0.410822,-0.090640,-2.953764,0.000290,0.000778,-0.151572
133.2800,-0.235622,0.254329,-3.807405,0.000167,0.000824,-0.151564,0.424925,-0.094851,-2.955696,0.000248,0.000889,-0.151572
133.3320,-0.235622,0.254329,-3.807405,0.000167,0.000824,-0.151564,0.434328,-0.097660,-2.956900,0.000211,0.000865,-0.151386
133.3800,-0.235622,0.254329,-3.807405,0.000167,0.000824,-0.151564,0.448432,-0.101877,-2.958159,0.000223,0.000802,-0.151581
133.4300,-0.235622,0.254329,-3.807405,0.000167,0.000824,-0.151564,0.457836,-0.104688,-2.959359,0.000182,0.000849,-0.151535
133.4820,-0.235622,0.254329,-3.807405,0.000167,0.000824,-0.151565,-0.303142,0.072294,-2.960010,0.000189,0.000793,-0.151636
133.5300,-0.235622,0.254329,-3.807405,0.000167,0.000824,-0.151565,-0.316923,0.074903,-2.961177,0.000213,0.000727,-0.151556
133.5800,-0.235622,0.254329,-3.807405,0.000167,0.000824,-0.151565,-0.337596,0.078818,-2.961423,0.000009,0.000804,-0.151549
133.6300,-0.235622,0.254329,-3.807405,0.000167,0.000824,-0.151565,-0.351379,0.081428,-2.962540,0.000167,0.000785,-0.151516
133.6800,-0.235622,0.254329,-3.807405,0.000167,0.000824,-0.151565,-0.372054,0.085343,-2.962417,0.000144,0.000921,-0.151607
133.7300,-0.235622,0.254329,-3.807405,0.000167,0.000824,-0.151565,-0.385836,0.087955,-2.963468,0.000110,0.000907,-0.151645
133.7800,-0.235622,0.254329,-3.807405,0.000167,0.000824,-0.151565,-0.406511,0.091876,-2.963058,0.000125,0.000727,-0.151634
133.8320,-0.235622,0.254329,-3.807405,0.000167,0.000824,-0.151565,-0.420294,0.094487,-2.964035,0.000145,0.000660,-0.151604
133.8820,-0.235622,0.254329,-3.807405,0.000167,0.000824,-0.151565,-0.440974,0.098405,-2.963411,0.000210,0.000883,-0.151529
133.9300,-0.235622,0.254329,-3.807405,0.000167,0.000824,-0.151565,-0.454760,0.101013,-2.964306,0.000180,0.000819,-0.151625
133.9800,-0.235622,0.254329,-3.807405,0.000167,0.000824,-0.151565,-0.475439,0.104931,-2.963525,0.000324,0.000909,-0.151391
134.0300,-0.235622,0.254329,-3.807405,0.000167,0.000824,-0.151565,-0.489222,0.107539,-2.964338,0.000260,0.001006,-0.151624
134.0800,-0.235622,0.254329,-3.807405,0.000167,0.000824,-0.151565,-0.509898,0.111456,-2.963455,0.000237,0.000770,-0.151709
134.1300,-0.235622,0.254329,-3.807405,0.000167,0.000824,-0.151565,-0.523679,0.114067,-2.964190,0.000071,0.000604,-0.151514
134.1800,-0.235622,0.254329,-3.807405,0.000167,0.000824,-0.151566,-0.544358,0.117985,-2.963249,0.000111,0.000799,-0.151571
134.2300,-0.235622,0.254329,-3.807405,0.000167,0.000824,-0.151566,-0.558141,0.120596,-2.963904,0.000158,0.000973,-0.151641
134.2800,-0.235622,0.254329,-3.807405,0.000167,0.000824,-0.151566,-0.578819,0.124514,-2.962935,0.000121,0.001037,-0.151421
134.3300,-0.235622,0.254329,-3.807405,0.000167,0.000824,-0.151566,-0.592599,0.127125,-2.963516,0.000248,0.000941,-0.151502
134.3800,-0.235622,0.254329,-3.807405,0.000167,0.000824,-0.151566,-0.613272,0.131042,-2.962551,0.000223,0.000801,-0.151470
134.4300,-0.235622,0.254329,-3.807405,0.000167,0.000824,-0.151566,-0.627050,0.133652,-2.963067,0.000104,0.000827,-0.151615
134.4800,-0.235622,0.254329,-3.807405,0.000167,0.000824,-0.151566,-0.625266,1.048886,-2.962111,0.000190,0.000818,-0.151669
134.5300,-0.235622,0.254329,-3.807405,0.000167,0.000824,-0.151566,-0.638372,1.078760,-2.962564,0.000335,0.001076,-0.151673
134.5800,-0.235622,0.254329,-3.807405,0.000167,0.000824,-0.151566,-0.658031,1.123571,-2.961661,0.000195,0.000783,-0.151487
134.6300,-0.235622,0.254329,-3.807405,0.000167,0.000824,-0.151566,-0.671138,1.153442,-2.962063,0.000290,0.000843,-0.151551
134.6800,-0.235622,0.254329,-3.807405,0.000167,0.000824,-0.151566,-0.182566,0.360771,-3.746629,0.000340,0.000954,-0.151579
134.7300,-0.235622,0.254329,-3.807405,0.000167,0.000824,-0.151566,-0.178157,0.361856,-3.786028,0.000257,0.000809,-0.151431
134.7800,-0.235622,0.254329,-3.807405,0.000167,0.000824,-0.151566,-0.171560,0.363490,-3.812515,0.000267,0.000698,-0.151511
134.8300,-0.235622,0.254329,-3.807405,0.000167,0.000824,-0.151566,-0.167155,0.364575,-3.848893,0.000113,0.000812,-0.151585
134.8800,-0.235622,0.254329,-3.807405,0.000167,0.000824,-0.151566,-0.160614,0.366226,-3.848970,0.000218,0.000800,-0.151632
134.9300,-0.235622,0.254329,-3.807405,0.000167,0.000824,-0.151566,-0.156224,0.367312,-3.880061,0.000251,0.000867,-0.151551
134.9800,-0.235622,0.254329,-3.807405,0.000167,0.000824,-0.151567,-0.149772,0.369001,-3.843598,0.000172,0.000670,-0.151425
135.0300,-0.235622,0.254329,-3.807405,0.000167,0.000824,-0.151567,-0.145400,0.370097,-3.867190,0.000251,0.000775,-0.151557
135.0800,-0.235622,0.254329,-3.807405,0.000167,0.000824,-0.151567,-0.139062,0.371840,-3.791405,0.000077,0.000854,-0.151660
135.1300,-0.235622,0.254329,-3.807405,0.000167,0.000824,-0.151567,-0.134715,0.372944,-3.805934,0.000231,0.001138,-0.151498
135.1800,-0.235622,0.254329,-3.807405,0.000167,0.000824,-0.151567,-0.128493,0.374721,-3.698156,0.000170,0.000738,-0.151450
135.2300,-0.235622,0.254329,-3.807405,0.000167,0.000824,-0.151567,-0.124170,0.375837,-3.703137,0.000034,0.000905,-0.151331
135.2800,-0.235622,0.254329,-3.807405,0.000167,0.000824,-0.151567,-0.118005,0.377637,-3.578185,-0.000011,0.000656,-0.151769
135.3300,-0.235622,0.254329,-3.807405,0.000167,0.000824,-0.151567,-0.113709,0.378764,-3.574264,0.000145,0.000800,-0.151537
135.3800,-0.235622,0.254329,-3.807405,0.000167,0.000824,-0.151567,-0.107563,0.380561,-3.448302,0.000072,0.000820,-0.151534
135.4300,-0.235622,0.254329,-3.807405,0.000167,0.000824,-0.151567,-0.103289,0.381698,-3.436923,0.000252,0.000826,-0.151655
135.4820,-0.235622,0.254329,-3.807405,0.000167,0.000824,-0.151567,0.200536,-0.133075,-3.322380,0.000269,0.000906,-0.151473
135.5300,-0.235622,0.254329,-3.807405,0.000167,0.000824,-0.151567,0.221390,-0.160731,-3.305338,0.000179,0.000720,-0.151433
135.5820,-0.235622,0.254329,-3.807405,0.000167,0.000824,-0.151567,0.252578,-0.202182,-3.208813,0.000124,0.000818,-0.151572
135.6320,-0.235622,0.254329,-3.807405,0.000167,0.000824,-0.151567,0.273421,-0.229836,-3.187861,0.000075,0.000781,-0.151528
135.6800,-0.235622,0.254329,-3.807405,0.000167,0.000824,-0.151567,0.304627,-0.271294,-3.111546,0.000017,0.000717,-0.151771
135.7300,-0.235622,0.254329,-3.807405,0.000167,0.000824,-0.151567,0.325467,-0.298945,-3.088229,0.000190,0.000887,-0.151479
135.7800,-0.235622,0.254329,-3.807405,0.000167,0.000824,-0.151567,0.356695,-0.340412,-3.031291,0.000007,0.000716,-0.151366
135.8300,-0.235622,0.254329,-3.807405,0.000167,0.000824,-0.151567,0.377533,-0.368061,-3.006863,0.000111,0.000851,-0.151530
135.8820,-0.235622,0.254329,-3.807405,0.000167,0.000824,-0.151567,0.408779,-0.409538,-2.967059,0.000055,0.000756,-0.151436
135.9300,-0.235622,0.254329,-3.807405,0.000167,0.000824,-0.151568,0.429620,-0.437184,-2.942497,0.000270,0.000815,-0.151538
135.9800,-0.235622,0.254329,-3.807405,0.000167,0.000824,-0.151568,0.460893,-0.478667,-2.917152,0.000189,0.000856,-0.151510
136.0300,-0.235622,0.254329,-3.807405,0.000167,0.000824,-0.151568,0.481733,-0.506318,-2.893195,0.000165,0.000909,-0.151484
136.0800,-0.235622,0.254329,-3.807405,0.000167,0.000824,-0.151568,0.513030,-0.547813,-2.879685,0.000158,0.000765,-0.151484
136.1300,-0.235622,0.254329,-3.807405,0.000167,0.000824,-0.151568,0.533870,-0.575461,-2.856864,0.000230,0.000825,-0.151514
136.1800,-0.235622,0.254329,-3.807405,0.000167,0.000824,-0.151568,0.565194,-0.616958,-2.852826,0.000048,0.000877,-0.151687
136.2300,-0.235622,0.254329,-3.807405,0.000167,0.000824,-0.151568,0.586038,-0.644607,-2.831530,0.000075,0.000865,-0.151575
136.2800,-0.235622,0.254329,-3.807405,0.000167,0.000824,-0.151568,0.617380,-0.686101,-2.834901,0.000131,0.000960,-0.151575
136.3320,-0.235622,0.254329,-3.807405,0.000167,0.000824,-0.151568,0.638227,-0.713752,-2.815390,0.000288,0.000816,-0.151563
136.3800,-0.235622,0.254329,-3.807405,0.000167,0.000824,-0.151568,0.669591,-0.755260,-2.824415,0.000245,0.000683,-0.151400
136.4300,-0.235622,0.254329,-3.807405,0.000167,0.000824,-0.151568,0.690442,-0.782913,-2.806831,-0.000007,0.000790,-0.151489
136.4800,-0.235622,0.254329,-3.807405,0.000167,0.000824,-0.151568,-0.055598,0.241432,-2.819945,0.000230,0.000865,-0.151681
136.5300,-0.235622,0.254329,-3.807405,0.000167,0.000824,-0.151568,-0.058785,0.246742,-2.804358,0.000044,0.000787,-0.151493
136.5800,-0.235622,0.254329,-3.807405,0.000167,0.000824,-0.151568,-0.063543,0.254697,-2.820410,0.000193,0.000750,-0.151241
136.6300,-0.235622,0.254329,-3.807405,0.000167,0.000824,-0.151568,-0.066730,0.260003,-2.806823,0.000184,0.000742,-0.151671
136.6800,-0.235622,0.254329,-3.807405,0.000167,0.000824,-0.151568,-0.071475,0.267948,-2.824671,0.000200,0.000922,-0.151452
136.7300,-0.235622,0.254329,-3.807405,0.000167,0.000824,-0.151568,-0.074654,0.273251,-2.813028,0.000188,0.000695,-0.151649
136.7800,-0.235622,0.254329,-3.807405,0.000167,0.000824,-0.151568,-0.079388,0.281192,-2.831779,0.000187,0.000783,-0.151633
136.8300,-0.235622,0.254329,-3.807405,0.000167,0.000824,-0.151568,-0.082567,0.286494,-2.821985,0.000388,0.000651,-0.151449
136.8800,-0.235622,0.254329,-3.807405,0.000167,0.000824,-0.151568,-0.087298,0.294425,-2.840906,0.000202,0.000897,-0.151542
136.9300,-0.235622,0.254329,-3.807405,0.000167,0.000824,-0.151568,-0.090476,0.299725,-2.832833,0.000248,0.000718,-0.151679
136.9800,-0.235622,0.254329,-3.807405,0.000167,0.000824,-0.151568,-0.095195,0.307655,-2.851344,0.000406,0.000969,-0.151444
137.0300,-0.235622,0.254329,-3.807405,0.000167,0.000824,-0.151568,-0.098368,0.312952,-2.844843,-0.000007,0.000798,-0.151425
137.0800,-0.235622,0.254329,-3.807405,0.000167,0.000824,-0.151568,-0.103074,0.320884,-2.862501,0.000291,0.000908,-0.151651
137.1300,-0.235622,0.254329,-3.807405,0.000167,0.000824,-0.151569,-0.106243,0.326183,-2.857411,-0.000037,0.000871,-0.151620
137.1800,-0.235622,0.254329,-3.807405,0.000167,0.000824,-0.151569,-0.110940,0.334118,-2.873892,0.000170,0.000919,-0.151586
137.2300,-0.235622,0.254329,-3.807405,0.000167,0.000824,-0.151569,-0.114103,0.339418,-2.870048,0.000238,0.000859,-0.151496
137.2800,-0.235622,0.254329,-3.807405,0.000167,0.000824,-0.151569,-0.118797,0.347352,-2.885132,0.000057,0.000755,-0.151564
137.3300,-0.235622,0.254329,-3.807405,0.000167,0.000824,-0.151569,-0.121959,0.352652,-2.882370,0.000285,0.000748,-0.151610
137.3800,-0.235622,0.254329,-3.807405,0.000167,0.000824,-0.151569,-0.126656,0.360583,-2.895929,0.000101,0.000810,-0.151352
137.4300,-0.235622,0.254329,-3.807405,0.000167,0.000824,-0.151569,-0.129816,0.365881,-2.894088,0.000288,0.000889,-0.151671
137.4800,-0.235622,0.254329,-3.807405,0.000167,0.000824,-0.151569,0.092369,0.001808,-2.906090,0.000250,0.000766,-0.151609
137.5320,-0.235622,0.254329,-3.807405,0.000167,0.000824,-0.151569,0.095878,-0.003825,-2.905022,0.000150,0.000995,-0.151525
137.5820,-0.235622,0.254329,-3.807405,0.000167,0.000824,-0.151569,0.101153,-0.012279,-2.915426,0.000225,0.000710,-0.151433
137.6300,-0.235622,0.254329,-3.807405,0.000167,0.000824,-0.151569,0.104664,-0.017913,-2.914991,0.000326,0.000943,-0.151710
137.6800,-0.235622,0.254329,-3.807405,0.000167,0.000824,-0.151569,0.109940,-0.026369,-2.923869,0.000185,0.000732,-0.151508
137.7300,-0.235622,0.254329,-3.807405,0.000167,0.000824,-0.151569,0.113452,-0.032004,-2.923943,0.000004,0.000897,-0.151705
137.7800,-0.235622,0.254329,-3.807405,0.000167,0.000824,-0.151569,0.118729,-0.040457,-2.931377,0.000103,0.000693,-0.151586
137.8300,-0.235622,0.254329,-3.807405,0.000167,0.000824,-0.151569,0.122240,-0.046089,-2.931847,0.000097,0.000739,-0.151832
137.8820,-0.235622,0.254329,-3.807405,0.000167,0.000824,-0.151569,0.127513,-0.054542,-2.937948,0.000125,0.000865,-0.151533
137.9300,-0.235622,0.254329,-3.807405,0.000167,0.000824,-0.151569,0.131025,-0.060175,-2.938716,0.000015,0.000855,-0.151567
137.9800,-0.235622,0.254329,-3.807405,0.000167,0.000824,-0.151569,0.136301,-0.068623,-2.943601,0.000201,0.000973,-0.151466
138.0300,-0.235622,0.254329,-3.807405,0.000167,0.000824,-0.151569,0.139814,-0.074253,-2.944585,0.000219,0.000923,-0.151677
138.0800,-0.235622,0.254329,-3.807405,0.000167,0.000824,-0.151569,0.145089,-0.082701,-2.948386,0.000099,0.000747,-0.151732
138.1300,-0.235622,0.254329,-3.807405,0.000167,0.000824,-0.151569,0.148602,-0.088331,-2.949512,0.000159,0.000842,-0.151732
138.1800,-0.235622,0.254329,-3.807405,0.000167,0.000824,-0.151569,0.153873,-0.096777,-2.952360,0.000048,0.000816,-0.151588
138.2300,-0.235622,0.254329,-3.807405,0.000167,0.000824,-0.151569,0.157387,-0.102406,-2.953570,0.000149,0.000718,-0.151420
138.2800,-0.235622,0.254329,-3.807405,0.000167,0.000824,-0.151569,0.162656,-0.110848,-2.955594,0.000219,0.000907,-0.151546
138.3300,-0.235622,0.254329,-3.807405,0.000167,0.000824,-0.151569,0.166168,-0.116478,-2.956841,0.000044,0.000806,-0.151616
138.3800,-0.235622,0.254329,-3.807405,0.000167,0.000824,-0.151569,0.171433,-0.124922,-2.958163,0.000204,0.000666,-0.151707
138.4300,-0.235622,0.254329,-3.807405,0.000167,0.000824,-0.151569,0.174944,-0.130552,-2.959407,0.000142,0.000746,-0.151458
138.4800,-0.235622,0.254329,-3.807405,0.000167,0.000824,-0.151569,0.371534,0.954931,-2.960135,0.000107,0.001125,-0.151582
138.5320,-0.235622,0.254329,-3.807405,0.000167,0.000824,-0.151569,0.380769,0.982021,-2.961350,0.000049,0.000897,-0.151533
138.5800,-0.235622,0.254329,-3.807405,0.000167,0.000824,-0.151569,0.394623,1.022659,-2.961610,0.000161,0.000792,-0.151528
138.6300,-0.235622,0.254329,-3.807405,0.000167,0.000824,-0.151569,0.403862,1.049751,-2.962768,0.000206,0.000762,-0.151564
138.6800,-0.235622,0.254329,-3.807405,0.000167,0.000824,-0.151569,0.417715,1.090390,-2.962641,0.000022,0.000783,-0.151368
138.7300,-0.235622,0.254329,-3.807405,0.000167,0.000824,-0.151570,0.426950,1.117483,-2.963731,0.000034,0.000778,-0.151581
138.7800,-0.235622,0.254329,-3.807405,0.000167,0.000824,-0.151570,0.440804,1.158124,-2.963307,0.000213,0.000664,-0.151462
138.8300,-0.235622,0.254329,-3.807405,0.000167,0.000824,-0.151570,0.450039,1.185217,-2.964316,0.000197,0.000952,-0.151460
138.8820,-0.235622,0.254329,-3.807405,0.000167,0.000824,-0.151570,0.463889,1.225858,-2.963667,0.000233,0.000722,-0.151496
138.9300,-0.235622,0.254329,-3.807405,0.000167,0.000824,-0.151570,0.473125,1.252951,-2.964593,0.000363,0.000673,-0.151517
138.9800,-0.235622,0.254329,-3.807405,0.000167,0.000824,-0.151570,0.486976,1.293589,-2.963782,0.000234,0.000722,-0.151450
139.0300,-0.235623,0.254329,-3.807405,0.000167,0.000824,-0.151570,0.496211,1.320680,-2.964622,0.000122,0.000642,-0.151640
139.0800,-0.235623,0.254329,-3.807405,0.000167,0.000824,-0.151570,0.510063,1.361317,-2.963705,0.000150,0.000816,-0.151485
139.1300,-0.235623,0.254329,-3.807405,0.000167,0.000824,-0.151570,0.519298,1.388407,-2.964461,0.000150,0.000792,-0.151459
139.1800,-0.235623,0.254329,-3.807405,0.000167,0.000824,-0.151570,0.533144,1.429044,-2.963484,0.000149,0.000907,-0.151541
139.2300,-0.235623,0.254329,-3.807405,0.000167,0.000824,-0.151570,0.542380,1.456134,-2.964158,0.000150,0.000830,-0.151684
139.2800,-0.235623,0.254329,-3.807405,0.000167,0.000824,-0.151570,0.556234,1.496767,-2.963154,0.000172,0.000880,-0.151595
139.3300,-0.235623,0.254329,-3.807405,0.000167,0.000824,-0.151570,0.565471,1.523853,-2.963753,0.000102,0.000821,-0.151490
139.3800,-0.235623,0.254329,-3.807405,0.000167,0.000824,-0.151570,0.579322,1.564485,-2.962754,0.000307,0.000845,-0.151555
139.4300,-0.235623,0.254329,-3.807405,0.000167,0.000824,-0.151570,0.588559,1.591571,-2.963281,0.000065,0.000948,-0.151800
139.4800,-0.235623,0.254329,-3.807405,0.000167,0.000824,-0.151570,0.655516,0.399065,-2.962342,0.000254,0.000761,-0.151585
139.5300,-0.235623,0.254329,-3.807405,0.000167,0.000824,-0.151570,0.666342,0.389259,-2.962808,0.000223,0.000801,-0.151491
139.5800,-0.235623,0.254329,-3.807405,0.000167,0.000824,-0.151570,0.682578,0.374551,-2.961871,0.000042,0.000985,-0.151567
139.6300,-0.235623,0.254329,-3.807405,0.000167,0.000824,-0.151570,0.693404,0.364745,-2.962282,0.000238,0.001034,-0.151610
