t,gt_x,gt_y,gt_z,gt_roll,gt_pitch,gt_yaw,est_x,est_y,est_z,est_roll,est_pitch,est_yaw
0.0000,-0.006632,-0.002354,-2.792112,0.000035,0.000691,-0.001378,0.414176,0.044961,-1.942863,-0.000099,0.000678,-0.001289
0.0000,-0.006632,-0.002354,-2.792112,0.000035,0.000691,-0.001378,0.414176,0.044961,-1.942863,-0.000099,0.000678,-0.001289
0.0500,-0.006633,-0.002354,-2.791985,0.000034,0.000692,-0.001378,0.425825,0.047491,-1.942994,-0.000025,0.000914,-0.001309
0.1000,-0.006634,-0.002354,-2.791859,0.000034,0.000693,-0.001378,0.433591,0.049178,-1.942604,-0.000018,0.000644,-0.001295
0.1500,-0.006634,-0.002353,-2.791734,0.000033,0.000695,-0.001378,0.445242,0.051708,-1.942741,-0.000102,0.000744,-0.001299
0.2000,-0.006635,-0.002353,-2.791610,0.000032,0.000696,-0.001378,0.453009,0.053397,-1.942355,-0.000124,0.000730,-0.001261
0.2500,-0.006636,-0.002353,-2.791488,0.000032,0.000697,-0.001378,0.464660,0.055931,-1.942497,0.000154,0.000662,-0.001375
0.3000,-0.006636,-0.002353,-2.791367,0.000031,0.000698,-0.001378,0.472426,0.057621,-1.942112,0.000046,0.000738,-0.001413
0.3500,-0.006637,-0.002353,-2.791247,0.000031,0.000699,-0.001378,0.484077,0.060154,-1.942262,-0.000307,0.000677,-0.001272
0.4000,-0.006637,-0.002353,-2.791128,0.000030,0.000700,-0.001378,0.491843,0.061845,-1.941878,-0.000002,0.000593,-0.001575
0.4500,-0.006638,-0.002353,-2.791010,0.000030,0.000701,-0.001378,0.503493,0.064381,-1.942031,0.000130,0.000579,-0.001279
0.5000,-0.006639,-0.002353,-2.790894,0.000029,0.000702,-0.001378,0.359588,0.056297,-1.941642,0.000012,0.000714,-0.001568
0.5500,-0.006639,-0.002352,-2.790779,0.000029,0.000702,-0.001378,0.364641,0.058411,-1.941799,-0.000072,0.000645,-0.001446
0.6020,-0.006640,-0.002352,-2.790665,0.000028,0.000703,-0.001378,0.368009,0.059823,-1.941420,0.000005,0.000555,-0.001356
0.6500,-0.006640,-0.002352,-2.790552,0.000028,0.000704,-0.001378,0.373059,0.061940,-1.941582,0.000103,0.000698,-0.001327
0.7000,-0.006641,-0.002352,-2.790440,0.000028,0.000705,-0.001378,0.376426,0.063351,-1.941203,-0.000046,0.000610,-0.001338
0.7500,-0.006642,-0.002352,-2.790330,0.000027,0.000705,-0.001378,0.381475,0.065466,-1.941369,0.000000,0.000775,-0.001386
0.8020,-0.006642,-0.002352,-2.790220,0.000027,0.000706,-0.001378,0.384841,0.066873,-1.940991,0.000314,0.000607,-0.001411
0.8520,-0.006643,-0.002352,-2.790112,0.000027,0.000707,-0.001378,0.389893,0.068983,-1.941162,-0.000009,0.000624,-0.001340
0.9000,-0.006643,-0.002352,-2.790005,0.000027,0.000707,-0.001378,0.393261,0.070389,-1.940783,0.000014,0.000599,-0.001273
0.9500,-0.006644,-0.002352,-2.789899,0.000026,0.000708,-0.001378,0.398313,0.072497,-1.940959,0.000049,0.000842,-0.001583
1.0020,-0.006644,-0.002351,-2.789794,0.000026,0.000708,-0.001378,0.401683,0.073901,-1.940580,-0.000032,0.000652,-0.001524
1.0500,-0.006645,-0.002351,-2.789690,0.000026,0.000709,-0.001378,0.406739,0.076011,-1.940759,0.000071,0.000643,-0.001427
1.1000,-0.006646,-0.002351,-2.789587,0.000026,0.000709,-0.001378,0.410108,0.077418,-1.940380,0.000249,0.000872,-0.001319
1.1500,-0.006646,-0.002351,-2.789485,0.000025,0.000710,-0.001378,0.415163,0.079529,-1.940563,0.000028,0.000717,-0.001391
1.2000,-0.006647,-0.002351,-2.789384,0.000025,0.000710,-0.001378,0.418532,0.080935,-1.940184,0.000192,0.000813,-0.001283
1.2500,-0.006647,-0.002351,-2.789284,0.000025,0.000711,-0.001378,0.423588,0.083045,-1.940371,-0.000061,0.000681,-0.001391
1.3000,-0.006648,-0.002351,-2.789185,0.000025,0.000711,-0.001378,0.426957,0.084451,-1.939992,0.000054,0.000748,-0.001515
1.3500,-0.006648,-0.002351,-2.789088,0.000025,0.000712,-0.001378,0.432015,0.086562,-1.940181,0.000130,0.000727,-0.001521
1.4000,-0.006649,-0.002351,-2.788991,0.000025,0.000712,-0.001378,0.435385,0.087968,-1.939803,-0.000074,0.000651,-0.001340
1.4500,-0.006649,-0.002351,-2.788895,0.000024,0.000712,-0.001378,0.440443,0.090077,-1.939995,-0.000014,0.000794,-0.001476
1.5000,-0.006650,-0.002351,-2.788800,0.000024,0.000713,-0.001378,-0.210056,-0.067301,-1.939583,0.000129,0.000814,-0.001605
1.5500,-0.006651,-0.002351,-2.788706,0.000024,0.000713,-0.001378,-0.233728,-0.072167,-1.939773,-0.000089,0.000654,-0.001469
1.6000,-0.006651,-0.002351,-2.788613,0.000024,0.000713,-0.001378,-0.249509,-0.075411,-1.939401,-0.000029,0.000823,-0.001215
1.6500,-0.006652,-0.002350,-2.788521,0.000024,0.000714,-0.001378,-0.273178,-0.080278,-1.939594,-0.000028,0.000735,-0.001399
1.7000,-0.006652,-0.002350,-2.788430,0.000024,0.000714,-0.001378,-0.288957,-0.083520,-1.939223,0.000148,0.000793,-0.001448
1.7500,-0.006653,-0.002350,-2.788340,0.000024,0.000715,-0.001378,-0.312625,-0.088382,-1.939419,0.000055,0.000818,-0.001265
1.8020,-0.006653,-0.002350,-2.788251,0.000024,0.000715,-0.001378,-0.328402,-0.091623,-1.939049,0.000197,0.000775,-0.001269
1.8500,-0.006654,-0.002350,-2.788163,0.000024,0.000715,-0.001378,-0.352066,-0.096487,-1.939249,0.000084,0.000573,-0.001419
1.9000,-0.006654,-0.002350,-2.788075,0.000024,0.000715,-0.001378,-0.367844,-0.099729,-1.938880,-0.000047,0.000648,-0.001238
1.9500,-0.006655,-0.002350,-2.787989,0.000024,0.000716,-0.001378,-0.391509,-0.104593,-1.939083,-0.000121,0.000428,-0.001451
2.0000,-0.006655,-0.002350,-2.787903,0.000023,0.000716,-0.001378,-0.407288,-0.107836,-1.938715,0.000073,0.000585,-0.001434
2.0500,-0.006656,-0.002350,-2.787818,0.000023,0.000716,-0.001378,-0.430957,-0.112701,-1.938922,0.000104,0.000778,-0.001362
2.1000,-0.006656,-0.002350,-2.787734,0.000023,0.000717,-0.001378,-0.446738,-0.115944,-1.938551,0.000002,0.000681,-0.001406
2.1500,-0.006657,-0.002350,-2.787651,0.000023,0.000717,-0.001378,-0.470407,-0.120809,-1.938759,-0.000051,0.000688,-0.001545
2.2020,-0.006657,-0.002350,-2.787569,0.000023,0.000717,-0.001378,-0.486187,-0.124052,-1.938390,-0.000051,0.000539,-0.001300
2.2500,-0.006657,-0.002350,-2.787488,0.000023,0.000717,-0.001378,-0.509858,-0.128917,-1.938600,-0.000163,0.000735,-0.001356
2.3000,-0.006658,-0.002350,-2.787407,0.000023,0.000718,-0.001377,-0.525639,-0.132160,-1.938230,0.000052,0.000774,-0.001436
2.3500,-0.006658,-0.002350,-2.787327,0.000023,0.000718,-0.001377,-0.549308,-0.137025,-1.938442,0.000115,0.000796,-0.001436
2.4000,-0.006659,-0.002350,-2.787248,0.000023,0.000718,-0.001377,-0.565088,-0.140268,-1.938073,-0.000117,0.000858,-0.001373
2.4500,-0.006659,-0.002350,-2.787170,0.000023,0.000718,-0.001377,-0.588755,-0.145137,-1.938286,-0.000047,0.000729,-0.001261
2.5000,-0.006660,-0.002349,-2.787093,0.000023,0.000719,-0.001377,-0.099572,-0.073168,-1.937942,-0.000018,0.000695,-0.001355
2.5500,-0.006660,-0.002349,-2.787016,0.000023,0.000719,-0.001377,-0.101048,-0.074729,-1.938161,-0.000002,0.000612,-0.001497
2.6020,-0.006661,-0.002349,-2.786941,0.000023,0.000719,-0.001377,-0.102032,-0.075770,-1.937789,-0.000088,0.000672,-0.001346
2.6500,-0.006661,-0.002349,-2.786865,0.000023,0.000719,-0.001377,-0.103511,-0.077330,-1.938010,-0.000019,0.000780,-0.001172
2.7000,-0.006662,-0.002349,-2.786791,0.000023,0.000720,-0.001377,-0.104497,-0.078370,-1.937639,-0.000175,0.000572,-0.001465
2.7500,-0.006662,-0.002349,-2.786718,0.000023,0.000720,-0.001377,-0.105977,-0.079930,-1.937861,-0.000022,0.000625,-0.001443
2.8000,-0.006662,-0.002349,-2.786645,0.000023,0.000720,-0.001377,-0.106964,-0.080972,-1.937491,-0.000034,0.000743,-0.001323
2.8520,-0.006663,-0.002349,-2.786573,0.000023,0.000720,-0.001377,-0.108445,-0.082533,-1.937714,0.000167,0.000706,-0.001534
2.9000,-0.006663,-0.002349,-2.786502,0.000023,0.000721,-0.001377,-0.109433,-0.083575,-1.937346,-0.000004,0.000692,-0.001396
2.9500,-0.006664,-0.002349,-2.786431,0.000023,0.000721,-0.001377,-0.110914,-0.085137,-1.937570,0.000092,0.000827,-0.001285
3.0000,-0.006664,-0.002349,-2.786361,0.000023,0.000721,-0.001377,-0.111900,-0.086180,-1.937203,0.000015,0.000640,-0.001345
3.0500,-0.006665,-0.002349,-2.786292,0.000023,0.000721,-0.001377,-0.113379,-0.087744,-1.937429,0.000023,0.000835,-0.001169
3.1000,-0.006665,-0.002349,-2.786224,0.000023,0.000721,-0.001377,-0.114366,-0.088787,-1.937063,-0.000161,0.000623,-0.001308
3.1500,-0.006665,-0.002349,-2.786156,0.000023,0.000722,-0.001377,-0.115847,-0.090347,-1.937290,0.000171,0.000880,-0.001387
3.2000,-0.006666,-0.002349,-2.786089,0.000023,0.000722,-0.001377,-0.116836,-0.091387,-1.936926,0.000211,0.000783,-0.001384
3.2500,-0.006666,-0.002349,-2.786023,0.000023,0.000722,-0.001377,-0.118319,-0.092949,-1.937155,-0.000044,0.000758,-0.001503
3.3000,-0.006667,-0.002349,-2.785957,0.000023,0.000722,-0.001377,-0.119310,-0.093991,-1.936792,0.000078,0.000653,-0.001216
3.3500,-0.006667,-0.002349,-2.785892,0.000023,0.000722,-0.001377,-0.120795,-0.095553,-1.937022,-0.000096,0.000727,-0.001301
3.4000,-0.006667,-0.002349,-2.785828,0.000023,0.000723,-0.001377,-0.121786,-0.096594,-1.936661,-0.000029,0.000601,-0.001251
3.4500,-0.006668,-0.002349,-2.785764,0.000023,0.000723,-0.001377,-0.123273,-0.098157,-1.936892,-0.000022,0.000589,-0.001242
3.5020,-0.006668,-0.002349,-2.785701,0.000023,0.000723,-0.001377,-0.148578,-0.379217,-1.936532,0.000033,0.000932,-0.001474
3.5500,-0.006669,-0.002349,-2.785639,0.000023,0.000723,-0.001377,-0.151135,-0.393081,-1.936764,-0.000140,0.000832,-0.001330
3.6000,-0.006669,-0.002349,-2.785577,0.000023,0.000723,-0.001377,-0.152838,-0.402322,-1.936405,0.000177,0.000778,-0.001357
3.6500,-0.006669,-0.002349,-2.785516,0.000023,0.000723,-0.001377,-0.155391,-0.416187,-1.936639,-0.000065,0.000836,-0.001256
3.7000,-0.006670,-0.002349,-2.785455,0.000023,0.000724,-0.001377,-0.157090,-0.425430,-1.936282,-0.000032,0.000893,-0.001444
3.7500,-0.006670,-0.002349,-2.785395,0.000023,0.000724,-0.001377,-0.159639,-0.439292,-1.936515,0.000057,0.000750,-0.001316
3.8000,-0.006670,-0.002349,-2.785336,0.000023,0.000724,-0.001377,-0.161339,-0.448533,-1.936160,0.000020,0.000608,-0.001285
3.8500,-0.006671,-0.002349,-2.785277,0.000023,0.000724,-0.001377,-0.163891,-0.462393,-1.936396,-0.000188,0.000720,-0.001372
3.9000,-0.006671,-0.002349,-2.785219,0.000023,0.000724,-0.001377,-0.165594,-0.471632,-1.936041,0.000154,0.000635,-0.001306
3.9500,-0.006672,-0.002349,-2.785162,0.000023,0.000725,-0.001377,-0.168149,-0.485489,-1.936279,0.000093,0.000695,-0.001375
4.0000,-0.006672,-0.002348,-2.785105,0.000023,0.000725,-0.001377,-0.169854,-0.494727,-1.935926,0.000196,0.000730,-0.001290
4.0500,-0.006665,-0.002346,-2.785238,0.000022,0.000688,-0.001376,-0.172404,-0.508585,-1.936337,0.000061,0.000567,-0.001326
4.1000,-0.006609,-0.002330,-2.786408,0.000012,0.000433,-0.001364,-0.174072,-0.517816,-1.936988,-0.000053,0.000463,-0.001458
4.1500,-0.006478,-0.002295,-2.789183,-0.000048,-0.000114,-0.001335,-0.176482,-0.531642,-1.940351,-0.000063,-0.000117,-0.001357
4.2000,-0.006286,-0.002251,-2.793659,-0.000193,-0.000864,-0.001288,-0.178032,-0.540850,-1.944178,-0.000135,-0.000868,-0.001225
4.2500,-0.006070,-0.002202,-2.799687,-0.000417,-0.001701,-0.001226,-0.180315,-0.554656,-1.951529,-0.000478,-0.001627,-0.001275
4.3000,-0.005863,-0.002151,-2.807034,-0.000688,-0.002546,-0.001157,-0.181837,-0.563859,-1.958260,-0.000682,-0.002681,-0.001205
4.3500,-0.005687,-0.002100,-2.815462,-0.000978,-0.003352,-0.001084,-0.184142,-0.577667,-1.968662,-0.001044,-0.003645,-0.000900
4.4000,-0.005548,-0.002051,-2.824756,-0.001267,-0.004091,-0.001013,-0.185717,-0.586871,-1.977343,-0.001369,-0.004061,-0.000908
4.4520,-0.005444,-0.002005,-2.834735,-0.001539,-0.004746,-0.000947,-0.188094,-0.600688,-1.989780,-0.001672,-0.004809,-0.000724
4.5000,-0.005366,-0.001965,-2.845251,-0.001782,-0.005307,-0.000888,0.326316,-0.209679,-1.999392,-0.001783,-0.005302,-0.001109
4.5500,-0.005304,-0.001932,-2.856187,-0.001990,-0.005774,-0.000839,0.346580,-0.205913,-2.013037,-0.002253,-0.005902,-0.000644
4.6000,-0.005247,-0.001907,-2.867453,-0.002159,-0.006152,-0.000800,0.360078,-0.203407,-2.023384,-0.002308,-0.006114,-0.000770
4.6500,-0.005193,-0.001891,-2.878975,-0.002288,-0.006447,-0.000766,0.380340,-0.199660,-2.037857,-0.002385,-0.006498,-0.000726
4.7000,-0.005136,-0.001881,-2.890697,-0.002378,-0.006664,-0.000740,0.393845,-0.197165,-2.048369,-0.002370,-0.006624,-0.000755
4.7500,-0.005077,-0.001878,-2.902575,-0.002430,-0.006813,-0.000722,0.414120,-0.193433,-2.063367,-0.002264,-0.006876,-0.000801
4.8000,-0.005014,-0.001880,-2.914575,-0.002447,-0.006900,-0.000709,0.427634,-0.190951,-2.073808,-0.002514,-0.007041,-0.000502
4.8500,-0.004945,-0.001889,-2.926670,-0.002433,-0.006933,-0.000700,0.447917,-0.187233,-2.089138,-0.002387,-0.006999,-0.000571
4.9000,-0.004872,-0.001904,-2.938840,-0.002390,-0.006920,-0.000694,0.461445,-0.184759,-2.099378,-0.002510,-0.006868,-0.000722
4.9520,-0.004795,-0.001924,-2.951068,-0.002324,-0.006868,-0.000690,0.481738,-0.181053,-2.114911,-0.002266,-0.006940,-0.000610
5.0000,-0.004715,-0.001948,-2.963341,-0.002236,-0.006783,-0.000689,0.495283,-0.178589,-2.124889,-0.002214,-0.006842,-0.000649
5.0500,-0.004633,-0.001975,-2.975651,-0.002130,-0.006670,-0.000689,0.515584,-0.174884,-2.140531,-0.002205,-0.006546,-0.000695
5.1000,-0.004550,-0.002005,-2.987989,-0.002011,-0.006535,-0.000690,0.529141,-0.172425,-2.150235,-0.002146,-0.006756,-0.000649
5.1500,-0.004466,-0.002037,-3.000349,-0.001880,-0.006382,-0.000692,0.549441,-0.168724,-2.165925,-0.001932,-0.006414,-0.000682
5.2000,-0.004383,-0.002070,-3.012727,-0.001741,-0.006216,-0.000695,0.563007,-0.166266,-2.175371,-0.001807,-0.006187,-0.000429
5.2500,-0.004301,-0.002104,-3.025120,-0.001596,-0.006039,-0.000699,0.583300,-0.162560,-2.191070,-0.001396,-0.006036,-0.000825
5.3000,-0.004220,-0.002138,-3.037523,-0.001448,-0.005855,-0.000704,0.596872,-0.160105,-2.200295,-0.001383,-0.005821,-0.000563
5.3500,-0.004141,-0.002171,-3.049936,-0.001297,-0.005666,-0.000709,0.617161,-0.156400,-2.215969,-0.001271,-0.005503,-0.000753
5.4000,-0.004064,-0.002203,-3.062356,-0.001147,-0.005473,-0.000715,0.630735,-0.153943,-2.225015,-0.001092,-0.005380,-0.000867
5.4500,-0.003989,-0.002235,-3.074782,-0.000999,-0.005280,-0.000721,0.651020,-0.150235,-2.240643,-0.000899,-0.005413,-0.000685
5.5000,-0.003916,-0.002265,-3.087213,-0.000853,-0.005087,-0.000729,0.779799,0.436274,-2.249552,-0.000710,-0.005134,-0.000697
5.5500,-0.003846,-0.002294,-3.099648,-0.000712,-0.004895,-0.000737,0.805132,0.465662,-2.265102,-0.000576,-0.004644,-0.000754
5.6000,-0.003778,-0.002321,-3.112086,-0.000575,-0.004706,-0.000745,0.822029,0.485253,-2.273921,-0.000645,-0.004689,-0.000704
5.6500,-0.003712,-0.002346,-3.124527,-0.000444,-0.004520,-0.000754,0.847359,0.514644,-2.289404,-0.000297,-0.004439,-0.000792
5.7000,-0.003649,-0.002370,-3.136971,-0.000319,-0.004338,-0.000763,0.864250,0.534244,-2.298176,-0.000241,-0.004497,-0.000846
5.7500,-0.003589,-0.002392,-3.149416,-0.000201,-0.004160,-0.000772,0.889562,0.563646,-2.313584,-0.000113,-0.004021,-0.000856
5.8000,-0.003532,-0.002411,-3.161862,-0.000089,-0.003986,-0.000781,0.906448,0.583247,-2.322350,-0.000159,-0.004013,-0.000708
5.8500,-0.003477,-0.002429,-3.174311,0.000016,-0.003818,-0.000791,0.931750,0.612658,-2.337690,0.000100,-0.003923,-0.000764
5.9000,-0.003425,-0.002445,-3.186760,0.000114,-0.003654,-0.000800,0.948625,0.632269,-2.346477,0.000029,-0.003702,-0.000703
5.9500,-0.003376,-0.002458,-3.199210,0.000205,-0.003496,-0.000809,0.973911,0.661690,-2.361751,0.000326,-0.003419,-0.000846
6.0000,-0.003329,-0.002470,-3.211661,0.000289,-0.003343,-0.000818,0.990775,0.681309,-2.370582,0.000256,-0.003301,-0.000875
6.0500,-0.003284,-0.002480,-3.224113,0.000366,-0.003195,-0.000827,1.016057,0.710733,-2.385798,0.000321,-0.002986,-0.000608
6.1000,-0.003242,-0.002489,-3.236566,0.000437,-0.003053,-0.000836,1.032913,0.730359,-2.394691,0.000393,-0.002950,-0.000786
6.1500,-0.003202,-0.002496,-3.249020,0.000501,-0.002915,-0.000844,1.058187,0.759790,-2.409857,0.000496,-0.002962,-0.000913
6.2000,-0.003164,-0.002501,-3.261474,0.000559,-0.002783,-0.000852,1.075038,0.779420,-2.418820,0.000472,-0.002945,-0.000924
6.2500,-0.003129,-0.002505,-3.273928,0.000612,-0.002656,-0.000860,1.100305,0.808858,-2.433938,0.000617,-0.002671,-0.001062
6.3000,-0.003095,-0.002508,-3.286383,0.000659,-0.002534,-0.000868,1.117151,0.828490,-2.442980,0.000740,-0.002419,-0.000841
6.3500,-0.003064,-0.002509,-3.298839,0.000700,-0.002417,-0.000876,1.142408,0.857931,-2.458064,0.000871,-0.002457,-0.000802
6.4000,-0.003034,-0.002509,-3.311295,0.000737,-0.002304,-0.000883,1.159244,0.877567,-2.467187,0.000754,-0.002407,-0.001029
6.4500,-0.003007,-0.002508,-3.323751,0.000769,-0.002196,-0.000890,1.184495,0.907005,-2.482241,0.000666,-0.002128,-0.001009
6.5000,-0.002981,-0.002506,-3.336208,0.000797,-0.002093,-0.000897,0.445641,-0.465733,-2.491684,0.000646,-0.002176,-0.000803
6.5500,-0.002957,-0.002503,-3.348666,0.000821,-0.001994,-0.000904,0.437682,-0.497455,-2.506739,0.001093,-0.001882,-0.000971
6.6000,-0.002934,-0.002499,-3.361123,0.000841,-0.001899,-0.000910,0.432368,-0.518599,-2.515978,0.000690,-0.002002,-0.001086
6.6500,-0.002913,-0.002495,-3.373581,0.000858,-0.001808,-0.000916,0.424393,-0.550318,-2.531010,0.000836,-0.001803,-0.000847
6.7000,-0.002893,-0.002490,-3.386040,0.000872,-0.001722,-0.000922,0.419076,-0.571461,-2.540325,0.000968,-0.001770,-0.000937
6.7500,-0.002875,-0.002484,-3.398498,0.000882,-0.001639,-0.000928,0.411102,-0.603177,-2.555342,0.000825,-0.001501,-0.000954
6.8000,-0.002858,-0.002478,-3.410958,0.000891,-0.001559,-0.000934,0.405778,-0.624314,-2.564733,0.000905,-0.001465,-0.000915
6.8500,-0.002843,-0.002471,-3.423417,0.000896,-0.001484,-0.000940,0.397796,-0.656022,-2.579745,0.000884,-0.001499,-0.000899
6.9000,-0.002829,-0.002464,-3.435877,0.000900,-0.001412,-0.000945,0.392471,-0.677159,-2.589204,0.000857,-0.001319,-0.000921
6.9500,-0.002816,-0.002456,-3.448337,0.000901,-0.001343,-0.000951,0.384484,-0.708866,-2.604209,0.000743,-0.001370,-0.000918
7.0000,-0.002804,-0.002448,-3.460797,0.000901,-0.001277,-0.000956,0.379159,-0.730000,-2.613729,0.000964,-0.001408,-0.000835
7.0500,-0.002793,-0.002440,-3.473258,0.000899,-0.001214,-0.000961,0.371171,-0.761704,-2.628741,0.000941,-0.001141,-0.000919
7.1000,-0.002783,-0.002432,-3.485719,0.000896,-0.001155,-0.000966,0.365844,-0.782838,-2.638315,0.000756,-0.001120,-0.000868
7.1500,-0.002774,-0.002423,-3.498181,0.000892,-0.001098,-0.000970,0.357849,-0.814542,-2.653326,0.000803,-0.001035,-0.001036
7.2000,-0.002766,-0.002415,-3.510643,0.000887,-0.001044,-0.000975,0.352514,-0.835671,-2.662947,0.000865,-0.001092,-0.001011
7.2500,-0.002759,-0.002406,-3.523105,0.000880,-0.000993,-0.000980,0.344516,-0.867368,-2.677971,0.000962,-0.000858,-0.000945
7.3000,-0.002753,-0.002397,-3.535567,0.000873,-0.000944,-0.000984,0.339185,-0.888498,-2.687632,0.000947,-0.000853,-0.000880
7.3500,-0.002747,-0.002388,-3.548030,0.000865,-0.000898,-0.000989,0.331191,-0.920195,-2.702668,0.000679,-0.001155,-0.001043
7.4000,-0.002743,-0.002379,-3.560493,0.000857,-0.000854,-0.000993,-0.014079,0.075825,-3.514849,0.000778,-0.000723,-0.001074
7.4500,-0.002739,-0.002370,-3.572956,0.000848,-0.000812,-0.000997,-0.037828,0.090655,-3.589013,0.000885,-0.000908,-0.000818
7.5000,-0.002735,-0.002361,-3.585420,0.000839,-0.000772,-0.001001,-0.040580,0.096098,-3.604128,0.000670,-0.000715,-0.001031
7.5520,-0.002732,-0.002352,-3.597884,0.000829,-0.000735,-0.001005,-0.060539,0.109642,-3.673456,0.000783,-0.000749,-0.001036
7.6000,-0.002730,-0.002344,-3.610348,0.000819,-0.000699,-0.001009,-0.073794,0.118743,-3.662568,0.000679,-0.000642,-0.000910
7.6500,-0.002729,-0.002335,-3.622813,0.000809,-0.000665,-0.001013,-0.093735,0.132300,-3.723611,0.000678,-0.000507,-0.000993
7.7000,-0.002728,-0.002326,-3.635278,0.000799,-0.000633,-0.001017,-0.106936,0.141488,-3.678065,0.000947,-0.000649,-0.000905
7.7500,-0.002727,-0.002317,-3.647743,0.000789,-0.000603,-0.001021,-0.126856,0.155083,-3.727522,0.000929,-0.000556,-0.000948
7.8000,-0.002727,-0.002309,-3.660208,0.000779,-0.000575,-0.001025,-0.140007,0.164382,-3.646411,0.000827,-0.000467,-0.000850
7.8520,-0.002727,-0.002300,-3.672674,0.000769,-0.000548,-0.001028,-0.159908,0.178007,-3.682030,0.000549,-0.000406,-0.001136
7.9000,-0.002728,-0.002292,-3.685140,0.000758,-0.000522,-0.001032,-0.173028,0.187379,-3.574298,0.000667,-0.000598,-0.001119
7.9500,-0.002729,-0.002284,-3.697607,0.000749,-0.000498,-0.001036,-0.192901,0.201050,-3.595501,0.000654,-0.000517,-0.001254
8.0000,-0.002730,-0.002276,-3.710073,0.000739,-0.000475,-0.001039,-0.206005,0.210454,-3.476655,0.000675,-0.000525,-0.001080
8.0500,-0.002738,-0.002270,-3.722399,0.000728,-0.000426,-0.001044,-0.225868,0.224164,-3.484434,0.000832,-0.000377,-0.000975
8.1000,-0.002781,-0.002276,-3.733961,0.000707,-0.000214,-0.001055,-0.239028,0.233561,-3.369543,0.000630,-0.000213,-0.001108
8.1500,-0.002890,-0.002310,-3.744084,0.000645,0.000273,-0.001077,-0.258985,0.247257,-3.363830,0.000606,0.000292,-0.001013
8.2000,-0.003063,-0.002378,-3.752541,0.000508,0.000993,-0.001101,-0.272354,0.256572,-3.261957,0.000619,0.000999,-0.001162
8.2500,-0.003268,-0.002470,-3.759415,0.000297,0.001834,-0.001117,-0.292406,0.270224,-3.243924,0.000258,0.001875,-0.001171
8.3020,-0.003474,-0.002572,-3.764916,0.000040,0.002704,-0.001122,-0.306031,0.279430,-3.160533,-0.000077,0.002776,-0.001101
8.3500,-0.003656,-0.002669,-3.769281,-0.000232,0.003550,-0.001119,-0.326034,0.293096,-3.133609,-0.000377,0.003693,-0.001061
8.4000,-0.003805,-0.002752,-3.772727,-0.000498,0.004337,-0.001113,-0.339794,0.302221,-3.070519,-0.000593,0.004312,-0.001229
8.4500,-0.003918,-0.002816,-3.775442,-0.000745,0.005046,-0.001104,-0.359692,0.315944,-3.038030,-0.000711,0.005137,-0.001282
8.5000,-0.003999,-0.002861,-3.777578,-0.000963,0.005667,-0.001095,0.124387,-0.344923,-2.994585,-0.000896,0.005627,-0.001128
8.5500,-0.004055,-0.002890,-3.779256,-0.001147,0.006195,-0.001087,0.135824,-0.373213,-2.959279,-0.001063,0.006360,-0.001126
8.6000,-0.004092,-0.002906,-3.780575,-0.001296,0.006632,-0.001081,0.143449,-0.392064,-2.932510,-0.001292,0.006680,-0.001203
8.6500,-0.004117,-0.002913,-3.781611,-0.001410,0.006981,-0.001076,0.154957,-0.420318,-2.896225,-0.001393,0.007150,-0.000942
8.7000,-0.004134,-0.002913,-3.782424,-0.001491,0.007249,-0.001073,0.162817,-0.439110,-2.883612,-0.001421,0.007453,-0.001096
8.7500,-0.004146,-0.002909,-3.783064,-0.001541,0.007438,-0.001072,0.174378,-0.467343,-2.847759,-0.001426,0.007593,-0.001069
8.8000,-0.004154,-0.002903,-3.783571,-0.001563,0.007562,-0.001071,0.182553,-0.486063,-2.846548,-0.001823,0.007560,-0.000990
8.8500,-0.004160,-0.002896,-3.783963,-0.001563,0.007642,-0.001072,0.194163,-0.514283,-2.812128,-0.001482,0.007673,-0.000969
8.9000,-0.004165,-0.002890,-3.784258,-0.001542,0.007670,-0.001074,0.202693,-0.532914,-2.819787,-0.001476,0.007670,-0.001036
8.9500,-0.004169,-0.002884,-3.784476,-0.001506,0.007644,-0.001076,0.214365,-0.561129,-2.787482,-0.001458,0.007573,-0.001040
9.0000,-0.004172,-0.002879,-3.784635,-0.001462,0.007574,-0.001079,0.223262,-0.579675,-2.801843,-0.001347,0.007608,-0.001140
9.0500,-0.004174,-0.002875,-3.784747,-0.001412,0.007469,-0.001081,0.235001,-0.607879,-2.772122,-0.001409,0.007460,-0.001113
9.1000,-0.004176,-0.002872,-3.784823,-0.001359,0.007335,-0.001084,0.244223,-0.626355,-2.791345,-0.001348,0.007246,-0.001095
9.1500,-0.004177,-0.002870,-3.784872,-0.001305,0.007177,-0.001086,0.256044,-0.654542,-2.764500,-0.001363,0.007194,-0.001141
9.2000,-0.004178,-0.002868,-3.784900,-0.001252,0.006999,-0.001089,0.265507,-0.672965,-2.787014,-0.001341,0.006939,-0.001008
9.2500,-0.004178,-0.002866,-3.784910,-0.001200,0.006807,-0.001090,0.277423,-0.701130,-2.763186,-0.001337,0.006717,-0.001058
9.3000,-0.004179,-0.002865,-3.784907,-0.001150,0.006604,-0.001092,0.287018,-0.719518,-2.787671,-0.001241,0.006640,-0.000985
9.3500,-0.004179,-0.002864,-3.784893,-0.001103,0.006393,-0.001093,0.299025,-0.747660,-2.766885,-0.001071,0.006384,-0.001097
9.4000,-0.004180,-0.002863,-3.784871,-0.001059,0.006177,-0.001094,0.308643,-0.766056,-2.792250,-0.001086,0.006205,-0.001058
9.4520,-0.004180,-0.002861,-3.784843,-0.001017,0.005958,-0.001095,0.320737,-0.794183,-2.774441,-0.000977,0.005949,-0.000996
9.5000,-0.004181,-0.002860,-3.784809,-0.000978,0.005739,-0.001096,-0.517579,-0.453924,-2.799228,-0.000814,0.005587,-0.001023
9.5500,-0.004182,-0.002859,-3.784771,-0.000942,0.005520,-0.001096,-0.542366,-0.466401,-2.784232,-0.000986,0.005554,-0.001120
9.6000,-0.004182,-0.002858,-3.784730,-0.000908,0.005304,-0.001097,-0.558609,-0.474664,-2.808975,-0.000770,0.005230,-0.001108
9.6500,-0.004183,-0.002856,-3.784687,-0.000877,0.005092,-0.001097,-0.583365,-0.487136,-2.796648,-0.000968,0.005106,-0.000831
9.7000,-0.004184,-0.002854,-3.784641,-0.000848,0.004884,-0.001098,-0.097177,0.012565,-3.669791,-0.000849,0.004897,-0.001028
9.7520,-0.004185,-0.002852,-3.784594,-0.000821,0.004682,-0.001098,-0.096369,0.025444,-3.721844,-0.000721,0.004717,-0.001028
9.8000,-0.004185,-0.002850,-3.784546,-0.000796,0.004486,-0.001099,-0.095943,0.034015,-3.724228,-0.000722,0.004467,-0.001063
9.8500,-0.004186,-0.002848,-3.784497,-0.000772,0.004295,-0.001099,-0.095174,0.046886,-3.771696,-0.000784,0.004174,-0.001155
9.9000,-0.004186,-0.002846,-3.784447,-0.000749,0.004112,-0.001100,-0.095001,0.055405,-3.750003,-0.000906,0.004101,-0.001216
9.9500,-0.004186,-0.002843,-3.784398,-0.000727,0.003935,-0.001101,-0.094320,0.068260,-3.789758,-0.000788,0.003935,-0.001046
10.0000,-0.004187,-0.002841,-3.784348,-0.000707,0.003765,-0.001101,-0.094503,0.076716,-3.736569,-0.000739,0.003774,-0.001108
10.0500,-0.003962,-0.002839,-3.784303,-0.000687,0.003497,-0.001109,-0.093738,0.089549,-3.765690,-0.000735,0.003511,-0.001348
10.1000,-0.001761,-0.002845,-3.784330,-0.000683,0.002937,-0.001165,-0.092842,0.097927,-3.680996,-0.000637,0.002850,-0.001040
10.1500,0.004051,-0.002865,-3.784458,-0.000707,0.002101,-0.001317,-0.086086,0.110710,-3.697751,-0.000885,0.001922,-0.001212
10.2000,0.013630,-0.002896,-3.784662,-0.000755,0.001137,-0.001567,-0.079420,0.119013,-3.590575,-0.000827,0.001395,-0.001567
10.2500,0.026190,-0.002937,-3.784895,-0.000821,0.000196,-0.001859,-0.064511,0.131730,-3.594547,-0.000852,-0.000127,-0.001912
10.3000,0.040651,-0.002981,-3.785106,-0.000894,-0.000665,-0.002131,-0.053423,0.139963,-3.479053,-0.000974,-0.000660,-0.002071
10.3500,0.056063,-0.003023,-3.785267,-0.000962,-0.001394,-0.002358,-0.034863,0.152644,-3.471153,-0.000933,-0.001575,-0.002287
10.4000,0.071756,-0.003061,-3.785370,-0.001018,-0.001972,-0.002538,-0.022112,0.160845,-3.361160,-0.000935,-0.001876,-0.002413
10.4500,0.087390,-0.003098,-3.785418,-0.001059,-0.002402,-0.002705,-0.003191,0.173500,-3.343452,-0.000974,-0.002347,-0.002859
10.5000,0.102919,-0.003136,-3.785419,-0.001088,-0.002699,-0.002849,-0.366192,-0.112116,-3.248637,-0.001094,-0.002722,-0.002744
10.5500,0.118340,-0.003174,-3.785385,-0.001103,-0.002888,-0.002959,-0.378433,-0.123589,-3.223768,-0.001000,-0.002759,-0.003115
10.6000,0.133671,-0.003211,-3.785324,-0.001106,-0.002993,-0.003056,-0.386293,-0.131336,-3.148298,-0.001030,-0.002907,-0.003069
10.6500,0.148932,-0.003248,-3.785245,-0.001097,-0.003035,-0.003130,-0.398720,-0.142814,-3.118550,-0.001135,-0.002990,-0.003099
10.7000,0.164154,-0.003286,-3.785153,-0.001077,-0.003027,-0.003179,-0.406699,-0.150540,-3.062981,-0.001222,-0.002994,-0.003140
10.7500,0.179361,-0.003325,-3.785055,-0.001049,-0.002980,-0.003209,-0.419182,-0.162023,-3.030407,-0.001175,-0.002955,-0.003260
10.8000,0.194570,-0.003365,-3.784952,-0.001012,-0.002902,-0.003230,-0.427304,-0.169716,-2.992963,-0.001081,-0.002783,-0.003240
10.8500,0.209788,-0.003406,-3.784847,-0.000968,-0.002801,-0.003242,-0.439756,-0.181202,-2.959201,-0.001120,-0.002787,-0.003367
10.9000,0.225016,-0.003448,-3.784743,-0.000919,-0.002681,-0.003246,-0.448054,-0.188857,-2.937169,-0.001011,-0.002705,-0.003136
10.9500,0.240252,-0.003492,-3.784639,-0.000865,-0.002546,-0.003244,-0.460475,-0.200346,-2.903483,-0.000833,-0.002571,-0.003199
11.0000,0.255493,-0.003536,-3.784537,-0.000807,-0.002401,-0.003237,-0.468974,-0.207971,-2.893993,-0.000769,-0.002455,-0.003155
11.0520,0.270736,-0.003581,-3.784438,-0.000747,-0.002248,-0.003225,-0.481392,-0.219468,-2.861323,-0.000676,-0.002210,-0.003059
11.1000,0.285978,-0.003626,-3.784341,-0.000685,-0.002090,-0.003211,-0.490079,-0.227083,-2.861718,-0.000659,-0.001973,-0.003190
11.1500,0.301218,-0.003672,-3.784247,-0.000623,-0.001929,-0.003195,-0.502511,-0.238580,-2.830743,-0.000635,-0.002037,-0.003199
11.2000,0.316456,-0.003718,-3.784156,-0.000560,-0.001766,-0.003176,-0.511337,-0.246188,-2.838706,-0.000311,-0.001747,-0.003387
11.2500,0.331691,-0.003764,-3.784069,-0.000498,-0.001604,-0.003157,-0.523797,-0.257688,-2.809907,-0.000579,-0.001398,-0.003183
11.3000,0.346924,-0.003810,-3.783985,-0.000437,-0.001443,-0.003136,-0.532681,-0.265313,-2.823476,-0.000545,-0.001645,-0.002999
11.3500,0.362153,-0.003856,-3.783904,-0.000378,-0.001285,-0.003114,-0.545171,-0.276810,-2.797164,-0.000446,-0.001236,-0.003191
11.4000,0.377380,-0.003902,-3.783827,-0.000321,-0.001130,-0.003092,-0.554058,-0.284460,-2.814700,-0.000166,-0.001105,-0.003062
11.4520,0.392605,-0.003948,-3.783753,-0.000266,-0.000979,-0.003070,-0.566572,-0.295955,-2.791050,-0.000497,-0.000972,-0.003019
11.5000,0.407827,-0.003993,-3.783682,-0.000214,-0.000832,-0.003048,-0.679835,-0.361786,-2.811212,-0.000249,-0.000931,-0.003014
11.5500,0.423048,-0.004039,-3.783615,-0.000165,-0.000690,-0.003026,-0.697148,-0.375935,-2.790294,-0.000027,-0.000568,-0.003103
11.6000,0.438266,-0.004084,-3.783550,-0.000119,-0.000553,-0.003004,-0.708752,-0.385377,-2.811897,0.000034,-0.000613,-0.002903
11.6500,0.453482,-0.004128,-3.783489,-0.000075,-0.000420,-0.002982,-0.726069,-0.399528,-2.793696,-0.000009,-0.000246,-0.003062
11.7000,0.468695,-0.004173,-3.783430,-0.000036,-0.000292,-0.002961,-0.737648,-0.408981,-2.815848,-0.000116,-0.000365,-0.002958
11.7500,0.483907,-0.004217,-3.783374,0.000001,-0.000170,-0.002940,-0.754969,-0.423128,-2.800269,-0.000091,-0.000202,-0.003055
11.8000,0.499116,-0.004261,-3.783321,0.000035,-0.000052,-0.002919,-0.766523,-0.432581,-2.822229,0.000103,0.000044,-0.002951
11.8500,0.514324,-0.004304,-3.783270,0.000066,0.000060,-0.002899,-0.783848,-0.446726,-2.809135,0.000022,0.000083,-0.002907
11.9000,0.529529,-0.004347,-3.783222,0.000094,0.000168,-0.002880,-0.795364,-0.456189,-2.830321,0.000178,0.000326,-0.002885
11.9500,0.544732,-0.004390,-3.783176,0.000119,0.000271,-0.002860,-0.812689,-0.470336,-2.819533,0.000093,0.000279,-0.002888
12.0000,0.559932,-0.004432,-3.783132,0.000141,0.000370,-0.002842,-0.824167,-0.479806,-2.839511,0.000034,0.000232,-0.003121
12.0500,0.575131,-0.004474,-3.783091,0.000161,0.000464,-0.002824,-0.841495,-0.493948,-2.830824,0.000110,0.000620,-0.002906
12.1000,0.590328,-0.004515,-3.783051,0.000178,0.000553,-0.002806,-0.852939,-0.503420,-2.849286,0.000060,0.000528,-0.002991
12.1500,0.605523,-0.004557,-3.783014,0.000193,0.000639,-0.002789,-0.870262,-0.517562,-2.842479,0.000308,0.000681,-0.002792
12.2000,0.620715,-0.004597,-3.782978,0.000206,0.000720,-0.002772,-0.881682,-0.527037,-2.859231,0.000056,0.000758,-0.002757
12.2500,0.635906,-0.004638,-3.782944,0.000216,0.000797,-0.002756,-0.899002,-0.541177,-2.854079,0.000234,0.000917,-0.002757
12.3000,0.651095,-0.004678,-3.782912,0.000225,0.000871,-0.002741,-0.910403,-0.550651,-2.869013,0.000318,0.000767,-0.002623
12.3500,0.666281,-0.004718,-3.782882,0.000233,0.000941,-0.002725,-0.927719,-0.564794,-2.865298,0.000294,0.001077,-0.002646
12.4000,0.681466,-0.004758,-3.782853,0.000238,0.001007,-0.002711,-0.939107,-0.574270,-2.878386,0.000296,0.001038,-0.002662
12.4500,0.696649,-0.004797,-3.782826,0.000242,0.001071,-0.002696,-0.956419,-0.588416,-2.875895,0.000160,0.001042,-0.002626
12.5000,0.711830,-0.004836,-3.782801,0.000245,0.001131,-0.002682,-0.749305,-0.413521,-2.887205,0.000259,0.001099,-0.002717
12.5500,0.727009,-0.004875,-3.782776,0.000247,0.001188,-0.002669,-0.757184,-0.419708,-2.885745,0.000151,0.001277,-0.002708
12.6020,0.742187,-0.004913,-3.782753,0.000247,0.001242,-0.002656,-0.762407,-0.423840,-2.895276,0.000256,0.001283,-0.002624
12.6500,0.757362,-0.004952,-3.782732,0.000247,0.001293,-0.002643,-0.770285,-0.430028,-2.894654,0.000161,0.001404,-0.002840
12.7000,0.772536,-0.004990,-3.782712,0.000246,0.001341,-0.002630,-0.775511,-0.434159,-2.902558,0.000129,0.001179,-0.002574
12.7500,0.787708,-0.005027,-3.782693,0.000244,0.001387,-0.002618,-0.783393,-0.440345,-2.902609,0.000177,0.001362,-0.002536
12.8020,0.802878,-0.005065,-3.782675,0.000241,0.001431,-0.002607,-0.788624,-0.444473,-2.909020,0.000198,0.001372,-0.002538
12.8500,0.818046,-0.005102,-3.782658,0.000237,0.001472,-0.002595,-0.796511,-0.450656,-2.909596,0.000324,0.001597,-0.002516
12.9000,0.833213,-0.005139,-3.782642,0.000234,0.001511,-0.002584,-0.801746,-0.454783,-2.914659,0.000216,0.001353,-0.002703
12.9520,0.848378,-0.005176,-3.782627,0.000229,0.001548,-0.002573,-0.809635,-0.460967,-2.915632,0.000249,0.001645,-0.002410
13.0000,0.863541,-0.005213,-3.782614,0.000225,0.001583,-0.002563,-0.814876,-0.465094,-2.919502,0.000264,0.001616,-0.002696
13.0500,0.878703,-0.005250,-3.782601,0.000220,0.001616,-0.002552,-0.822766,-0.471279,-2.920759,0.000253,0.001719,-0.002603
13.1000,0.893863,-0.005286,-3.782589,0.000214,0.001647,-0.002542,-0.828015,-0.475404,-2.923586,0.000205,0.001709,-0.002583
13.1500,0.909021,-0.005322,-3.782578,0.000209,0.001677,-0.002533,-0.835906,-0.481589,-2.925035,0.000059,0.001761,-0.002341
13.2020,0.924178,-0.005358,-3.782568,0.000203,0.001705,-0.002523,-0.841161,-0.485714,-2.926969,0.000120,0.001677,-0.002560
13.2500,0.939333,-0.005394,-3.782558,0.000198,0.001731,-0.002514,-0.849056,-0.491898,-2.928532,0.000199,0.001715,-0.002587
13.3000,0.954486,-0.005430,-3.782550,0.000192,0.001756,-0.002505,-0.854322,-0.496021,-2.929712,0.000216,0.001785,-0.002680
13.3500,0.969638,-0.005466,-3.782542,0.000186,0.001779,-0.002496,-0.862223,-0.502202,-2.931325,0.000116,0.001796,-0.002409
13.4000,0.984789,-0.005501,-3.782535,0.000180,0.001801,-0.002487,-0.867494,-0.506324,-2.931881,0.000135,0.001683,-0.002490
13.4500,0.999938,-0.005537,-3.782529,0.000175,0.001822,-0.002479,-0.875398,-0.512506,-2.933496,0.000311,0.001698,-0.002348
13.5000,1.015085,-0.005572,-3.782523,0.000169,0.001841,-0.002471,-0.729593,-0.395562,-2.933574,0.000218,0.001797,-0.002462
13.5500,1.030231,-0.005607,-3.782518,0.000163,0.001860,-0.002463,-0.730866,-0.396425,-2.935155,0.000144,0.001930,-0.002499
13.6000,1.045376,-0.005642,-3.782514,0.000157,0.001877,-0.002455,-0.731720,-0.396999,-2.934799,0.000345,0.001888,-0.002386
13.6520,1.060519,-0.005677,-3.782510,0.000152,0.001894,-0.002447,-0.732998,-0.397862,-2.936314,-0.000025,0.001954,-0.002495
13.7000,1.075660,-0.005712,-3.782507,0.000146,0.001909,-0.002439,-0.733855,-0.398437,-2.935650,-0.000034,0.001878,-0.002428
13.7500,1.090800,-0.005746,-3.782504,0.000141,0.001923,-0.002432,-0.735134,-0.399297,-2.937078,0.000072,0.001946,-0.002554
13.8000,1.105939,-0.005781,-3.782502,0.000136,0.001937,-0.002425,-0.735995,-0.399869,-2.936188,0.000182,0.001801,-0.002410
13.8500,1.121076,-0.005815,-3.782501,0.000131,0.001949,-0.002417,-0.737280,-0.400726,-2.937517,0.000091,0.002064,-0.002422
13.9000,1.136212,-0.005850,-3.782500,0.000126,0.001961,-0.002410,-0.738148,-0.401298,-2.936469,0.000130,0.001927,-0.002532
13.9500,1.151347,-0.005884,-3.782500,0.000121,0.001972,-0.002404,-0.739441,-0.402155,-2.937691,0.000288,0.001866,-0.002296
14.0000,1.166480,-0.005918,-3.782500,0.000116,0.001983,-0.002397,-0.740315,-0.402726,-2.936544,-0.000023,0.002128,-0.002367
14.0500,1.181612,-0.005952,-3.782500,0.000112,0.001993,-0.002390,-0.741609,-0.403583,-2.937656,0.000077,0.002095,-0.002295
14.1000,1.196743,-0.005986,-3.782501,0.000108,0.002002,-0.002384,-0.742484,-0.404153,-2.936456,0.000197,0.002074,-0.002359
14.1500,1.211872,-0.006020,-3.782503,0.000103,0.002010,-0.002377,-0.743781,-0.405009,-2.937461,0.000157,0.002091,-0.002459
14.2000,1.227000,-0.006054,-3.782504,0.000099,0.002018,-0.002371,-0.744659,-0.405579,-2.936247,0.000190,0.002045,-0.002381
14.2500,1.242126,-0.006088,-3.782507,0.000095,0.002026,-0.002365,-0.745956,-0.406433,-2.937149,0.000204,0.002225,-0.002353
14.3000,1.257252,-0.006122,-3.782509,0.000092,0.002033,-0.002359,-0.746836,-0.407003,-2.935951,0.000002,0.001963,-0.002499
14.3500,1.272376,-0.006155,-3.782512,0.000088,0.002039,-0.002353,-0.748137,-0.407857,-2.936756,0.000160,0.002113,-0.002505
14.4000,1.287499,-0.006189,-3.782516,0.000085,0.002045,-0.002347,-0.749020,-0.408427,-2.935595,0.000128,0.002142,-0.002397
14.4500,1.302620,-0.006223,-3.782520,0.000081,0.002051,-0.002341,-0.750324,-0.409284,-2.936312,0.000248,0.001990,-0.002161
14.5000,1.317741,-0.006256,-3.782524,0.000078,0.002056,-0.002336,-0.704602,-0.375019,-2.935213,0.000070,0.002038,-0.002156
14.5500,1.332860,-0.006289,-3.782529,0.000075,0.002061,-0.002330,-0.703861,-0.374347,-2.935850,-0.000208,0.002180,-0.002481
14.6000,1.347978,-0.006323,-3.782533,0.000072,0.002065,-0.002324,-0.703372,-0.373899,-2.934808,0.000037,0.002078,-0.002176
14.6500,1.363095,-0.006356,-3.782539,0.000070,0.002070,-0.002319,-0.702637,-0.373223,-2.935373,-0.000141,0.002147,-0.002286
14.7000,1.378211,-0.006389,-3.782544,0.000067,0.002074,-0.002314,-0.702151,-0.372770,-2.934403,0.000194,0.002181,-0.002233
14.7500,1.393325,-0.006422,-3.782550,0.000064,0.002077,-0.002308,-0.701417,-0.372092,-2.934906,0.000122,0.002117,-0.002205
14.8000,1.408439,-0.006455,-3.782556,0.000062,0.002080,-0.002303,-0.700931,-0.371642,-2.934011,0.000122,0.002068,-0.002380
14.8500,1.423551,-0.006488,-3.782563,0.000060,0.002083,-0.002298,-0.700196,-0.370967,-2.934460,0.000087,0.002100,-0.002219
14.9000,1.438662,-0.006521,-3.782570,0.000058,0.002086,-0.002293,-0.699711,-0.370518,-2.933640,-0.000078,0.002165,-0.002284
14.9500,1.453772,-0.006554,-3.782577,0.000056,0.002089,-0.002288,-0.698980,-0.369844,-2.934044,0.000174,0.002122,-0.002299
15.0000,1.468881,-0.006587,-3.782584,0.000054,0.002091,-0.002283,-0.698499,-0.369393,-2.933298,-0.000035,0.001921,-0.002249
15.0500,1.483989,-0.006620,-3.782592,0.000052,0.002093,-0.002278,-0.697775,-0.368717,-2.933664,0.000019,0.002304,-0.002269
15.1000,1.499095,-0.006652,-3.782600,0.000050,0.002095,-0.002273,-0.697298,-0.368265,-2.932988,-0.000089,0.002051,-0.002177
15.1520,1.514201,-0.006685,-3.782608,0.000048,0.002097,-0.002269,-0.696576,-0.367585,-2.933324,0.000178,0.002097,-0.002233
15.2000,1.529306,-0.006717,-3.782617,0.000047,0.002099,-0.002264,-0.696102,-0.367132,-2.932712,-0.000057,0.002137,-0.002175
15.2500,1.544409,-0.006750,-3.782626,0.000045,0.002100,-0.002259,-0.695385,-0.366453,-2.933024,0.000017,0.002164,-0.002389
15.3000,1.559512,-0.006782,-3.782635,0.000044,0.002102,-0.002255,-0.694913,-0.366000,-2.932472,-0.000043,0.002084,-0.002369
15.3500,1.574613,-0.006815,-3.782644,0.000043,0.002103,-0.002250,-0.694198,-0.365319,-2.932766,-0.000011,0.002078,-0.002265
15.4000,1.589714,-0.006847,-3.782654,0.000041,0.002104,-0.002246,-0.693728,-0.364865,-2.932267,0.000126,0.001904,-0.002140
15.4500,1.604813,-0.006879,-3.782663,0.000040,0.002105,-0.002242,-0.693021,-0.364183,-2.932548,0.000072,0.002132,-0.002071
15.5000,1.619912,-0.006912,-3.782673,0.000039,0.002106,-0.002237,-0.693922,-0.366638,-2.932096,0.000109,0.002247,-0.002225
15.5500,1.635009,-0.006944,-3.782684,0.000038,0.002106,-0.002233,-0.693274,-0.366083,-2.932367,0.000135,0.002150,-0.002269
15.6000,1.650106,-0.006976,-3.782694,0.000037,0.002107,-0.002229,-0.692844,-0.365712,-2.931956,-0.000039,0.002129,-0.002221
15.6500,1.665201,-0.007008,-3.782705,0.000036,0.002108,-0.002225,-0.692198,-0.365156,-2.932222,-0.000036,0.002042,-0.002412
15.7000,1.680296,-0.007040,-3.782716,0.000035,0.002108,-0.002220,-0.691769,-0.364786,-2.931846,0.000038,0.002066,-0.002336
15.7500,1.695390,-0.007072,-3.782727,0.000034,0.002108,-0.002216,-0.691126,-0.364229,-2.932109,0.000114,0.001947,-0.002060
15.8000,1.710482,-0.007104,-3.782738,0.000033,0.002109,-0.002212,-0.690700,-0.363858,-2.931763,0.000029,0.002037,-0.002414
15.8500,1.725574,-0.007136,-3.782750,0.000033,0.002109,-0.002208,-0.690061,-0.363301,-2.932026,0.000027,0.002116,-0.002092
15.9000,1.740665,-0.007168,-3.782762,0.000032,0.002109,-0.002204,-0.689636,-0.362929,-2.931703,0.000060,0.002125,-0.002125
15.9500,1.755755,-0.007200,-3.782774,0.000031,0.002109,-0.002200,-0.688998,-0.362370,-2.931968,-0.000094,0.002128,-0.002308
16.0000,1.770844,-0.007232,-3.782786,0.000031,0.002109,-0.002197,-0.688575,-0.361999,-2.931665,0.000031,0.002025,-0.002270
16.0500,1.785933,-0.007263,-3.782798,0.000030,0.002109,-0.002193,-0.687938,-0.361443,-2.931933,-0.000169,0.002003,-0.002161
16.1000,1.801020,-0.007295,-3.782811,0.000029,0.002109,-0.002189,-0.687518,-0.361072,-2.931645,-0.000012,0.002081,-0.002198
16.1520,1.816106,-0.007327,-3.782824,0.000029,0.002109,-0.002185,-0.686883,-0.360512,-2.931917,-0.000068,0.002013,-0.002097
16.2000,1.831192,-0.007358,-3.782837,0.000028,0.002109,-0.002182,-0.686464,-0.360140,-2.931641,0.000018,0.002034,-0.002318
16.2500,1.846277,-0.007390,-3.782850,0.000028,0.002109,-0.002178,-0.685833,-0.359580,-2.931917,-0.000098,0.002335,-0.002055
16.3000,1.861361,-0.007421,-3.782863,0.000028,0.002109,-0.002174,-0.685416,-0.359206,-2.931650,-0.000059,0.002137,-0.002138
16.3500,1.876444,-0.007453,-3.782877,0.000027,0.002109,-0.002171,-0.684788,-0.358640,-2.931931,0.000113,0.002159,-0.002298
16.4000,1.891526,-0.007484,-3.782891,0.000027,0.002108,-0.002167,-0.684373,-0.358262,-2.931670,-0.000151,0.002043,-0.002224
16.4500,1.906607,-0.007515,-3.782905,0.000026,0.002108,-0.002164,-0.683748,-0.357694,-2.931957,-0.000015,0.002098,-0.002061
16.5000,1.921688,-0.007547,-3.782919,0.000026,0.002108,-0.002160,-0.692423,-0.365621,-2.931697,0.000147,0.001854,-0.002083
16.5500,1.936768,-0.007578,-3.782933,0.000026,0.002107,-0.002157,-0.692202,-0.365418,-2.931989,0.000076,0.002029,-0.002015
16.6000,1.951847,-0.007609,-3.782947,0.000025,0.002107,-0.002153,-0.692057,-0.365285,-2.931733,-0.000083,0.002113,-0.002209
16.6520,1.966925,-0.007640,-3.782962,0.000025,0.002107,-0.002150,-0.691840,-0.365085,-2.932030,0.000162,0.002182,-0.002310
16.7000,1.982003,-0.007672,-3.782977,0.000025,0.002106,-0.002147,-0.691697,-0.364952,-2.931774,0.000072,0.002048,-0.002297
16.7500,1.997079,-0.007703,-3.782992,0.000025,0.002106,-0.002143,-0.691482,-0.364756,-2.932076,0.000048,0.002077,-0.002135
16.8000,2.012155,-0.007734,-3.783007,0.000024,0.002106,-0.002140,-0.691339,-0.364625,-2.931819,-0.000049,0.002282,-0.002001
16.8500,2.027230,-0.007765,-3.783022,0.000024,0.002105,-0.002137,-0.691121,-0.364428,-2.932126,-0.000018,0.002051,-0.002291
16.9000,2.042305,-0.007796,-3.783038,0.000024,0.002105,-0.002134,-0.690978,-0.364297,-2.931867,-0.000019,0.002217,-0.002089
16.9500,2.057378,-0.007827,-3.783053,0.000024,0.002104,-0.002131,-0.690762,-0.364100,-2.932178,0.000025,0.001857,-0.002025
17.0000,2.072451,-0.007858,-3.783069,0.000024,0.002104,-0.002127,-0.690622,-0.363969,-2.931917,0.000117,0.002048,-0.002152
17.0500,2.087524,-0.007889,-3.783085,0.000023,0.002103,-0.002124,-0.690411,-0.363773,-2.932232,0.000084,0.002204,-0.001933
17.1000,2.102595,-0.007920,-3.783101,0.000023,0.002103,-0.002121,-0.690274,-0.363643,-2.931968,0.000083,0.002178,-0.002067
17.1500,2.117666,-0.007950,-3.783117,0.000023,0.002102,-0.002118,-0.690066,-0.363449,-2.932286,0.000031,0.002057,-0.002002
17.2000,2.132736,-0.007981,-3.783133,0.000023,0.002102,-0.002115,-0.689931,-0.363320,-2.932020,-0.000056,0.002141,-0.002307
17.2500,2.147805,-0.008012,-3.783150,0.000023,0.002101,-0.002112,-0.689725,-0.363126,-2.932341,0.000086,0.002220,-0.002168
17.3000,2.162874,-0.008043,-3.783167,0.000023,0.002101,-0.002109,-0.689591,-0.362996,-2.932071,0.000215,0.002134,-0.002189
17.3500,2.177942,-0.008073,-3.783183,0.000023,0.002100,-0.002107,-0.689385,-0.362805,-2.932395,0.000024,0.002122,-0.002231
17.4000,2.193009,-0.008104,-3.783200,0.000023,0.002100,-0.002104,-0.689252,-0.362678,-2.932123,-0.000165,0.002188,-0.002067
17.4500,2.208076,-0.008135,-3.783217,0.000023,0.002099,-0.002101,-0.689048,-0.362488,-2.932448,-0.000008,0.002292,-0.002087
17.5000,2.223142,-0.008165,-3.783235,0.000022,0.002099,-0.002098,-0.693540,-0.366632,-2.932172,0.000131,0.002124,-0.002036
17.5500,2.238207,-0.008196,-3.783252,0.000022,0.002098,-0.002095,-0.693539,-0.366632,-2.932500,0.000054,0.002064,-0.002247
17.6000,2.253272,-0.008226,-3.783269,0.000022,0.002098,-0.002092,-0.693542,-0.366631,-2.932222,0.000160,0.002013,-0.001962
17.6500,2.268336,-0.008257,-3.783287,0.000022,0.002097,-0.002090,-0.693545,-0.366632,-2.932551,-0.000051,0.002106,-0.002324
17.7000,2.283399,-0.008287,-3.783305,0.000022,0.002097,-0.002087,-0.693547,-0.366633,-2.932271,0.000147,0.002054,-0.002217
17.7500,2.298462,-0.008318,-3.783323,0.000022,0.002096,-0.002084,-0.693549,-0.366633,-2.932601,0.000044,0.002049,-0.002039
17.8000,2.313524,-0.008348,-3.783341,0.000022,0.002096,-0.002082,-0.693553,-0.366634,-2.932319,0.000004,0.001988,-0.002046
17.8500,2.328586,-0.008378,-3.783359,0.000022,0.002095,-0.002079,-0.693560,-0.366635,-2.932650,-0.000172,0.002095,-0.002052
17.9000,2.343647,-0.008409,-3.783377,0.000022,0.002095,-0.002076,-0.693566,-0.366633,-2.932366,0.000109,0.002022,-0.002002
17.9500,2.358707,-0.008439,-3.783396,0.000022,0.002094,-0.002074,-0.693575,-0.366628,-2.932698,-0.000012,0.002107,-0.002071
18.0000,2.373767,-0.008469,-3.783414,0.000022,0.002094,-0.002071,-0.693584,-0.366625,-2.932412,0.000012,0.002097,-0.002100
18.0500,2.388826,-0.008499,-3.783433,0.000022,0.002093,-0.002069,-0.693597,-0.366621,-2.932745,0.000061,0.002222,-0.001994
18.1000,2.403884,-0.008530,-3.783452,0.000022,0.002093,-0.002066,-0.693608,-0.366620,-2.932457,-0.000062,0.002172,-0.002012
18.1540,2.434000,-0.008590,-3.783489,0.000022,0.002092,-0.002061,-0.693621,-0.366617,-2.932791,-0.000068,0.002073,-0.002140
18.2000,2.434000,-0.008590,-3.783489,0.000022,0.002092,-0.002061,-0.693635,-0.366615,-2.932502,0.000097,0.002150,-0.002137
18.2500,2.449056,-0.008620,-3.783509,0.000022,0.002092,-0.002059,-0.693651,-0.366611,-2.932836,-0.000060,0.002091,-0.002111
18.3000,2.464113,-0.008650,-3.783528,0.000022,0.002091,-0.002057,-0.693668,-0.366607,-2.932546,-0.000026,0.001907,-0.002025
18.3500,2.479168,-0.008680,-3.783547,0.000022,0.002091,-0.002054,-0.693691,-0.366600,-2.932880,0.000272,0.002044,-0.002027
18.4000,2.494223,-0.008710,-3.783567,0.000022,0.002090,-0.002052,-0.693709,-0.366597,-2.932590,-0.000056,0.002238,-0.001925
18.4500,2.509278,-0.008740,-3.783586,0.000022,0.002090,-0.002049,-0.693731,-0.366592,-2.932924,0.000063,0.002120,-0.002092
18.5000,2.524332,-0.008770,-3.783606,0.000022,0.002089,-0.002047,-0.694446,-0.367416,-2.932633,-0.000090,0.002024,-0.002147
18.5500,2.539385,-0.008800,-3.783626,0.000022,0.002089,-0.002045,-0.694501,-0.367445,-2.932967,0.000054,0.002037,-0.002144
18.6000,2.554438,-0.008830,-3.783646,0.000022,0.002088,-0.002043,-0.694540,-0.367466,-2.932676,0.000082,0.002239,-0.002069
18.6500,2.569491,-0.008860,-3.783666,0.000022,0.002088,-0.002040,-0.694596,-0.367498,-2.933010,0.000196,0.002156,-0.002091
18.7000,2.584543,-0.008890,-3.783686,0.000022,0.002087,-0.002038,-0.694636,-0.367520,-2.932718,0.000145,0.002071,-0.002096
18.7500,2.599594,-0.008920,-3.783706,0.000022,0.002087,-0.002036,-0.694694,-0.367554,-2.933053,0.000010,0.002144,-0.002083
18.8000,2.614645,-0.008949,-3.783727,0.000022,0.002086,-0.002034,-0.694734,-0.367576,-2.932761,0.000207,0.002015,-0.002036
18.8500,2.629695,-0.008979,-3.783747,0.000022,0.002086,-0.002032,-0.694793,-0.367611,-2.933096,-0.000035,0.002118,-0.002024
18.9000,2.644745,-0.009009,-3.783768,0.000022,0.002085,-0.002030,-0.694835,-0.367633,-2.932803,-0.000138,0.002214,-0.001894
18.9500,2.659795,-0.009039,-3.783788,0.000022,0.002085,-0.002027,-0.694892,-0.367665,-2.933138,0.000024,0.002184,-0.002127
19.0000,2.674843,-0.009068,-3.783809,0.000022,0.002085,-0.002025,-0.694931,-0.367689,-2.932846,0.000131,0.001968,-0.001929
19.0500,2.689892,-0.009098,-3.783830,0.000022,0.002084,-0.002023,-0.694984,-0.367727,-2.933181,0.000060,0.002156,-0.002051
19.1000,2.704940,-0.009128,-3.783851,0.000022,0.002084,-0.002021,-0.695022,-0.367754,-2.932889,0.000124,0.002094,-0.002038
19.1500,2.719987,-0.009157,-3.783872,0.000022,0.002083,-0.002019,-0.695076,-0.367797,-2.933224,0.000083,0.002171,-0.001938
19.2000,2.735034,-0.009187,-3.783893,0.000022,0.002083,-0.002017,-0.695116,-0.367826,-2.932932,-0.000081,0.002089,-0.002073
19.2500,2.750081,-0.009216,-3.783915,0.000022,0.002082,-0.002015,-0.695171,-0.367868,-2.933267,0.000152,0.002111,-0.002177
19.3000,2.765127,-0.009246,-3.783936,0.000022,0.002082,-0.002013,-0.695212,-0.367895,-2.932975,0.000004,0.002092,-0.002047
19.3500,2.780172,-0.009275,-3.783957,0.000022,0.002082,-0.002011,-0.695268,-0.367938,-2.933310,-0.000061,0.002065,-0.002172
19.4000,2.795217,-0.009305,-3.783979,0.000022,0.002081,-0.002009,-0.695309,-0.367966,-2.933018,0.000002,0.002013,-0.001971
19.4500,2.810262,-0.009334,-3.784001,0.000022,0.002081,-0.002007,-0.695365,-0.368006,-2.933353,-0.000124,0.001990,-0.002005
19.5000,2.825306,-0.009364,-3.784022,0.000022,0.002080,-0.002006,-0.694738,-0.367677,-2.933062,0.000098,0.001873,-0.002105
19.5500,2.840350,-0.009393,-3.784044,0.000022,0.002080,-0.002004,-0.694769,-0.367705,-2.933397,-0.000106,0.002225,-0.002157
19.6000,2.855393,-0.009423,-3.784066,0.000022,0.002080,-0.002002,-0.694789,-0.367723,-2.933106,-0.000017,0.002194,-0.001906
19.6500,2.870436,-0.009452,-3.784088,0.000022,0.002079,-0.002000,-0.694817,-0.367748,-2.933441,0.000013,0.002193,-0.001999
19.7000,2.885479,-0.009482,-3.784110,0.000022,0.002079,-0.001998,2.941522,0.024389,-3.716252,0.000118,0.002120,-0.001980
19.7500,2.900521,-0.009511,-3.784132,0.000022,0.002079,-0.001996,3.127703,0.044417,-3.773819,-0.000012,0.001980,-0.002039
19.8000,2.915562,-0.009540,-3.784155,0.000022,0.002078,-0.001995,3.251767,0.057779,-3.777751,-0.000036,0.002241,-0.002004
19.8520,2.930604,-0.009570,-3.784177,0.000022,0.002078,-0.001993,3.437912,0.077821,-3.830454,0.000100,0.002026,-0.001946
19.9000,2.945644,-0.009599,-3.784199,0.000022,0.002077,-0.001991,3.561830,0.091195,-3.808475,0.000110,0.002056,-0.002120
19.9500,2.960685,-0.009628,-3.784222,0.000022,0.002077,-0.001989,3.747923,0.111225,-3.852918,0.000128,0.001951,-0.001943
20.0000,2.975725,-0.009657,-3.784245,0.000022,0.002077,-0.001988,3.871608,0.124607,-3.796939,-0.000060,0.002003,-0.001985
20.0500,2.990764,-0.009687,-3.784267,0.000022,0.002076,-0.001986,4.057620,0.144657,-3.829957,-0.000102,0.002078,-0.002008
20.1000,3.005804,-0.009716,-3.784290,0.000022,0.002076,-0.001984,4.181039,0.158023,-3.739646,0.000039,0.002023,-0.001980
20.1500,3.020842,-0.009745,-3.784313,0.000022,0.002076,-0.001983,4.366953,0.178075,-3.759135,-0.000022,0.002089,-0.002000
20.2000,3.035881,-0.009774,-3.784336,0.000022,0.002075,-0.001981,4.490143,0.191437,-3.643681,0.000018,0.002128,-0.002132
20.2500,3.050919,-0.009803,-3.784359,0.000022,0.002075,-0.001979,4.675958,0.211462,-3.649180,0.000030,0.002174,-0.001885
20.3000,3.065957,-0.009832,-3.784382,0.000022,0.002075,-0.001978,4.799005,0.224835,-3.523850,0.000165,0.002121,-0.001930
20.3500,3.080994,-0.009862,-3.784405,0.000022,0.002074,-0.001976,4.984722,0.244888,-3.516489,0.000010,0.002088,-0.001881
20.4000,3.096031,-0.009891,-3.784428,0.000022,0.002074,-0.001974,5.107747,0.258284,-3.396440,-0.000024,0.002106,-0.001928
20.4500,3.111067,-0.009920,-3.784452,0.000022,0.002074,-0.001973,5.293382,0.278331,-3.378460,0.000081,0.002031,-0.002022
20.5000,3.126104,-0.009949,-3.784475,0.000022,0.002073,-0.001971,4.224883,0.357347,-3.273771,-0.000111,0.002017,-0.001872
20.5500,3.141139,-0.009978,-3.784499,0.000022,0.002073,-0.001970,4.313128,0.382764,-3.247769,0.000037,0.002023,-0.001879
20.6000,3.156175,-0.010007,-3.784522,0.000022,0.002073,-0.001968,4.371723,0.399711,-3.164656,0.000094,0.002081,-0.002033
20.6500,3.171210,-0.010036,-3.784546,0.000022,0.002072,-0.001967,4.459942,0.425119,-3.133259,0.000042,0.002358,-0.001884
20.7000,3.186245,-0.010065,-3.784569,0.000022,0.002072,-0.001965,4.518599,0.442068,-3.071776,-0.000098,0.002033,-0.002050
20.7500,3.201279,-0.010094,-3.784593,0.000022,0.002072,-0.001964,4.606800,0.467484,-3.037194,-0.000036,0.002167,-0.002018
20.8020,3.216313,-0.010123,-3.784617,0.000022,0.002071,-0.001962,4.665526,0.484429,-2.995503,0.000135,0.002087,-0.001967
20.8500,3.231347,-0.010152,-3.784641,0.000022,0.002071,-0.001961,4.753724,0.509838,-2.959523,-0.000167,0.002279,-0.001927
20.9000,3.246380,-0.010181,-3.784665,0.000022,0.002071,-0.001959,4.812522,0.526782,-2.934732,-0.000136,0.002031,-0.002018
20.9500,3.261414,-0.010209,-3.784689,0.000022,0.002070,-0.001958,4.900719,0.552198,-2.898726,0.000023,0.002101,-0.002010
21.0020,3.276446,-0.010238,-3.784713,0.000022,0.002070,-0.001957,4.959583,0.569138,-2.887727,-0.000068,0.002117,-0.002055
21.0500,3.291479,-0.010267,-3.784737,0.000022,0.002070,-0.001955,5.047788,0.594548,-2.852740,0.000155,0.002031,-0.002022
21.1000,3.306511,-0.010296,-3.784761,0.000022,0.002070,-0.001954,5.106719,0.611483,-2.852653,0.000050,0.002082,-0.002001
21.1520,3.321543,-0.010325,-3.784786,0.000022,0.002069,-0.001953,5.194933,0.636891,-2.819434,-0.000015,0.001933,-0.002048
21.2000,3.336574,-0.010354,-3.784810,0.000022,0.002069,-0.001951,5.253918,0.653825,-2.827729,0.000185,0.002088,-0.001829
21.2500,3.351605,-0.010382,-3.784834,0.000022,0.002069,-0.001950,5.342147,0.679240,-2.796826,-0.000017,0.002020,-0.001835
21.3000,3.366636,-0.010411,-3.784859,0.000022,0.002068,-0.001949,5.401191,0.696184,-2.811356,-0.000055,0.002003,-0.002050
21.3500,3.381667,-0.010440,-3.784883,0.000022,0.002068,-0.001947,5.489443,0.721591,-2.783108,0.000022,0.001941,-0.001916
21.4000,3.396697,-0.010469,-3.784908,0.000022,0.002068,-0.001946,5.548538,0.738528,-2.802061,-0.000014,0.002042,-0.002073
21.4500,3.411727,-0.010498,-3.784933,0.000022,0.002068,-0.001945,5.636814,0.763938,-2.776679,-0.000041,0.002141,-0.002023
21.5000,3.426756,-0.010526,-3.784957,0.000022,0.002067,-0.001943,3.856076,0.324748,-2.798297,0.000054,0.002041,-0.001954
21.5500,3.441786,-0.010555,-3.784982,0.000022,0.002067,-0.001942,3.860579,0.329382,-2.775827,0.000083,0.002108,-0.001916
21.6000,3.456815,-0.010584,-3.785007,0.000022,0.002067,-0.001941,3.863660,0.332469,-2.799417,0.000241,0.001990,-0.001882
21.6500,3.471843,-0.010612,-3.785032,0.000022,0.002067,-0.001940,3.868178,0.337098,-2.779884,0.000053,0.002155,-0.001857
21.7000,3.486872,-0.010641,-3.785057,0.000022,0.002066,-0.001938,3.871287,0.340178,-2.804117,0.000074,0.001991,-0.002090
21.7500,3.501900,-0.010670,-3.785082,0.000022,0.002066,-0.001937,3.875822,0.344806,-2.787431,0.000004,0.001998,-0.001960
21.8000,3.516928,-0.010698,-3.785107,0.000022,0.002066,-0.001936,3.878957,0.347888,-2.811484,-0.000002,0.002177,-0.001988
21.8500,3.531956,-0.010727,-3.785132,0.000022,0.002066,-0.001935,3.883507,0.352516,-2.797493,-0.000100,0.002043,-0.001860
21.9000,3.546983,-0.010755,-3.785157,0.000022,0.002065,-0.001934,3.886667,0.355599,-2.820722,0.000200,0.002035,-0.001947
21.9500,3.562010,-0.010784,-3.785183,0.000022,0.002065,-0.001932,3.891232,0.360225,-2.809234,-0.000016,0.002063,-0.001833
22.0000,3.577037,-0.010813,-3.785208,0.000022,0.002065,-0.001931,3.894408,0.363307,-2.831155,-0.000044,0.002113,-0.002061
22.0500,3.591902,-0.010841,-3.785219,0.000023,0.002180,-0.001930,3.898846,0.367937,-2.821936,0.000107,0.002203,-0.002095
22.1000,3.605037,-0.010860,-3.785187,0.000039,0.002616,-0.001936,3.900853,0.371030,-2.841996,-0.000113,0.002532,-0.001901
22.1500,3.614688,-0.010862,-3.785082,0.000089,0.003339,-0.001990,3.899644,0.375692,-2.834678,0.000172,0.003594,-0.002255
22.2000,3.620547,-0.010849,-3.784907,0.000173,0.004207,-0.002119,3.895977,0.378810,-2.852284,0.000338,0.004300,-0.002038
22.2500,3.623330,-0.010825,-3.784677,0.000288,0.005112,-0.002287,3.886401,0.383504,-2.846551,0.000250,0.005223,-0.002358
22.3000,3.624100,-0.010802,-3.784422,0.000418,0.005968,-0.002463,3.878546,0.386625,-2.861665,0.000431,0.005767,-0.002478
22.3500,3.623822,-0.010791,-3.784182,0.000547,0.006690,-0.002625,3.864994,0.391312,-2.857365,0.000677,0.006728,-0.002702
22.4000,3.623196,-0.010788,-3.783982,0.000663,0.007244,-0.002755,3.855991,0.394400,-2.870314,0.000719,0.007329,-0.002713
22.4500,3.622552,-0.010784,-3.783830,0.000761,0.007631,-0.002875,3.841888,0.399074,-2.867337,0.000762,0.007817,-0.003096
22.5000,3.621960,-0.010782,-3.783723,0.000840,0.007871,-0.002967,3.393937,-0.233983,-2.878193,0.000605,0.007867,-0.003047
22.5500,3.621464,-0.010783,-3.783652,0.000897,0.007995,-0.003025,3.361038,-0.256779,-2.876252,0.000830,0.008052,-0.002971
22.6000,3.621067,-0.010788,-3.783610,0.000933,0.008030,-0.003063,3.339305,-0.271991,-2.885797,0.001035,0.008059,-0.003174
22.6500,3.620749,-0.010794,-3.783589,0.000951,0.007994,-0.003092,3.306638,-0.294788,-2.884782,0.001106,0.007984,-0.003028
22.7000,3.620483,-0.010800,-3.783581,0.000952,0.007905,-0.003112,3.285034,-0.310005,-2.892891,0.000934,0.007877,-0.003333
22.7500,3.620241,-0.010806,-3.783583,0.000939,0.007775,-0.003124,3.252478,-0.332804,-2.892617,0.000861,0.007728,-0.003388
22.8000,3.620008,-0.010812,-3.783591,0.000914,0.007614,-0.003131,3.230910,-0.348019,-2.899417,0.001091,0.007557,-0.003051
22.8500,3.619778,-0.010818,-3.783602,0.000879,0.007429,-0.003134,3.198384,-0.370825,-2.899732,0.000869,0.007427,-0.003175
22.9000,3.619547,-0.010824,-3.783615,0.000835,0.007228,-0.003132,3.176819,-0.386045,-2.905349,0.000851,0.007247,-0.002887
22.9500,3.619314,-0.010829,-3.783628,0.000785,0.007014,-0.003126,3.144303,-0.408855,-2.906128,0.000891,0.006797,-0.003257
23.0000,3.619079,-0.010833,-3.783642,0.000729,0.006791,-0.003117,3.122717,-0.424071,-2.910680,0.000877,0.006806,-0.003012
23.0500,3.618833,-0.010840,-3.783657,0.000654,0.006552,-0.002681,3.090193,-0.446887,-2.911820,0.000490,0.006431,-0.002496
23.1000,3.618560,-0.010890,-3.783704,0.000534,0.006290,0.000614,3.068582,-0.462163,-2.915465,0.000511,0.006433,0.000701
23.1500,3.618288,-0.010974,-3.783766,0.000400,0.006018,0.006713,3.036168,-0.485267,-2.916924,0.000270,0.005940,0.008094
23.2000,3.618031,-0.011045,-3.783822,0.000283,0.005730,0.014063,3.014720,-0.500812,-2.919779,0.000295,0.005888,0.014002
23.2500,3.617788,-0.011099,-3.783866,0.000200,0.005455,0.022281,2.982676,-0.524344,-2.921414,0.000245,0.005465,0.024107
23.3000,3.617554,-0.011146,-3.783901,0.000136,0.005204,0.031430,2.961485,-0.540213,-2.923527,0.000195,0.005070,0.031534
23.3500,3.617328,-0.011191,-3.783929,0.000088,0.004973,0.041405,2.929898,-0.564310,-2.925275,0.000154,0.004720,0.043325
23.4000,3.617108,-0.011230,-3.783951,0.000058,0.004760,0.051969,2.909015,-0.580586,-2.926724,-0.000085,0.004639,0.051855
23.4500,3.616893,-0.011264,-3.783969,0.000046,0.004562,0.062956,2.877951,-0.605322,-2.928529,0.000057,0.004641,0.065191
23.5000,3.616681,-0.011294,-3.783983,0.000046,0.004378,0.074285,3.555791,0.191379,-2.929639,0.000056,0.004212,0.074376
23.5500,3.616474,-0.011321,-3.783995,0.000056,0.004208,0.085895,3.553527,0.203758,-2.931449,0.000090,0.004280,0.088259
23.6000,3.616269,-0.011346,-3.784005,0.000073,0.004049,0.097724,3.551920,0.211992,-2.931751,0.000109,0.003981,0.097688
23.6500,3.616068,-0.011369,-3.784014,0.000094,0.003902,0.109720,3.549370,0.224315,-2.933528,0.000099,0.003762,0.112268
23.7000,3.615870,-0.011392,-3.784021,0.000117,0.003765,0.121845,3.547569,0.232509,-2.933424,0.000272,0.003801,0.121761
23.7500,3.615675,-0.011415,-3.784027,0.000142,0.003638,0.134072,3.544730,0.244767,-2.935139,0.000093,0.003716,0.136314
23.8000,3.615483,-0.011438,-3.784033,0.000168,0.003521,0.146378,3.542735,0.252912,-2.934707,-0.000140,0.003583,0.146253
23.8500,3.615293,-0.011462,-3.784038,0.000192,0.003412,0.158747,3.539601,0.265096,-2.936342,0.000252,0.003315,0.161117
23.9020,3.615106,-0.011487,-3.784043,0.000216,0.003311,0.171164,3.537408,0.273190,-2.935654,0.000249,0.003479,0.171046
23.9500,3.614921,-0.011513,-3.784047,0.000238,0.003218,0.183617,3.533977,0.285290,-2.937189,0.000103,0.003273,0.186028
24.0000,3.614739,-0.011541,-3.784051,0.000258,0.003132,0.196100,3.531587,0.293324,-2.936309,0.000522,0.003153,0.196042
24.0500,3.614560,-0.011570,-3.784055,0.000278,0.003053,0.208605,3.527863,0.305328,-2.937737,0.000228,0.003094,0.211236
24.1020,3.614383,-0.011601,-3.784059,0.000296,0.002979,0.221127,3.525277,0.313294,-2.936723,0.000203,0.002867,0.221181
24.1500,3.614208,-0.011633,-3.784063,0.000312,0.002912,0.233663,3.521252,0.325196,-2.938042,0.000315,0.003090,0.236237
24.2000,3.614035,-0.011667,-3.784066,0.000328,0.002849,0.246209,3.518472,0.333095,-2.936937,0.000575,0.002957,0.246130
24.2500,3.613865,-0.011703,-3.784070,0.000343,0.002791,0.258762,3.514161,0.344889,-2.938144,0.000353,0.003114,0.261221
24.3000,3.613697,-0.011740,-3.784074,0.000356,0.002738,0.271321,3.511192,0.352715,-2.936990,0.000130,0.002751,0.271358
24.3500,3.613531,-0.011779,-3.784078,0.000369,0.002688,0.283885,3.506592,0.364397,-2.938088,0.000554,0.002508,0.286455
24.4000,3.613368,-0.011819,-3.784082,0.000381,0.002642,0.296452,3.503430,0.372143,-2.936918,0.000294,0.002738,0.296524
24.4500,3.613207,-0.011861,-3.784086,0.000392,0.002600,0.309021,3.498543,0.383700,-2.937910,0.000428,0.002586,0.311662
24.5000,3.613048,-0.011904,-3.784090,0.000403,0.002560,0.321592,3.253250,-0.396431,-2.936770,0.000578,0.002598,0.321637
24.5500,3.612892,-0.011949,-3.784094,0.000414,0.002524,0.334164,3.242969,-0.421007,-2.937679,0.000587,0.002425,0.336643
24.6000,3.612738,-0.011995,-3.784099,0.000424,0.002490,0.346737,3.236324,-0.437479,-2.936549,0.000345,0.002354,0.346803
24.6500,3.612585,-0.012043,-3.784103,0.000434,0.002458,0.359310,3.226667,-0.462310,-2.937365,0.000433,0.002507,0.361844
24.7000,3.612436,-0.012092,-3.784107,0.000443,0.002429,0.371883,3.220442,-0.478946,-2.936278,0.000555,0.002428,0.371859
24.7500,3.612288,-0.012143,-3.784112,0.000452,0.002401,0.384457,3.211422,-0.504018,-2.937011,0.000246,0.002489,0.386912
24.8000,3.612143,-0.012194,-3.784116,0.000461,0.002376,0.397030,3.205618,-0.520807,-2.935976,0.000520,0.002399,0.397064
24.8500,3.611999,-0.012248,-3.784121,0.000470,0.002352,0.409602,3.197235,-0.546101,-2.936634,0.000480,0.002405,0.412169
24.9000,3.611858,-0.012302,-3.784125,0.000479,0.002330,0.422175,3.191860,-0.563034,-2.935661,0.000571,0.002336,0.422234
24.9500,3.611719,-0.012358,-3.784130,0.000488,0.002309,0.434747,3.184119,-0.588535,-2.936253,0.000462,0.002340,0.437234
25.0000,3.611583,-0.012415,-3.784134,0.000497,0.002289,0.447318,3.179169,-0.605601,-2.935343,0.000518,0.002271,0.447210
25.0500,3.611448,-0.012472,-3.784139,0.000505,0.002271,0.459889,3.172072,-0.631291,-2.935874,0.000469,0.002275,0.462313
25.1020,3.611316,-0.012532,-3.784144,0.000514,0.002254,0.472459,3.167555,-0.648477,-2.935032,0.000579,0.002188,0.472463
25.1500,3.611186,-0.012592,-3.784148,0.000523,0.002237,0.485029,3.161112,-0.674344,-2.935515,0.000450,0.002187,0.487645
25.2000,3.611057,-0.012653,-3.784153,0.000531,0.002222,0.497597,3.157031,-0.691642,-2.934737,0.000706,0.002303,0.497594
25.2500,3.610931,-0.012715,-3.784158,0.000540,0.002208,0.510166,3.151243,-0.717666,-2.935174,0.000607,0.002214,0.512613
25.3000,3.610808,-0.012778,-3.784162,0.000548,0.002194,0.522734,3.147602,-0.735063,-2.934460,0.000498,0.002383,0.522820
25.3500,3.610686,-0.012842,-3.784167,0.000557,0.002181,0.535301,3.142481,-0.761226,-2.934857,0.000553,0.002172,0.537755
25.4000,3.610566,-0.012907,-3.784172,0.000565,0.002169,0.547867,3.139285,-0.778710,-2.934204,0.000479,0.002208,0.547982
25.4500,3.610449,-0.012973,-3.784176,0.000573,0.002157,0.560433,3.134830,-0.804993,-2.934573,0.000684,0.002078,0.562960
25.5000,3.610333,-0.013040,-3.784181,0.000582,0.002146,0.572998,3.493886,-0.405900,-2.934006,0.000483,0.002228,0.572942
25.5500,3.610219,-0.013107,-3.784185,0.000590,0.002136,0.585563,3.502641,-0.411376,-2.934352,0.000558,0.002132,0.588185
25.6000,3.610108,-0.013176,-3.784190,0.000598,0.002126,0.598127,3.508524,-0.414953,-2.933798,0.000734,0.002169,0.598298
25.6500,3.609999,-0.013245,-3.784195,0.000607,0.002116,0.610690,3.517418,-0.420208,-2.934123,0.000753,0.001898,0.613186
25.7000,3.609891,-0.013314,-3.784199,0.000615,0.002107,0.623252,3.523389,-0.423639,-2.933617,0.000770,0.002059,0.623268
25.7500,3.609786,-0.013385,-3.784204,0.000623,0.002098,0.635814,3.532416,-0.428673,-2.933926,0.000683,0.002207,0.638385
25.8000,3.609682,-0.013456,-3.784208,0.000631,0.002090,0.648376,3.538475,-0.431952,-2.933461,0.000705,0.002235,0.648333
25.8500,3.609581,-0.013527,-3.784213,0.000639,0.002082,0.660937,3.547631,-0.436756,-2.933759,0.000681,0.001973,0.663526
25.9000,3.609481,-0.013599,-3.784217,0.000647,0.002075,0.673497,3.553775,-0.439884,-2.933331,0.000583,0.002038,0.673463
25.9500,3.609384,-0.013672,-3.784221,0.000655,0.002067,0.686057,3.563052,-0.444458,-2.933620,0.000637,0.002039,0.688709
26.0000,3.609288,-0.013745,-3.784226,0.000663,0.002060,0.698616,3.569274,-0.447431,-2.933224,0.000786,0.002080,0.698554
26.0500,3.609195,-0.013818,-3.784230,0.000671,0.002053,0.711174,3.578669,-0.451772,-2.933507,0.000724,0.002021,0.713670
26.1000,3.609103,-0.013892,-3.784234,0.000679,0.002047,0.723732,3.584968,-0.454588,-2.933139,0.000645,0.001956,0.723727
26.1500,3.609013,-0.013967,-3.784239,0.000686,0.002040,0.736289,3.594476,-0.458694,-2.933418,0.000553,0.002006,0.738819
26.2020,3.608925,-0.014042,-3.784243,0.000694,0.002034,0.748846,3.600846,-0.461352,-2.933070,0.000659,0.002025,0.748864
26.2500,3.608839,-0.014117,-3.784247,0.000702,0.002028,0.761402,3.610455,-0.465218,-2.933348,0.000765,0.001942,0.763902
26.3000,3.608755,-0.014192,-3.784251,0.000709,0.002022,0.773958,3.616892,-0.467715,-2.933020,0.000738,0.002148,0.773935
26.3500,3.608672,-0.014268,-3.784255,0.000717,0.002017,0.786513,3.626600,-0.471340,-2.933299,0.000715,0.002049,0.789139
26.4020,3.608592,-0.014344,-3.784259,0.000724,0.002011,0.799067,3.633102,-0.473676,-2.932986,0.000803,0.001945,0.799054
26.4520,3.608513,-0.014420,-3.784263,0.000731,0.002006,0.811621,3.642904,-0.477058,-2.933265,0.000452,0.002034,0.814217
26.5000,3.608436,-0.014497,-3.784267,0.000739,0.002001,0.824175,4.211347,-0.131047,-2.933042,0.000759,0.001937,0.824098
26.5500,3.608360,-0.014574,-3.784271,0.000746,0.001996,0.836727,4.242974,-0.114633,-2.933332,0.000617,0.002090,0.839149
26.6000,3.608287,-0.014650,-3.784275,0.000753,0.001991,0.849280,4.263922,-0.103428,-2.933024,0.000816,0.001779,0.849309
26.6500,3.608215,-0.014728,-3.784279,0.000760,0.001986,0.861832,4.295132,-0.086225,-2.933312,0.000919,0.001846,0.864479
26.7000,3.608145,-0.014805,-3.784283,0.000767,0.001982,0.874383,4.315792,-0.074495,-2.933009,0.000680,0.001799,0.874567
26.7500,3.608077,-0.014882,-3.784287,0.000774,0.001977,0.886934,4.346560,-0.056515,-2.933295,0.000764,0.002055,0.889740
26.8000,3.608010,-0.014959,-3.784291,0.000781,0.001972,0.899484,4.366916,-0.044270,-2.932999,0.000838,0.002148,0.899403
26.8500,3.607945,-0.015037,-3.784294,0.000788,0.001968,0.912034,4.397227,-0.025527,-2.933292,0.000783,0.002139,0.914559
26.9000,3.607882,-0.015114,-3.784298,0.000795,0.001964,0.924583,4.417275,-0.012779,-2.933003,0.000769,0.002139,0.924689
26.9500,3.607820,-0.015191,-3.784302,0.000802,0.001959,0.937132,4.447109,0.006722,-2.933301,0.000767,0.002049,0.939627
27.0000,3.607760,-0.015269,-3.784305,0.000808,0.001955,0.949680,4.466834,0.019973,-2.933012,0.000558,0.001906,0.949483
27.0500,3.607702,-0.015346,-3.784309,0.000815,0.001951,0.962228,4.496172,0.040216,-2.933306,0.000717,0.001923,0.964754
27.1000,3.607645,-0.015424,-3.784313,0.000822,0.001947,0.974776,4.515557,0.053958,-2.933020,0.000816,0.001994,0.974859
27.1500,3.607590,-0.015501,-3.784316,0.000828,0.001943,0.987323,4.544378,0.074938,-2.933320,0.000876,0.001924,0.989925
27.2000,3.607536,-0.015578,-3.784320,0.000835,0.001939,0.999869,4.563412,0.089165,-2.933033,0.000756,0.001939,0.999915
27.2500,3.607484,-0.015655,-3.784323,0.000841,0.001935,1.012415,4.591700,0.110859,-2.933334,0.000894,0.001877,1.014969
27.3000,3.607433,-0.015732,-3.784327,0.000847,0.001931,1.024961,4.610375,0.125556,-2.933049,0.000772,0.001978,1.025026
27.3500,3.607384,-0.015809,-3.784330,0.000854,0.001927,1.037506,4.638113,0.147957,-2.933352,0.000729,0.001892,1.039996
27.4000,3.607336,-0.015885,-3.784333,0.000860,0.001923,1.050050,4.656416,0.163117,-2.933066,0.000779,0.001786,1.050007
27.4500,3.607290,-0.015962,-3.784337,0.000866,0.001920,1.062594,4.683586,0.186206,-2.933370,0.000770,0.002082,1.065165
27.5000,3.607245,-0.016038,-3.784340,0.000872,0.001916,1.075138,3.487833,-0.706977,-2.932883,0.000719,0.001860,1.075097
27.5520,3.607202,-0.016114,-3.784343,0.000878,0.001912,1.087682,3.468713,-0.732288,-2.933168,0.000862,0.001846,1.090353
27.6000,3.607160,-0.016190,-3.784347,0.000884,0.001908,1.100224,3.456180,-0.749322,-2.932921,0.000887,0.001991,1.100145
27.6500,3.607119,-0.016266,-3.784350,0.000890,0.001905,1.112767,3.437700,-0.775100,-2.933207,0.000794,0.002050,1.115287
27.7000,3.607080,-0.016341,-3.784353,0.000896,0.001901,1.125309,3.425600,-0.792437,-2.932953,0.000758,0.002050,1.125304
27.7500,3.607042,-0.016416,-3.784356,0.000902,0.001898,1.137851,3.407779,-0.818665,-2.933247,0.000915,0.002030,1.140425
27.8000,3.607006,-0.016491,-3.784359,0.000908,0.001894,1.150392,3.396120,-0.836297,-2.932990,0.000776,0.001981,1.150253
27.8500,3.606971,-0.016565,-3.784362,0.000914,0.001890,1.162933,3.378967,-0.862959,-2.933288,0.000892,0.001984,1.165428
27.9000,3.606937,-0.016639,-3.784366,0.000920,0.001887,1.175473,3.367755,-0.880876,-2.933027,0.001015,0.001939,1.175410
27.9500,3.606905,-0.016713,-3.784369,0.000926,0.001883,1.188013,3.351278,-0.907956,-2.933331,0.000929,0.001955,1.190604
28.0000,3.606873,-0.016786,-3.784372,0.000931,0.001880,1.200553,3.340521,-0.926147,-2.933064,0.001065,0.001944,1.200534
28.0500,3.606843,-0.016859,-3.784375,0.000937,0.001876,1.213092,3.324733,-0.953628,-2.933370,0.000993,0.001992,1.215679
28.1020,3.606815,-0.016932,-3.784377,0.000943,0.001872,1.225631,3.314442,-0.972082,-2.933097,0.000853,0.001924,1.225540
28.1500,3.606787,-0.017004,-3.784380,0.000948,0.001869,1.238169,3.299356,-0.999949,-2.933409,0.001087,0.001768,1.240591
28.2020,3.606761,-0.017076,-3.784383,0.000954,0.001865,1.250707,3.289528,-1.018653,-2.933135,0.001010,0.001755,1.250712
28.2500,3.606736,-0.017148,-3.784386,0.000959,0.001862,1.263245,3.275148,-1.046893,-2.933448,0.001071,0.001812,1.265874
28.3000,3.606712,-0.017219,-3.784389,0.000965,0.001858,1.275782,3.265798,-1.065842,-2.933168,0.000906,0.001935,1.275929
28.3500,3.606689,-0.017290,-3.784392,0.000970,0.001855,1.288319,3.252136,-1.094434,-2.933480,0.000935,0.001690,1.290872
28.4000,3.606667,-0.017360,-3.784395,0.000976,0.001851,1.300855,3.243262,-1.113609,-2.933197,0.000989,0.001902,1.300891
28.4520,3.606647,-0.017430,-3.784397,0.000981,0.001848,1.313392,3.230324,-1.142536,-2.933512,0.000866,0.001887,1.315840
28.5000,3.606627,-0.017499,-3.784400,0.000987,0.001844,1.325927,3.545998,-0.116626,-2.933336,0.000995,0.001923,1.325717
28.5500,3.606609,-0.017568,-3.784403,0.000992,0.001841,1.338463,3.539698,-0.097820,-2.933665,0.001041,0.001772,1.340874
28.6000,3.606592,-0.017636,-3.784405,0.000997,0.001837,1.350998,3.535342,-0.085336,-2.933347,0.001079,0.001726,1.350999
28.6500,3.606575,-0.017704,-3.784408,0.001003,0.001834,1.363533,3.528577,-0.066694,-2.933674,0.000839,0.001684,1.366227
28.7000,3.606560,-0.017772,-3.784411,0.001008,0.001830,1.376067,3.523908,-0.054324,-2.933357,0.000831,0.001930,1.376021
28.7500,3.606546,-0.017839,-3.784413,0.001013,0.001826,1.388601,3.516675,-0.035853,-2.933683,0.001087,0.001675,1.391210
28.8000,3.606533,-0.017905,-3.784416,0.001018,0.001823,1.401135,3.511697,-0.023601,-2.933364,0.001103,0.001699,1.401410
28.8500,3.606521,-0.017971,-3.784418,0.001023,0.001819,1.413668,3.504002,-0.005319,-2.933685,0.001184,0.001979,1.416198
28.9000,3.606509,-0.018036,-3.784421,0.001028,0.001816,1.426202,3.498720,0.006804,-2.933368,0.000999,0.001973,1.426216
28.9500,3.606499,-0.018101,-3.784423,0.001033,0.001812,1.438734,3.490576,0.024893,-2.933688,0.000975,0.001686,1.441280
29.0000,3.606490,-0.018165,-3.784426,0.001038,0.001809,1.451267,3.484993,0.036880,-2.933371,0.000974,0.001718,1.451338
29.0520,3.606481,-0.018229,-3.784428,0.001043,0.001805,1.463799,3.476396,0.054757,-2.933688,0.001112,0.001787,1.466356
29.1000,3.606474,-0.018292,-3.784430,0.001048,0.001801,1.476331,3.470517,0.066600,-2.933372,0.001085,0.001793,1.476188
29.1500,3.606467,-0.018355,-3.784433,0.001053,0.001798,1.488862,3.461483,0.084257,-2.933688,0.001066,0.001738,1.491562
29.2000,3.606461,-0.018417,-3.784435,0.001058,0.001794,1.501393,3.455310,0.095948,-2.933374,0.001058,0.001727,1.501277
29.2500,3.606456,-0.018479,-3.784438,0.001063,0.001791,1.513924,3.445836,0.113373,-2.933691,0.001099,0.001773,1.516359
29.3000,3.606452,-0.018540,-3.784440,0.001068,0.001787,1.526455,3.439371,0.124909,-2.933377,0.001042,0.001805,1.526236
29.3500,3.606438,-0.018594,-3.784441,0.001086,0.001784,1.538625,3.429453,0.142096,-2.933691,0.001062,0.001804,1.540686
29.4000,3.606354,-0.018628,-3.784460,0.001157,0.001776,1.548082,3.422661,0.153491,-2.933385,0.001072,0.001861,1.548145
29.4500,3.606225,-0.018654,-3.784485,0.001245,0.001755,1.554729,3.412269,0.170517,-2.933725,0.001144,0.001576,1.556017
29.5000,3.606117,-0.018690,-3.784497,0.001296,0.001712,1.559989,3.535413,0.307566,-2.933440,0.001491,0.001513,1.560039
29.5500,3.606034,-0.018737,-3.784495,0.001308,0.001672,1.564228,3.529685,0.330854,-2.933751,0.001232,0.001579,1.564990
29.6000,3.605967,-0.018793,-3.784486,0.001301,0.001640,1.567460,3.525819,0.346356,-2.933442,0.001339,0.001746,1.567363
29.6500,3.605911,-0.018853,-3.784474,0.001283,0.001611,1.569840,3.519967,0.369587,-2.933737,0.001359,0.001731,1.570263
29.7000,3.605866,-0.018917,-3.784462,0.001254,0.001582,1.571596,3.579023,-0.048469,-3.720320,0.001173,0.001430,1.571646
29.7500,3.605830,-0.018981,-3.784450,0.001216,0.001554,1.572886,3.578826,-0.046912,-3.778087,0.001241,0.001440,1.573148
29.8000,3.605804,-0.019045,-3.784439,0.001172,0.001526,1.573795,3.578660,-0.045918,-3.782015,0.001152,0.001484,1.573793
29.8500,3.605783,-0.019109,-3.784430,0.001124,0.001499,1.574397,3.578467,-0.044385,-3.834879,0.001074,0.001497,1.574617
29.9000,3.605769,-0.019173,-3.784423,0.001073,0.001473,1.574760,3.578223,-0.043488,-3.812814,0.001142,0.001656,1.574899
29.9500,3.605759,-0.019236,-3.784417,0.001022,0.001447,1.574939,3.578009,-0.041993,-3.857394,0.001096,0.001358,1.575004
30.0000,3.605752,-0.019298,-3.784412,0.000969,0.001422,1.574974,3.577646,-0.041242,-3.801200,0.000990,0.001362,1.575089
30.0500,3.605748,-0.019360,-3.784409,0.000918,0.001398,1.574894,3.577401,-0.039796,-3.834312,0.000795,0.001368,1.574809
30.1000,3.605747,-0.019422,-3.784406,0.000867,0.001375,1.574726,3.576935,-0.039206,-3.743649,0.000915,0.001475,1.574646
30.1500,3.605747,-0.019483,-3.784405,0.000817,0.001353,1.574489,3.576645,-0.037822,-3.763175,0.000669,0.001248,1.574482
30.2000,3.605749,-0.019544,-3.784404,0.000769,0.001332,1.574199,3.576107,-0.037367,-3.647273,0.000761,0.001258,1.574147
30.2500,3.605752,-0.019604,-3.784403,0.000722,0.001311,1.573869,3.575770,-0.036043,-3.652744,0.000749,0.001291,1.573817
30.3000,3.605755,-0.019664,-3.784404,0.000678,0.001291,1.573507,3.575219,-0.035652,-3.526919,0.000605,0.001163,1.573459
30.3500,3.605763,-0.019488,-3.784410,0.000636,0.001174,1.573017,3.574845,-0.034166,-3.519497,0.000548,0.001040,1.572975
30.4000,3.605786,-0.017313,-3.784485,0.000581,0.000791,1.572242,3.574363,-0.032294,-3.399161,0.000504,0.000752,1.572250
30.4500,3.605821,-0.011516,-3.784654,0.000499,0.000178,1.571382,3.573994,-0.024702,-3.381272,0.000604,0.000118,1.571193
30.5000,3.605865,-0.001933,-3.784889,0.000400,-0.000543,1.570536,3.763504,-0.179396,-3.277404,0.000455,-0.000543,1.570319
30.5500,3.605912,0.010640,-3.785151,0.000296,-0.001249,1.569706,3.778615,-0.176914,-3.251686,0.000269,-0.001355,1.569540
30.6000,3.605957,0.025101,-3.785391,0.000187,-0.001881,1.568921,3.788654,-0.173584,-3.169174,0.000106,-0.001754,1.569015
30.6500,3.605999,0.040484,-3.785583,0.000086,-0.002404,1.568203,3.803751,-0.167461,-3.138014,0.000185,-0.002391,1.568232
30.7000,3.606041,0.056125,-3.785718,-0.000001,-0.002803,1.567545,3.813817,-0.162981,-3.077250,0.000047,-0.002692,1.567475
30.7520,3.606086,0.071701,-3.785801,-0.000073,-0.003082,1.566905,3.828920,-0.156536,-3.042814,0.000005,-0.003183,1.566801
30.8000,3.606135,0.087170,-3.785840,-0.000131,-0.003255,1.566297,3.839004,-0.152209,-3.001778,-0.000272,-0.003134,1.566365
30.8500,3.606190,0.102530,-3.785845,-0.000177,-0.003341,1.565735,3.854119,-0.146044,-2.965886,-0.000302,-0.003234,1.565605
30.9000,3.606251,0.117800,-3.785826,-0.000210,-0.003359,1.565201,3.864200,-0.142011,-2.941590,-0.000227,-0.003175,1.565144
30.9500,3.606319,0.133003,-3.785789,-0.000232,-0.003323,1.564702,3.879333,-0.136056,-2.905656,-0.000278,-0.003374,1.564673
31.0000,3.606396,0.148168,-3.785741,-0.000244,-0.003245,1.564238,3.889400,-0.132322,-2.894968,-0.000395,-0.003305,1.564326
31.0500,3.606481,0.163320,-3.785685,-0.000247,-0.003134,1.563797,3.904551,-0.126461,-2.860044,-0.000165,-0.003339,1.563869
31.1000,3.606575,0.178475,-3.785626,-0.000241,-0.002999,1.563371,3.914591,-0.122987,-2.860076,-0.000184,-0.002999,1.563195
31.1500,3.606676,0.193639,-3.785565,-0.000229,-0.002845,1.562959,3.929773,-0.117147,-2.826927,-0.000227,-0.002667,1.562881
31.2000,3.606785,0.208814,-3.785504,-0.000210,-0.002677,1.562560,3.939787,-0.113874,-2.835164,-0.000001,-0.002679,1.562395
31.2500,3.606901,0.223997,-3.785445,-0.000186,-0.002499,1.562171,3.954987,-0.108047,-2.804316,-0.000126,-0.002386,1.562153
31.3000,3.607024,0.239186,-3.785387,-0.000158,-0.002315,1.561792,3.964984,-0.104924,-2.818632,-0.000096,-0.002383,1.561811
31.3500,3.607153,0.254376,-3.785332,-0.000126,-0.002126,1.561420,3.980200,-0.099133,-2.790430,0.000006,-0.002000,1.561268
31.4000,3.607289,0.269566,-3.785279,-0.000092,-0.001935,1.561055,3.990198,-0.096083,-2.809048,0.000072,-0.001978,1.560937
31.4500,3.607430,0.284755,-3.785230,-0.000056,-0.001745,1.560697,4.005431,-0.090338,-2.783689,-0.000097,-0.001602,1.560665
31.5000,3.607578,0.299942,-3.785183,-0.000019,-0.001556,1.560345,2.951800,0.787362,-2.804892,0.000020,-0.001663,1.560409
31.5500,3.607732,0.315126,-3.785140,0.000018,-0.001369,1.559997,2.918851,0.833170,-2.782457,0.000019,-0.001332,1.559878
31.6000,3.607891,0.330308,-3.785100,0.000054,-0.001187,1.559655,2.896881,0.863586,-2.805560,0.000024,-0.001161,1.559744
31.6500,3.608056,0.345487,-3.785063,0.000090,-0.001009,1.559316,2.863985,0.909411,-2.786053,0.000112,-0.001086,1.559276
31.7000,3.608227,0.360665,-3.785030,0.000125,-0.000837,1.558982,2.842050,0.939863,-2.809757,0.000125,-0.000992,1.558974
31.7520,3.608403,0.375840,-3.784999,0.000158,-0.000670,1.558652,2.809206,0.985703,-2.793070,0.000173,-0.000626,1.558747
31.8000,3.608584,0.391013,-3.784972,0.000189,-0.000508,1.558325,2.787314,1.016203,-2.816574,0.000222,-0.000484,1.558449
31.8500,3.608771,0.406185,-3.784948,0.000219,-0.000353,1.558001,2.754508,1.062055,-2.802563,0.000314,-0.000351,1.557908
31.9020,3.608963,0.421355,-3.784926,0.000246,-0.000204,1.557681,2.732659,1.092611,-2.825238,0.000222,-0.000238,1.557568
31.9500,3.609160,0.436523,-3.784908,0.000272,-0.000061,1.557364,2.699901,1.138479,-2.813703,0.000281,0.000107,1.557223
32.0000,3.609361,0.451689,-3.784892,0.000295,0.000076,1.557050,2.678093,1.169098,-2.835089,0.000180,0.000056,1.557080
32.0500,3.609568,0.466854,-3.784878,0.000316,0.000206,1.556739,2.645370,1.214981,-2.825818,0.000289,-0.000020,1.556690
32.1000,3.609780,0.482016,-3.784867,0.000335,0.000331,1.556431,2.623594,1.245654,-2.845571,0.000416,0.000331,1.556457
32.1500,3.609996,0.497177,-3.784858,0.000351,0.000450,1.556126,2.590910,1.291553,-2.838320,0.000199,0.000380,1.556072
32.2000,3.610217,0.512336,-3.784851,0.000366,0.000564,1.555823,2.569166,1.322280,-2.856240,0.000448,0.000470,1.555907
32.2500,3.610443,0.527494,-3.784847,0.000378,0.000672,1.555523,2.536524,1.368201,-2.850765,0.000460,0.000710,1.555374
32.3000,3.610673,0.542649,-3.784844,0.000388,0.000774,1.555226,2.514816,1.398976,-2.866735,0.000162,0.000739,1.555065
32.3500,3.610908,0.557803,-3.784843,0.000397,0.000872,1.554932,2.482216,1.444921,-2.862803,0.000406,0.000826,1.554822
32.4000,3.611147,0.572955,-3.784844,0.000404,0.000964,1.554640,2.460533,1.475727,-2.876792,0.000438,0.001048,1.554641
32.4500,3.611391,0.588105,-3.784847,0.000409,0.001052,1.554351,2.427974,1.521695,-2.874176,0.000397,0.001158,1.554315
32.5000,3.611640,0.603254,-3.784851,0.000413,0.001136,1.554065,3.360220,1.084593,-2.886153,0.000496,0.001075,1.553887
32.5500,3.611892,0.618401,-3.784857,0.000415,0.001214,1.553781,3.368775,1.110183,-2.884608,0.000340,0.001237,1.553704
32.6000,3.612150,0.633546,-3.784864,0.000416,0.001289,1.553500,3.374491,1.127276,-2.894801,0.000526,0.001208,1.553620
32.6500,3.612411,0.648690,-3.784872,0.000416,0.001360,1.553221,3.383065,1.152859,-2.894156,0.000331,0.001301,1.553226
32.7000,3.612677,0.663832,-3.784882,0.000415,0.001427,1.552945,3.388799,1.169944,-2.902608,0.000272,0.001313,1.552967
32.7500,3.612946,0.678973,-3.784893,0.000412,0.001490,1.552671,3.397397,1.195516,-2.902682,0.000231,0.001599,1.552581
32.8000,3.613221,0.694112,-3.784906,0.000409,0.001550,1.552400,3.403142,1.212596,-2.909541,0.000403,0.001462,1.552340
32.8540,3.613499,0.709249,-3.784919,0.000405,0.001606,1.552131,3.411762,1.238163,-2.910176,0.000316,0.001574,1.552206
32.9000,3.613781,0.724385,-3.784933,0.000401,0.001659,1.551865,3.417521,1.255232,-2.915596,0.000394,0.001699,1.551939
32.9500,3.614067,0.739519,-3.784948,0.000396,0.001709,1.551601,3.426161,1.280792,-2.916655,0.000342,0.001665,1.551511
33.0000,3.614358,0.754652,-3.784965,0.000390,0.001757,1.551340,3.431935,1.297851,-2.920800,0.000433,0.001714,1.551400
33.0500,3.614652,0.769784,-3.784982,0.000384,0.001801,1.551081,3.440597,1.323401,-2.922163,0.000386,0.001986,1.551155
33.1000,3.614951,0.784913,-3.785000,0.000378,0.001843,1.550825,3.446380,1.340450,-2.925199,0.000299,0.002048,1.550865
33.1500,3.615253,0.800042,-3.785019,0.000371,0.001883,1.550571,3.455064,1.365997,-2.926770,0.000492,0.002009,1.550615
33.2000,3.615559,0.815169,-3.785038,0.000364,0.001920,1.550320,3.460861,1.383038,-2.928850,0.000430,0.001930,1.550474
33.2500,3.615869,0.830295,-3.785058,0.000357,0.001955,1.550070,3.469568,1.408579,-2.930539,0.000325,0.002101,1.549997
33.3000,3.616183,0.845419,-3.785079,0.000349,0.001988,1.549824,3.475379,1.425606,-2.931817,0.000251,0.001972,1.550034
33.3500,3.616501,0.860542,-3.785101,0.000342,0.002019,1.549579,3.484105,1.451143,-2.933558,0.000460,0.002104,1.549269
33.4000,3.616823,0.875663,-3.785123,0.000335,0.002048,1.549337,3.489930,1.468157,-2.934171,0.000315,0.002026,1.549352
33.4500,3.617148,0.890783,-3.785145,0.000327,0.002075,1.549097,3.498679,1.493684,-2.935912,0.000130,0.002224,1.549144
33.5000,3.617477,0.905902,-3.785169,0.000320,0.002100,1.548860,3.557935,1.555820,-2.935999,0.000244,0.002058,1.548801
33.5500,3.617809,0.921019,-3.785192,0.000313,0.002124,1.548625,3.569058,1.583312,-2.937697,0.000248,0.002012,1.548514
33.6000,3.618145,0.936135,-3.785216,0.000305,0.002146,1.548392,3.576479,1.601630,-2.937343,0.000188,0.002085,1.548320
33.6500,3.618485,0.951250,-3.785241,0.000298,0.002167,1.548162,3.587618,1.629112,-2.938975,0.000250,0.002225,1.548023
33.7000,3.618828,0.966364,-3.785266,0.000291,0.002187,1.547933,3.595053,1.647423,-2.938295,0.000451,0.002183,1.547882
33.7500,3.619175,0.981476,-3.785291,0.000284,0.002205,1.547707,3.606217,1.674896,-2.939832,0.000288,0.002089,1.547719
33.8000,3.619525,0.996587,-3.785317,0.000278,0.002222,1.547483,3.613665,1.693199,-2.938911,0.000257,0.002230,1.547426
33.8500,3.619879,1.011696,-3.785343,0.000271,0.002237,1.547262,3.624848,1.720662,-2.940342,0.000214,0.002342,1.547159
33.9000,3.620236,1.026805,-3.785370,0.000265,0.002252,1.547042,3.632312,1.738957,-2.939254,0.000241,0.002383,1.547058
33.9500,3.620596,1.041912,-3.785397,0.000259,0.002265,1.546825,3.643520,1.766412,-2.940572,0.000317,0.002170,1.546700
34.0000,3.620960,1.057018,-3.785424,0.000253,0.002278,1.546610,3.650996,1.784700,-2.939379,0.000099,0.002280,1.546669
34.0500,3.621327,1.072123,-3.785451,0.000247,0.002290,1.546397,3.662224,1.812146,-2.940577,0.000359,0.002207,1.546518
34.1000,3.621698,1.087227,-3.785479,0.000241,0.002300,1.546186,3.669712,1.830427,-2.939330,0.000217,0.002292,1.546169
34.1520,3.622071,1.102329,-3.785507,0.000236,0.002310,1.545977,3.680960,1.857862,-2.940411,0.000208,0.002377,1.546064
34.2000,3.622448,1.117430,-3.785535,0.000230,0.002319,1.545770,3.688462,1.876134,-2.939150,0.000093,0.002461,1.545819
34.2500,3.622828,1.132531,-3.785563,0.000225,0.002328,1.545565,3.699721,1.903561,-2.940121,0.000323,0.002271,1.545640
34.3000,3.623211,1.147630,-3.785592,0.000221,0.002336,1.545363,3.707234,1.921825,-2.938878,0.000107,0.002354,1.545199
34.3500,3.623597,1.162728,-3.785620,0.000216,0.002343,1.545162,3.718517,1.949238,-2.939746,0.000305,0.002412,1.545311
34.4000,3.623987,1.177824,-3.785649,0.000212,0.002349,1.544963,3.726041,1.967494,-2.938545,0.000145,0.002293,1.544894
34.4500,3.624379,1.192920,-3.785678,0.000207,0.002355,1.544767,3.737343,1.994897,-2.939317,0.000005,0.002471,1.544767
34.5000,3.624774,1.208015,-3.785708,0.000203,0.002360,1.544572,3.412966,1.515166,-2.938081,0.000162,0.002437,1.544589
34.5500,3.625173,1.223108,-3.785737,0.000200,0.002365,1.544379,3.409621,1.520720,-2.938756,0.000067,0.002396,1.544294
34.6000,3.625574,1.238201,-3.785767,0.000196,0.002369,1.544189,3.407393,1.524418,-2.937703,0.000107,0.002167,1.544414
34.6500,3.625978,1.253292,-3.785796,0.000192,0.002373,1.544000,3.404051,1.529967,-2.938303,0.000203,0.002365,1.543916
34.7000,3.626385,1.268382,-3.785826,0.000189,0.002377,1.543813,3.401828,1.533661,-2.937326,0.000097,0.002314,1.543742
34.7500,3.626795,1.283472,-3.785856,0.000186,0.002380,1.543628,3.398496,1.539209,-2.937861,0.000191,0.002308,1.543389
34.8000,3.627208,1.298560,-3.785886,0.000183,0.002382,1.543445,3.396279,1.542902,-2.936963,0.000078,0.002233,1.543511
34.8500,3.627623,1.313647,-3.785916,0.000180,0.002385,1.543263,3.392956,1.548445,-2.937442,0.000395,0.002454,1.543341
34.9000,3.628042,1.328733,-3.785946,0.000177,0.002387,1.543084,3.390744,1.552134,-2.936624,0.000307,0.002556,1.543019
34.9500,3.628463,1.343819,-3.785977,0.000175,0.002388,1.542906,3.387433,1.557678,-2.937055,0.000329,0.002228,1.542894
35.0000,3.628886,1.358903,-3.786007,0.000172,0.002390,1.542730,3.385228,1.561365,-2.936314,0.000223,0.002493,1.542834
35.0500,3.629313,1.373986,-3.786038,0.000170,0.002391,1.542556,3.381929,1.566903,-2.936706,0.000149,0.002330,1.542511
35.1000,3.629742,1.389069,-3.786068,0.000168,0.002392,1.542384,3.379733,1.570588,-2.936038,0.000160,0.002374,1.542358
35.1500,3.630174,1.404150,-3.786099,0.000166,0.002393,1.542213,3.376444,1.576125,-2.936400,0.000096,0.002400,1.542159
35.2000,3.630608,1.419230,-3.786130,0.000164,0.002393,1.542044,3.374254,1.579809,-2.935799,0.000240,0.002333,1.541793
35.2500,3.631045,1.434310,-3.786160,0.000162,0.002393,1.541877,3.370973,1.585342,-2.936136,0.000162,0.002442,1.542032
35.3000,3.631484,1.449388,-3.786191,0.000161,0.002393,1.541712,3.368786,1.589024,-2.935596,0.000214,0.002109,1.541698
35.3500,3.631926,1.464466,-3.786222,0.000159,0.002393,1.541548,3.365512,1.594551,-2.935913,0.000126,0.002240,1.541477
35.4000,3.632371,1.479543,-3.786253,0.000158,0.002393,1.541386,3.363332,1.598229,-2.935429,0.000377,0.002246,1.541407
35.4500,3.632818,1.494618,-3.786284,0.000156,0.002392,1.541226,3.360068,1.603751,-2.935733,0.000272,0.002434,1.541383
35.5000,3.633267,1.509693,-3.786315,0.000155,0.002392,1.541067,3.403954,1.504981,-2.935282,-0.000044,0.002445,1.541016
35.5500,3.633719,1.524767,-3.786346,0.000154,0.002391,1.540910,3.402705,1.506000,-2.935575,-0.000025,0.002359,1.540870
35.6000,3.634173,1.539840,-3.786377,0.000153,0.002390,1.540754,3.401872,1.506678,-2.935185,0.000160,0.002395,1.540896
35.6500,3.634629,1.554913,-3.786409,0.000152,0.002389,1.540600,3.400625,1.507695,-2.935472,0.000172,0.002522,1.540605
35.7000,3.635088,1.569984,-3.786440,0.000151,0.002388,1.540448,3.399795,1.508372,-2.935117,0.000212,0.002424,1.540577
35.7500,3.635549,1.585055,-3.786471,0.000150,0.002387,1.540297,3.398553,1.509388,-2.935402,0.000043,0.002244,1.540351
35.8000,3.636013,1.600124,-3.786502,0.000149,0.002386,1.540147,3.397725,1.510061,-2.935077,0.000128,0.002418,1.540122
35.8520,3.636478,1.615193,-3.786534,0.000148,0.002385,1.540000,3.396483,1.511071,-2.935362,0.000058,0.002352,1.539894
35.9000,3.636946,1.630261,-3.786565,0.000148,0.002383,1.539853,3.395655,1.511741,-2.935061,0.000106,0.002484,1.539725
35.9520,3.637416,1.645329,-3.786596,0.000147,0.002382,1.539709,3.394415,1.512750,-2.935347,0.000173,0.002533,1.539899
36.0000,3.637888,1.660395,-3.786628,0.000146,0.002380,1.539565,3.393590,1.513421,-2.935066,0.000177,0.002252,1.539580
36.0520,3.638363,1.675461,-3.786659,0.000146,0.002379,1.539423,3.392357,1.514428,-2.935355,0.000156,0.002234,1.539433
36.1000,3.638840,1.690526,-3.786690,0.000145,0.002377,1.539283,3.391538,1.515096,-2.935089,0.000195,0.002527,1.539238
36.1500,3.639318,1.705590,-3.786722,0.000145,0.002375,1.539144,3.390313,1.516103,-2.935383,0.000189,0.002548,1.539069
36.2000,3.639799,1.720653,-3.786753,0.000144,0.002374,1.539006,3.389498,1.516771,-2.935128,0.000148,0.002450,1.539146
36.2500,3.640282,1.735715,-3.786785,0.000144,0.002372,1.538870,3.388277,1.517779,-2.935427,0.000162,0.002354,1.538706
36.3000,3.640767,1.750777,-3.786816,0.000144,0.002370,1.538736,3.387462,1.518448,-2.935180,0.000073,0.002392,1.538730
36.3500,3.641254,1.765838,-3.786848,0.000143,0.002368,1.538602,3.386242,1.519455,-2.935483,0.000164,0.002342,1.538339
36.4000,3.641743,1.780898,-3.786879,0.000143,0.002366,1.538470,3.385431,1.520122,-2.935241,-0.000009,0.002460,1.538483
36.4500,3.642234,1.795958,-3.786911,0.000143,0.002365,1.538340,3.384216,1.521128,-2.935550,-0.000042,0.002349,1.538285
36.5000,3.642727,1.811016,-3.786942,0.000143,0.002363,1.538210,3.409117,1.488709,-2.935307,0.000070,0.002374,1.538216
36.5500,3.643222,1.826074,-3.786974,0.000143,0.002361,1.538082,3.409029,1.488259,-2.935620,0.000104,0.002249,1.538227
36.6000,3.643718,1.841132,-3.787005,0.000142,0.002359,1.537956,3.408971,1.487958,-2.935383,-0.000062,0.002377,1.537871
36.6500,3.644217,1.856188,-3.787037,0.000142,0.002357,1.537830,3.408886,1.487506,-2.935702,0.000209,0.002336,1.537785
36.7000,3.644718,1.871244,-3.787069,0.000142,0.002355,1.537706,3.408829,1.487201,-2.935465,0.000173,0.002571,1.537631
36.7520,3.645220,1.886299,-3.787100,0.000142,0.002353,1.537583,3.408747,1.486748,-2.935788,0.000189,0.002241,1.537721
36.8000,3.645724,1.901354,-3.787132,0.000142,0.002351,1.537462,3.408694,1.486444,-2.935549,0.000185,0.002398,1.537543
36.8500,3.646230,1.916408,-3.787163,0.000142,0.002349,1.537342,3.408619,1.485990,-2.935877,0.000120,0.002379,1.537300
36.9020,3.646738,1.931461,-3.787195,0.000142,0.002347,1.537223,3.408572,1.485686,-2.935636,0.000213,0.002325,1.537459
36.9500,3.647248,1.946513,-3.787227,0.000142,0.002345,1.537105,3.408504,1.485232,-2.935968,-0.000027,0.002443,1.537060
37.0000,3.647759,1.961565,-3.787258,0.000142,0.002343,1.536988,3.408459,1.484926,-2.935724,0.000334,0.002197,1.536961
37.0500,3.648273,1.976616,-3.787290,0.000142,0.002341,1.536873,3.408395,1.484470,-2.936059,0.000158,0.002410,1.536923
37.1000,3.648788,1.991666,-3.787321,0.000142,0.002339,1.536758,3.408356,1.484162,-2.935812,0.000030,0.002136,1.536924
37.1500,3.649304,2.006716,-3.787353,0.000142,0.002337,1.536645,3.408300,1.483699,-2.936150,0.000111,0.002313,1.536635
37.2000,3.649823,2.021765,-3.787385,0.000142,0.002335,1.536533,3.408264,1.483386,-2.935900,0.000152,0.002338,1.536617
37.2500,3.650343,2.036814,-3.787416,0.000142,0.002333,1.536423,3.408213,1.482919,-2.936241,0.000052,0.002406,1.536514
37.3000,3.650864,2.051862,-3.787448,0.000142,0.002331,1.536313,3.408180,1.482604,-2.935986,0.000226,0.002373,1.536259
37.3500,3.651388,2.066909,-3.787480,0.000143,0.002329,1.536204,3.408132,1.482135,-2.936330,0.000306,0.002165,1.536177
37.4000,3.651912,2.081956,-3.787511,0.000143,0.002328,1.536097,3.408102,1.481817,-2.936072,0.000133,0.002433,1.536064
37.4500,3.652439,2.097002,-3.787543,0.000143,0.002326,1.535991,3.408061,1.481345,-2.936418,0.000119,0.002277,1.536088
37.5000,3.652967,2.112047,-3.787575,0.000143,0.002324,1.535885,3.413744,1.481260,-2.936156,0.000134,0.002297,1.536039
37.5500,3.653497,2.127092,-3.787606,0.000143,0.002322,1.535781,3.413953,1.480795,-2.936503,0.000107,0.002286,1.536006
37.6000,3.654028,2.142136,-3.787638,0.000143,0.002320,1.535678,3.414093,1.480484,-2.936239,0.000198,0.002316,1.535688
37.6500,3.654561,2.157180,-3.787670,0.000143,0.002318,1.535576,3.414305,1.480018,-2.936587,0.000049,0.002127,1.535584
37.7000,3.655095,2.172223,-3.787702,0.000143,0.002316,1.535475,3.414448,1.479705,-2.936320,0.000297,0.002332,1.535491
37.7500,3.655631,2.187266,-3.787733,0.000144,0.002314,1.535375,3.414665,1.479238,-2.936669,0.000103,0.002082,1.535243
37.8000,3.656168,2.202308,-3.787765,0.000144,0.002312,1.535277,3.414812,1.478924,-2.936399,0.000243,0.002303,1.535332
37.8500,3.656707,2.217349,-3.787797,0.000144,0.002311,1.535179,3.415036,1.478455,-2.936749,0.000084,0.002100,1.534980
37.9000,3.657247,2.232390,-3.787828,0.000144,0.002309,1.535082,3.415187,1.478138,-2.936477,-0.000007,0.002237,1.535214
37.9500,3.657789,2.247430,-3.787860,0.000144,0.002307,1.534986,3.415417,1.477664,-2.936827,0.000140,0.002225,1.534932
38.0000,3.658332,2.262470,-3.787892,0.000144,0.002305,1.534891,3.415571,1.477343,-2.936553,0.000062,0.002422,1.534693
38.0500,3.658876,2.277509,-3.787923,0.000145,0.002303,1.534797,3.415802,1.476867,-2.936904,0.000221,0.002357,1.534624
38.1020,3.659422,2.292547,-3.787955,0.000145,0.002302,1.534704,3.415958,1.476546,-2.936627,0.000090,0.002160,1.534697
38.1500,3.659969,2.307586,-3.787987,0.000145,0.002300,1.534612,3.416193,1.476067,-2.936979,0.000265,0.002109,1.534673
38.2000,3.660518,2.322623,-3.788019,0.000145,0.002298,1.534521,3.416353,1.475743,-2.936701,0.000126,0.002279,1.534574
38.2500,3.661068,2.337660,-3.788050,0.000145,0.002296,1.534431,3.416593,1.475258,-2.937052,0.000226,0.002309,1.534438
38.3000,3.661619,2.352697,-3.788082,0.000145,0.002295,1.534342,3.416755,1.474929,-2.936773,0.000072,0.002332,1.534294
38.3500,3.662172,2.367733,-3.788114,0.000146,0.002293,1.534254,3.416999,1.474439,-2.937124,0.000192,0.002317,1.534322
38.4000,3.662726,2.382768,-3.788146,0.000146,0.002291,1.534166,3.417163,1.474109,-2.936844,0.000181,0.002497,1.534272
38.4500,3.663281,2.397803,-3.788177,0.000146,0.002290,1.534080,3.417410,1.473620,-2.937195,0.000205,0.002209,1.534129
38.5000,3.663837,2.412838,-3.788209,0.000146,0.002288,1.533994,3.415462,1.479964,-2.936915,0.000230,0.002337,1.534004
38.5500,3.664395,2.427872,-3.788241,0.000146,0.002286,1.533909,3.415618,1.479767,-2.937266,0.000240,0.002274,1.533814
38.6000,3.664954,2.442905,-3.788272,0.000146,0.002285,1.533826,3.415722,1.479635,-2.936984,-0.000071,0.002318,1.533978
38.6500,3.665514,2.457938,-3.788304,0.000147,0.002283,1.533743,3.415879,1.479438,-2.937335,0.000126,0.002269,1.533465
38.7000,3.666076,2.472971,-3.788336,0.000147,0.002282,1.533660,3.415985,1.479304,-2.937053,0.000378,0.002307,1.533491
38.7500,3.666638,2.488003,-3.788368,0.000147,0.002280,1.533579,3.416149,1.479106,-2.937403,0.000219,0.002364,1.533639
38.8000,3.667202,2.503035,-3.788399,0.000147,0.002279,1.533499,3.416262,1.478972,-2.937121,0.000332,0.002183,1.533515
38.8500,3.667767,2.518066,-3.788431,0.000147,0.002277,1.533419,3.416434,1.478772,-2.937471,0.000024,0.002213,1.533413
38.9000,3.668334,2.533097,-3.788463,0.000148,0.002275,1.533340,3.416548,1.478635,-2.937188,0.000299,0.002129,1.533381
38.9520,3.668901,2.548127,-3.788495,0.000148,0.002274,1.533262,3.416722,1.478433,-2.937538,0.000111,0.002230,1.533417
39.0000,3.669470,2.563157,-3.788526,0.000148,0.002272,1.533185,3.416838,1.478296,-2.937255,0.000061,0.002294,1.533074
39.0500,3.670039,2.578186,-3.788558,0.000148,0.002271,1.533109,3.417016,1.478092,-2.937605,0.000202,0.002145,1.532854
39.1000,3.670610,2.593215,-3.788590,0.000148,0.002270,1.533033,3.417134,1.477954,-2.937322,0.000227,0.002270,1.533013
39.1500,3.671182,2.608243,-3.788622,0.000148,0.002268,1.532958,3.417315,1.477748,-2.937672,0.000228,0.002483,1.532953
39.2000,3.671755,2.623271,-3.788653,0.000149,0.002267,1.532884,3.417438,1.477607,-2.937389,0.000264,0.002378,1.532949
39.2500,3.672329,2.638299,-3.788685,0.000149,0.002265,1.532811,3.417624,1.477401,-2.937738,0.000250,0.002183,1.532821
39.3000,3.672904,2.653326,-3.788717,0.000149,0.002264,1.532738,3.417750,1.477258,-2.937455,0.000249,0.002069,1.532860
39.3500,3.673481,2.668353,-3.788749,0.000149,0.002262,1.532667,3.417942,1.477046,-2.937804,0.000086,0.002154,1.532638
39.4000,3.674058,2.683379,-3.788780,0.000149,0.002261,1.532595,3.418071,1.476898,-2.937521,0.000177,0.002317,1.532519
39.4500,3.674636,2.698405,-3.788812,0.000149,0.002260,1.532525,3.418266,1.476682,-2.937870,0.000245,0.002368,1.532550
39.5000,3.675216,2.713431,-3.788844,0.000150,0.002258,1.532456,3.415576,1.480626,-2.937588,0.000461,0.002385,1.532471
39.5500,3.675796,2.728456,-3.788876,0.000150,0.002257,1.532387,3.415652,1.480589,-2.937937,0.000144,0.002269,1.532302
39.6000,3.676378,2.743481,-3.788907,0.000150,0.002256,1.532318,3.415702,1.480564,-2.937654,0.000112,0.002129,1.532252
39.6500,3.676960,2.758505,-3.788939,0.000150,0.002254,1.532251,3.415781,1.480525,-2.938002,0.000223,0.002564,1.532304
39.7000,3.677543,2.773529,-3.788971,0.000150,0.002253,1.532184,3.665719,2.827997,-3.685747,0.000216,0.002089,1.532133
39.7500,3.678128,2.788552,-3.789003,0.000150,0.002252,1.532118,3.678674,2.897085,-3.740739,0.000346,0.002318,1.532064
39.8000,3.678713,2.803576,-3.789034,0.000151,0.002250,1.532053,3.687309,2.943077,-3.744515,0.000228,0.002376,1.532042
39.8500,3.679299,2.818598,-3.789066,0.000151,0.002249,1.531988,3.700271,3.012124,-3.794856,0.000108,0.002144,1.532160
39.9000,3.679887,2.833621,-3.789098,0.000151,0.002248,1.531924,3.708885,3.057964,-3.773898,0.000157,0.002268,1.531838
39.9500,3.680475,2.848643,-3.789130,0.000151,0.002247,1.531860,3.721852,3.126957,-3.816352,0.000036,0.002110,1.531704
40.0000,3.681064,2.863664,-3.789161,0.000151,0.002245,1.531797,3.730457,3.172559,-3.762917,0.000026,0.002313,1.531861
40.0500,3.681654,2.878686,-3.789193,0.000151,0.002244,1.531735,3.743430,3.241467,-3.794458,0.000051,0.002182,1.531687
40.1000,3.682245,2.893707,-3.789225,0.000152,0.002243,1.531674,3.752024,3.286794,-3.708223,0.000077,0.002155,1.531659
40.1500,3.682837,2.908727,-3.789257,0.000152,0.002242,1.531613,3.764989,3.355599,-3.726843,0.000179,0.002261,1.531567
40.2000,3.683430,2.923747,-3.789288,0.000152,0.002241,1.531553,3.773560,3.400694,-3.616581,0.000065,0.002130,1.531720
40.2500,3.684023,2.938767,-3.789320,0.000152,0.002239,1.531493,3.786526,3.469391,-3.621824,0.000153,0.002246,1.531447
40.3000,3.684618,2.953787,-3.789352,0.000152,0.002238,1.531434,3.795094,3.514352,-3.502109,0.000274,0.002268,1.531422
40.3500,3.685213,2.968806,-3.789384,0.000152,0.002237,1.531376,3.808063,3.582950,-3.495084,0.000100,0.002301,1.531245
40.4000,3.685809,2.983825,-3.789416,0.000152,0.002236,1.531318,3.816632,3.627886,-3.380410,0.000122,0.002265,1.531222
40.4500,3.686406,2.998843,-3.789447,0.000153,0.002235,1.531261,3.829599,3.696398,-3.363237,-0.000063,0.002145,1.531245
40.5000,3.687004,3.013862,-3.789479,0.000153,0.002234,1.531204,3.607307,2.508660,-3.263150,0.000433,0.002367,1.531255
40.5500,3.687603,3.028879,-3.789511,0.000153,0.002233,1.531148,3.601380,2.476434,-3.238305,0.000268,0.002273,1.530998
40.6000,3.688203,3.043897,-3.789543,0.000153,0.002232,1.531092,3.597398,2.454711,-3.158929,0.000104,0.002252,1.531021
40.6500,3.688803,3.058914,-3.789574,0.000153,0.002231,1.531037,3.591463,2.422457,-3.128936,0.000165,0.002099,1.531286
40.7000,3.689404,3.073931,-3.789606,0.000153,0.002229,1.530983,3.587491,2.400794,-3.070216,0.000173,0.002341,1.530888
40.7500,3.690006,3.088947,-3.789638,0.000153,0.002228,1.530929,3.581553,2.368523,-3.037183,-0.000102,0.002498,1.531013
40.8000,3.690609,3.103964,-3.789670,0.000154,0.002227,1.530876,3.577584,2.346932,-2.997369,0.000055,0.002151,1.530867
40.8500,3.691212,3.118980,-3.789702,0.000154,0.002226,1.530823,3.571638,2.314654,-2.962999,0.000120,0.002415,1.530821
40.9000,3.691816,3.133995,-3.789733,0.000154,0.002225,1.530771,3.567674,2.293136,-2.939330,-0.000045,0.002250,1.530911
40.9500,3.692421,3.149010,-3.789765,0.000154,0.002224,1.530720,3.561726,2.260861,-2.904942,0.000106,0.002132,1.530577
41.0000,3.693027,3.164025,-3.789797,0.000154,0.002223,1.530669,3.557769,2.239409,-2.894458,0.000238,0.002170,1.530617
41.0500,3.693634,3.179040,-3.789829,0.000154,0.002222,1.530618,3.551819,2.207139,-2.861042,0.000159,0.002265,1.530714
41.1000,3.694241,3.194054,-3.789860,0.000154,0.002221,1.530568,3.547869,2.185757,-2.860979,0.000200,0.002130,1.530492
41.1500,3.694849,3.209069,-3.789892,0.000154,0.002220,1.530518,3.541921,2.153497,-2.829261,0.000111,0.002126,1.530469
41.2000,3.695458,3.224082,-3.789924,0.000155,0.002219,1.530469,3.537973,2.132176,-2.837205,0.000022,0.002254,1.530460
41.2500,3.696067,3.239096,-3.789956,0.000155,0.002218,1.530421,3.532019,2.099934,-2.807691,0.000174,0.002199,1.530347
41.3000,3.696677,3.254109,-3.789988,0.000155,0.002218,1.530373,3.528070,2.078666,-2.821587,0.000177,0.002225,1.530512
41.3500,3.697288,3.269122,-3.790019,0.000155,0.002217,1.530325,3.522119,2.046441,-2.794614,0.000191,0.002086,1.530518
41.4000,3.697899,3.284135,-3.790051,0.000155,0.002216,1.530278,3.518179,2.025219,-2.812734,0.000158,0.002123,1.530453
41.4500,3.698511,3.299147,-3.790083,0.000155,0.002215,1.530232,3.512228,1.993015,-2.788498,0.000273,0.002345,1.530358
41.5000,3.699124,3.314159,-3.790115,0.000155,0.002214,1.530186,3.427980,1.549811,-2.809338,0.000028,0.002163,1.530264
41.5500,3.699738,3.329171,-3.790147,0.000155,0.002213,1.530140,3.418358,1.498417,-2.787913,0.000113,0.002152,1.530217
41.6000,3.700352,3.344183,-3.790178,0.000155,0.002212,1.530095,3.411954,1.464229,-2.810427,0.000215,0.002096,1.530081
41.6500,3.700967,3.359194,-3.790210,0.000156,0.002211,1.530050,3.402337,1.412846,-2.791805,0.000309,0.002265,1.530050
41.7000,3.701582,3.374205,-3.790242,0.000156,0.002210,1.530006,3.395931,1.378687,-2.814931,0.000219,0.002235,1.529998
41.7500,3.702198,3.389216,-3.790274,0.000156,0.002209,1.529962,3.386312,1.327321,-2.799025,0.000209,0.002155,1.530029
41.8000,3.702815,3.404226,-3.790306,0.000156,0.002209,1.529919,3.379911,1.293186,-2.821983,0.000233,0.002169,1.529872
41.8500,3.703432,3.419237,-3.790337,0.000156,0.002208,1.529876,3.370290,1.241831,-2.808654,0.000227,0.002190,1.529971
41.9000,3.704050,3.434247,-3.790369,0.000156,0.002207,1.529834,3.363893,1.207717,-2.830822,0.000263,0.002008,1.529812
41.9500,3.704669,3.449256,-3.790401,0.000156,0.002206,1.529792,3.354274,1.156372,-2.819885,0.000294,0.002143,1.529926
42.0000,3.705288,3.464266,-3.790433,0.000156,0.002205,1.529750,3.347881,1.122266,-2.840805,0.000218,0.002071,1.529494
42.0500,3.705908,3.479275,-3.790465,0.000156,0.002204,1.529709,3.338256,1.070933,-2.832041,0.000182,0.002407,1.529534
42.1000,3.706528,3.494284,-3.790496,0.000157,0.002204,1.529668,3.331856,1.036843,-2.851379,0.000243,0.002411,1.529856
42.1500,3.707149,3.509293,-3.790528,0.000157,0.002203,1.529628,3.322239,0.985525,-2.844559,0.000271,0.002325,1.529864
42.2000,3.707771,3.524301,-3.790560,0.000157,0.002202,1.529588,3.315847,0.951448,-2.862108,0.000322,0.002076,1.529543
42.2500,3.708393,3.539310,-3.790592,0.000157,0.002201,1.529549,3.306230,0.900143,-2.857012,0.000056,0.002202,1.529679
42.3000,3.709015,3.554318,-3.790624,0.000157,0.002201,1.529510,3.299834,0.866063,-2.872665,0.000016,0.002260,1.529506
42.3500,3.709632,3.569165,-3.790641,0.000157,0.002315,1.529471,3.290202,0.814624,-2.869036,0.000090,0.002410,1.529478
42.4000,3.710172,3.582284,-3.790616,0.000174,0.002747,1.529426,3.283749,0.779354,-2.882538,0.000081,0.002747,1.529348
42.4500,3.710554,3.591923,-3.790517,0.000223,0.003465,1.529333,3.273863,0.722267,-2.879984,0.000402,0.003553,1.529283
42.5020,3.710766,3.597773,-3.790348,0.000306,0.004324,1.529166,3.384989,1.316291,-2.891118,0.000337,0.004184,1.529138
42.5500,3.710844,3.600531,-3.790124,0.000420,0.005217,1.528959,3.379826,1.278265,-2.889402,0.000309,0.005413,1.529111
42.6000,3.710843,3.601254,-3.789874,0.000548,0.006060,1.528756,3.376315,1.251188,-2.898072,0.000647,0.006195,1.528725
42.6500,3.710810,3.600922,-3.789639,0.000673,0.006769,1.528580,3.370987,1.209138,-2.897040,0.000811,0.006919,1.528596
42.7000,3.710776,3.600255,-3.789443,0.000786,0.007313,1.528436,3.367436,1.180822,-2.903884,0.000816,0.007141,1.528532
42.7500,3.710741,3.599577,-3.789296,0.000880,0.007691,1.528300,3.362100,1.138227,-2.903522,0.000852,0.007887,1.528354
42.8000,3.710713,3.598958,-3.789193,0.000955,0.007922,1.528191,3.358552,1.109948,-2.908989,0.001035,0.008097,1.528127
42.8520,3.710695,3.598445,-3.789127,0.001008,0.008039,1.528110,3.353222,1.067546,-2.909171,0.001091,0.008118,1.528066
42.9000,3.710686,3.598039,-3.789089,0.001041,0.008068,1.528045,3.349690,1.039448,-2.913558,0.000758,0.007979,1.527939
42.9500,3.710684,3.597717,-3.789072,0.001056,0.008029,1.527988,3.344373,0.997289,-2.914157,0.001065,0.007937,1.528021
43.0000,3.710685,3.597447,-3.789069,0.001055,0.007938,1.527938,3.340846,0.969309,-2.917653,0.000968,0.007743,1.528041
43.0500,3.710686,3.597203,-3.789074,0.001041,0.007806,1.527895,3.335534,0.927261,-2.918568,0.001088,0.007665,1.527742
43.1000,3.710687,3.596968,-3.789085,0.001015,0.007644,1.527857,3.331996,0.899302,-2.921314,0.001181,0.007610,1.527965
43.1520,3.710689,3.596735,-3.789100,0.000980,0.007459,1.527822,3.326680,0.857275,-2.922453,0.001006,0.007456,1.527758
43.2000,3.710691,3.596501,-3.789116,0.000936,0.007258,1.527792,3.323142,0.829303,-2.924561,0.000938,0.007269,1.527848
43.2500,3.710692,3.596265,-3.789133,0.000886,0.007044,1.527765,3.317820,0.787279,-2.925856,0.000964,0.007072,1.527775
43.3000,3.710692,3.596027,-3.789150,0.000832,0.006823,1.527742,3.314275,0.759289,-2.927424,0.000749,0.006738,1.527734
43.3500,3.710693,3.595778,-3.789168,0.000757,0.006584,1.528145,3.308955,0.717255,-2.928835,0.000729,0.006527,1.528637
43.4000,3.710737,3.595496,-3.789219,0.000639,0.006321,1.531363,3.305476,0.689210,-2.929991,0.000716,0.006324,1.531338
43.4500,3.710823,3.595207,-3.789284,0.000503,0.006049,1.537388,3.300503,0.647096,-2.931536,0.000600,0.006040,1.538969
43.5000,3.710902,3.594934,-3.789344,0.000379,0.005757,1.544745,3.392745,1.316877,-2.932838,0.000381,0.005714,1.544671
43.5500,3.710964,3.594677,-3.789393,0.000290,0.005479,1.552977,3.391970,1.305470,-2.934425,0.000249,0.005545,1.554857
43.6000,3.711018,3.594433,-3.789432,0.000225,0.005224,1.562120,3.391510,1.297868,-2.934797,0.000116,0.005222,1.562127
43.6500,3.711066,3.594198,-3.789465,0.000176,0.004988,1.572082,3.390921,1.286481,-2.936357,0.000229,0.005015,1.573996
43.7000,3.711107,3.593973,-3.789491,0.000148,0.004769,1.582643,3.390600,1.278887,-2.936436,0.000216,0.004819,1.582494
43.7500,3.711140,3.593754,-3.789513,0.000138,0.004566,1.593632,3.390233,1.267513,-2.937954,0.000239,0.004412,1.595795
43.8000,3.711167,3.593541,-3.789531,0.000142,0.004377,1.604962,3.390068,1.259922,-2.937777,0.000058,0.004246,1.604994
43.8500,3.711190,3.593331,-3.789547,0.000154,0.004202,1.616572,3.389947,1.248552,-2.939241,0.000127,0.004028,1.618962
43.9000,3.711211,3.593125,-3.789560,0.000172,0.004040,1.628402,3.389954,1.240964,-2.938848,0.000134,0.003921,1.628478
43.9500,3.711230,3.592922,-3.789572,0.000194,0.003890,1.640399,3.390096,1.229598,-2.940247,0.000005,0.003682,1.642913
44.0000,3.711248,3.592722,-3.789582,0.000217,0.003751,1.652525,3.390283,1.222013,-2.939679,0.000327,0.003676,1.652663
44.0500,3.711267,3.592524,-3.789592,0.000241,0.003623,1.664753,3.390695,1.210655,-2.941003,0.000158,0.003515,1.667164
44.1000,3.711286,3.592329,-3.789600,0.000264,0.003504,1.677061,3.391065,1.203080,-2.940297,0.000308,0.003602,1.676980
44.1500,3.711306,3.592136,-3.789608,0.000285,0.003394,1.689431,3.391757,1.191739,-2.941538,0.000248,0.003306,1.691805
44.2020,3.711328,3.591947,-3.789615,0.000306,0.003293,1.701848,3.392316,1.184183,-2.940731,0.000256,0.003338,1.701892
44.2500,3.711350,3.591760,-3.789623,0.000325,0.003199,1.714304,3.393293,1.172869,-2.941889,0.000239,0.003132,1.716887
44.3000,3.711375,3.591575,-3.789629,0.000343,0.003112,1.726788,3.394041,1.165335,-2.941012,0.000281,0.003225,1.726877
44.4700,3.711488,3.590861,-3.789656,0.000399,0.002827,1.776902,3.412067,1.417300,-2.941200,0.000317,0.002915,1.776911
44.5200,3.711520,3.590688,-3.789662,0.000411,0.002769,1.789457,3.412653,1.418812,-2.942095,0.000328,0.002683,1.791855
44.5700,3.711554,3.590518,-3.789668,0.000421,0.002716,1.802017,3.413032,1.419825,-2.941154,0.000550,0.002542,1.802050
44.6200,3.711589,3.590350,-3.789675,0.000431,0.002666,1.814582,3.413586,1.421353,-2.941972,0.000482,0.002624,1.817084
44.6700,3.711627,3.590184,-3.789682,0.000440,0.002620,1.827151,3.413945,1.422378,-2.941048,0.000503,0.002671,1.827019
44.7200,3.711666,3.590020,-3.789688,0.000449,0.002578,1.839722,3.414468,1.423925,-2.941793,0.000377,0.002543,1.842245
44.7700,3.711706,3.589859,-3.789695,0.000457,0.002539,1.852294,3.414468,1.423925,-2.941793,0.000377,0.002543,1.842245
44.8200,3.711748,3.589700,-3.789701,0.000465,0.002502,1.864867,3.414803,1.424959,-2.940897,0.000599,0.002611,1.852439
44.8700,3.711792,3.589543,-3.789708,0.000473,0.002469,1.877442,3.415291,1.426522,-2.941576,0.000407,0.002493,1.867471
44.9200,3.711837,3.589388,-3.789715,0.000480,0.002437,1.890016,3.416055,1.429150,-2.941336,0.000359,0.002332,1.892622
44.9720,3.711883,3.589236,-3.789722,0.000488,0.002408,1.902591,3.416344,1.430208,-2.940520,0.000468,0.002406,1.902569
45.0200,3.711931,3.589086,-3.789729,0.000495,0.002381,1.915166,3.416344,1.430208,-2.940520,0.000468,0.002406,1.902569
45.0700,3.711980,3.588938,-3.789735,0.000502,0.002356,1.927740,3.416757,1.431806,-2.941084,0.000403,0.002390,1.917730
45.1200,3.712031,3.588792,-3.789742,0.000509,0.002332,1.940314,3.417018,1.432876,-2.940315,0.000570,0.002295,1.927711
45.1700,3.712083,3.588648,-3.789749,0.000517,0.002310,1.952888,3.417626,1.435567,-2.940110,0.000506,0.002136,1.952721
45.2200,3.712136,3.588507,-3.789756,0.000524,0.002290,1.965461,3.417626,1.435567,-2.940110,0.000506,0.002136,1.952721
45.2700,3.712191,3.588368,-3.789763,0.000531,0.002270,1.978034,3.418176,1.438278,-2.939911,0.000612,0.002073,1.977884
45.3200,3.712247,3.588230,-3.789770,0.000538,0.002252,1.990606,3.418176,1.438278,-2.939911,0.000612,0.002073,1.977884
45.3700,3.712304,3.588095,-3.789777,0.000546,0.002235,2.003178,3.418670,1.441008,-2.939723,0.000648,0.002241,2.003290
45.4200,3.712362,3.587963,-3.789784,0.000553,0.002219,2.015749,3.418939,1.442657,-2.940130,0.000649,0.002153,2.018168
45.4700,3.712421,3.587832,-3.789791,0.000560,0.002204,2.028319,3.418939,1.442657,-2.940130,0.000649,0.002153,2.018168
45.5200,3.712481,3.587703,-3.789797,0.000568,0.002190,2.040889,4.119466,3.702179,-2.940075,0.000549,0.002258,2.043534
45.5700,3.712542,3.587577,-3.789804,0.000575,0.002177,2.053458,4.119466,3.702179,-2.940075,0.000549,0.002258,2.043534
45.6200,3.712605,3.587452,-3.789811,0.000583,0.002164,2.066026,4.139050,3.870494,-2.939855,0.000678,0.002044,2.068443
45.6700,3.712668,3.587330,-3.789818,0.000590,0.002152,2.078594,4.139050,3.870494,-2.939855,0.000678,0.002044,2.068443
45.7200,3.712732,3.587210,-3.789824,0.000598,0.002141,2.091161,4.145698,3.937949,-2.939327,0.000602,0.002157,2.078508
45.7700,3.712797,3.587092,-3.789831,0.000606,0.002130,2.103727,4.154390,4.039252,-2.939670,0.000606,0.002045,2.093565
45.8200,3.712863,3.586976,-3.789838,0.000613,0.002120,2.116293,4.159344,4.106854,-2.939184,0.000541,0.002187,2.103591
45.8700,3.712929,3.586862,-3.789844,0.000621,0.002110,2.128858,4.165499,4.208348,-2.939509,0.000698,0.002173,2.118640
45.9220,3.712997,3.586750,-3.789851,0.000629,0.002101,2.141423,4.172355,4.377678,-2.939377,0.000503,0.002298,2.143808
45.9700,3.713065,3.586640,-3.789857,0.000636,0.002092,2.153986,4.172355,4.377678,-2.939377,0.000503,0.002298,2.143808
46.0200,3.713134,3.586532,-3.789864,0.000644,0.002083,2.166550,4.174957,4.547140,-2.939274,0.000640,0.002220,2.169139
46.0700,3.713203,3.586426,-3.789870,0.000652,0.002075,2.179112,4.174957,4.547140,-2.939274,0.000640,0.002220,2.169139
46.1200,3.713274,3.586322,-3.789877,0.000659,0.002067,2.191674,4.174808,4.614938,-2.938889,0.000678,0.002236,2.179145
46.1700,3.713344,3.586220,-3.789883,0.000667,0.002060,2.204236,4.173296,4.716632,-2.939188,0.000552,0.002124,2.194159
46.2200,3.713416,3.586120,-3.789889,0.000675,0.002053,2.216796,4.171442,4.784410,-2.938817,0.000659,0.001873,2.204344
46.2700,3.713488,3.586022,-3.789895,0.000682,0.002046,2.229356,4.163840,4.953753,-2.938760,0.000573,0.002075,2.229409
46.3200,3.713560,3.585926,-3.789902,0.000690,0.002039,2.241916,4.163840,4.953753,-2.938760,0.000573,0.002075,2.229409
46.3700,3.713633,3.585832,-3.789908,0.000697,0.002033,2.254475,4.157246,5.055256,-2.939043,0.000682,0.002034,2.244391
46.4200,3.713706,3.585739,-3.789914,0.000705,0.002026,2.267033,4.142837,5.224168,-2.939002,0.000600,0.002253,2.269677
46.4700,3.713780,3.585649,-3.789920,0.000712,0.002020,2.279591,3.652431,3.987004,-2.938528,0.000681,0.002053,2.279554
46.5200,3.713854,3.585560,-3.789926,0.000720,0.002014,2.292148,3.652431,3.987004,-2.938528,0.000681,0.002053,2.279554
46.5700,3.713929,3.585474,-3.789932,0.000727,0.002009,2.304705,3.629876,4.027498,-2.938800,0.000704,0.001992,2.294618
46.6200,3.714004,3.585389,-3.789938,0.000734,0.002003,2.317261,3.590932,4.094218,-2.938796,0.000784,0.002078,2.319693
46.6700,3.714079,3.585306,-3.789943,0.000741,0.001998,2.329817,3.574890,4.120632,-2.938526,0.000911,0.001947,2.329732
46.7200,3.714154,3.585225,-3.789949,0.000749,0.001993,2.342372,3.550325,4.159948,-2.938803,0.000646,0.001907,2.344955
46.7700,3.714230,3.585145,-3.789955,0.000756,0.001988,2.354926,3.533622,4.185951,-2.938537,0.000730,0.001981,2.354756
46.8200,3.714306,3.585068,-3.789960,0.000763,0.001983,2.367480,3.533622,4.185951,-2.938537,0.000730,0.001981,2.354756
46.8700,3.714382,3.584992,-3.789966,0.000770,0.001978,2.380033,3.508084,4.224646,-2.938817,0.000916,0.002197,2.370136
46.9220,3.714459,3.584918,-3.789972,0.000777,0.001973,2.392586,3.464234,4.288270,-2.938839,0.000844,0.001780,2.395114
46.9700,3.714535,3.584845,-3.789977,0.000784,0.001968,2.405138,3.446251,4.313408,-2.938574,0.000865,0.001859,2.405154
47.0200,3.714612,3.584775,-3.789982,0.000791,0.001964,2.417690,3.418807,4.350777,-2.938864,0.000830,0.001919,2.420216
47.0700,3.714689,3.584706,-3.789988,0.000798,0.001959,2.430242,3.418807,4.350777,-2.938864,0.000830,0.001919,2.420216
47.1200,3.714765,3.584639,-3.789993,0.000804,0.001955,2.442792,3.371828,4.412133,-2.938896,0.000854,0.002033,2.445360
47.1700,3.714842,3.584573,-3.789998,0.000811,0.001951,2.455343,3.371828,4.412133,-2.938896,0.000854,0.002033,2.445360
47.2200,3.714919,3.584509,-3.790004,0.000818,0.001947,2.467892,3.352609,4.436343,-2.938633,0.000819,0.001944,2.455434
47.2700,3.714996,3.584447,-3.790009,0.000824,0.001942,2.480442,3.323324,4.472301,-2.938934,0.000780,0.001977,2.470212
47.3200,3.715073,3.584386,-3.790014,0.000831,0.001938,2.492990,3.303504,4.496026,-2.938664,0.000785,0.002025,2.480551
47.3700,3.715150,3.584327,-3.790019,0.000837,0.001934,2.505539,3.273322,4.531238,-2.938965,0.000934,0.002074,2.495462
47.4200,3.715227,3.584270,-3.790024,0.000844,0.001930,2.518086,3.221856,4.588906,-2.938996,0.000857,0.001961,2.520623
47.4700,3.715304,3.584214,-3.790029,0.000850,0.001926,2.530634,3.221856,4.588906,-2.938996,0.000857,0.001961,2.520623
47.5200,3.715381,3.584160,-3.790034,0.000857,0.001922,2.543181,4.128047,3.763775,-2.938582,0.000886,0.001881,2.530590
47.5700,3.715458,3.584107,-3.790039,0.000863,0.001919,2.555727,4.153180,3.770602,-2.938627,0.000813,0.001833,2.555660
47.6200,3.715534,3.584056,-3.790044,0.000869,0.001915,2.568273,4.153180,3.770602,-2.938627,0.000813,0.001833,2.555660
47.6700,3.715611,3.584006,-3.790048,0.000875,0.001911,2.580819,4.178135,3.778069,-2.938671,0.000962,0.001794,2.580917
47.7200,3.715687,3.583958,-3.790053,0.000882,0.001907,2.593364,4.193016,3.782852,-2.938975,0.000998,0.001794,2.596020
47.7700,3.715763,3.583911,-3.790058,0.000888,0.001903,2.605908,4.193016,3.782852,-2.938975,0.000998,0.001794,2.596020
47.8200,3.715839,3.583866,-3.790062,0.000894,0.001900,2.618452,4.202899,3.786166,-2.938716,0.000833,0.002015,2.605954
47.8700,3.715915,3.583822,-3.790067,0.000900,0.001896,2.630996,4.217657,3.791324,-2.939021,0.000793,0.001941,2.620952
47.9200,3.715990,3.583779,-3.790072,0.000906,0.001892,2.643539,4.242073,3.800416,-2.939067,0.000888,0.001870,2.645923
47.9700,3.716066,3.583738,-3.790076,0.000912,0.001889,2.656082,4.251778,3.804222,-2.938797,0.001166,0.002000,2.655990
48.0200,3.716141,3.583698,-3.790081,0.000918,0.001885,2.668625,4.251778,3.804222,-2.938797,0.001166,0.002000,2.655990
48.0700,3.716215,3.583660,-3.790085,0.000923,0.001882,2.681167,4.266260,3.810123,-2.939110,0.000975,0.001821,2.671323
48.1200,3.716290,3.583623,-3.790089,0.000929,0.001878,2.693708,4.275866,3.814179,-2.938834,0.000949,0.001799,2.681194
48.1700,3.716364,3.583587,-3.790094,0.000935,0.001874,2.706249,4.290197,3.820445,-2.939149,0.000962,0.001937,2.696385
48.2200,3.716438,3.583553,-3.790098,0.000941,0.001871,2.718790,4.313869,3.831360,-2.939184,0.000921,0.001801,2.721416
48.2700,3.716512,3.583520,-3.790102,0.000946,0.001867,2.731330,4.313869,3.831360,-2.939184,0.000921,0.001801,2.721416
48.3200,3.716585,3.583488,-3.790106,0.000952,0.001864,2.743870,4.337260,3.842863,-2.939215,0.000906,0.001845,2.746400
48.3700,3.716658,3.583458,-3.790111,0.000958,0.001860,2.756410,4.346534,3.847626,-2.938926,0.000994,0.001837,2.756394
48.4200,3.716730,3.583429,-3.790115,0.000963,0.001857,2.768949,4.360354,3.854946,-2.939244,0.000942,0.001828,2.771544
48.4700,3.716802,3.583400,-3.790119,0.000969,0.001853,2.781488,4.360354,3.854946,-2.939244,0.000942,0.001828,2.771544
48.5200,3.716874,3.583374,-3.790123,0.000974,0.001850,2.794026,3.874441,3.582887,-2.938956,0.001028,0.001809,2.781526
48.5700,3.716945,3.583348,-3.790127,0.000980,0.001846,2.806564,3.864932,3.569040,-2.938978,0.001175,0.001889,2.806383
48.6200,3.717016,3.583324,-3.790131,0.000985,0.001843,2.819102,3.864932,3.569040,-2.938978,0.001175,0.001889,2.806383
48.6700,3.717087,3.583300,-3.790135,0.000991,0.001839,2.831639,3.859392,3.560621,-2.939297,0.001011,0.001896,2.821676
48.7200,3.717157,3.583278,-3.790139,0.000996,0.001836,2.844176,3.855770,3.554961,-2.938998,0.001075,0.001717,2.831641
48.7700,3.717227,3.583257,-3.790142,0.001001,0.001832,2.856712,3.850443,3.546406,-2.939317,0.001087,0.001643,2.846746
48.8200,3.717296,3.583237,-3.790146,0.001006,0.001828,2.869249,3.841857,3.531971,-2.939334,0.001079,0.001919,2.871612
48.8700,3.717365,3.583218,-3.790150,0.001012,0.001825,2.881784,3.841857,3.531971,-2.939334,0.001079,0.001919,2.871612
48.9200,3.717433,3.583200,-3.790154,0.001017,0.001821,2.894320,3.833631,3.517328,-2.939350,0.001023,0.001845,2.896666
48.9700,3.717501,3.583184,-3.790157,0.001022,0.001818,2.906855,3.833631,3.517328,-2.939350,0.001023,0.001845,2.896666
49.0200,3.717568,3.583168,-3.790161,0.001027,0.001814,2.919390,3.830443,3.511414,-2.939046,0.001118,0.001738,2.906640
49.0700,3.717635,3.583153,-3.790165,0.001032,0.001811,2.931924,3.825771,3.502490,-2.939363,0.001097,0.001814,2.921821
49.1200,3.717701,3.583140,-3.790168,0.001038,0.001807,2.944458,3.822734,3.496501,-2.939059,0.000976,0.001854,2.931870
49.1700,3.717767,3.583127,-3.790172,0.001043,0.001804,2.956992,3.815396,3.481406,-2.939070,0.001098,0.001744,2.956900
49.2200,3.717832,3.583115,-3.790175,0.001048,0.001800,2.969525,3.811174,3.472271,-2.939386,0.000993,0.001806,2.972033
49.2700,3.717897,3.583104,-3.790179,0.001053,0.001797,2.982058,3.808440,3.466144,-2.939081,0.001080,0.001852,2.982218
49.3200,3.717961,3.583095,-3.790182,0.001058,0.001793,2.994591,3.808440,3.466144,-2.939081,0.001080,0.001852,2.982218
49.3700,3.718025,3.583086,-3.790185,0.001063,0.001789,3.007123,3.804452,3.456907,-2.939398,0.001017,0.001658,2.997105
49.4200,3.718088,3.583078,-3.790189,0.001067,0.001786,3.019656,3.801872,3.450714,-2.939093,0.001143,0.001687,3.007159
49.4700,3.718151,3.583071,-3.790192,0.001072,0.001782,3.032187,3.516332,3.083723,-2.939091,0.001250,0.001770,3.032169
49.5200,3.718213,3.583064,-3.790195,0.001077,0.001779,3.044719,3.516332,3.083723,-2.939091,0.001250,0.001770,3.032169
49.5700,3.718274,3.583059,-3.790199,0.001082,0.001775,3.057250,3.503400,3.056817,-2.939401,0.001101,0.001803,3.047166
49.6200,3.718331,3.583046,-3.790199,0.001095,0.001768,3.069494,3.495004,3.038776,-2.939098,0.001050,0.001865,3.057060
49.6700,3.718369,3.582970,-3.790215,0.001159,0.001756,3.079118,3.655172,3.620230,-3.716510,0.001116,0.001968,3.078998
49.7220,3.718406,3.582843,-3.790235,0.001248,0.001737,3.085762,3.647675,3.626018,-3.773624,0.001328,0.001783,3.086995
49.7700,3.718455,3.582731,-3.790241,0.001305,0.001699,3.090972,3.642706,3.629802,-3.777515,0.001363,0.001444,3.090949
49.8200,3.718513,3.582644,-3.790235,0.001320,0.001660,3.095217,3.642706,3.629802,-3.777515,0.001363,0.001444,3.090949
49.8700,3.718574,3.582573,-3.790221,0.001314,0.001626,3.098470,3.630302,3.639186,-3.807936,0.001345,0.001553,3.098429
49.9200,3.718636,3.582515,-3.790206,0.001297,0.001595,3.100855,3.622791,3.644845,-3.851970,0.001224,0.001608,3.101185
49.9700,3.718699,3.582468,-3.790191,0.001268,0.001565,3.102612,3.622791,3.644845,-3.851970,0.001224,0.001608,3.101185
50.0200,3.718761,3.582433,-3.790177,0.001230,0.001535,3.103901,3.610573,3.653953,-3.829121,0.001205,0.001502,3.104092
50.0720,3.718823,3.582406,-3.790165,0.001186,0.001506,3.104811,3.605993,3.657277,-3.739512,0.001151,0.001502,3.105003
50.1200,3.718885,3.582386,-3.790155,0.001138,0.001478,3.105414,3.598574,3.662825,-3.758787,0.001082,0.001653,3.105646
50.1700,3.718947,3.582370,-3.790147,0.001087,0.001451,3.105778,3.598574,3.662825,-3.758787,0.001082,0.001653,3.105646
50.2200,3.719009,3.582359,-3.790141,0.001035,0.001425,3.105956,3.586783,3.671503,-3.649634,0.001088,0.001303,3.105883
50.2700,3.719071,3.582351,-3.790137,0.000983,0.001400,3.105990,3.586783,3.671503,-3.649634,0.001088,0.001303,3.105883
50.3220,3.719133,3.582346,-3.790134,0.000931,0.001376,3.105910,3.575115,3.680082,-3.517937,0.000993,0.001416,3.105917
50.3700,3.719195,3.582343,-3.790132,0.000879,0.001353,3.105741,3.575115,3.680082,-3.517937,0.000993,0.001416,3.105917
50.4200,3.719256,3.582342,-3.790131,0.000829,0.001331,3.105503,3.570726,3.683273,-3.398855,0.000978,0.001448,3.105809
50.4700,3.719317,3.582342,-3.790131,0.000781,0.001310,3.105212,3.563487,3.688664,-3.380975,0.000837,0.001341,3.105462
50.5200,3.719378,3.582343,-3.790132,0.000734,0.001290,3.104880,3.553438,3.520045,-3.251870,0.000639,0.001208,3.104663
50.5700,3.719438,3.582345,-3.790133,0.000689,0.001270,3.104516,3.548887,3.514603,-3.169371,0.000523,0.001306,3.104516
50.6200,3.719270,3.582353,-3.790141,0.000645,0.001153,3.104048,3.541659,3.506579,-3.138243,0.000545,0.001146,3.103919
50.6700,3.717130,3.582435,-3.790217,0.000588,0.000764,3.103345,3.541659,3.506579,-3.138243,0.000545,0.001146,3.103919
50.7200,3.711384,3.582666,-3.790386,0.000503,0.000137,3.102555,3.535638,3.501228,-3.077402,0.000654,0.000823,3.103436
50.7700,3.701873,3.583053,-3.790623,0.000399,-0.000603,3.101766,3.522313,3.493450,-3.043297,0.000523,0.000067,3.102316
50.8200,3.689377,3.583564,-3.790885,0.000288,-0.001328,3.100986,3.510413,3.488383,-3.002621,0.000432,-0.000548,3.101681
50.8700,3.674974,3.584153,-3.791126,0.000169,-0.001977,3.100246,3.488859,3.480961,-2.967262,0.000456,-0.001555,3.100796
50.9200,3.659619,3.584784,-3.791319,0.000058,-0.002515,3.099565,3.472835,3.476096,-2.943675,0.000147,-0.001806,3.100321
50.9700,3.643986,3.585430,-3.791455,-0.000039,-0.002925,3.098939,3.430516,3.464041,-2.898389,-0.000130,-0.002795,3.098926
51.0200,3.628415,3.586077,-3.791537,-0.000120,-0.003212,3.098332,3.404867,3.456852,-2.863894,-0.000120,-0.003146,3.098173
51.0700,3.612951,3.586726,-3.791576,-0.000187,-0.003391,3.097750,3.388163,3.452012,-2.864703,-0.000226,-0.003348,3.097562
51.2640,3.551997,3.589368,-3.791472,-0.000316,-0.003386,3.095747,3.321407,3.432829,-2.810314,-0.000357,-0.003490,3.096120
51.3140,3.536860,3.590049,-3.791415,-0.000321,-0.003274,3.095309,3.305571,3.427887,-2.825153,-0.000338,-0.003387,3.095729
51.3640,3.521721,3.590740,-3.791354,-0.000316,-0.003136,3.094884,3.280540,3.420790,-2.797287,-0.000175,-0.003386,3.095154
51.4140,3.506572,3.591440,-3.791292,-0.000303,-0.002979,3.094471,3.264982,3.415805,-2.816279,-0.000363,-0.003025,3.094886
51.4640,3.491412,3.592148,-3.791230,-0.000283,-0.002808,3.094070,3.239985,3.408735,-2.791258,-0.000268,-0.003024,3.094362
51.5140,3.476244,3.592864,-3.791169,-0.000256,-0.002627,3.093678,2.459975,3.852537,-2.812388,-0.000408,-0.002932,3.094175
51.5640,3.461070,3.593586,-3.791110,-0.000225,-0.002439,3.093294,2.400308,3.866110,-2.790204,-0.000347,-0.002689,3.093729
51.6160,3.445894,3.594315,-3.791053,-0.000191,-0.002246,3.092918,2.360790,3.875114,-2.813453,-0.000236,-0.002517,3.093394
51.6660,3.430718,3.595050,-3.791000,-0.000153,-0.002051,3.092548,2.301136,3.888745,-2.794201,-0.000048,-0.002009,3.092880
51.7140,3.415544,3.595791,-3.790949,-0.000114,-0.001856,3.092185,2.261622,3.897797,-2.817949,-0.000064,-0.002263,3.092491
51.7640,3.400373,3.596538,-3.790902,-0.000073,-0.001663,3.091826,2.201995,3.911507,-2.801520,-0.000034,-0.001743,3.092059
51.8140,3.385204,3.597292,-3.790857,-0.000033,-0.001472,3.091473,2.162477,3.920604,-2.824967,-0.000276,-0.001693,3.091770
51.8640,3.370038,3.598050,-3.790817,0.000008,-0.001286,3.091124,2.102874,3.934354,-2.811203,0.000057,-0.001309,3.091444
51.9160,3.354874,3.598815,-3.790779,0.000047,-0.001104,3.090780,2.063335,3.943492,-2.833743,-0.000116,-0.001218,3.091192
51.9660,3.339713,3.599585,-3.790745,0.000086,-0.000927,3.090439,2.003756,3.957292,-2.822454,-0.000015,-0.001035,3.090806
52.0140,3.324554,3.600360,-3.790714,0.000122,-0.000756,3.090102,1.964176,3.966475,-2.843634,0.000106,-0.000927,3.090714
52.0660,3.309398,3.601141,-3.790686,0.000157,-0.000591,3.089769,1.904618,3.980329,-2.834587,0.000135,-0.000748,3.090114
52.1140,3.294243,3.601927,-3.790661,0.000190,-0.000432,3.089439,1.864993,3.989564,-2.854090,0.000447,-0.000655,3.089637
52.1640,3.279090,3.602718,-3.790639,0.000221,-0.000279,3.089113,1.805457,4.003474,-2.847043,0.000080,-0.000481,3.089284
52.2220,3.263940,3.603515,-3.790620,0.000249,-0.000133,3.088790,1.706272,4.026728,-2.859386,0.000244,-0.000097,3.088663
52.2660,3.248791,3.604316,-3.790604,0.000275,0.000007,3.088469,1.706272,4.026728,-2.859386,0.000244,-0.000097,3.088663
52.3140,3.233645,3.605122,-3.790590,0.000299,0.000142,3.088152,1.666554,4.036067,-2.875052,0.000199,0.000109,3.088471
52.3640,3.218500,3.605933,-3.790579,0.000320,0.000270,3.087838,1.607047,4.050075,-2.871283,0.000208,0.000113,3.088004
52.4160,3.203358,3.606749,-3.790570,0.000338,0.000392,3.087526,1.567296,4.059462,-2.884953,0.000397,0.000413,3.087873
52.4640,3.188217,3.607569,-3.790563,0.000355,0.000508,3.087218,1.507801,4.073526,-2.882480,0.000234,0.000372,3.087457
52.5140,3.173078,3.608394,-3.790558,0.000369,0.000619,3.086912,2.837063,4.180821,-2.893971,0.000343,0.000421,3.087261
52.5640,3.157942,3.609224,-3.790556,0.000382,0.000724,3.086609,2.836691,4.198862,-2.892468,0.000452,0.000918,3.086883
52.6140,3.142807,3.610058,-3.790555,0.000392,0.000824,3.086309,2.836421,4.210902,-2.902363,0.000317,0.000673,3.086479
52.6640,3.127675,3.610897,-3.790556,0.000400,0.000919,3.086011,2.836063,4.228956,-2.901732,0.000246,0.000799,3.086299
52.7140,3.112544,3.611740,-3.790558,0.000407,0.001010,3.085716,2.835803,4.241003,-2.909913,0.000502,0.000882,3.086142
52.7640,3.097415,3.612588,-3.790563,0.000412,0.001095,3.085424,2.835461,4.259067,-2.909981,0.000334,0.000887,3.085805
52.8140,3.082288,3.613440,-3.790569,0.000415,0.001176,3.085134,2.835211,4.271121,-2.916597,0.000270,0.001063,3.085307
52.8640,3.067163,3.614296,-3.790576,0.000417,0.001253,3.084847,2.834886,4.289193,-2.917204,0.000349,0.001248,3.085131
52.9140,3.052039,3.615157,-3.790585,0.000418,0.001326,3.084563,2.834648,4.301252,-2.922415,0.000682,0.001303,3.084842
52.9640,3.036918,3.616022,-3.790595,0.000417,0.001394,3.084281,2.834336,4.319336,-2.923432,0.000371,0.001416,3.084514
53.0140,3.021798,3.616891,-3.790606,0.000415,0.001459,3.084002,2.834111,4.331403,-2.927400,0.000365,0.001187,3.084218
53.0640,3.006680,3.617765,-3.790619,0.000413,0.001521,3.083725,2.833816,4.349499,-2.928707,0.000465,0.001528,3.083898
53.1140,2.991563,3.618642,-3.790632,0.000410,0.001579,3.083451,2.833607,4.361571,-2.931596,0.000569,0.001494,3.083791
53.1640,2.976449,3.619524,-3.790647,0.000406,0.001634,3.083179,2.833326,4.379680,-2.933099,0.000389,0.001585,3.083478
53.2140,2.961336,3.620409,-3.790662,0.000401,0.001685,3.082910,2.833134,4.391759,-2.935063,0.000322,0.001485,3.083122
53.2640,2.946225,3.621299,-3.790679,0.000396,0.001734,3.082643,2.832864,4.409877,-2.936677,0.000241,0.001742,3.082963
53.3140,2.931115,3.622193,-3.790697,0.000390,0.001780,3.082379,2.832687,4.421958,-2.937864,0.000365,0.001664,3.082606
53.3640,2.916007,3.623091,-3.790715,0.000384,0.001823,3.082118,2.832429,4.440081,-2.939529,0.000183,0.001811,3.082300
53.4140,2.900901,3.623992,-3.790734,0.000377,0.001864,3.081859,2.832268,4.452163,-2.940076,0.000312,0.001764,3.082087
53.4640,2.885796,3.624898,-3.790754,0.000370,0.001902,3.081602,2.832024,4.470290,-2.941738,0.000319,0.001997,3.081823
53.5140,2.870693,3.625807,-3.790774,0.000363,0.001939,3.081348,3.605435,3.339032,-2.941502,0.000422,0.001728,3.081386
53.5640,2.855592,3.626720,-3.790796,0.000356,0.001972,3.081096,3.638986,3.306785,-2.943081,0.000378,0.002042,3.081085
53.6140,2.840492,3.627637,-3.790818,0.000349,0.002004,3.080846,3.661351,3.285281,-2.942752,0.000397,0.001896,3.080824
53.6640,2.825393,3.628558,-3.790840,0.000341,0.002034,3.080599,3.694890,3.253025,-2.944263,0.000185,0.001969,3.080807
53.7140,2.810296,3.629483,-3.790863,0.000334,0.002062,3.080355,3.717253,3.231518,-2.943628,0.000408,0.002011,3.080591
53.7640,2.795201,3.630411,-3.790887,0.000326,0.002088,3.080112,3.750781,3.199251,-2.945051,0.000308,0.002107,3.080416
53.8140,2.780107,3.631343,-3.790911,0.000319,0.002113,3.079873,3.773140,3.177740,-2.944185,0.000306,0.002219,3.080120
53.8640,2.765015,3.632278,-3.790936,0.000312,0.002136,3.079635,3.806658,3.145469,-2.945507,0.000337,0.002112,3.079837
53.9140,2.749924,3.633217,-3.790961,0.000305,0.002158,3.079400,3.829009,3.123951,-2.944486,0.000264,0.002086,3.079595
53.9640,2.734834,3.634160,-3.790986,0.000297,0.002178,3.079167,3.862511,3.091669,-2.945705,0.000351,0.002199,3.079349
54.0140,2.719746,3.635106,-3.791012,0.000291,0.002196,3.078936,3.884855,3.070145,-2.944585,0.000275,0.002035,3.079249
54.0640,2.704660,3.636055,-3.791039,0.000284,0.002214,3.078707,3.918347,3.037856,-2.945697,0.000325,0.002191,3.078774
54.1140,2.689574,3.637008,-3.791065,0.000277,0.002230,3.078481,3.940685,3.016326,-2.944525,0.000295,0.002249,3.078652
54.1640,2.674490,3.637964,-3.791092,0.000271,0.002245,3.078257,3.974168,2.984033,-2.945532,0.000193,0.002276,3.078484
54.2140,2.659408,3.638924,-3.791120,0.000264,0.002259,3.078035,3.996502,2.962498,-2.944348,0.000313,0.002313,3.078235
54.2640,2.644327,3.639887,-3.791147,0.000258,0.002272,3.077816,4.029973,2.930195,-2.945250,0.000308,0.002197,3.077957
54.3140,2.629247,3.640854,-3.791175,0.000252,0.002284,3.077598,4.052301,2.908656,-2.944085,0.000232,0.002398,3.077776
54.3640,2.614169,3.641823,-3.791203,0.000246,0.002296,3.077383,4.085765,2.876350,-2.944890,0.000314,0.002352,3.077415
54.4140,2.599092,3.642796,-3.791232,0.000241,0.002306,3.077170,4.108085,2.854807,-2.943763,0.000173,0.002257,3.077205
54.4640,2.584016,3.643772,-3.791260,0.000236,0.002315,3.076959,4.141536,2.822491,-2.944485,0.000214,0.002346,3.077124
54.5140,2.568941,3.644751,-3.791289,0.000231,0.002324,3.076750,2.508864,3.051308,-2.943761,0.000063,0.002474,3.077031
54.5640,2.553868,3.645734,-3.791318,0.000226,0.002332,3.076543,2.469538,3.030242,-2.944457,0.000072,0.002211,3.076609
54.6140,2.538796,3.646719,-3.791347,0.000221,0.002340,3.076338,2.443321,3.016205,-2.943386,0.000333,0.002329,3.076581
54.6640,2.523725,3.647708,-3.791377,0.000216,0.002346,3.076135,2.403989,2.995157,-2.944001,0.000158,0.002297,3.076266
54.7140,2.508656,3.648700,-3.791406,0.000212,0.002352,3.075935,2.377770,2.981132,-2.943002,0.000268,0.002440,3.076249
54.7640,2.493588,3.649694,-3.791436,0.000208,0.002358,3.075736,2.338432,2.960105,-2.943550,0.000014,0.002222,3.075971
54.8140,2.478521,3.650692,-3.791466,0.000204,0.002363,3.075539,2.312210,2.946093,-2.942632,0.000156,0.002408,3.075757
54.8640,2.463455,3.651692,-3.791496,0.000200,0.002368,3.075345,2.272865,2.925086,-2.943124,0.000225,0.002400,3.075485
54.9140,2.448390,3.652696,-3.791526,0.000197,0.002372,3.075152,2.246638,2.911089,-2.942285,0.000167,0.002093,3.075296
54.9640,2.433327,3.653702,-3.791557,0.000193,0.002375,3.074961,2.207288,2.890106,-2.942719,0.000365,0.002398,3.075042
55.0140,2.418264,3.654711,-3.791587,0.000190,0.002379,3.074772,2.181061,2.876122,-2.941959,0.000116,0.002268,3.074977
55.0660,2.403203,3.655724,-3.791618,0.000187,0.002381,3.074585,2.141710,2.855157,-2.942360,0.000252,0.002527,3.074732
55.1140,2.388143,3.656738,-3.791648,0.000184,0.002384,3.074400,2.115479,2.841185,-2.941675,0.000093,0.002371,3.074681
55.1640,2.373084,3.657756,-3.791679,0.000181,0.002386,3.074217,2.076121,2.820238,-2.942041,0.000152,0.002447,3.074397
55.2160,2.358027,3.658776,-3.791710,0.000178,0.002388,3.074036,2.049884,2.806282,-2.941424,0.000338,0.002408,3.074028
55.2640,2.342970,3.659799,-3.791741,0.000176,0.002389,3.073856,2.010520,2.785357,-2.941765,0.000006,0.002446,3.073984
55.3140,2.327914,3.660825,-3.791772,0.000174,0.002391,3.073678,1.984282,2.771410,-2.941208,0.000271,0.002388,3.073930
55.3640,2.312860,3.661854,-3.791803,0.000171,0.002392,3.073502,1.944915,2.750504,-2.941529,0.000136,0.002299,3.073576
55.4140,2.297806,3.662885,-3.791834,0.000169,0.002392,3.073328,1.918673,2.736573,-2.941033,0.000202,0.002353,3.073555
55.4640,2.282754,3.663918,-3.791865,0.000167,0.002393,3.073156,1.879298,2.715686,-2.941339,0.000037,0.002322,3.073236
55.5140,2.267703,3.664954,-3.791896,0.000166,0.002393,3.072985,2.246756,2.976068,-2.940828,0.000202,0.002267,3.073280
55.5640,2.252653,3.665993,-3.791928,0.000164,0.002393,3.072816,2.224716,2.967207,-2.941114,0.000188,0.002559,3.072911
55.6140,2.237604,3.667034,-3.791959,0.000162,0.002393,3.072649,2.210022,2.961306,-2.940723,0.000136,0.002339,3.072682
55.6640,2.222555,3.668078,-3.791991,0.000161,0.002393,3.072484,2.187978,2.952461,-2.941006,0.000363,0.002193,3.072640
55.7140,2.207508,3.669124,-3.792022,0.000159,0.002393,3.072320,2.173285,2.946569,-2.940648,0.000162,0.002442,3.072413
55.7640,2.192462,3.670173,-3.792053,0.000158,0.002392,3.072158,2.151243,2.937737,-2.940930,0.000071,0.002477,3.072118
55.8140,2.177417,3.671224,-3.792085,0.000157,0.002391,3.071997,2.136548,2.931854,-2.940607,0.000186,0.002172,3.072252
55.8640,2.162373,3.672278,-3.792117,0.000156,0.002391,3.071839,2.114504,2.923035,-2.940885,0.000219,0.002157,3.072050
55.9140,2.147330,3.673333,-3.792148,0.000155,0.002390,3.071681,2.099813,2.917159,-2.940584,0.000141,0.002265,3.071847
55.9640,2.132287,3.674392,-3.792180,0.000154,0.002389,3.071526,2.077776,2.908353,-2.940864,0.000093,0.002408,3.071640
56.0140,2.117246,3.675452,-3.792212,0.000153,0.002387,3.071372,2.063088,2.902487,-2.940586,-0.000032,0.002251,3.071785
56.0660,2.102206,3.676515,-3.792243,0.000152,0.002386,3.071219,2.041052,2.893691,-2.940873,0.000179,0.002416,3.071363
56.1140,2.087166,3.677580,-3.792275,0.000151,0.002385,3.071069,2.026363,2.887832,-2.940609,0.000072,0.002220,3.071215
56.1640,2.072128,3.678647,-3.792307,0.000150,0.002384,3.070919,2.004328,2.879051,-2.940898,0.000037,0.002451,3.071088
56.2140,2.057090,3.679716,-3.792338,0.000150,0.002382,3.070771,1.989642,2.873197,-2.940648,0.000205,0.002556,3.070837
56.2640,2.042054,3.680788,-3.792370,0.000149,0.002381,3.070625,1.967606,2.864425,-2.940944,0.000167,0.002282,3.070740
56.3140,2.027018,3.681862,-3.792402,0.000148,0.002379,3.070480,1.952918,2.858583,-2.940699,0.000323,0.002446,3.070474
56.3640,2.011983,3.682938,-3.792434,0.000148,0.002377,3.070337,1.930881,2.849827,-2.941001,0.000228,0.002494,3.070426
56.4140,1.996949,3.684016,-3.792466,0.000147,0.002376,3.070195,1.916192,2.843994,-2.940764,0.000201,0.002388,3.070434
56.4640,1.981916,3.685096,-3.792498,0.000147,0.002374,3.070055,1.894153,2.835251,-2.941071,0.000076,0.002330,3.070210
56.5140,1.966884,3.686178,-3.792529,0.000147,0.002372,3.069916,1.953778,3.535078,-2.940838,-0.000033,0.002304,3.070137
56.5640,1.951853,3.687262,-3.792561,0.000146,0.002370,3.069778,1.935072,3.557332,-2.941147,0.000091,0.002538,3.070086
56.6140,1.936822,3.688349,-3.792593,0.000146,0.002369,3.069642,1.922605,3.572169,-2.940912,0.000179,0.002265,3.069819
56.6640,1.921792,3.689437,-3.792625,0.000146,0.002367,3.069507,1.903907,3.594432,-2.941232,0.000111,0.002435,3.069550
56.7140,1.906764,3.690527,-3.792657,0.000145,0.002365,3.069374,1.891444,3.609278,-2.940997,0.000079,0.002346,3.069313
56.7640,1.891736,3.691619,-3.792689,0.000145,0.002363,3.069242,1.872757,3.631555,-2.941319,0.000188,0.002277,3.069426
56.8140,1.876708,3.692714,-3.792721,0.000145,0.002361,3.069111,1.860299,3.646407,-2.941082,0.000115,0.002412,3.069130
56.8640,1.861682,3.693810,-3.792753,0.000145,0.002359,3.068982,1.841614,3.668691,-2.941411,0.000138,0.002472,3.069071
56.9140,1.846656,3.694908,-3.792785,0.000145,0.002357,3.068854,1.829158,3.683550,-2.941172,0.000372,0.002324,3.068948
56.9640,1.831632,3.696008,-3.792817,0.000145,0.002355,3.068727,1.810475,3.705846,-2.941507,0.000241,0.002522,3.068873
57.0140,1.816608,3.697109,-3.792849,0.000144,0.002353,3.068602,1.798024,3.720715,-2.941264,0.000172,0.002368,3.068477
57.0640,1.801584,3.698213,-3.792880,0.000144,0.002351,3.068478,1.779350,3.743029,-2.941599,-0.000053,0.002307,3.068355
57.1140,1.786562,3.699318,-3.792912,0.000144,0.002349,3.068355,1.766906,3.757906,-2.941351,0.000072,0.002367,3.068388
57.1640,1.771540,3.700426,-3.792944,0.000144,0.002347,3.068234,1.748240,3.780227,-2.941689,0.000231,0.002333,3.068178
57.2140,1.756519,3.701535,-3.792976,0.000144,0.002345,3.068113,1.735802,3.795111,-2.941439,0.000327,0.002319,3.068309
57.2640,1.741499,3.702645,-3.793008,0.000144,0.002343,3.067994,1.717140,3.817442,-2.941780,0.000165,0.002385,3.068090
57.3140,1.726480,3.703758,-3.793040,0.000144,0.002341,3.067876,1.704707,3.832333,-2.941526,0.000083,0.002289,3.067990
57.3640,1.711461,3.704872,-3.793072,0.000144,0.002339,3.067760,1.686055,3.854674,-2.941869,0.000038,0.002332,3.067873
57.4140,1.696443,3.705988,-3.793104,0.000144,0.002337,3.067644,1.673628,3.869571,-2.941612,0.000106,0.002220,3.067774
57.4640,1.681426,3.707106,-3.793136,0.000145,0.002335,3.067530,1.654987,3.891923,-2.941955,0.000038,0.002152,3.067723
57.5140,1.666409,3.708225,-3.793168,0.000145,0.002333,3.067417,2.630684,3.866369,-2.941552,0.000301,0.002287,3.067323
57.5640,1.651393,3.709346,-3.793200,0.000145,0.002331,3.067305,2.655455,3.886866,-2.941884,0.000036,0.002341,3.067394
57.6140,1.636378,3.710469,-3.793232,0.000145,0.002329,3.067194,2.671971,3.900529,-2.941648,0.000063,0.002441,3.067249
57.6640,1.621363,3.711593,-3.793264,0.000145,0.002328,3.067085,2.696745,3.921026,-2.941981,0.000199,0.002356,3.067216
57.7140,1.606350,3.712719,-3.793296,0.000145,0.002326,3.066976,2.713264,3.934689,-2.941741,0.000195,0.002351,3.067053
57.7640,1.591336,3.713846,-3.793328,0.000145,0.002324,3.066869,2.738041,3.955184,-2.942079,0.000178,0.002314,3.067010
57.8140,1.576324,3.714975,-3.793360,0.000145,0.002322,3.066762,2.754561,3.968848,-2.941836,-0.000045,0.002470,3.066841
57.8640,1.561312,3.716106,-3.793392,0.000145,0.002320,3.066657,2.779338,3.989347,-2.942178,0.000152,0.002319,3.066670
57.9140,1.546301,3.717238,-3.793424,0.000145,0.002318,3.066553,2.795861,4.003013,-2.941930,0.000186,0.002277,3.066687
57.9640,1.531291,3.718371,-3.793456,0.000146,0.002316,3.066450,2.820646,4.023512,-2.942274,-0.000019,0.002323,3.066531
58.0160,1.516281,3.719507,-3.793488,0.000146,0.002314,3.066348,2.837173,4.037175,-2.942020,0.000153,0.002211,3.066218
58.0640,1.501272,3.720643,-3.793520,0.000146,0.002312,3.066247,2.861969,4.057666,-2.942369,0.000209,0.002221,3.066400
58.1140,1.486263,3.721781,-3.793552,0.000146,0.002310,3.066147,2.878502,4.071330,-2.942111,0.000051,0.002458,3.066347
58.1640,1.471255,3.722921,-3.793584,0.000146,0.002309,3.066048,2.903300,4.091825,-2.942457,0.000055,0.002258,3.066126
58.2140,1.456248,3.724062,-3.793616,0.000146,0.002307,3.065950,2.919836,4.105486,-2.942196,0.000097,0.002304,3.066099
58.2640,1.441241,3.725204,-3.793648,0.000147,0.002305,3.065854,2.944636,4.125980,-2.942543,0.000142,0.002238,3.065925
58.3140,1.426235,3.726348,-3.793680,0.000147,0.002303,3.065758,2.961177,4.139639,-2.942278,0.000113,0.002209,3.065856
58.3640,1.411229,3.727493,-3.793712,0.000147,0.002301,3.065663,2.985987,4.160125,-2.942629,0.000122,0.002439,3.065640
58.4140,1.396224,3.728640,-3.793744,0.000147,0.002300,3.065569,3.002532,4.173780,-2.942359,0.000096,0.002303,3.065518
58.4640,1.381220,3.729787,-3.793776,0.000147,0.002298,3.065476,3.027349,4.194259,-2.942711,0.000209,0.002365,3.065469
58.5140,1.366216,3.730937,-3.793808,0.000147,0.002296,3.065384,1.857100,3.506405,-2.942600,0.000080,0.002172,3.065443
58.5660,1.351213,3.732087,-3.793840,0.000148,0.002294,3.065293,1.829747,3.496151,-2.942968,0.000118,0.002225,3.065209
58.6140,1.336211,3.733239,-3.793872,0.000148,0.002293,3.065203,1.811514,3.489316,-2.942663,0.000068,0.002058,3.065379
58.6640,1.321209,3.734392,-3.793904,0.000148,0.002291,3.065114,1.784166,3.479060,-2.943029,0.000275,0.002277,3.065125
58.7140,1.306207,3.735547,-3.793936,0.000148,0.002289,3.065025,1.765933,3.472229,-2.942722,0.000279,0.002188,3.065148
58.7660,1.291206,3.736703,-3.793968,0.000148,0.002288,3.064938,1.738586,3.461985,-2.943084,0.000181,0.002471,3.064993
58.8140,1.276206,3.737860,-3.794000,0.000148,0.002286,3.064851,1.720355,3.455161,-2.942782,0.000230,0.002437,3.065017
58.8640,1.261206,3.739018,-3.794031,0.000149,0.002284,3.064766,1.693002,3.444927,-2.943145,0.000291,0.002277,3.064974
58.9140,1.246207,3.740178,-3.794063,0.000149,0.002283,3.064681,1.674769,3.438108,-2.942842,0.000061,0.002226,3.064729
58.9640,1.231208,3.741338,-3.794095,0.000149,0.002281,3.064597,1.647412,3.427887,-2.943200,0.000124,0.002270,3.064575
59.0140,1.216210,3.742500,-3.794127,0.000149,0.002279,3.064514,1.629175,3.421077,-2.942899,0.000238,0.002213,3.064740
59.0640,1.201212,3.743664,-3.794159,0.000149,0.002278,3.064432,1.601817,3.410860,-2.943255,0.000370,0.002112,3.064347
59.1160,1.186215,3.744828,-3.794191,0.000150,0.002276,3.064351,1.583581,3.404056,-2.942953,0.000196,0.002486,3.064382
59.1640,1.171218,3.745994,-3.794223,0.000150,0.002275,3.064270,1.556221,3.393851,-2.943310,0.000229,0.002271,3.064293
59.2140,1.156222,3.747160,-3.794255,0.000150,0.002273,3.064191,1.537983,3.387049,-2.943011,0.000105,0.002366,3.064218
59.2640,1.141226,3.748328,-3.794287,0.000150,0.002272,3.064112,1.510623,3.376849,-2.943365,-0.000001,0.002325,3.064190
59.3140,1.126231,3.749497,-3.794319,0.000150,0.002270,3.064034,1.492386,3.370048,-2.943068,0.000298,0.002292,3.064125
59.3640,1.111236,3.750667,-3.794351,0.000150,0.002269,3.063957,1.465026,3.359854,-2.943418,0.000206,0.002263,3.063878
59.4140,1.096242,3.751838,-3.794383,0.000151,0.002267,3.063880,1.446787,3.353065,-2.943124,0.000143,0.002177,3.064000
59.4660,1.081249,3.753011,-3.794415,0.000151,0.002266,3.063805,1.419427,3.342882,-2.943474,0.000299,0.002245,3.063828
59.5140,1.066255,3.754184,-3.794447,0.000151,0.002264,3.063730,1.862316,2.977601,-2.943105,-0.000116,0.002167,3.063619
59.5640,1.051263,3.755359,-3.794479,0.000151,0.002263,3.063656,1.855186,2.951654,-2.943449,0.000255,0.002429,3.063790
59.6140,1.036270,3.756534,-3.794511,0.000151,0.002261,3.063583,1.850437,2.934356,-2.943173,0.000013,0.002264,3.063838
59.6640,1.021279,3.757711,-3.794543,0.000151,0.002260,3.063510,1.843311,2.908409,-2.943516,0.000096,0.002583,3.063515
59.7140,1.006287,3.758888,-3.794575,0.000152,0.002259,3.063438,1.084015,3.838876,-3.693718,0.000204,0.002231,3.063678
59.7640,0.991296,3.760067,-3.794607,0.000152,0.002257,3.063367,1.038119,3.861477,-3.748885,0.000021,0.002412,3.063434
59.8140,0.976306,3.761247,-3.794639,0.000152,0.002256,3.063297,1.007587,3.876544,-3.752666,0.000147,0.002232,3.063370
59.8640,0.961316,3.762428,-3.794670,0.000152,0.002255,3.063227,0.961721,3.899150,-3.803148,0.000297,0.002253,3.063249
59.9140,0.946326,3.763609,-3.794702,0.000152,0.002253,3.063158,0.931345,3.914197,-3.782120,0.000230,0.002173,3.063475
59.9660,0.931337,3.764792,-3.794734,0.000152,0.002252,3.063090,0.885546,3.936802,-3.824699,0.000194,0.002254,3.063198
60.0140,0.916348,3.765976,-3.794766,0.000153,0.002251,3.063023,0.855406,3.951812,-3.771095,0.000142,0.002359,3.063097
60.0640,0.901360,3.767160,-3.794798,0.000153,0.002249,3.062956,0.809695,3.974418,-3.802731,0.000224,0.002258,3.063024
60.1140,0.886372,3.768346,-3.794830,0.000153,0.002248,3.062890,0.779837,3.989389,-3.716225,0.000163,0.002239,3.063026
60.1640,0.871385,3.769532,-3.794862,0.000153,0.002247,3.062824,0.734227,4.011989,-3.734892,0.000065,0.002253,3.062906
60.2140,0.856398,3.770720,-3.794894,0.000153,0.002245,3.062759,0.704601,4.026940,-3.624282,-0.000014,0.002212,3.062969
60.2640,0.841411,3.771908,-3.794926,0.000153,0.002244,3.062695,0.659099,4.049528,-3.629533,0.000185,0.002338,3.062728
60.3140,0.826425,3.773098,-3.794958,0.000154,0.002243,3.062632,0.629613,4.064464,-3.509444,0.000367,0.002192,3.062623
60.3640,0.811439,3.774288,-3.794990,0.000154,0.002242,3.062569,0.584215,4.087053,-3.502388,0.000330,0.002316,3.062570
60.4160,0.796454,3.775479,-3.795022,0.000154,0.002241,3.062507,0.554747,4.101981,-3.387353,0.000052,0.002314,3.062463
60.4640,0.781469,3.776671,-3.795054,0.000154,0.002239,3.062445,0.509432,4.124559,-3.370121,0.000081,0.002340,3.062466
60.5140,0.766484,3.777864,-3.795086,0.000154,0.002238,3.062385,0.537435,3.953577,-3.270279,0.000091,0.002287,3.062429
60.5640,0.751500,3.779058,-3.795117,0.000154,0.002237,3.062324,0.496882,3.960966,-3.245408,0.000159,0.002245,3.062348
60.6140,0.736516,3.780252,-3.795149,0.000154,0.002236,3.062265,0.470089,3.965860,-3.165681,0.000091,0.002110,3.062224
60.6640,0.721533,3.781448,-3.795181,0.000155,0.002235,3.062206,0.429567,3.973252,-3.135628,0.000165,0.002200,3.062372
60.7140,0.706550,3.782644,-3.795213,0.000155,0.002234,3.062147,0.402711,3.978155,-3.076624,0.000059,0.002155,3.062125
60.7640,0.691567,3.783841,-3.795245,0.000155,0.002232,3.062089,0.362206,3.985549,-3.043517,0.000194,0.002113,3.062066
60.8140,0.676585,3.785039,-3.795277,0.000155,0.002231,3.062032,0.335285,3.990472,-3.003491,0.000216,0.002397,3.062097
60.8660,0.661603,3.786238,-3.795309,0.000155,0.002230,3.061975,0.294786,3.997878,-2.969039,0.000149,0.002321,3.061949
60.9140,0.646621,3.787438,-3.795341,0.000155,0.002229,3.061919,0.267791,4.002818,-2.945221,0.000016,0.002231,3.062050
60.9660,0.631640,3.788638,-3.795373,0.000155,0.002228,3.061864,0.227292,4.010225,-2.910739,0.000120,0.002274,3.061745
61.0140,0.616659,3.789839,-3.795405,0.000156,0.002227,3.061809,0.200225,4.015176,-2.900154,0.000013,0.002187,3.061898
61.0660,0.601679,3.791041,-3.795437,0.000156,0.002226,3.061755,0.159720,4.022589,-2.866641,0.000138,0.002419,3.061694
61.1140,0.586699,3.792244,-3.795469,0.000156,0.002225,3.061701,0.132583,4.027552,-2.866524,0.000022,0.002383,3.061594
61.1660,0.571719,3.793448,-3.795500,0.000156,0.002224,3.061648,0.092065,4.034978,-2.834708,0.000207,0.002227,3.061690
61.2140,0.556739,3.794652,-3.795532,0.000156,0.002223,3.061595,0.064870,4.039958,-2.842629,0.000198,0.002170,3.061718
61.2640,0.541760,3.795857,-3.795564,0.000156,0.002222,3.061543,0.024341,4.047391,-2.813020,0.000214,0.002410,3.061528
61.3140,0.526781,3.797063,-3.795596,0.000156,0.002221,3.061491,-0.002914,4.052382,-2.826924,0.000143,0.002084,3.061422
61.3640,0.511803,3.798269,-3.795628,0.000156,0.002220,3.061440,-0.043459,4.059828,-2.799857,0.000159,0.002202,3.061510
61.4140,0.496825,3.799476,-3.795660,0.000157,0.002219,3.061390,-0.070743,4.064837,-2.818004,0.000107,0.002173,3.061346
61.4640,0.481847,3.800684,-3.795692,0.000157,0.002218,3.061339,-0.111308,4.072292,-2.793683,0.000138,0.002228,3.061316
61.5140,0.466869,3.801893,-3.795724,0.000157,0.002217,3.061290,0.393512,3.632616,-2.814551,0.000122,0.002139,3.061049
61.5640,0.451892,3.803102,-3.795756,0.000157,0.002216,3.061241,0.377147,3.619811,-2.793044,0.000266,0.002165,3.061185
61.6140,0.436915,3.804312,-3.795788,0.000157,0.002215,3.061192,0.366163,3.611290,-2.815615,0.000108,0.001994,3.061325
61.6640,0.421939,3.805523,-3.795819,0.000157,0.002214,3.061144,0.349790,3.598488,-2.796921,0.000114,0.002251,3.061156
61.7140,0.406962,3.806734,-3.795851,0.000157,0.002213,3.061097,0.338783,3.589971,-2.820114,0.000087,0.002166,3.061109
61.7660,0.391986,3.807946,-3.795883,0.000157,0.002212,3.061050,0.322399,3.577172,-2.804146,0.000188,0.002033,3.061226
61.8140,0.377011,3.809159,-3.795915,0.000158,0.002211,3.061003,0.311372,3.568655,-2.827172,0.000284,0.002175,3.060993
61.8640,0.362035,3.810373,-3.795947,0.000158,0.002210,3.060957,0.294973,3.555863,-2.813786,0.000141,0.002340,3.061073
61.9140,0.347060,3.811587,-3.795979,0.000158,0.002210,3.060912,0.283915,3.547353,-2.836027,0.000327,0.002209,3.061150
61.9660,0.332086,3.812801,-3.796011,0.000158,0.002209,3.060866,0.267499,3.534568,-2.825036,0.000174,0.002280,3.061017
62.0140,0.317111,3.814017,-3.796043,0.000158,0.002208,3.060822,0.256425,3.526066,-2.846026,0.000366,0.002215,3.060691
62.0640,0.302137,3.815233,-3.796075,0.000158,0.002207,3.060778,0.239995,3.513291,-2.837219,0.000221,0.002102,3.060779
62.1140,0.287163,3.816449,-3.796107,0.000158,0.002206,3.060734,0.228909,3.504798,-2.856630,-0.000030,0.002130,3.060745
62.1640,0.272189,3.817666,-3.796138,0.000158,0.002205,3.060691,0.212468,3.492024,-2.849781,0.000075,0.002199,3.060599
62.2140,0.257216,3.818884,-3.796170,0.000158,0.002204,3.060648,0.201377,3.483529,-2.867398,0.000009,0.002179,3.060730
62.2640,0.242243,3.820103,-3.796202,0.000159,0.002204,3.060605,0.184927,3.470758,-2.862271,0.000084,0.002186,3.060729
62.3140,0.227270,3.821322,-3.796234,0.000159,0.002203,3.060563,0.173836,3.462263,-2.877981,0.000177,0.002266,3.060579
62.3640,0.212298,3.822541,-3.796266,0.000159,0.002202,3.060522,0.157372,3.449499,-2.874345,0.000130,0.002380,3.060382
62.4140,0.197325,3.823761,-3.796298,0.000159,0.002201,3.060481,0.146279,3.441012,-2.888115,0.000206,0.002183,3.060521
62.4640,0.182353,3.824982,-3.796330,0.000159,0.002200,3.060440,0.129806,3.428253,-2.885748,0.000092,0.002236,3.060507
62.5140,0.167382,3.826204,-3.796362,0.000159,0.002200,3.060400,-0.132499,3.648529,-2.897652,0.000090,0.002241,3.060347
62.5640,0.152410,3.827425,-3.796394,0.000159,0.002199,3.060360,-0.159820,3.645659,-2.896349,0.000140,0.002251,3.060503
62.6140,0.137607,3.828640,-3.796410,0.000157,0.002309,3.060339,-0.178058,3.643749,-2.906373,0.000292,0.002002,3.060466
62.6640,0.124551,3.829728,-3.796383,0.000168,0.002734,3.060369,-0.205229,3.640875,-2.905922,-0.000028,0.002299,3.060282
62.7140,0.114973,3.830530,-3.796280,0.000213,0.003449,3.060366,-0.222257,3.638885,-2.914032,0.000369,0.002642,3.060421
62.7640,0.109182,3.831012,-3.796107,0.000297,0.004315,3.060255,-0.243743,3.635568,-2.914148,0.000261,0.003626,3.060292
62.8140,0.106480,3.831233,-3.795879,0.000415,0.005214,3.060073,-0.255046,3.633110,-2.920114,0.000492,0.004281,3.060214
62.8660,0.105804,3.831283,-3.795627,0.000550,0.006060,3.059890,-0.268136,3.629098,-2.920593,0.000527,0.005473,3.060085
62.9140,0.106157,3.831251,-3.795390,0.000685,0.006771,3.059734,-0.275129,3.626282,-2.924647,0.000489,0.006034,3.059943
62.9640,0.106822,3.831198,-3.795195,0.000806,0.007316,3.059603,-0.284215,3.621938,-2.925443,0.000723,0.006769,3.059675
63.0160,0.107494,3.831143,-3.795048,0.000908,0.007693,3.059479,-0.289976,3.619025,-2.928096,0.000956,0.007248,3.059522
63.0640,0.108104,3.831095,-3.794946,0.000989,0.007923,3.059379,-0.298547,3.614645,-2.929200,0.000984,0.007632,3.059277
63.1140,0.108611,3.831060,-3.794881,0.001048,0.008039,3.059304,-0.304322,3.611733,-2.930904,0.000840,0.007754,3.059309
63.1640,0.109012,3.831036,-3.794843,0.001085,0.008067,3.059241,-0.313074,3.607373,-2.932222,0.001105,0.008242,3.059300
63.2140,0.109330,3.831020,-3.794826,0.001103,0.008028,3.059186,-0.319000,3.604477,-2.933261,0.001204,0.008099,3.059274
63.2640,0.109597,3.831009,-3.794824,0.001105,0.007936,3.059137,-0.327989,3.600146,-2.934689,0.001181,0.007967,3.059090
63.3140,0.109838,3.830999,-3.794830,0.001092,0.007803,3.059093,-0.334012,3.597261,-2.935247,0.001169,0.007874,3.059075
63.3640,0.110071,3.830989,-3.794841,0.001067,0.007641,3.059053,-0.343103,3.592944,-2.936711,0.001082,0.007712,3.059167
63.4140,0.110303,3.830980,-3.794856,0.001031,0.007456,3.059016,-0.349137,3.590059,-2.936918,0.000937,0.007663,3.059132
63.4640,0.110535,3.830972,-3.794873,0.000987,0.007254,3.058983,-0.358242,3.585745,-2.938371,0.000946,0.007517,3.059127
63.5140,0.110768,3.830962,-3.794890,0.000936,0.007040,3.058954,-0.227856,3.920134,-2.938272,0.000953,0.007371,3.059031
63.5640,0.111003,3.830951,-3.794907,0.000880,0.006819,3.058927,-0.230952,3.930631,-2.939680,0.000885,0.007194,3.059082
63.6140,0.111248,3.830930,-3.794924,0.000807,0.006584,3.059296,-0.233001,3.937625,-2.939462,0.000965,0.006764,3.059063
63.6640,0.111518,3.830924,-3.794970,0.000690,0.006327,3.062459,-0.236083,3.948112,-2.940821,0.000923,0.006533,3.059630
63.7140,0.111786,3.830954,-3.795030,0.000553,0.006056,3.068469,-0.238109,3.955102,-2.940516,0.000683,0.006414,3.062423
63.7660,0.112037,3.830992,-3.795082,0.000418,0.005763,3.075801,-0.241216,3.965624,-2.941865,0.000576,0.006065,3.069874
63.8140,0.112278,3.831030,-3.795122,0.000305,0.005483,3.084005,-0.243328,3.972631,-2.941524,0.000294,0.005765,3.076052
63.8640,0.112512,3.831068,-3.795154,0.000212,0.005228,3.093128,-0.246617,3.983121,-2.942794,0.000158,0.005470,3.085827
63.9140,0.112740,3.831105,-3.795179,0.000140,0.004995,3.103080,-0.248857,3.990093,-2.942399,0.000183,0.005271,3.093019
63.9640,0.112964,3.831137,-3.795200,0.000093,0.004781,3.113633,-0.252345,4.000524,-2.943590,0.000338,0.004888,3.105180
64.0160,0.113183,3.831161,-3.795217,0.000069,0.004584,3.124616,-0.254728,4.007448,-2.943135,0.000097,0.004615,3.113695
64.0660,0.113398,3.831180,-3.795231,0.000063,0.004400,3.135941,-0.258443,4.017792,-2.944258,-0.000057,0.004422,3.126788
64.1140,0.113609,3.831194,-3.795244,0.000068,0.004229,-3.135638,-0.260981,4.024655,-2.943740,0.000101,0.004337,3.135965
64.1640,0.113816,3.831206,-3.795256,0.000082,0.004069,-3.123812,-0.264932,4.034900,-2.944801,-0.000005,0.004268,-3.133251
64.2140,0.114019,3.831216,-3.795266,0.000100,0.003921,-3.111817,-0.267636,4.041699,-2.944230,0.000133,0.004053,-3.123847
64.2640,0.114219,3.831226,-3.795276,0.000122,0.003784,-3.099692,-0.271834,4.051844,-2.945228,0.000079,0.003869,-3.109554
64.3140,0.114417,3.831236,-3.795285,0.000145,0.003656,-3.087465,-0.274706,4.058576,-2.944616,0.000267,0.003738,-3.099561
64.3640,0.114611,3.831247,-3.795294,0.000169,0.003537,-3.075158,-0.279154,4.068621,-2.945553,0.000147,0.003433,-3.085210
64.4140,0.114803,3.831259,-3.795302,0.000192,0.003428,-3.062788,-0.282195,4.075285,-2.944907,0.000097,0.003415,-3.075133
64.4640,0.114992,3.831273,-3.795310,0.000215,0.003326,-3.050369,-0.286891,4.085218,-2.945785,0.000199,0.003421,-3.060367
64.5140,0.115178,3.831288,-3.795317,0.000236,0.003232,-3.037913,0.011100,3.603194,-2.945136,0.000375,0.003263,-3.050437
64.5640,0.115363,3.831305,-3.795325,0.000257,0.003146,-3.025428,0.021888,3.593262,-2.945979,0.000176,0.003352,-3.035431
64.6140,0.115545,3.831323,-3.795332,0.000277,0.003066,-3.012920,0.029160,3.586733,-2.945303,0.000366,0.003203,-3.025393
64.6640,0.115724,3.831343,-3.795339,0.000295,0.002992,-3.000395,0.040187,3.577077,-2.946092,0.000293,0.003139,-3.010394
64.7140,0.115901,3.831365,-3.795347,0.000313,0.002923,-2.987856,0.047619,3.570735,-2.945407,0.000205,0.002961,-3.000485
64.7640,0.116077,3.831388,-3.795354,0.000329,0.002860,-2.975308,0.058881,3.561362,-2.946145,0.000338,0.003049,-2.985389
64.8140,0.116249,3.831413,-3.795361,0.000345,0.002801,-2.962751,0.066467,3.555210,-2.945460,0.000269,0.003003,-2.975291
64.8640,0.116420,3.831440,-3.795368,0.000360,0.002747,-2.950188,0.077958,3.546129,-2.946148,0.000268,0.002856,-2.960168
64.9140,0.116588,3.831469,-3.795376,0.000374,0.002697,-2.937621,0.085694,3.540172,-2.945471,0.000281,0.002680,-2.950223
64.9640,0.116755,3.831499,-3.795383,0.000387,0.002650,-2.925051,0.097403,3.531383,-2.946111,0.000571,0.002679,-2.935173
65.0140,0.116919,3.831532,-3.795390,0.000399,0.002607,-2.912478,0.105280,3.525624,-2.945447,0.000305,0.002643,-2.925066
65.0640,0.117081,3.831565,-3.795398,0.000411,0.002567,-2.899904,0.117200,3.517138,-2.946045,0.000382,0.002537,-2.910010
65.1140,0.117240,3.831601,-3.795405,0.000423,0.002529,-2.887329,0.125216,3.511582,-2.945400,0.000337,0.002457,-2.899840
65.1640,0.117398,3.831638,-3.795413,0.000434,0.002495,-2.874752,0.137340,3.503400,-2.945959,0.000383,0.002657,-2.884816
65.2140,0.117553,3.831677,-3.795420,0.000445,0.002463,-2.862176,0.145491,3.498048,-2.945335,0.000483,0.002461,-2.874626
65.2640,0.117706,3.831717,-3.795428,0.000456,0.002433,-2.849599,0.157810,3.490177,-2.945856,0.000373,0.002291,-2.859988
65.3140,0.117857,3.831758,-3.795435,0.000466,0.002405,-2.837023,0.166088,3.485032,-2.945258,0.000260,0.002492,-2.849505
65.3640,0.118006,3.831802,-3.795443,0.000476,0.002378,-2.824446,0.178598,3.477475,-2.945748,0.000486,0.002416,-2.834543
65.4140,0.118153,3.831846,-3.795450,0.000486,0.002354,-2.811870,0.187000,3.472542,-2.945174,0.000497,0.002291,-2.824270
65.4640,0.118298,3.831892,-3.795458,0.000496,0.002331,-2.799294,0.199693,3.465306,-2.945633,0.000390,0.002287,-2.809155
65.5140,0.118441,3.831940,-3.795466,0.000506,0.002310,-2.786719,0.739287,3.749669,-2.945081,0.000604,0.002162,-2.799237
65.5640,0.118581,3.831988,-3.795473,0.000515,0.002290,-2.774145,0.773139,3.759257,-2.945523,0.000478,0.002304,-2.784089
65.6140,0.118719,3.832038,-3.795481,0.000525,0.002271,-2.761571,0.795623,3.765933,-2.945005,0.000573,0.002327,-2.774168
65.6640,0.118856,3.832089,-3.795488,0.000534,0.002253,-2.748997,0.829217,3.776373,-2.945426,0.000545,0.002235,-2.759008
65.7140,0.118990,3.832142,-3.795496,0.000543,0.002236,-2.736425,0.851523,3.783617,-2.944932,0.000534,0.002074,-2.748997
65.7640,0.119122,3.832196,-3.795504,0.000553,0.002220,-2.723853,0.884843,3.794902,-2.945334,0.000520,0.002222,-2.733926
65.8140,0.119252,3.832250,-3.795511,0.000562,0.002206,-2.711281,0.906959,3.802704,-2.944864,0.000650,0.002204,-2.724039
65.8660,0.119380,3.832306,-3.795519,0.000571,0.002191,-2.698710,0.939982,3.814824,-2.945251,0.000801,0.002091,-2.708799
65.9140,0.119506,3.832363,-3.795526,0.000580,0.002178,-2.686140,0.961896,3.823183,-2.944801,0.000443,0.002267,-2.698600
65.9640,0.119630,3.832421,-3.795533,0.000589,0.002166,-2.673571,0.994601,3.836134,-2.945170,0.000577,0.002110,-2.683484
66.0140,0.119752,3.832480,-3.795541,0.000597,0.002154,-2.661002,1.016295,3.845045,-2.944739,0.000521,0.002149,-2.673597
66.0640,0.119872,3.832540,-3.795548,0.000606,0.002142,-2.648434,1.048660,3.858817,-2.945100,0.000379,0.002227,-2.658345
66.1140,0.119990,3.832600,-3.795555,0.000615,0.002131,-2.635867,1.070121,3.868270,-2.944686,0.000598,0.001918,-2.648539
66.1640,0.120106,3.832662,-3.795563,0.000624,0.002121,-2.623300,1.102129,3.882854,-2.945039,0.000601,0.002131,-2.633224
66.2140,0.120220,3.832725,-3.795570,0.000632,0.002111,-2.610734,1.123346,3.892844,-2.944640,0.000596,0.002039,-2.623095
66.2640,0.120332,3.832788,-3.795577,0.000641,0.002102,-2.598168,1.154973,3.908227,-2.944979,0.000834,0.002017,-2.608169
66.3140,0.120442,3.832852,-3.795584,0.000649,0.002093,-2.585604,1.175927,3.918747,-2.944599,0.000535,0.002147,-2.598107
66.3640,0.120550,3.832917,-3.795591,0.000658,0.002084,-2.573039,1.207152,3.934923,-2.944933,0.000631,0.002121,-2.583082
66.4140,0.120656,3.832982,-3.795598,0.000666,0.002076,-2.560476,1.227835,3.945967,-2.944568,0.000720,0.002204,-2.572941
66.4640,0.120760,3.833049,-3.795605,0.000674,0.002068,-2.547913,1.258644,3.962920,-2.944898,0.000866,0.002101,-2.557910
66.5140,0.120862,3.833116,-3.795612,0.000682,0.002061,-2.535351,0.121005,3.836680,-2.944666,0.000636,0.002092,-2.547838
66.5640,0.120962,3.833183,-3.795618,0.000690,0.002053,-2.522789,0.101968,3.839404,-2.945003,0.000767,0.002024,-2.532693
66.6140,0.121061,3.833251,-3.795625,0.000698,0.002046,-2.510228,0.089255,3.841061,-2.944633,0.000805,0.002070,-2.522631
66.6660,0.121157,3.833320,-3.795632,0.000706,0.002040,-2.497667,0.070149,3.843307,-2.944964,0.000637,0.002020,-2.507778
66.7140,0.121252,3.833389,-3.795638,0.000714,0.002033,-2.485108,0.057394,3.844646,-2.944604,0.000722,0.001948,-2.497714
66.7640,0.121344,3.833459,-3.795645,0.000722,0.002027,-2.472548,0.038237,3.846413,-2.944928,0.000612,0.002162,-2.482555
66.8140,0.121435,3.833529,-3.795652,0.000730,0.002021,-2.459990,0.025451,3.847428,-2.944580,0.000568,0.002103,-2.472567
66.8640,0.121524,3.833599,-3.795658,0.000737,0.002015,-2.447432,0.006250,3.848707,-2.944901,0.000617,0.001915,-2.457624
66.9160,0.121612,3.833670,-3.795664,0.000745,0.002009,-2.434874,-0.006560,3.849400,-2.944560,0.000605,0.002051,-2.447398
66.9660,0.121697,3.833742,-3.795671,0.000753,0.002003,-2.422317,-0.025790,3.850195,-2.944878,0.000719,0.001956,-2.432323
67.0160,0.121781,3.833813,-3.795677,0.000760,0.001998,-2.409761,-0.038615,3.850563,-2.944546,0.000797,0.001892,-2.422323
67.0640,0.121862,3.833885,-3.795683,0.000767,0.001993,-2.397205,-0.057862,3.850874,-2.944861,0.000821,0.001979,-2.407282
67.1160,0.121943,3.833958,-3.795689,0.000775,0.001988,-2.384650,-0.070695,3.850922,-2.944537,0.000865,0.002057,-2.397314
67.1640,0.122021,3.834030,-3.795695,0.000782,0.001982,-2.372095,-0.089952,3.850753,-2.944851,0.000570,0.001902,-2.382108
67.2140,0.122098,3.834103,-3.795701,0.000789,0.001978,-2.359541,-0.102784,3.850479,-2.944530,0.000689,0.002066,-2.371965
67.2640,0.122172,3.834176,-3.795707,0.000796,0.001973,-2.346987,-0.122030,3.849822,-2.944842,0.000703,0.001976,-2.357133
67.3140,0.122246,3.834250,-3.795713,0.000803,0.001968,-2.334434,-0.134851,3.849225,-2.944527,0.000785,0.002097,-2.346980
67.3640,0.122317,3.834323,-3.795719,0.000810,0.001963,-2.321882,-0.154077,3.848082,-2.944838,0.000691,0.001915,-2.331917
67.4140,0.122387,3.834397,-3.795725,0.000817,0.001959,-2.309329,-0.166879,3.847161,-2.944527,0.000955,0.002024,-2.321880
67.4640,0.122455,3.834470,-3.795731,0.000824,0.001955,-2.296778,-0.186070,3.845538,-2.944839,0.000869,0.002011,-2.306878
67.5140,0.122522,3.834544,-3.795737,0.000830,0.001950,-2.284227,-0.233219,4.306028,-2.944524,0.000913,0.002000,-2.296824
67.5640,0.122587,3.834618,-3.795742,0.000837,0.001946,-2.271676,-0.257484,4.323769,-2.944836,0.000854,0.001971,-2.281729
67.6140,0.122650,3.834692,-3.795748,0.000844,0.001942,-2.259126,-0.273809,4.335392,-2.944536,0.000792,0.001808,-2.271772
67.6640,0.122712,3.834766,-3.795753,0.000850,0.001938,-2.246577,-0.298518,4.352519,-2.944849,0.000865,0.002035,-2.256594
67.7140,0.122772,3.834841,-3.795759,0.000857,0.001933,-2.234028,-0.315134,4.363729,-2.944547,0.000882,0.001853,-2.246743
67.7640,0.122830,3.834915,-3.795764,0.000863,0.001929,-2.221479,-0.340267,4.380234,-2.944863,0.000959,0.002031,-2.231530
67.8140,0.122887,3.834989,-3.795770,0.000870,0.001925,-2.208931,-0.357162,4.391026,-2.944564,0.000853,0.001770,-2.221542
67.8640,0.122943,3.835063,-3.795775,0.000876,0.001921,-2.196384,-0.382710,4.406894,-2.944877,0.000594,0.001974,-2.206518
67.9140,0.122997,3.835137,-3.795780,0.000882,0.001917,-2.183837,-0.399870,4.417260,-2.944575,0.000884,0.001968,-2.196362
67.9640,0.123049,3.835211,-3.795785,0.000888,0.001914,-2.171290,-0.425808,4.432483,-2.944888,0.000802,0.002114,-2.181487
68.0140,0.123100,3.835285,-3.795791,0.000895,0.001910,-2.158744,-0.443225,4.442413,-2.944589,0.000849,0.001896,-2.171060
68.0660,0.123149,3.835358,-3.795796,0.000901,0.001906,-2.146198,-0.469542,4.456973,-2.944903,0.000934,0.001870,-2.156370
68.1140,0.123197,3.835432,-3.795801,0.000907,0.001902,-2.133653,-0.487203,4.466463,-2.944605,0.000942,0.001998,-2.146172
68.1640,0.123244,3.835505,-3.795806,0.000913,0.001898,-2.121108,-0.513881,4.480358,-2.944920,0.000755,0.002049,-2.131134
68.2140,0.123289,3.835579,-3.795811,0.000919,0.001895,-2.108564,-0.531778,4.489398,-2.944619,0.000783,0.001913,-2.121140
68.2640,0.123333,3.835652,-3.795816,0.000925,0.001891,-2.096020,-0.558795,4.502615,-2.944932,0.000750,0.001842,-2.105999
68.3140,0.123376,3.835725,-3.795821,0.000931,0.001887,-2.083476,-0.576913,4.511201,-2.944632,0.001004,0.001821,-2.096047
68.3640,0.123417,3.835797,-3.795825,0.000937,0.001884,-2.070933,-0.604252,4.523735,-2.944948,0.001032,0.001831,-2.080927
68.4140,0.123456,3.835870,-3.795830,0.000942,0.001880,-2.058391,-0.622580,4.531865,-2.944651,0.000966,0.001947,-2.070851
68.4640,0.123495,3.835942,-3.795835,0.000948,0.001876,-2.045848,-0.650230,4.543713,-2.944968,0.001073,0.001882,-2.055877
68.5140,0.123532,3.836014,-3.795840,0.000954,0.001873,-2.033307,0.009070,4.120919,-2.944608,0.000886,0.001944,-2.045675
68.5640,0.123567,3.836086,-3.795844,0.000959,0.001869,-2.020765,0.014034,4.118631,-2.944916,0.000954,0.001890,-2.030852
68.6140,0.123602,3.836157,-3.795849,0.000965,0.001866,-2.008224,0.017360,4.117145,-2.944627,0.001109,0.001996,-2.020774
68.6660,0.123635,3.836228,-3.795853,0.000971,0.001862,-1.995684,0.022371,4.114977,-2.944936,0.001098,0.001979,-2.005599
68.7140,0.123667,3.836299,-3.795858,0.000976,0.001858,-1.983144,0.025731,4.113575,-2.944646,0.001066,0.001944,-1.995790
68.7640,0.123698,3.836370,-3.795862,0.000982,0.001855,-1.970604,0.030793,4.111534,-2.944957,0.000946,0.002077,-1.980570
68.8140,0.123727,3.836440,-3.795867,0.000987,0.001851,-1.958064,0.034186,4.110215,-2.944665,0.000941,0.001887,-1.970615
68.8640,0.123756,3.836510,-3.795871,0.000993,0.001848,-1.945525,0.039298,4.108298,-2.944977,0.001033,0.001767,-1.955647
68.9140,0.123783,3.836579,-3.795875,0.000998,0.001844,-1.932987,0.042722,4.107065,-2.944684,0.000992,0.001863,-1.945412
68.9660,0.123809,3.836648,-3.795880,0.001004,0.001840,-1.920449,0.047875,4.105278,-2.944996,0.001087,0.001857,-1.930484
69.0140,0.123834,3.836717,-3.795884,0.001009,0.001837,-1.907911,0.051326,4.104130,-2.944702,0.000994,0.001670,-1.920458
69.0640,0.123857,3.836785,-3.795888,0.001014,0.001833,-1.895373,0.056516,4.102472,-2.945015,0.001157,0.001790,-1.905394
69.1140,0.123880,3.836853,-3.795892,0.001019,0.001830,-1.882836,0.059990,4.101413,-2.944719,0.000962,0.001910,-1.895301
69.1640,0.123901,3.836921,-3.795896,0.001025,0.001826,-1.870300,0.065214,4.099886,-2.945033,0.000748,0.001790,-1.880337
69.2160,0.123922,3.836988,-3.795900,0.001030,0.001823,-1.857763,0.068713,4.098912,-2.944738,0.001034,0.001945,-1.870294
69.2640,0.123941,3.837054,-3.795904,0.001035,0.001819,-1.845227,0.073976,4.097513,-2.945052,0.001033,0.001852,-1.855231
69.3140,0.123959,3.837121,-3.795908,0.001040,0.001815,-1.832692,0.077498,4.096626,-2.944755,0.001314,0.001887,-1.845176
69.3640,0.123977,3.837186,-3.795912,0.001045,0.001812,-1.820156,0.082787,4.095356,-2.945068,0.001036,0.001846,-1.830021
69.4140,0.123993,3.837252,-3.795916,0.001050,0.001808,-1.807622,0.086325,4.094555,-2.944770,0.001055,0.001772,-1.820137
69.4640,0.124008,3.837317,-3.795920,0.001055,0.001805,-1.795087,0.091641,4.093419,-2.945085,0.000895,0.001855,-1.805026
69.5140,0.124022,3.837381,-3.795924,0.001061,0.001801,-1.782553,0.237695,4.774405,-2.944715,0.001008,0.001828,-1.795132
69.5640,0.124036,3.837445,-3.795928,0.001066,0.001797,-1.770019,0.243903,4.804231,-2.945023,0.001037,0.001931,-1.779998
69.6140,0.124048,3.837508,-3.795931,0.001070,0.001794,-1.757485,0.247793,4.824164,-2.944737,0.001024,0.001601,-1.770071
69.6640,0.124059,3.837571,-3.795935,0.001075,0.001790,-1.744952,0.253249,4.854135,-2.945047,0.001024,0.001790,-1.754911
69.7140,0.124070,3.837634,-3.795939,0.001080,0.001787,-1.732419,0.042229,3.874492,-3.792804,0.001137,0.001866,-1.744991
69.7640,0.124079,3.837695,-3.795942,0.001085,0.001783,-1.719887,0.043784,3.851984,-3.855063,0.001101,0.001800,-1.729938
69.8140,0.124088,3.837757,-3.795946,0.001090,0.001779,-1.707354,0.045053,3.837038,-3.859296,0.001294,0.001737,-1.720058
69.8640,0.124096,3.837818,-3.795950,0.001095,0.001776,-1.694823,0.047194,3.814589,-3.916262,0.001088,0.001821,-1.704920
69.9140,0.124110,3.837877,-3.795953,0.001106,0.001770,-1.682690,0.048953,3.799797,-3.892471,0.001140,0.001832,-1.694870
69.9640,0.124184,3.837923,-3.795977,0.001161,0.001759,-1.673364,0.051693,3.777460,-3.940504,0.001106,0.001840,-1.680550
70.0140,0.124306,3.837961,-3.796004,0.001235,0.001738,-1.666798,0.054022,3.762895,-3.879932,0.001084,0.001791,-1.673399
70.0640,0.124415,3.838004,-3.796017,0.001280,0.001700,-1.661547,0.057376,3.740653,-3.915625,0.001230,0.001877,-1.665802
70.1140,0.124505,3.838053,-3.796017,0.001289,0.001663,-1.657318,0.060160,3.726335,-3.817884,0.001364,0.001700,-1.661488
70.1640,0.124581,3.838106,-3.796010,0.001281,0.001630,-1.654112,0.063796,3.704219,-3.838893,0.001312,0.001836,-1.656575
70.2140,0.124646,3.838163,-3.796000,0.001261,0.001601,-1.651754,0.066871,3.690103,-3.713928,0.001347,0.001461,-1.654179
70.2640,0.124698,3.838221,-3.795989,0.001230,0.001572,-1.650008,0.070697,3.668109,-3.719764,0.001286,0.001419,-1.651466
70.3140,0.124739,3.838281,-3.795978,0.001190,0.001544,-1.648725,0.073920,3.654069,-3.584108,0.001196,0.001708,-1.649881
70.3640,0.124771,3.838342,-3.795969,0.001144,0.001516,-1.647822,0.077872,3.632175,-3.576038,0.001173,0.001458,-1.648479
70.4140,0.124795,3.838403,-3.795961,0.001095,0.001489,-1.647224,0.081120,3.618134,-3.446126,0.001128,0.001506,-1.647933
70.4660,0.124814,3.838464,-3.795955,0.001044,0.001463,-1.646862,0.085151,3.596315,-3.426570,0.001136,0.001438,-1.647045
70.5140,0.124828,3.838526,-3.795950,0.000992,0.001438,-1.646683,0.294271,3.806403,-3.313775,0.000982,0.001519,-1.646847
70.5640,0.124839,3.838588,-3.795946,0.000940,0.001413,-1.646648,0.314701,3.803369,-3.285599,0.000949,0.001487,-1.646819
70.6140,0.124847,3.838649,-3.795944,0.000889,0.001390,-1.646726,0.328482,3.801499,-3.195637,0.000920,0.001383,-1.646658
70.6640,0.124852,3.838711,-3.795942,0.000839,0.001367,-1.646893,0.348928,3.798481,-3.161625,0.000809,0.001285,-1.646768
70.7160,0.124856,3.838771,-3.795942,0.000790,0.001345,-1.647128,0.362652,3.796567,-3.095084,0.000716,0.001325,-1.646892
70.7640,0.124858,3.838832,-3.795942,0.000743,0.001323,-1.647415,0.383111,3.793561,-3.057628,0.000760,0.001303,-1.647043
70.8140,0.124859,3.838892,-3.795943,0.000698,0.001303,-1.647743,0.396787,3.791599,-3.012527,0.000921,0.001329,-1.647367
70.8640,0.124859,3.838952,-3.795944,0.000655,0.001283,-1.648102,0.417243,3.788586,-2.973553,0.000825,0.001163,-1.647872
70.9140,0.124844,3.838801,-3.795952,0.000616,0.001166,-1.648562,0.430880,3.786576,-2.946753,0.000830,0.001302,-1.648010
70.9640,0.124679,3.836725,-3.796029,0.000565,0.000775,-1.649258,0.451317,3.783351,-2.907768,0.000564,0.001089,-1.648598
71.0140,0.124220,3.831055,-3.796200,0.000487,0.000144,-1.650047,0.464829,3.779921,-2.896110,0.000650,0.000834,-1.649202
71.0640,0.123448,3.821600,-3.796437,0.000388,-0.000600,-1.650848,0.484778,3.770653,-2.858414,0.000504,-0.000047,-1.650382
71.1140,0.122428,3.809154,-3.796700,0.000280,-0.001331,-1.651648,0.497804,3.761408,-2.859088,0.000429,-0.000589,-1.650642
71.1640,0.121252,3.794794,-3.796941,0.000167,-0.001983,-1.652418,0.517051,3.743845,-2.823464,0.000158,-0.001444,-1.651916
71.2160,0.119998,3.779466,-3.797134,0.000059,-0.002522,-1.653133,0.529766,3.730615,-2.833522,0.000121,-0.002068,-1.652349
71.2640,0.118716,3.763858,-3.797269,-0.000034,-0.002932,-1.653780,0.548688,3.709292,-2.800363,0.000016,-0.002573,-1.653256
71.3140,0.117436,3.748312,-3.797351,-0.000112,-0.003222,-1.654406,0.561380,3.695227,-2.817183,-0.000101,-0.002965,-1.653930
71.3640,0.116159,3.732876,-3.797389,-0.000175,-0.003401,-1.655003,0.580243,3.673520,-2.786823,-0.000158,-0.003333,-1.654685
71.4140,0.114883,3.717552,-3.797393,-0.000225,-0.003491,-1.655555,0.593044,3.659981,-2.808274,-0.000091,-0.003416,-1.655020
71.4640,0.113608,3.702322,-3.797371,-0.000261,-0.003510,-1.656079,0.611897,3.638563,-2.780965,-0.000196,-0.003531,-1.655602
71.6300,0.109752,3.656948,-3.797224,-0.000300,-0.003283,-1.657476,0.264187,3.887068,-2.786325,-0.000228,-0.003484,-1.657777
71.6800,0.108450,3.641847,-3.797163,-0.000294,-0.003145,-1.657900,0.265692,3.881979,-2.812692,-0.000417,-0.003037,-1.658083
71.7300,0.107139,3.626737,-3.797100,-0.000281,-0.002988,-1.658310,0.267805,3.873810,-2.794835,-0.000335,-0.002936,-1.658518
71.7800,0.105820,3.611617,-3.797037,-0.000260,-0.002816,-1.658708,0.269307,3.868742,-2.820787,-0.000266,-0.002603,-1.658791
71.8320,0.104493,3.596488,-3.796975,-0.000234,-0.002634,-1.659096,0.271397,3.860567,-2.805832,-0.000207,-0.002559,-1.659134
71.8800,0.103159,3.581354,-3.796916,-0.000203,-0.002446,-1.659474,0.272888,3.855494,-2.830704,-0.000248,-0.002355,-1.659432
71.9300,0.101818,3.566219,-3.796859,-0.000169,-0.002253,-1.659845,0.274961,3.847331,-2.818432,-0.000001,-0.002160,-1.659958
71.9800,0.100471,3.551084,-3.796805,-0.000132,-0.002058,-1.660208,0.276432,3.842236,-2.841738,-0.000033,-0.002085,-1.660353
72.0300,0.099119,3.535951,-3.796754,-0.000093,-0.001863,-1.660566,0.278486,3.834093,-2.831899,-0.000158,-0.001819,-1.660571
72.0800,0.097760,3.520820,-3.796706,-0.000054,-0.001669,-1.660918,0.279929,3.828957,-2.853306,-0.000205,-0.001731,-1.660837
72.1320,0.096396,3.505693,-3.796661,-0.000014,-0.001479,-1.661265,0.281966,3.820837,-2.845638,0.000000,-0.001543,-1.661254
72.1800,0.095026,3.490569,-3.796620,0.000026,-0.001292,-1.661607,0.283379,3.815647,-2.864942,0.000101,-0.001108,-1.661435
72.2300,0.093651,3.475447,-3.796582,0.000064,-0.001110,-1.661945,0.285401,3.807543,-2.859177,-0.000019,-0.001300,-1.662123
72.2800,0.092270,3.460328,-3.796548,0.000102,-0.000933,-1.662279,0.286785,3.802286,-2.876283,0.000196,-0.001030,-1.662210
72.3300,0.090884,3.445211,-3.796516,0.000138,-0.000762,-1.662609,0.288792,3.794201,-2.872157,0.000186,-0.000721,-1.662713
72.3800,0.089493,3.430097,-3.796488,0.000172,-0.000597,-1.662935,0.290140,3.788878,-2.887059,0.000179,-0.000648,-1.663118
72.4300,0.088097,3.414985,-3.796463,0.000204,-0.000438,-1.663258,0.292129,3.780804,-2.884321,0.000086,-0.000361,-1.663273
72.4800,0.086696,3.399875,-3.796441,0.000234,-0.000285,-1.663578,-0.297991,3.271485,-2.897078,0.000368,-0.000419,-1.663608
72.5300,0.085290,3.384767,-3.796422,0.000261,-0.000138,-1.663895,-0.321643,3.241776,-2.895537,0.000341,-0.000010,-1.663948
72.5800,0.083880,3.369662,-3.796405,0.000287,0.000002,-1.664209,-0.337428,3.221972,-2.906273,0.000317,0.000256,-1.664376
72.6300,0.082465,3.354559,-3.796391,0.000309,0.000136,-1.664520,-0.361118,3.192286,-2.905684,0.000418,0.000053,-1.664566
72.6800,0.081045,3.339458,-3.796379,0.000330,0.000264,-1.664828,-0.376927,3.172488,-2.914517,0.000425,0.000344,-1.664786
72.7300,0.079620,3.324359,-3.796370,0.000348,0.000386,-1.665133,-0.400647,3.142822,-2.914676,0.000298,0.000211,-1.665113
72.7820,0.078191,3.309263,-3.796363,0.000364,0.000503,-1.665435,-0.416473,3.123034,-2.921774,0.000275,0.000496,-1.665559
72.8300,0.076757,3.294169,-3.796358,0.000378,0.000614,-1.665735,-0.440220,3.093396,-2.922514,0.000177,0.000672,-1.665828
72.8800,0.075319,3.279077,-3.796355,0.000390,0.000719,-1.666031,-0.456063,3.073624,-2.928067,0.000299,0.000610,-1.666114
72.9300,0.073877,3.263986,-3.796353,0.000399,0.000819,-1.666326,-0.479826,3.044001,-2.929243,0.000390,0.000657,-1.666326
72.9800,0.072430,3.248899,-3.796354,0.000407,0.000914,-1.666617,-0.495683,3.024241,-2.933429,0.000409,0.000865,-1.666655
73.0320,0.070979,3.233813,-3.796356,0.000413,0.001004,-1.666906,-0.519472,2.994638,-2.934912,0.000292,0.001103,-1.666883
73.0800,0.069523,3.218729,-3.796361,0.000418,0.001090,-1.667193,-0.535345,2.974897,-2.937917,0.000531,0.001028,-1.667240
73.1300,0.068064,3.203647,-3.796366,0.000421,0.001171,-1.667476,-0.559164,2.945317,-2.939604,0.000266,0.001143,-1.667635
73.1800,0.066600,3.188568,-3.796373,0.000423,0.001248,-1.667758,-0.575053,2.925594,-2.941600,0.000258,0.001202,-1.667826
73.2300,0.065132,3.173490,-3.796382,0.000423,0.001320,-1.668036,-0.598896,2.896032,-2.943401,0.000444,0.001231,-1.668125
73.2800,0.063660,3.158414,-3.796391,0.000422,0.001389,-1.668312,-0.614800,2.876331,-2.944555,0.000566,0.001286,-1.668339
73.3300,0.062184,3.143340,-3.796402,0.000420,0.001454,-1.668586,-0.638670,2.846787,-2.946400,0.000555,0.001448,-1.668604
73.3820,0.060704,3.128268,-3.796415,0.000418,0.001515,-1.668857,-0.654588,2.827105,-2.946864,0.000378,0.001513,-1.668856
73.4300,0.059220,3.113198,-3.796428,0.000414,0.001574,-1.669126,-0.678484,2.797578,-2.948694,0.000418,0.001542,-1.669348
73.4800,0.057732,3.098130,-3.796442,0.000410,0.001628,-1.669392,0.016473,2.791564,-2.948541,0.000363,0.001487,-1.669502
73.5300,0.056240,3.083064,-3.796458,0.000405,0.001680,-1.669655,0.023814,2.762526,-2.950305,0.000509,0.001737,-1.669561
73.5800,0.054745,3.068000,-3.796474,0.000399,0.001729,-1.669917,0.028703,2.743174,-2.949792,0.000460,0.001682,-1.669995
73.6300,0.053245,3.052937,-3.796491,0.000394,0.001775,-1.670175,0.036019,2.714138,-2.951473,0.000255,0.001751,-1.670176
73.6800,0.051741,3.037877,-3.796509,0.000387,0.001818,-1.670432,0.040893,2.694788,-2.950633,0.000408,0.001682,-1.670294
73.7300,0.050234,3.022818,-3.796528,0.000381,0.001859,-1.670686,0.048190,2.665755,-2.952207,0.000375,0.001870,-1.670687
73.7800,0.048723,3.007760,-3.796548,0.000374,0.001897,-1.670937,0.053047,2.646409,-2.951133,0.000408,0.001902,-1.671060
73.8300,0.047209,2.992705,-3.796568,0.000367,0.001933,-1.671186,0.060316,2.617376,-2.952590,0.000292,0.001949,-1.671438
73.8800,0.045690,2.977651,-3.796589,0.000359,0.001967,-1.671433,0.065155,2.598033,-2.951357,0.000308,0.001912,-1.671517
73.9300,0.044168,2.962599,-3.796611,0.000352,0.001999,-1.671678,0.072399,2.569002,-2.952689,0.000410,0.001962,-1.671729
73.9800,0.042642,2.947549,-3.796633,0.000344,0.002029,-1.671920,0.077224,2.549664,-2.951362,0.000476,0.002119,-1.671932
74.0300,0.041113,2.932500,-3.796656,0.000337,0.002057,-1.672159,0.084444,2.520636,-2.952568,0.000405,0.002017,-1.672116
74.0800,0.039580,2.917453,-3.796679,0.000329,0.002083,-1.672397,0.089256,2.501302,-2.951202,0.000314,0.001983,-1.672333
74.1300,0.038044,2.902408,-3.796703,0.000322,0.002108,-1.672632,0.096456,2.472274,-2.952285,0.000289,0.002246,-1.672703
74.1800,0.036504,2.887364,-3.796728,0.000315,0.002131,-1.672865,0.101252,2.452941,-2.950918,0.000350,0.002305,-1.672967
74.2300,0.034961,2.872322,-3.796752,0.000307,0.002152,-1.673096,0.108425,2.423910,-2.951884,0.000280,0.002155,-1.673259
74.2800,0.033415,2.857282,-3.796778,0.000300,0.002172,-1.673324,0.113204,2.404578,-2.950547,0.000210,0.002078,-1.673342
74.3300,0.031865,2.842243,-3.796803,0.000293,0.002191,-1.673550,0.120361,2.375553,-2.951401,0.000301,0.002224,-1.673758
74.3800,0.030311,2.827206,-3.796829,0.000286,0.002209,-1.673774,0.125126,2.356225,-2.950120,0.000117,0.002226,-1.673750
74.4300,0.028755,2.812170,-3.796856,0.000280,0.002225,-1.673996,0.132259,2.327203,-2.950879,0.000374,0.002371,-1.673913
74.4800,0.027195,2.797136,-3.796883,0.000273,0.002240,-1.674215,-0.346591,2.898420,-2.949555,0.000308,0.002282,-1.674166
74.5300,0.025631,2.782103,-3.796910,0.000267,0.002254,-1.674433,-0.360661,2.895445,-2.950204,0.000328,0.002303,-1.674472
74.5800,0.024065,2.767071,-3.796937,0.000261,0.002267,-1.674648,-0.370042,2.893471,-2.949098,0.000348,0.002208,-1.674747
74.6300,0.022495,2.752042,-3.796965,0.000255,0.002279,-1.674861,-0.384122,2.890512,-2.949671,0.000128,0.002447,-1.674958
74.6800,0.020923,2.737013,-3.796993,0.000249,0.002290,-1.675072,-0.393512,2.888549,-2.948652,0.000209,0.002197,-1.675127
74.7300,0.019347,2.721986,-3.797021,0.000244,0.002301,-1.675281,-0.407602,2.885603,-2.949157,0.000265,0.002315,-1.675307
74.7800,0.017768,2.706961,-3.797049,0.000238,0.002310,-1.675488,-0.416997,2.883649,-2.948230,0.000471,0.002337,-1.675429
74.8300,0.016186,2.691937,-3.797078,0.000233,0.002319,-1.675693,-0.431098,2.880713,-2.948679,0.000203,0.002381,-1.675876
74.8800,0.014601,2.676914,-3.797107,0.000228,0.002327,-1.675895,-0.440502,2.878767,-2.947840,0.000068,0.002209,-1.676038
74.9300,0.013013,2.661893,-3.797136,0.000223,0.002335,-1.676096,-0.454610,2.875846,-2.948240,0.000437,0.002258,-1.676190
74.9820,0.011422,2.646873,-3.797165,0.000219,0.002341,-1.676295,-0.464018,2.873910,-2.947487,0.000258,0.002474,-1.676350
75.0300,0.009828,2.631855,-3.797194,0.000215,0.002348,-1.676492,-0.478139,2.871002,-2.947851,0.000153,0.002282,-1.676502
75.0820,0.008231,2.616837,-3.797224,0.000210,0.002353,-1.676686,-0.487553,2.869070,-2.947176,0.000157,0.002256,-1.676543
75.1300,0.006632,2.601822,-3.797253,0.000206,0.002358,-1.676879,-0.501679,2.866167,-2.947509,0.000340,0.002357,-1.676819
75.1820,0.005029,2.586807,-3.797283,0.000203,0.002363,-1.677070,-0.511099,2.864241,-2.946910,0.000090,0.002466,-1.676934
75.2300,0.003424,2.571794,-3.797313,0.000199,0.002367,-1.677259,-0.525235,2.861347,-2.947219,0.000181,0.002453,-1.677466
75.2820,0.001816,2.556782,-3.797343,0.000196,0.002371,-1.677446,-0.534661,2.859428,-2.946684,0.000277,0.002334,-1.677476
75.3300,0.000205,2.541771,-3.797374,0.000192,0.002374,-1.677631,-0.548806,2.856544,-2.946977,0.000260,0.002437,-1.677644
75.3800,-0.001409,2.526762,-3.797404,0.000189,0.002377,-1.677814,-0.558237,2.854629,-2.946501,0.000007,0.002460,-1.677809
75.4300,-0.003025,2.511754,-3.797434,0.000186,0.002379,-1.677996,-0.572386,2.851753,-2.946781,0.000258,0.002421,-1.678077
75.4800,-0.004644,2.496747,-3.797465,0.000184,0.002381,-1.678175,-0.187518,1.948799,-2.946510,0.000092,0.002413,-1.678228
75.5320,-0.006265,2.481741,-3.797496,0.000181,0.002383,-1.678353,-0.184467,1.906299,-2.946803,0.000120,0.002357,-1.678361
75.5800,-0.007890,2.466737,-3.797526,0.000179,0.002385,-1.678529,-0.182435,1.877969,-2.946391,-0.000008,0.002375,-1.678427
75.6320,-0.009516,2.451734,-3.797557,0.000176,0.002386,-1.678703,-0.179396,1.835474,-2.946679,0.000405,0.002316,-1.678638
75.6800,-0.011146,2.436732,-3.797588,0.000174,0.002387,-1.678876,-0.177378,1.807146,-2.946307,0.000493,0.002404,-1.678827
75.7300,-0.012778,2.421731,-3.797619,0.000172,0.002388,-1.679046,-0.174370,1.764652,-2.946591,0.000076,0.002324,-1.678885
75.7800,-0.014412,2.406731,-3.797650,0.000170,0.002389,-1.679215,-0.172365,1.736326,-2.946251,0.000061,0.002269,-1.679252
75.8300,-0.016049,2.391733,-3.797681,0.000168,0.002389,-1.679383,-0.169373,1.693835,-2.946533,0.000235,0.002532,-1.679448
75.8820,-0.017688,2.376735,-3.797712,0.000166,0.002389,-1.679548,-0.167385,1.665510,-2.946223,0.000164,0.002280,-1.679711
75.9320,-0.019330,2.361739,-3.797743,0.000165,0.002389,-1.679712,-0.164415,1.623021,-2.946506,0.000257,0.002418,-1.679746
75.9820,-0.020974,2.346744,-3.797774,0.000163,0.002389,-1.679874,-0.162441,1.594697,-2.946216,0.000187,0.002322,-1.679898
76.0300,-0.022620,2.331750,-3.797806,0.000162,0.002388,-1.680035,-0.159493,1.552208,-2.946501,0.000203,0.002573,-1.679993
76.0800,-0.024269,2.316757,-3.797837,0.000161,0.002388,-1.680194,-0.157533,1.523885,-2.946230,0.000175,0.002473,-1.680121
76.1300,-0.025920,2.301765,-3.797868,0.000159,0.002387,-1.680351,-0.154601,1.481397,-2.946520,0.000115,0.002389,-1.680474
76.1800,-0.027574,2.286775,-3.797900,0.000158,0.002387,-1.680506,-0.152655,1.453075,-2.946258,-0.000072,0.002276,-1.680719
76.2300,-0.029229,2.271785,-3.797931,0.000157,0.002386,-1.680661,-0.149743,1.410591,-2.946549,0.000087,0.002457,-1.680658
76.2800,-0.030887,2.256796,-3.797963,0.000156,0.002385,-1.680813,-0.147805,1.382273,-2.946301,0.000149,0.002421,-1.680815
76.3300,-0.032547,2.241809,-3.797994,0.000155,0.002384,-1.680964,-0.144908,1.339790,-2.946605,0.000428,0.002480,-1.680929
76.3800,-0.034210,2.226822,-3.798026,0.000154,0.002382,-1.681113,-0.142982,1.311470,-2.946362,0.000247,0.002572,-1.681067
76.4300,-0.035874,2.211837,-3.798057,0.000153,0.002381,-1.681261,-0.140108,1.268981,-2.946671,0.000250,0.002223,-1.681230
76.4800,-0.037541,2.196853,-3.798089,0.000153,0.002380,-1.681408,0.293061,2.276329,-2.946248,0.000138,0.002496,-1.681380
76.5300,-0.039210,2.181869,-3.798120,0.000152,0.002378,-1.681553,0.314968,2.279282,-2.946541,0.000070,0.002384,-1.681368
76.5800,-0.040881,2.166887,-3.798152,0.000151,0.002377,-1.681696,0.329573,2.281252,-2.946338,0.000019,0.002458,-1.681802
76.6300,-0.042554,2.151905,-3.798184,0.000151,0.002375,-1.681838,0.351479,2.284199,-2.946637,0.000023,0.002377,-1.681838
76.6800,-0.044229,2.136925,-3.798215,0.000150,0.002374,-1.681978,0.366081,2.286167,-2.946433,0.000214,0.002369,-1.682011
76.7300,-0.045906,2.121945,-3.798247,0.000150,0.002372,-1.682117,0.387982,2.289114,-2.946741,0.000295,0.002412,-1.681890
76.7800,-0.047585,2.106967,-3.798279,0.000149,0.002371,-1.682255,0.402581,2.291080,-2.946532,0.000267,0.002344,-1.682377
76.8300,-0.049266,2.091989,-3.798310,0.000149,0.002369,-1.682391,0.424479,2.294022,-2.946849,0.000163,0.002457,-1.682479
76.8800,-0.050949,2.077012,-3.798342,0.000149,0.002367,-1.682526,0.439078,2.295985,-2.946635,0.000232,0.002451,-1.682349
76.9300,-0.052634,2.062037,-3.798374,0.000148,0.002365,-1.682659,0.460973,2.298928,-2.946956,0.000255,0.002411,-1.682483
76.9800,-0.054321,2.047062,-3.798406,0.000148,0.002363,-1.682792,0.475567,2.300889,-2.946737,0.000477,0.002413,-1.682770
77.0300,-0.056010,2.032088,-3.798437,0.000148,0.002362,-1.682922,0.497454,2.303825,-2.947062,0.000015,0.002391,-1.682864
77.0800,-0.057701,2.017115,-3.798469,0.000148,0.002360,-1.683052,0.512045,2.305784,-2.946839,0.000075,0.002463,-1.682942
77.1300,-0.059394,2.002143,-3.798501,0.000147,0.002358,-1.683180,0.533932,2.308715,-2.947173,0.000313,0.002246,-1.683236
77.1800,-0.061088,1.987171,-3.798533,0.000147,0.002356,-1.683306,0.548523,2.310669,-2.946941,0.000162,0.002430,-1.683340
77.2300,-0.062784,1.972201,-3.798565,0.000147,0.002354,-1.683432,0.570406,2.313596,-2.947280,0.000129,0.002388,-1.683389
77.2820,-0.064483,1.957232,-3.798596,0.000147,0.002352,-1.683556,0.584995,2.315552,-2.947043,0.000195,0.002369,-1.683514
77.3300,-0.066183,1.942263,-3.798628,0.000147,0.002350,-1.683679,0.606876,2.318478,-2.947384,0.000162,0.002318,-1.683873
77.3820,-0.067884,1.927295,-3.798660,0.000147,0.002348,-1.683801,0.621464,2.320428,-2.947140,0.000217,0.002314,-1.683722
77.4300,-0.069588,1.912328,-3.798692,0.000147,0.002346,-1.683921,0.643340,2.323350,-2.947484,0.000181,0.002249,-1.683915
77.4800,-0.071293,1.897362,-3.798724,0.000147,0.002344,-1.684040,0.264462,1.742247,-2.947329,0.000177,0.002375,-1.683958
77.5300,-0.073000,1.882397,-3.798755,0.000147,0.002342,-1.684158,0.268992,1.719571,-2.947688,0.000207,0.002236,-1.684168
77.5800,-0.074709,1.867432,-3.798787,0.000147,0.002340,-1.684275,0.272005,1.704454,-2.947415,0.000068,0.002319,-1.684261
77.6300,-0.076419,1.852469,-3.798819,0.000147,0.002338,-1.684390,0.276522,1.681777,-2.947771,0.000206,0.002377,-1.684453
77.6800,-0.078131,1.837506,-3.798851,0.000147,0.002336,-1.684505,0.279530,1.666662,-2.947494,0.000120,0.002329,-1.684472
77.7300,-0.079844,1.822544,-3.798883,0.000147,0.002335,-1.684618,0.284036,1.643987,-2.947851,0.000413,0.002259,-1.684536
77.7800,-0.081560,1.807583,-3.798915,0.000147,0.002333,-1.684730,0.287036,1.628873,-2.947571,0.000197,0.002373,-1.684706
77.8300,-0.083276,1.792622,-3.798947,0.000147,0.002331,-1.684841,0.291532,1.606201,-2.947927,0.000121,0.002255,-1.684974
77.8800,-0.084995,1.777662,-3.798978,0.000147,0.002329,-1.684950,0.294526,1.591089,-2.947646,0.000149,0.002347,-1.684875
77.9300,-0.086715,1.762703,-3.799010,0.000147,0.002327,-1.685059,0.299013,1.568417,-2.948001,0.000126,0.002357,-1.685089
77.9800,-0.088437,1.747745,-3.799042,0.000147,0.002325,-1.685166,0.302001,1.553306,-2.947718,0.000261,0.002257,-1.685275
78.0300,-0.090160,1.732788,-3.799074,0.000147,0.002323,-1.685273,0.306476,1.530637,-2.948073,0.000147,0.002393,-1.685349
78.0800,-0.091884,1.717831,-3.799106,0.000148,0.002321,-1.685378,0.309456,1.515527,-2.947788,0.000272,0.002209,-1.685332
78.1300,-0.093610,1.702875,-3.799138,0.000148,0.002319,-1.685482,0.313919,1.492859,-2.948144,0.000089,0.002318,-1.685469
78.1800,-0.095338,1.687920,-3.799170,0.000148,0.002317,-1.685585,0.316896,1.477750,-2.947859,0.000266,0.002307,-1.685760
78.2300,-0.097067,1.672965,-3.799201,0.000148,0.002315,-1.685687,0.321355,1.455082,-2.948212,0.000214,0.002309,-1.685741
78.2800,-0.098798,1.658011,-3.799233,0.000148,0.002313,-1.685788,0.324326,1.439974,-2.947926,0.000185,0.002351,-1.685898
78.3300,-0.100530,1.643058,-3.799265,0.000148,0.002312,-1.685888,0.328776,1.417308,-2.948280,0.000351,0.002192,-1.685878
78.3800,-0.102263,1.628106,-3.799297,0.000148,0.002310,-1.685987,0.331742,1.402203,-2.947993,0.000183,0.002343,-1.686053
78.4300,-0.103998,1.613154,-3.799329,0.000149,0.002308,-1.686085,0.336185,1.379539,-2.948348,0.000103,0.002144,-1.686046
78.4800,-0.105734,1.598203,-3.799361,0.000149,0.002306,-1.686182,-0.441461,1.699902,-2.948034,0.000060,0.002241,-1.686170
78.5300,-0.107472,1.583253,-3.799393,0.000149,0.002304,-1.686278,-0.471316,1.692037,-2.948384,0.000021,0.002316,-1.686297
78.5800,-0.109211,1.568303,-3.799424,0.000149,0.002303,-1.686373,-0.491220,1.686794,-2.948103,0.000288,0.002363,-1.686455
78.6300,-0.110951,1.553354,-3.799456,0.000149,0.002301,-1.686467,-0.521082,1.678934,-2.948455,0.000176,0.002269,-1.686414
78.6800,-0.112693,1.538405,-3.799488,0.000149,0.002299,-1.686560,-0.540991,1.673695,-2.948173,0.000199,0.002273,-1.686535
78.7300,-0.114436,1.523458,-3.799520,0.000149,0.002297,-1.686652,-0.570859,1.665840,-2.948523,0.000350,0.002217,-1.686639
78.7800,-0.116181,1.508511,-3.799552,0.000150,0.002296,-1.686743,-0.590774,1.660609,-2.948242,0.000219,0.002451,-1.686616
78.8300,-0.117926,1.493564,-3.799584,0.000150,0.002294,-1.686833,-0.620651,1.652763,-2.948594,0.000413,0.002317,-1.686825
78.8800,-0.119673,1.478618,-3.799616,0.000150,0.002292,-1.686923,-0.640573,1.647537,-2.948312,0.000339,0.002174,-1.686826
78.9300,-0.121421,1.463673,-3.799648,0.000150,0.002290,-1.687011,-0.670460,1.639700,-2.948662,0.000210,0.002280,-1.687012
78.9820,-0.123171,1.448729,-3.799679,0.000150,0.002289,-1.687098,-0.690386,1.634481,-2.948381,0.000203,0.002248,-1.686922
79.0300,-0.124922,1.433785,-3.799711,0.000151,0.002287,-1.687185,-0.720280,1.626651,-2.948730,0.000010,0.002236,-1.687143
79.0800,-0.126673,1.418841,-3.799743,0.000151,0.002286,-1.687271,-0.740210,1.621438,-2.948446,0.000205,0.002192,-1.687138
79.1300,-0.128427,1.403898,-3.799775,0.000151,0.002284,-1.687355,-0.770110,1.613620,-2.948796,0.000152,0.002255,-1.687442
79.1820,-0.130181,1.388956,-3.799807,0.000151,0.002282,-1.687439,-0.790045,1.608414,-2.948513,0.000228,0.002313,-1.687598
79.2300,-0.131937,1.374015,-3.799839,0.000151,0.002281,-1.687522,-0.819951,1.600608,-2.948862,0.000081,0.002099,-1.687505
79.2800,-0.133693,1.359074,-3.799871,0.000151,0.002279,-1.687604,-0.839889,1.595409,-2.948579,0.000041,0.002343,-1.687621
79.3300,-0.135451,1.344133,-3.799903,0.000152,0.002278,-1.687686,-0.869796,1.587606,-2.948923,0.000045,0.002163,-1.687772
79.3800,-0.137210,1.329193,-3.799934,0.000152,0.002276,-1.687766,-0.889733,1.582414,-2.948642,0.000143,0.002084,-1.687803
79.4300,-0.138970,1.314254,-3.799966,0.000152,0.002274,-1.687846,-0.919641,1.574625,-2.948990,0.000090,0.002354,-1.687845
79.4800,-0.140732,1.299315,-3.799998,0.000152,0.002273,-1.687925,-0.284474,2.297536,-2.948594,0.000290,0.002406,-1.688022
79.5300,-0.142494,1.284377,-3.800030,0.000152,0.002271,-1.688003,-0.285567,2.321698,-2.948927,0.000209,0.002112,-1.688099
79.5800,-0.144258,1.269439,-3.800062,0.000152,0.002270,-1.688080,-0.286293,2.337808,-2.948670,0.000305,0.002034,-1.688062
79.6300,-0.146022,1.254502,-3.800094,0.000153,0.002268,-1.688157,-0.287386,2.361973,-2.949008,0.000296,0.002258,-1.688181
79.6820,-0.147788,1.239566,-3.800126,0.000153,0.002267,-1.688232,-0.059385,1.222414,-3.732061,0.000113,0.002324,-1.688150
79.7300,-0.149555,1.224630,-3.800158,0.000153,0.002266,-1.688307,-0.048861,1.187098,-3.789797,0.000151,0.002276,-1.688265
79.7800,-0.151323,1.209694,-3.800189,0.000153,0.002264,-1.688381,-0.041828,1.163619,-3.794157,0.000041,0.002220,-1.688448
79.8300,-0.153092,1.194759,-3.800221,0.000153,0.002263,-1.688455,-0.031300,1.128337,-3.847066,0.000174,0.002280,-1.688674
79.8800,-0.154861,1.179825,-3.800253,0.000153,0.002261,-1.688527,-0.024250,1.105017,-3.825698,0.000134,0.002213,-1.688609
79.9300,-0.156632,1.164891,-3.800285,0.000154,0.002260,-1.688599,-0.013718,1.069787,-3.870404,0.000200,0.002186,-1.688904
79.9800,-0.158404,1.149957,-3.800317,0.000154,0.002258,-1.688670,-0.006636,1.046711,-3.815077,0.000122,0.002372,-1.688836
80.0300,-0.160177,1.135024,-3.800349,0.000154,0.002257,-1.688741,0.003907,1.011571,-3.848398,0.000163,0.002183,-1.688668
80.0800,-0.161951,1.120092,-3.800381,0.000154,0.002256,-1.688810,0.011036,0.988783,-3.758580,-0.000046,0.002262,-1.688701
80.1300,-0.163726,1.105160,-3.800412,0.000154,0.002254,-1.688879,0.021594,0.953745,-3.778367,0.000101,0.002103,-1.689088
80.1800,-0.165502,1.090229,-3.800444,0.000154,0.002253,-1.688947,0.028749,0.931192,-3.663088,0.000100,0.002327,-1.688871
80.2300,-0.167279,1.075298,-3.800476,0.000155,0.002252,-1.689015,0.039315,0.896265,-3.668842,0.000262,0.002310,-1.689225
80.2800,-0.169057,1.060367,-3.800508,0.000155,0.002250,-1.689082,0.046506,0.873859,-3.543326,0.000235,0.002560,-1.689053
80.3300,-0.170836,1.045437,-3.800540,0.000155,0.002249,-1.689148,0.057078,0.839030,-3.536170,0.000132,0.002274,-1.689233
80.3800,-0.172615,1.030508,-3.800572,0.000155,0.002248,-1.689213,0.064281,0.816650,-3.415674,0.000206,0.002092,-1.689132
80.4300,-0.174396,1.015578,-3.800604,0.000155,0.002247,-1.689278,0.074867,0.781910,-3.397831,0.000097,0.002371,-1.689126
80.4800,-0.176177,1.000650,-3.800635,0.000155,0.002245,-1.689342,0.168462,0.623413,-3.293168,0.000224,0.002157,-1.689353
80.5300,-0.177960,0.985722,-3.800667,0.000156,0.002244,-1.689406,0.186118,0.577604,-3.267293,0.000046,0.002200,-1.689274
80.5800,-0.179743,0.970794,-3.800699,0.000156,0.002243,-1.689469,0.197936,0.547319,-3.183487,0.000135,0.002191,-1.689307
80.6300,-0.181527,0.955867,-3.800731,0.000156,0.002242,-1.689531,0.215596,0.501536,-3.152149,0.000139,0.002133,-1.689483
80.6800,-0.183312,0.940940,-3.800763,0.000156,0.002240,-1.689592,0.227395,0.471184,-3.090028,0.000203,0.002164,-1.689523
80.7300,-0.185098,0.926013,-3.800795,0.000156,0.002239,-1.689653,0.245050,0.425425,-3.055443,0.000228,0.002314,-1.689599
80.7800,-0.186885,0.911087,-3.800827,0.000156,0.002238,-1.689714,0.256830,0.394998,-3.013225,-0.000043,0.002179,-1.689700
80.8300,-0.188673,0.896162,-3.800859,0.000156,0.002237,-1.689773,0.274482,0.349243,-2.977201,0.000175,0.002318,-1.689796
80.8800,-0.190461,0.881236,-3.800890,0.000157,0.002236,-1.689832,0.286249,0.318745,-2.951987,0.000296,0.002242,-1.689680
80.9300,-0.192251,0.866312,-3.800922,0.000157,0.002235,-1.689891,0.303894,0.272989,-2.915911,0.000155,0.002360,-1.689955
80.9800,-0.194041,0.851387,-3.800954,0.000157,0.002233,-1.689949,0.315636,0.242413,-2.904597,0.000116,0.002161,-1.689696
81.0300,-0.195832,0.836464,-3.800986,0.000157,0.002232,-1.690006,0.333272,0.196651,-2.869514,0.000218,0.002212,-1.690072
81.0800,-0.197623,0.821540,-3.801018,0.000157,0.002231,-1.690063,0.345000,0.166011,-2.869198,0.000215,0.002190,-1.690049
81.1300,-0.199416,0.806617,-3.801050,0.000157,0.002230,-1.690119,0.362622,0.120240,-2.835872,-0.000002,0.002155,-1.690365
81.1800,-0.201209,0.791694,-3.801082,0.000157,0.002229,-1.690174,0.374333,0.089539,-2.844016,0.000228,0.002339,-1.689917
81.2300,-0.203003,0.776772,-3.801113,0.000158,0.002228,-1.690229,0.391953,0.043749,-2.812997,0.000145,0.002290,-1.690269
81.2800,-0.204798,0.761850,-3.801145,0.000158,0.002227,-1.690284,0.403650,0.012987,-2.827431,0.000205,0.002150,-1.690179
81.3300,-0.206594,0.746929,-3.801177,0.000158,0.002226,-1.690337,0.421254,-0.032824,-2.799062,0.000157,0.001990,-1.690338
81.3800,-0.208390,0.732007,-3.801209,0.000158,0.002225,-1.690391,0.432938,-0.063624,-2.817969,0.000280,0.002340,-1.690351
81.4300,-0.210187,0.717087,-3.801241,0.000158,0.002224,-1.690443,0.450534,-0.109456,-2.792466,0.000153,0.002263,-1.690537
81.4800,-0.211985,0.702166,-3.801273,0.000158,0.002223,-1.690496,0.701553,0.548825,-2.814236,0.000155,0.002172,-1.690550
81.5300,-0.213783,0.687246,-3.801305,0.000158,0.002222,-1.690547,0.730072,0.534361,-2.791672,0.000117,0.002317,-1.690631
81.5800,-0.215583,0.672327,-3.801336,0.000159,0.002221,-1.690598,0.749070,0.524638,-2.815260,0.000132,0.002249,-1.690568
81.6300,-0.217383,0.657407,-3.801368,0.000159,0.002220,-1.690649,0.777584,0.510160,-2.795637,0.000207,0.002256,-1.690543
81.6800,-0.219183,0.642488,-3.801400,0.000159,0.002219,-1.690699,0.796572,0.500412,-2.819894,0.000132,0.002218,-1.690742
81.7300,-0.220985,0.627570,-3.801432,0.000159,0.002218,-1.690749,0.825081,0.485918,-2.803125,0.000187,0.002199,-1.690834
81.7800,-0.222787,0.612652,-3.801464,0.000159,0.002217,-1.690798,0.844061,0.476137,-2.827222,0.000118,0.002208,-1.690830
81.8300,-0.224590,0.597734,-3.801496,0.000159,0.002216,-1.690846,0.872561,0.461625,-2.813153,0.000135,0.002125,-1.691004
81.8800,-0.226393,0.582816,-3.801527,0.000159,0.002215,-1.690894,0.891532,0.451824,-2.836441,0.000119,0.002324,-1.691070
81.9300,-0.228197,0.567899,-3.801559,0.000159,0.002214,-1.690942,0.920024,0.437293,-2.824886,0.000156,0.002041,-1.690875
81.9800,-0.230002,0.552982,-3.801591,0.000159,0.002213,-1.690989,0.938991,0.427473,-2.846875,0.000302,0.002176,-1.690832
82.0300,-0.231807,0.538066,-3.801623,0.000160,0.002212,-1.691035,0.967476,0.412930,-2.837607,0.000054,0.002146,-1.690938
82.0800,-0.233613,0.523149,-3.801655,0.000160,0.002211,-1.691082,0.986439,0.403097,-2.857951,0.000186,0.002188,-1.691088
82.1300,-0.235420,0.508234,-3.801687,0.000160,0.002210,-1.691127,1.014920,0.388539,-2.850734,0.000110,0.002367,-1.691111
82.1800,-0.237227,0.493318,-3.801719,0.000160,0.002210,-1.691172,1.033878,0.378690,-2.869208,0.000129,0.002214,-1.691405
82.2300,-0.239035,0.478403,-3.801750,0.000160,0.002209,-1.691217,1.062353,0.364112,-2.863798,0.000085,0.002138,-1.691235
82.2800,-0.240844,0.463488,-3.801782,0.000160,0.002208,-1.691261,1.081312,0.354258,-2.880279,0.000244,0.002075,-1.691289
82.3300,-0.242653,0.448573,-3.801814,0.000160,0.002207,-1.691305,1.109784,0.339667,-2.876432,-0.000106,0.002328,-1.691349
82.3800,-0.244463,0.433659,-3.801846,0.000160,0.002206,-1.691348,1.128740,0.329805,-2.890885,0.000419,0.002354,-1.691272
82.4320,-0.246273,0.418745,-3.801878,0.000160,0.002205,-1.691391,1.157205,0.315194,-2.888367,0.000184,0.002198,-1.691368
82.5480,-0.249896,0.388918,-3.801942,0.000161,0.002204,-1.691476,0.740370,0.007466,-2.899479,0.000144,0.002259,-1.691419
82.5480,-0.249896,0.388918,-3.801942,0.000161,0.002204,-1.691476,0.740370,0.007466,-2.899479,0.000144,0.002259,-1.691419
82.5800,-0.251708,0.374005,-3.801973,0.000161,0.002203,-1.691517,0.746528,-0.010114,-2.910011,0.000179,0.002376,-1.691586
82.6300,-0.253521,0.359092,-3.802005,0.000161,0.002202,-1.691559,0.755765,-0.036454,-2.909520,0.000264,0.002086,-1.691670
82.6820,-0.255334,0.344180,-3.802037,0.000161,0.002201,-1.691599,0.761914,-0.054037,-2.918254,0.000140,0.002149,-1.691527
82.7300,-0.257148,0.329268,-3.802069,0.000161,0.002200,-1.691640,0.771143,-0.080376,-2.918493,0.000154,0.002162,-1.691777
82.7800,-0.258962,0.314356,-3.802101,0.000161,0.002200,-1.691680,0.777291,-0.097960,-2.925582,0.000375,0.002117,-1.691735
82.8300,-0.260777,0.299444,-3.802133,0.000161,0.002199,-1.691719,0.786516,-0.124301,-2.926385,0.000225,0.002161,-1.691766
82.8800,-0.262593,0.284533,-3.802165,0.000161,0.002198,-1.691758,0.792664,-0.141883,-2.931989,0.000072,0.002113,-1.691659
82.9300,-0.264386,0.269809,-3.802181,0.000162,0.002308,-1.691797,0.801914,-0.168056,-2.933202,0.000112,0.002405,-1.691805
82.9800,-0.265954,0.256888,-3.802155,0.000179,0.002728,-1.691839,0.808221,-0.184366,-2.937286,0.000146,0.002782,-1.691922
83.0300,-0.267082,0.247469,-3.802055,0.000229,0.003428,-1.691928,0.818190,-0.204761,-2.938677,0.000198,0.003515,-1.691908
83.0800,-0.267741,0.241794,-3.801883,0.000312,0.004271,-1.692091,0.825212,-0.215351,-2.941049,0.000098,0.004176,-1.692054
83.1300,-0.268030,0.239121,-3.801657,0.000425,0.005151,-1.692291,0.836209,-0.227490,-2.942460,0.000509,0.005421,-1.692295
83.1800,-0.268086,0.238399,-3.801408,0.000551,0.005984,-1.692488,0.843742,-0.233883,-2.943361,0.000498,0.006093,-1.692477
83.2300,-0.268030,0.238689,-3.801173,0.000675,0.006685,-1.692666,0.855190,-0.242156,-2.944796,0.000887,0.006684,-1.692650
83.2800,-0.267943,0.239314,-3.800979,0.000786,0.007221,-1.692820,0.862859,-0.247303,-2.944723,0.000975,0.007405,-1.692837
83.3300,-0.267854,0.239952,-3.800832,0.000878,0.007594,-1.692964,0.874351,-0.255025,-2.946222,0.001043,0.007590,-1.692938
83.3800,-0.267776,0.240538,-3.800730,0.000950,0.007823,-1.693079,0.882018,-0.260153,-2.945609,0.001009,0.007870,-1.693214
83.4300,-0.267717,0.241030,-3.800664,0.001002,0.007940,-1.693164,0.893477,-0.268035,-2.947124,0.000961,0.007817,-1.693000
83.4800,-0.267675,0.241423,-3.800625,0.001033,0.007971,-1.693233,-0.351618,0.176397,-2.946102,0.001120,0.008106,-1.693362
83.5300,-0.267647,0.241738,-3.800607,0.001047,0.007934,-1.693293,-0.395205,0.188137,-2.947546,0.001096,0.008017,-1.693273
83.5800,-0.267626,0.242003,-3.800603,0.001045,0.007845,-1.693346,-0.424264,0.195942,-2.946540,0.001128,0.007895,-1.693241
83.6300,-0.267608,0.242243,-3.800609,0.001031,0.007716,-1.693390,-0.467864,0.207585,-2.947905,0.000856,0.007702,-1.693604
83.6820,-0.267590,0.242474,-3.800620,0.001004,0.007557,-1.693431,-0.496922,0.215371,-2.946862,0.000985,0.007560,-1.693354
83.7300,-0.267574,0.242703,-3.800634,0.000969,0.007375,-1.693467,-0.540521,0.227007,-2.948127,0.000939,0.007216,-1.693407
83.7800,-0.267558,0.242933,-3.800650,0.000925,0.007176,-1.693499,-0.569579,0.234796,-2.947111,0.000849,0.007107,-1.693574
83.8300,-0.267541,0.243164,-3.800667,0.000876,0.006966,-1.693526,-0.613174,0.246440,-2.948272,0.000775,0.007049,-1.693507
83.8800,-0.267522,0.243398,-3.800684,0.000822,0.006748,-1.693550,-0.642226,0.254237,-2.947316,0.000919,0.006669,-1.693494
83.9300,-0.267504,0.243643,-3.800702,0.000748,0.006512,-1.693147,-0.685816,0.265897,-2.948391,0.000735,0.006469,-1.692850
83.9800,-0.267528,0.243925,-3.800753,0.000630,0.006252,-1.689928,-0.714903,0.273697,-2.947567,0.000594,0.006228,-1.690015
84.0300,-0.267590,0.244221,-3.800818,0.000494,0.005982,-1.683870,-0.758656,0.285171,-2.948608,0.000514,0.005853,-1.682455
84.0800,-0.267642,0.244505,-3.800877,0.000372,0.005693,-1.676458,-0.787864,0.292646,-2.947922,0.000395,0.005599,-1.676328
84.1300,-0.267678,0.244769,-3.800925,0.000285,0.005417,-1.668192,-0.831755,0.303451,-2.948875,0.000213,0.005451,-1.666327
84.1800,-0.267705,0.245017,-3.800964,0.000222,0.005161,-1.659032,-0.861062,0.310417,-2.948272,0.000147,0.005241,-1.658990
84.2300,-0.267729,0.245252,-3.800995,0.000173,0.004925,-1.649056,-0.905123,0.320393,-2.949147,0.000204,0.004980,-1.647021
84.2820,-0.267748,0.245477,-3.801021,0.000143,0.004706,-1.638482,-0.934557,0.326754,-2.948605,0.000176,0.004676,-1.638613
84.3300,-0.267762,0.245693,-3.801043,0.000130,0.004502,-1.627483,-0.978807,0.335782,-2.949422,0.000092,0.004504,-1.625295
84.3800,-0.267771,0.245904,-3.801061,0.000129,0.004314,-1.616147,-1.008366,0.341484,-2.948914,0.000210,0.004359,-1.616072
84.4300,-0.267778,0.246112,-3.801076,0.000137,0.004140,-1.604534,-1.052799,0.349494,-2.949686,0.000245,0.004092,-1.602202
84.4800,-0.267783,0.246315,-3.801089,0.000151,0.003979,-1.592701,-0.044437,0.415732,-2.949194,0.000245,0.003847,-1.592602
84.5300,-0.267786,0.246516,-3.801101,0.000169,0.003830,-1.580702,-0.043787,0.429174,-2.949951,0.000146,0.003727,-1.578264
84.5800,-0.267790,0.246714,-3.801111,0.000190,0.003693,-1.568574,-0.043460,0.438140,-2.949486,0.000214,0.003657,-1.568612
84.6300,-0.267793,0.246909,-3.801120,0.000212,0.003567,-1.556346,-0.043134,0.451587,-2.950210,0.000302,0.003554,-1.553866
84.6800,-0.267798,0.247101,-3.801129,0.000234,0.003450,-1.544038,-0.043030,0.460555,-2.949742,0.000298,0.003431,-1.543958
84.7300,-0.267803,0.247291,-3.801137,0.000255,0.003342,-1.531668,-0.043039,0.474001,-2.950433,0.000276,0.003287,-1.529161
84.7800,-0.267810,0.247478,-3.801144,0.000275,0.003242,-1.519251,-0.043158,0.482965,-2.949958,0.000213,0.003208,-1.519334
84.8300,-0.267818,0.247663,-3.801152,0.000294,0.003150,-1.506797,-0.043502,0.496403,-2.950621,0.000139,0.003293,-1.504229
84.8800,-0.267828,0.247846,-3.801159,0.000312,0.003065,-1.494314,-0.043843,0.505357,-2.950139,0.000387,0.003080,-1.494312
84.9300,-0.267840,0.248026,-3.801165,0.000328,0.002987,-1.481809,-0.044523,0.518774,-2.950770,0.000408,0.003003,-1.479060
84.9800,-0.267854,0.248204,-3.801172,0.000344,0.002915,-1.469287,-0.045091,0.527711,-2.950285,0.000247,0.002895,-1.469330
85.0300,-0.267869,0.248380,-3.801179,0.000358,0.002849,-1.456751,-0.046111,0.541102,-2.950888,0.000250,0.002949,-1.454245
85.0800,-0.267886,0.248554,-3.801186,0.000371,0.002787,-1.444205,-0.046904,0.550017,-2.950399,0.000440,0.002856,-1.444418
85.1300,-0.267905,0.248725,-3.801192,0.000384,0.002731,-1.431652,-0.048261,0.563370,-2.950975,0.000401,0.002726,-1.429167
85.1800,-0.267926,0.248895,-3.801199,0.000395,0.002679,-1.419093,-0.049281,0.572258,-2.950487,0.000451,0.002686,-1.419005
85.2300,-0.267948,0.249062,-3.801206,0.000406,0.002631,-1.406529,-0.050983,0.585568,-2.951037,0.000354,0.002635,-1.403953
85.2800,-0.267972,0.249227,-3.801212,0.000417,0.002586,-1.393963,-0.052231,0.594425,-2.950548,0.000186,0.002812,-1.393858
85.3300,-0.267998,0.249390,-3.801219,0.000426,0.002545,-1.381393,-0.054268,0.607682,-2.951074,0.000686,0.002656,-1.378907
85.3820,-0.268026,0.249551,-3.801226,0.000436,0.002507,-1.368823,-0.055739,0.616500,-2.950588,0.000546,0.002446,-1.368797
85.4300,-0.268055,0.249710,-3.801233,0.000445,0.002472,-1.356251,-0.058118,0.629694,-2.951091,0.000459,0.002214,-1.353440
85.4800,-0.268086,0.249867,-3.801240,0.000454,0.002439,-1.343678,-0.305124,1.045013,-2.950631,0.000545,0.002391,-1.343579
85.5300,-0.268119,0.250022,-3.801247,0.000462,0.002409,-1.331105,-0.321373,1.074104,-2.951121,0.000410,0.002303,-1.328688
85.5800,-0.268153,0.250174,-3.801254,0.000471,0.002380,-1.318532,-0.332448,1.093359,-2.950649,0.000392,0.002327,-1.318561
85.6300,-0.268189,0.250325,-3.801261,0.000479,0.002354,-1.305959,-0.349424,1.122029,-2.951118,0.000708,0.002174,-1.303445
85.6800,-0.268226,0.250474,-3.801268,0.000487,0.002330,-1.293386,-0.360985,1.140996,-2.950655,0.000466,0.002453,-1.293403
85.7300,-0.268265,0.250620,-3.801275,0.000495,0.002307,-1.280814,-0.378685,1.169224,-2.951109,0.000525,0.002387,-1.278313
85.7820,-0.268305,0.250765,-3.801282,0.000503,0.002286,-1.268241,-0.390722,1.187893,-2.950650,0.000320,0.002394,-1.268028
85.8300,-0.268347,0.250907,-3.801289,0.000511,0.002266,-1.255670,-0.409133,1.215661,-2.951084,0.000591,0.002148,-1.253116
85.8800,-0.268390,0.251048,-3.801296,0.000519,0.002247,-1.243098,-0.421639,1.234019,-2.950638,0.000417,0.002208,-1.243043
85.9300,-0.268435,0.251186,-3.801303,0.000527,0.002230,-1.230528,-0.440748,1.261315,-2.951056,0.000582,0.002258,-1.227974
85.9800,-0.268481,0.251322,-3.801310,0.000535,0.002213,-1.217958,-0.453716,1.279349,-2.950617,0.000617,0.002175,-1.217835
86.0300,-0.268528,0.251457,-3.801317,0.000543,0.002198,-1.205388,-0.473511,1.306150,-2.951022,0.000505,0.002121,-1.202728
86.0800,-0.268576,0.251589,-3.801324,0.000551,0.002183,-1.192819,-0.486933,1.323850,-2.950593,0.000593,0.002411,-1.192944
86.1300,-0.268625,0.251719,-3.801331,0.000559,0.002170,-1.180251,-0.507394,1.350141,-2.950983,0.000572,0.002128,-1.177954
86.1800,-0.268676,0.251848,-3.801338,0.000567,0.002157,-1.167684,-0.521257,1.367496,-2.950566,0.000574,0.002270,-1.167701
86.2300,-0.268728,0.251974,-3.801345,0.000575,0.002144,-1.155117,-0.542380,1.393255,-2.950946,0.000467,0.002278,-1.152629
86.2800,-0.268781,0.252099,-3.801352,0.000583,0.002133,-1.142550,-0.556677,1.410252,-2.950539,0.000541,0.001897,-1.142750
86.3300,-0.268834,0.252221,-3.801359,0.000591,0.002122,-1.129985,-0.578443,1.435471,-2.950907,0.000570,0.002044,-1.127328
86.3820,-0.268889,0.252342,-3.801366,0.000599,0.002111,-1.117420,-0.593166,1.452098,-2.950510,0.000543,0.002141,-1.117351
86.4300,-0.268945,0.252460,-3.801373,0.000607,0.002101,-1.104855,-0.615562,1.476752,-2.950869,0.000669,0.001966,-1.102220
86.4800,-0.269002,0.252577,-3.801380,0.000615,0.002092,-1.092292,-1.262163,0.955507,-2.950547,0.000601,0.002000,-1.092236
86.5300,-0.269060,0.252691,-3.801386,0.000623,0.002083,-1.079729,-1.308512,0.951332,-2.950909,0.000686,0.002108,-1.077302
86.5800,-0.269118,0.252804,-3.801393,0.000631,0.002074,-1.067166,-1.339376,0.948160,-2.950521,0.000681,0.002022,-1.067149
86.6300,-0.269178,0.252915,-3.801400,0.000639,0.002066,-1.054604,-1.385609,0.942817,-2.950875,0.000699,0.002081,-1.052121
86.6800,-0.269238,0.253024,-3.801406,0.000646,0.002058,-1.042043,-1.416386,0.938866,-2.950497,0.000550,0.002158,-1.042074
86.7320,-0.269299,0.253131,-3.801413,0.000654,0.002051,-1.029482,-1.462471,0.932352,-2.950840,0.000608,0.002048,-1.026936
86.7800,-0.269361,0.253236,-3.801419,0.000662,0.002043,-1.016922,-1.493139,0.927625,-2.950472,0.000735,0.002127,-1.016735
86.8300,-0.269423,0.253339,-3.801426,0.000670,0.002036,-1.004363,-1.539049,0.919957,-2.950813,0.000671,0.001968,-1.001791
86.8800,-0.269486,0.253440,-3.801432,0.000677,0.002029,-0.991804,-1.569591,0.914460,-2.950454,0.000726,0.002111,-0.991615
86.9300,-0.269550,0.253540,-3.801438,0.000685,0.002023,-0.979245,-1.615297,0.905632,-2.950788,0.000773,0.001997,-0.976752
86.9800,-0.269615,0.253638,-3.801444,0.000693,0.002017,-0.966688,-1.645692,0.899368,-2.950438,0.000593,0.001874,-0.966761
87.0320,-0.269680,0.253733,-3.801451,0.000700,0.002011,-0.954131,-1.691165,0.889394,-2.950768,0.000662,0.002070,-0.951682
87.0800,-0.269745,0.253827,-3.801457,0.000708,0.002005,-0.941574,-1.721396,0.882368,-2.950425,0.000768,0.002009,-0.941699
87.1300,-0.269811,0.253920,-3.801463,0.000715,0.001999,-0.929018,-1.766607,0.871252,-2.950751,0.000818,0.002005,-0.926714
87.1820,-0.269878,0.254010,-3.801469,0.000722,0.001994,-0.916462,-1.796654,0.863468,-2.950414,0.000729,0.001906,-0.916406
87.2300,-0.269945,0.254099,-3.801475,0.000730,0.001988,-0.903907,-1.841573,0.851217,-2.950742,0.000695,0.001978,-0.901460
87.2820,-0.270012,0.254186,-3.801481,0.000737,0.001983,-0.891353,-1.871417,0.842678,-2.950407,0.000718,0.002153,-0.891381
87.3300,-0.270080,0.254271,-3.801487,0.000744,0.001978,-0.878799,-1.916016,0.829303,-2.950732,0.000599,0.001960,-0.876385
87.3800,-0.270148,0.254354,-3.801493,0.000751,0.001973,-0.866246,-1.945636,0.820015,-2.950401,0.000887,0.001985,-0.866417
87.4300,-0.270217,0.254436,-3.801498,0.000758,0.001968,-0.853693,-1.989886,0.805519,-2.950724,0.000789,0.002043,-0.851207
87.4800,-0.270286,0.254516,-3.801504,0.000765,0.001963,-0.841141,-1.203449,0.114993,-2.950494,0.000890,0.002071,-0.841196
87.5300,-0.270355,0.254594,-3.801510,0.000772,0.001959,-0.828589,-1.206484,0.076147,-2.950827,0.000583,0.001798,-0.826254
87.5800,-0.270425,0.254670,-3.801515,0.000779,0.001954,-0.816038,-1.208184,0.050226,-2.950488,0.000856,0.001968,-0.815927
87.6300,-0.270495,0.254745,-3.801521,0.000786,0.001950,-0.803487,-1.210242,0.011312,-2.950814,0.000903,0.002139,-0.800813
87.6800,-0.270565,0.254818,-3.801526,0.000793,0.001945,-0.790937,-1.211288,-0.014648,-2.950481,0.000784,0.001837,-0.790981
87.7300,-0.270635,0.254890,-3.801532,0.000800,0.001941,-0.778387,-1.212373,-0.053606,-2.950802,0.000809,0.002053,-0.775875
87.7800,-0.270705,0.254960,-3.801537,0.000806,0.001937,-0.765838,-1.212768,-0.079586,-2.950475,0.000784,0.002145,-0.765841
87.8300,-0.270776,0.255028,-3.801542,0.000813,0.001933,-0.753289,-1.212870,-0.118566,-2.950795,0.000872,0.001941,-0.750743
87.9900,-0.270989,0.255223,-3.801558,0.000833,0.001921,-0.715646,-1.210841,-0.209500,-2.950469,0.000913,0.001919,-0.715547
88.0420,-0.271060,0.255285,-3.801563,0.000839,0.001917,-0.703099,-1.208998,-0.248448,-2.950787,0.001002,0.001993,-0.700683
88.0920,-0.271131,0.255346,-3.801568,0.000845,0.001913,-0.690553,-1.207445,-0.274395,-2.950468,0.000794,0.002017,-0.690450
88.1400,-0.271202,0.255404,-3.801573,0.000852,0.001909,-0.678007,-1.204621,-0.313288,-2.950785,0.000674,0.001892,-0.675479
88.1900,-0.271273,0.255462,-3.801578,0.000858,0.001905,-0.665462,-1.202413,-0.339189,-2.950469,0.000993,0.001919,-0.665483
88.2400,-0.271344,0.255518,-3.801583,0.000864,0.001901,-0.652917,-1.198616,-0.378003,-2.950782,0.001010,0.001898,-0.650347
88.2900,-0.271416,0.255572,-3.801588,0.000870,0.001898,-0.640372,-1.195760,-0.403843,-2.950469,0.000854,0.001905,-0.640428
88.3400,-0.271487,0.255625,-3.801593,0.000876,0.001894,-0.627828,-1.190989,-0.442550,-2.950782,0.000985,0.001970,-0.625373
88.3900,-0.271558,0.255676,-3.801598,0.000882,0.001890,-0.615284,-1.187488,-0.468312,-2.950474,0.000869,0.002009,-0.615180
88.4400,-0.271629,0.255726,-3.801603,0.000888,0.001887,-0.602741,-1.181749,-0.506894,-2.950787,0.000725,0.001909,-0.600320
88.4900,-0.271700,0.255775,-3.801607,0.000894,0.001883,-0.590198,-0.744862,1.155097,-2.950287,0.001028,0.001826,-0.590171
88.5420,-0.271771,0.255822,-3.801612,0.000900,0.001880,-0.577656,-0.732553,1.193532,-2.950577,0.000904,0.001847,-0.575190
88.5900,-0.271841,0.255868,-3.801617,0.000906,0.001876,-0.565114,-0.724669,1.219255,-2.950308,0.000884,0.001888,-0.564965
88.6400,-0.271912,0.255912,-3.801621,0.000912,0.001872,-0.552573,-0.713328,1.257985,-2.950604,0.000994,0.001950,-0.550140
88.6900,-0.271982,0.255956,-3.801626,0.000918,0.001869,-0.540032,-0.706089,1.283897,-2.950332,0.000941,0.001849,-0.540014
88.7400,-0.272052,0.255997,-3.801630,0.000923,0.001865,-0.527491,-0.695719,1.322895,-2.950628,0.000885,0.001723,-0.525010
88.7900,-0.272122,0.256038,-3.801634,0.000929,0.001862,-0.514950,-0.689133,1.348979,-2.950358,0.000962,0.001840,-0.514834
88.8400,-0.272192,0.256077,-3.801639,0.000935,0.001858,-0.502411,-0.679743,1.388222,-2.950656,0.000993,0.001652,-0.499965
88.8920,-0.272262,0.256115,-3.801643,0.000940,0.001855,-0.489871,-0.673813,1.414461,-2.950379,0.000965,0.001769,-0.490123
88.9400,-0.272331,0.256151,-3.801647,0.000946,0.001851,-0.477332,-0.665412,1.453922,-2.950681,0.001026,0.001859,-0.474913
88.9900,-0.272400,0.256186,-3.801652,0.000951,0.001848,-0.464793,-0.660141,1.480298,-2.950404,0.001043,0.001718,-0.464851
89.0400,-0.272469,0.256220,-3.801656,0.000957,0.001844,-0.452255,-0.652734,1.519952,-2.950708,0.000775,0.001756,-0.449807
89.0900,-0.272537,0.256253,-3.801660,0.000962,0.001841,-0.439717,-0.648125,1.546451,-2.950433,0.000773,0.001820,-0.439677
89.1400,-0.272606,0.256285,-3.801664,0.000968,0.001837,-0.427179,-0.641717,1.586282,-2.950741,0.000873,0.001741,-0.424569
89.1900,-0.272674,0.256315,-3.801668,0.000973,0.001834,-0.414642,-0.637780,1.612890,-2.950460,0.000977,0.001766,-0.414375
89.2400,-0.272741,0.256345,-3.801672,0.000979,0.001830,-0.402105,-0.632377,1.652868,-2.950766,0.000983,0.001882,-0.399569
89.2900,-0.272809,0.256373,-3.801676,0.000984,0.001827,-0.389569,-0.629107,1.679564,-2.950479,0.001009,0.001979,-0.389652
89.3400,-0.272876,0.256400,-3.801680,0.000989,0.001823,-0.377033,-0.624698,1.719655,-2.950785,0.001023,0.001846,-0.374528
89.3900,-0.272942,0.256425,-3.801684,0.000994,0.001820,-0.364497,-0.622099,1.746419,-2.950499,0.001118,0.001905,-0.364578
89.4400,-0.273008,0.256450,-3.801688,0.001000,0.001816,-0.351962,-0.618700,1.786602,-2.950806,0.000959,0.001844,-0.349533
89.4900,-0.273074,0.256474,-3.801692,0.001005,0.001813,-0.339427,-0.989943,0.354311,-2.950675,0.000852,0.001793,-0.339573
89.5400,-0.273140,0.256496,-3.801696,0.001010,0.001809,-0.326892,-0.992357,0.328122,-2.951001,0.001035,0.001724,-0.324294
89.5920,-0.273205,0.256517,-3.801699,0.001015,0.001806,-0.314357,-0.993747,0.310644,-2.950684,0.000964,0.001889,-0.314376
89.6400,-0.273270,0.256538,-3.801703,0.001020,0.001802,-0.301823,-0.995504,0.284402,-2.951009,0.001144,0.001765,-0.299316
89.6900,-0.273334,0.256557,-3.801707,0.001025,0.001799,-0.289290,-0.164976,0.162780,-3.724977,0.001057,0.001709,-0.289405
89.7400,-0.273398,0.256575,-3.801710,0.001030,0.001795,-0.276756,-0.122880,0.137625,-3.781856,0.000803,0.001828,-0.274253
89.7900,-0.273462,0.256593,-3.801714,0.001035,0.001792,-0.264223,-0.094655,0.121248,-3.785734,0.000990,0.001874,-0.264231
89.8420,-0.273525,0.256609,-3.801718,0.001040,0.001788,-0.251691,-0.051968,0.097172,-3.837789,0.001116,0.001807,-0.249338
89.8900,-0.273587,0.256625,-3.801721,0.001045,0.001785,-0.239158,-0.023434,0.081616,-3.816068,0.001170,0.001775,-0.239018
89.9400,-0.273649,0.256639,-3.801725,0.001050,0.001781,-0.226626,0.019812,0.058661,-3.859961,0.000995,0.001726,-0.224247
89.9900,-0.273711,0.256652,-3.801728,0.001055,0.001778,-0.214095,0.048575,0.043987,-3.804628,0.000929,0.001704,-0.214176
90.0400,-0.273772,0.256665,-3.801732,0.001060,0.001774,-0.201563,0.092323,0.022169,-3.837227,0.001048,0.001677,-0.199171
90.0900,-0.273833,0.256677,-3.801735,0.001065,0.001771,-0.189032,0.121271,0.008404,-3.747942,0.000999,0.001697,-0.189064
90.1400,-0.273894,0.256687,-3.801738,0.001070,0.001767,-0.176501,0.165486,-0.012242,-3.767160,0.001193,0.001869,-0.173890
90.1900,-0.273953,0.256697,-3.801742,0.001074,0.001763,-0.163971,0.194616,-0.025115,-3.653013,0.001018,0.001893,-0.164037
90.2400,-0.274011,0.256713,-3.801742,0.001086,0.001767,-0.151839,0.239263,-0.044579,-3.658397,0.001157,0.001673,-0.149742
90.2900,-0.274060,0.256785,-3.801759,0.001145,0.001771,-0.142529,0.268605,-0.056618,-3.534464,0.001084,0.001854,-0.142440
90.3400,-0.274109,0.256896,-3.801780,0.001219,0.001761,-0.135999,0.313556,-0.075050,-3.527163,0.001211,0.001806,-0.134926
90.3900,-0.274166,0.256992,-3.801788,0.001260,0.001730,-0.130762,0.343046,-0.086617,-3.408446,0.001111,0.001755,-0.130672
90.4400,-0.274225,0.257069,-3.801784,0.001269,0.001697,-0.126526,0.388122,-0.104545,-3.390620,0.001243,0.001821,-0.125687
90.4900,-0.274284,0.257137,-3.801773,0.001263,0.001667,-0.123315,-0.235993,-0.081595,-3.287407,0.001193,0.001724,-0.123381
90.5400,-0.274341,0.257197,-3.801761,0.001248,0.001638,-0.120959,-0.244353,-0.099913,-3.261668,0.001340,0.001605,-0.120423
90.5900,-0.274397,0.257249,-3.801748,0.001222,0.001609,-0.119210,-0.250060,-0.111972,-3.179433,0.001350,0.001633,-0.119246
90.6400,-0.274453,0.257291,-3.801737,0.001187,0.001580,-0.117926,-0.258374,-0.130336,-3.148363,0.001294,0.001668,-0.117728
90.6900,-0.274510,0.257325,-3.801727,0.001145,0.001551,-0.117022,-0.264004,-0.142470,-3.087532,0.001276,0.001342,-0.117062
90.7400,-0.274567,0.257352,-3.801718,0.001099,0.001523,-0.116423,-0.272300,-0.160852,-3.053311,0.001117,0.001496,-0.116332
90.7900,-0.274626,0.257373,-3.801712,0.001050,0.001495,-0.116061,-0.277872,-0.173056,-3.012079,0.001123,0.001581,-0.116209
90.8400,-0.274685,0.257390,-3.801707,0.001000,0.001469,-0.115882,-0.286160,-0.191451,-2.976474,0.000944,0.001508,-0.115814
90.8900,-0.274744,0.257403,-3.801703,0.000950,0.001443,-0.115847,-0.291685,-0.203712,-2.951972,0.000984,0.001571,-0.115842
90.9400,-0.274804,0.257413,-3.801700,0.000899,0.001418,-0.115925,-0.299967,-0.222109,-2.916348,0.000774,0.001330,-0.115833
90.9900,-0.274864,0.257421,-3.801699,0.000850,0.001393,-0.116092,-0.305458,-0.234408,-2.905510,0.000741,0.001557,-0.116073
91.0400,-0.274924,0.257427,-3.801698,0.000801,0.001370,-0.116326,-0.313747,-0.252804,-2.870896,0.000699,0.001371,-0.116471
91.0900,-0.274983,0.257432,-3.801699,0.000754,0.001347,-0.116613,-0.319214,-0.265119,-2.870857,0.001003,0.001235,-0.116649
91.1400,-0.275042,0.257435,-3.801699,0.000709,0.001326,-0.116941,-0.327512,-0.283517,-2.838002,0.000829,0.001431,-0.116873
91.1900,-0.275101,0.257438,-3.801701,0.000666,0.001305,-0.117300,-0.332966,-0.295843,-2.846260,0.000639,0.001490,-0.117397
91.2400,-0.275159,0.257441,-3.801702,0.000624,0.001285,-0.117682,-0.341260,-0.314242,-2.815688,0.000618,0.001270,-0.117696
91.2900,-0.275216,0.257442,-3.801704,0.000585,0.001265,-0.118082,-0.346697,-0.326561,-2.830111,0.000436,0.001439,-0.118065
91.3400,-0.275273,0.257444,-3.801707,0.000548,0.001247,-0.118494,-0.354993,-0.344962,-2.802171,0.000567,0.001351,-0.118425
91.3900,-0.275330,0.257445,-3.801709,0.000513,0.001229,-0.118915,-0.360431,-0.357256,-2.820968,0.000483,0.001236,-0.118741
91.4400,-0.275386,0.257445,-3.801712,0.000480,0.001212,-0.119342,-0.368729,-0.375658,-2.795861,0.000290,0.001294,-0.119284
91.4920,-0.275441,0.257446,-3.801715,0.000449,0.001195,-0.119772,0.285271,1.025299,-2.817581,0.000604,0.001184,-0.119703
91.5420,-0.275496,0.257446,-3.801718,0.000419,0.001179,-0.120205,0.306119,1.071699,-2.795412,0.000352,0.001143,-0.120248
91.5920,-0.275551,0.257446,-3.801721,0.000391,0.001164,-0.120638,0.320058,1.102627,-2.818737,0.000377,0.001324,-0.120665
91.6400,-0.275605,0.257446,-3.801724,0.000365,0.001150,-0.121072,0.340961,1.149004,-2.799477,0.000364,0.001145,-0.121286
91.6920,-0.275658,0.257446,-3.801727,0.000341,0.001136,-0.121504,0.354953,1.179914,-2.823431,0.000255,0.001112,-0.121665
91.7400,-0.275711,0.257446,-3.801730,0.000318,0.001123,-0.121934,0.375907,1.226265,-2.806980,0.000336,0.001177,-0.121964
91.7900,-0.275763,0.257445,-3.801733,0.000296,0.001110,-0.122361,0.389935,1.257161,-2.830750,0.000485,0.000937,-0.122457
91.8400,-0.275815,0.257445,-3.801736,0.000276,0.001098,-0.122786,0.410935,1.303490,-2.816966,0.000325,0.001094,-0.122871
91.8900,-0.275866,0.257444,-3.801740,0.000257,0.001086,-0.123208,0.425000,1.334377,-2.839916,0.000174,0.001143,-0.123363
91.9420,-0.275917,0.257444,-3.801743,0.000240,0.001074,-0.123626,0.446053,1.380688,-2.828605,0.000291,0.001113,-0.123856
91.9900,-0.275967,0.257443,-3.801746,0.000225,0.001064,-0.124040,0.460156,1.411566,-2.850254,0.000208,0.001048,-0.124126
92.0400,-0.276016,0.257443,-3.801749,0.000210,0.001053,-0.124451,0.481253,1.457859,-2.841191,0.000019,0.001020,-0.124559
92.0900,-0.276065,0.257442,-3.801753,0.000197,0.001043,-0.124859,0.495386,1.488727,-2.861199,0.000276,0.001073,-0.124978
92.1400,-0.276114,0.257442,-3.801756,0.000185,0.001033,-0.125262,0.516531,1.534999,-2.854151,0.000256,0.001008,-0.125449
92.1900,-0.276162,0.257441,-3.801759,0.000174,0.001024,-0.125662,0.530688,1.565854,-2.872301,0.000100,0.001089,-0.125746
92.2400,-0.276210,0.257440,-3.801762,0.000165,0.001015,-0.126057,0.551877,1.612108,-2.867031,0.000095,0.001164,-0.126040
92.2900,-0.276257,0.257440,-3.801765,0.000156,0.001006,-0.126449,0.566066,1.642955,-2.883208,0.000181,0.000966,-0.126584
92.3400,-0.276304,0.257439,-3.801768,0.000149,0.000998,-0.126837,0.587307,1.689190,-2.879470,-0.000010,0.001156,-0.126778
92.3900,-0.276350,0.257439,-3.801772,0.000142,0.000990,-0.127221,0.601520,1.720027,-2.893639,0.000061,0.001054,-0.127247
92.4420,-0.276395,0.257438,-3.801775,0.000136,0.000983,-0.127601,0.622800,1.766248,-2.891206,0.000226,0.000720,-0.127683
92.4900,-0.276441,0.257438,-3.801778,0.000131,0.000976,-0.127978,0.108598,1.054352,-2.903356,0.000058,0.001012,-0.128104
92.5400,-0.276485,0.257437,-3.801781,0.000127,0.000969,-0.128350,0.107029,1.068512,-2.902004,0.000146,0.000949,-0.128544
92.5900,-0.276530,0.257436,-3.801784,0.000123,0.000962,-0.128719,0.105998,1.077952,-2.912317,0.000182,0.001077,-0.128867
92.6400,-0.276574,0.257436,-3.801787,0.000120,0.000956,-0.129084,0.104447,1.092111,-2.911857,0.000112,0.001148,-0.129226
92.6900,-0.276617,0.257435,-3.801790,0.000118,0.000950,-0.129445,0.103428,1.101552,-2.920401,0.000178,0.000873,-0.129346
92.7400,-0.276660,0.257434,-3.801793,0.000116,0.000944,-0.129803,0.101891,1.115713,-2.920652,0.000153,0.000887,-0.129701
92.7900,-0.276702,0.257434,-3.801796,0.000114,0.000938,-0.130157,0.100878,1.125156,-2.927572,0.000215,0.000919,-0.130348
92.8400,-0.276744,0.257433,-3.801799,0.000113,0.000933,-0.130507,0.099354,1.139318,-2.928374,-0.000169,0.000763,-0.130578
92.8900,-0.276786,0.257432,-3.801801,0.000112,0.000928,-0.130854,0.098346,1.148763,-2.933830,0.000108,0.000968,-0.130888
92.9400,-0.276827,0.257432,-3.801804,0.000111,0.000923,-0.131197,0.096829,1.162930,-2.935044,0.000262,0.000825,-0.131084
92.9900,-0.276868,0.257431,-3.801807,0.000111,0.000918,-0.131537,0.095824,1.172374,-2.939199,0.000115,0.000854,-0.131647
93.0400,-0.276908,0.257430,-3.801810,0.000111,0.000913,-0.131873,0.094316,1.186539,-2.940706,0.000110,0.000844,-0.131865
93.0900,-0.276948,0.257430,-3.801813,0.000111,0.000909,-0.132206,0.093317,1.195982,-2.943731,0.000053,0.000864,-0.132239
93.1400,-0.276988,0.257429,-3.801815,0.000111,0.000905,-0.132535,0.091818,1.210149,-2.945431,0.000325,0.000959,-0.132504
93.1900,-0.277027,0.257429,-3.801818,0.000111,0.000901,-0.132861,0.090822,1.219593,-2.947485,0.000030,0.000923,-0.132980
93.2420,-0.277066,0.257428,-3.801821,0.000112,0.000897,-0.133184,0.089334,1.233760,-2.949293,0.000312,0.000968,-0.133147
93.2900,-0.277104,0.257427,-3.801823,0.000112,0.000894,-0.133503,0.088344,1.243204,-2.950528,0.000106,0.000690,-0.133436
93.3400,-0.277142,0.257427,-3.801826,0.000113,0.000890,-0.133819,0.086863,1.257369,-2.952376,-0.000075,0.000774,-0.133907
93.3900,-0.277180,0.257426,-3.801829,0.000114,0.000887,-0.134132,0.085879,1.266812,-2.952937,0.000324,0.000968,-0.134207
93.4400,-0.277217,0.257426,-3.801831,0.000114,0.000884,-0.134441,0.084414,1.280977,-2.954772,0.000136,0.000973,-0.134718
93.4900,-0.277253,0.257425,-3.801834,0.000115,0.000881,-0.134748,-0.197231,0.647958,-2.954777,0.000014,0.000863,-0.134728
93.5400,-0.277290,0.257425,-3.801836,0.000116,0.000878,-0.135051,-0.211146,0.633927,-2.956560,0.000067,0.000779,-0.135139
93.5900,-0.277326,0.257424,-3.801839,0.000117,0.000875,-0.135351,-0.220428,0.624577,-2.956140,-0.000029,0.000962,-0.135362
93.6400,-0.277362,0.257424,-3.801842,0.000118,0.000873,-0.135648,-0.234353,0.610558,-2.957839,0.000070,0.000824,-0.135657
93.6900,-0.277397,0.257423,-3.801844,0.000119,0.000870,-0.135942,-0.243641,0.601217,-2.957088,0.000050,0.000939,-0.135948
93.7400,-0.277432,0.257423,-3.801846,0.000119,0.000868,-0.136233,-0.257576,0.587211,-2.958684,0.000172,0.000838,-0.136322
93.7900,-0.277466,0.257422,-3.801849,0.000120,0.000866,-0.136521,-0.266872,0.577878,-2.957689,0.000076,0.000938,-0.136519
93.8400,-0.277501,0.257422,-3.801851,0.000121,0.000864,-0.136806,-0.280815,0.563882,-2.959167,0.000218,0.000971,-0.136905
93.8900,-0.277534,0.257421,-3.801854,0.000122,0.000862,-0.137088,-0.290116,0.554555,-2.958004,0.000091,0.000602,-0.137095
93.9400,-0.277568,0.257421,-3.801856,0.000123,0.000860,-0.137367,-0.304064,0.540567,-2.959360,0.000199,0.000902,-0.137437
93.9900,-0.277601,0.257421,-3.801858,0.000124,0.000858,-0.137643,-0.313369,0.531243,-2.958093,-0.000033,0.000734,-0.137664
94.0400,-0.277634,0.257420,-3.801861,0.000125,0.000856,-0.137917,-0.327323,0.517258,-2.959322,-0.000001,0.001039,-0.138135
94.0900,-0.277666,0.257420,-3.801863,0.000126,0.000855,-0.138187,-0.336633,0.507939,-2.957999,0.000245,0.000990,-0.138234
94.1400,-0.277699,0.257420,-3.801865,0.000126,0.000853,-0.138455,-0.350594,0.493961,-2.959105,-0.000123,0.000919,-0.138513
94.1900,-0.277730,0.257419,-3.801868,0.000127,0.000852,-0.138720,-0.359908,0.484647,-2.957769,0.000185,0.000838,-0.138526
94.2400,-0.277762,0.257419,-3.801870,0.000128,0.000850,-0.138983,-0.373874,0.470678,-2.958755,0.000135,0.000970,-0.139104
94.2900,-0.277793,0.257419,-3.801872,0.000129,0.000849,-0.139242,-0.383191,0.461369,-2.957440,0.000063,0.000856,-0.139313
94.3400,-0.277824,0.257418,-3.801874,0.000129,0.000848,-0.139499,-0.397162,0.447410,-2.958315,0.000253,0.000893,-0.139358
94.3900,-0.277854,0.257418,-3.801876,0.000130,0.000847,-0.139754,-0.406480,0.438106,-2.957044,0.000093,0.000769,-0.139737
94.4400,-0.277885,0.257418,-3.801878,0.000131,0.000845,-0.140005,-0.420453,0.424155,-2.957818,0.000120,0.000783,-0.139860
94.4900,-0.277915,0.257418,-3.801881,0.000132,0.000844,-0.140255,-0.296092,0.837049,-2.956612,0.000136,0.000808,-0.140227
94.5400,-0.277944,0.257417,-3.801883,0.000132,0.000843,-0.140501,-0.304126,0.841643,-2.957294,0.000054,0.000762,-0.140491
94.5900,-0.277973,0.257417,-3.801885,0.000133,0.000842,-0.140745,-0.309484,0.844707,-2.956159,0.000187,0.000751,-0.140617
94.6400,-0.278002,0.257417,-3.801887,0.000133,0.000842,-0.140987,-0.317519,0.849306,-2.956760,0.000179,0.000874,-0.140997
94.6900,-0.278031,0.257417,-3.801889,0.000134,0.000841,-0.141226,-0.322876,0.852373,-2.955705,0.000175,0.000908,-0.141199
94.7400,-0.278060,0.257416,-3.801891,0.000135,0.000840,-0.141463,-0.330907,0.856975,-2.956233,0.000284,0.000711,-0.141629
94.7900,-0.278088,0.257416,-3.801893,0.000135,0.000839,-0.141697,-0.336262,0.860044,-2.955263,0.000201,0.000852,-0.141689
94.8400,-0.278116,0.257416,-3.801895,0.000136,0.000838,-0.141928,-0.344292,0.864647,-2.955729,0.000068,0.000755,-0.141895
94.8900,-0.278143,0.257416,-3.801897,0.000136,0.000838,-0.142158,-0.349646,0.867717,-2.954843,0.000210,0.000864,-0.142235
94.9400,-0.278170,0.257416,-3.801899,0.000137,0.000837,-0.142385,-0.357673,0.872323,-2.955258,0.000052,0.000944,-0.142286
94.9900,-0.278197,0.257416,-3.801901,0.000137,0.000836,-0.142610,-0.363023,0.875397,-2.954453,0.000267,0.000897,-0.142503
95.0400,-0.278224,0.257416,-3.801903,0.000138,0.000836,-0.142832,-0.371045,0.880007,-2.954825,0.000173,0.000733,-0.142852
95.0900,-0.278250,0.257415,-3.801905,0.000138,0.000835,-0.143052,-0.376395,0.883082,-2.954097,0.000054,0.000860,-0.142999
95.1400,-0.278277,0.257415,-3.801906,0.000139,0.000835,-0.143270,-0.384417,0.887697,-2.954434,0.000257,0.000887,-0.143466
95.1920,-0.278303,0.257415,-3.801908,0.000139,0.000834,-0.143485,-0.389766,0.890775,-2.953778,0.000141,0.000878,-0.143508
95.2400,-0.278328,0.257415,-3.801910,0.000139,0.000834,-0.143699,-0.397786,0.895391,-2.954087,0.000169,0.000935,-0.143867
95.2900,-0.278354,0.257415,-3.801912,0.000140,0.000833,-0.143910,-0.403134,0.898469,-2.953496,0.000056,0.000826,-0.143744
95.3400,-0.278379,0.257415,-3.801914,0.000140,0.000833,-0.144119,-0.411153,0.903087,-2.953783,0.000122,0.000902,-0.144237
95.3900,-0.278403,0.257415,-3.801915,0.000140,0.000832,-0.144326,-0.416498,0.906167,-2.953251,0.000154,0.000818,-0.144251
95.4400,-0.278428,0.257415,-3.801917,0.000141,0.000832,-0.144531,-0.424512,0.910784,-2.953521,0.000172,0.000944,-0.144625
95.4900,-0.278452,0.257415,-3.801919,0.000141,0.000831,-0.144733,-0.789349,0.636967,-2.953031,0.000024,0.000695,-0.144831
95.5400,-0.278476,0.257415,-3.801921,0.000141,0.000831,-0.144934,-0.813192,0.629476,-2.953290,0.000028,0.000788,-0.145040
95.5900,-0.278500,0.257415,-3.801922,0.000141,0.000830,-0.145132,-0.829089,0.624488,-2.952857,0.000265,0.000731,-0.145143
95.6400,-0.278524,0.257415,-3.801924,0.000141,0.000830,-0.145329,-0.852936,0.617007,-2.953111,0.000239,0.000795,-0.145389
95.6900,-0.278547,0.257415,-3.801926,0.000142,0.000830,-0.145523,-0.868837,0.612023,-2.952718,0.000113,0.000862,-0.145521
95.7400,-0.278570,0.257415,-3.801927,0.000142,0.000829,-0.145716,-0.892689,0.604551,-2.952965,0.000068,0.000739,-0.145775
95.7900,-0.278593,0.257415,-3.801929,0.000142,0.000829,-0.145906,-0.908592,0.599573,-2.952602,-0.000063,0.000744,-0.145811
95.8420,-0.278616,0.257415,-3.801931,0.000142,0.000829,-0.146095,-0.932448,0.592113,-2.952849,0.000008,0.000752,-0.146046
95.8900,-0.278638,0.257415,-3.801932,0.000143,0.000828,-0.146281,-0.948353,0.587143,-2.952513,0.000058,0.000710,-0.146203
95.9400,-0.278661,0.257415,-3.801934,0.000143,0.000828,-0.146466,-0.972212,0.579696,-2.952762,0.000248,0.000772,-0.146613
95.9900,-0.278683,0.257415,-3.801935,0.000143,0.000828,-0.146648,-0.988121,0.574735,-2.952448,-0.000064,0.000897,-0.146639
96.0400,-0.278704,0.257415,-3.801937,0.000143,0.000827,-0.146829,-1.011984,0.567298,-2.952695,-0.000083,0.000747,-0.146891
96.0900,-0.278726,0.257415,-3.801938,0.000143,0.000827,-0.147008,-1.027894,0.562345,-2.952398,0.000243,0.000879,-0.147022
96.1400,-0.278747,0.257415,-3.801940,0.000144,0.000827,-0.147186,-1.051757,0.554920,-2.952650,-0.000059,0.000869,-0.147234
96.1900,-0.278768,0.257415,-3.801941,0.000144,0.000827,-0.147361,-1.067667,0.549974,-2.952365,0.000300,0.000825,-0.147312
96.2400,-0.278789,0.257415,-3.801943,0.000144,0.000826,-0.147534,-1.091531,0.542561,-2.952622,0.000115,0.000832,-0.147594
96.2900,-0.278810,0.257415,-3.801944,0.000144,0.000826,-0.147706,-1.107441,0.537619,-2.952348,0.000002,0.000931,-0.147744
96.3400,-0.278830,0.257415,-3.801946,0.000144,0.000826,-0.147876,-1.131307,0.530214,-2.952612,0.000154,0.000924,-0.147803
96.3900,-0.278850,0.257415,-3.801947,0.000144,0.000826,-0.148044,-1.147219,0.525277,-2.952343,0.000166,0.000764,-0.148069
96.4400,-0.278870,0.257415,-3.801949,0.000145,0.000826,-0.148211,-1.171090,0.517878,-2.952613,0.000154,0.000923,-0.148240
96.4900,-0.278890,0.257415,-3.801950,0.000145,0.000825,-0.148376,-0.182764,0.184809,-2.952400,0.000161,0.000915,-0.148348
96.5400,-0.278910,0.257415,-3.801952,0.000145,0.000825,-0.148539,-0.162536,0.162878,-2.952680,0.000068,0.000845,-0.148609
96.5920,-0.278929,0.257416,-3.801953,0.000145,0.000825,-0.148700,-0.149052,0.148256,-2.952405,0.000105,0.000814,-0.148584
96.6400,-0.278948,0.257416,-3.801954,0.000145,0.000825,-0.148860,-0.128830,0.126321,-2.952687,0.000183,0.000862,-0.148903
96.6900,-0.278967,0.257416,-3.801956,0.000146,0.000825,-0.149018,-0.115350,0.111698,-2.952414,0.000177,0.000864,-0.149113
96.7400,-0.278986,0.257416,-3.801957,0.000146,0.000825,-0.149175,-0.095131,0.089759,-2.952704,0.000223,0.000855,-0.149031
96.7900,-0.279005,0.257416,-3.801958,0.000146,0.000824,-0.149329,-0.081652,0.075130,-2.952431,0.000263,0.000846,-0.149244
96.8400,-0.279023,0.257416,-3.801960,0.000146,0.000824,-0.149483,-0.061437,0.053180,-2.952724,0.000303,0.000831,-0.149372
96.8900,-0.279042,0.257416,-3.801961,0.000146,0.000824,-0.149634,-0.047963,0.038542,-2.952448,0.000074,0.000640,-0.149695
96.9400,-0.279060,0.257416,-3.801962,0.000147,0.000824,-0.149785,-0.027759,0.016581,-2.952740,0.000094,0.000730,-0.149710
96.9900,-0.279078,0.257416,-3.801964,0.000147,0.000824,-0.149933,-0.014292,0.001940,-2.952462,0.000353,0.000959,-0.149843
97.0420,-0.279095,0.257417,-3.801965,0.000147,0.000824,-0.150080,0.005907,-0.020029,-2.952761,0.000149,0.000852,-0.150108
97.0900,-0.279113,0.257417,-3.801966,0.000147,0.000824,-0.150226,0.019371,-0.034677,-2.952480,0.000212,0.000894,-0.150154
97.1420,-0.279130,0.257417,-3.801967,0.000147,0.000823,-0.150370,0.039565,-0.056654,-2.952782,0.000040,0.000849,-0.150378
97.1900,-0.279147,0.257417,-3.801968,0.000148,0.000823,-0.150512,0.053023,-0.071309,-2.952497,0.000259,0.000845,-0.150288
97.2400,-0.279164,0.257417,-3.801970,0.000148,0.000823,-0.150654,0.073213,-0.093292,-2.952802,0.000222,0.000644,-0.150776
97.2900,-0.279181,0.257417,-3.801971,0.000148,0.000823,-0.150793,0.086669,-0.107950,-2.952514,0.000192,0.001093,-0.150845
97.3400,-0.279198,0.257417,-3.801972,0.000148,0.000823,-0.150932,0.106855,-0.129941,-2.952822,0.000004,0.000649,-0.151046
97.3900,-0.279214,0.257417,-3.801973,0.000148,0.000823,-0.151068,0.120309,-0.144603,-2.952530,0.000179,0.000639,-0.150947
97.4400,-0.279230,0.257418,-3.801974,0.000148,0.000823,-0.151204,0.140487,-0.166599,-2.952837,0.000247,0.000777,-0.151395
97.4900,-0.279247,0.257418,-3.801976,0.000149,0.000823,-0.151338,-0.168175,0.591388,-2.952510,0.000189,0.000943,-0.151272
97.5400,-0.279263,0.257418,-3.801977,0.000149,0.000823,-0.151470,-0.162088,0.603375,-2.952813,0.000251,0.001014,-0.151337
97.5900,-0.279278,0.257418,-3.801978,0.000149,0.000823,-0.151602,-0.158028,0.611365,-2.952526,-0.000040,0.000807,-0.151628
97.6400,-0.279294,0.257418,-3.801979,0.000149,0.000823,-0.151732,-0.151935,0.623351,-2.952833,0.000026,0.000821,-0.151820
97.6900,-0.279309,0.257418,-3.801980,0.000149,0.000823,-0.151860,-0.147872,0.631344,-2.952543,0.000232,0.000610,-0.151897
97.7400,-0.279325,0.257418,-3.801981,0.000150,0.000822,-0.151987,-0.141778,0.643332,-2.952850,0.000099,0.000873,-0.151957
97.7900,-0.279340,0.257419,-3.801982,0.000150,0.000822,-0.152113,-0.137714,0.651324,-2.952558,0.000127,0.000750,-0.152225
97.8400,-0.279355,0.257419,-3.801983,0.000150,0.000822,-0.152238,-0.131616,0.663312,-2.952865,0.000210,0.000793,-0.152313
97.8900,-0.279370,0.257419,-3.801984,0.000150,0.000822,-0.152361,-0.127551,0.671302,-2.952570,0.000178,0.000685,-0.152400
97.9420,-0.279385,0.257419,-3.801985,0.000150,0.000822,-0.152484,-0.121455,0.683288,-2.952878,0.000216,0.000930,-0.152584
97.9900,-0.279399,0.257419,-3.801986,0.000150,0.000822,-0.152604,-0.117391,0.691279,-2.952582,0.000295,0.000938,-0.152679
98.0400,-0.279414,0.257419,-3.801987,0.000151,0.000822,-0.152724,-0.111291,0.703263,-2.952891,0.000259,0.000804,-0.152829
98.0900,-0.279428,0.257419,-3.801988,0.000151,0.000822,-0.152842,-0.107225,0.711251,-2.952592,0.000278,0.000701,-0.152745
98.1400,-0.279442,0.257420,-3.801989,0.000151,0.000822,-0.152960,-0.101126,0.723233,-2.952901,0.000160,0.000847,-0.153019
98.1900,-0.279456,0.257420,-3.801990,0.000151,0.000822,-0.153076,-0.097059,0.731221,-2.952601,0.000058,0.000925,-0.153025
98.2400,-0.279470,0.257420,-3.801991,0.000151,0.000822,-0.153190,-0.090956,0.743205,-2.952912,0.000146,0.000875,-0.153065
98.2900,-0.279483,0.257420,-3.801992,0.000151,0.000822,-0.153304,-0.086887,0.751195,-2.952610,-0.000029,0.001020,-0.153464
98.3400,-0.279497,0.257420,-3.801993,0.000151,0.000822,-0.153416,-0.080776,0.763180,-2.952921,0.000282,0.000888,-0.153457
98.3920,-0.279510,0.257420,-3.801994,0.000152,0.000822,-0.153528,-0.076704,0.771170,-2.952617,0.000205,0.000988,-0.153517
98.4400,-0.279524,0.257421,-3.801995,0.000152,0.000822,-0.153638,-0.070591,0.783154,-2.952928,0.000155,0.000808,-0.153576
98.4900,-0.279537,0.257421,-3.801996,0.000152,0.000822,-0.153747,-0.353583,0.697194,-2.952609,0.000261,0.000608,-0.153632
98.5400,-0.279550,0.257421,-3.801997,0.000152,0.000822,-0.153854,-0.360087,0.705071,-2.952919,0.000244,0.000653,-0.153825
98.5900,-0.279563,0.257421,-3.801998,0.000152,0.000822,-0.153961,-0.364424,0.710321,-2.952615,0.000213,0.000736,-0.154073
98.6420,-0.279575,0.257421,-3.801999,0.000152,0.000822,-0.154067,-0.370927,0.718199,-2.952924,0.000134,0.000615,-0.154133
98.6900,-0.279588,0.257421,-3.802000,0.000153,0.000822,-0.154171,-0.375263,0.723450,-2.952621,0.000032,0.000745,-0.154071
98.7400,-0.279600,0.257422,-3.802001,0.000153,0.000822,-0.154275,-0.381765,0.731330,-2.952930,0.000235,0.000943,-0.154247
98.7900,-0.279613,0.257422,-3.802001,0.000153,0.000821,-0.154377,-0.386099,0.736582,-2.952625,0.000270,0.000961,-0.154586
98.8400,-0.279625,0.257422,-3.802002,0.000153,0.000821,-0.154479,-0.392597,0.744462,-2.952935,0.000180,0.000704,-0.154577
98.8900,-0.279637,0.257422,-3.802003,0.000153,0.000821,-0.154579,-0.396932,0.749716,-2.952629,0.000218,0.000897,-0.154574
98.9400,-0.279649,0.257422,-3.802004,0.000153,0.000821,-0.154678,-0.403431,0.757596,-2.952938,0.000049,0.000912,-0.154631
98.9900,-0.279661,0.257423,-3.802005,0.000153,0.000821,-0.154777,-0.407762,0.762850,-2.952632,0.000155,0.001069,-0.154821
99.0400,-0.279673,0.257423,-3.802006,0.000153,0.000821,-0.154874,-0.414254,0.770730,-2.952941,0.000122,0.000845,-0.154876
99.0900,-0.279684,0.257423,-3.802007,0.000154,0.000821,-0.154970,-0.418584,0.775985,-2.952634,0.000146,0.000900,-0.154902
99.1400,-0.279696,0.257423,-3.802007,0.000154,0.000821,-0.155066,-0.425075,0.783865,-2.952944,0.000229,0.000863,-0.155118
99.1900,-0.279707,0.257423,-3.802008,0.000154,0.000821,-0.155160,-0.429401,0.789118,-2.952636,0.000114,0.000887,-0.155072
99.2400,-0.279718,0.257423,-3.802009,0.000154,0.000821,-0.155253,-0.435888,0.796997,-2.952946,0.000080,0.000829,-0.155096
99.2900,-0.279730,0.257424,-3.802010,0.000154,0.000821,-0.155345,-0.440213,0.802250,-2.952639,0.000056,0.000685,-0.155195
99.3400,-0.279741,0.257424,-3.802010,0.000154,0.000821,-0.155437,-0.446698,0.810129,-2.952948,0.000041,0.000754,-0.155247
99.3900,-0.279752,0.257424,-3.802011,0.000154,0.000821,-0.155527,-0.451021,0.815383,-2.952642,-0.000010,0.000913,-0.155543
99.4400,-0.279762,0.257424,-3.802012,0.000154,0.000821,-0.155617,-0.457502,0.823267,-2.952951,0.000176,0.001083,-0.155691
99.4900,-0.279773,0.257424,-3.802013,0.000155,0.000821,-0.155706,0.101312,0.559154,-2.952680,0.000017,0.000812,-0.155652
99.5400,-0.279784,0.257424,-3.802014,0.000155,0.000821,-0.155793,0.119553,0.555176,-2.952991,0.000030,0.000798,-0.156013
99.5900,-0.279794,0.257425,-3.802014,0.000155,0.000821,-0.155880,0.131712,0.552523,-2.952677,0.000202,0.000917,-0.155881
99.6400,-0.279804,0.257425,-3.802015,0.000155,0.000821,-0.155966,0.149953,0.548545,-2.952990,0.000177,0.000897,-0.156042
99.6900,-0.279815,0.257425,-3.802016,0.000155,0.000821,-0.156051,-0.327261,0.230636,-3.763753,0.000047,0.000936,-0.156292
99.7400,-0.279825,0.257425,-3.802016,0.000155,0.000821,-0.156135,-0.333990,0.210539,-3.823302,0.000161,0.001027,-0.156103
99.7900,-0.279835,0.257425,-3.802017,0.000155,0.000821,-0.156219,-0.338503,0.197145,-3.827345,0.000136,0.000577,-0.156258
99.8400,-0.279845,0.257425,-3.802018,0.000155,0.000821,-0.156301,-0.345241,0.177052,-3.881835,0.000170,0.000852,-0.156191
99.8900,-0.279855,0.257426,-3.802019,0.000156,0.000821,-0.156383,-0.349816,0.163687,-3.859073,0.000089,0.001040,-0.156419
99.9400,-0.279864,0.257426,-3.802019,0.000156,0.000821,-0.156463,-0.356582,0.143602,-3.905015,0.000202,0.000954,-0.156329
99.9900,-0.279874,0.257426,-3.802020,0.000156,0.000821,-0.156543,-0.361249,0.130269,-3.847055,0.000080,0.000818,-0.156437
100.0400,-0.279884,0.257426,-3.802021,0.000156,0.000821,-0.156622,-0.368050,0.110199,-3.881169,0.000188,0.000834,-0.156721
100.0900,-0.279893,0.257426,-3.802021,0.000156,0.000821,-0.156701,-0.372823,0.096906,-3.787657,0.000154,0.000844,-0.156615
100.1400,-0.279902,0.257427,-3.802022,0.000156,0.000821,-0.156778,-0.379661,0.076851,-3.807759,0.000137,0.000769,-0.156821
100.1900,-0.279912,0.257427,-3.802022,0.000156,0.000821,-0.156855,-0.384522,0.063600,-3.688212,0.000134,0.000808,-0.156880
100.2400,-0.279921,0.257427,-3.802023,0.000156,0.000821,-0.156931,-0.391406,0.043560,-3.693815,0.000118,0.000914,-0.156821
100.2900,-0.279930,0.257427,-3.802024,0.000156,0.000821,-0.157006,-0.396318,0.030322,-3.564026,0.000235,0.000849,-0.156953
100.3400,-0.279939,0.257427,-3.802024,0.000156,0.000821,-0.157080,-0.403241,0.010298,-3.556324,0.000121,0.000783,-0.156998
100.3900,-0.279948,0.257427,-3.802025,0.000157,0.000821,-0.157154,-0.408157,-0.002941,-3.432007,0.000286,0.000949,-0.157171
100.4400,-0.279957,0.257428,-3.802026,0.000157,0.000821,-0.157227,-0.415116,-0.022953,-3.413316,0.000226,0.000793,-0.157240
100.4900,-0.279965,0.257428,-3.802026,0.000157,0.000821,-0.157299,-0.236305,0.118036,-3.305490,0.000199,0.000896,-0.157429
100.5400,-0.279974,0.257428,-3.802027,0.000157,0.000821,-0.157370,-0.228276,0.110617,-3.278551,0.000220,0.000775,-0.157287
100.5900,-0.279983,0.257428,-3.802027,0.000157,0.000821,-0.157441,-0.223017,0.105710,-3.192379,0.000225,0.000968,-0.157321
100.6400,-0.279991,0.257428,-3.802028,0.000157,0.000821,-0.157510,-0.214994,0.098293,-3.159844,0.000141,0.000709,-0.157519
100.6900,-0.279999,0.257428,-3.802029,0.000157,0.000821,-0.157580,-0.209712,0.093374,-3.096071,0.000169,0.000842,-0.157553
100.7400,-0.280008,0.257429,-3.802029,0.000157,0.000821,-0.157648,-0.201697,0.085963,-3.060228,0.000050,0.000813,-0.157582
100.7900,-0.280016,0.257429,-3.802030,0.000157,0.000821,-0.157716,-0.196385,0.081034,-3.016965,0.000090,0.000881,-0.157657
100.8400,-0.280024,0.257429,-3.802030,0.000157,0.000821,-0.157783,-0.188372,0.073626,-2.979663,0.000098,0.000630,-0.157980
100.8900,-0.280032,0.257429,-3.802031,0.000157,0.000821,-0.157849,-0.183033,0.068688,-2.953913,0.000161,0.000732,-0.157967
100.9400,-0.280040,0.257429,-3.802031,0.000158,0.000821,-0.157915,-0.175023,0.061277,-2.916583,0.000088,0.000903,-0.157831
100.9900,-0.280048,0.257429,-3.802032,0.000158,0.000821,-0.157980,-0.169655,0.056331,-2.905136,0.000237,0.000688,-0.158031
101.0400,-0.280055,0.257430,-3.802033,0.000158,0.000821,-0.158044,-0.161649,0.048920,-2.868853,0.000215,0.000650,-0.157969
101.0900,-0.280063,0.257430,-3.802033,0.000158,0.000821,-0.158108,-0.156265,0.043964,-2.868717,0.000006,0.000933,-0.158122
101.1420,-0.280071,0.257430,-3.802034,0.000158,0.000821,-0.158171,-0.148248,0.036555,-2.834268,0.000226,0.000775,-0.158074
101.1900,-0.280078,0.257430,-3.802034,0.000158,0.000821,-0.158233,-0.142838,0.031597,-2.842823,0.000297,0.000666,-0.158253
101.2400,-0.280086,0.257430,-3.802035,0.000158,0.000821,-0.158295,-0.134828,0.024181,-2.810759,0.000199,0.000718,-0.158240
101.2900,-0.280093,0.257430,-3.802035,0.000158,0.000821,-0.158356,-0.129410,0.019208,-2.825775,0.000225,0.000703,-0.158452
101.3400,-0.280101,0.257431,-3.802036,0.000158,0.000821,-0.158416,-0.121397,0.011790,-2.796462,0.000144,0.000735,-0.158489
101.3900,-0.280108,0.257431,-3.802036,0.000158,0.000821,-0.158476,-0.115974,0.006810,-2.816068,0.000125,0.000980,-0.158412
101.4400,-0.280115,0.257431,-3.802037,0.000158,0.000821,-0.158535,-0.107952,-0.000611,-2.789718,0.000013,0.000813,-0.158588
101.4900,-0.280122,0.257431,-3.802037,0.000158,0.000821,-0.158594,-0.338906,1.173041,-2.812324,0.000025,0.000897,-0.158700
101.5400,-0.280129,0.257431,-3.802038,0.000159,0.000821,-0.158652,-0.341589,1.219310,-2.789025,0.000149,0.000829,-0.158713
101.5900,-0.280136,0.257431,-3.802038,0.000159,0.000821,-0.158709,-0.343349,1.250144,-2.813397,0.000114,0.000806,-0.158859
101.6400,-0.280143,0.257432,-3.802039,0.000159,0.000821,-0.158766,-0.346020,1.296410,-2.793133,0.000115,0.000840,-0.158807
101.6900,-0.280150,0.257432,-3.802039,0.000159,0.000821,-0.158822,-0.347759,1.327241,-2.818181,0.000114,0.000747,-0.158697
101.7400,-0.280156,0.257432,-3.802040,0.000159,0.000821,-0.158878,-0.350419,1.373503,-2.800859,0.000099,0.000805,-0.158983
101.7900,-0.280163,0.257432,-3.802040,0.000159,0.000821,-0.158933,-0.352142,1.404332,-2.825730,0.000076,0.000663,-0.158941
101.8400,-0.280170,0.257432,-3.802040,0.000159,0.000821,-0.158988,-0.354794,1.450597,-2.811201,0.000146,0.000855,-0.159246
101.8900,-0.280176,0.257432,-3.802041,0.000159,0.000821,-0.159042,-0.356509,1.481426,-2.835223,0.000220,0.000822,-0.159157
101.9400,-0.280183,0.257433,-3.802041,0.000159,0.000821,-0.159095,-0.359148,1.527690,-2.823280,0.000334,0.000787,-0.159105
101.9900,-0.280189,0.257433,-3.802042,0.000159,0.000821,-0.159148,-0.360861,1.558509,-2.845947,0.000061,0.000901,-0.159132
102.0400,-0.280195,0.257433,-3.802042,0.000159,0.000821,-0.159200,-0.363494,1.604768,-2.836367,0.000082,0.000952,-0.159210
102.0900,-0.280202,0.257433,-3.802043,0.000159,0.000821,-0.159252,-0.365191,1.635588,-2.857332,0.000190,0.000849,-0.159338
102.1400,-0.280208,0.257433,-3.802043,0.000159,0.000821,-0.159303,-0.367808,1.681846,-2.849863,0.000190,0.000876,-0.159493
102.1900,-0.280214,0.257433,-3.802044,0.000159,0.000821,-0.159354,-0.369494,1.712664,-2.868891,0.000108,0.000556,-0.159494
102.2400,-0.280220,0.257433,-3.802044,0.000160,0.000821,-0.159404,-0.372102,1.758919,-2.863283,0.000175,0.000855,-0.159288
102.2900,-0.280226,0.257434,-3.802044,0.000160,0.000821,-0.159454,-0.373794,1.789736,-2.880252,0.000141,0.000759,-0.159544
102.3400,-0.280232,0.257434,-3.802045,0.000160,0.000821,-0.159503,-0.376398,1.835989,-2.876256,0.000218,0.000923,-0.159512
102.3900,-0.280238,0.257434,-3.802045,0.000160,0.000821,-0.159552,-0.378085,1.866806,-2.891129,0.000150,0.000938,-0.159561
102.4400,-0.280244,0.257434,-3.802046,0.000160,0.000821,-0.159600,-0.380679,1.913057,-2.888502,0.000190,0.000940,-0.159626
102.4900,-0.280250,0.257434,-3.802046,0.000160,0.000821,-0.159647,-0.010510,0.295055,-2.901369,0.000179,0.001043,-0.159554
102.5400,-0.280255,0.257434,-3.802046,0.000160,0.000821,-0.159695,0.002905,0.270115,-2.899896,0.000105,0.000881,-0.159809
102.5900,-0.280261,0.257434,-3.802047,0.000160,0.000821,-0.159741,0.011857,0.253484,-2.910722,0.000091,0.000883,-0.159672
102.6400,-0.280267,0.257435,-3.802047,0.000160,0.000821,-0.159788,0.025271,0.228542,-2.910181,0.000001,0.000867,-0.159835
102.6900,-0.280272,0.257435,-3.802048,0.000160,0.000821,-0.159833,0.034225,0.211913,-2.919156,0.000290,0.000713,-0.159980
102.7420,-0.280278,0.257435,-3.802048,0.000160,0.000821,-0.159878,0.047637,0.186970,-2.919366,0.000028,0.000537,-0.159992
102.7900,-0.280283,0.257435,-3.802048,0.000160,0.000821,-0.159923,0.056585,0.170337,-2.926641,0.000090,0.000916,-0.159882
102.8400,-0.280288,0.257435,-3.802049,0.000160,0.000821,-0.159968,0.069996,0.145395,-2.927430,0.000235,0.000849,-0.159947
102.8900,-0.280294,0.257435,-3.802049,0.000160,0.000821,-0.160011,0.078943,0.128763,-2.933176,-0.000062,0.000824,-0.159964
102.9400,-0.280299,0.257435,-3.802049,0.000160,0.000821,-0.160055,0.092350,0.103820,-2.934395,0.000158,0.000778,-0.159965
102.9900,-0.280304,0.257436,-3.802050,0.000160,0.000821,-0.160098,0.101290,0.087189,-2.938782,0.000117,0.000950,-0.160118
103.0400,-0.280309,0.257436,-3.802050,0.000161,0.000821,-0.160140,0.114697,0.062249,-2.940317,0.000221,0.000927,-0.160274
103.0900,-0.280314,0.257436,-3.802050,0.000161,0.000821,-0.160183,0.123636,0.045618,-2.943519,0.000206,0.000673,-0.160108
103.1400,-0.280319,0.257436,-3.802051,0.000161,0.000821,-0.160224,0.137040,0.020675,-2.945259,0.000312,0.000799,-0.160158
103.1900,-0.280324,0.257436,-3.802051,0.000161,0.000821,-0.160265,0.145978,0.004042,-2.947445,0.000144,0.000868,-0.160268
103.2400,-0.280329,0.257436,-3.802052,0.000161,0.000821,-0.160306,0.159380,-0.020907,-2.949297,0.000075,0.000841,-0.160411
103.2900,-0.280334,0.257436,-3.802052,0.000161,0.000821,-0.160347,0.168310,-0.037541,-2.950624,0.000236,0.000859,-0.160372
103.3400,-0.280339,0.257437,-3.802052,0.000161,0.000821,-0.160387,0.181706,-0.062492,-2.952527,0.000253,0.000729,-0.160335
103.3900,-0.280344,0.257437,-3.802053,0.000161,0.000821,-0.160426,0.190637,-0.079125,-2.953143,0.000157,0.000790,-0.160435
103.4400,-0.280349,0.257437,-3.802053,0.000161,0.000821,-0.160465,0.204031,-0.104077,-2.955033,0.000080,0.001000,-0.160438
103.4900,-0.280353,0.257437,-3.802053,0.000161,0.000821,-0.160504,0.134394,-0.377716,-2.955078,0.000245,0.000695,-0.160505
103.5400,-0.280358,0.257437,-3.802053,0.000161,0.000821,-0.160542,0.144330,-0.413961,-2.956918,0.000180,0.000765,-0.160529
103.5900,-0.280363,0.257437,-3.802054,0.000161,0.000821,-0.160580,0.150952,-0.438125,-2.956504,0.000259,0.000713,-0.160477
103.6400,-0.280367,0.257437,-3.802054,0.000161,0.000821,-0.160618,0.160885,-0.474374,-2.958258,0.000219,0.000801,-0.160734
103.6900,-0.280372,0.257437,-3.802054,0.000161,0.000821,-0.160655,0.167501,-0.498541,-2.957495,0.000085,0.000813,-0.160587
103.7400,-0.280376,0.257438,-3.802055,0.000161,0.000821,-0.160692,0.177429,-0.534791,-2.959139,0.000194,0.000708,-0.160699
103.7900,-0.280381,0.257438,-3.802055,0.000161,0.000821,-0.160728,0.184046,-0.558956,-2.958122,0.000168,0.001131,-0.160779
103.8400,-0.280385,0.257438,-3.802055,0.000161,0.000821,-0.160764,0.193974,-0.595206,-2.959643,0.000174,0.000829,-0.160818
103.8900,-0.280389,0.257438,-3.802056,0.000161,0.000821,-0.160800,0.200590,-0.619371,-2.958449,0.000296,0.000893,-0.160745
103.9400,-0.280394,0.257438,-3.802056,0.000161,0.000821,-0.160835,0.210519,-0.655622,-2.959847,0.000129,0.000893,-0.161033
103.9900,-0.280398,0.257438,-3.802056,0.000161,0.000821,-0.160870,0.217134,-0.679789,-2.958542,0.000151,0.000855,-0.160884
104.0400,-0.280402,0.257438,-3.802056,0.000162,0.000821,-0.160905,0.227060,-0.716044,-2.959805,0.000146,0.000765,-0.161093
104.0900,-0.280406,0.257438,-3.802057,0.000162,0.000821,-0.160939,0.233670,-0.740213,-2.958440,0.000164,0.000740,-0.160916
104.1400,-0.280410,0.257439,-3.802057,0.000162,0.000821,-0.160973,0.243591,-0.776469,-2.959575,0.000128,0.000702,-0.160937
104.3300,-0.280426,0.257439,-3.802058,0.000162,0.000821,-0.161105,0.276639,-0.897315,-2.958748,0.000196,0.000744,-0.160933
104.3800,-0.280430,0.257439,-3.802058,0.000162,0.000821,-0.161137,0.283247,-0.921484,-2.957436,0.000238,0.000816,-0.161180
104.4300,-0.280434,0.257439,-3.802059,0.000162,0.000821,-0.161169,0.293159,-0.957744,-2.958224,0.000252,0.000711,-0.161117
104.4800,-0.280438,0.257439,-3.802059,0.000162,0.000821,-0.161201,0.425734,-0.014084,-2.956963,0.000078,0.000799,-0.161307
104.5300,-0.280442,0.257439,-3.802059,0.000162,0.000821,-0.161232,0.441201,-0.007802,-2.957655,0.000235,0.000949,-0.161303
104.5800,-0.280445,0.257440,-3.802059,0.000162,0.000821,-0.161263,0.451510,-0.003615,-2.956486,0.000020,0.000819,-0.161393
104.6300,-0.280449,0.257440,-3.802060,0.000162,0.000821,-0.161293,0.466976,0.002664,-2.957095,0.000066,0.000824,-0.161201
104.6800,-0.280453,0.257440,-3.802060,0.000162,0.000821,-0.161324,0.477284,0.006853,-2.956010,0.000126,0.000831,-0.161357
104.7300,-0.280456,0.257440,-3.802060,0.000162,0.000821,-0.161353,0.492749,0.013132,-2.956543,0.000246,0.001089,-0.161522
104.7800,-0.280460,0.257440,-3.802060,0.000162,0.000821,-0.161383,0.503058,0.017318,-2.955547,0.000176,0.000989,-0.161255
104.8300,-0.280464,0.257440,-3.802061,0.000162,0.000821,-0.161412,0.518526,0.023595,-2.956018,0.000309,0.000825,-0.161359
104.8820,-0.280467,0.257440,-3.802061,0.000162,0.000821,-0.161441,0.528838,0.027779,-2.955107,0.000067,0.000896,-0.161489
104.9320,-0.280471,0.257440,-3.802061,0.000162,0.000821,-0.161470,0.544308,0.034052,-2.955523,0.000230,0.000912,-0.161446
104.9800,-0.280474,0.257440,-3.802061,0.000162,0.000821,-0.161499,0.554621,0.038234,-2.954697,0.000060,0.000994,-0.161644
105.0300,-0.280478,0.257441,-3.802062,0.000162,0.000821,-0.161527,0.570096,0.044507,-2.955070,0.000371,0.000845,-0.161506
105.0800,-0.280481,0.257441,-3.802062,0.000162,0.000821,-0.161555,0.580411,0.048689,-2.954324,0.000241,0.000938,-0.161608
105.1300,-0.280484,0.257441,-3.802062,0.000162,0.000821,-0.161582,0.595890,0.054955,-2.954658,0.000109,0.000953,-0.161507
105.1800,-0.280488,0.257441,-3.802062,0.000162,0.000821,-0.161609,0.606207,0.059134,-2.953987,0.000030,0.000782,-0.161742
105.2300,-0.280491,0.257441,-3.802063,0.000162,0.000821,-0.161636,0.621685,0.065403,-2.954293,0.000244,0.000784,-0.161479
105.2820,-0.280494,0.257441,-3.802063,0.000162,0.000821,-0.161663,0.632002,0.069583,-2.953689,0.000025,0.000858,-0.161685
105.3320,-0.280497,0.257441,-3.802063,0.000163,0.000821,-0.161689,0.647481,0.075852,-2.953973,0.000179,0.000899,-0.161659
105.3800,-0.280501,0.257441,-3.802063,0.000163,0.000821,-0.161716,0.657799,0.080031,-2.953431,0.000216,0.000918,-0.161595
105.4300,-0.280504,0.257441,-3.802063,0.000163,0.000821,-0.161742,0.673280,0.086298,-2.953699,0.000240,0.000722,-0.161819
105.4800,-0.280507,0.257442,-3.802064,0.000163,0.000821,-0.161767,0.492184,0.183765,-2.953198,0.000249,0.000724,-0.161842
105.5300,-0.280510,0.257442,-3.802064,0.000163,0.000821,-0.161793,0.499258,0.194132,-2.953452,0.000261,0.000843,-0.161764
105.5800,-0.280513,0.257442,-3.802064,0.000163,0.000821,-0.161818,0.503974,0.201044,-2.953013,0.000224,0.000812,-0.161862
105.6300,-0.280516,0.257442,-3.802064,0.000163,0.000821,-0.161842,0.511049,0.211410,-2.953260,0.000343,0.000775,-0.161852
105.6800,-0.280519,0.257442,-3.802064,0.000163,0.000821,-0.161867,0.515767,0.218320,-2.952861,-0.000043,0.000788,-0.161826
105.7300,-0.280522,0.257442,-3.802065,0.000163,0.000821,-0.161891,0.522845,0.228687,-2.953105,0.000169,0.000928,-0.162204
105.7800,-0.280525,0.257442,-3.802065,0.000163,0.000821,-0.161915,0.527566,0.235598,-2.952740,0.000149,0.000893,-0.161941
105.8300,-0.280528,0.257442,-3.802065,0.000163,0.000821,-0.161939,0.534649,0.245965,-2.952981,0.000195,0.000678,-0.162017
105.8800,-0.280531,0.257442,-3.802065,0.000163,0.000821,-0.161963,0.539368,0.252876,-2.952643,0.000187,0.000859,-0.162053
105.9300,-0.280533,0.257442,-3.802065,0.000163,0.000821,-0.161986,0.546449,0.263242,-2.952886,0.000275,0.000747,-0.161980
105.9800,-0.280536,0.257443,-3.802066,0.000163,0.000821,-0.162009,0.551168,0.270152,-2.952569,0.000168,0.000848,-0.162189
106.0300,-0.280539,0.257443,-3.802066,0.000163,0.000821,-0.162032,0.558249,0.280515,-2.952815,0.000194,0.000519,-0.162020
106.0800,-0.280542,0.257443,-3.802066,0.000163,0.000821,-0.162055,0.562966,0.287424,-2.952515,0.000235,0.000998,-0.162035
106.1300,-0.280545,0.257443,-3.802066,0.000163,0.000821,-0.162077,0.570043,0.297785,-2.952765,0.000328,0.000910,-0.162004
106.1800,-0.280547,0.257443,-3.802066,0.000163,0.000821,-0.162099,0.574761,0.304692,-2.952481,0.000122,0.000825,-0.161950
106.2300,-0.280550,0.257443,-3.802067,0.000163,0.000821,-0.162121,0.581840,0.315055,-2.952735,0.000064,0.000950,-0.162109
106.2800,-0.280553,0.257443,-3.802067,0.000163,0.000821,-0.162143,0.586560,0.321963,-2.952460,0.000106,0.000807,-0.162144
106.3300,-0.280555,0.257443,-3.802067,0.000163,0.000821,-0.162165,0.593644,0.332325,-2.952719,0.000177,0.000922,-0.162273
106.3800,-0.280558,0.257443,-3.802067,0.000163,0.000821,-0.162186,0.598368,0.339229,-2.952449,0.000228,0.000790,-0.162201
106.4300,-0.280560,0.257443,-3.802067,0.000163,0.000821,-0.162207,0.605457,0.349584,-2.952713,0.000002,0.000781,-0.162163
106.4800,-0.280563,0.257443,-3.802067,0.000163,0.000821,-0.162228,0.476221,0.229900,-2.952444,0.000175,0.000798,-0.162298
106.5300,-0.280565,0.257443,-3.802068,0.000163,0.000821,-0.162248,0.477420,0.234698,-2.952713,0.000220,0.000816,-0.162308
106.5800,-0.280568,0.257444,-3.802068,0.000163,0.000821,-0.162269,0.478219,0.237896,-2.952451,0.000077,0.000856,-0.162481
106.6300,-0.280570,0.257444,-3.802068,0.000163,0.000821,-0.162289,0.479416,0.242696,-2.952726,0.000143,0.000821,-0.162203
106.6820,-0.280573,0.257444,-3.802068,0.000163,0.000821,-0.162309,0.480214,0.245898,-2.952464,0.000136,0.000871,-0.162223
106.7300,-0.280575,0.257444,-3.802068,0.000163,0.000821,-0.162329,0.481414,0.250701,-2.952744,0.000285,0.000730,-0.162247
106.7820,-0.280578,0.257444,-3.802068,0.000163,0.000821,-0.162348,0.482213,0.253902,-2.952480,0.000032,0.000921,-0.162332
106.8300,-0.280580,0.257444,-3.802069,0.000163,0.000821,-0.162368,0.483413,0.258703,-2.952764,0.000145,0.000979,-0.162375
106.8800,-0.280582,0.257444,-3.802069,0.000163,0.000821,-0.162387,0.484213,0.261904,-2.952498,0.000217,0.000855,-0.162384
106.9300,-0.280585,0.257444,-3.802069,0.000163,0.000821,-0.162406,0.485414,0.266705,-2.952787,0.000087,0.000849,-0.162422
106.9800,-0.280587,0.257444,-3.802069,0.000163,0.000821,-0.162425,0.486215,0.269907,-2.952519,0.000153,0.000958,-0.162564
107.0300,-0.280589,0.257444,-3.802069,0.000163,0.000821,-0.162443,0.487420,0.274712,-2.952811,0.000114,0.000824,-0.162343
107.0800,-0.280591,0.257444,-3.802069,0.000164,0.000821,-0.162462,0.488222,0.277915,-2.952539,0.000075,0.000754,-0.162450
107.1300,-0.280594,0.257444,-3.802070,0.000164,0.000821,-0.162480,0.489424,0.282720,-2.952835,0.000376,0.000786,-0.162403
107.1800,-0.280596,0.257445,-3.802070,0.000164,0.000821,-0.162498,0.490223,0.285921,-2.952559,0.000209,0.000847,-0.162398
107.2300,-0.280598,0.257445,-3.802070,0.000164,0.000821,-0.162516,0.491425,0.290720,-2.952858,0.000183,0.001005,-0.162600
107.2800,-0.280600,0.257445,-3.802070,0.000164,0.000821,-0.162533,0.492226,0.293920,-2.952578,0.000364,0.000883,-0.162322
107.3300,-0.280602,0.257445,-3.802070,0.000164,0.000821,-0.162551,0.493431,0.298717,-2.952880,0.000343,0.000843,-0.162568
107.3800,-0.280604,0.257445,-3.802070,0.000164,0.000821,-0.162568,0.494234,0.301915,-2.952596,0.000232,0.000967,-0.162598
107.4300,-0.280606,0.257445,-3.802070,0.000164,0.000821,-0.162585,0.495442,0.306709,-2.952900,0.000189,0.000753,-0.162678
107.4800,-0.280608,0.257445,-3.802071,0.000164,0.000821,-0.162602,0.454627,0.219663,-2.952613,0.000184,0.001008,-0.162641
107.5300,-0.280611,0.257445,-3.802071,0.000164,0.000821,-0.162619,0.454008,0.220490,-2.952919,0.000178,0.000865,-0.162461
107.5820,-0.280613,0.257445,-3.802071,0.000164,0.000821,-0.162636,0.453595,0.221042,-2.952629,0.000224,0.000642,-0.162666
107.6300,-0.280615,0.257445,-3.802071,0.000164,0.000821,-0.162652,0.452973,0.221871,-2.952936,0.000256,0.000785,-0.162661
107.6800,-0.280617,0.257445,-3.802071,0.000164,0.000821,-0.162668,0.452557,0.222423,-2.952643,0.000073,0.000922,-0.162728
107.7300,-0.280619,0.257445,-3.802071,0.000164,0.000821,-0.162684,0.451935,0.223253,-2.952951,0.000222,0.000824,-0.162644
107.7800,-0.280620,0.257445,-3.802071,0.000164,0.000821,-0.162700,0.451520,0.223808,-2.952655,0.000129,0.000843,-0.162604
107.8300,-0.280622,0.257446,-3.802071,0.000164,0.000821,-0.162716,0.450898,0.224640,-2.952964,0.000292,0.000954,-0.162789
107.8800,-0.280624,0.257446,-3.802072,0.000164,0.000821,-0.162732,0.450483,0.225196,-2.952666,0.000171,0.000700,-0.162833
107.9300,-0.280626,0.257446,-3.802072,0.000164,0.000821,-0.162747,0.449859,0.226028,-2.952976,0.000250,0.000769,-0.162855
107.9800,-0.280628,0.257446,-3.802072,0.000164,0.000821,-0.162762,0.449442,0.226582,-2.952675,0.000071,0.000724,-0.162744
108.0300,-0.280630,0.257446,-3.802072,0.000164,0.000821,-0.162778,0.448817,0.227414,-2.952985,0.000242,0.000692,-0.162797
108.0800,-0.280632,0.257446,-3.802072,0.000164,0.000821,-0.162793,0.448398,0.227968,-2.952683,0.000109,0.000896,-0.162777
108.1300,-0.280634,0.257446,-3.802072,0.000164,0.000821,-0.162807,0.447772,0.228798,-2.952993,0.000156,0.000634,-0.162812
108.1800,-0.280635,0.257446,-3.802072,0.000164,0.000821,-0.162822,0.447353,0.229353,-2.952689,0.000216,0.000747,-0.162901
108.2300,-0.280637,0.257446,-3.802072,0.000164,0.000821,-0.162837,0.446723,0.230184,-2.952999,-0.000018,0.000876,-0.162843
108.2800,-0.280639,0.257446,-3.802073,0.000164,0.000821,-0.162851,0.446302,0.230739,-2.952694,0.000089,0.000863,-0.162998
108.3300,-0.280641,0.257446,-3.802073,0.000164,0.000821,-0.162865,0.445674,0.231572,-2.953005,0.000007,0.000844,-0.162838
108.3800,-0.280642,0.257446,-3.802073,0.000164,0.000821,-0.162879,0.445254,0.232129,-2.952698,0.000149,0.000807,-0.163047
108.4300,-0.280644,0.257446,-3.802073,0.000164,0.000821,-0.162893,0.444627,0.232965,-2.953009,0.000144,0.000719,-0.162836
108.4800,-0.280646,0.257446,-3.802073,0.000164,0.000821,-0.162907,0.445158,0.205184,-2.952702,0.000198,0.000849,-0.162860
108.5300,-0.280647,0.257446,-3.802073,0.000164,0.000821,-0.162921,0.444573,0.204778,-2.953012,0.000416,0.000788,-0.162886
108.5800,-0.280649,0.257447,-3.802073,0.000164,0.000821,-0.162934,0.444183,0.204507,-2.952704,0.000184,0.001016,-0.162880
108.6300,-0.280651,0.257447,-3.802073,0.000164,0.000821,-0.162947,0.443597,0.204098,-2.953014,0.000133,0.000752,-0.163073
108.6800,-0.280652,0.257447,-3.802073,0.000164,0.000821,-0.162961,0.443207,0.203825,-2.952705,0.000162,0.000620,-0.163045
108.7300,-0.280654,0.257447,-3.802074,0.000164,0.000821,-0.162974,0.442620,0.203414,-2.953015,0.000151,0.000896,-0.162936
108.7800,-0.280655,0.257447,-3.802074,0.000164,0.000821,-0.162987,0.442229,0.203140,-2.952706,0.000260,0.000681,-0.162887
108.8320,-0.280657,0.257447,-3.802074,0.000164,0.000821,-0.162999,0.441642,0.202729,-2.953016,0.000128,0.000884,-0.163091
108.8800,-0.280659,0.257447,-3.802074,0.000164,0.000821,-0.163012,0.441250,0.202455,-2.952707,0.000221,0.000898,-0.162977
108.9300,-0.280660,0.257447,-3.802074,0.000164,0.000821,-0.163025,0.440664,0.202044,-2.953016,0.000120,0.000771,-0.163036
108.9800,-0.280662,0.257447,-3.802074,0.000164,0.000821,-0.163037,0.440273,0.201770,-2.952707,0.000165,0.000711,-0.163110
109.0320,-0.280663,0.257447,-3.802074,0.000164,0.000821,-0.163049,0.439688,0.201360,-2.953016,0.000202,0.000658,-0.163268
109.0800,-0.280665,0.257447,-3.802074,0.000164,0.000821,-0.163062,0.439296,0.201087,-2.952707,0.000163,0.000769,-0.163096
109.1300,-0.280666,0.257447,-3.802074,0.000164,0.000821,-0.163074,0.438709,0.200677,-2.953016,0.000185,0.000858,-0.163257
109.1800,-0.280667,0.257447,-3.802074,0.000164,0.000821,-0.163086,0.438316,0.200404,-2.952706,0.000228,0.000957,-0.163017
109.2300,-0.280669,0.257447,-3.802075,0.000164,0.000821,-0.163097,0.437727,0.199993,-2.953015,0.000346,0.000846,-0.163091
109.2820,-0.280670,0.257447,-3.802075,0.000164,0.000821,-0.163109,0.437332,0.199719,-2.952706,0.000025,0.000731,-0.163123
109.3300,-0.280672,0.257447,-3.802075,0.000164,0.000821,-0.163121,0.436740,0.199309,-2.953014,0.000167,0.000814,-0.163095
109.3800,-0.280673,0.257447,-3.802075,0.000164,0.000821,-0.163132,0.436343,0.199037,-2.952705,0.000122,0.000819,-0.162974
109.4300,-0.280675,0.257448,-3.802075,0.000164,0.000821,-0.163143,0.435749,0.198628,-2.953014,0.000181,0.000720,-0.163108
109.4800,-0.280676,0.257448,-3.802075,0.000164,0.000821,-0.163155,0.443675,0.198768,-2.952705,0.000017,0.000712,-0.162952
109.5300,-0.280677,0.257448,-3.802075,0.000164,0.000821,-0.163166,0.443443,0.198377,-2.953013,0.000060,0.000871,-0.163087
109.5800,-0.280679,0.257448,-3.802075,0.000164,0.000821,-0.163177,0.443288,0.198117,-2.952704,0.000164,0.000834,-0.163331
109.6300,-0.280680,0.257448,-3.802075,0.000164,0.000821,-0.163188,0.443056,0.197728,-2.953012,0.000122,0.000899,-0.163294
109.6800,-0.280681,0.257448,-3.802075,0.000164,0.000821,-0.163198,-0.250251,0.248214,-3.710740,0.000159,0.000737,-0.163316
109.7300,-0.280683,0.257448,-3.802075,0.000164,0.000821,-0.163209,-0.285882,0.250404,-3.766410,0.000178,0.000778,-0.163246
109.7800,-0.280684,0.257448,-3.802076,0.000164,0.000821,-0.163219,-0.309661,0.251868,-3.770196,0.000064,0.000923,-0.163251
109.8300,-0.280685,0.257448,-3.802076,0.000164,0.000821,-0.163230,-0.345307,0.254062,-3.821137,0.000074,0.000741,-0.163118
109.8800,-0.280686,0.257448,-3.802076,0.000165,0.000821,-0.163240,-0.369146,0.255538,-3.799864,0.000193,0.001069,-0.163128
109.9300,-0.280688,0.257448,-3.802076,0.000165,0.000821,-0.163250,-0.404814,0.257739,-3.842813,-0.000037,0.000781,-0.163343
109.9800,-0.280689,0.257448,-3.802076,0.000165,0.000821,-0.163260,-0.428743,0.259247,-3.788642,0.000154,0.000652,-0.163190
110.0300,-0.280690,0.257448,-3.802076,0.000165,0.000821,-0.163270,-0.464431,0.261458,-3.820547,0.000330,0.000959,-0.163374
110.0800,-0.280691,0.257448,-3.802076,0.000165,0.000821,-0.163280,-0.488468,0.263005,-3.733138,0.000287,0.000804,-0.163171
110.1300,-0.280693,0.257448,-3.802076,0.000165,0.000821,-0.163290,-0.524195,0.265227,-3.751943,0.000236,0.000996,-0.163228
110.1800,-0.280694,0.257448,-3.802076,0.000165,0.000821,-0.163300,-0.548316,0.266812,-3.640196,0.000204,0.000878,-0.163397
110.2300,-0.280695,0.257448,-3.802076,0.000165,0.000821,-0.163309,-0.584082,0.269048,-3.645451,0.000354,0.000816,-0.163006
110.2800,-0.280696,0.257448,-3.802076,0.000165,0.000821,-0.163319,-0.608244,0.270656,-3.524130,-0.000098,0.000815,-0.163444
110.3300,-0.280697,0.257448,-3.802076,0.000165,0.000821,-0.163328,-0.644046,0.272912,-3.516948,-0.000096,0.000870,-0.163377
110.3800,-0.280698,0.257449,-3.802076,0.000165,0.000821,-0.163338,-0.668214,0.274513,-3.400736,0.000109,0.000666,-0.163372
110.4300,-0.280699,0.257449,-3.802077,0.000165,0.000821,-0.163347,-0.704047,0.276782,-3.383282,0.000241,0.000836,-0.163451
110.4800,-0.280701,0.257449,-3.802077,0.000165,0.000821,-0.163356,-0.087972,0.235075,-3.282578,0.000176,0.000727,-0.163227
110.5300,-0.280702,0.257449,-3.802077,0.000165,0.000821,-0.163365,-0.071541,0.233812,-3.257425,0.000228,0.000876,-0.163319
110.5800,-0.280703,0.257449,-3.802077,0.000165,0.000821,-0.163374,-0.060675,0.232998,-3.176847,0.000172,0.000907,-0.163378
110.6300,-0.280704,0.257449,-3.802077,0.000165,0.000821,-0.163383,-0.044252,0.231734,-3.146460,0.000263,0.001039,-0.163454
110.6820,-0.280705,0.257449,-3.802077,0.000165,0.000821,-0.163392,-0.033360,0.230913,-3.086818,0.000178,0.000934,-0.163331
110.7300,-0.280706,0.257449,-3.802077,0.000165,0.000821,-0.163400,-0.016941,0.229651,-3.053339,0.000048,0.000873,-0.163463
110.7800,-0.280707,0.257449,-3.802077,0.000165,0.000821,-0.163409,-0.006025,0.228821,-3.012867,0.000112,0.000681,-0.163522
110.8300,-0.280708,0.257449,-3.802077,0.000165,0.000821,-0.163417,0.010390,0.227558,-2.978023,0.000303,0.000759,-0.163407
110.8800,-0.280709,0.257449,-3.802077,0.000165,0.000821,-0.163426,0.021332,0.226714,-2.953923,0.000064,0.000885,-0.163549
110.9300,-0.280710,0.257449,-3.802077,0.000165,0.000821,-0.163434,0.037751,0.225454,-2.919053,0.000092,0.000921,-0.163415
110.9800,-0.280711,0.257449,-3.802077,0.000165,0.000821,-0.163442,0.048721,0.224606,-2.908323,0.000407,0.000652,-0.163427
111.0300,-0.280712,0.257449,-3.802077,0.000165,0.000821,-0.163450,0.065135,0.223345,-2.874428,0.000201,0.000806,-0.163480
111.0800,-0.280713,0.257449,-3.802077,0.000165,0.000821,-0.163458,0.076123,0.222486,-2.874273,0.000314,0.000883,-0.163523
111.1300,-0.280714,0.257449,-3.802078,0.000165,0.000821,-0.163466,0.092544,0.221221,-2.842093,0.000034,0.000668,-0.163503
111.1800,-0.280715,0.257449,-3.802078,0.000165,0.000821,-0.163474,0.103549,0.220357,-2.850061,0.000197,0.000904,-0.163645
111.2300,-0.280716,0.257449,-3.802078,0.000165,0.000821,-0.163482,0.119972,0.219090,-2.820110,0.000235,0.000885,-0.163550
111.2800,-0.280717,0.257449,-3.802078,0.000165,0.000821,-0.163490,0.130995,0.218214,-2.834121,0.000158,0.000979,-0.163500
111.3300,-0.280718,0.257449,-3.802078,0.000165,0.000821,-0.163497,0.147426,0.216945,-2.806742,0.000160,0.000803,-0.163447
111.3800,-0.280719,0.257449,-3.802078,0.000165,0.000821,-0.163505,0.158462,0.216062,-2.825042,0.000116,0.000676,-0.163545
111.4300,-0.280720,0.257449,-3.802078,0.000165,0.000821,-0.163512,0.174894,0.214790,-2.800431,0.000250,0.000753,-0.163450
111.4820,-0.280721,0.257449,-3.802078,0.000165,0.000821,-0.163520,0.409239,0.200997,-2.821574,0.000110,0.000798,-0.163350
111.5300,-0.280722,0.257450,-3.802078,0.000165,0.000821,-0.163527,0.435845,0.199135,-2.799814,-0.000059,0.001018,-0.163455
111.5800,-0.280722,0.257450,-3.802078,0.000165,0.000821,-0.163534,0.453610,0.197885,-2.822569,0.000251,0.000786,-0.163323
111.6300,-0.280723,0.257450,-3.802078,0.000165,0.000821,-0.163542,0.480222,0.196021,-2.803650,0.000168,0.000718,-0.163421
111.6800,-0.280724,0.257450,-3.802078,0.000165,0.000821,-0.163549,0.497991,0.194765,-2.827033,0.000105,0.000798,-0.163423
111.7320,-0.280725,0.257450,-3.802078,0.000165,0.000821,-0.163556,0.524605,0.192899,-2.810866,0.000137,0.000862,-0.163653
111.7800,-0.280726,0.257450,-3.802078,0.000165,0.000821,-0.163563,0.542385,0.191643,-2.834083,0.000172,0.001033,-0.163560
111.8300,-0.280727,0.257450,-3.802078,0.000165,0.000821,-0.163570,0.569008,0.189773,-2.820524,-0.000055,0.000990,-0.163570
111.8800,-0.280728,0.257450,-3.802078,0.000165,0.000821,-0.163576,0.586804,0.188510,-2.842951,0.000155,0.000716,-0.163604
111.9300,-0.280728,0.257450,-3.802078,0.000165,0.000821,-0.163583,0.613432,0.186637,-2.831809,0.000208,0.000832,-0.163806
111.9800,-0.280729,0.257450,-3.802079,0.000165,0.000821,-0.163590,0.631232,0.185369,-2.852973,0.000048,0.000975,-0.163717
112.0300,-0.280730,0.257450,-3.802079,0.000165,0.000821,-0.163596,0.657866,0.183497,-2.844038,0.000186,0.000926,-0.163583
112.0800,-0.280731,0.257450,-3.802079,0.000165,0.000821,-0.163603,0.675674,0.182234,-2.863610,0.000137,0.000821,-0.163647
112.1320,-0.280732,0.257450,-3.802079,0.000165,0.000821,-0.163609,0.702315,0.180363,-2.856650,0.000100,0.000762,-0.163822
112.1800,-0.280732,0.257450,-3.802079,0.000165,0.000821,-0.163616,0.720128,0.179102,-2.874412,0.000229,0.000808,-0.163606
112.2300,-0.280733,0.257450,-3.802079,0.000165,0.000821,-0.163622,0.746775,0.177233,-2.869190,0.000315,0.000805,-0.163644
112.2800,-0.280734,0.257450,-3.802079,0.000165,0.000821,-0.163628,0.764588,0.175969,-2.885026,0.000008,0.000857,-0.163715
112.3300,-0.280735,0.257450,-3.802079,0.000165,0.000821,-0.163635,0.791238,0.174097,-2.881310,0.000273,0.000757,-0.163654
112.3800,-0.280735,0.257450,-3.802079,0.000165,0.000821,-0.163641,0.809050,0.172834,-2.895190,-0.000052,0.000856,-0.163553
112.4320,-0.280736,0.257450,-3.802079,0.000165,0.000821,-0.163647,0.835706,0.170963,-2.892755,0.000117,0.000691,-0.163476
112.4800,-0.280737,0.257450,-3.802079,0.000165,0.000821,-0.163653,0.527718,0.193185,-2.904687,-0.000004,0.000657,-0.163605
112.5300,-0.280738,0.257450,-3.802079,0.000165,0.000821,-0.163659,0.540309,0.192333,-2.903319,0.000248,0.000690,-0.163696
112.5800,-0.280738,0.257450,-3.802079,0.000165,0.000821,-0.163665,0.548710,0.191760,-2.913429,0.000093,0.000825,-0.163688
112.6300,-0.280739,0.257450,-3.802079,0.000165,0.000821,-0.163671,0.561299,0.190905,-2.912938,0.000155,0.000747,-0.163792
112.6820,-0.280740,0.257450,-3.802079,0.000165,0.000821,-0.163676,0.569700,0.190331,-2.921318,0.000243,0.000787,-0.163659
112.7320,-0.280741,0.257450,-3.802079,0.000165,0.000821,-0.163682,0.582289,0.189477,-2.921527,0.000215,0.001028,-0.163817
112.7820,-0.280741,0.257450,-3.802079,0.000165,0.000821,-0.163688,0.590691,0.188903,-2.928320,0.000152,0.000642,-0.163580
112.8300,-0.280742,0.257450,-3.802079,0.000165,0.000821,-0.163693,0.603280,0.188050,-2.929071,0.000148,0.000689,-0.163520
112.8800,-0.280743,0.257450,-3.802079,0.000165,0.000821,-0.163699,0.611677,0.187476,-2.934430,-0.000012,0.000885,-0.163649
112.9300,-0.280743,0.257450,-3.802079,0.000165,0.000821,-0.163704,0.624262,0.186621,-2.935591,0.000357,0.000893,-0.163721
112.9800,-0.280744,0.257451,-3.802079,0.000165,0.000821,-0.163710,0.632659,0.186047,-2.939680,0.000016,0.000820,-0.163761
113.0320,-0.280745,0.257451,-3.802080,0.000165,0.000821,-0.163715,0.645247,0.185192,-2.941130,0.000227,0.000916,-0.163754
113.0800,-0.280745,0.257451,-3.802080,0.000165,0.000821,-0.163721,0.653642,0.184619,-2.944111,0.000214,0.000903,-0.163770
113.1300,-0.280746,0.257451,-3.802080,0.000165,0.000821,-0.163726,0.666232,0.183760,-2.945754,-0.000014,0.000960,-0.163728
113.1800,-0.280747,0.257451,-3.802080,0.000165,0.000821,-0.163731,0.674628,0.183185,-2.947783,0.000115,0.000846,-0.163695
113.2300,-0.280747,0.257451,-3.802080,0.000165,0.000821,-0.163736,0.687221,0.182326,-2.949535,0.000096,0.000796,-0.163606
113.2800,-0.280748,0.257451,-3.802080,0.000165,0.000821,-0.163741,0.695616,0.181754,-2.950761,0.000173,0.000894,-0.163632
113.3300,-0.280748,0.257451,-3.802080,0.000165,0.000821,-0.163746,0.708210,0.180897,-2.952557,0.000076,0.000969,-0.163571
113.3800,-0.280749,0.257451,-3.802080,0.000165,0.000821,-0.163751,0.716605,0.180326,-2.953119,0.000341,0.000663,-0.163801
113.4300,-0.280750,0.257451,-3.802080,0.000165,0.000821,-0.163756,0.729201,0.179468,-2.954905,0.000059,0.000813,-0.163877
113.4800,-0.280750,0.257451,-3.802080,0.000165,0.000821,-0.163761,0.500666,0.195275,-2.954914,0.000123,0.000678,-0.163789
113.5300,-0.280751,0.257451,-3.802080,0.000165,0.000821,-0.163766,0.502851,0.195141,-2.956649,0.000284,0.000747,-0.163665
113.5800,-0.280751,0.257451,-3.802080,0.000165,0.000821,-0.163771,0.504306,0.195051,-2.956250,0.000177,0.000880,-0.163662
113.6300,-0.280752,0.257451,-3.802080,0.000165,0.000821,-0.163776,0.506491,0.194914,-2.957905,0.000139,0.000740,-0.163616
113.6820,-0.280753,0.257451,-3.802080,0.000165,0.000821,-0.163780,0.507946,0.194822,-2.957180,0.000263,0.000787,-0.163747
113.7300,-0.280753,0.257451,-3.802080,0.000165,0.000821,-0.163785,0.510130,0.194685,-2.958735,0.000186,0.000566,-0.163757
113.7800,-0.280754,0.257451,-3.802080,0.000165,0.000821,-0.163790,0.511583,0.194594,-2.957770,0.000040,0.000818,-0.163869
113.8300,-0.280754,0.257451,-3.802080,0.000165,0.000821,-0.163794,0.513765,0.194459,-2.959212,0.000109,0.000787,-0.164007
113.8800,-0.280755,0.257451,-3.802080,0.000165,0.000821,-0.163799,0.515217,0.194370,-2.958080,0.000288,0.000864,-0.163764
113.9300,-0.280755,0.257451,-3.802080,0.000165,0.000821,-0.163803,0.517400,0.194235,-2.959403,0.000104,0.000823,-0.163450
113.9800,-0.280756,0.257451,-3.802080,0.000165,0.000821,-0.163808,0.518852,0.194148,-2.958165,0.000106,0.000681,-0.163799
114.0300,-0.280756,0.257451,-3.802080,0.000165,0.000821,-0.163812,0.521036,0.194017,-2.959366,0.000146,0.000711,-0.163982
114.0800,-0.280757,0.257451,-3.802080,0.000165,0.000821,-0.163816,0.522487,0.193931,-2.958074,0.000083,0.000737,-0.163885
114.1300,-0.280758,0.257451,-3.802080,0.000165,0.000821,-0.163821,0.524669,0.193801,-2.959155,0.000214,0.000863,-0.163834
114.1800,-0.280758,0.257451,-3.802080,0.000165,0.000821,-0.163825,0.526121,0.193715,-2.957850,0.000323,0.000987,-0.163868
114.2300,-0.280759,0.257451,-3.802080,0.000165,0.000821,-0.163829,0.528308,0.193585,-2.958816,0.000216,0.000881,-0.163823
114.2800,-0.280759,0.257451,-3.802080,0.000165,0.000821,-0.163833,0.529762,0.193498,-2.957529,0.000041,0.000816,-0.163780
114.3300,-0.280760,0.257451,-3.802080,0.000165,0.000821,-0.163837,0.531951,0.193364,-2.958387,0.000096,0.000796,-0.163766
114.3800,-0.280760,0.257451,-3.802081,0.000165,0.000821,-0.163841,0.533407,0.193277,-2.957142,-0.000067,0.000908,-0.163766
114.4300,-0.280761,0.257451,-3.802081,0.000165,0.000821,-0.163845,0.535599,0.193146,-2.957901,0.000260,0.000961,-0.163895
114.4800,-0.280761,0.257451,-3.802081,0.000165,0.000821,-0.163849,0.000472,-0.073981,-2.956691,-0.000028,0.000747,-0.163757
114.5300,-0.280762,0.257451,-3.802081,0.000165,0.000821,-0.163853,-0.020924,-0.085851,-2.957358,0.000476,0.000688,-0.163905
114.5800,-0.280762,0.257451,-3.802081,0.000165,0.000821,-0.163857,-0.035191,-0.093763,-2.956249,0.000130,0.000730,-0.164029
114.6300,-0.280763,0.257451,-3.802081,0.000165,0.000821,-0.163861,-0.056590,-0.105632,-2.956837,0.000305,0.000826,-0.164029
114.6800,-0.280763,0.257451,-3.802081,0.000165,0.000821,-0.163865,-0.070859,-0.113542,-2.955806,0.000188,0.000709,-0.163762
114.7320,-0.280763,0.257451,-3.802081,0.000165,0.000821,-0.163869,-0.092260,-0.125414,-2.956326,0.000027,0.000839,-0.163723
114.7800,-0.280764,0.257451,-3.802081,0.000165,0.000821,-0.163872,-0.106528,-0.133328,-2.955373,0.000402,0.001053,-0.163812
114.8300,-0.280764,0.257451,-3.802081,0.000165,0.000821,-0.163876,-0.127928,-0.145200,-2.955835,0.000091,0.000931,-0.163881
114.8800,-0.280765,0.257452,-3.802081,0.000165,0.000821,-0.163880,-0.142197,-0.153113,-2.954962,0.000191,0.000781,-0.163886
114.9300,-0.280765,0.257452,-3.802081,0.000165,0.000821,-0.163883,-0.163596,-0.164984,-2.955372,0.000282,0.000869,-0.164010
114.9800,-0.280766,0.257452,-3.802081,0.000165,0.000821,-0.163887,-0.177865,-0.172897,-2.954581,0.000138,0.000942,-0.163886
115.0300,-0.280766,0.257452,-3.802081,0.000165,0.000821,-0.163890,-0.199263,-0.184770,-2.954946,0.000136,0.000576,-0.163850
115.0800,-0.280767,0.257452,-3.802081,0.000165,0.000821,-0.163894,-0.213531,-0.192684,-2.954230,0.000143,0.000748,-0.163748
115.1300,-0.280767,0.257452,-3.802081,0.000165,0.000821,-0.163897,-0.234932,-0.204554,-2.954566,-0.000097,0.000894,-0.163975
115.1800,-0.280767,0.257452,-3.802081,0.000165,0.000821,-0.163901,-0.249203,-0.212465,-2.953918,0.000283,0.000893,-0.163989
115.2300,-0.280768,0.257452,-3.802081,0.000165,0.000821,-0.163904,-0.270607,-0.224332,-2.954223,0.000149,0.000870,-0.163989
115.2800,-0.280768,0.257452,-3.802081,0.000165,0.000821,-0.163908,-0.284877,-0.232244,-2.953639,0.000260,0.000872,-0.163999
115.3300,-0.280769,0.257452,-3.802081,0.000165,0.000821,-0.163911,-0.306277,-0.244116,-2.953925,0.000057,0.000746,-0.163890
115.3800,-0.280769,0.257452,-3.802081,0.000165,0.000821,-0.163914,-0.320547,-0.252029,-2.953398,0.000293,0.000703,-0.164007
115.4300,-0.280770,0.257452,-3.802081,0.000165,0.000821,-0.163918,-0.341949,-0.263901,-2.953668,0.000053,0.000828,-0.163852
115.4800,-0.280770,0.257452,-3.802081,0.000165,0.000821,-0.163921,-0.095339,0.080223,-2.953198,0.000310,0.000777,-0.163804
115.5300,-0.280770,0.257452,-3.802081,0.000165,0.000821,-0.163924,-0.105281,0.083817,-2.953457,0.000211,0.000868,-0.163968
115.5800,-0.280771,0.257452,-3.802081,0.000165,0.000821,-0.163927,-0.111907,0.086213,-2.953023,0.000073,0.000692,-0.163910
115.6300,-0.280771,0.257452,-3.802081,0.000165,0.000821,-0.163930,-0.121846,0.089808,-2.953276,0.000158,0.000673,-0.163868
115.6800,-0.280771,0.257452,-3.802081,0.000165,0.000821,-0.163934,-0.128474,0.092205,-2.952879,0.000253,0.001002,-0.163855
115.7300,-0.280772,0.257452,-3.802081,0.000165,0.000821,-0.163937,-0.138411,0.095800,-2.953127,0.000178,0.000944,-0.163921
115.7800,-0.280772,0.257452,-3.802081,0.000165,0.000821,-0.163940,-0.145036,0.098196,-2.952763,0.000096,0.000746,-0.164040
115.8300,-0.280773,0.257452,-3.802081,0.000165,0.000821,-0.163943,-0.154974,0.101792,-2.953012,0.000271,0.000808,-0.163890
115.8800,-0.280773,0.257452,-3.802081,0.000165,0.000821,-0.163946,-0.161602,0.104189,-2.952673,0.000210,0.000729,-0.163925
115.9300,-0.280773,0.257452,-3.802081,0.000165,0.000821,-0.163949,-0.171546,0.107783,-2.952921,0.000172,0.000753,-0.163918
115.9800,-0.280774,0.257452,-3.802081,0.000165,0.000821,-0.163951,-0.178175,0.110180,-2.952603,0.000234,0.000916,-0.163821
116.0300,-0.280774,0.257452,-3.802081,0.000165,0.000821,-0.163954,-0.188116,0.113774,-2.952852,0.000126,0.000849,-0.164071
116.0800,-0.280774,0.257452,-3.802081,0.000165,0.000821,-0.163957,-0.194744,0.116170,-2.952551,0.000194,0.000600,-0.164146
116.1300,-0.280775,0.257452,-3.802081,0.000165,0.000821,-0.163960,-0.204687,0.119764,-2.952806,0.000030,0.000796,-0.163777
116.1820,-0.280775,0.257452,-3.802081,0.000165,0.000821,-0.163963,-0.211318,0.122160,-2.952518,0.000191,0.000840,-0.163846
116.2300,-0.280775,0.257452,-3.802081,0.000165,0.000821,-0.163966,-0.221264,0.125758,-2.952776,0.000356,0.000922,-0.163836
116.2800,-0.280776,0.257452,-3.802082,0.000165,0.000821,-0.163968,-0.227896,0.128155,-2.952495,0.000176,0.000811,-0.163946
116.3300,-0.280776,0.257452,-3.802082,0.000165,0.000821,-0.163971,-0.237843,0.131750,-2.952759,0.000032,0.000771,-0.163843
116.3800,-0.280776,0.257452,-3.802082,0.000165,0.000821,-0.163974,-0.244478,0.134149,-2.952485,0.000299,0.000771,-0.163792
116.4300,-0.280777,0.257452,-3.802082,0.000165,0.000821,-0.163976,-0.254428,0.137744,-2.952753,0.000129,0.000729,-0.164022
116.4800,-0.280777,0.257452,-3.802082,0.000165,0.000821,-0.163979,0.131863,0.569027,-2.952493,0.000133,0.000757,-0.164050
116.5300,-0.280777,0.257452,-3.802082,0.000165,0.000821,-0.163982,0.139169,0.591462,-2.952766,0.000179,0.000660,-0.163961
116.5800,-0.280778,0.257452,-3.802082,0.000165,0.000821,-0.163984,0.144041,0.606418,-2.952496,0.000145,0.000744,-0.164045
116.6300,-0.280778,0.257452,-3.802082,0.000165,0.000821,-0.163987,0.151347,0.628853,-2.952774,0.000150,0.000658,-0.164085
116.6800,-0.280778,0.257452,-3.802082,0.000165,0.000821,-0.163989,0.156218,0.643809,-2.952506,0.000330,0.000690,-0.163798
116.7300,-0.280779,0.257452,-3.802082,0.000165,0.000821,-0.163992,0.163520,0.666245,-2.952789,0.000072,0.000879,-0.164137
116.7800,-0.280779,0.257452,-3.802082,0.000165,0.000821,-0.163994,0.168392,0.681202,-2.952519,0.000057,0.000822,-0.163900
116.8300,-0.280779,0.257452,-3.802082,0.000165,0.000821,-0.163997,0.175701,0.703639,-2.952806,0.000051,0.000841,-0.164019
116.8800,-0.280780,0.257452,-3.802082,0.000165,0.000821,-0.163999,0.180574,0.718597,-2.952535,0.000171,0.000799,-0.164004
116.9300,-0.280780,0.257452,-3.802082,0.000165,0.000821,-0.164002,0.187883,0.741034,-2.952825,0.000072,0.000627,-0.164136
116.9800,-0.280780,0.257452,-3.802082,0.000165,0.000821,-0.164004,0.192754,0.755993,-2.952551,0.000171,0.000948,-0.163998
117.0300,-0.280780,0.257452,-3.802082,0.000165,0.000821,-0.164006,0.200061,0.778431,-2.952844,0.000160,0.000778,-0.164092
117.0800,-0.280781,0.257452,-3.802082,0.000165,0.000821,-0.164009,0.204933,0.793389,-2.952567,0.000117,0.000906,-0.163924
117.1300,-0.280781,0.257452,-3.802082,0.000165,0.000821,-0.164011,0.212240,0.815828,-2.952866,0.000011,0.000819,-0.164065
117.1820,-0.280781,0.257452,-3.802082,0.000165,0.000821,-0.164013,0.217112,0.830789,-2.952588,0.000154,0.000716,-0.163909
117.2300,-0.280782,0.257452,-3.802082,0.000165,0.000821,-0.164016,0.224419,0.853232,-2.952888,0.000265,0.000893,-0.164215
117.2800,-0.280782,0.257452,-3.802082,0.000165,0.000821,-0.164018,0.229292,0.868194,-2.952603,0.000048,0.000774,-0.164092
117.3300,-0.280782,0.257452,-3.802082,0.000165,0.000821,-0.164020,0.236603,0.890636,-2.952905,0.000231,0.000807,-0.163901
117.3800,-0.280782,0.257452,-3.802082,0.000165,0.000821,-0.164022,0.241473,0.905598,-2.952619,0.000236,0.000949,-0.163880
117.4300,-0.280783,0.257452,-3.802082,0.000165,0.000821,-0.164024,0.248783,0.928040,-2.952922,0.000202,0.000747,-0.164139
117.4800,-0.280783,0.257452,-3.802082,0.000166,0.000821,-0.164026,-0.712538,-0.023950,-2.952599,0.000096,0.000762,-0.163938
117.5300,-0.280783,0.257452,-3.802082,0.000166,0.000821,-0.164029,-0.747670,-0.043978,-2.952900,0.000188,0.000686,-0.164013
117.5800,-0.280783,0.257452,-3.802082,0.000166,0.000821,-0.164031,-0.771091,-0.057331,-2.952616,0.000145,0.000735,-0.164131
117.6320,-0.280784,0.257452,-3.802082,0.000166,0.000821,-0.164033,-0.806225,-0.077356,-2.952920,0.000106,0.000704,-0.164042
117.6800,-0.280784,0.257452,-3.802082,0.000166,0.000821,-0.164035,-0.829647,-0.090707,-2.952631,0.000222,0.000923,-0.163955
117.7300,-0.280784,0.257453,-3.802082,0.000166,0.000821,-0.164037,-0.864780,-0.110730,-2.952932,0.000255,0.000841,-0.163978
117.7800,-0.280784,0.257453,-3.802082,0.000166,0.000821,-0.164039,-0.888200,-0.124081,-2.952642,0.000094,0.000766,-0.163981
117.8300,-0.280785,0.257453,-3.802082,0.000166,0.000821,-0.164041,-0.923330,-0.144107,-2.952951,0.000148,0.000933,-0.163884
117.8800,-0.280785,0.257453,-3.802082,0.000166,0.000821,-0.164043,-0.946751,-0.157457,-2.952656,0.000273,0.000778,-0.164154
117.9320,-0.280785,0.257453,-3.802082,0.000166,0.000821,-0.164045,-0.981883,-0.177480,-2.952964,0.000143,0.000874,-0.164111
117.9800,-0.280785,0.257453,-3.802082,0.000166,0.000821,-0.164047,-1.005305,-0.190829,-2.952668,0.000101,0.000914,-0.163903
118.0300,-0.280786,0.257453,-3.802082,0.000166,0.000821,-0.164049,-1.040434,-0.210853,-2.952974,0.000110,0.000770,-0.164038
118.0820,-0.280786,0.257453,-3.802082,0.000166,0.000821,-0.164050,-1.063855,-0.224201,-2.952676,0.000269,0.000895,-0.164165
118.1320,-0.280786,0.257453,-3.802082,0.000166,0.000821,-0.164052,-1.098987,-0.244222,-2.952985,0.000333,0.000964,-0.164009
118.1800,-0.280786,0.257453,-3.802082,0.000166,0.000821,-0.164054,-1.122406,-0.257572,-2.952683,0.000095,0.000724,-0.164139
118.2300,-0.280787,0.257453,-3.802082,0.000166,0.000821,-0.164056,-1.157535,-0.277594,-2.952991,0.000297,0.000866,-0.164022
118.2800,-0.280787,0.257453,-3.802082,0.000166,0.000822,-0.164058,-1.180955,-0.290941,-2.952690,0.000117,0.000911,-0.164165
118.3300,-0.280787,0.257453,-3.802082,0.000166,0.000822,-0.164060,-1.216080,-0.310964,-2.952998,0.000132,0.000883,-0.163906
118.3800,-0.280787,0.257453,-3.802082,0.000166,0.000822,-0.164061,-1.239495,-0.324317,-2.952694,0.000132,0.000825,-0.164112
118.4300,-0.280787,0.257453,-3.802082,0.000166,0.000822,-0.164063,-1.274619,-0.344336,-2.953003,0.000048,0.000752,-0.164207
118.4800,-0.280788,0.257453,-3.802082,0.000166,0.000822,-0.164065,-0.682795,-0.097618,-2.952727,0.000131,0.000679,-0.164026
118.5300,-0.280788,0.257453,-3.802082,0.000166,0.000822,-0.164067,-0.690894,-0.106214,-2.953040,0.000016,0.000908,-0.164143
118.5820,-0.280788,0.257453,-3.802082,0.000166,0.000822,-0.164068,-0.696293,-0.111944,-2.952728,0.000237,0.000762,-0.164008
118.6300,-0.280788,0.257453,-3.802082,0.000166,0.000822,-0.164070,-0.704390,-0.120540,-2.953042,0.000040,0.000767,-0.164010
118.6800,-0.280789,0.257453,-3.802082,0.000166,0.000822,-0.164072,-0.709791,-0.126271,-2.952730,0.000170,0.000755,-0.164012
118.7300,-0.280789,0.257453,-3.802082,0.000166,0.000822,-0.164073,-0.717892,-0.134865,-2.953042,0.000291,0.000804,-0.163883
118.7800,-0.280789,0.257453,-3.802082,0.000166,0.000822,-0.164075,-0.723292,-0.140597,-2.952730,0.000143,0.000783,-0.164007
118.8300,-0.280789,0.257453,-3.802082,0.000166,0.000822,-0.164077,-0.731393,-0.149192,-2.953041,0.000306,0.000860,-0.164031
118.8800,-0.280789,0.257453,-3.802082,0.000166,0.000822,-0.164078,-0.736793,-0.154925,-2.952730,0.000246,0.000770,-0.164123
118.9300,-0.280790,0.257453,-3.802082,0.000166,0.000822,-0.164080,-0.744893,-0.163526,-2.953040,0.000259,0.000931,-0.163882
118.9800,-0.280790,0.257453,-3.802082,0.000166,0.000822,-0.164081,-0.750293,-0.169259,-2.952727,0.000065,0.000629,-0.164057
119.0300,-0.280790,0.257453,-3.802082,0.000166,0.000822,-0.164083,-0.758393,-0.177856,-2.953037,0.000201,0.000762,-0.164106
119.0800,-0.280790,0.257453,-3.802082,0.000166,0.000822,-0.164085,-0.763795,-0.183586,-2.952725,0.000215,0.000814,-0.164126
119.1300,-0.280790,0.257453,-3.802082,0.000166,0.000822,-0.164086,-0.771894,-0.192183,-2.953034,0.000170,0.000800,-0.164039
119.1800,-0.280791,0.257453,-3.802082,0.000166,0.000822,-0.164088,-0.777293,-0.197914,-2.952723,0.000281,0.000725,-0.164072
119.2300,-0.280791,0.257453,-3.802082,0.000166,0.000822,-0.164089,-0.785392,-0.206514,-2.953034,0.000189,0.000877,-0.164134
119.2800,-0.280791,0.257453,-3.802082,0.000166,0.000822,-0.164091,-0.790794,-0.212246,-2.952722,0.000119,0.001019,-0.164154
119.3300,-0.280791,0.257453,-3.802082,0.000166,0.000822,-0.164092,-0.798893,-0.220845,-2.953030,0.000212,0.000885,-0.164144
119.3800,-0.280791,0.257453,-3.802082,0.000166,0.000822,-0.164093,-0.804292,-0.226577,-2.952719,0.000320,0.000880,-0.163901
119.4320,-0.280791,0.257453,-3.802082,0.000166,0.000822,-0.164095,-0.812390,-0.235176,-2.953027,0.000080,0.000787,-0.164121
119.4800,-0.280792,0.257453,-3.802082,0.000166,0.000822,-0.164096,0.293077,-0.280852,-2.952775,0.000269,0.001038,-0.164012
119.5300,-0.280792,0.257453,-3.802083,0.000166,0.000822,-0.164098,0.333810,-0.291210,-2.953095,0.000196,0.000617,-0.164091
119.5800,-0.280792,0.257453,-3.802083,0.000166,0.000822,-0.164099,0.360965,-0.298120,-2.952770,0.000094,0.000666,-0.164207
119.6300,-0.280792,0.257453,-3.802083,0.000166,0.000822,-0.164100,0.401695,-0.308483,-2.953079,0.000148,0.000830,-0.164030
119.6800,-0.280792,0.257453,-3.802083,0.000166,0.000822,-0.164102,-0.234184,0.178609,-3.661862,0.000435,0.000802,-0.164005
119.7300,-0.280792,0.257453,-3.802083,0.000166,0.000822,-0.164103,-0.227267,0.193465,-3.713960,0.000324,0.000893,-0.164156
119.7800,-0.280793,0.257453,-3.802083,0.000166,0.000822,-0.164104,-0.222674,0.203372,-3.717510,0.000143,0.000830,-0.164167
119.8300,-0.280793,0.257453,-3.802083,0.000166,0.000822,-0.164106,-0.215763,0.218226,-3.765189,0.000080,0.000693,-0.164155
119.8800,-0.280793,0.257453,-3.802083,0.000166,0.000822,-0.164107,-0.211221,0.228151,-3.745295,0.000153,0.000652,-0.164071
119.9300,-0.280793,0.257453,-3.802083,0.000166,0.000822,-0.164108,-0.204332,0.243016,-3.785504,0.000191,0.000976,-0.164230
119.9800,-0.280793,0.257453,-3.802083,0.000166,0.000822,-0.164110,-0.199871,0.252967,-3.734824,0.000195,0.000756,-0.164064
120.0300,-0.280793,0.257453,-3.802083,0.000166,0.000822,-0.164111,-0.193008,0.267844,-3.764690,0.000224,0.000766,-0.164084
120.0800,-0.280794,0.257453,-3.802083,0.000166,0.000822,-0.164112,-0.188630,0.277835,-3.682909,0.000287,0.000727,-0.164183
120.1300,-0.280794,0.257453,-3.802083,0.000166,0.000822,-0.164113,-0.181803,0.292718,-3.700522,0.000220,0.001113,-0.164088
120.1800,-0.280794,0.257453,-3.802083,0.000166,0.000822,-0.164115,-0.177512,0.302738,-3.595963,0.000019,0.000715,-0.164074
120.2320,-0.280794,0.257453,-3.802083,0.000166,0.000822,-0.164116,-0.170718,0.317637,-3.600899,0.000121,0.000709,-0.164169
120.2800,-0.280794,0.257453,-3.802083,0.000166,0.000822,-0.164117,-0.166461,0.327669,-3.487372,0.000126,0.000840,-0.164104
120.3300,-0.280794,0.257453,-3.802083,0.000166,0.000822,-0.164118,-0.159697,0.342579,-3.480674,-0.000025,0.000896,-0.164099
120.3800,-0.280794,0.257453,-3.802083,0.000166,0.000822,-0.164119,-0.155453,0.352615,-3.371923,0.000293,0.000778,-0.164231
120.4300,-0.280795,0.257453,-3.802083,0.000166,0.000822,-0.164121,-0.148719,0.367533,-3.355609,0.000142,0.000939,-0.164049
120.4800,-0.280795,0.257453,-3.802083,0.000166,0.000822,-0.164122,-0.416006,0.418463,-3.261212,0.000322,0.000731,-0.164026
120.5300,-0.280795,0.257453,-3.802083,0.000166,0.000822,-0.164123,-0.431473,0.436726,-3.237677,-0.000024,0.000786,-0.164077
120.5800,-0.280795,0.257453,-3.802083,0.000166,0.000822,-0.164124,-0.441864,0.448936,-3.162294,-0.000016,0.000874,-0.164084
120.6300,-0.280795,0.257453,-3.802083,0.000166,0.000822,-0.164125,-0.457335,0.467209,-3.133869,0.000233,0.000807,-0.164194
120.6800,-0.280795,0.257453,-3.802083,0.000166,0.000822,-0.164126,-0.467704,0.479410,-3.078069,0.000073,0.000929,-0.164165
120.7300,-0.280795,0.257453,-3.802083,0.000166,0.000822,-0.164127,-0.483180,0.497682,-3.046753,0.000182,0.000580,-0.163940
120.7800,-0.280796,0.257453,-3.802083,0.000166,0.000822,-0.164128,-0.493529,0.509872,-3.008890,0.000163,0.000857,-0.164095
120.8300,-0.280796,0.257453,-3.802083,0.000166,0.000822,-0.164129,-0.509013,0.528143,-2.976301,0.000053,0.000700,-0.163999
120.8800,-0.280796,0.257453,-3.802083,0.000166,0.000822,-0.164131,-0.519339,0.540326,-2.953754,0.000223,0.000844,-0.164217
120.9320,-0.280796,0.257453,-3.802083,0.000166,0.000822,-0.164132,-0.534828,0.558595,-2.921141,0.000006,0.000853,-0.164103
120.9800,-0.280796,0.257453,-3.802083,0.000166,0.000822,-0.164133,-0.545129,0.570774,-2.911102,0.000169,0.000872,-0.164075
121.0300,-0.280796,0.257453,-3.802083,0.000166,0.000822,-0.164134,-0.560611,0.589045,-2.879404,0.000339,0.000844,-0.164232
121.0800,-0.280796,0.257453,-3.802083,0.000166,0.000822,-0.164135,-0.570893,0.601205,-2.879255,0.000525,0.000749,-0.164096
121.1300,-0.280796,0.257453,-3.802083,0.000166,0.000822,-0.164136,-0.586381,0.619468,-2.849164,0.000263,0.000754,-0.164122
121.1800,-0.280797,0.257453,-3.802083,0.000166,0.000822,-0.164137,-0.596653,0.631618,-2.856616,0.000198,0.000780,-0.164124
121.2300,-0.280797,0.257453,-3.802083,0.000166,0.000822,-0.164138,-0.612139,0.649883,-2.828613,0.000140,0.000877,-0.164124
121.2800,-0.280797,0.257453,-3.802083,0.000166,0.000822,-0.164139,-0.622396,0.662024,-2.841712,0.000161,0.000947,-0.164001
121.3300,-0.280797,0.257453,-3.802083,0.000166,0.000822,-0.164140,-0.637874,0.680280,-2.816111,0.000202,0.000765,-0.164113
121.3800,-0.280797,0.257453,-3.802083,0.000166,0.000822,-0.164141,-0.648112,0.692413,-2.833226,0.000168,0.000909,-0.164221
121.4300,-0.280797,0.257453,-3.802083,0.000166,0.000822,-0.164141,-0.663585,0.710668,-2.810220,0.000212,0.000938,-0.164146
121.4800,-0.280797,0.257453,-3.802083,0.000166,0.000822,-0.164142,-0.650649,0.498477,-2.829986,0.000299,0.000831,-0.164175
121.5300,-0.280797,0.257453,-3.802083,0.000166,0.000822,-0.164143,-0.665062,0.506511,-2.809650,0.000257,0.000916,-0.164053
121.5800,-0.280798,0.257453,-3.802083,0.000166,0.000822,-0.164144,-0.674644,0.511852,-2.830925,0.000106,0.000799,-0.164128
121.6300,-0.280798,0.257453,-3.802083,0.000166,0.000822,-0.164145,-0.689048,0.519882,-2.813243,0.000282,0.000857,-0.164099
121.6800,-0.280798,0.257453,-3.802083,0.000166,0.000822,-0.164146,-0.698619,0.525218,-2.835108,0.000183,0.000643,-0.164264
121.7300,-0.280798,0.257453,-3.802083,0.000166,0.000822,-0.164147,-0.713020,0.533244,-2.820003,0.000288,0.000766,-0.164319
121.7800,-0.280798,0.257453,-3.802083,0.000166,0.000822,-0.164148,-0.722584,0.538574,-2.841710,0.000219,0.000867,-0.164121
121.8300,-0.280798,0.257453,-3.802083,0.000166,0.000822,-0.164149,-0.736980,0.546593,-2.829042,0.000222,0.000832,-0.164134
121.8800,-0.280798,0.257453,-3.802083,0.000166,0.000822,-0.164150,-0.746535,0.551918,-2.850008,0.000106,0.000989,-0.163980
121.9300,-0.280798,0.257453,-3.802083,0.000166,0.000822,-0.164150,-0.760926,0.559934,-2.839606,0.000017,0.000655,-0.163955
121.9800,-0.280798,0.257453,-3.802083,0.000166,0.000822,-0.164151,-0.770479,0.565265,-2.859392,0.000417,0.000693,-0.164206
122.0300,-0.280799,0.257453,-3.802083,0.000166,0.000822,-0.164152,-0.784872,0.573281,-2.851054,0.000309,0.000849,-0.164308
122.0800,-0.280799,0.257453,-3.802083,0.000166,0.000822,-0.164153,-0.794422,0.578606,-2.869346,0.000104,0.000870,-0.164173
122.1300,-0.280799,0.257453,-3.802083,0.000166,0.000822,-0.164154,-0.808808,0.586619,-2.862854,0.000045,0.000747,-0.164277
122.1820,-0.280799,0.257453,-3.802083,0.000166,0.000822,-0.164155,-0.818353,0.591946,-2.879453,0.000115,0.000822,-0.164097
122.2300,-0.280799,0.257453,-3.802083,0.000166,0.000822,-0.164155,-0.832734,0.599961,-2.874590,0.000065,0.000963,-0.164162
122.2800,-0.280799,0.257453,-3.802083,0.000166,0.000822,-0.164156,-0.842279,0.605289,-2.889388,0.000252,0.000708,-0.164001
122.3300,-0.280799,0.257453,-3.802083,0.000166,0.000822,-0.164157,-0.856659,0.613301,-2.885934,0.000072,0.000864,-0.164127
122.3820,-0.280799,0.257453,-3.802083,0.000166,0.000822,-0.164158,-0.866208,0.618637,-2.898900,0.000158,0.000956,-0.164291
122.4300,-0.280799,0.257453,-3.802083,0.000166,0.000822,-0.164158,-0.880583,0.626656,-2.896641,0.000142,0.000821,-0.164247
122.4800,-0.280799,0.257453,-3.802083,0.000166,0.000822,-0.164159,-0.687559,0.479403,-2.907817,0.000332,0.000761,-0.164066
122.5300,-0.280800,0.257453,-3.802083,0.000166,0.000822,-0.164160,-0.693186,0.480833,-2.906561,0.000151,0.000947,-0.164194
122.5800,-0.280800,0.257453,-3.802083,0.000166,0.000822,-0.164161,-0.696928,0.481785,-2.915995,0.000242,0.000819,-0.164246
122.6300,-0.280800,0.257453,-3.802083,0.000166,0.000822,-0.164161,-0.702553,0.483215,-2.915559,0.000042,0.000915,-0.164237
122.6800,-0.280800,0.257453,-3.802083,0.000166,0.000822,-0.164162,-0.706295,0.484167,-2.923374,0.000080,0.000871,-0.164077
122.7300,-0.280800,0.257453,-3.802083,0.000166,0.000822,-0.164163,-0.711918,0.485596,-2.923591,0.000025,0.000973,-0.164199
122.7800,-0.280800,0.257453,-3.802083,0.000166,0.000822,-0.164164,-0.715657,0.486547,-2.929921,0.000141,0.000779,-0.164206
122.8300,-0.280800,0.257453,-3.802083,0.000166,0.000822,-0.164164,-0.721277,0.487980,-2.930647,0.000184,0.000850,-0.164355
122.8800,-0.280800,0.257453,-3.802083,0.000166,0.000822,-0.164165,-0.725016,0.488934,-2.935637,0.000246,0.000979,-0.164170
122.9300,-0.280800,0.257453,-3.802083,0.000166,0.000822,-0.164166,-0.730634,0.490368,-2.936744,0.000118,0.000971,-0.164008
122.9800,-0.280800,0.257453,-3.802083,0.000166,0.000822,-0.164166,-0.734375,0.491324,-2.940544,-0.000023,0.000722,-0.164151
123.0300,-0.280800,0.257453,-3.802083,0.000166,0.000822,-0.164167,-0.739994,0.492763,-2.941923,0.000320,0.000908,-0.163883
123.0820,-0.280800,0.257453,-3.802083,0.000166,0.000822,-0.164168,-0.743737,0.493718,-2.944687,0.000256,0.000772,-0.164188
123.1300,-0.280801,0.257453,-3.802083,0.000166,0.000822,-0.164168,-0.749356,0.495152,-2.946244,0.000272,0.000701,-0.164303
123.1800,-0.280801,0.257453,-3.802083,0.000166,0.000822,-0.164169,-0.753100,0.496106,-2.948118,0.000155,0.000950,-0.164160
123.2300,-0.280801,0.257453,-3.802083,0.000166,0.000822,-0.164170,-0.758719,0.497536,-2.949777,0.000135,0.000818,-0.164287
123.2800,-0.280801,0.257453,-3.802083,0.000166,0.000822,-0.164170,-0.762463,0.498489,-2.950901,0.000295,0.000686,-0.164237
123.3300,-0.280801,0.257453,-3.802083,0.000166,0.000822,-0.164171,-0.768082,0.499917,-2.952601,0.000237,0.000682,-0.164157
123.3800,-0.280801,0.257453,-3.802083,0.000166,0.000822,-0.164172,-0.771830,0.500869,-2.953104,0.000268,0.000702,-0.164267
123.4300,-0.280801,0.257453,-3.802083,0.000166,0.000822,-0.164172,-0.777450,0.502295,-2.954795,0.000051,0.000783,-0.164295
123.4800,-0.280801,0.257453,-3.802083,0.000166,0.000822,-0.164173,-0.664497,0.454127,-2.954802,0.000185,0.000772,-0.164304
123.5300,-0.280801,0.257453,-3.802083,0.000166,0.000822,-0.164174,-0.664990,0.453397,-2.956447,0.000230,0.000677,-0.164150
123.5800,-0.280801,0.257453,-3.802083,0.000166,0.000822,-0.164174,-0.665321,0.452909,-2.956048,0.000348,0.000942,-0.164171
123.6320,-0.280801,0.257453,-3.802083,0.000166,0.000822,-0.164175,-0.665816,0.452175,-2.957619,0.000211,0.000921,-0.164210
123.6820,-0.280801,0.257453,-3.802083,0.000166,0.000822,-0.164175,-0.666147,0.451685,-2.956915,0.000044,0.000849,-0.164215
123.7300,-0.280801,0.257453,-3.802083,0.000166,0.000822,-0.164176,-0.666640,0.450951,-2.958391,0.000083,0.000887,-0.164203
123.7800,-0.280802,0.257453,-3.802083,0.000166,0.000822,-0.164177,-0.666970,0.450464,-2.957464,0.000266,0.000959,-0.164261
123.8300,-0.280802,0.257454,-3.802083,0.000166,0.000822,-0.164177,-0.667463,0.449731,-2.958834,0.000134,0.000712,-0.164330
123.8800,-0.280802,0.257454,-3.802083,0.000166,0.000822,-0.164178,-0.667795,0.449244,-2.957751,0.000083,0.000804,-0.164351
123.9300,-0.280802,0.257454,-3.802083,0.000166,0.000822,-0.164178,-0.668290,0.448513,-2.959008,0.000111,0.000726,-0.164008
123.9820,-0.280802,0.257454,-3.802083,0.000166,0.000822,-0.164179,-0.668624,0.448028,-2.957828,0.000293,0.000854,-0.164151
124.0300,-0.280802,0.257454,-3.802083,0.000166,0.000822,-0.164179,-0.669122,0.447299,-2.958971,0.000115,0.000847,-0.164352
124.0800,-0.280802,0.257454,-3.802083,0.000166,0.000822,-0.164180,-0.669458,0.446815,-2.957740,0.000042,0.000737,-0.164250
124.1300,-0.280802,0.257454,-3.802083,0.000166,0.000822,-0.164180,-0.669958,0.446089,-2.958771,0.000175,0.000772,-0.164056
124.1820,-0.280802,0.257454,-3.802083,0.000166,0.000822,-0.164181,-0.670295,0.445605,-2.957528,0.000145,0.000897,-0.164232
124.2300,-0.280802,0.257454,-3.802083,0.000166,0.000822,-0.164181,-0.670795,0.444878,-2.958451,0.000358,0.000669,-0.163945
124.2800,-0.280802,0.257454,-3.802083,0.000166,0.000822,-0.164182,-0.671134,0.444394,-2.957225,0.000001,0.000731,-0.164174
124.3300,-0.280802,0.257454,-3.802083,0.000166,0.000822,-0.164183,-0.671636,0.443666,-2.958048,0.000258,0.000681,-0.164131
124.3800,-0.280802,0.257454,-3.802083,0.000166,0.000822,-0.164183,-0.671976,0.443182,-2.956862,0.000255,0.000956,-0.164173
124.4300,-0.280802,0.257454,-3.802083,0.000166,0.000822,-0.164184,-0.672480,0.442455,-2.957591,0.000278,0.000665,-0.164074
124.4800,-0.280803,0.257454,-3.802083,0.000166,0.000822,-0.164184,-0.643797,0.442801,-2.956462,0.000047,0.000677,-0.164156
124.5300,-0.280803,0.257454,-3.802083,0.000166,0.000822,-0.164185,-0.643028,0.442112,-2.957108,0.000205,0.000777,-0.164156
124.5800,-0.280803,0.257454,-3.802083,0.000166,0.000822,-0.164185,-0.642517,0.441654,-2.956045,0.000146,0.000910,-0.164201
124.6300,-0.280803,0.257454,-3.802083,0.000166,0.000822,-0.164186,-0.641750,0.440965,-2.956616,0.000236,0.000642,-0.164210
124.6800,-0.280803,0.257454,-3.802083,0.000166,0.000822,-0.164186,-0.641241,0.440506,-2.955626,0.000156,0.000901,-0.164413
124.7300,-0.280803,0.257454,-3.802083,0.000166,0.000822,-0.164187,-0.640475,0.439816,-2.956132,0.000067,0.000723,-0.163956
124.7800,-0.280803,0.257454,-3.802083,0.000166,0.000822,-0.164187,-0.639964,0.439357,-2.955218,0.000190,0.000806,-0.164253
124.8320,-0.280803,0.257454,-3.802083,0.000166,0.000822,-0.164187,-0.639196,0.438669,-2.955669,0.000107,0.000872,-0.164189
124.8800,-0.280803,0.257454,-3.802083,0.000166,0.000822,-0.164188,-0.638685,0.438211,-2.954831,0.000202,0.000659,-0.164170
124.9300,-0.280803,0.257454,-3.802083,0.000166,0.000822,-0.164188,-0.637917,0.437523,-2.955234,0.000182,0.000550,-0.164207
124.9800,-0.280803,0.257454,-3.802083,0.000166,0.000822,-0.164189,-0.637409,0.437063,-2.954471,0.000096,0.000835,-0.164250
125.0300,-0.280803,0.257454,-3.802083,0.000166,0.000822,-0.164189,-0.636647,0.436376,-2.954834,0.000341,0.000880,-0.164069
125.0800,-0.280803,0.257454,-3.802083,0.000166,0.000822,-0.164190,-0.636141,0.435918,-2.954142,-0.000001,0.000802,-0.164045
125.1300,-0.280803,0.257454,-3.802083,0.000166,0.000822,-0.164190,-0.635379,0.435231,-2.954473,0.000024,0.000789,-0.164171
125.1800,-0.280803,0.257454,-3.802083,0.000166,0.000822,-0.164191,-0.634874,0.434774,-2.953846,0.000386,0.000822,-0.164327
125.2300,-0.280803,0.257454,-3.802083,0.000166,0.000822,-0.164191,-0.634113,0.434085,-2.954152,0.000106,0.000787,-0.164174
125.2800,-0.280803,0.257454,-3.802083,0.000166,0.000822,-0.164191,-0.633607,0.433624,-2.953585,0.000157,0.000839,-0.164236
125.3300,-0.280803,0.257454,-3.802083,0.000166,0.000822,-0.164192,-0.632846,0.432932,-2.953871,0.000197,0.000821,-0.164213
125.3800,-0.280804,0.257454,-3.802083,0.000166,0.000822,-0.164192,-0.632340,0.432472,-2.953358,0.000144,0.000755,-0.164115
125.4300,-0.280804,0.257454,-3.802083,0.000166,0.000822,-0.164193,-0.631580,0.431781,-2.953630,0.000278,0.000732,-0.164143
125.4800,-0.280804,0.257454,-3.802083,0.000166,0.000822,-0.164193,-0.636269,0.441042,-2.953163,0.000196,0.000725,-0.164227
125.5300,-0.280804,0.257454,-3.802083,0.000166,0.000822,-0.164194,-0.635733,0.440776,-2.953424,0.000117,0.000954,-0.164155
125.5800,-0.280804,0.257454,-3.802083,0.000166,0.000822,-0.164194,-0.635375,0.440600,-2.953000,0.000087,0.000887,-0.164176
125.6300,-0.280804,0.257454,-3.802083,0.000166,0.000822,-0.164194,-0.634836,0.440335,-2.953255,0.000078,0.000780,-0.164262
125.6800,-0.280804,0.257454,-3.802083,0.000166,0.000822,-0.164195,-0.634477,0.440159,-2.952865,0.000199,0.000795,-0.164240
125.7320,-0.280804,0.257454,-3.802083,0.000166,0.000822,-0.164195,-0.633940,0.439892,-2.953116,0.000184,0.000949,-0.164110
125.7820,-0.280804,0.257454,-3.802083,0.000166,0.000822,-0.164195,-0.633583,0.439714,-2.952756,0.000070,0.000864,-0.164200
125.8300,-0.280804,0.257454,-3.802083,0.000166,0.000822,-0.164196,-0.633046,0.439447,-2.953006,0.000077,0.000839,-0.164422
125.8800,-0.280804,0.257454,-3.802083,0.000166,0.000822,-0.164196,-0.632688,0.439270,-2.952671,0.000203,0.000979,-0.164177
125.9300,-0.280804,0.257454,-3.802083,0.000166,0.000822,-0.164197,-0.632148,0.439002,-2.952922,0.000087,0.000873,-0.164271
125.9800,-0.280804,0.257454,-3.802083,0.000166,0.000822,-0.164197,-0.631787,0.438823,-2.952606,0.000219,0.000762,-0.164087
126.0300,-0.280804,0.257454,-3.802083,0.000166,0.000822,-0.164197,-0.631244,0.438554,-2.952859,0.000076,0.000583,-0.164286
126.0820,-0.280804,0.257454,-3.802083,0.000166,0.000822,-0.164198,-0.630883,0.438376,-2.952558,0.000049,0.000947,-0.164174
126.1300,-0.280804,0.257454,-3.802083,0.000166,0.000822,-0.164198,-0.630338,0.438111,-2.952815,0.000336,0.000917,-0.164214
126.1800,-0.280804,0.257454,-3.802083,0.000166,0.000822,-0.164198,-0.629975,0.437933,-2.952526,0.000192,0.000968,-0.164164
126.2300,-0.280804,0.257454,-3.802083,0.000166,0.000822,-0.164199,-0.629426,0.437665,-2.952786,0.000210,0.000855,-0.164532
126.2800,-0.280804,0.257454,-3.802083,0.000166,0.000822,-0.164199,-0.629060,0.437487,-2.952506,0.000291,0.000888,-0.164178
126.3300,-0.280804,0.257454,-3.802083,0.000166,0.000822,-0.164199,-0.628508,0.437219,-2.952771,0.000156,0.000818,-0.164216
126.3800,-0.280804,0.257454,-3.802083,0.000166,0.000822,-0.164200,-0.628141,0.437041,-2.952496,0.000143,0.000988,-0.164302
126.4300,-0.280805,0.257454,-3.802083,0.000166,0.000822,-0.164200,-0.627586,0.436773,-2.952766,0.000188,0.000754,-0.164216
126.4800,-0.280805,0.257454,-3.802083,0.000166,0.000822,-0.164200,-0.635720,0.442110,-2.952494,0.000272,0.000837,-0.164103
126.5300,-0.280805,0.257454,-3.802083,0.000166,0.000822,-0.164201,-0.635540,0.442081,-2.952768,0.000113,0.000714,-0.164297
126.5800,-0.280805,0.257454,-3.802083,0.000166,0.000822,-0.164201,-0.635422,0.442059,-2.952499,0.000415,0.001081,-0.164111
126.6300,-0.280805,0.257454,-3.802083,0.000166,0.000822,-0.164201,-0.635243,0.442024,-2.952778,0.000215,0.000941,-0.164027
126.6800,-0.280805,0.257454,-3.802083,0.000166,0.000822,-0.164202,-0.635124,0.441999,-2.952509,0.000159,0.000826,-0.164041
126.7300,-0.280805,0.257454,-3.802083,0.000166,0.000822,-0.164202,-0.634945,0.441961,-2.952792,0.000339,0.000915,-0.164022
126.7800,-0.280805,0.257454,-3.802083,0.000166,0.000822,-0.164202,-0.634828,0.441934,-2.952522,0.000212,0.000821,-0.164372
126.8300,-0.280805,0.257454,-3.802083,0.000166,0.000822,-0.164203,-0.634652,0.441891,-2.952809,-0.000025,0.000717,-0.164175
126.8800,-0.280805,0.257454,-3.802083,0.000166,0.000822,-0.164203,-0.634536,0.441865,-2.952537,0.000300,0.000873,-0.164344
126.9300,-0.280805,0.257454,-3.802083,0.000166,0.000822,-0.164203,-0.634362,0.441826,-2.952828,0.000186,0.000735,-0.164132
126.9800,-0.280805,0.257454,-3.802083,0.000166,0.000822,-0.164204,-0.634248,0.441801,-2.952554,0.000206,0.000791,-0.163986
127.0300,-0.280805,0.257454,-3.802083,0.000166,0.000822,-0.164204,-0.634075,0.441762,-2.952848,0.000284,0.000760,-0.164181
127.0800,-0.280805,0.257454,-3.802083,0.000166,0.000822,-0.164204,-0.633962,0.441735,-2.952571,0.000158,0.000816,-0.164254
127.1300,-0.280805,0.257454,-3.802083,0.000166,0.000822,-0.164205,-0.633790,0.441693,-2.952869,0.000170,0.000742,-0.164116
127.1800,-0.280805,0.257454,-3.802083,0.000166,0.000822,-0.164205,-0.633675,0.441665,-2.952588,0.000278,0.000813,-0.164133
127.2300,-0.280805,0.257454,-3.802083,0.000166,0.000822,-0.164205,-0.633501,0.441622,-2.952888,0.000310,0.000809,-0.164383
127.2800,-0.280805,0.257454,-3.802083,0.000166,0.000822,-0.164205,-0.633387,0.441594,-2.952605,0.000058,0.000752,-0.164235
127.3300,-0.280805,0.257454,-3.802083,0.000166,0.000822,-0.164206,-0.633216,0.441551,-2.952907,0.000079,0.000905,-0.164211
127.3800,-0.280805,0.257454,-3.802083,0.000166,0.000822,-0.164206,-0.633103,0.441524,-2.952621,0.000330,0.000796,-0.164157
127.4320,-0.280805,0.257454,-3.802083,0.000166,0.000822,-0.164206,-0.632930,0.441482,-2.952925,0.000079,0.000984,-0.164066
127.4800,-0.280805,0.257454,-3.802083,0.000166,0.000822,-0.164206,-0.636822,0.443020,-2.952635,-0.000007,0.000690,-0.164067
127.5300,-0.280805,0.257454,-3.802083,0.000166,0.000822,-0.164207,-0.636825,0.443052,-2.952941,0.000011,0.000784,-0.164256
127.5800,-0.280805,0.257454,-3.802083,0.000166,0.000822,-0.164207,-0.636828,0.443075,-2.952648,0.000169,0.000847,-0.164207
127.6320,-0.280805,0.257454,-3.802083,0.000166,0.000822,-0.164207,-0.636833,0.443108,-2.952955,0.000195,0.000870,-0.164237
127.6800,-0.280805,0.257454,-3.802083,0.000166,0.000822,-0.164208,-0.636836,0.443130,-2.952660,0.000279,0.000930,-0.164256
127.7300,-0.280805,0.257454,-3.802083,0.000166,0.000822,-0.164208,-0.636839,0.443162,-2.952968,0.000209,0.000980,-0.164178
127.7800,-0.280806,0.257454,-3.802083,0.000166,0.000822,-0.164208,-0.636842,0.443183,-2.952671,0.000253,0.000702,-0.164038
127.8300,-0.280806,0.257454,-3.802083,0.000166,0.000822,-0.164208,-0.636847,0.443211,-2.952979,0.000115,0.000812,-0.164113
127.8800,-0.280806,0.257454,-3.802083,0.000166,0.000822,-0.164209,-0.636853,0.443230,-2.952680,0.000110,0.000825,-0.164179
127.9300,-0.280806,0.257454,-3.802083,0.000166,0.000822,-0.164209,-0.636860,0.443258,-2.952989,0.000151,0.000880,-0.164292
127.9800,-0.280806,0.257454,-3.802083,0.000166,0.000822,-0.164209,-0.636864,0.443277,-2.952687,0.000205,0.000882,-0.164251
128.0300,-0.280806,0.257454,-3.802083,0.000166,0.000822,-0.164209,-0.636868,0.443303,-2.952997,0.000117,0.000758,-0.164112
128.0800,-0.280806,0.257454,-3.802083,0.000166,0.000822,-0.164210,-0.636872,0.443321,-2.952694,-0.000013,0.000830,-0.164260
128.1300,-0.280806,0.257454,-3.802083,0.000166,0.000822,-0.164210,-0.636877,0.443350,-2.953004,0.000262,0.000698,-0.164202
128.1800,-0.280806,0.257454,-3.802083,0.000166,0.000822,-0.164210,-0.636882,0.443369,-2.952699,0.000200,0.000719,-0.164188
128.2300,-0.280806,0.257454,-3.802083,0.000166,0.000822,-0.164210,-0.636890,0.443397,-2.953009,0.000038,0.000838,-0.164162
128.2800,-0.280806,0.257454,-3.802083,0.000166,0.000822,-0.164210,-0.636898,0.443417,-2.952703,0.000352,0.000881,-0.164285
128.3320,-0.280806,0.257454,-3.802083,0.000166,0.000822,-0.164211,-0.636907,0.443444,-2.953013,0.000169,0.001002,-0.164159
128.3820,-0.280806,0.257454,-3.802083,0.000166,0.000822,-0.164211,-0.636913,0.443463,-2.952707,0.000243,0.000792,-0.164140
128.4320,-0.280806,0.257454,-3.802083,0.000166,0.000822,-0.164211,-0.636921,0.443492,-2.953017,-0.000008,0.000740,-0.164168
128.4800,-0.280806,0.257454,-3.802083,0.000166,0.000822,-0.164211,-0.637589,0.443394,-2.952709,0.000060,0.000882,-0.164165
128.5300,-0.280806,0.257454,-3.802083,0.000166,0.000822,-0.164212,-0.637627,0.443418,-2.953019,0.000145,0.000786,-0.164115
128.5820,-0.280806,0.257454,-3.802083,0.000166,0.000822,-0.164212,-0.637653,0.443435,-2.952711,0.000153,0.000695,-0.164223
128.6300,-0.280806,0.257454,-3.802083,0.000166,0.000822,-0.164212,-0.637691,0.443458,-2.953021,0.000150,0.000771,-0.164270
128.6800,-0.280806,0.257454,-3.802083,0.000166,0.000822,-0.164212,-0.637716,0.443473,-2.952712,0.000053,0.000983,-0.164130
128.7300,-0.280806,0.257454,-3.802083,0.000166,0.000822,-0.164212,-0.637751,0.443497,-2.953022,0.000242,0.000716,-0.164120
128.7800,-0.280806,0.257454,-3.802083,0.000166,0.000822,-0.164213,-0.637775,0.443512,-2.952713,0.000188,0.001074,-0.164136
128.8300,-0.280806,0.257454,-3.802083,0.000166,0.000822,-0.164213,-0.637812,0.443533,-2.953022,0.000146,0.000810,-0.164342
128.8800,-0.280806,0.257454,-3.802083,0.000166,0.000822,-0.164213,-0.637836,0.443546,-2.952713,0.000257,0.000924,-0.163928
128.9300,-0.280806,0.257454,-3.802083,0.000166,0.000822,-0.164213,-0.637871,0.443565,-2.953022,0.000254,0.000826,-0.164356
128.9800,-0.280806,0.257454,-3.802083,0.000166,0.000822,-0.164213,-0.637895,0.443578,-2.952713,0.000265,0.000777,-0.164241
129.0300,-0.280806,0.257454,-3.802083,0.000166,0.000822,-0.164214,-0.637932,0.443594,-2.953022,0.000265,0.000763,-0.164205
129.0800,-0.280806,0.257454,-3.802083,0.000166,0.000822,-0.164214,-0.637959,0.443605,-2.952713,0.000131,0.000729,-0.164141
129.1300,-0.280806,0.257454,-3.802083,0.000166,0.000822,-0.164214,-0.637998,0.443620,-2.953022,-0.000018,0.001006,-0.164207
129.1800,-0.280806,0.257454,-3.802083,0.000166,0.000822,-0.164214,-0.638024,0.443632,-2.952713,0.000186,0.000876,-0.164347
129.2300,-0.280806,0.257454,-3.802083,0.000166,0.000822,-0.164214,-0.638061,0.443652,-2.953021,-0.000067,0.000842,-0.164103
129.2800,-0.280806,0.257454,-3.802083,0.000166,0.000822,-0.164215,-0.638085,0.443666,-2.952712,0.000162,0.000827,-0.164200
129.3300,-0.280806,0.257454,-3.802083,0.000166,0.000822,-0.164215,-0.638119,0.443686,-2.953020,0.000079,0.000798,-0.164145
129.3800,-0.280806,0.257454,-3.802083,0.000166,0.000822,-0.164215,-0.638143,0.443700,-2.952711,0.000253,0.000852,-0.164121
129.4300,-0.280806,0.257454,-3.802083,0.000166,0.000822,-0.164215,-0.638178,0.443720,-2.953020,0.000217,0.000849,-0.164068
129.4800,-0.280806,0.257454,-3.802083,0.000166,0.000822,-0.164215,-0.637812,0.443426,-2.952711,0.000171,0.000861,-0.164123
129.5300,-0.280806,0.257454,-3.802083,0.000166,0.000822,-0.164215,-0.637830,0.443431,-2.953019,0.000192,0.000914,-0.164192
129.5800,-0.280806,0.257454,-3.802083,0.000166,0.000822,-0.164216,-0.637842,0.443433,-2.952710,0.000202,0.000912,-0.164293
129.6300,-0.280806,0.257454,-3.802083,0.000166,0.000822,-0.164216,-0.637858,0.443436,-2.953018,0.000167,0.000965,-0.164100
129.6800,-0.280807,0.257454,-3.802083,0.000166,0.000822,-0.164216,-0.282842,0.175524,-3.757319,0.000157,0.000832,-0.164395
129.7300,-0.280807,0.257454,-3.802083,0.000166,0.000822,-0.164216,-0.264644,0.161803,-3.816395,0.000214,0.000878,-0.163951
129.7800,-0.280807,0.257454,-3.802083,0.000166,0.000822,-0.164216,-0.252531,0.152669,-3.820409,0.000167,0.000574,-0.164443
129.8300,-0.280807,0.257454,-3.802083,0.000166,0.000822,-0.164216,-0.234345,0.138949,-3.874465,0.000299,0.000655,-0.164407
129.8800,-0.280807,0.257454,-3.802083,0.000166,0.000822,-0.164217,-0.222287,0.129835,-3.851886,0.000137,0.000840,-0.164278
129.9300,-0.280807,0.257454,-3.802083,0.000166,0.000822,-0.164217,-0.204122,0.116130,-3.897464,0.000099,0.000910,-0.164171
129.9800,-0.280807,0.257454,-3.802083,0.000166,0.000822,-0.164217,-0.192152,0.107043,-3.839968,0.000290,0.000718,-0.164359
130.0300,-0.280807,0.257454,-3.802083,0.000166,0.000822,-0.164217,-0.174018,0.093352,-3.873814,0.000106,0.000901,-0.164025
130.0800,-0.280807,0.257454,-3.802083,0.000166,0.000822,-0.164217,-0.162147,0.084308,-3.781050,0.000091,0.000664,-0.164129
130.1300,-0.280807,0.257454,-3.802083,0.000166,0.000822,-0.164217,-0.144048,0.070632,-3.800994,0.000001,0.000896,-0.164345
130.1800,-0.280807,0.257454,-3.802083,0.000166,0.000822,-0.164218,-0.132264,0.061619,-3.682401,0.000235,0.000908,-0.164299
130.2300,-0.280807,0.257454,-3.802083,0.000166,0.000822,-0.164218,-0.114204,0.047953,-3.687965,0.000288,0.000976,-0.164286
130.2800,-0.280807,0.257454,-3.802083,0.000166,0.000822,-0.164218,-0.102480,0.038969,-3.559213,0.000147,0.000765,-0.164102
130.3300,-0.280807,0.257454,-3.802083,0.000166,0.000822,-0.164218,-0.084453,0.025318,-3.551578,0.000314,0.000685,-0.164206
130.3800,-0.280807,0.257454,-3.802083,0.000166,0.000822,-0.164218,-0.072740,0.016334,-3.428249,0.000096,0.000795,-0.164090
130.4300,-0.280807,0.257454,-3.802083,0.000166,0.000822,-0.164218,-0.054743,0.002698,-3.409709,0.000246,0.000986,-0.164305
130.4800,-0.280807,0.257454,-3.802083,0.000166,0.000822,-0.164219,-0.117331,-0.255395,-3.302722,0.000169,0.000993,-0.164231
130.5300,-0.280807,0.257454,-3.802083,0.000166,0.000822,-0.164219,-0.105432,-0.289369,-3.275998,0.000298,0.000760,-0.164116
130.5800,-0.280807,0.257454,-3.802083,0.000166,0.000822,-0.164219,-0.097591,-0.311983,-3.190513,0.000107,0.000994,-0.164083
130.6300,-0.280807,0.257454,-3.802083,0.000166,0.000822,-0.164219,-0.085696,-0.345950,-3.158237,0.000156,0.000995,-0.164266
130.6820,-0.280807,0.257454,-3.802083,0.000166,0.000822,-0.164219,-0.077827,-0.368574,-3.094973,0.000163,0.000839,-0.164341
130.7300,-0.280807,0.257454,-3.802083,0.000166,0.000822,-0.164219,-0.065938,-0.402539,-3.059417,0.000286,0.000891,-0.164241
130.7800,-0.280807,0.257454,-3.802083,0.000166,0.000822,-0.164219,-0.058043,-0.425173,-3.016498,0.000190,0.000785,-0.164136
130.8300,-0.280807,0.257454,-3.802083,0.000166,0.000822,-0.164219,-0.046156,-0.459139,-2.979496,0.000217,0.000781,-0.164007
130.8820,-0.280807,0.257454,-3.802083,0.000166,0.000822,-0.164220,-0.038232,-0.481782,-2.953950,0.000087,0.000810,-0.164316
130.9300,-0.280807,0.257454,-3.802083,0.000166,0.000822,-0.164220,-0.026346,-0.515748,-2.916919,0.000260,0.000811,-0.164194
130.9800,-0.280807,0.257454,-3.802083,0.000166,0.000822,-0.164220,-0.018400,-0.538405,-2.905562,0.000073,0.000792,-0.164428
131.0300,-0.280807,0.257454,-3.802083,0.000166,0.000822,-0.164220,-0.006512,-0.572372,-2.869570,0.000140,0.000904,-0.164313
131.0800,-0.280807,0.257454,-3.802083,0.000166,0.000822,-0.164220,0.001469,-0.595034,-2.869433,0.000204,0.000856,-0.164269
131.1300,-0.280807,0.257454,-3.802083,0.000166,0.000822,-0.164220,0.013363,-0.629001,-2.835259,0.000014,0.000847,-0.164160
131.1800,-0.280807,0.257454,-3.802083,0.000166,0.000822,-0.164220,0.021366,-0.651668,-2.843743,0.000073,0.000860,-0.164148
131.2300,-0.280807,0.257454,-3.802083,0.000166,0.000822,-0.164221,0.033274,-0.685636,-2.811940,-0.000045,0.000821,-0.164209
131.2800,-0.280807,0.257454,-3.802083,0.000166,0.000822,-0.164221,0.041302,-0.708309,-2.826832,0.000109,0.000648,-0.164061
131.3300,-0.280807,0.257454,-3.802083,0.000166,0.000822,-0.164221,0.053209,-0.742275,-2.797752,0.000184,0.000834,-0.164251
131.3800,-0.280807,0.257454,-3.802083,0.000166,0.000822,-0.164221,0.061237,-0.764950,-2.817199,0.000189,0.000837,-0.164341
131.4320,-0.280807,0.257454,-3.802083,0.000166,0.000822,-0.164221,0.073151,-0.798922,-2.791064,0.000152,0.000852,-0.164255
131.4800,-0.280807,0.257454,-3.802083,0.000166,0.000822,-0.164221,-0.243601,-0.465173,-2.813493,0.000092,0.000781,-0.164258
131.5300,-0.280807,0.257454,-3.802083,0.000166,0.000822,-0.164221,-0.246470,-0.482913,-2.790380,0.000034,0.000678,-0.164185
131.5800,-0.280807,0.257454,-3.802083,0.000166,0.000822,-0.164221,-0.248356,-0.494750,-2.814556,0.000242,0.000675,-0.164161
131.6300,-0.280807,0.257454,-3.802083,0.000166,0.000822,-0.164221,-0.251224,-0.512493,-2.794457,0.000198,0.000807,-0.164209
131.6800,-0.280807,0.257454,-3.802083,0.000166,0.000822,-0.164222,-0.253104,-0.524335,-2.819301,0.000082,0.000856,-0.164277
131.7300,-0.280807,0.257454,-3.802083,0.000166,0.000822,-0.164222,-0.255966,-0.542078,-2.802122,0.000094,0.000975,-0.164339
131.7800,-0.280807,0.257454,-3.802083,0.000166,0.000822,-0.164222,-0.257830,-0.553924,-2.826788,0.000208,0.000777,-0.163993
131.8320,-0.280807,0.257454,-3.802083,0.000166,0.000822,-0.164222,-0.260683,-0.571670,-2.812376,0.000095,0.000808,-0.164065
131.8800,-0.280807,0.257454,-3.802083,0.000166,0.000822,-0.164222,-0.262539,-0.583517,-2.836201,-0.000009,0.000868,-0.163971
131.9300,-0.280807,0.257454,-3.802083,0.000166,0.000822,-0.164222,-0.265389,-0.601261,-2.824356,0.000181,0.000703,-0.164324
131.9800,-0.280807,0.257454,-3.802083,0.000166,0.000822,-0.164222,-0.267243,-0.613108,-2.846843,0.000164,0.000648,-0.164138
132.0300,-0.280807,0.257454,-3.802083,0.000166,0.000822,-0.164222,-0.270092,-0.630854,-2.837340,0.000196,0.000845,-0.164097
132.0800,-0.280807,0.257454,-3.802083,0.000166,0.000822,-0.164222,-0.271940,-0.642706,-2.858135,0.000171,0.000831,-0.164148
132.1300,-0.280807,0.257454,-3.802083,0.000166,0.000822,-0.164223,-0.274785,-0.660457,-2.850729,0.000062,0.000868,-0.164106
132.1800,-0.280807,0.257454,-3.802083,0.000166,0.000822,-0.164223,-0.276634,-0.672307,-2.869602,0.000228,0.000779,-0.164066
132.2300,-0.280807,0.257454,-3.802083,0.000166,0.000822,-0.164223,-0.279475,-0.690058,-2.864042,0.000028,0.000905,-0.164268
132.2800,-0.280807,0.257454,-3.802083,0.000166,0.000822,-0.164223,-0.281322,-0.701909,-2.880871,0.000056,0.000989,-0.164374
132.3300,-0.280807,0.257454,-3.802083,0.000166,0.000822,-0.164223,-0.284157,-0.719660,-2.876909,0.000058,0.000777,-0.164186
132.3800,-0.280807,0.257454,-3.802083,0.000166,0.000822,-0.164223,-0.286002,-0.731510,-2.891660,0.000196,0.000781,-0.164170
132.4300,-0.280807,0.257454,-3.802083,0.000166,0.000822,-0.164223,-0.288835,-0.749261,-2.889056,-0.000086,0.000786,-0.164132
132.4800,-0.280807,0.257454,-3.802083,0.000166,0.000822,-0.164223,-0.120375,0.084024,-2.901758,0.000127,0.000866,-0.164237
132.5300,-0.280807,0.257454,-3.802083,0.000166,0.000822,-0.164223,-0.115849,0.102759,-2.900290,0.000259,0.000963,-0.164152
132.5800,-0.280807,0.257454,-3.802083,0.000166,0.000822,-0.164223,-0.112824,0.115247,-2.911037,0.000209,0.000635,-0.164151
132.6300,-0.280807,0.257454,-3.802083,0.000166,0.000822,-0.164224,-0.108300,0.133982,-2.910496,0.000050,0.000608,-0.164287
132.6800,-0.280807,0.257454,-3.802083,0.000166,0.000822,-0.164224,-0.105277,0.146468,-2.919409,0.000113,0.000673,-0.164313
132.7300,-0.280807,0.257454,-3.802083,0.000166,0.000822,-0.164224,-0.100757,0.165203,-2.919612,0.000318,0.000813,-0.164143
132.7800,-0.280807,0.257454,-3.802083,0.000166,0.000822,-0.164224,-0.097734,0.177687,-2.926837,0.000214,0.000991,-0.164149
132.8300,-0.280807,0.257454,-3.802083,0.000166,0.000822,-0.164224,-0.093210,0.196418,-2.927617,0.000329,0.000888,-0.164391
132.8800,-0.280808,0.257454,-3.802083,0.000166,0.000822,-0.164224,-0.090184,0.208899,-2.933323,0.000071,0.000883,-0.164286
132.9300,-0.280808,0.257454,-3.802083,0.000166,0.000822,-0.164224,-0.085655,0.227626,-2.934537,0.000035,0.000795,-0.164204
132.9800,-0.280808,0.257454,-3.802083,0.000166,0.000822,-0.164224,-0.082629,0.240109,-2.938894,0.000273,0.000726,-0.164192
133.0300,-0.280808,0.257454,-3.802083,0.000166,0.000822,-0.164224,-0.078099,0.258834,-2.940412,0.000157,0.000867,-0.164298
133.0800,-0.280808,0.257454,-3.802083,0.000166,0.000822,-0.164224,-0.075075,0.271313,-2.943594,0.000126,0.000671,-0.164262
133.1300,-0.280808,0.257454,-3.802083,0.000166,0.000822,-0.164224,-0.070546,0.290039,-2.945320,-0.000005,0.000776,-0.164155
133.1820,-0.280808,0.257454,-3.802083,0.000166,0.000822,-0.164224,-0.067526,0.302524,-2.947492,0.000024,0.000790,-0.164260
133.2300,-0.280808,0.257454,-3.802083,0.000166,0.000822,-0.164225,-0.062998,0.321256,-2.949334,0.000361,0.000736,-0.164429
133.2800,-0.280808,0.257454,-3.802083,0.000166,0.000822,-0.164225,-0.059980,0.333744,-2.950651,-0.000026,0.000813,-0.164310
133.3300,-0.280808,0.257454,-3.802083,0.000166,0.000822,-0.164225,-0.055451,0.352475,-2.952539,0.000299,0.000907,-0.164278
133.3800,-0.280808,0.257454,-3.802083,0.000166,0.000822,-0.164225,-0.052433,0.364963,-2.953152,0.000146,0.000891,-0.164181
133.4300,-0.280808,0.257454,-3.802083,0.000166,0.000822,-0.164225,-0.047906,0.383693,-2.955028,0.000095,0.000723,-0.164307
133.4800,-0.280808,0.257454,-3.802083,0.000166,0.000822,-0.164225,0.190624,-0.006886,-2.955091,0.000185,0.000858,-0.164373
133.5300,-0.280808,0.257454,-3.802083,0.000166,0.000822,-0.164225,0.205498,-0.005869,-2.956918,0.000120,0.000681,-0.164335
133.5800,-0.280808,0.257454,-3.802083,0.000166,0.000822,-0.164225,0.215412,-0.005191,-2.956505,0.000033,0.000881,-0.164120
133.6300,-0.280808,0.257454,-3.802083,0.000166,0.000822,-0.164225,0.230287,-0.004169,-2.958248,0.000192,0.000796,-0.163962
133.6820,-0.280808,0.257454,-3.802083,0.000166,0.000822,-0.164225,0.240204,-0.003487,-2.957490,0.000153,0.001068,-0.164276
133.7300,-0.280808,0.257454,-3.802083,0.000166,0.000822,-0.164225,0.255082,-0.002466,-2.959124,0.000259,0.000824,-0.164316
133.7800,-0.280808,0.257454,-3.802083,0.000166,0.000822,-0.164225,0.264998,-0.001785,-2.958112,0.000151,0.000875,-0.164275
133.8300,-0.280808,0.257454,-3.802083,0.000166,0.000822,-0.164226,0.279874,-0.000764,-2.959625,0.000057,0.000868,-0.164083
133.8800,-0.280808,0.257454,-3.802083,0.000166,0.000822,-0.164226,0.289787,-0.000081,-2.958437,0.000225,0.000873,-0.164197
133.9300,-0.280808,0.257454,-3.802083,0.000166,0.000822,-0.164226,0.304664,0.000937,-2.959823,0.000182,0.000992,-0.164283
133.9800,-0.280808,0.257454,-3.802083,0.000166,0.000822,-0.164226,0.314577,0.001617,-2.958525,0.000033,0.001013,-0.164232
134.0320,-0.280808,0.257454,-3.802083,0.000166,0.000822,-0.164226,0.329456,0.002636,-2.959782,0.000033,0.000749,-0.164193
134.0800,-0.280808,0.257454,-3.802083,0.000166,0.000822,-0.164226,0.339371,0.003318,-2.958424,0.000268,0.000657,-0.164285
134.1300,-0.280808,0.257454,-3.802083,0.000166,0.000822,-0.164226,0.354243,0.004336,-2.959551,0.000254,0.000640,-0.164261
134.1800,-0.280808,0.257454,-3.802083,0.000166,0.000822,-0.164226,0.364152,0.005018,-2.958180,0.000281,0.000888,-0.164260
134.2300,-0.280808,0.257454,-3.802083,0.000166,0.000822,-0.164226,0.379022,0.006037,-2.959188,0.000156,0.000645,-0.164324
134.2800,-0.280808,0.257454,-3.802083,0.000166,0.000822,-0.164226,0.388930,0.006719,-2.957837,0.000260,0.000723,-0.164314
134.3300,-0.280808,0.257454,-3.802083,0.000166,0.000822,-0.164226,0.403799,0.007741,-2.958730,0.000264,0.000902,-0.164071
134.3800,-0.280808,0.257454,-3.802083,0.000166,0.000822,-0.164226,0.413708,0.008425,-2.957424,-0.000077,0.000779,-0.164206
134.4300,-0.280808,0.257454,-3.802083,0.000166,0.000822,-0.164226,0.428578,0.009451,-2.958211,0.000127,0.000846,-0.164150
134.4800,-0.280808,0.257454,-3.802083,0.000166,0.000822,-0.164226,-0.359057,0.099776,-2.956928,0.000204,0.000823,-0.164175
134.5300,-0.280808,0.257454,-3.802083,0.000166,0.000822,-0.164226,-0.379246,0.104740,-2.957615,0.000133,0.000756,-0.164142
134.5800,-0.280808,0.257454,-3.802083,0.000166,0.000822,-0.164227,-0.392708,0.108051,-2.956457,0.000244,0.000758,-0.164215
134.6300,-0.280808,0.257454,-3.802083,0.000166,0.000822,-0.164227,-0.412899,0.113016,-2.957063,0.000261,0.000815,-0.164050
134.6800,-0.280808,0.257454,-3.802083,0.000166,0.000822,-0.164227,-0.426363,0.116327,-2.955987,0.000383,0.000954,-0.164174
134.7300,-0.280808,0.257454,-3.802083,0.000166,0.000822,-0.164227,-0.446555,0.121292,-2.956516,0.000084,0.000866,-0.164109
134.7800,-0.280808,0.257454,-3.802083,0.000166,0.000822,-0.164227,-0.460017,0.124603,-2.955526,0.000197,0.000714,-0.164361
134.8300,-0.280808,0.257454,-3.802083,0.000166,0.000822,-0.164227,-0.480209,0.129573,-2.955996,0.000277,0.000826,-0.164322
134.8800,-0.280808,0.257454,-3.802083,0.000166,0.000822,-0.164227,-0.493674,0.132888,-2.955093,0.000249,0.000681,-0.164202
134.9300,-0.280808,0.257454,-3.802083,0.000166,0.000822,-0.164227,-0.513871,0.137856,-2.955507,0.000276,0.000758,-0.164129
134.9800,-0.280808,0.257454,-3.802083,0.000166,0.000822,-0.164227,-0.527338,0.141166,-2.954687,0.000189,0.000780,-0.164145
135.0300,-0.280808,0.257454,-3.802083,0.000166,0.000822,-0.164227,-0.547535,0.146133,-2.955057,0.000130,0.000815,-0.164158
135.0800,-0.280808,0.257454,-3.802083,0.000166,0.000822,-0.164227,-0.561002,0.149445,-2.954317,0.000349,0.000942,-0.164281
135.1300,-0.280808,0.257454,-3.802083,0.000166,0.000822,-0.164227,-0.581199,0.154411,-2.954649,0.000134,0.000705,-0.164396
135.1800,-0.280808,0.257454,-3.802083,0.000166,0.000822,-0.164227,-0.594666,0.157722,-2.953984,0.000251,0.000901,-0.164247
135.2300,-0.280808,0.257454,-3.802083,0.000166,0.000822,-0.164227,-0.614862,0.162686,-2.954288,0.000145,0.000922,-0.163996
135.2800,-0.280808,0.257454,-3.802083,0.000166,0.000822,-0.164227,-0.628328,0.165995,-2.953688,0.000199,0.000809,-0.164271
135.3320,-0.280808,0.257454,-3.802083,0.000166,0.000822,-0.164227,-0.648524,0.170957,-2.953973,0.000069,0.000759,-0.164338
135.3800,-0.280808,0.257454,-3.802083,0.000166,0.000822,-0.164227,-0.661991,0.174265,-2.953435,0.000047,0.001049,-0.164234
135.4300,-0.280808,0.257454,-3.802083,0.000166,0.000822,-0.164227,-0.682188,0.179225,-2.953700,0.000325,0.000816,-0.164201
135.4800,-0.280808,0.257454,-3.802083,0.000166,0.000822,-0.164228,-0.678260,1.080321,-2.953194,0.000203,0.000916,-0.164391
135.5300,-0.280808,0.257454,-3.802083,0.000166,0.000822,-0.164228,-0.697692,1.124713,-2.953443,0.000167,0.000804,-0.164246
135.5800,-0.280808,0.257454,-3.802083,0.000166,0.000822,-0.164228,-0.710647,1.154308,-2.953010,0.000255,0.000808,-0.164225
135.6300,-0.280808,0.257454,-3.802083,0.000166,0.000822,-0.164228,-0.730084,1.198697,-2.953257,0.000142,0.000964,-0.164220
135.6800,-0.280808,0.257454,-3.802083,0.000166,0.000822,-0.164228,-0.743042,1.228289,-2.952859,0.000152,0.000939,-0.164165
135.7300,-0.280808,0.257454,-3.802083,0.000166,0.000822,-0.164228,-0.762472,1.272676,-2.953098,0.000332,0.000804,-0.164319
135.7800,-0.280808,0.257454,-3.802083,0.000166,0.000822,-0.164228,-0.775427,1.302264,-2.952736,0.000178,0.000580,-0.164303
135.8300,-0.280808,0.257454,-3.802083,0.000166,0.000822,-0.164228,-0.794858,1.346647,-2.952980,0.000131,0.000825,-0.164269
135.8800,-0.280808,0.257454,-3.802083,0.000166,0.000822,-0.164228,-0.807816,1.376234,-2.952647,0.000207,0.000936,-0.164338
135.9300,-0.280808,0.257454,-3.802083,0.000166,0.000822,-0.164228,-0.827251,1.420614,-2.952887,0.000273,0.000909,-0.164090
135.9800,-0.280808,0.257454,-3.802083,0.000166,0.000822,-0.164228,-0.840209,1.450200,-2.952573,0.000145,0.000892,-0.164354
136.0300,-0.280808,0.257454,-3.802083,0.000166,0.000822,-0.164228,-0.859639,1.494578,-2.952820,0.000149,0.000859,-0.164069
136.0800,-0.280808,0.257454,-3.802083,0.000166,0.000822,-0.164228,-0.872596,1.524163,-2.952524,0.000036,0.000718,-0.164382
136.1300,-0.280808,0.257454,-3.802083,0.000166,0.000822,-0.164228,-0.892025,1.568542,-2.952777,0.000181,0.000691,-0.164202
136.1800,-0.280808,0.257454,-3.802083,0.000166,0.000822,-0.164228,-0.904979,1.598129,-2.952494,0.000239,0.000843,-0.164029
136.2300,-0.280808,0.257454,-3.802083,0.000166,0.000822,-0.164228,-0.924411,1.642508,-2.952749,0.000265,0.000773,-0.164178
136.2820,-0.280808,0.257454,-3.802083,0.000166,0.000822,-0.164228,-0.937365,1.672093,-2.952472,-0.000010,0.000895,-0.164181
136.3300,-0.280808,0.257454,-3.802083,0.000166,0.000822,-0.164228,-0.956789,1.716473,-2.952734,0.000205,0.000869,-0.164270
136.3800,-0.280808,0.257454,-3.802083,0.000166,0.000822,-0.164228,-0.969737,1.746061,-2.952465,0.000150,0.000545,-0.164174
136.4300,-0.280808,0.257454,-3.802083,0.000166,0.000822,-0.164228,-0.989162,1.790442,-2.952738,0.000031,0.000789,-0.164467
136.4800,-0.280808,0.257454,-3.802083,0.000166,0.000822,-0.164228,0.162079,-0.147367,-2.952554,0.000071,0.000662,-0.164285
136.5300,-0.280808,0.257454,-3.802083,0.000166,0.000822,-0.164229,0.193784,-0.189397,-2.952833,0.000114,0.000830,-0.164221
136.5800,-0.280808,0.257454,-3.802083,0.000166,0.000822,-0.164229,0.214920,-0.217417,-2.952551,0.000213,0.000901,-0.164324
136.6300,-0.280808,0.257454,-3.802083,0.000166,0.000822,-0.164229,0.246623,-0.259448,-2.952838,0.000197,0.000852,-0.164293
136.6800,-0.280808,0.257454,-3.802083,0.000166,0.000822,-0.164229,0.267757,-0.287471,-2.952557,0.000341,0.000876,-0.164269
136.7300,-0.280808,0.257454,-3.802083,0.000166,0.000822,-0.164229,0.299462,-0.329504,-2.952844,0.000100,0.000721,-0.164159
136.7820,-0.280808,0.257454,-3.802083,0.000166,0.000822,-0.164229,0.320596,-0.357525,-2.952563,0.000073,0.000682,-0.164128
136.8300,-0.280808,0.257454,-3.802083,0.000166,0.000822,-0.164229,0.352297,-0.399556,-2.952846,0.000315,0.000756,-0.164255
136.8800,-0.280808,0.257454,-3.802083,0.000166,0.000822,-0.164229,0.373428,-0.427575,-2.952570,0.000336,0.000953,-0.164178
136.9300,-0.280808,0.257454,-3.802083,0.000166,0.000822,-0.164229,0.405131,-0.469606,-2.952869,0.000142,0.001006,-0.164217
136.9800,-0.280808,0.257454,-3.802083,0.000166,0.000822,-0.164229,0.426266,-0.497628,-2.952587,0.000259,0.000918,-0.164235
137.0300,-0.280808,0.257454,-3.802083,0.000166,0.000822,-0.164229,0.457969,-0.539663,-2.952888,0.000127,0.000866,-0.164261
137.0800,-0.280808,0.257454,-3.802083,0.000166,0.000822,-0.164229,0.479107,-0.567685,-2.952602,0.000114,0.000880,-0.164275
137.1300,-0.280808,0.257454,-3.802083,0.000166,0.000822,-0.164229,0.510812,-0.609718,-2.952896,0.000056,0.000816,-0.164093
137.1800,-0.280808,0.257454,-3.802083,0.000166,0.000822,-0.164229,0.531952,-0.637734,-2.952608,0.000198,0.000770,-0.164269
137.2300,-0.280808,0.257454,-3.802083,0.000166,0.000822,-0.164229,0.563659,-0.679762,-2.952909,0.000205,0.000856,-0.164286
137.2800,-0.280808,0.257454,-3.802083,0.000166,0.000822,-0.164229,0.584793,-0.707783,-2.952623,0.000135,0.000885,-0.164190
137.3300,-0.280808,0.257454,-3.802083,0.000166,0.000822,-0.164229,0.616496,-0.749817,-2.952928,0.000141,0.000913,-0.164375
137.3800,-0.280808,0.257454,-3.802083,0.000166,0.000822,-0.164229,0.637631,-0.777839,-2.952638,0.000272,0.001127,-0.164431
137.4300,-0.280808,0.257454,-3.802083,0.000166,0.000822,-0.164229,0.669338,-0.819875,-2.952949,0.000277,0.000779,-0.164421
137.4800,-0.280808,0.257454,-3.802083,0.000166,0.000822,-0.164229,-0.104323,0.248702,-2.952583,0.000197,0.000843,-0.164281
137.5320,-0.280808,0.257454,-3.802083,0.000166,0.000822,-0.164229,-0.107522,0.254834,-2.952881,0.000445,0.000606,-0.164099
137.5800,-0.280808,0.257454,-3.802083,0.000166,0.000822,-0.164229,-0.109656,0.258920,-2.952599,0.000074,0.000913,-0.164073
137.6300,-0.280808,0.257454,-3.802083,0.000166,0.000822,-0.164229,-0.112854,0.265050,-2.952899,0.000212,0.000704,-0.164277
137.6820,-0.280808,0.257454,-3.802083,0.000166,0.000822,-0.164229,-0.114987,0.269138,-2.952614,0.000247,0.000967,-0.164311
137.7300,-0.280808,0.257454,-3.802083,0.000166,0.000822,-0.164229,-0.118182,0.275267,-2.952916,0.000084,0.000823,-0.164223
137.7800,-0.280808,0.257454,-3.802083,0.000166,0.000822,-0.164229,-0.120313,0.279353,-2.952628,0.000095,0.000656,-0.164120
137.8320,-0.280808,0.257454,-3.802083,0.000166,0.000822,-0.164229,-0.123513,0.285484,-2.952933,0.000387,0.000821,-0.164444
137.8800,-0.280808,0.257454,-3.802083,0.000166,0.000822,-0.164229,-0.125646,0.289572,-2.952641,0.000262,0.000958,-0.164230
137.9300,-0.280808,0.257454,-3.802083,0.000166,0.000822,-0.164230,-0.128845,0.295701,-2.952947,0.000254,0.000798,-0.164184
137.9800,-0.280808,0.257454,-3.802083,0.000166,0.000822,-0.164230,-0.130980,0.299786,-2.952653,0.000238,0.000784,-0.164538
138.0300,-0.280808,0.257454,-3.802083,0.000166,0.000822,-0.164230,-0.134179,0.305913,-2.952960,0.000092,0.000693,-0.164311
138.0800,-0.280808,0.257454,-3.802083,0.000166,0.000822,-0.164230,-0.136313,0.309998,-2.952664,0.000171,0.000783,-0.164308
138.1300,-0.280808,0.257454,-3.802083,0.000166,0.000822,-0.164230,-0.139513,0.316125,-2.952971,0.000225,0.000810,-0.164241
138.1800,-0.280808,0.257454,-3.802083,0.000166,0.000822,-0.164230,-0.141646,0.320209,-2.952673,0.000237,0.000888,-0.164090
138.2300,-0.280808,0.257454,-3.802083,0.000166,0.000822,-0.164230,-0.144845,0.326332,-2.952981,0.000242,0.000889,-0.164306
138.2800,-0.280808,0.257454,-3.802083,0.000166,0.000822,-0.164230,-0.146978,0.330414,-2.952681,0.000083,0.000796,-0.164105
138.3300,-0.280808,0.257454,-3.802083,0.000166,0.000822,-0.164230,-0.150176,0.336537,-2.952991,0.000092,0.000892,-0.164257
138.3800,-0.280808,0.257454,-3.802083,0.000166,0.000822,-0.164230,-0.152309,0.340621,-2.952689,0.000286,0.000823,-0.164070
138.4300,-0.280808,0.257454,-3.802083,0.000166,0.000822,-0.164230,-0.155509,0.346743,-2.952998,0.000229,0.000674,-0.164026
138.4800,-0.280808,0.257454,-3.802083,0.000166,0.000822,-0.164230,0.055980,-0.007435,-2.952713,0.000251,0.000791,-0.164343
138.5300,-0.280808,0.257454,-3.802083,0.000166,0.000822,-0.164230,0.062164,-0.017050,-2.953025,0.000149,0.000820,-0.164397
138.5800,-0.280808,0.257454,-3.802083,0.000166,0.000822,-0.164230,0.066288,-0.023460,-2.952716,0.000033,0.000949,-0.164466
138.6300,-0.280808,0.257454,-3.802083,0.000166,0.000822,-0.164230,0.072474,-0.033076,-2.953027,0.000136,0.000645,-0.164211
138.6800,-0.280808,0.257454,-3.802083,0.000166,0.000822,-0.164230,0.076598,-0.039486,-2.952718,0.000293,0.000870,-0.164263
138.7300,-0.280808,0.257454,-3.802083,0.000166,0.000822,-0.164230,0.082783,-0.049102,-2.953029,0.000139,0.000771,-0.164422
138.7800,-0.280808,0.257454,-3.802083,0.000166,0.000822,-0.164230,0.086905,-0.055512,-2.952719,0.000059,0.000703,-0.164155
138.8300,-0.280808,0.257454,-3.802083,0.000166,0.000822,-0.164230,0.093088,-0.065128,-2.953029,0.000205,0.000843,-0.164284
138.8800,-0.280808,0.257454,-3.802083,0.000166,0.000822,-0.164230,0.097209,-0.071538,-2.952720,0.000153,0.000820,-0.164072
138.9300,-0.280808,0.257454,-3.802083,0.000166,0.000822,-0.164230,0.103391,-0.081154,-2.953029,0.000214,0.000672,-0.164058
138.9800,-0.280808,0.257454,-3.802083,0.000166,0.000822,-0.164230,0.107510,-0.087564,-2.952719,0.000203,0.000948,-0.164380
139.0300,-0.280808,0.257454,-3.802083,0.000166,0.000822,-0.164230,0.113690,-0.097179,-2.953028,0.000213,0.000848,-0.164204
139.0800,-0.280808,0.257454,-3.802083,0.000166,0.000822,-0.164230,0.117809,-0.103588,-2.952719,0.000235,0.000801,-0.164306
139.1320,-0.280808,0.257454,-3.802083,0.000166,0.000822,-0.164230,0.123990,-0.113205,-2.953029,0.000255,0.000894,-0.164195
139.1800,-0.280808,0.257454,-3.802083,0.000166,0.000822,-0.164230,0.128109,-0.119618,-2.952719,0.000186,0.000780,-0.164281
139.2300,-0.280808,0.257454,-3.802083,0.000166,0.000822,-0.164230,0.134288,-0.129237,-2.953028,0.000353,0.000775,-0.164046
139.2800,-0.280808,0.257454,-3.802083,0.000166,0.000822,-0.164230,0.138406,-0.135650,-2.952718,0.000206,0.000938,-0.164300
139.3300,-0.280808,0.257454,-3.802083,0.000166,0.000822,-0.164230,0.144585,-0.145271,-2.953027,0.000221,0.000648,-0.164109
139.3800,-0.280808,0.257454,-3.802083,0.000166,0.000822,-0.164230,0.148703,-0.151685,-2.952717,0.000430,0.000889,-0.164255
139.4300,-0.280808,0.257454,-3.802083,0.000166,0.000822,-0.164230,0.154880,-0.161309,-2.953026,0.000119,0.000933,-0.164275
139.4820,-0.280808,0.257454,-3.802083,0.000166,0.000822,-0.164230,0.337424,0.975388,-2.952698,0.000102,0.000910,-0.164337
139.5300,-0.280808,0.257454,-3.802083,0.000166,0.000822,-0.164230,0.351440,1.015974,-2.953009,0.000220,0.000816,-0.164217
139.5820,-0.280808,0.257454,-3.802083,0.000166,0.000822,-0.164230,0.360782,1.043033,-2.952702,0.000173,0.000693,-0.164178
139.6300,-0.280808,0.257454,-3.802083,0.000166,0.000822,-0.164230,0.374795,1.083622,-2.953010,0.000092,0.000784,-0.164304
